run_id,model_name,dataset,fraction,seed,regime,curve,x,x_norm,top1,top5,macro_f1
resnet50_caltech256_f100_s0_fullft,resnet50,caltech256,100,0,fullft,corruption:gaussian_noise,1.0,1.0,0.8104838709677419,0.9338037634408602,0.7980769092487936
resnet50_caltech256_f100_s0_fullft,resnet50,caltech256,100,0,fullft,corruption:gaussian_noise,2.0,2.0,0.7316868279569892,0.8876008064516129,0.7196396609543323
resnet50_caltech256_f100_s0_fullft,resnet50,caltech256,100,0,fullft,corruption:gaussian_noise,3.0,3.0,0.5954301075268817,0.7904905913978495,0.59285622821652
resnet50_caltech256_f100_s0_fullft,resnet50,caltech256,100,0,fullft,corruption:gaussian_noise,4.0,4.0,0.3949932795698925,0.6050067204301075,0.40338533260563325
resnet50_caltech256_f100_s0_fullft,resnet50,caltech256,100,0,fullft,corruption:gaussian_noise,5.0,5.0,0.1821236559139785,0.3550067204301075,0.18855530949053526
resnet50_caltech256_f100_s0_fullft,resnet50,caltech256,100,0,fullft,corruption:gaussian_blur,1.0,1.0,0.8644153225806451,0.9564852150537635,0.8526604864640603
resnet50_caltech256_f100_s0_fullft,resnet50,caltech256,100,0,fullft,corruption:gaussian_blur,2.0,2.0,0.7631048387096774,0.907258064516129,0.7538471566824692
resnet50_caltech256_f100_s0_fullft,resnet50,caltech256,100,0,fullft,corruption:gaussian_blur,3.0,3.0,0.6127352150537635,0.8145161290322581,0.6046933278249387
resnet50_caltech256_f100_s0_fullft,resnet50,caltech256,100,0,fullft,corruption:gaussian_blur,4.0,4.0,0.4669018817204301,0.6895161290322581,0.45702965651025995
resnet50_caltech256_f100_s0_fullft,resnet50,caltech256,100,0,fullft,corruption:gaussian_blur,5.0,5.0,0.24949596774193547,0.46001344086021506,0.23662658768312217
resnet50_caltech256_f100_s0_fullft,resnet50,caltech256,100,0,fullft,corruption:jpeg,1.0,1.0,0.854502688172043,0.9581653225806451,0.8417007574220554
resnet50_caltech256_f100_s0_fullft,resnet50,caltech256,100,0,fullft,corruption:jpeg,2.0,2.0,0.8382056451612904,0.9504368279569892,0.8241744275177783
resnet50_caltech256_f100_s0_fullft,resnet50,caltech256,100,0,fullft,corruption:jpeg,3.0,3.0,0.8205645161290323,0.9422043010752689,0.8052718423170347
resnet50_caltech256_f100_s0_fullft,resnet50,caltech256,100,0,fullft,corruption:jpeg,4.0,4.0,0.7748655913978495,0.9144825268817204,0.7562439642224599
resnet50_caltech256_f100_s0_fullft,resnet50,caltech256,100,0,fullft,corruption:jpeg,5.0,5.0,0.7016129032258065,0.864247311827957,0.6848870552097467
resnet50_caltech256_f100_s0_fullft,resnet50,caltech256,100,0,fullft,frequency:lowpass,4.0,0.03571428571428571,0.025201612903225805,0.08030913978494623,0.014584637100703367
resnet50_caltech256_f100_s0_fullft,resnet50,caltech256,100,0,fullft,frequency:lowpass,8.0,0.07142857142857142,0.11407930107526881,0.2560483870967742,0.10103785807639307
resnet50_caltech256_f100_s0_fullft,resnet50,caltech256,100,0,fullft,frequency:lowpass,12.0,0.10714285714285714,0.2718413978494624,0.4862231182795699,0.26327238022989236
resnet50_caltech256_f100_s0_fullft,resnet50,caltech256,100,0,fullft,frequency:lowpass,16.0,0.14285714285714285,0.4329637096774194,0.6559139784946236,0.42173940842551805
resnet50_caltech256_f100_s0_fullft,resnet50,caltech256,100,0,fullft,frequency:lowpass,24.0,0.21428571428571427,0.6281922043010753,0.8261088709677419,0.6187892955643706
resnet50_caltech256_f100_s0_fullft,resnet50,caltech256,100,0,fullft,frequency:lowpass,32.0,0.2857142857142857,0.7580645161290323,0.9045698924731183,0.7474248730545217
resnet50_caltech256_f100_s0_fullft,resnet50,caltech256,100,0,fullft,frequency:lowpass,48.0,0.42857142857142855,0.8370295698924731,0.9453965053763441,0.8254792299720174
resnet50_caltech256_f100_s0_fullft,resnet50,caltech256,100,0,fullft,frequency:lowpass,72.0,0.6428571428571429,0.8751680107526881,0.9640456989247311,0.8645217098073696
resnet50_caltech256_f100_s0_fullft,resnet50,caltech256,100,0,fullft,frequency:lowpass,112.0,1.0,0.8870967741935484,0.9695900537634409,0.8771230085232322
resnet50_caltech256_f100_s0_fullft,resnet50,caltech256,100,0,fullft,frequency:lowpass,159.0,1.4196428571428572,0.8884408602150538,0.9704301075268817,0.8788278488294718
resnet50_caltech256_f100_s0_fullft,resnet50,caltech256,100,0,fullft,frequency:highpass,4.0,0.03571428571428571,0.7190860215053764,0.8810483870967742,0.7096707338731134
resnet50_caltech256_f100_s0_fullft,resnet50,caltech256,100,0,fullft,frequency:highpass,8.0,0.07142857142857142,0.5446908602150538,0.7360551075268817,0.538634175303063
resnet50_caltech256_f100_s0_fullft,resnet50,caltech256,100,0,fullft,frequency:highpass,12.0,0.10714285714285714,0.36088709677419356,0.566364247311828,0.3669340271357868
resnet50_caltech256_f100_s0_fullft,resnet50,caltech256,100,0,fullft,frequency:highpass,16.0,0.14285714285714285,0.21925403225806453,0.3918010752688172,0.23354622738826536
resnet50_caltech256_f100_s0_fullft,resnet50,caltech256,100,0,fullft,frequency:highpass,24.0,0.21428571428571427,0.11323924731182795,0.23958333333333334,0.12327908747533455
resnet50_caltech256_f100_s0_fullft,resnet50,caltech256,100,0,fullft,frequency:highpass,32.0,0.2857142857142857,0.08921370967741936,0.2001008064516129,0.09068452044894966
resnet50_caltech256_f100_s0_fullft,resnet50,caltech256,100,0,fullft,frequency:highpass,48.0,0.42857142857142855,0.0552755376344086,0.13944892473118278,0.050837944068930496
resnet50_caltech256_f100_s0_fullft,resnet50,caltech256,100,0,fullft,frequency:highpass,72.0,0.6428571428571429,0.02805779569892473,0.08198924731182795,0.02697028554506248
resnet50_caltech256_f100_s0_fullft,resnet50,caltech256,100,0,fullft,frequency:highpass,112.0,1.0,0.004032258064516129,0.023521505376344086,3.139651707970529e-05
resnet50_caltech256_f100_s0_fullft,resnet50,caltech256,100,0,fullft,frequency:highpass,159.0,1.4196428571428572,0.004032258064516129,0.020329301075268816,3.1375502008032126e-05
resnet50_caltech256_f100_s0_fullft,resnet50,caltech256,100,0,fullft,frequency:band_noise,4.0,0.03571428571428571,0.6085349462365591,0.790994623655914,0.6158165119535409
resnet50_caltech256_f100_s0_fullft,resnet50,caltech256,100,0,fullft,frequency:band_noise,12.0,0.10714285714285714,0.38373655913978494,0.594758064516129,0.4135748952076437
resnet50_caltech256_f100_s0_fullft,resnet50,caltech256,100,0,fullft,frequency:band_noise,24.0,0.21428571428571427,0.4164986559139785,0.6328965053763441,0.4339678250014035
resnet50_caltech256_f100_s0_fullft,resnet50,caltech256,100,0,fullft,frequency:band_noise,44.0,0.39285714285714285,0.6270161290322581,0.8188844086021505,0.6204606271563091
resnet50_caltech256_f100_s0_fullft,resnet50,caltech256,100,0,fullft,frequency:band_noise,72.0,0.6428571428571429,0.7746975806451613,0.9153225806451613,0.7607602760331174
resnet50_caltech256_f100_s0_fullft,resnet50,caltech256,100,0,fullft,frequency:band_noise,123.5,1.1026785714285714,0.7468077956989247,0.8966733870967742,0.7314308806030643
resnet50_caltech256_f100_s1_fullft,resnet50,caltech256,100,1,fullft,corruption:gaussian_noise,1.0,1.0,0.8089717741935484,0.9349798387096774,0.7978741939660807
resnet50_caltech256_f100_s1_fullft,resnet50,caltech256,100,1,fullft,corruption:gaussian_noise,2.0,2.0,0.7300067204301075,0.884744623655914,0.7223973034094261
resnet50_caltech256_f100_s1_fullft,resnet50,caltech256,100,1,fullft,corruption:gaussian_noise,3.0,3.0,0.5908938172043011,0.7839381720430108,0.5924134006497225
resnet50_caltech256_f100_s1_fullft,resnet50,caltech256,100,1,fullft,corruption:gaussian_noise,4.0,4.0,0.4109543010752688,0.620127688172043,0.42093515411193805
resnet50_caltech256_f100_s1_fullft,resnet50,caltech256,100,1,fullft,corruption:gaussian_noise,5.0,5.0,0.2037970430107527,0.3812163978494624,0.2161250492496543
resnet50_caltech256_f100_s1_fullft,resnet50,caltech256,100,1,fullft,corruption:gaussian_blur,1.0,1.0,0.8629032258064516,0.9561491935483871,0.8511384069674364
resnet50_caltech256_f100_s1_fullft,resnet50,caltech256,100,1,fullft,corruption:gaussian_blur,2.0,2.0,0.7624327956989247,0.9089381720430108,0.7520765598309183
resnet50_caltech256_f100_s1_fullft,resnet50,caltech256,100,1,fullft,corruption:gaussian_blur,3.0,3.0,0.6172715053763441,0.8227486559139785,0.6100659352838098
resnet50_caltech256_f100_s1_fullft,resnet50,caltech256,100,1,fullft,corruption:gaussian_blur,4.0,4.0,0.4749663978494624,0.7081653225806451,0.47105885614514326
resnet50_caltech256_f100_s1_fullft,resnet50,caltech256,100,1,fullft,corruption:gaussian_blur,5.0,5.0,0.26730510752688175,0.48605510752688175,0.2638367967187802
resnet50_caltech256_f100_s1_fullft,resnet50,caltech256,100,1,fullft,corruption:jpeg,1.0,1.0,0.8566868279569892,0.954133064516129,0.8439855063861781
resnet50_caltech256_f100_s1_fullft,resnet50,caltech256,100,1,fullft,corruption:jpeg,2.0,2.0,0.836861559139785,0.947244623655914,0.8227056575730535
resnet50_caltech256_f100_s1_fullft,resnet50,caltech256,100,1,fullft,corruption:jpeg,3.0,3.0,0.8210685483870968,0.9388440860215054,0.8070127195124719
resnet50_caltech256_f100_s1_fullft,resnet50,caltech256,100,1,fullft,corruption:jpeg,4.0,4.0,0.7783938172043011,0.9148185483870968,0.7625447176243986
resnet50_caltech256_f100_s1_fullft,resnet50,caltech256,100,1,fullft,corruption:jpeg,5.0,5.0,0.6970766129032258,0.8573588709677419,0.6784933099131929
resnet50_caltech256_f100_s1_fullft,resnet50,caltech256,100,1,fullft,frequency:lowpass,4.0,0.03571428571428571,0.030745967741935484,0.08904569892473119,0.012460230321519442
resnet50_caltech256_f100_s1_fullft,resnet50,caltech256,100,1,fullft,frequency:lowpass,8.0,0.07142857142857142,0.11676747311827956,0.260752688172043,0.10671412956118943
resnet50_caltech256_f100_s1_fullft,resnet50,caltech256,100,1,fullft,frequency:lowpass,12.0,0.10714285714285714,0.2560483870967742,0.46589381720430106,0.2534894036849965
resnet50_caltech256_f100_s1_fullft,resnet50,caltech256,100,1,fullft,frequency:lowpass,16.0,0.14285714285714285,0.40658602150537637,0.6315524193548387,0.4001623896630665
resnet50_caltech256_f100_s1_fullft,resnet50,caltech256,100,1,fullft,frequency:lowpass,24.0,0.21428571428571427,0.6154233870967742,0.8195564516129032,0.6060864872585001
resnet50_caltech256_f100_s1_fullft,resnet50,caltech256,100,1,fullft,frequency:lowpass,32.0,0.2857142857142857,0.7429435483870968,0.9017137096774194,0.7327061092849247
resnet50_caltech256_f100_s1_fullft,resnet50,caltech256,100,1,fullft,frequency:lowpass,48.0,0.42857142857142855,0.8316532258064516,0.9452284946236559,0.8188908931948005
resnet50_caltech256_f100_s1_fullft,resnet50,caltech256,100,1,fullft,frequency:lowpass,72.0,0.6428571428571429,0.8738239247311828,0.9613575268817204,0.8624313526030027
resnet50_caltech256_f100_s1_fullft,resnet50,caltech256,100,1,fullft,frequency:lowpass,112.0,1.0,0.8892809139784946,0.9690860215053764,0.8792331868838259
resnet50_caltech256_f100_s1_fullft,resnet50,caltech256,100,1,fullft,frequency:lowpass,159.0,1.4196428571428572,0.8892809139784946,0.9695900537634409,0.8793347017589063
resnet50_caltech256_f100_s1_fullft,resnet50,caltech256,100,1,fullft,frequency:highpass,4.0,0.03571428571428571,0.7357190860215054,0.8887768817204301,0.7249577320091936
resnet50_caltech256_f100_s1_fullft,resnet50,caltech256,100,1,fullft,frequency:highpass,8.0,0.07142857142857142,0.5425067204301075,0.7323588709677419,0.5441467617785383
resnet50_caltech256_f100_s1_fullft,resnet50,caltech256,100,1,fullft,frequency:highpass,12.0,0.10714285714285714,0.34055779569892475,0.5445228494623656,0.36133330527349905
resnet50_caltech256_f100_s1_fullft,resnet50,caltech256,100,1,fullft,frequency:highpass,16.0,0.14285714285714285,0.21925403225806453,0.38356854838709675,0.2372115988759599
resnet50_caltech256_f100_s1_fullft,resnet50,caltech256,100,1,fullft,frequency:highpass,24.0,0.21428571428571427,0.14045698924731181,0.25823252688172044,0.14380432410340158
resnet50_caltech256_f100_s1_fullft,resnet50,caltech256,100,1,fullft,frequency:highpass,32.0,0.2857142857142857,0.10601478494623656,0.2049731182795699,0.09976739855363946
resnet50_caltech256_f100_s1_fullft,resnet50,caltech256,100,1,fullft,frequency:highpass,48.0,0.42857142857142855,0.06401209677419355,0.13944892473118278,0.05495663683896228
resnet50_caltech256_f100_s1_fullft,resnet50,caltech256,100,1,fullft,frequency:highpass,72.0,0.6428571428571429,0.022513440860215055,0.06720430107526881,0.01667204627217572
resnet50_caltech256_f100_s1_fullft,resnet50,caltech256,100,1,fullft,frequency:highpass,112.0,1.0,0.004032258064516129,0.02049731182795699,3.14017752470273e-05
resnet50_caltech256_f100_s1_fullft,resnet50,caltech256,100,1,fullft,frequency:highpass,159.0,1.4196428571428572,0.004032258064516129,0.02066532258064516,3.1375502008032126e-05
resnet50_caltech256_f100_s1_fullft,resnet50,caltech256,100,1,fullft,frequency:band_noise,4.0,0.03571428571428571,0.6090389784946236,0.7914986559139785,0.6228188042204377
resnet50_caltech256_f100_s1_fullft,resnet50,caltech256,100,1,fullft,frequency:band_noise,12.0,0.10714285714285714,0.40591397849462363,0.6165994623655914,0.4442540137122951
resnet50_caltech256_f100_s1_fullft,resnet50,caltech256,100,1,fullft,frequency:band_noise,24.0,0.21428571428571427,0.4519489247311828,0.6732190860215054,0.4796884690063586
resnet50_caltech256_f100_s1_fullft,resnet50,caltech256,100,1,fullft,frequency:band_noise,44.0,0.39285714285714285,0.6517137096774194,0.8348454301075269,0.6382854034068963
resnet50_caltech256_f100_s1_fullft,resnet50,caltech256,100,1,fullft,frequency:band_noise,72.0,0.6428571428571429,0.7664650537634409,0.9146505376344086,0.7526675094571296
resnet50_caltech256_f100_s1_fullft,resnet50,caltech256,100,1,fullft,frequency:band_noise,123.5,1.1026785714285714,0.7962029569892473,0.920866935483871,0.7819417788315601
resnet50_caltech256_f100_s2_fullft,resnet50,caltech256,100,2,fullft,corruption:gaussian_noise,1.0,1.0,0.8172043010752689,0.9348118279569892,0.8045554218349869
resnet50_caltech256_f100_s2_fullft,resnet50,caltech256,100,2,fullft,corruption:gaussian_noise,2.0,2.0,0.7345430107526881,0.8919690860215054,0.7247655402676851
resnet50_caltech256_f100_s2_fullft,resnet50,caltech256,100,2,fullft,corruption:gaussian_noise,3.0,3.0,0.5955981182795699,0.7914986559139785,0.5923096062463923
resnet50_caltech256_f100_s2_fullft,resnet50,caltech256,100,2,fullft,corruption:gaussian_noise,4.0,4.0,0.41549059139784944,0.6271841397849462,0.4186857251826831
resnet50_caltech256_f100_s2_fullft,resnet50,caltech256,100,2,fullft,corruption:gaussian_noise,5.0,5.0,0.2049731182795699,0.3860887096774194,0.2146383584920364
resnet50_caltech256_f100_s2_fullft,resnet50,caltech256,100,2,fullft,corruption:gaussian_blur,1.0,1.0,0.8637432795698925,0.9548051075268817,0.852219402035513
resnet50_caltech256_f100_s2_fullft,resnet50,caltech256,100,2,fullft,corruption:gaussian_blur,2.0,2.0,0.7563844086021505,0.9050739247311828,0.7462325990039325
resnet50_caltech256_f100_s2_fullft,resnet50,caltech256,100,2,fullft,corruption:gaussian_blur,3.0,3.0,0.6038306451612904,0.8128360215053764,0.5955751357586647
resnet50_caltech256_f100_s2_fullft,resnet50,caltech256,100,2,fullft,corruption:gaussian_blur,4.0,4.0,0.4574932795698925,0.6890120967741935,0.44787400334356486
resnet50_caltech256_f100_s2_fullft,resnet50,caltech256,100,2,fullft,corruption:gaussian_blur,5.0,5.0,0.24663978494623656,0.4494287634408602,0.23473379453811005
resnet50_caltech256_f100_s2_fullft,resnet50,caltech256,100,2,fullft,corruption:jpeg,1.0,1.0,0.8590389784946236,0.9551411290322581,0.8479661614553884
resnet50_caltech256_f100_s2_fullft,resnet50,caltech256,100,2,fullft,corruption:jpeg,2.0,2.0,0.8402217741935484,0.9480846774193549,0.8264470479783325
resnet50_caltech256_f100_s2_fullft,resnet50,caltech256,100,2,fullft,corruption:jpeg,3.0,3.0,0.8245967741935484,0.9410282258064516,0.8096559734927609
resnet50_caltech256_f100_s2_fullft,resnet50,caltech256,100,2,fullft,corruption:jpeg,4.0,4.0,0.7807459677419355,0.918010752688172,0.7634617193177979
resnet50_caltech256_f100_s2_fullft,resnet50,caltech256,100,2,fullft,corruption:jpeg,5.0,5.0,0.7022849462365591,0.8640793010752689,0.6826968701719067
resnet50_caltech256_f100_s2_fullft,resnet50,caltech256,100,2,fullft,frequency:lowpass,4.0,0.03571428571428571,0.025201612903225805,0.08030913978494623,0.011950081938049313
resnet50_caltech256_f100_s2_fullft,resnet50,caltech256,100,2,fullft,frequency:lowpass,8.0,0.07142857142857142,0.11895161290322581,0.27738575268817206,0.10796549352485198
resnet50_caltech256_f100_s2_fullft,resnet50,caltech256,100,2,fullft,frequency:lowpass,12.0,0.10714285714285714,0.2572244623655914,0.47698252688172044,0.2507217168649144
resnet50_caltech256_f100_s2_fullft,resnet50,caltech256,100,2,fullft,frequency:lowpass,16.0,0.14285714285714285,0.4010416666666667,0.6384408602150538,0.3914987627920968
resnet50_caltech256_f100_s2_fullft,resnet50,caltech256,100,2,fullft,frequency:lowpass,24.0,0.21428571428571427,0.6248319892473119,0.8192204301075269,0.6117316267704237
resnet50_caltech256_f100_s2_fullft,resnet50,caltech256,100,2,fullft,frequency:lowpass,32.0,0.2857142857142857,0.7543682795698925,0.9038978494623656,0.7445544964928427
resnet50_caltech256_f100_s2_fullft,resnet50,caltech256,100,2,fullft,frequency:lowpass,48.0,0.42857142857142855,0.8355174731182796,0.9464045698924731,0.8239378327365485
resnet50_caltech256_f100_s2_fullft,resnet50,caltech256,100,2,fullft,frequency:lowpass,72.0,0.6428571428571429,0.8716397849462365,0.9621975806451613,0.8610779236377859
resnet50_caltech256_f100_s2_fullft,resnet50,caltech256,100,2,fullft,frequency:lowpass,112.0,1.0,0.8892809139784946,0.9707661290322581,0.8789523572323559
resnet50_caltech256_f100_s2_fullft,resnet50,caltech256,100,2,fullft,frequency:lowpass,159.0,1.4196428571428572,0.8882728494623656,0.9704301075268817,0.877725606055696
resnet50_caltech256_f100_s2_fullft,resnet50,caltech256,100,2,fullft,frequency:highpass,4.0,0.03571428571428571,0.7103494623655914,0.8840725806451613,0.7022087040781869
resnet50_caltech256_f100_s2_fullft,resnet50,caltech256,100,2,fullft,frequency:highpass,8.0,0.07142857142857142,0.5515793010752689,0.7457997311827957,0.54875603839322
resnet50_caltech256_f100_s2_fullft,resnet50,caltech256,100,2,fullft,frequency:highpass,12.0,0.10714285714285714,0.35769489247311825,0.5515793010752689,0.3697771546694287
resnet50_caltech256_f100_s2_fullft,resnet50,caltech256,100,2,fullft,frequency:highpass,16.0,0.14285714285714285,0.22799059139784947,0.4164986559139785,0.23868907776664794
resnet50_caltech256_f100_s2_fullft,resnet50,caltech256,100,2,fullft,frequency:highpass,24.0,0.21428571428571427,0.14196908602150538,0.2852822580645161,0.14323439468945592
resnet50_caltech256_f100_s2_fullft,resnet50,caltech256,100,2,fullft,frequency:highpass,32.0,0.2857142857142857,0.11693548387096774,0.23790322580645162,0.11471606577341359
resnet50_caltech256_f100_s2_fullft,resnet50,caltech256,100,2,fullft,frequency:highpass,48.0,0.42857142857142855,0.06418010752688172,0.15104166666666666,0.062482050503055324
resnet50_caltech256_f100_s2_fullft,resnet50,caltech256,100,2,fullft,frequency:highpass,72.0,0.6428571428571429,0.024361559139784945,0.07644489247311828,0.020130007691772294
resnet50_caltech256_f100_s2_fullft,resnet50,caltech256,100,2,fullft,frequency:highpass,112.0,1.0,0.004200268817204301,0.021505376344086023,0.0003439070351758794
resnet50_caltech256_f100_s2_fullft,resnet50,caltech256,100,2,fullft,frequency:highpass,159.0,1.4196428571428572,0.004032258064516129,0.020329301075268816,3.1375502008032126e-05
resnet50_caltech256_f100_s2_fullft,resnet50,caltech256,100,2,fullft,frequency:band_noise,4.0,0.03571428571428571,0.6058467741935484,0.7903225806451613,0.6159130557926402
resnet50_caltech256_f100_s2_fullft,resnet50,caltech256,100,2,fullft,frequency:band_noise,12.0,0.10714285714285714,0.40356182795698925,0.6108870967741935,0.43837192350263243
resnet50_caltech256_f100_s2_fullft,resnet50,caltech256,100,2,fullft,frequency:band_noise,24.0,0.21428571428571427,0.38776881720430106,0.6046706989247311,0.41076777953435906
resnet50_caltech256_f100_s2_fullft,resnet50,caltech256,100,2,fullft,frequency:band_noise,44.0,0.39285714285714285,0.6019825268817204,0.7940188172043011,0.5981744329699096
resnet50_caltech256_f100_s2_fullft,resnet50,caltech256,100,2,fullft,frequency:band_noise,72.0,0.6428571428571429,0.7767137096774194,0.9185147849462365,0.7634649251071921
resnet50_caltech256_f100_s2_fullft,resnet50,caltech256,100,2,fullft,frequency:band_noise,123.5,1.1026785714285714,0.7988911290322581,0.9223790322580645,0.7856414106001967
resnet50_caltech256_f10_s0_fullft,resnet50,caltech256,10,0,fullft,corruption:gaussian_noise,1.0,1.0,0.6473454301075269,0.8472782258064516,0.6219502634325634
resnet50_caltech256_f10_s0_fullft,resnet50,caltech256,10,0,fullft,corruption:gaussian_noise,2.0,2.0,0.5270497311827957,0.7634408602150538,0.5141116510110918
resnet50_caltech256_f10_s0_fullft,resnet50,caltech256,10,0,fullft,corruption:gaussian_noise,3.0,3.0,0.33064516129032256,0.5735887096774194,0.33160001881207346
resnet50_caltech256_f10_s0_fullft,resnet50,caltech256,10,0,fullft,corruption:gaussian_noise,4.0,4.0,0.06938844086021505,0.1693548387096774,0.06657051053976049
resnet50_caltech256_f10_s0_fullft,resnet50,caltech256,10,0,fullft,corruption:gaussian_noise,5.0,5.0,0.005376344086021506,0.023185483870967742,0.001178028357623035
resnet50_caltech256_f10_s0_fullft,resnet50,caltech256,10,0,fullft,corruption:gaussian_blur,1.0,1.0,0.7347110215053764,0.895497311827957,0.7082476003860312
resnet50_caltech256_f10_s0_fullft,resnet50,caltech256,10,0,fullft,corruption:gaussian_blur,2.0,2.0,0.6253360215053764,0.8252688172043011,0.5966872599759079
resnet50_caltech256_f10_s0_fullft,resnet50,caltech256,10,0,fullft,corruption:gaussian_blur,3.0,3.0,0.49143145161290325,0.727486559139785,0.4593516042438997
resnet50_caltech256_f10_s0_fullft,resnet50,caltech256,10,0,fullft,corruption:gaussian_blur,4.0,4.0,0.3795362903225806,0.6122311827956989,0.3397004832768987
resnet50_caltech256_f10_s0_fullft,resnet50,caltech256,10,0,fullft,corruption:gaussian_blur,5.0,5.0,0.22311827956989247,0.4255712365591398,0.17552109990175785
resnet50_caltech256_f10_s0_fullft,resnet50,caltech256,10,0,fullft,corruption:jpeg,1.0,1.0,0.7127016129032258,0.8886088709677419,0.6860119872718791
resnet50_caltech256_f10_s0_fullft,resnet50,caltech256,10,0,fullft,corruption:jpeg,2.0,2.0,0.6917002688172043,0.8743279569892473,0.6634932507822928
resnet50_caltech256_f10_s0_fullft,resnet50,caltech256,10,0,fullft,corruption:jpeg,3.0,3.0,0.6754032258064516,0.8617271505376344,0.6477491566936544
resnet50_caltech256_f10_s0_fullft,resnet50,caltech256,10,0,fullft,corruption:jpeg,4.0,4.0,0.6214717741935484,0.8261088709677419,0.5946165217583022
resnet50_caltech256_f10_s0_fullft,resnet50,caltech256,10,0,fullft,corruption:jpeg,5.0,5.0,0.535114247311828,0.7620967741935484,0.5054622119983129
resnet50_caltech256_f10_s0_fullft,resnet50,caltech256,10,0,fullft,frequency:lowpass,4.0,0.03571428571428571,0.03393817204301075,0.11021505376344086,0.017114766114099796
resnet50_caltech256_f10_s0_fullft,resnet50,caltech256,10,0,fullft,frequency:lowpass,8.0,0.07142857142857142,0.1207997311827957,0.28931451612903225,0.08989785896735517
resnet50_caltech256_f10_s0_fullft,resnet50,caltech256,10,0,fullft,frequency:lowpass,12.0,0.10714285714285714,0.23823924731182797,0.4593413978494624,0.20674896643254806
resnet50_caltech256_f10_s0_fullft,resnet50,caltech256,10,0,fullft,frequency:lowpass,16.0,0.14285714285714285,0.3696236559139785,0.6081989247311828,0.3404852812630112
resnet50_caltech256_f10_s0_fullft,resnet50,caltech256,10,0,fullft,frequency:lowpass,24.0,0.21428571428571427,0.5352822580645161,0.7592405913978495,0.5020457383692352
resnet50_caltech256_f10_s0_fullft,resnet50,caltech256,10,0,fullft,frequency:lowpass,32.0,0.2857142857142857,0.6196236559139785,0.821236559139785,0.5901576330222038
resnet50_caltech256_f10_s0_fullft,resnet50,caltech256,10,0,fullft,frequency:lowpass,48.0,0.42857142857142855,0.693380376344086,0.8702956989247311,0.6652745684398531
resnet50_caltech256_f10_s0_fullft,resnet50,caltech256,10,0,fullft,frequency:lowpass,72.0,0.6428571428571429,0.7426075268817204,0.900369623655914,0.7171674351179911
resnet50_caltech256_f10_s0_fullft,resnet50,caltech256,10,0,fullft,frequency:lowpass,112.0,1.0,0.7647849462365591,0.9138104838709677,0.7396342597786486
resnet50_caltech256_f10_s0_fullft,resnet50,caltech256,10,0,fullft,frequency:lowpass,159.0,1.4196428571428572,0.7654569892473119,0.9136424731182796,0.7405805929822109
resnet50_caltech256_f10_s0_fullft,resnet50,caltech256,10,0,fullft,frequency:highpass,4.0,0.03571428571428571,0.5653561827956989,0.7824260752688172,0.5381382105599481
resnet50_caltech256_f10_s0_fullft,resnet50,caltech256,10,0,fullft,frequency:highpass,8.0,0.07142857142857142,0.4116263440860215,0.6389448924731183,0.40230523280220776
resnet50_caltech256_f10_s0_fullft,resnet50,caltech256,10,0,fullft,frequency:highpass,12.0,0.10714285714285714,0.2337029569892473,0.44506048387096775,0.2402682857561559
resnet50_caltech256_f10_s0_fullft,resnet50,caltech256,10,0,fullft,frequency:highpass,16.0,0.14285714285714285,0.12936827956989247,0.2819220430107527,0.13516511589578337
resnet50_caltech256_f10_s0_fullft,resnet50,caltech256,10,0,fullft,frequency:highpass,24.0,0.21428571428571427,0.06535618279569892,0.18094758064516128,0.059949305883935475
resnet50_caltech256_f10_s0_fullft,resnet50,caltech256,10,0,fullft,frequency:highpass,32.0,0.2857142857142857,0.05325940860215054,0.15171370967741934,0.04617970317378234
resnet50_caltech256_f10_s0_fullft,resnet50,caltech256,10,0,fullft,frequency:highpass,48.0,0.42857142857142855,0.04233870967741935,0.11273521505376344,0.030635698458920772
resnet50_caltech256_f10_s0_fullft,resnet50,caltech256,10,0,fullft,frequency:highpass,72.0,0.6428571428571429,0.01797715053763441,0.06384408602150538,0.013341347518763263
resnet50_caltech256_f10_s0_fullft,resnet50,caltech256,10,0,fullft,frequency:highpass,112.0,1.0,0.004032258064516129,0.01965725806451613,3.1380753138075316e-05
resnet50_caltech256_f10_s0_fullft,resnet50,caltech256,10,0,fullft,frequency:highpass,159.0,1.4196428571428572,0.004032258064516129,0.01730510752688172,3.1375502008032126e-05
resnet50_caltech256_f10_s0_fullft,resnet50,caltech256,10,0,fullft,frequency:band_noise,4.0,0.03571428571428571,0.4537970430107527,0.661122311827957,0.4387755247114667
resnet50_caltech256_f10_s0_fullft,resnet50,caltech256,10,0,fullft,frequency:band_noise,12.0,0.10714285714285714,0.32039650537634407,0.5330981182795699,0.3042211909303264
resnet50_caltech256_f10_s0_fullft,resnet50,caltech256,10,0,fullft,frequency:band_noise,24.0,0.21428571428571427,0.34089381720430106,0.5756048387096774,0.3361847205903137
resnet50_caltech256_f10_s0_fullft,resnet50,caltech256,10,0,fullft,frequency:band_noise,44.0,0.39285714285714285,0.48151881720430106,0.7175739247311828,0.46893005655444675
resnet50_caltech256_f10_s0_fullft,resnet50,caltech256,10,0,fullft,frequency:band_noise,72.0,0.6428571428571429,0.5557795698924731,0.7762096774193549,0.544796647349052
resnet50_caltech256_f10_s0_fullft,resnet50,caltech256,10,0,fullft,frequency:band_noise,123.5,1.1026785714285714,0.4075940860215054,0.6584341397849462,0.3974616069640025
resnet50_caltech256_f10_s1_fullft,resnet50,caltech256,10,1,fullft,corruption:gaussian_noise,1.0,1.0,0.6451612903225806,0.8464381720430108,0.6234124605643223
resnet50_caltech256_f10_s1_fullft,resnet50,caltech256,10,1,fullft,corruption:gaussian_noise,2.0,2.0,0.5159610215053764,0.7526881720430108,0.5011849016710044
resnet50_caltech256_f10_s1_fullft,resnet50,caltech256,10,1,fullft,corruption:gaussian_noise,3.0,3.0,0.31149193548387094,0.5453629032258065,0.3174192222135267
resnet50_caltech256_f10_s1_fullft,resnet50,caltech256,10,1,fullft,corruption:gaussian_noise,4.0,4.0,0.07661290322580645,0.1905241935483871,0.08546137286395555
resnet50_caltech256_f10_s1_fullft,resnet50,caltech256,10,1,fullft,corruption:gaussian_noise,5.0,5.0,0.00571236559139785,0.027385752688172043,0.003421977671481449
resnet50_caltech256_f10_s1_fullft,resnet50,caltech256,10,1,fullft,corruption:gaussian_blur,1.0,1.0,0.725638440860215,0.8924731182795699,0.7008327360302518
resnet50_caltech256_f10_s1_fullft,resnet50,caltech256,10,1,fullft,corruption:gaussian_blur,2.0,2.0,0.6105510752688172,0.8140120967741935,0.5812975060891776
resnet50_caltech256_f10_s1_fullft,resnet50,caltech256,10,1,fullft,corruption:gaussian_blur,3.0,3.0,0.47076612903225806,0.7022849462365591,0.43907596776575586
resnet50_caltech256_f10_s1_fullft,resnet50,caltech256,10,1,fullft,corruption:gaussian_blur,4.0,4.0,0.35618279569892475,0.5801411290322581,0.3165401092335507
resnet50_caltech256_f10_s1_fullft,resnet50,caltech256,10,1,fullft,corruption:gaussian_blur,5.0,5.0,0.2007728494623656,0.39448924731182794,0.151453432877647
resnet50_caltech256_f10_s1_fullft,resnet50,caltech256,10,1,fullft,corruption:jpeg,1.0,1.0,0.7113575268817204,0.885752688172043,0.6835383979159132
resnet50_caltech256_f10_s1_fullft,resnet50,caltech256,10,1,fullft,corruption:jpeg,2.0,2.0,0.688508064516129,0.8689516129032258,0.6602610586257474
resnet50_caltech256_f10_s1_fullft,resnet50,caltech256,10,1,fullft,corruption:jpeg,3.0,3.0,0.675739247311828,0.8578629032258065,0.6481461837886207
resnet50_caltech256_f10_s1_fullft,resnet50,caltech256,10,1,fullft,corruption:jpeg,4.0,4.0,0.6053427419354839,0.8146841397849462,0.5747010150674612
resnet50_caltech256_f10_s1_fullft,resnet50,caltech256,10,1,fullft,corruption:jpeg,5.0,5.0,0.5015120967741935,0.7251344086021505,0.46912329342350073
resnet50_caltech256_f10_s1_fullft,resnet50,caltech256,10,1,fullft,frequency:lowpass,4.0,0.03571428571428571,0.02049731182795699,0.09660618279569892,0.010849952193317318
resnet50_caltech256_f10_s1_fullft,resnet50,caltech256,10,1,fullft,frequency:lowpass,8.0,0.07142857142857142,0.11727150537634409,0.2762096774193548,0.07354292612066657
resnet50_caltech256_f10_s1_fullft,resnet50,caltech256,10,1,fullft,frequency:lowpass,12.0,0.10714285714285714,0.22076612903225806,0.41616263440860213,0.18093957739772504
resnet50_caltech256_f10_s1_fullft,resnet50,caltech256,10,1,fullft,frequency:lowpass,16.0,0.14285714285714285,0.3287970430107527,0.5482190860215054,0.28789423147191817
resnet50_caltech256_f10_s1_fullft,resnet50,caltech256,10,1,fullft,frequency:lowpass,24.0,0.21428571428571427,0.5030241935483871,0.7310147849462365,0.4679659816842632
resnet50_caltech256_f10_s1_fullft,resnet50,caltech256,10,1,fullft,frequency:lowpass,32.0,0.2857142857142857,0.5999663978494624,0.8146841397849462,0.5675253332608994
resnet50_caltech256_f10_s1_fullft,resnet50,caltech256,10,1,fullft,frequency:lowpass,48.0,0.42857142857142855,0.6888440860215054,0.8756720430107527,0.6592244676042687
resnet50_caltech256_f10_s1_fullft,resnet50,caltech256,10,1,fullft,frequency:lowpass,72.0,0.6428571428571429,0.7384072580645161,0.9020497311827957,0.7124415363199421
resnet50_caltech256_f10_s1_fullft,resnet50,caltech256,10,1,fullft,frequency:lowpass,112.0,1.0,0.7595766129032258,0.9141465053763441,0.7344069151181152
resnet50_caltech256_f10_s1_fullft,resnet50,caltech256,10,1,fullft,frequency:lowpass,159.0,1.4196428571428572,0.7595766129032258,0.914986559139785,0.7340559311281575
resnet50_caltech256_f10_s1_fullft,resnet50,caltech256,10,1,fullft,frequency:highpass,4.0,0.03571428571428571,0.5939180107526881,0.8014112903225806,0.5647068166822065
resnet50_caltech256_f10_s1_fullft,resnet50,caltech256,10,1,fullft,frequency:highpass,8.0,0.07142857142857142,0.4722782258064516,0.6930443548387096,0.4486112025312529
resnet50_caltech256_f10_s1_fullft,resnet50,caltech256,10,1,fullft,frequency:highpass,12.0,0.10714285714285714,0.27923387096774194,0.5016801075268817,0.2835028000729496
resnet50_caltech256_f10_s1_fullft,resnet50,caltech256,10,1,fullft,frequency:highpass,16.0,0.14285714285714285,0.14684139784946237,0.3126680107526882,0.15104346570648586
resnet50_caltech256_f10_s1_fullft,resnet50,caltech256,10,1,fullft,frequency:highpass,24.0,0.21428571428571427,0.08887768817204302,0.21740591397849462,0.08871394795757756
resnet50_caltech256_f10_s1_fullft,resnet50,caltech256,10,1,fullft,frequency:highpass,32.0,0.2857142857142857,0.0835013440860215,0.20967741935483872,0.0765265552059297
resnet50_caltech256_f10_s1_fullft,resnet50,caltech256,10,1,fullft,frequency:highpass,48.0,0.42857142857142855,0.06653225806451613,0.17523521505376344,0.05892052647581424
resnet50_caltech256_f10_s1_fullft,resnet50,caltech256,10,1,fullft,frequency:highpass,72.0,0.6428571428571429,0.028729838709677418,0.09290994623655914,0.02556767786052004
resnet50_caltech256_f10_s1_fullft,resnet50,caltech256,10,1,fullft,frequency:highpass,112.0,1.0,0.004368279569892473,0.021169354838709676,0.0006101581576543831
resnet50_caltech256_f10_s1_fullft,resnet50,caltech256,10,1,fullft,frequency:highpass,159.0,1.4196428571428572,0.004032258064516129,0.019153225806451613,3.1375502008032126e-05
resnet50_caltech256_f10_s1_fullft,resnet50,caltech256,10,1,fullft,frequency:band_noise,4.0,0.03571428571428571,0.5161290322580645,0.7261424731182796,0.4987400289611285
resnet50_caltech256_f10_s1_fullft,resnet50,caltech256,10,1,fullft,frequency:band_noise,12.0,0.10714285714285714,0.35198252688172044,0.5621639784946236,0.3365235796602011
resnet50_caltech256_f10_s1_fullft,resnet50,caltech256,10,1,fullft,frequency:band_noise,24.0,0.21428571428571427,0.36223118279569894,0.5751008064516129,0.33616581533107803
resnet50_caltech256_f10_s1_fullft,resnet50,caltech256,10,1,fullft,frequency:band_noise,44.0,0.39285714285714285,0.5045362903225806,0.734375,0.48104379586660917
resnet50_caltech256_f10_s1_fullft,resnet50,caltech256,10,1,fullft,frequency:band_noise,72.0,0.6428571428571429,0.5766129032258065,0.792002688172043,0.5599323272621475
resnet50_caltech256_f10_s1_fullft,resnet50,caltech256,10,1,fullft,frequency:band_noise,123.5,1.1026785714285714,0.45060483870967744,0.696236559139785,0.4352823430362668
resnet50_caltech256_f10_s2_fullft,resnet50,caltech256,10,2,fullft,corruption:gaussian_noise,1.0,1.0,0.6624663978494624,0.8556787634408602,0.6397471175863904
resnet50_caltech256_f10_s2_fullft,resnet50,caltech256,10,2,fullft,corruption:gaussian_noise,2.0,2.0,0.5529233870967742,0.7819220430107527,0.5350554677617902
resnet50_caltech256_f10_s2_fullft,resnet50,caltech256,10,2,fullft,corruption:gaussian_noise,3.0,3.0,0.38256048387096775,0.6248319892473119,0.3814056616472832
resnet50_caltech256_f10_s2_fullft,resnet50,caltech256,10,2,fullft,corruption:gaussian_noise,4.0,4.0,0.19993279569892472,0.40456989247311825,0.20765997119318236
resnet50_caltech256_f10_s2_fullft,resnet50,caltech256,10,2,fullft,corruption:gaussian_noise,5.0,5.0,0.053931451612903226,0.1688508064516129,0.060901704414135796
resnet50_caltech256_f10_s2_fullft,resnet50,caltech256,10,2,fullft,corruption:gaussian_blur,1.0,1.0,0.7303427419354839,0.8914650537634409,0.7055318252256884
resnet50_caltech256_f10_s2_fullft,resnet50,caltech256,10,2,fullft,corruption:gaussian_blur,2.0,2.0,0.6213037634408602,0.8252688172043011,0.5929348273047202
resnet50_caltech256_f10_s2_fullft,resnet50,caltech256,10,2,fullft,corruption:gaussian_blur,3.0,3.0,0.48588709677419356,0.7169018817204301,0.45375902065060175
resnet50_caltech256_f10_s2_fullft,resnet50,caltech256,10,2,fullft,corruption:gaussian_blur,4.0,4.0,0.3629032258064516,0.6065188172043011,0.3216432651994626
resnet50_caltech256_f10_s2_fullft,resnet50,caltech256,10,2,fullft,corruption:gaussian_blur,5.0,5.0,0.21018145161290322,0.4099462365591398,0.1624022084449163
resnet50_caltech256_f10_s2_fullft,resnet50,caltech256,10,2,fullft,corruption:jpeg,1.0,1.0,0.710013440860215,0.8845766129032258,0.6831880475275927
resnet50_caltech256_f10_s2_fullft,resnet50,caltech256,10,2,fullft,corruption:jpeg,2.0,2.0,0.6856518817204301,0.8692876344086021,0.6584089746624493
resnet50_caltech256_f10_s2_fullft,resnet50,caltech256,10,2,fullft,corruption:jpeg,3.0,3.0,0.6693548387096774,0.854502688172043,0.6427426608346578
resnet50_caltech256_f10_s2_fullft,resnet50,caltech256,10,2,fullft,corruption:jpeg,4.0,4.0,0.6036626344086021,0.8138440860215054,0.5759808979381669
resnet50_caltech256_f10_s2_fullft,resnet50,caltech256,10,2,fullft,corruption:jpeg,5.0,5.0,0.5119287634408602,0.7409274193548387,0.48094348541872917
resnet50_caltech256_f10_s2_fullft,resnet50,caltech256,10,2,fullft,frequency:lowpass,4.0,0.03571428571428571,0.03696236559139785,0.10786290322580645,0.020420407544180542
resnet50_caltech256_f10_s2_fullft,resnet50,caltech256,10,2,fullft,frequency:lowpass,8.0,0.07142857142857142,0.11979166666666667,0.2610887096774194,0.07562203156027426
resnet50_caltech256_f10_s2_fullft,resnet50,caltech256,10,2,fullft,frequency:lowpass,12.0,0.10714285714285714,0.22379032258064516,0.41616263440860213,0.17212554957671977
resnet50_caltech256_f10_s2_fullft,resnet50,caltech256,10,2,fullft,frequency:lowpass,16.0,0.14285714285714285,0.3487903225806452,0.5660282258064516,0.3046031689147405
resnet50_caltech256_f10_s2_fullft,resnet50,caltech256,10,2,fullft,frequency:lowpass,24.0,0.21428571428571427,0.5223454301075269,0.7463037634408602,0.4860235050051091
resnet50_caltech256_f10_s2_fullft,resnet50,caltech256,10,2,fullft,frequency:lowpass,32.0,0.2857142857142857,0.609375,0.8200604838709677,0.5756699459092649
resnet50_caltech256_f10_s2_fullft,resnet50,caltech256,10,2,fullft,frequency:lowpass,48.0,0.42857142857142855,0.6898521505376344,0.8718077956989247,0.6591362508822052
resnet50_caltech256_f10_s2_fullft,resnet50,caltech256,10,2,fullft,frequency:lowpass,72.0,0.6428571428571429,0.7426075268817204,0.8996975806451613,0.7193346120085823
resnet50_caltech256_f10_s2_fullft,resnet50,caltech256,10,2,fullft,frequency:lowpass,112.0,1.0,0.7605846774193549,0.912130376344086,0.7384961925439277
resnet50_caltech256_f10_s2_fullft,resnet50,caltech256,10,2,fullft,frequency:lowpass,159.0,1.4196428571428572,0.7600806451612904,0.9133064516129032,0.7374186567049096
resnet50_caltech256_f10_s2_fullft,resnet50,caltech256,10,2,fullft,frequency:highpass,4.0,0.03571428571428571,0.5961021505376344,0.8010752688172043,0.5673236963777029
resnet50_caltech256_f10_s2_fullft,resnet50,caltech256,10,2,fullft,frequency:highpass,8.0,0.07142857142857142,0.4685819892473118,0.698252688172043,0.4480853040906838
resnet50_caltech256_f10_s2_fullft,resnet50,caltech256,10,2,fullft,frequency:highpass,12.0,0.10714285714285714,0.27368951612903225,0.5099126344086021,0.2799669726654873
resnet50_caltech256_f10_s2_fullft,resnet50,caltech256,10,2,fullft,frequency:highpass,16.0,0.14285714285714285,0.13928091397849462,0.3069556451612903,0.1444840729225068
resnet50_caltech256_f10_s2_fullft,resnet50,caltech256,10,2,fullft,frequency:highpass,24.0,0.21428571428571427,0.07594086021505377,0.19959677419354838,0.0702312089121348
resnet50_caltech256_f10_s2_fullft,resnet50,caltech256,10,2,fullft,frequency:highpass,32.0,0.2857142857142857,0.06283602150537634,0.1821236559139785,0.05109919596333294
resnet50_caltech256_f10_s2_fullft,resnet50,caltech256,10,2,fullft,frequency:highpass,48.0,0.42857142857142855,0.04099462365591398,0.11895161290322581,0.030184564992991485
resnet50_caltech256_f10_s2_fullft,resnet50,caltech256,10,2,fullft,frequency:highpass,72.0,0.6428571428571429,0.018649193548387098,0.0625,0.008602227018798885
resnet50_caltech256_f10_s2_fullft,resnet50,caltech256,10,2,fullft,frequency:highpass,112.0,1.0,0.004032258064516129,0.019993279569892473,3.150730969584944e-05
resnet50_caltech256_f10_s2_fullft,resnet50,caltech256,10,2,fullft,frequency:highpass,159.0,1.4196428571428572,0.004032258064516129,0.019153225806451613,3.1375502008032126e-05
resnet50_caltech256_f10_s2_fullft,resnet50,caltech256,10,2,fullft,frequency:band_noise,4.0,0.03571428571428571,0.5493951612903226,0.756888440860215,0.5280384327610282
resnet50_caltech256_f10_s2_fullft,resnet50,caltech256,10,2,fullft,frequency:band_noise,12.0,0.10714285714285714,0.3161962365591398,0.5168010752688172,0.31095638249531166
resnet50_caltech256_f10_s2_fullft,resnet50,caltech256,10,2,fullft,frequency:band_noise,24.0,0.21428571428571427,0.3267809139784946,0.532258064516129,0.3086556589146259
resnet50_caltech256_f10_s2_fullft,resnet50,caltech256,10,2,fullft,frequency:band_noise,44.0,0.39285714285714285,0.4889112903225806,0.7127016129032258,0.4704891057517133
resnet50_caltech256_f10_s2_fullft,resnet50,caltech256,10,2,fullft,frequency:band_noise,72.0,0.6428571428571429,0.5714045698924731,0.7839381720430108,0.547556278682158
resnet50_caltech256_f10_s2_fullft,resnet50,caltech256,10,2,fullft,frequency:band_noise,123.5,1.1026785714285714,0.5472110215053764,0.7736895161290323,0.5221350895206067
resnet50_caltech256_f25_s0_fullft,resnet50,caltech256,25,0,fullft,corruption:gaussian_noise,1.0,1.0,0.7313508064516129,0.889616935483871,0.713484215451699
resnet50_caltech256_f25_s0_fullft,resnet50,caltech256,25,0,fullft,corruption:gaussian_noise,2.0,2.0,0.6355846774193549,0.8298051075268817,0.6216843347461025
resnet50_caltech256_f25_s0_fullft,resnet50,caltech256,25,0,fullft,corruption:gaussian_noise,3.0,3.0,0.46555779569892475,0.6928763440860215,0.4659556563628253
resnet50_caltech256_f25_s0_fullft,resnet50,caltech256,25,0,fullft,corruption:gaussian_noise,4.0,4.0,0.27856182795698925,0.4788306451612903,0.28488321857507626
resnet50_caltech256_f25_s0_fullft,resnet50,caltech256,25,0,fullft,corruption:gaussian_noise,5.0,5.0,0.10467069892473119,0.229502688172043,0.11426344335099103
resnet50_caltech256_f25_s0_fullft,resnet50,caltech256,25,0,fullft,corruption:gaussian_blur,1.0,1.0,0.8014112903225806,0.9259072580645161,0.7839707424813457
resnet50_caltech256_f25_s0_fullft,resnet50,caltech256,25,0,fullft,corruption:gaussian_blur,2.0,2.0,0.7009408602150538,0.8729838709677419,0.6785056492274698
resnet50_caltech256_f25_s0_fullft,resnet50,caltech256,25,0,fullft,corruption:gaussian_blur,3.0,3.0,0.5618279569892473,0.7706653225806451,0.536139083302802
resnet50_caltech256_f25_s0_fullft,resnet50,caltech256,25,0,fullft,corruption:gaussian_blur,4.0,4.0,0.4309475806451613,0.6591061827956989,0.40091925456418553
resnet50_caltech256_f25_s0_fullft,resnet50,caltech256,25,0,fullft,corruption:gaussian_blur,5.0,5.0,0.23723118279569894,0.45077284946236557,0.213161255625958
resnet50_caltech256_f25_s0_fullft,resnet50,caltech256,25,0,fullft,corruption:jpeg,1.0,1.0,0.7869623655913979,0.9252352150537635,0.7680852888012533
resnet50_caltech256_f25_s0_fullft,resnet50,caltech256,25,0,fullft,corruption:jpeg,2.0,2.0,0.764616935483871,0.9119623655913979,0.744820404775856
resnet50_caltech256_f25_s0_fullft,resnet50,caltech256,25,0,fullft,corruption:jpeg,3.0,3.0,0.7491599462365591,0.8996975806451613,0.7281743890067365
resnet50_caltech256_f25_s0_fullft,resnet50,caltech256,25,0,fullft,corruption:jpeg,4.0,4.0,0.6876680107526881,0.8602150537634409,0.6684215767148409
resnet50_caltech256_f25_s0_fullft,resnet50,caltech256,25,0,fullft,corruption:jpeg,5.0,5.0,0.5816532258064516,0.786122311827957,0.564099174706787
resnet50_caltech256_f25_s0_fullft,resnet50,caltech256,25,0,fullft,frequency:lowpass,4.0,0.03571428571428571,0.02940188172043011,0.09391801075268817,0.015250622555342774
resnet50_caltech256_f25_s0_fullft,resnet50,caltech256,25,0,fullft,frequency:lowpass,8.0,0.07142857142857142,0.13004032258064516,0.29586693548387094,0.10694343777597157
resnet50_caltech256_f25_s0_fullft,resnet50,caltech256,25,0,fullft,frequency:lowpass,12.0,0.10714285714285714,0.2508400537634409,0.46723790322580644,0.22797819107265593
resnet50_caltech256_f25_s0_fullft,resnet50,caltech256,25,0,fullft,frequency:lowpass,16.0,0.14285714285714285,0.3951612903225806,0.6189516129032258,0.36704061289937917
resnet50_caltech256_f25_s0_fullft,resnet50,caltech256,25,0,fullft,frequency:lowpass,24.0,0.21428571428571427,0.5863575268817204,0.7914986559139785,0.564281205200396
resnet50_caltech256_f25_s0_fullft,resnet50,caltech256,25,0,fullft,frequency:lowpass,32.0,0.2857142857142857,0.6930443548387096,0.8623991935483871,0.6704006045264337
resnet50_caltech256_f25_s0_fullft,resnet50,caltech256,25,0,fullft,frequency:lowpass,48.0,0.42857142857142855,0.7673051075268817,0.9094422043010753,0.7472947800637737
resnet50_caltech256_f25_s0_fullft,resnet50,caltech256,25,0,fullft,frequency:lowpass,72.0,0.6428571428571429,0.8167002688172043,0.9322916666666666,0.8001844047001834
resnet50_caltech256_f25_s0_fullft,resnet50,caltech256,25,0,fullft,frequency:lowpass,112.0,1.0,0.8361895161290323,0.9435483870967742,0.8198461472421175
resnet50_caltech256_f25_s0_fullft,resnet50,caltech256,25,0,fullft,frequency:lowpass,159.0,1.4196428571428572,0.8377016129032258,0.9447244623655914,0.8212056848317895
resnet50_caltech256_f25_s0_fullft,resnet50,caltech256,25,0,fullft,frequency:highpass,4.0,0.03571428571428571,0.6352486559139785,0.8353494623655914,0.6198780593753419
resnet50_caltech256_f25_s0_fullft,resnet50,caltech256,25,0,fullft,frequency:highpass,8.0,0.07142857142857142,0.4991599462365591,0.7106854838709677,0.49337241088170797
resnet50_caltech256_f25_s0_fullft,resnet50,caltech256,25,0,fullft,frequency:highpass,12.0,0.10714285714285714,0.3333333333333333,0.5460349462365591,0.34047759469574007
resnet50_caltech256_f25_s0_fullft,resnet50,caltech256,25,0,fullft,frequency:highpass,16.0,0.14285714285714285,0.18834005376344087,0.35299059139784944,0.1994163265520436
resnet50_caltech256_f25_s0_fullft,resnet50,caltech256,25,0,fullft,frequency:highpass,24.0,0.21428571428571427,0.09593413978494623,0.2145497311827957,0.0966227670895932
resnet50_caltech256_f25_s0_fullft,resnet50,caltech256,25,0,fullft,frequency:highpass,32.0,0.2857142857142857,0.07946908602150538,0.19254032258064516,0.0729138472905092
resnet50_caltech256_f25_s0_fullft,resnet50,caltech256,25,0,fullft,frequency:highpass,48.0,0.42857142857142855,0.05628360215053763,0.13239247311827956,0.0508095339056547
resnet50_caltech256_f25_s0_fullft,resnet50,caltech256,25,0,fullft,frequency:highpass,72.0,0.6428571428571429,0.018481182795698926,0.05695564516129032,0.01814557910109533
resnet50_caltech256_f25_s0_fullft,resnet50,caltech256,25,0,fullft,frequency:highpass,112.0,1.0,0.004032258064516129,0.021169354838709676,3.1380753138075316e-05
resnet50_caltech256_f25_s0_fullft,resnet50,caltech256,25,0,fullft,frequency:highpass,159.0,1.4196428571428572,0.004032258064516129,0.020329301075268816,3.1375502008032126e-05
resnet50_caltech256_f25_s0_fullft,resnet50,caltech256,25,0,fullft,frequency:band_noise,4.0,0.03571428571428571,0.5619959677419355,0.7494959677419355,0.5589443939757393
resnet50_caltech256_f25_s0_fullft,resnet50,caltech256,25,0,fullft,frequency:band_noise,12.0,0.10714285714285714,0.38272849462365593,0.6033266129032258,0.3941339782942335
resnet50_caltech256_f25_s0_fullft,resnet50,caltech256,25,0,fullft,frequency:band_noise,24.0,0.21428571428571427,0.4405241935483871,0.6589381720430108,0.43592233765468064
resnet50_caltech256_f25_s0_fullft,resnet50,caltech256,25,0,fullft,frequency:band_noise,44.0,0.39285714285714285,0.5638440860215054,0.7752016129032258,0.5537549685432755
resnet50_caltech256_f25_s0_fullft,resnet50,caltech256,25,0,fullft,frequency:band_noise,72.0,0.6428571428571429,0.6765793010752689,0.8576948924731183,0.6619649507369139
resnet50_caltech256_f25_s0_fullft,resnet50,caltech256,25,0,fullft,frequency:band_noise,123.5,1.1026785714285714,0.6461693548387096,0.836861559139785,0.6295289868736949
resnet50_caltech256_f25_s1_fullft,resnet50,caltech256,25,1,fullft,corruption:gaussian_noise,1.0,1.0,0.7384072580645161,0.8983534946236559,0.7211697070281599
resnet50_caltech256_f25_s1_fullft,resnet50,caltech256,25,1,fullft,corruption:gaussian_noise,2.0,2.0,0.6557459677419355,0.8469422043010753,0.6454718577518537
resnet50_caltech256_f25_s1_fullft,resnet50,caltech256,25,1,fullft,corruption:gaussian_noise,3.0,3.0,0.5063844086021505,0.7357190860215054,0.5062771213385621
resnet50_caltech256_f25_s1_fullft,resnet50,caltech256,25,1,fullft,corruption:gaussian_noise,4.0,4.0,0.3072916666666667,0.5426747311827957,0.31827833516807785
resnet50_caltech256_f25_s1_fullft,resnet50,caltech256,25,1,fullft,corruption:gaussian_noise,5.0,5.0,0.1159274193548387,0.2770497311827957,0.12274129054300795
resnet50_caltech256_f25_s1_fullft,resnet50,caltech256,25,1,fullft,corruption:gaussian_blur,1.0,1.0,0.7960349462365591,0.9280913978494624,0.7787681731899214
resnet50_caltech256_f25_s1_fullft,resnet50,caltech256,25,1,fullft,corruption:gaussian_blur,2.0,2.0,0.6819556451612904,0.8613911290322581,0.6620071557017604
resnet50_caltech256_f25_s1_fullft,resnet50,caltech256,25,1,fullft,corruption:gaussian_blur,3.0,3.0,0.515625,0.7331989247311828,0.49929985016578016
resnet50_caltech256_f25_s1_fullft,resnet50,caltech256,25,1,fullft,corruption:gaussian_blur,4.0,4.0,0.38256048387096775,0.6129032258064516,0.3609909872567625
resnet50_caltech256_f25_s1_fullft,resnet50,caltech256,25,1,fullft,corruption:gaussian_blur,5.0,5.0,0.20329301075268819,0.4057459677419355,0.17521661395147453
resnet50_caltech256_f25_s1_fullft,resnet50,caltech256,25,1,fullft,corruption:jpeg,1.0,1.0,0.7827620967741935,0.9237231182795699,0.7625692013824668
resnet50_caltech256_f25_s1_fullft,resnet50,caltech256,25,1,fullft,corruption:jpeg,2.0,2.0,0.7620967741935484,0.9096102150537635,0.7412622996373971
resnet50_caltech256_f25_s1_fullft,resnet50,caltech256,25,1,fullft,corruption:jpeg,3.0,3.0,0.7478158602150538,0.9035618279569892,0.7270545508736364
resnet50_caltech256_f25_s1_fullft,resnet50,caltech256,25,1,fullft,corruption:jpeg,4.0,4.0,0.6906922043010753,0.8664314516129032,0.6678394452817923
resnet50_caltech256_f25_s1_fullft,resnet50,caltech256,25,1,fullft,corruption:jpeg,5.0,5.0,0.6011424731182796,0.7997311827956989,0.5782413036959162
resnet50_caltech256_f25_s1_fullft,resnet50,caltech256,25,1,fullft,frequency:lowpass,4.0,0.03571428571428571,0.023353494623655914,0.08518145161290322,0.011587967875539909
resnet50_caltech256_f25_s1_fullft,resnet50,caltech256,25,1,fullft,frequency:lowpass,8.0,0.07142857142857142,0.11038306451612903,0.26226478494623656,0.09006865817607357
resnet50_caltech256_f25_s1_fullft,resnet50,caltech256,25,1,fullft,frequency:lowpass,12.0,0.10714285714285714,0.20329301075268819,0.40893817204301075,0.19422901803258733
resnet50_caltech256_f25_s1_fullft,resnet50,caltech256,25,1,fullft,frequency:lowpass,16.0,0.14285714285714285,0.3531586021505376,0.5855174731182796,0.34410400453609635
resnet50_caltech256_f25_s1_fullft,resnet50,caltech256,25,1,fullft,frequency:lowpass,24.0,0.21428571428571427,0.5776209677419355,0.7819220430107527,0.5577686324421323
resnet50_caltech256_f25_s1_fullft,resnet50,caltech256,25,1,fullft,frequency:lowpass,32.0,0.2857142857142857,0.6901881720430108,0.8640793010752689,0.6666133211093627
resnet50_caltech256_f25_s1_fullft,resnet50,caltech256,25,1,fullft,frequency:lowpass,48.0,0.42857142857142855,0.7627688172043011,0.9080981182795699,0.7435239957629717
resnet50_caltech256_f25_s1_fullft,resnet50,caltech256,25,1,fullft,frequency:lowpass,72.0,0.6428571428571429,0.8094758064516129,0.932627688172043,0.7937580656303538
resnet50_caltech256_f25_s1_fullft,resnet50,caltech256,25,1,fullft,frequency:lowpass,112.0,1.0,0.8284610215053764,0.9435483870967742,0.8122716251815786
resnet50_caltech256_f25_s1_fullft,resnet50,caltech256,25,1,fullft,frequency:lowpass,159.0,1.4196428571428572,0.8276209677419355,0.9445564516129032,0.8112320513065755
resnet50_caltech256_f25_s1_fullft,resnet50,caltech256,25,1,fullft,frequency:highpass,4.0,0.03571428571428571,0.6426411290322581,0.8382056451612904,0.6267263779701586
resnet50_caltech256_f25_s1_fullft,resnet50,caltech256,25,1,fullft,frequency:highpass,8.0,0.07142857142857142,0.4749663978494624,0.6928763440860215,0.47492050208192793
resnet50_caltech256_f25_s1_fullft,resnet50,caltech256,25,1,fullft,frequency:highpass,12.0,0.10714285714285714,0.2960349462365591,0.5073924731182796,0.3066922155082903
resnet50_caltech256_f25_s1_fullft,resnet50,caltech256,25,1,fullft,frequency:highpass,16.0,0.14285714285714285,0.18548387096774194,0.3553427419354839,0.19457162140345263
resnet50_caltech256_f25_s1_fullft,resnet50,caltech256,25,1,fullft,frequency:highpass,24.0,0.21428571428571427,0.11693548387096774,0.2476478494623656,0.11797671813920504
resnet50_caltech256_f25_s1_fullft,resnet50,caltech256,25,1,fullft,frequency:highpass,32.0,0.2857142857142857,0.10383064516129033,0.22731854838709678,0.10067271144604369
resnet50_caltech256_f25_s1_fullft,resnet50,caltech256,25,1,fullft,frequency:highpass,48.0,0.42857142857142855,0.06871639784946236,0.17019489247311828,0.06478547167654175
resnet50_caltech256_f25_s1_fullft,resnet50,caltech256,25,1,fullft,frequency:highpass,72.0,0.6428571428571429,0.02637768817204301,0.08484543010752688,0.022296134566730873
resnet50_caltech256_f25_s1_fullft,resnet50,caltech256,25,1,fullft,frequency:highpass,112.0,1.0,0.004200268817204301,0.016297043010752688,0.00034397029204431015
resnet50_caltech256_f25_s1_fullft,resnet50,caltech256,25,1,fullft,frequency:highpass,159.0,1.4196428571428572,0.004032258064516129,0.016129032258064516,3.1375502008032126e-05
resnet50_caltech256_f25_s1_fullft,resnet50,caltech256,25,1,fullft,frequency:band_noise,4.0,0.03571428571428571,0.567372311827957,0.7590725806451613,0.5613057485752622
resnet50_caltech256_f25_s1_fullft,resnet50,caltech256,25,1,fullft,frequency:band_noise,12.0,0.10714285714285714,0.37533602150537637,0.5796370967741935,0.38046677451501265
resnet50_caltech256_f25_s1_fullft,resnet50,caltech256,25,1,fullft,frequency:band_noise,24.0,0.21428571428571427,0.38373655913978494,0.6051747311827957,0.38870873619603896
resnet50_caltech256_f25_s1_fullft,resnet50,caltech256,25,1,fullft,frequency:band_noise,44.0,0.39285714285714285,0.5767809139784946,0.788138440860215,0.5637381039952811
resnet50_caltech256_f25_s1_fullft,resnet50,caltech256,25,1,fullft,frequency:band_noise,72.0,0.6428571428571429,0.6843077956989247,0.8587029569892473,0.672166454547028
resnet50_caltech256_f25_s1_fullft,resnet50,caltech256,25,1,fullft,frequency:band_noise,123.5,1.1026785714285714,0.6750672043010753,0.8625672043010753,0.6554480966024654
resnet50_caltech256_f25_s2_fullft,resnet50,caltech256,25,2,fullft,corruption:gaussian_noise,1.0,1.0,0.7224462365591398,0.8904569892473119,0.7081909526149428
resnet50_caltech256_f25_s2_fullft,resnet50,caltech256,25,2,fullft,corruption:gaussian_noise,2.0,2.0,0.6013104838709677,0.8101478494623656,0.5996898230163404
resnet50_caltech256_f25_s2_fullft,resnet50,caltech256,25,2,fullft,corruption:gaussian_noise,3.0,3.0,0.40372983870967744,0.6389448924731183,0.42159453456828977
resnet50_caltech256_f25_s2_fullft,resnet50,caltech256,25,2,fullft,corruption:gaussian_noise,4.0,4.0,0.20228494623655913,0.40826612903225806,0.22943652622409072
resnet50_caltech256_f25_s2_fullft,resnet50,caltech256,25,2,fullft,corruption:gaussian_noise,5.0,5.0,0.06451612903225806,0.18733198924731181,0.07569527550173925
resnet50_caltech256_f25_s2_fullft,resnet50,caltech256,25,2,fullft,corruption:gaussian_blur,1.0,1.0,0.7992271505376344,0.927755376344086,0.7833105394643967
resnet50_caltech256_f25_s2_fullft,resnet50,caltech256,25,2,fullft,corruption:gaussian_blur,2.0,2.0,0.6849798387096774,0.8672715053763441,0.6681085137331761
resnet50_caltech256_f25_s2_fullft,resnet50,caltech256,25,2,fullft,corruption:gaussian_blur,3.0,3.0,0.5510752688172043,0.7735215053763441,0.5344534351734036
resnet50_caltech256_f25_s2_fullft,resnet50,caltech256,25,2,fullft,corruption:gaussian_blur,4.0,4.0,0.41918682795698925,0.661122311827957,0.39702068515543754
resnet50_caltech256_f25_s2_fullft,resnet50,caltech256,25,2,fullft,corruption:gaussian_blur,5.0,5.0,0.24344758064516128,0.4581653225806452,0.21691023050096442
resnet50_caltech256_f25_s2_fullft,resnet50,caltech256,25,2,fullft,corruption:jpeg,1.0,1.0,0.7866263440860215,0.9240591397849462,0.7680751016542855
resnet50_caltech256_f25_s2_fullft,resnet50,caltech256,25,2,fullft,corruption:jpeg,2.0,2.0,0.766633064516129,0.9138104838709677,0.7459040181375007
resnet50_caltech256_f25_s2_fullft,resnet50,caltech256,25,2,fullft,corruption:jpeg,3.0,3.0,0.7493279569892473,0.9015456989247311,0.7271357635837145
resnet50_caltech256_f25_s2_fullft,resnet50,caltech256,25,2,fullft,corruption:jpeg,4.0,4.0,0.6896841397849462,0.864247311827957,0.6658244614950345
resnet50_caltech256_f25_s2_fullft,resnet50,caltech256,25,2,fullft,corruption:jpeg,5.0,5.0,0.6066868279569892,0.802755376344086,0.5815366309121236
resnet50_caltech256_f25_s2_fullft,resnet50,caltech256,25,2,fullft,frequency:lowpass,4.0,0.03571428571428571,0.026881720430107527,0.09106182795698925,0.015095373573417507
resnet50_caltech256_f25_s2_fullft,resnet50,caltech256,25,2,fullft,frequency:lowpass,8.0,0.07142857142857142,0.13894489247311828,0.31518817204301075,0.11826852352447492
resnet50_caltech256_f25_s2_fullft,resnet50,caltech256,25,2,fullft,frequency:lowpass,12.0,0.10714285714285714,0.2662970430107527,0.4855510752688172,0.24345519463447463
resnet50_caltech256_f25_s2_fullft,resnet50,caltech256,25,2,fullft,frequency:lowpass,16.0,0.14285714285714285,0.40793010752688175,0.6345766129032258,0.38549005876680015
resnet50_caltech256_f25_s2_fullft,resnet50,caltech256,25,2,fullft,frequency:lowpass,24.0,0.21428571428571427,0.5885416666666666,0.7941868279569892,0.5690248702470371
resnet50_caltech256_f25_s2_fullft,resnet50,caltech256,25,2,fullft,frequency:lowpass,32.0,0.2857142857142857,0.6950604838709677,0.8671034946236559,0.6776015709361258
resnet50_caltech256_f25_s2_fullft,resnet50,caltech256,25,2,fullft,frequency:lowpass,48.0,0.42857142857142855,0.7615927419354839,0.9139784946236559,0.7435482199902049
resnet50_caltech256_f25_s2_fullft,resnet50,caltech256,25,2,fullft,frequency:lowpass,72.0,0.6428571428571429,0.8121639784946236,0.9361559139784946,0.7969227221145129
resnet50_caltech256_f25_s2_fullft,resnet50,caltech256,25,2,fullft,frequency:lowpass,112.0,1.0,0.8331653225806451,0.9445564516129032,0.8183689546724131
resnet50_caltech256_f25_s2_fullft,resnet50,caltech256,25,2,fullft,frequency:lowpass,159.0,1.4196428571428572,0.8303091397849462,0.9457325268817204,0.8155483127723998
resnet50_caltech256_f25_s2_fullft,resnet50,caltech256,25,2,fullft,frequency:highpass,4.0,0.03571428571428571,0.6644825268817204,0.8454301075268817,0.6477933961781983
resnet50_caltech256_f25_s2_fullft,resnet50,caltech256,25,2,fullft,frequency:highpass,8.0,0.07142857142857142,0.4831989247311828,0.6980846774193549,0.4817362408367424
resnet50_caltech256_f25_s2_fullft,resnet50,caltech256,25,2,fullft,frequency:highpass,12.0,0.10714285714285714,0.2567204301075269,0.4536290322580645,0.27711725456846736
resnet50_caltech256_f25_s2_fullft,resnet50,caltech256,25,2,fullft,frequency:highpass,16.0,0.14285714285714285,0.145497311827957,0.3081317204301075,0.15998534338184034
resnet50_caltech256_f25_s2_fullft,resnet50,caltech256,25,2,fullft,frequency:highpass,24.0,0.21428571428571427,0.08786962365591398,0.21723790322580644,0.09702266004722675
resnet50_caltech256_f25_s2_fullft,resnet50,caltech256,25,2,fullft,frequency:highpass,32.0,0.2857142857142857,0.0811491935483871,0.19438844086021506,0.08088731902841947
resnet50_caltech256_f25_s2_fullft,resnet50,caltech256,25,2,fullft,frequency:highpass,48.0,0.42857142857142855,0.04351478494623656,0.1273521505376344,0.041616051567437584
resnet50_caltech256_f25_s2_fullft,resnet50,caltech256,25,2,fullft,frequency:highpass,72.0,0.6428571428571429,0.013272849462365592,0.054771505376344086,0.012640955433631385
resnet50_caltech256_f25_s2_fullft,resnet50,caltech256,25,2,fullft,frequency:highpass,112.0,1.0,0.004200268817204301,0.02066532258064516,0.0003438807531380753
resnet50_caltech256_f25_s2_fullft,resnet50,caltech256,25,2,fullft,frequency:highpass,159.0,1.4196428571428572,0.004032258064516129,0.020329301075268816,3.1375502008032126e-05
resnet50_caltech256_f25_s2_fullft,resnet50,caltech256,25,2,fullft,frequency:band_noise,4.0,0.03571428571428571,0.5702284946236559,0.7626008064516129,0.5688373773750458
resnet50_caltech256_f25_s2_fullft,resnet50,caltech256,25,2,fullft,frequency:band_noise,12.0,0.10714285714285714,0.30460349462365593,0.49243951612903225,0.32061532283727856
resnet50_caltech256_f25_s2_fullft,resnet50,caltech256,25,2,fullft,frequency:band_noise,24.0,0.21428571428571427,0.3382056451612903,0.5609879032258065,0.35387318113577193
resnet50_caltech256_f25_s2_fullft,resnet50,caltech256,25,2,fullft,frequency:band_noise,44.0,0.39285714285714285,0.5940860215053764,0.7953629032258065,0.577285958834052
resnet50_caltech256_f25_s2_fullft,resnet50,caltech256,25,2,fullft,frequency:band_noise,72.0,0.6428571428571429,0.6759072580645161,0.8504704301075269,0.6594434037723002
resnet50_caltech256_f25_s2_fullft,resnet50,caltech256,25,2,fullft,frequency:band_noise,123.5,1.1026785714285714,0.6460013440860215,0.8422379032258065,0.6357064887375659
resnet50_caltech256_f50_s0_fullft,resnet50,caltech256,50,0,fullft,corruption:gaussian_noise,1.0,1.0,0.7817540322580645,0.9190188172043011,0.7692298669325685
resnet50_caltech256_f50_s0_fullft,resnet50,caltech256,50,0,fullft,corruption:gaussian_noise,2.0,2.0,0.688508064516129,0.859375,0.6804224447952654
resnet50_caltech256_f50_s0_fullft,resnet50,caltech256,50,0,fullft,corruption:gaussian_noise,3.0,3.0,0.5374663978494624,0.7318548387096774,0.5329717345276853
resnet50_caltech256_f50_s0_fullft,resnet50,caltech256,50,0,fullft,corruption:gaussian_noise,4.0,4.0,0.3550067204301075,0.5504032258064516,0.3525884256752225
resnet50_caltech256_f50_s0_fullft,resnet50,caltech256,50,0,fullft,corruption:gaussian_noise,5.0,5.0,0.17473118279569894,0.3286290322580645,0.1723885493643592
resnet50_caltech256_f50_s0_fullft,resnet50,caltech256,50,0,fullft,corruption:gaussian_blur,1.0,1.0,0.8346774193548387,0.9452284946236559,0.8209034643714079
resnet50_caltech256_f50_s0_fullft,resnet50,caltech256,50,0,fullft,corruption:gaussian_blur,2.0,2.0,0.7410954301075269,0.8953293010752689,0.7258428381405073
resnet50_caltech256_f50_s0_fullft,resnet50,caltech256,50,0,fullft,corruption:gaussian_blur,3.0,3.0,0.5979502688172043,0.803763440860215,0.5810421430746113
resnet50_caltech256_f50_s0_fullft,resnet50,caltech256,50,0,fullft,corruption:gaussian_blur,4.0,4.0,0.4529569892473118,0.6740591397849462,0.43513304519848256
resnet50_caltech256_f50_s0_fullft,resnet50,caltech256,50,0,fullft,corruption:gaussian_blur,5.0,5.0,0.2288306451612903,0.4212029569892473,0.21186069788002118
resnet50_caltech256_f50_s0_fullft,resnet50,caltech256,50,0,fullft,corruption:jpeg,1.0,1.0,0.8298051075268817,0.9448924731182796,0.8145633323636854
resnet50_caltech256_f50_s0_fullft,resnet50,caltech256,50,0,fullft,corruption:jpeg,2.0,2.0,0.8062836021505376,0.9380040322580645,0.7897476120700212
resnet50_caltech256_f50_s0_fullft,resnet50,caltech256,50,0,fullft,corruption:jpeg,3.0,3.0,0.7953629032258065,0.926747311827957,0.7787667590588552
resnet50_caltech256_f50_s0_fullft,resnet50,caltech256,50,0,fullft,corruption:jpeg,4.0,4.0,0.7345430107526881,0.895497311827957,0.7185058503620563
resnet50_caltech256_f50_s0_fullft,resnet50,caltech256,50,0,fullft,corruption:jpeg,5.0,5.0,0.6436491935483871,0.8245967741935484,0.6256808640223728
resnet50_caltech256_f50_s0_fullft,resnet50,caltech256,50,0,fullft,frequency:lowpass,4.0,0.03571428571428571,0.02637768817204301,0.07123655913978495,0.010405935192485527
resnet50_caltech256_f50_s0_fullft,resnet50,caltech256,50,0,fullft,frequency:lowpass,8.0,0.07142857142857142,0.12046370967741936,0.2852822580645161,0.09485788568688759
resnet50_caltech256_f50_s0_fullft,resnet50,caltech256,50,0,fullft,frequency:lowpass,12.0,0.10714285714285714,0.27738575268817206,0.49747983870967744,0.251784504381008
resnet50_caltech256_f50_s0_fullft,resnet50,caltech256,50,0,fullft,frequency:lowpass,16.0,0.14285714285714285,0.43481182795698925,0.6612903225806451,0.4092678306167709
resnet50_caltech256_f50_s0_fullft,resnet50,caltech256,50,0,fullft,frequency:lowpass,24.0,0.21428571428571427,0.6362567204301075,0.8318212365591398,0.61781231186036
resnet50_caltech256_f50_s0_fullft,resnet50,caltech256,50,0,fullft,frequency:lowpass,32.0,0.2857142857142857,0.7390793010752689,0.8941532258064516,0.7232768051209175
resnet50_caltech256_f50_s0_fullft,resnet50,caltech256,50,0,fullft,frequency:lowpass,48.0,0.42857142857142855,0.8108198924731183,0.9331317204301075,0.7970251939318587
resnet50_caltech256_f50_s0_fullft,resnet50,caltech256,50,0,fullft,frequency:lowpass,72.0,0.6428571428571429,0.850638440860215,0.9497647849462365,0.8381322165201801
resnet50_caltech256_f50_s0_fullft,resnet50,caltech256,50,0,fullft,frequency:lowpass,112.0,1.0,0.865255376344086,0.9586693548387096,0.8534092719775735
resnet50_caltech256_f50_s0_fullft,resnet50,caltech256,50,0,fullft,frequency:lowpass,159.0,1.4196428571428572,0.8667674731182796,0.9583333333333334,0.8551997389963646
resnet50_caltech256_f50_s0_fullft,resnet50,caltech256,50,0,fullft,frequency:highpass,4.0,0.03571428571428571,0.6898521505376344,0.8738239247311828,0.6789984540271249
resnet50_caltech256_f50_s0_fullft,resnet50,caltech256,50,0,fullft,frequency:highpass,8.0,0.07142857142857142,0.5220094086021505,0.7321908602150538,0.5165928836381597
resnet50_caltech256_f50_s0_fullft,resnet50,caltech256,50,0,fullft,frequency:highpass,12.0,0.10714285714285714,0.3321572580645161,0.542002688172043,0.34015479262688175
resnet50_caltech256_f50_s0_fullft,resnet50,caltech256,50,0,fullft,frequency:highpass,16.0,0.14285714285714285,0.2061491935483871,0.38810483870967744,0.2189013483598411
resnet50_caltech256_f50_s0_fullft,resnet50,caltech256,50,0,fullft,frequency:highpass,24.0,0.21428571428571427,0.11777553763440861,0.2542002688172043,0.12877257353849877
resnet50_caltech256_f50_s0_fullft,resnet50,caltech256,50,0,fullft,frequency:highpass,32.0,0.2857142857142857,0.10534274193548387,0.22748655913978494,0.1067437101672386
resnet50_caltech256_f50_s0_fullft,resnet50,caltech256,50,0,fullft,frequency:highpass,48.0,0.42857142857142855,0.06737231182795698,0.15893817204301075,0.059753991507540474
resnet50_caltech256_f50_s0_fullft,resnet50,caltech256,50,0,fullft,frequency:highpass,72.0,0.6428571428571429,0.02486559139784946,0.07291666666666667,0.02129523293666513
resnet50_caltech256_f50_s0_fullft,resnet50,caltech256,50,0,fullft,frequency:highpass,112.0,1.0,0.004032258064516129,0.021169354838709676,3.1375502008032126e-05
resnet50_caltech256_f50_s0_fullft,resnet50,caltech256,50,0,fullft,frequency:highpass,159.0,1.4196428571428572,0.004032258064516129,0.020329301075268816,3.1375502008032126e-05
resnet50_caltech256_f50_s0_fullft,resnet50,caltech256,50,0,fullft,frequency:band_noise,4.0,0.03571428571428571,0.5863575268817204,0.7669690860215054,0.5885734942052928
resnet50_caltech256_f50_s0_fullft,resnet50,caltech256,50,0,fullft,frequency:band_noise,12.0,0.10714285714285714,0.42977150537634407,0.6334005376344086,0.4422484428366965
resnet50_caltech256_f50_s0_fullft,resnet50,caltech256,50,0,fullft,frequency:band_noise,24.0,0.21428571428571427,0.463877688172043,0.6819556451612904,0.4733809432498509
resnet50_caltech256_f50_s0_fullft,resnet50,caltech256,50,0,fullft,frequency:band_noise,44.0,0.39285714285714285,0.635752688172043,0.8293010752688172,0.6181943435161618
resnet50_caltech256_f50_s0_fullft,resnet50,caltech256,50,0,fullft,frequency:band_noise,72.0,0.6428571428571429,0.7474798387096774,0.9032258064516129,0.7320814273018676
resnet50_caltech256_f50_s0_fullft,resnet50,caltech256,50,0,fullft,frequency:band_noise,123.5,1.1026785714285714,0.7649529569892473,0.9087701612903226,0.7490188183250606
resnet50_caltech256_f50_s1_fullft,resnet50,caltech256,50,1,fullft,corruption:gaussian_noise,1.0,1.0,0.7731854838709677,0.9151545698924731,0.757524113620484
resnet50_caltech256_f50_s1_fullft,resnet50,caltech256,50,1,fullft,corruption:gaussian_noise,2.0,2.0,0.6792674731182796,0.8637432795698925,0.6668821768838601
resnet50_caltech256_f50_s1_fullft,resnet50,caltech256,50,1,fullft,corruption:gaussian_noise,3.0,3.0,0.5183131720430108,0.740255376344086,0.518208025411276
resnet50_caltech256_f50_s1_fullft,resnet50,caltech256,50,1,fullft,corruption:gaussian_noise,4.0,4.0,0.3111559139784946,0.5378024193548387,0.3206686521131552
resnet50_caltech256_f50_s1_fullft,resnet50,caltech256,50,1,fullft,corruption:gaussian_noise,5.0,5.0,0.11424731182795698,0.2706653225806452,0.1287689012201792
resnet50_caltech256_f50_s1_fullft,resnet50,caltech256,50,1,fullft,corruption:gaussian_blur,1.0,1.0,0.8356854838709677,0.9469086021505376,0.8206392875927526
resnet50_caltech256_f50_s1_fullft,resnet50,caltech256,50,1,fullft,corruption:gaussian_blur,2.0,2.0,0.7318548387096774,0.8926411290322581,0.7122619291920351
resnet50_caltech256_f50_s1_fullft,resnet50,caltech256,50,1,fullft,corruption:gaussian_blur,3.0,3.0,0.5957661290322581,0.7992271505376344,0.5770659591919094
resnet50_caltech256_f50_s1_fullft,resnet50,caltech256,50,1,fullft,corruption:gaussian_blur,4.0,4.0,0.45631720430107525,0.6859879032258065,0.43650515239039367
resnet50_caltech256_f50_s1_fullft,resnet50,caltech256,50,1,fullft,corruption:gaussian_blur,5.0,5.0,0.25991263440860213,0.46606182795698925,0.23710849677461576
resnet50_caltech256_f50_s1_fullft,resnet50,caltech256,50,1,fullft,corruption:jpeg,1.0,1.0,0.8308131720430108,0.944388440860215,0.8130743937590612
resnet50_caltech256_f50_s1_fullft,resnet50,caltech256,50,1,fullft,corruption:jpeg,2.0,2.0,0.8093077956989247,0.9361559139784946,0.7910782091834817
resnet50_caltech256_f50_s1_fullft,resnet50,caltech256,50,1,fullft,corruption:jpeg,3.0,3.0,0.7948588709677419,0.9255712365591398,0.7762157624393838
resnet50_caltech256_f50_s1_fullft,resnet50,caltech256,50,1,fullft,corruption:jpeg,4.0,4.0,0.7362231182795699,0.8953293010752689,0.7160634029974556
resnet50_caltech256_f50_s1_fullft,resnet50,caltech256,50,1,fullft,corruption:jpeg,5.0,5.0,0.6515456989247311,0.8299731182795699,0.6289923422962205
resnet50_caltech256_f50_s1_fullft,resnet50,caltech256,50,1,fullft,frequency:lowpass,4.0,0.03571428571428571,0.025873655913978496,0.08854166666666667,0.0144913351160011
resnet50_caltech256_f50_s1_fullft,resnet50,caltech256,50,1,fullft,frequency:lowpass,8.0,0.07142857142857142,0.1226478494623656,0.2896505376344086,0.10993405435068726
resnet50_caltech256_f50_s1_fullft,resnet50,caltech256,50,1,fullft,frequency:lowpass,12.0,0.10714285714285714,0.28864247311827956,0.5131048387096774,0.2759233509633287
resnet50_caltech256_f50_s1_fullft,resnet50,caltech256,50,1,fullft,frequency:lowpass,16.0,0.14285714285714285,0.4435483870967742,0.6706989247311828,0.4253744965305112
resnet50_caltech256_f50_s1_fullft,resnet50,caltech256,50,1,fullft,frequency:lowpass,24.0,0.21428571428571427,0.6171034946236559,0.8103158602150538,0.5993623430899107
resnet50_caltech256_f50_s1_fullft,resnet50,caltech256,50,1,fullft,frequency:lowpass,32.0,0.2857142857142857,0.7150537634408602,0.880880376344086,0.6979957364078142
resnet50_caltech256_f50_s1_fullft,resnet50,caltech256,50,1,fullft,frequency:lowpass,48.0,0.42857142857142855,0.7993951612903226,0.9284274193548387,0.784695334245094
resnet50_caltech256_f50_s1_fullft,resnet50,caltech256,50,1,fullft,frequency:lowpass,72.0,0.6428571428571429,0.8461021505376344,0.9519489247311828,0.8338301759598357
resnet50_caltech256_f50_s1_fullft,resnet50,caltech256,50,1,fullft,frequency:lowpass,112.0,1.0,0.8654233870967742,0.9586693548387096,0.8518675024928488
resnet50_caltech256_f50_s1_fullft,resnet50,caltech256,50,1,fullft,frequency:lowpass,159.0,1.4196428571428572,0.8677755376344086,0.959005376344086,0.8540393210279786
resnet50_caltech256_f50_s1_fullft,resnet50,caltech256,50,1,fullft,frequency:highpass,4.0,0.03571428571428571,0.7009408602150538,0.8709677419354839,0.6881088041558157
resnet50_caltech256_f50_s1_fullft,resnet50,caltech256,50,1,fullft,frequency:highpass,8.0,0.07142857142857142,0.5082325268817204,0.7212701612903226,0.5087379271081379
resnet50_caltech256_f50_s1_fullft,resnet50,caltech256,50,1,fullft,frequency:highpass,12.0,0.10714285714285714,0.2931787634408602,0.4998319892473118,0.3119116693338674
resnet50_caltech256_f50_s1_fullft,resnet50,caltech256,50,1,fullft,frequency:highpass,16.0,0.14285714285714285,0.1748991935483871,0.33686155913978494,0.18307945200715012
resnet50_caltech256_f50_s1_fullft,resnet50,caltech256,50,1,fullft,frequency:highpass,24.0,0.21428571428571427,0.11441532258064516,0.23723118279569894,0.10887762992713969
resnet50_caltech256_f50_s1_fullft,resnet50,caltech256,50,1,fullft,frequency:highpass,32.0,0.2857142857142857,0.11273521505376344,0.23471102150537634,0.10164998844589677
resnet50_caltech256_f50_s1_fullft,resnet50,caltech256,50,1,fullft,frequency:highpass,48.0,0.42857142857142855,0.07123655913978495,0.17758736559139784,0.06500679966745061
resnet50_caltech256_f50_s1_fullft,resnet50,caltech256,50,1,fullft,frequency:highpass,72.0,0.6428571428571429,0.023689516129032258,0.08450940860215053,0.019364949676788878
resnet50_caltech256_f50_s1_fullft,resnet50,caltech256,50,1,fullft,frequency:highpass,112.0,1.0,0.004032258064516129,0.019153225806451613,3.139651707970529e-05
resnet50_caltech256_f50_s1_fullft,resnet50,caltech256,50,1,fullft,frequency:highpass,159.0,1.4196428571428572,0.004032258064516129,0.01965725806451613,3.1375502008032126e-05
resnet50_caltech256_f50_s1_fullft,resnet50,caltech256,50,1,fullft,frequency:band_noise,4.0,0.03571428571428571,0.5759408602150538,0.7629368279569892,0.5761760814636663
resnet50_caltech256_f50_s1_fullft,resnet50,caltech256,50,1,fullft,frequency:band_noise,12.0,0.10714285714285714,0.3951612903225806,0.5992943548387096,0.41847978227070237
resnet50_caltech256_f50_s1_fullft,resnet50,caltech256,50,1,fullft,frequency:band_noise,24.0,0.21428571428571427,0.4536290322580645,0.671875,0.46456693540489175
resnet50_caltech256_f50_s1_fullft,resnet50,caltech256,50,1,fullft,frequency:band_noise,44.0,0.39285714285714285,0.6313844086021505,0.8230846774193549,0.615938642097218
resnet50_caltech256_f50_s1_fullft,resnet50,caltech256,50,1,fullft,frequency:band_noise,72.0,0.6428571428571429,0.7189180107526881,0.8805443548387096,0.7018177182415797
resnet50_caltech256_f50_s1_fullft,resnet50,caltech256,50,1,fullft,frequency:band_noise,123.5,1.1026785714285714,0.6937163978494624,0.869119623655914,0.6748181467709897
resnet50_caltech256_f50_s2_fullft,resnet50,caltech256,50,2,fullft,corruption:gaussian_noise,1.0,1.0,0.780241935483871,0.920866935483871,0.7676726605623787
resnet50_caltech256_f50_s2_fullft,resnet50,caltech256,50,2,fullft,corruption:gaussian_noise,2.0,2.0,0.7027889784946236,0.8697916666666666,0.6952469234024967
resnet50_caltech256_f50_s2_fullft,resnet50,caltech256,50,2,fullft,corruption:gaussian_noise,3.0,3.0,0.5611559139784946,0.7689852150537635,0.5598132770496529
resnet50_caltech256_f50_s2_fullft,resnet50,caltech256,50,2,fullft,corruption:gaussian_noise,4.0,4.0,0.3810483870967742,0.589885752688172,0.38738413053679777
resnet50_caltech256_f50_s2_fullft,resnet50,caltech256,50,2,fullft,corruption:gaussian_noise,5.0,5.0,0.17019489247311828,0.3323252688172043,0.19556902267141402
resnet50_caltech256_f50_s2_fullft,resnet50,caltech256,50,2,fullft,corruption:gaussian_blur,1.0,1.0,0.8345094086021505,0.9452284946236559,0.8213479607179061
resnet50_caltech256_f50_s2_fullft,resnet50,caltech256,50,2,fullft,corruption:gaussian_blur,2.0,2.0,0.7271505376344086,0.8921370967741935,0.7127856510743638
resnet50_caltech256_f50_s2_fullft,resnet50,caltech256,50,2,fullft,corruption:gaussian_blur,3.0,3.0,0.5784610215053764,0.7963709677419355,0.5672441927242085
resnet50_caltech256_f50_s2_fullft,resnet50,caltech256,50,2,fullft,corruption:gaussian_blur,4.0,4.0,0.43497983870967744,0.6696908602150538,0.4313694387540705
resnet50_caltech256_f50_s2_fullft,resnet50,caltech256,50,2,fullft,corruption:gaussian_blur,5.0,5.0,0.21673387096774194,0.4393481182795699,0.20847687869408998
resnet50_caltech256_f50_s2_fullft,resnet50,caltech256,50,2,fullft,corruption:jpeg,1.0,1.0,0.8276209677419355,0.9437163978494624,0.8131977720443331
resnet50_caltech256_f50_s2_fullft,resnet50,caltech256,50,2,fullft,corruption:jpeg,2.0,2.0,0.8029233870967742,0.9331317204301075,0.7859282536078245
resnet50_caltech256_f50_s2_fullft,resnet50,caltech256,50,2,fullft,corruption:jpeg,3.0,3.0,0.7896505376344086,0.9195228494623656,0.7726777801833083
resnet50_caltech256_f50_s2_fullft,resnet50,caltech256,50,2,fullft,corruption:jpeg,4.0,4.0,0.7375672043010753,0.8902889784946236,0.7190961872675669
resnet50_caltech256_f50_s2_fullft,resnet50,caltech256,50,2,fullft,corruption:jpeg,5.0,5.0,0.657258064516129,0.8299731182795699,0.6364420076099233
resnet50_caltech256_f50_s2_fullft,resnet50,caltech256,50,2,fullft,frequency:lowpass,4.0,0.03571428571428571,0.019993279569892473,0.0667002688172043,0.010021822256336275
resnet50_caltech256_f50_s2_fullft,resnet50,caltech256,50,2,fullft,frequency:lowpass,8.0,0.07142857142857142,0.10467069892473119,0.2565524193548387,0.09062545585820345
resnet50_caltech256_f50_s2_fullft,resnet50,caltech256,50,2,fullft,frequency:lowpass,12.0,0.10714285714285714,0.25168010752688175,0.4789986559139785,0.24430208181579705
resnet50_caltech256_f50_s2_fullft,resnet50,caltech256,50,2,fullft,frequency:lowpass,16.0,0.14285714285714285,0.4230510752688172,0.655241935483871,0.41018270267924695
resnet50_caltech256_f50_s2_fullft,resnet50,caltech256,50,2,fullft,frequency:lowpass,24.0,0.21428571428571427,0.629872311827957,0.818380376344086,0.6131499896737269
resnet50_caltech256_f50_s2_fullft,resnet50,caltech256,50,2,fullft,frequency:lowpass,32.0,0.2857142857142857,0.7318548387096774,0.890625,0.715953697341383
resnet50_caltech256_f50_s2_fullft,resnet50,caltech256,50,2,fullft,frequency:lowpass,48.0,0.42857142857142855,0.807627688172043,0.9329637096774194,0.7935246752892644
resnet50_caltech256_f50_s2_fullft,resnet50,caltech256,50,2,fullft,frequency:lowpass,72.0,0.6428571428571429,0.8469422043010753,0.9524529569892473,0.8347013831956911
resnet50_caltech256_f50_s2_fullft,resnet50,caltech256,50,2,fullft,frequency:lowpass,112.0,1.0,0.8644153225806451,0.9586693548387096,0.8525058972483606
resnet50_caltech256_f50_s2_fullft,resnet50,caltech256,50,2,fullft,frequency:lowpass,159.0,1.4196428571428572,0.8647513440860215,0.9591733870967742,0.8526313424639307
resnet50_caltech256_f50_s2_fullft,resnet50,caltech256,50,2,fullft,frequency:highpass,4.0,0.03571428571428571,0.6989247311827957,0.8743279569892473,0.6902830864780518
resnet50_caltech256_f50_s2_fullft,resnet50,caltech256,50,2,fullft,frequency:highpass,8.0,0.07142857142857142,0.5314180107526881,0.7330309139784946,0.5339472022271314
resnet50_caltech256_f50_s2_fullft,resnet50,caltech256,50,2,fullft,frequency:highpass,12.0,0.10714285714285714,0.3326612903225806,0.5408266129032258,0.34308904273719254
resnet50_caltech256_f50_s2_fullft,resnet50,caltech256,50,2,fullft,frequency:highpass,16.0,0.14285714285714285,0.1905241935483871,0.3697916666666667,0.19886827189323802
resnet50_caltech256_f50_s2_fullft,resnet50,caltech256,50,2,fullft,frequency:highpass,24.0,0.21428571428571427,0.11693548387096774,0.2474798387096774,0.12404873504062676
resnet50_caltech256_f50_s2_fullft,resnet50,caltech256,50,2,fullft,frequency:highpass,32.0,0.2857142857142857,0.10534274193548387,0.2212701612903226,0.10715875867607613
resnet50_caltech256_f50_s2_fullft,resnet50,caltech256,50,2,fullft,frequency:highpass,48.0,0.42857142857142855,0.06938844086021505,0.16431451612903225,0.06705616282772815
resnet50_caltech256_f50_s2_fullft,resnet50,caltech256,50,2,fullft,frequency:highpass,72.0,0.6428571428571429,0.022681451612903226,0.08081317204301075,0.022157507293610337
resnet50_caltech256_f50_s2_fullft,resnet50,caltech256,50,2,fullft,frequency:highpass,112.0,1.0,0.004200268817204301,0.02066532258064516,0.0003439333612740989
resnet50_caltech256_f50_s2_fullft,resnet50,caltech256,50,2,fullft,frequency:highpass,159.0,1.4196428571428572,0.004032258064516129,0.0198252688172043,3.1375502008032126e-05
resnet50_caltech256_f50_s2_fullft,resnet50,caltech256,50,2,fullft,frequency:band_noise,4.0,0.03571428571428571,0.6409610215053764,0.8234206989247311,0.6376586209867885
resnet50_caltech256_f50_s2_fullft,resnet50,caltech256,50,2,fullft,frequency:band_noise,12.0,0.10714285714285714,0.40893817204301075,0.615255376344086,0.4343883641610597
resnet50_caltech256_f50_s2_fullft,resnet50,caltech256,50,2,fullft,frequency:band_noise,24.0,0.21428571428571427,0.3924731182795699,0.6110551075268817,0.41442300055626774
resnet50_caltech256_f50_s2_fullft,resnet50,caltech256,50,2,fullft,frequency:band_noise,44.0,0.39285714285714285,0.652385752688172,0.832997311827957,0.63927496546989
resnet50_caltech256_f50_s2_fullft,resnet50,caltech256,50,2,fullft,frequency:band_noise,72.0,0.6428571428571429,0.7373991935483871,0.8953293010752689,0.7241250183541312
resnet50_caltech256_f50_s2_fullft,resnet50,caltech256,50,2,fullft,frequency:band_noise,123.5,1.1026785714285714,0.7610887096774194,0.9077620967741935,0.746766463616968
resnet50_food101_f100_s0_fullft,resnet50,food101,100,0,fullft,corruption:gaussian_noise,1.0,1.0,0.4184158415841584,0.675,0.4277070050773735
resnet50_food101_f100_s0_fullft,resnet50,food101,100,0,fullft,corruption:gaussian_noise,2.0,2.0,0.170990099009901,0.37064356435643564,0.16916568221241735
resnet50_food101_f100_s0_fullft,resnet50,food101,100,0,fullft,corruption:gaussian_noise,3.0,3.0,0.03801980198019802,0.1262871287128713,0.03155028103295352
resnet50_food101_f100_s0_fullft,resnet50,food101,100,0,fullft,corruption:gaussian_noise,4.0,4.0,0.011435643564356435,0.06079207920792079,0.0023158562046372423
resnet50_food101_f100_s0_fullft,resnet50,food101,100,0,fullft,corruption:gaussian_noise,5.0,5.0,0.01089108910891089,0.0548019801980198,0.0004970184826402974
resnet50_food101_f100_s0_fullft,resnet50,food101,100,0,fullft,corruption:gaussian_blur,1.0,1.0,0.7604950495049505,0.9245544554455446,0.759002219364303
resnet50_food101_f100_s0_fullft,resnet50,food101,100,0,fullft,corruption:gaussian_blur,2.0,2.0,0.6112871287128713,0.8363366336633663,0.6092499153320833
resnet50_food101_f100_s0_fullft,resnet50,food101,100,0,fullft,corruption:gaussian_blur,3.0,3.0,0.45034653465346536,0.712079207920792,0.44521967492887193
resnet50_food101_f100_s0_fullft,resnet50,food101,100,0,fullft,corruption:gaussian_blur,4.0,4.0,0.3134158415841584,0.5784158415841584,0.30538732349103775
resnet50_food101_f100_s0_fullft,resnet50,food101,100,0,fullft,corruption:gaussian_blur,5.0,5.0,0.154009900990099,0.3697029702970297,0.13926333785837783
resnet50_food101_f100_s0_fullft,resnet50,food101,100,0,fullft,corruption:jpeg,1.0,1.0,0.6681188118811882,0.871980198019802,0.6728244650764714
resnet50_food101_f100_s0_fullft,resnet50,food101,100,0,fullft,corruption:jpeg,2.0,2.0,0.5989603960396039,0.8298019801980198,0.6061187430874032
resnet50_food101_f100_s0_fullft,resnet50,food101,100,0,fullft,corruption:jpeg,3.0,3.0,0.5490594059405941,0.7884158415841584,0.5559114697422238
resnet50_food101_f100_s0_fullft,resnet50,food101,100,0,fullft,corruption:jpeg,4.0,4.0,0.3994059405940594,0.6570297029702971,0.4082763633915392
resnet50_food101_f100_s0_fullft,resnet50,food101,100,0,fullft,corruption:jpeg,5.0,5.0,0.2306930693069307,0.4685643564356436,0.23966583619235043
resnet50_food101_f100_s0_fullft,resnet50,food101,100,0,fullft,frequency:lowpass,4.0,0.03571428571428571,0.023564356435643564,0.10297029702970296,0.013952205384264662
resnet50_food101_f100_s0_fullft,resnet50,food101,100,0,fullft,frequency:lowpass,8.0,0.07142857142857142,0.08173267326732674,0.23351485148514853,0.06788031285416368
resnet50_food101_f100_s0_fullft,resnet50,food101,100,0,fullft,frequency:lowpass,12.0,0.10714285714285714,0.16237623762376238,0.3723267326732673,0.1530811778365799
resnet50_food101_f100_s0_fullft,resnet50,food101,100,0,fullft,frequency:lowpass,16.0,0.14285714285714285,0.27891089108910894,0.5342574257425743,0.27443751055106796
resnet50_food101_f100_s0_fullft,resnet50,food101,100,0,fullft,frequency:lowpass,24.0,0.21428571428571427,0.478019801980198,0.7382673267326733,0.4788253652843748
resnet50_food101_f100_s0_fullft,resnet50,food101,100,0,fullft,frequency:lowpass,32.0,0.2857142857142857,0.5771782178217821,0.8135643564356435,0.5759473424110577
resnet50_food101_f100_s0_fullft,resnet50,food101,100,0,fullft,frequency:lowpass,48.0,0.42857142857142855,0.6608910891089109,0.8668316831683168,0.6584444964633626
resnet50_food101_f100_s0_fullft,resnet50,food101,100,0,fullft,frequency:lowpass,72.0,0.6428571428571429,0.7652970297029703,0.9263861386138614,0.7636346396687936
resnet50_food101_f100_s0_fullft,resnet50,food101,100,0,fullft,frequency:lowpass,112.0,1.0,0.8236138613861386,0.9515841584158415,0.8232041904632845
resnet50_food101_f100_s0_fullft,resnet50,food101,100,0,fullft,frequency:lowpass,159.0,1.4196428571428572,0.8254455445544554,0.953069306930693,0.8251744360744333
resnet50_food101_f100_s0_fullft,resnet50,food101,100,0,fullft,frequency:highpass,4.0,0.03571428571428571,0.42277227722772276,0.7042079207920792,0.4270800799093913
resnet50_food101_f100_s0_fullft,resnet50,food101,100,0,fullft,frequency:highpass,8.0,0.07142857142857142,0.1999009900990099,0.46420792079207923,0.19380069665806865
resnet50_food101_f100_s0_fullft,resnet50,food101,100,0,fullft,frequency:highpass,12.0,0.10714285714285714,0.09237623762376238,0.25935643564356436,0.0790634427562458
resnet50_food101_f100_s0_fullft,resnet50,food101,100,0,fullft,frequency:highpass,16.0,0.14285714285714285,0.03792079207920792,0.15178217821782178,0.035836451371701314
resnet50_food101_f100_s0_fullft,resnet50,food101,100,0,fullft,frequency:highpass,24.0,0.21428571428571427,0.01292079207920792,0.06782178217821783,0.0037651444100606666
resnet50_food101_f100_s0_fullft,resnet50,food101,100,0,fullft,frequency:highpass,32.0,0.2857142857142857,0.011435643564356435,0.055445544554455446,0.002059617170944518
resnet50_food101_f100_s0_fullft,resnet50,food101,100,0,fullft,frequency:highpass,48.0,0.42857142857142855,0.007277227722772278,0.046584158415841584,0.001235197630938926
resnet50_food101_f100_s0_fullft,resnet50,food101,100,0,fullft,frequency:highpass,72.0,0.6428571428571429,0.009900990099009901,0.05004950495049505,0.0008397370818383153
resnet50_food101_f100_s0_fullft,resnet50,food101,100,0,fullft,frequency:highpass,112.0,1.0,0.011089108910891089,0.0500990099009901,0.0004860017214707782
resnet50_food101_f100_s0_fullft,resnet50,food101,100,0,fullft,frequency:highpass,159.0,1.4196428571428572,0.009900990099009901,0.04950495049504951,0.00019413706076490002
resnet50_food101_f100_s0_fullft,resnet50,food101,100,0,fullft,frequency:band_noise,4.0,0.03571428571428571,0.3282673267326733,0.5544554455445545,0.3416332374047304
resnet50_food101_f100_s0_fullft,resnet50,food101,100,0,fullft,frequency:band_noise,12.0,0.10714285714285714,0.17212871287128712,0.38272277227722773,0.17112878390256137
resnet50_food101_f100_s0_fullft,resnet50,food101,100,0,fullft,frequency:band_noise,24.0,0.21428571428571427,0.16806930693069308,0.3660891089108911,0.15042490806345554
resnet50_food101_f100_s0_fullft,resnet50,food101,100,0,fullft,frequency:band_noise,44.0,0.39285714285714285,0.1354950495049505,0.3185148514851485,0.11954730697064936
resnet50_food101_f100_s0_fullft,resnet50,food101,100,0,fullft,frequency:band_noise,72.0,0.6428571428571429,0.22613861386138615,0.4599009900990099,0.22289786212735319
resnet50_food101_f100_s0_fullft,resnet50,food101,100,0,fullft,frequency:band_noise,123.5,1.1026785714285714,0.06475247524752475,0.17698019801980197,0.056535770357697655
resnet50_food101_f25_s0_fullft,resnet50,food101,25,0,fullft,corruption:gaussian_noise,1.0,1.0,0.30227722772277227,0.5617821782178218,0.3108745025614053
resnet50_food101_f25_s0_fullft,resnet50,food101,25,0,fullft,corruption:gaussian_noise,2.0,2.0,0.0946039603960396,0.25054455445544555,0.09903843004160315
resnet50_food101_f25_s0_fullft,resnet50,food101,25,0,fullft,corruption:gaussian_noise,3.0,3.0,0.019257425742574257,0.08435643564356436,0.01301152900559693
resnet50_food101_f25_s0_fullft,resnet50,food101,25,0,fullft,corruption:gaussian_noise,4.0,4.0,0.010792079207920791,0.05361386138613861,0.0011234199978697552
resnet50_food101_f25_s0_fullft,resnet50,food101,25,0,fullft,corruption:gaussian_noise,5.0,5.0,0.009900990099009901,0.05173267326732673,0.00019487260933936725
resnet50_food101_f25_s0_fullft,resnet50,food101,25,0,fullft,corruption:gaussian_blur,1.0,1.0,0.6293069306930693,0.8551485148514851,0.6267621262115898
resnet50_food101_f25_s0_fullft,resnet50,food101,25,0,fullft,corruption:gaussian_blur,2.0,2.0,0.47737623762376236,0.743960396039604,0.4765254227452611
resnet50_food101_f25_s0_fullft,resnet50,food101,25,0,fullft,corruption:gaussian_blur,3.0,3.0,0.3533168316831683,0.6203960396039604,0.3518899614062778
resnet50_food101_f25_s0_fullft,resnet50,food101,25,0,fullft,corruption:gaussian_blur,4.0,4.0,0.2457920792079208,0.4979207920792079,0.24174885765379334
resnet50_food101_f25_s0_fullft,resnet50,food101,25,0,fullft,corruption:gaussian_blur,5.0,5.0,0.12564356435643564,0.3175742574257426,0.11397512421804692
resnet50_food101_f25_s0_fullft,resnet50,food101,25,0,fullft,corruption:jpeg,1.0,1.0,0.5604950495049505,0.8050990099009901,0.5696214355165858
resnet50_food101_f25_s0_fullft,resnet50,food101,25,0,fullft,corruption:jpeg,2.0,2.0,0.48866336633663365,0.7441089108910891,0.5005134648378864
resnet50_food101_f25_s0_fullft,resnet50,food101,25,0,fullft,corruption:jpeg,3.0,3.0,0.4298019801980198,0.6911386138613861,0.44239870826539374
resnet50_food101_f25_s0_fullft,resnet50,food101,25,0,fullft,corruption:jpeg,4.0,4.0,0.2837128712871287,0.5313861386138614,0.29054110509704456
resnet50_food101_f25_s0_fullft,resnet50,food101,25,0,fullft,corruption:jpeg,5.0,5.0,0.15688118811881188,0.3536138613861386,0.1534106106397949
resnet50_food101_f25_s0_fullft,resnet50,food101,25,0,fullft,frequency:lowpass,4.0,0.03571428571428571,0.028514851485148516,0.10806930693069307,0.015148407998898106
resnet50_food101_f25_s0_fullft,resnet50,food101,25,0,fullft,frequency:lowpass,8.0,0.07142857142857142,0.0798019801980198,0.23267326732673269,0.062324396780280414
resnet50_food101_f25_s0_fullft,resnet50,food101,25,0,fullft,frequency:lowpass,12.0,0.10714285714285714,0.11663366336633664,0.2972277227722772,0.10177861317012345
resnet50_food101_f25_s0_fullft,resnet50,food101,25,0,fullft,frequency:lowpass,16.0,0.14285714285714285,0.1901980198019802,0.4150990099009901,0.18182989700228563
resnet50_food101_f25_s0_fullft,resnet50,food101,25,0,fullft,frequency:lowpass,24.0,0.21428571428571427,0.3357920792079208,0.5974752475247525,0.33835885347344147
resnet50_food101_f25_s0_fullft,resnet50,food101,25,0,fullft,frequency:lowpass,32.0,0.2857142857142857,0.4076237623762376,0.672920792079208,0.407605142991869
resnet50_food101_f25_s0_fullft,resnet50,food101,25,0,fullft,frequency:lowpass,48.0,0.42857142857142855,0.5187128712871287,0.7713366336633664,0.5176267543138994
resnet50_food101_f25_s0_fullft,resnet50,food101,25,0,fullft,frequency:lowpass,72.0,0.6428571428571429,0.6723762376237624,0.874950495049505,0.6681928224861069
resnet50_food101_f25_s0_fullft,resnet50,food101,25,0,fullft,frequency:lowpass,112.0,1.0,0.7313366336633663,0.9104455445544555,0.7290896991231158
resnet50_food101_f25_s0_fullft,resnet50,food101,25,0,fullft,frequency:lowpass,159.0,1.4196428571428572,0.733960396039604,0.9126237623762377,0.7320473166786924
resnet50_food101_f25_s0_fullft,resnet50,food101,25,0,fullft,frequency:highpass,4.0,0.03571428571428571,0.36603960396039603,0.6614851485148515,0.3657773846683911
resnet50_food101_f25_s0_fullft,resnet50,food101,25,0,fullft,frequency:highpass,8.0,0.07142857142857142,0.1912871287128713,0.43826732673267327,0.17646056161507565
resnet50_food101_f25_s0_fullft,resnet50,food101,25,0,fullft,frequency:highpass,12.0,0.10714285714285714,0.06935643564356436,0.23693069306930692,0.06370731063282731
resnet50_food101_f25_s0_fullft,resnet50,food101,25,0,fullft,frequency:highpass,16.0,0.14285714285714285,0.024405940594059407,0.12643564356435644,0.018223645241713746
resnet50_food101_f25_s0_fullft,resnet50,food101,25,0,fullft,frequency:highpass,24.0,0.21428571428571427,0.0100990099009901,0.06049504950495049,0.0006412615479899298
resnet50_food101_f25_s0_fullft,resnet50,food101,25,0,fullft,frequency:highpass,32.0,0.2857142857142857,0.010693069306930694,0.056683168316831685,0.0015539988525122787
resnet50_food101_f25_s0_fullft,resnet50,food101,25,0,fullft,frequency:highpass,48.0,0.42857142857142855,0.00995049504950495,0.051039603960396036,0.0008310523634067961
resnet50_food101_f25_s0_fullft,resnet50,food101,25,0,fullft,frequency:highpass,72.0,0.6428571428571429,0.00995049504950495,0.048762376237623764,0.0003931947366206485
resnet50_food101_f25_s0_fullft,resnet50,food101,25,0,fullft,frequency:highpass,112.0,1.0,0.00995049504950495,0.048564356435643566,0.00028986543937621807
resnet50_food101_f25_s0_fullft,resnet50,food101,25,0,fullft,frequency:highpass,159.0,1.4196428571428572,0.009900990099009901,0.04950495049504951,0.00019413706076490002
resnet50_food101_f25_s0_fullft,resnet50,food101,25,0,fullft,frequency:band_noise,4.0,0.03571428571428571,0.31886138613861387,0.5936138613861386,0.3348824134971177
resnet50_food101_f25_s0_fullft,resnet50,food101,25,0,fullft,frequency:band_noise,12.0,0.10714285714285714,0.07811881188118812,0.23084158415841585,0.0756328205746943
resnet50_food101_f25_s0_fullft,resnet50,food101,25,0,fullft,frequency:band_noise,24.0,0.21428571428571427,0.1484158415841584,0.36074257425742573,0.1480471102884149
resnet50_food101_f25_s0_fullft,resnet50,food101,25,0,fullft,frequency:band_noise,44.0,0.39285714285714285,0.13945544554455447,0.33103960396039606,0.13459229081259588
resnet50_food101_f25_s0_fullft,resnet50,food101,25,0,fullft,frequency:band_noise,72.0,0.6428571428571429,0.2006930693069307,0.4216336633663366,0.19004078698486412
resnet50_food101_f25_s0_fullft,resnet50,food101,25,0,fullft,frequency:band_noise,123.5,1.1026785714285714,0.06985148514851486,0.21836633663366337,0.07026150605523478
vit_b16_caltech256_f100_s0_fullft,vit_b16,caltech256,100,0,fullft,corruption:gaussian_noise,1.0,1.0,0.8689516129032258,0.9563172043010753,0.8584452817483039
vit_b16_caltech256_f100_s0_fullft,vit_b16,caltech256,100,0,fullft,corruption:gaussian_noise,2.0,2.0,0.8419018817204301,0.9406922043010753,0.8301432071997044
vit_b16_caltech256_f100_s0_fullft,vit_b16,caltech256,100,0,fullft,corruption:gaussian_noise,3.0,3.0,0.7841061827956989,0.9038978494623656,0.7721198365568611
vit_b16_caltech256_f100_s0_fullft,vit_b16,caltech256,100,0,fullft,corruption:gaussian_noise,4.0,4.0,0.6799395161290323,0.835013440860215,0.6750847941420671
vit_b16_caltech256_f100_s0_fullft,vit_b16,caltech256,100,0,fullft,corruption:gaussian_noise,5.0,5.0,0.4778225806451613,0.6656586021505376,0.4925133249638065
vit_b16_caltech256_f100_s0_fullft,vit_b16,caltech256,100,0,fullft,corruption:gaussian_blur,1.0,1.0,0.8728158602150538,0.9573252688172043,0.8620832744897642
vit_b16_caltech256_f100_s0_fullft,vit_b16,caltech256,100,0,fullft,corruption:gaussian_blur,2.0,2.0,0.7995631720430108,0.9217069892473119,0.7909932572933283
vit_b16_caltech256_f100_s0_fullft,vit_b16,caltech256,100,0,fullft,corruption:gaussian_blur,3.0,3.0,0.6901881720430108,0.8550067204301075,0.6881124688438017
vit_b16_caltech256_f100_s0_fullft,vit_b16,caltech256,100,0,fullft,corruption:gaussian_blur,4.0,4.0,0.569388440860215,0.7637768817204301,0.5740278195206271
vit_b16_caltech256_f100_s0_fullft,vit_b16,caltech256,100,0,fullft,corruption:gaussian_blur,5.0,5.0,0.3761760752688172,0.5787970430107527,0.3862850563672924
vit_b16_caltech256_f100_s0_fullft,vit_b16,caltech256,100,0,fullft,corruption:jpeg,1.0,1.0,0.8699596774193549,0.9574932795698925,0.8584869982516528
vit_b16_caltech256_f100_s0_fullft,vit_b16,caltech256,100,0,fullft,corruption:jpeg,2.0,2.0,0.8610551075268817,0.9524529569892473,0.8499266838382833
vit_b16_caltech256_f100_s0_fullft,vit_b16,caltech256,100,0,fullft,corruption:jpeg,3.0,3.0,0.8543346774193549,0.9479166666666666,0.8428454139337729
vit_b16_caltech256_f100_s0_fullft,vit_b16,caltech256,100,0,fullft,corruption:jpeg,4.0,4.0,0.8276209677419355,0.9334677419354839,0.8145800511630021
vit_b16_caltech256_f100_s0_fullft,vit_b16,caltech256,100,0,fullft,corruption:jpeg,5.0,5.0,0.7852822580645161,0.9035618279569892,0.7707850877354356
vit_b16_caltech256_f100_s0_fullft,vit_b16,caltech256,100,0,fullft,frequency:lowpass,4.0,0.03571428571428571,0.03746639784946237,0.09156586021505377,0.029535587114715822
vit_b16_caltech256_f100_s0_fullft,vit_b16,caltech256,100,0,fullft,frequency:lowpass,8.0,0.07142857142857142,0.1688508064516129,0.30493951612903225,0.17738819828311786
vit_b16_caltech256_f100_s0_fullft,vit_b16,caltech256,100,0,fullft,frequency:lowpass,12.0,0.10714285714285714,0.3795362903225806,0.5777889784946236,0.3960184903901206
vit_b16_caltech256_f100_s0_fullft,vit_b16,caltech256,100,0,fullft,frequency:lowpass,16.0,0.14285714285714285,0.5487231182795699,0.7419354838709677,0.5583492333687137
vit_b16_caltech256_f100_s0_fullft,vit_b16,caltech256,100,0,fullft,frequency:lowpass,24.0,0.21428571428571427,0.7232862903225806,0.8660954301075269,0.7189732845152899
vit_b16_caltech256_f100_s0_fullft,vit_b16,caltech256,100,0,fullft,frequency:lowpass,32.0,0.2857142857142857,0.7913306451612904,0.9151545698924731,0.7822440242582303
vit_b16_caltech256_f100_s0_fullft,vit_b16,caltech256,100,0,fullft,frequency:lowpass,48.0,0.42857142857142855,0.8600470430107527,0.9529569892473119,0.8484271540509858
vit_b16_caltech256_f100_s0_fullft,vit_b16,caltech256,100,0,fullft,frequency:lowpass,72.0,0.6428571428571429,0.8907930107526881,0.9652217741935484,0.8811640875594062
vit_b16_caltech256_f100_s0_fullft,vit_b16,caltech256,100,0,fullft,frequency:lowpass,112.0,1.0,0.8949932795698925,0.9685819892473119,0.8857040808312437
vit_b16_caltech256_f100_s0_fullft,vit_b16,caltech256,100,0,fullft,frequency:lowpass,159.0,1.4196428571428572,0.8953293010752689,0.9689180107526881,0.8862883164163731
vit_b16_caltech256_f100_s0_fullft,vit_b16,caltech256,100,0,fullft,frequency:highpass,4.0,0.03571428571428571,0.7172379032258065,0.8620631720430108,0.7027248852141477
vit_b16_caltech256_f100_s0_fullft,vit_b16,caltech256,100,0,fullft,frequency:highpass,8.0,0.07142857142857142,0.5378024193548387,0.706989247311828,0.5354522641656225
vit_b16_caltech256_f100_s0_fullft,vit_b16,caltech256,100,0,fullft,frequency:highpass,12.0,0.10714285714285714,0.3738239247311828,0.5378024193548387,0.3725098839957555
vit_b16_caltech256_f100_s0_fullft,vit_b16,caltech256,100,0,fullft,frequency:highpass,16.0,0.14285714285714285,0.2723454301075269,0.4410282258064516,0.2719154714527554
vit_b16_caltech256_f100_s0_fullft,vit_b16,caltech256,100,0,fullft,frequency:highpass,24.0,0.21428571428571427,0.2007728494623656,0.334005376344086,0.19975819062140326
vit_b16_caltech256_f100_s0_fullft,vit_b16,caltech256,100,0,fullft,frequency:highpass,32.0,0.2857142857142857,0.1359206989247312,0.2542002688172043,0.13417256528200502
vit_b16_caltech256_f100_s0_fullft,vit_b16,caltech256,100,0,fullft,frequency:highpass,48.0,0.42857142857142855,0.051915322580645164,0.10668682795698925,0.04245273274880549
vit_b16_caltech256_f100_s0_fullft,vit_b16,caltech256,100,0,fullft,frequency:highpass,72.0,0.6428571428571429,0.010080645161290322,0.03309811827956989,0.004952117217627197
vit_b16_caltech256_f100_s0_fullft,vit_b16,caltech256,100,0,fullft,frequency:highpass,112.0,1.0,0.004032258064516129,0.01797715053763441,3.153910849453322e-05
vit_b16_caltech256_f100_s0_fullft,vit_b16,caltech256,100,0,fullft,frequency:highpass,159.0,1.4196428571428572,0.004032258064516129,0.01730510752688172,3.1375502008032126e-05
vit_b16_caltech256_f100_s0_fullft,vit_b16,caltech256,100,0,fullft,frequency:band_noise,4.0,0.03571428571428571,0.7394153225806451,0.869119623655914,0.7385784511682474
vit_b16_caltech256_f100_s0_fullft,vit_b16,caltech256,100,0,fullft,frequency:band_noise,12.0,0.10714285714285714,0.7348790322580645,0.8758400537634409,0.7289708348478663
vit_b16_caltech256_f100_s0_fullft,vit_b16,caltech256,100,0,fullft,frequency:band_noise,24.0,0.21428571428571427,0.6990927419354839,0.8563508064516129,0.7029690934979467
vit_b16_caltech256_f100_s0_fullft,vit_b16,caltech256,100,0,fullft,frequency:band_noise,44.0,0.39285714285714285,0.7893145161290323,0.9124663978494624,0.780626759027391
vit_b16_caltech256_f100_s0_fullft,vit_b16,caltech256,100,0,fullft,frequency:band_noise,72.0,0.6428571428571429,0.858366935483871,0.9517809139784946,0.8468310713311746
vit_b16_caltech256_f100_s0_fullft,vit_b16,caltech256,100,0,fullft,frequency:band_noise,123.5,1.1026785714285714,0.8864247311827957,0.9652217741935484,0.8768402868038232
vit_b16_caltech256_f100_s1_fullft,vit_b16,caltech256,100,1,fullft,corruption:gaussian_noise,1.0,1.0,0.8613911290322581,0.9527889784946236,0.8507110982668868
vit_b16_caltech256_f100_s1_fullft,vit_b16,caltech256,100,1,fullft,corruption:gaussian_noise,2.0,2.0,0.8405577956989247,0.9376680107526881,0.8289497211687482
vit_b16_caltech256_f100_s1_fullft,vit_b16,caltech256,100,1,fullft,corruption:gaussian_noise,3.0,3.0,0.7874663978494624,0.9050739247311828,0.7766749754517882
vit_b16_caltech256_f100_s1_fullft,vit_b16,caltech256,100,1,fullft,corruption:gaussian_noise,4.0,4.0,0.676747311827957,0.8382056451612904,0.6723212982197757
vit_b16_caltech256_f100_s1_fullft,vit_b16,caltech256,100,1,fullft,corruption:gaussian_noise,5.0,5.0,0.4830309139784946,0.6772513440860215,0.4939477996966362
vit_b16_caltech256_f100_s1_fullft,vit_b16,caltech256,100,1,fullft,corruption:gaussian_blur,1.0,1.0,0.8755040322580645,0.9573252688172043,0.8654188334373664
vit_b16_caltech256_f100_s1_fullft,vit_b16,caltech256,100,1,fullft,corruption:gaussian_blur,2.0,2.0,0.8022513440860215,0.9223790322580645,0.7927989027361919
vit_b16_caltech256_f100_s1_fullft,vit_b16,caltech256,100,1,fullft,corruption:gaussian_blur,3.0,3.0,0.709005376344086,0.870127688172043,0.7027515262223298
vit_b16_caltech256_f100_s1_fullft,vit_b16,caltech256,100,1,fullft,corruption:gaussian_blur,4.0,4.0,0.5952620967741935,0.7869623655913979,0.5883227964310409
vit_b16_caltech256_f100_s1_fullft,vit_b16,caltech256,100,1,fullft,corruption:gaussian_blur,5.0,5.0,0.3744959677419355,0.584005376344086,0.3785436037208424
vit_b16_caltech256_f100_s1_fullft,vit_b16,caltech256,100,1,fullft,corruption:jpeg,1.0,1.0,0.8729838709677419,0.9596774193548387,0.8610374360358977
vit_b16_caltech256_f100_s1_fullft,vit_b16,caltech256,100,1,fullft,corruption:jpeg,2.0,2.0,0.8650873655913979,0.9512768817204301,0.8528846070921866
vit_b16_caltech256_f100_s1_fullft,vit_b16,caltech256,100,1,fullft,corruption:jpeg,3.0,3.0,0.8602150537634409,0.9499327956989247,0.8477945784284782
vit_b16_caltech256_f100_s1_fullft,vit_b16,caltech256,100,1,fullft,corruption:jpeg,4.0,4.0,0.8341733870967742,0.9368279569892473,0.8202622142273391
vit_b16_caltech256_f100_s1_fullft,vit_b16,caltech256,100,1,fullft,corruption:jpeg,5.0,5.0,0.7963709677419355,0.9119623655913979,0.7821779088678575
vit_b16_caltech256_f100_s1_fullft,vit_b16,caltech256,100,1,fullft,frequency:lowpass,4.0,0.03571428571428571,0.035450268817204304,0.09324596774193548,0.027343247933221515
vit_b16_caltech256_f100_s1_fullft,vit_b16,caltech256,100,1,fullft,frequency:lowpass,8.0,0.07142857142857142,0.18313172043010753,0.33618951612903225,0.19079495206827257
vit_b16_caltech256_f100_s1_fullft,vit_b16,caltech256,100,1,fullft,frequency:lowpass,12.0,0.10714285714285714,0.4012096774193548,0.609375,0.41648410290660903
vit_b16_caltech256_f100_s1_fullft,vit_b16,caltech256,100,1,fullft,frequency:lowpass,16.0,0.14285714285714285,0.5589717741935484,0.7580645161290323,0.5652950539290434
vit_b16_caltech256_f100_s1_fullft,vit_b16,caltech256,100,1,fullft,frequency:lowpass,24.0,0.21428571428571427,0.7179099462365591,0.8746639784946236,0.7162674613407254
vit_b16_caltech256_f100_s1_fullft,vit_b16,caltech256,100,1,fullft,frequency:lowpass,32.0,0.2857142857142857,0.7931787634408602,0.9176747311827957,0.7874541004668811
vit_b16_caltech256_f100_s1_fullft,vit_b16,caltech256,100,1,fullft,frequency:lowpass,48.0,0.42857142857142855,0.8580309139784946,0.9543010752688172,0.8474437318262076
vit_b16_caltech256_f100_s1_fullft,vit_b16,caltech256,100,1,fullft,frequency:lowpass,72.0,0.6428571428571429,0.8938172043010753,0.9650537634408602,0.8840313459112923
vit_b16_caltech256_f100_s1_fullft,vit_b16,caltech256,100,1,fullft,frequency:lowpass,112.0,1.0,0.8934811827956989,0.9675739247311828,0.8831641997374062
vit_b16_caltech256_f100_s1_fullft,vit_b16,caltech256,100,1,fullft,frequency:lowpass,159.0,1.4196428571428572,0.8939852150537635,0.9679099462365591,0.8837576039232447
vit_b16_caltech256_f100_s1_fullft,vit_b16,caltech256,100,1,fullft,frequency:highpass,4.0,0.03571428571428571,0.677755376344086,0.839885752688172,0.6674880765100547
vit_b16_caltech256_f100_s1_fullft,vit_b16,caltech256,100,1,fullft,frequency:highpass,8.0,0.07142857142857142,0.4732862903225806,0.6518817204301075,0.47340797058919826
vit_b16_caltech256_f100_s1_fullft,vit_b16,caltech256,100,1,fullft,frequency:highpass,12.0,0.10714285714285714,0.2770497311827957,0.43481182795698925,0.2957842049240338
vit_b16_caltech256_f100_s1_fullft,vit_b16,caltech256,100,1,fullft,frequency:highpass,16.0,0.14285714285714285,0.1797715053763441,0.3126680107526882,0.19638801565782404
vit_b16_caltech256_f100_s1_fullft,vit_b16,caltech256,100,1,fullft,frequency:highpass,24.0,0.21428571428571427,0.12147177419354839,0.21723790322580644,0.1282789737664864
vit_b16_caltech256_f100_s1_fullft,vit_b16,caltech256,100,1,fullft,frequency:highpass,32.0,0.2857142857142857,0.0804771505376344,0.1544018817204301,0.07699938105297252
vit_b16_caltech256_f100_s1_fullft,vit_b16,caltech256,100,1,fullft,frequency:highpass,48.0,0.42857142857142855,0.0324260752688172,0.07442876344086022,0.01640911537349969
vit_b16_caltech256_f100_s1_fullft,vit_b16,caltech256,100,1,fullft,frequency:highpass,72.0,0.6428571428571429,0.008400537634408602,0.02956989247311828,0.0031244833748758265
vit_b16_caltech256_f100_s1_fullft,vit_b16,caltech256,100,1,fullft,frequency:highpass,112.0,1.0,0.005040322580645161,0.0270497311827957,0.00010980201396841555
vit_b16_caltech256_f100_s1_fullft,vit_b16,caltech256,100,1,fullft,frequency:highpass,159.0,1.4196428571428572,0.004032258064516129,0.0270497311827957,3.1375502008032126e-05
vit_b16_caltech256_f100_s1_fullft,vit_b16,caltech256,100,1,fullft,frequency:band_noise,4.0,0.03571428571428571,0.7473118279569892,0.8755040322580645,0.7422982592446967
vit_b16_caltech256_f100_s1_fullft,vit_b16,caltech256,100,1,fullft,frequency:band_noise,12.0,0.10714285714285714,0.7452956989247311,0.8822244623655914,0.7389359872285143
vit_b16_caltech256_f100_s1_fullft,vit_b16,caltech256,100,1,fullft,frequency:band_noise,24.0,0.21428571428571427,0.7205981182795699,0.8672715053763441,0.7177186417927537
vit_b16_caltech256_f100_s1_fullft,vit_b16,caltech256,100,1,fullft,frequency:band_noise,44.0,0.39285714285714285,0.7854502688172043,0.9087701612903226,0.7775084084412746
vit_b16_caltech256_f100_s1_fullft,vit_b16,caltech256,100,1,fullft,frequency:band_noise,72.0,0.6428571428571429,0.8565188172043011,0.9509408602150538,0.8444936636328901
vit_b16_caltech256_f100_s1_fullft,vit_b16,caltech256,100,1,fullft,frequency:band_noise,123.5,1.1026785714285714,0.8815524193548387,0.9615255376344086,0.8707420458608643
vit_b16_caltech256_f100_s2_fullft,vit_b16,caltech256,100,2,fullft,corruption:gaussian_noise,1.0,1.0,0.8637432795698925,0.9549731182795699,0.8524881580672146
vit_b16_caltech256_f100_s2_fullft,vit_b16,caltech256,100,2,fullft,corruption:gaussian_noise,2.0,2.0,0.8353494623655914,0.9368279569892473,0.8239628299440407
vit_b16_caltech256_f100_s2_fullft,vit_b16,caltech256,100,2,fullft,corruption:gaussian_noise,3.0,3.0,0.7767137096774194,0.9027217741935484,0.7657471376875503
vit_b16_caltech256_f100_s2_fullft,vit_b16,caltech256,100,2,fullft,corruption:gaussian_noise,4.0,4.0,0.6735551075268817,0.8328293010752689,0.6711340895811776
vit_b16_caltech256_f100_s2_fullft,vit_b16,caltech256,100,2,fullft,corruption:gaussian_noise,5.0,5.0,0.4887432795698925,0.6801075268817204,0.5009195168901734
vit_b16_caltech256_f100_s2_fullft,vit_b16,caltech256,100,2,fullft,corruption:gaussian_blur,1.0,1.0,0.8776881720430108,0.9593413978494624,0.8672087335413476
vit_b16_caltech256_f100_s2_fullft,vit_b16,caltech256,100,2,fullft,corruption:gaussian_blur,2.0,2.0,0.8047715053763441,0.9201948924731183,0.7936014162251858
vit_b16_caltech256_f100_s2_fullft,vit_b16,caltech256,100,2,fullft,corruption:gaussian_blur,3.0,3.0,0.7027889784946236,0.8598790322580645,0.6953247892719369
vit_b16_caltech256_f100_s2_fullft,vit_b16,caltech256,100,2,fullft,corruption:gaussian_blur,4.0,4.0,0.5793010752688172,0.7772177419354839,0.5773110134779877
vit_b16_caltech256_f100_s2_fullft,vit_b16,caltech256,100,2,fullft,corruption:gaussian_blur,5.0,5.0,0.3859206989247312,0.5855174731182796,0.39173795723563587
vit_b16_caltech256_f100_s2_fullft,vit_b16,caltech256,100,2,fullft,corruption:jpeg,1.0,1.0,0.8781922043010753,0.9595094086021505,0.8671906929640439
vit_b16_caltech256_f100_s2_fullft,vit_b16,caltech256,100,2,fullft,corruption:jpeg,2.0,2.0,0.8647513440860215,0.9549731182795699,0.8525403495028268
vit_b16_caltech256_f100_s2_fullft,vit_b16,caltech256,100,2,fullft,corruption:jpeg,3.0,3.0,0.853494623655914,0.9509408602150538,0.8403372980506112
vit_b16_caltech256_f100_s2_fullft,vit_b16,caltech256,100,2,fullft,corruption:jpeg,4.0,4.0,0.8316532258064516,0.9351478494623656,0.8177135324646807
vit_b16_caltech256_f100_s2_fullft,vit_b16,caltech256,100,2,fullft,corruption:jpeg,5.0,5.0,0.7945228494623656,0.9156586021505376,0.7812759966449152
vit_b16_caltech256_f100_s2_fullft,vit_b16,caltech256,100,2,fullft,frequency:lowpass,4.0,0.03571428571428571,0.03881048387096774,0.10131048387096774,0.025993982957694638
vit_b16_caltech256_f100_s2_fullft,vit_b16,caltech256,100,2,fullft,frequency:lowpass,8.0,0.07142857142857142,0.16364247311827956,0.30930779569892475,0.16310015975114825
vit_b16_caltech256_f100_s2_fullft,vit_b16,caltech256,100,2,fullft,frequency:lowpass,12.0,0.10714285714285714,0.3487903225806452,0.5504032258064516,0.36322439493669956
vit_b16_caltech256_f100_s2_fullft,vit_b16,caltech256,100,2,fullft,frequency:lowpass,16.0,0.14285714285714285,0.5283938172043011,0.728494623655914,0.5359986538068893
vit_b16_caltech256_f100_s2_fullft,vit_b16,caltech256,100,2,fullft,frequency:lowpass,24.0,0.21428571428571427,0.7120295698924731,0.869119623655914,0.7056666380489784
vit_b16_caltech256_f100_s2_fullft,vit_b16,caltech256,100,2,fullft,frequency:lowpass,32.0,0.2857142857142857,0.792002688172043,0.9171706989247311,0.7792917416124887
vit_b16_caltech256_f100_s2_fullft,vit_b16,caltech256,100,2,fullft,frequency:lowpass,48.0,0.42857142857142855,0.8677755376344086,0.9537970430107527,0.8565074482025392
vit_b16_caltech256_f100_s2_fullft,vit_b16,caltech256,100,2,fullft,frequency:lowpass,72.0,0.6428571428571429,0.8966733870967742,0.9667338709677419,0.8872884346960002
vit_b16_caltech256_f100_s2_fullft,vit_b16,caltech256,100,2,fullft,frequency:lowpass,112.0,1.0,0.8998655913978495,0.9670698924731183,0.8901342632981337
vit_b16_caltech256_f100_s2_fullft,vit_b16,caltech256,100,2,fullft,frequency:lowpass,159.0,1.4196428571428572,0.899361559139785,0.967741935483871,0.8896275099533981
vit_b16_caltech256_f100_s2_fullft,vit_b16,caltech256,100,2,fullft,frequency:highpass,4.0,0.03571428571428571,0.6974126344086021,0.8511424731182796,0.6869815596197266
vit_b16_caltech256_f100_s2_fullft,vit_b16,caltech256,100,2,fullft,frequency:highpass,8.0,0.07142857142857142,0.5154569892473119,0.6891801075268817,0.5146598165122888
vit_b16_caltech256_f100_s2_fullft,vit_b16,caltech256,100,2,fullft,frequency:highpass,12.0,0.10714285714285714,0.35080645161290325,0.5294018817204301,0.35300633301604034
vit_b16_caltech256_f100_s2_fullft,vit_b16,caltech256,100,2,fullft,frequency:highpass,16.0,0.14285714285714285,0.254872311827957,0.40776209677419356,0.2619201205976251
vit_b16_caltech256_f100_s2_fullft,vit_b16,caltech256,100,2,fullft,frequency:highpass,24.0,0.21428571428571427,0.1580981182795699,0.28444220430107525,0.16603063264443585
vit_b16_caltech256_f100_s2_fullft,vit_b16,caltech256,100,2,fullft,frequency:highpass,32.0,0.2857142857142857,0.1135752688172043,0.2140456989247312,0.11469919460213493
vit_b16_caltech256_f100_s2_fullft,vit_b16,caltech256,100,2,fullft,frequency:highpass,48.0,0.42857142857142855,0.051243279569892476,0.11038306451612903,0.043281440819802924
vit_b16_caltech256_f100_s2_fullft,vit_b16,caltech256,100,2,fullft,frequency:highpass,72.0,0.6428571428571429,0.008904569892473119,0.030913978494623656,0.004442806485763861
vit_b16_caltech256_f100_s2_fullft,vit_b16,caltech256,100,2,fullft,frequency:highpass,112.0,1.0,0.004032258064516129,0.018649193548387098,3.141756032171582e-05
vit_b16_caltech256_f100_s2_fullft,vit_b16,caltech256,100,2,fullft,frequency:highpass,159.0,1.4196428571428572,0.004032258064516129,0.018649193548387098,3.1375502008032126e-05
vit_b16_caltech256_f100_s2_fullft,vit_b16,caltech256,100,2,fullft,frequency:band_noise,4.0,0.03571428571428571,0.735383064516129,0.8697916666666666,0.7336718153885406
vit_b16_caltech256_f100_s2_fullft,vit_b16,caltech256,100,2,fullft,frequency:band_noise,12.0,0.10714285714285714,0.7417674731182796,0.8743279569892473,0.7389869901388263
vit_b16_caltech256_f100_s2_fullft,vit_b16,caltech256,100,2,fullft,frequency:band_noise,24.0,0.21428571428571427,0.730510752688172,0.8785282258064516,0.7322890579359518
vit_b16_caltech256_f100_s2_fullft,vit_b16,caltech256,100,2,fullft,frequency:band_noise,44.0,0.39285714285714285,0.7807459677419355,0.905241935483871,0.771835491159838
vit_b16_caltech256_f100_s2_fullft,vit_b16,caltech256,100,2,fullft,frequency:band_noise,72.0,0.6428571428571429,0.8578629032258065,0.9501008064516129,0.8460923471177575
vit_b16_caltech256_f100_s2_fullft,vit_b16,caltech256,100,2,fullft,frequency:band_noise,123.5,1.1026785714285714,0.8865927419354839,0.9632056451612904,0.8761651192111782
vit_b16_caltech256_f10_s0_fullft,vit_b16,caltech256,10,0,fullft,corruption:gaussian_noise,1.0,1.0,0.7421034946236559,0.8876008064516129,0.7157137105597164
vit_b16_caltech256_f10_s0_fullft,vit_b16,caltech256,10,0,fullft,corruption:gaussian_noise,2.0,2.0,0.7147177419354839,0.8713037634408602,0.6904622509677877
vit_b16_caltech256_f10_s0_fullft,vit_b16,caltech256,10,0,fullft,corruption:gaussian_noise,3.0,3.0,0.665994623655914,0.8375336021505376,0.6400792603177032
vit_b16_caltech256_f10_s0_fullft,vit_b16,caltech256,10,0,fullft,corruption:gaussian_noise,4.0,4.0,0.5838373655913979,0.7671370967741935,0.5629676177749703
vit_b16_caltech256_f10_s0_fullft,vit_b16,caltech256,10,0,fullft,corruption:gaussian_noise,5.0,5.0,0.4332997311827957,0.6352486559139785,0.4226484156474666
vit_b16_caltech256_f10_s0_fullft,vit_b16,caltech256,10,0,fullft,corruption:gaussian_blur,1.0,1.0,0.7547043010752689,0.8938172043010753,0.7306865571252644
vit_b16_caltech256_f10_s0_fullft,vit_b16,caltech256,10,0,fullft,corruption:gaussian_blur,2.0,2.0,0.6817876344086021,0.8467741935483871,0.6538348134121941
vit_b16_caltech256_f10_s0_fullft,vit_b16,caltech256,10,0,fullft,corruption:gaussian_blur,3.0,3.0,0.5798051075268817,0.7649529569892473,0.5545187676718348
vit_b16_caltech256_f10_s0_fullft,vit_b16,caltech256,10,0,fullft,corruption:gaussian_blur,4.0,4.0,0.4652217741935484,0.6505376344086021,0.4447662059197397
vit_b16_caltech256_f10_s0_fullft,vit_b16,caltech256,10,0,fullft,corruption:gaussian_blur,5.0,5.0,0.2696572580645161,0.43598790322580644,0.2606104651829125
vit_b16_caltech256_f10_s0_fullft,vit_b16,caltech256,10,0,fullft,corruption:jpeg,1.0,1.0,0.7479838709677419,0.8862567204301075,0.7237328391614722
vit_b16_caltech256_f10_s0_fullft,vit_b16,caltech256,10,0,fullft,corruption:jpeg,2.0,2.0,0.7261424731182796,0.8753360215053764,0.6999996531547155
vit_b16_caltech256_f10_s0_fullft,vit_b16,caltech256,10,0,fullft,corruption:jpeg,3.0,3.0,0.7160618279569892,0.8660954301075269,0.6893834808065067
vit_b16_caltech256_f10_s0_fullft,vit_b16,caltech256,10,0,fullft,corruption:jpeg,4.0,4.0,0.6797715053763441,0.8392137096774194,0.6504597353624549
vit_b16_caltech256_f10_s0_fullft,vit_b16,caltech256,10,0,fullft,corruption:jpeg,5.0,5.0,0.6345766129032258,0.8104838709677419,0.6062198692667298
vit_b16_caltech256_f10_s0_fullft,vit_b16,caltech256,10,0,fullft,frequency:lowpass,4.0,0.03571428571428571,0.021673387096774195,0.059307795698924734,0.014629891003666271
vit_b16_caltech256_f10_s0_fullft,vit_b16,caltech256,10,0,fullft,frequency:lowpass,8.0,0.07142857142857142,0.0979502688172043,0.20581317204301075,0.0962557246806055
vit_b16_caltech256_f10_s0_fullft,vit_b16,caltech256,10,0,fullft,frequency:lowpass,12.0,0.10714285714285714,0.27738575268817206,0.4415322580645161,0.26710333731398067
vit_b16_caltech256_f10_s0_fullft,vit_b16,caltech256,10,0,fullft,frequency:lowpass,16.0,0.14285714285714285,0.43901209677419356,0.6221438172043011,0.42204408592616205
vit_b16_caltech256_f10_s0_fullft,vit_b16,caltech256,10,0,fullft,frequency:lowpass,24.0,0.21428571428571427,0.5915658602150538,0.7733534946236559,0.5693712957106094
vit_b16_caltech256_f10_s0_fullft,vit_b16,caltech256,10,0,fullft,frequency:lowpass,32.0,0.2857142857142857,0.6710349462365591,0.8304771505376344,0.64754299898104
vit_b16_caltech256_f10_s0_fullft,vit_b16,caltech256,10,0,fullft,frequency:lowpass,48.0,0.42857142857142855,0.7313508064516129,0.8797043010752689,0.7059403226083041
vit_b16_caltech256_f10_s0_fullft,vit_b16,caltech256,10,0,fullft,frequency:lowpass,72.0,0.6428571428571429,0.7689852150537635,0.9055779569892473,0.7453495129453822
vit_b16_caltech256_f10_s0_fullft,vit_b16,caltech256,10,0,fullft,frequency:lowpass,112.0,1.0,0.775369623655914,0.910114247311828,0.7508571429840853
vit_b16_caltech256_f10_s0_fullft,vit_b16,caltech256,10,0,fullft,frequency:lowpass,159.0,1.4196428571428572,0.7758736559139785,0.910114247311828,0.7518498895853258
vit_b16_caltech256_f10_s0_fullft,vit_b16,caltech256,10,0,fullft,frequency:highpass,4.0,0.03571428571428571,0.5729166666666666,0.7634408602150538,0.5506572890693783
vit_b16_caltech256_f10_s0_fullft,vit_b16,caltech256,10,0,fullft,frequency:highpass,8.0,0.07142857142857142,0.3659274193548387,0.5472110215053764,0.3544068254852244
vit_b16_caltech256_f10_s0_fullft,vit_b16,caltech256,10,0,fullft,frequency:highpass,12.0,0.10714285714285714,0.19623655913978494,0.3526545698924731,0.1974422097492541
vit_b16_caltech256_f10_s0_fullft,vit_b16,caltech256,10,0,fullft,frequency:highpass,16.0,0.14285714285714285,0.11928763440860216,0.2493279569892473,0.11902479386303698
vit_b16_caltech256_f10_s0_fullft,vit_b16,caltech256,10,0,fullft,frequency:highpass,24.0,0.21428571428571427,0.07762096774193548,0.1671706989247312,0.07445686002977436
vit_b16_caltech256_f10_s0_fullft,vit_b16,caltech256,10,0,fullft,frequency:highpass,32.0,0.2857142857142857,0.06401209677419355,0.1429771505376344,0.05527585861626106
vit_b16_caltech256_f10_s0_fullft,vit_b16,caltech256,10,0,fullft,frequency:highpass,48.0,0.42857142857142855,0.03141801075268817,0.0835013440860215,0.020772399157215765
vit_b16_caltech256_f10_s0_fullft,vit_b16,caltech256,10,0,fullft,frequency:highpass,72.0,0.6428571428571429,0.006720430107526882,0.03040994623655914,0.0025168091142941285
vit_b16_caltech256_f10_s0_fullft,vit_b16,caltech256,10,0,fullft,frequency:highpass,112.0,1.0,0.004032258064516129,0.019321236559139785,3.1375502008032126e-05
vit_b16_caltech256_f10_s0_fullft,vit_b16,caltech256,10,0,fullft,frequency:highpass,159.0,1.4196428571428572,0.004032258064516129,0.018649193548387098,3.1375502008032126e-05
vit_b16_caltech256_f10_s0_fullft,vit_b16,caltech256,10,0,fullft,frequency:band_noise,4.0,0.03571428571428571,0.6508736559139785,0.8126680107526881,0.6312596778357856
vit_b16_caltech256_f10_s0_fullft,vit_b16,caltech256,10,0,fullft,frequency:band_noise,12.0,0.10714285714285714,0.6273521505376344,0.7973790322580645,0.5994801834818924
vit_b16_caltech256_f10_s0_fullft,vit_b16,caltech256,10,0,fullft,frequency:band_noise,24.0,0.21428571428571427,0.6100470430107527,0.7933467741935484,0.5876221325520754
vit_b16_caltech256_f10_s0_fullft,vit_b16,caltech256,10,0,fullft,frequency:band_noise,44.0,0.39285714285714285,0.6673387096774194,0.8387096774193549,0.6420138589283682
vit_b16_caltech256_f10_s0_fullft,vit_b16,caltech256,10,0,fullft,frequency:band_noise,72.0,0.6428571428571429,0.7372311827956989,0.8834005376344086,0.7106617914153908
vit_b16_caltech256_f10_s0_fullft,vit_b16,caltech256,10,0,fullft,frequency:band_noise,123.5,1.1026785714285714,0.7627688172043011,0.9017137096774194,0.7384099395378407
vit_b16_caltech256_f10_s1_fullft,vit_b16,caltech256,10,1,fullft,corruption:gaussian_noise,1.0,1.0,0.7496639784946236,0.8921370967741935,0.7195507404962085
vit_b16_caltech256_f10_s1_fullft,vit_b16,caltech256,10,1,fullft,corruption:gaussian_noise,2.0,2.0,0.7200940860215054,0.8706317204301075,0.6895584048317456
vit_b16_caltech256_f10_s1_fullft,vit_b16,caltech256,10,1,fullft,corruption:gaussian_noise,3.0,3.0,0.6594422043010753,0.8299731182795699,0.6284699001451679
vit_b16_caltech256_f10_s1_fullft,vit_b16,caltech256,10,1,fullft,corruption:gaussian_noise,4.0,4.0,0.5631720430107527,0.7464717741935484,0.5360985565820631
vit_b16_caltech256_f10_s1_fullft,vit_b16,caltech256,10,1,fullft,corruption:gaussian_noise,5.0,5.0,0.40860215053763443,0.5826612903225806,0.3931865747297671
vit_b16_caltech256_f10_s1_fullft,vit_b16,caltech256,10,1,fullft,corruption:gaussian_blur,1.0,1.0,0.7683131720430108,0.9028897849462365,0.741885266742599
vit_b16_caltech256_f10_s1_fullft,vit_b16,caltech256,10,1,fullft,corruption:gaussian_blur,2.0,2.0,0.692372311827957,0.8543346774193549,0.6636528274791172
vit_b16_caltech256_f10_s1_fullft,vit_b16,caltech256,10,1,fullft,corruption:gaussian_blur,3.0,3.0,0.5806451612903226,0.7762096774193549,0.5587349192048228
vit_b16_caltech256_f10_s1_fullft,vit_b16,caltech256,10,1,fullft,corruption:gaussian_blur,4.0,4.0,0.4724462365591398,0.6715389784946236,0.4555795616256412
vit_b16_caltech256_f10_s1_fullft,vit_b16,caltech256,10,1,fullft,corruption:gaussian_blur,5.0,5.0,0.2698252688172043,0.4591733870967742,0.2713880462658001
vit_b16_caltech256_f10_s1_fullft,vit_b16,caltech256,10,1,fullft,corruption:jpeg,1.0,1.0,0.754872311827957,0.900369623655914,0.7265230912069794
vit_b16_caltech256_f10_s1_fullft,vit_b16,caltech256,10,1,fullft,corruption:jpeg,2.0,2.0,0.7463037634408602,0.8881048387096774,0.7177552902054034
vit_b16_caltech256_f10_s1_fullft,vit_b16,caltech256,10,1,fullft,corruption:jpeg,3.0,3.0,0.7335349462365591,0.8807123655913979,0.7042631970048843
vit_b16_caltech256_f10_s1_fullft,vit_b16,caltech256,10,1,fullft,corruption:jpeg,4.0,4.0,0.7078293010752689,0.8660954301075269,0.6773642369211212
vit_b16_caltech256_f10_s1_fullft,vit_b16,caltech256,10,1,fullft,corruption:jpeg,5.0,5.0,0.6703629032258065,0.8346774193548387,0.6384779859957856
vit_b16_caltech256_f10_s1_fullft,vit_b16,caltech256,10,1,fullft,frequency:lowpass,4.0,0.03571428571428571,0.02637768817204301,0.07325268817204302,0.016449960573057337
vit_b16_caltech256_f10_s1_fullft,vit_b16,caltech256,10,1,fullft,frequency:lowpass,8.0,0.07142857142857142,0.0991263440860215,0.213877688172043,0.1036999093765977
vit_b16_caltech256_f10_s1_fullft,vit_b16,caltech256,10,1,fullft,frequency:lowpass,12.0,0.10714285714285714,0.24193548387096775,0.43111559139784944,0.2486511582067063
vit_b16_caltech256_f10_s1_fullft,vit_b16,caltech256,10,1,fullft,frequency:lowpass,16.0,0.14285714285714285,0.40877016129032256,0.6016465053763441,0.4038381271514321
vit_b16_caltech256_f10_s1_fullft,vit_b16,caltech256,10,1,fullft,frequency:lowpass,24.0,0.21428571428571427,0.5954301075268817,0.7668010752688172,0.5707013910718748
vit_b16_caltech256_f10_s1_fullft,vit_b16,caltech256,10,1,fullft,frequency:lowpass,32.0,0.2857142857142857,0.672883064516129,0.8333333333333334,0.64877614663968
vit_b16_caltech256_f10_s1_fullft,vit_b16,caltech256,10,1,fullft,frequency:lowpass,48.0,0.42857142857142855,0.7397513440860215,0.8842405913978495,0.7136890594981339
vit_b16_caltech256_f10_s1_fullft,vit_b16,caltech256,10,1,fullft,frequency:lowpass,72.0,0.6428571428571429,0.7762096774193549,0.9099462365591398,0.7509605690243926
vit_b16_caltech256_f10_s1_fullft,vit_b16,caltech256,10,1,fullft,frequency:lowpass,112.0,1.0,0.7817540322580645,0.9122983870967742,0.7561869904832252
vit_b16_caltech256_f10_s1_fullft,vit_b16,caltech256,10,1,fullft,frequency:lowpass,159.0,1.4196428571428572,0.7810819892473119,0.9112903225806451,0.7545770584219758
vit_b16_caltech256_f10_s1_fullft,vit_b16,caltech256,10,1,fullft,frequency:highpass,4.0,0.03571428571428571,0.5873655913978495,0.7657930107526881,0.56000654021778
vit_b16_caltech256_f10_s1_fullft,vit_b16,caltech256,10,1,fullft,frequency:highpass,8.0,0.07142857142857142,0.36676747311827956,0.5582997311827957,0.35526895095411365
vit_b16_caltech256_f10_s1_fullft,vit_b16,caltech256,10,1,fullft,frequency:highpass,12.0,0.10714285714285714,0.22009408602150538,0.3780241935483871,0.21518071677884598
vit_b16_caltech256_f10_s1_fullft,vit_b16,caltech256,10,1,fullft,frequency:highpass,16.0,0.14285714285714285,0.14280913978494625,0.25924059139784944,0.13756778263719138
vit_b16_caltech256_f10_s1_fullft,vit_b16,caltech256,10,1,fullft,frequency:highpass,24.0,0.21428571428571427,0.07997311827956989,0.15742607526881722,0.07324062641043894
vit_b16_caltech256_f10_s1_fullft,vit_b16,caltech256,10,1,fullft,frequency:highpass,32.0,0.2857142857142857,0.05258736559139785,0.10971102150537634,0.04274797246891196
vit_b16_caltech256_f10_s1_fullft,vit_b16,caltech256,10,1,fullft,frequency:highpass,48.0,0.42857142857142855,0.026881720430107527,0.06266801075268817,0.014587629869507693
vit_b16_caltech256_f10_s1_fullft,vit_b16,caltech256,10,1,fullft,frequency:highpass,72.0,0.6428571428571429,0.011256720430107527,0.03141801075268817,0.004790941240769538
vit_b16_caltech256_f10_s1_fullft,vit_b16,caltech256,10,1,fullft,frequency:highpass,112.0,1.0,0.004032258064516129,0.016297043010752688,3.148614609571788e-05
vit_b16_caltech256_f10_s1_fullft,vit_b16,caltech256,10,1,fullft,frequency:highpass,159.0,1.4196428571428572,0.004032258064516129,0.01663306451612903,3.1375502008032126e-05
vit_b16_caltech256_f10_s1_fullft,vit_b16,caltech256,10,1,fullft,frequency:band_noise,4.0,0.03571428571428571,0.636760752688172,0.8103158602150538,0.6134350096517147
vit_b16_caltech256_f10_s1_fullft,vit_b16,caltech256,10,1,fullft,frequency:band_noise,12.0,0.10714285714285714,0.6307123655913979,0.8005712365591398,0.6011971410121212
vit_b16_caltech256_f10_s1_fullft,vit_b16,caltech256,10,1,fullft,frequency:band_noise,24.0,0.21428571428571427,0.6258400537634409,0.7950268817204301,0.5975591864628704
vit_b16_caltech256_f10_s1_fullft,vit_b16,caltech256,10,1,fullft,frequency:band_noise,44.0,0.39285714285714285,0.6586021505376344,0.8180443548387096,0.6281423740241179
vit_b16_caltech256_f10_s1_fullft,vit_b16,caltech256,10,1,fullft,frequency:band_noise,72.0,0.6428571428571429,0.7288306451612904,0.8802083333333334,0.6985647189534351
vit_b16_caltech256_f10_s1_fullft,vit_b16,caltech256,10,1,fullft,frequency:band_noise,123.5,1.1026785714285714,0.7614247311827957,0.9012096774193549,0.7356858014974654
vit_b16_caltech256_f10_s2_fullft,vit_b16,caltech256,10,2,fullft,corruption:gaussian_noise,1.0,1.0,0.7540322580645161,0.891633064516129,0.7266306494541883
vit_b16_caltech256_f10_s2_fullft,vit_b16,caltech256,10,2,fullft,corruption:gaussian_noise,2.0,2.0,0.7259744623655914,0.873991935483871,0.697758507348591
vit_b16_caltech256_f10_s2_fullft,vit_b16,caltech256,10,2,fullft,corruption:gaussian_noise,3.0,3.0,0.670866935483871,0.8316532258064516,0.6397122368528442
vit_b16_caltech256_f10_s2_fullft,vit_b16,caltech256,10,2,fullft,corruption:gaussian_noise,4.0,4.0,0.5798051075268817,0.7589045698924731,0.5447208525769416
vit_b16_caltech256_f10_s2_fullft,vit_b16,caltech256,10,2,fullft,corruption:gaussian_noise,5.0,5.0,0.4307795698924731,0.6097110215053764,0.4029695150083669
vit_b16_caltech256_f10_s2_fullft,vit_b16,caltech256,10,2,fullft,corruption:gaussian_blur,1.0,1.0,0.7661290322580645,0.8995295698924731,0.740024636595283
vit_b16_caltech256_f10_s2_fullft,vit_b16,caltech256,10,2,fullft,corruption:gaussian_blur,2.0,2.0,0.6935483870967742,0.8482862903225806,0.6648940552086426
vit_b16_caltech256_f10_s2_fullft,vit_b16,caltech256,10,2,fullft,corruption:gaussian_blur,3.0,3.0,0.589885752688172,0.7696572580645161,0.5636220074055406
vit_b16_caltech256_f10_s2_fullft,vit_b16,caltech256,10,2,fullft,corruption:gaussian_blur,4.0,4.0,0.47799059139784944,0.6705309139784946,0.46104502656087504
vit_b16_caltech256_f10_s2_fullft,vit_b16,caltech256,10,2,fullft,corruption:gaussian_blur,5.0,5.0,0.296875,0.4635416666666667,0.29485271761671805
vit_b16_caltech256_f10_s2_fullft,vit_b16,caltech256,10,2,fullft,corruption:jpeg,1.0,1.0,0.7567204301075269,0.8960013440860215,0.7304105606992569
vit_b16_caltech256_f10_s2_fullft,vit_b16,caltech256,10,2,fullft,corruption:jpeg,2.0,2.0,0.7415994623655914,0.885752688172043,0.7124378233187112
vit_b16_caltech256_f10_s2_fullft,vit_b16,caltech256,10,2,fullft,corruption:jpeg,3.0,3.0,0.733366935483871,0.8797043010752689,0.7046087959899697
vit_b16_caltech256_f10_s2_fullft,vit_b16,caltech256,10,2,fullft,corruption:jpeg,4.0,4.0,0.709005376344086,0.8597110215053764,0.681204564017829
vit_b16_caltech256_f10_s2_fullft,vit_b16,caltech256,10,2,fullft,corruption:jpeg,5.0,5.0,0.6653225806451613,0.8308131720430108,0.6360852348273078
vit_b16_caltech256_f10_s2_fullft,vit_b16,caltech256,10,2,fullft,frequency:lowpass,4.0,0.03571428571428571,0.025033602150537633,0.06535618279569892,0.013427691761793564
vit_b16_caltech256_f10_s2_fullft,vit_b16,caltech256,10,2,fullft,frequency:lowpass,8.0,0.07142857142857142,0.07476478494623656,0.1774193548387097,0.08071661082447183
vit_b16_caltech256_f10_s2_fullft,vit_b16,caltech256,10,2,fullft,frequency:lowpass,12.0,0.10714285714285714,0.23655913978494625,0.39633736559139787,0.23787439027848217
vit_b16_caltech256_f10_s2_fullft,vit_b16,caltech256,10,2,fullft,frequency:lowpass,16.0,0.14285714285714285,0.4012096774193548,0.5774529569892473,0.3895802763048847
vit_b16_caltech256_f10_s2_fullft,vit_b16,caltech256,10,2,fullft,frequency:lowpass,24.0,0.21428571428571427,0.5803091397849462,0.748991935483871,0.5586922825915777
vit_b16_caltech256_f10_s2_fullft,vit_b16,caltech256,10,2,fullft,frequency:lowpass,32.0,0.2857142857142857,0.6698588709677419,0.8225806451612904,0.6429639054317657
vit_b16_caltech256_f10_s2_fullft,vit_b16,caltech256,10,2,fullft,frequency:lowpass,48.0,0.42857142857142855,0.7422715053763441,0.8812163978494624,0.7161257195848778
vit_b16_caltech256_f10_s2_fullft,vit_b16,caltech256,10,2,fullft,frequency:lowpass,72.0,0.6428571428571429,0.7814180107526881,0.9067540322580645,0.7560716290970921
vit_b16_caltech256_f10_s2_fullft,vit_b16,caltech256,10,2,fullft,frequency:lowpass,112.0,1.0,0.7864583333333334,0.9109543010752689,0.7614602340637092
vit_b16_caltech256_f10_s2_fullft,vit_b16,caltech256,10,2,fullft,frequency:lowpass,159.0,1.4196428571428572,0.7869623655913979,0.911122311827957,0.7618940244881904
vit_b16_caltech256_f10_s2_fullft,vit_b16,caltech256,10,2,fullft,frequency:highpass,4.0,0.03571428571428571,0.6071908602150538,0.7867943548387096,0.5854671311659688
vit_b16_caltech256_f10_s2_fullft,vit_b16,caltech256,10,2,fullft,frequency:highpass,8.0,0.07142857142857142,0.3677755376344086,0.5404905913978495,0.360385272815516
vit_b16_caltech256_f10_s2_fullft,vit_b16,caltech256,10,2,fullft,frequency:highpass,12.0,0.10714285714285714,0.18968413978494625,0.3187163978494624,0.1975333000871568
vit_b16_caltech256_f10_s2_fullft,vit_b16,caltech256,10,2,fullft,frequency:highpass,16.0,0.14285714285714285,0.11441532258064516,0.21740591397849462,0.1222460238074396
vit_b16_caltech256_f10_s2_fullft,vit_b16,caltech256,10,2,fullft,frequency:highpass,24.0,0.21428571428571427,0.07627688172043011,0.16297043010752688,0.07914063442574103
vit_b16_caltech256_f10_s2_fullft,vit_b16,caltech256,10,2,fullft,frequency:highpass,32.0,0.2857142857142857,0.06401209677419355,0.13659274193548387,0.06224295774780782
vit_b16_caltech256_f10_s2_fullft,vit_b16,caltech256,10,2,fullft,frequency:highpass,48.0,0.42857142857142855,0.03662634408602151,0.09223790322580645,0.03394384999810446
vit_b16_caltech256_f10_s2_fullft,vit_b16,caltech256,10,2,fullft,frequency:highpass,72.0,0.6428571428571429,0.00739247311827957,0.03141801075268817,0.004768408695755021
vit_b16_caltech256_f10_s2_fullft,vit_b16,caltech256,10,2,fullft,frequency:highpass,112.0,1.0,0.003192204301075269,0.027385752688172043,2.4918163505120028e-05
vit_b16_caltech256_f10_s2_fullft,vit_b16,caltech256,10,2,fullft,frequency:highpass,159.0,1.4196428571428572,0.003192204301075269,0.027385752688172043,2.4859738737229944e-05
vit_b16_caltech256_f10_s2_fullft,vit_b16,caltech256,10,2,fullft,frequency:band_noise,4.0,0.03571428571428571,0.6691868279569892,0.8308131720430108,0.6381541974449361
vit_b16_caltech256_f10_s2_fullft,vit_b16,caltech256,10,2,fullft,frequency:band_noise,12.0,0.10714285714285714,0.6397849462365591,0.8140120967741935,0.6158474051471419
vit_b16_caltech256_f10_s2_fullft,vit_b16,caltech256,10,2,fullft,frequency:band_noise,24.0,0.21428571428571427,0.6202956989247311,0.7951948924731183,0.5975271156306223
vit_b16_caltech256_f10_s2_fullft,vit_b16,caltech256,10,2,fullft,frequency:band_noise,44.0,0.39285714285714285,0.6765793010752689,0.8424059139784946,0.6452237775140411
vit_b16_caltech256_f10_s2_fullft,vit_b16,caltech256,10,2,fullft,frequency:band_noise,72.0,0.6428571428571429,0.7397513440860215,0.8879368279569892,0.7135422612641719
vit_b16_caltech256_f10_s2_fullft,vit_b16,caltech256,10,2,fullft,frequency:band_noise,123.5,1.1026785714285714,0.7661290322580645,0.9022177419354839,0.7396605891787782
vit_b16_caltech256_f25_s0_fullft,vit_b16,caltech256,25,0,fullft,corruption:gaussian_noise,1.0,1.0,0.8244287634408602,0.9339717741935484,0.8101776610743071
vit_b16_caltech256_f25_s0_fullft,vit_b16,caltech256,25,0,fullft,corruption:gaussian_noise,2.0,2.0,0.7998991935483871,0.9164986559139785,0.7835782298111328
vit_b16_caltech256_f25_s0_fullft,vit_b16,caltech256,25,0,fullft,corruption:gaussian_noise,3.0,3.0,0.7540322580645161,0.8909610215053764,0.7372623281398513
vit_b16_caltech256_f25_s0_fullft,vit_b16,caltech256,25,0,fullft,corruption:gaussian_noise,4.0,4.0,0.664986559139785,0.8345094086021505,0.650251953594267
vit_b16_caltech256_f25_s0_fullft,vit_b16,caltech256,25,0,fullft,corruption:gaussian_noise,5.0,5.0,0.503864247311828,0.7002688172043011,0.502521350797936
vit_b16_caltech256_f25_s0_fullft,vit_b16,caltech256,25,0,fullft,corruption:gaussian_blur,1.0,1.0,0.8375336021505376,0.9417002688172043,0.822933048686223
vit_b16_caltech256_f25_s0_fullft,vit_b16,caltech256,25,0,fullft,corruption:gaussian_blur,2.0,2.0,0.7755376344086021,0.9035618279569892,0.7590309308214083
vit_b16_caltech256_f25_s0_fullft,vit_b16,caltech256,25,0,fullft,corruption:gaussian_blur,3.0,3.0,0.6769153225806451,0.8481182795698925,0.6623544074033576
vit_b16_caltech256_f25_s0_fullft,vit_b16,caltech256,25,0,fullft,corruption:gaussian_blur,4.0,4.0,0.553763440860215,0.7536962365591398,0.5407984081733892
vit_b16_caltech256_f25_s0_fullft,vit_b16,caltech256,25,0,fullft,corruption:gaussian_blur,5.0,5.0,0.3294690860215054,0.5184811827956989,0.3269971328126638
vit_b16_caltech256_f25_s0_fullft,vit_b16,caltech256,25,0,fullft,corruption:jpeg,1.0,1.0,0.8303091397849462,0.9380040322580645,0.8147572427318794
vit_b16_caltech256_f25_s0_fullft,vit_b16,caltech256,25,0,fullft,corruption:jpeg,2.0,2.0,0.8168682795698925,0.9332997311827957,0.8014802792674875
vit_b16_caltech256_f25_s0_fullft,vit_b16,caltech256,25,0,fullft,corruption:jpeg,3.0,3.0,0.8099798387096774,0.9296034946236559,0.7953954893715356
vit_b16_caltech256_f25_s0_fullft,vit_b16,caltech256,25,0,fullft,corruption:jpeg,4.0,4.0,0.780241935483871,0.9089381720430108,0.7650611610306193
vit_b16_caltech256_f25_s0_fullft,vit_b16,caltech256,25,0,fullft,corruption:jpeg,5.0,5.0,0.734375,0.879872311827957,0.7190195242372694
vit_b16_caltech256_f25_s0_fullft,vit_b16,caltech256,25,0,fullft,frequency:lowpass,4.0,0.03571428571428571,0.01965725806451613,0.06283602150537634,0.010787693656466948
vit_b16_caltech256_f25_s0_fullft,vit_b16,caltech256,25,0,fullft,frequency:lowpass,8.0,0.07142857142857142,0.12063172043010753,0.24915994623655913,0.12235525416508954
vit_b16_caltech256_f25_s0_fullft,vit_b16,caltech256,25,0,fullft,frequency:lowpass,12.0,0.10714285714285714,0.3293010752688172,0.5248655913978495,0.3431627789319552
vit_b16_caltech256_f25_s0_fullft,vit_b16,caltech256,25,0,fullft,frequency:lowpass,16.0,0.14285714285714285,0.4981518817204301,0.7053091397849462,0.5037843202770946
vit_b16_caltech256_f25_s0_fullft,vit_b16,caltech256,25,0,fullft,frequency:lowpass,24.0,0.21428571428571427,0.6698588709677419,0.838877688172043,0.6584201080227077
vit_b16_caltech256_f25_s0_fullft,vit_b16,caltech256,25,0,fullft,frequency:lowpass,32.0,0.2857142857142857,0.7503360215053764,0.8892809139784946,0.7347854856880094
vit_b16_caltech256_f25_s0_fullft,vit_b16,caltech256,25,0,fullft,frequency:lowpass,48.0,0.42857142857142855,0.8155241935483871,0.9304435483870968,0.8014446894487512
vit_b16_caltech256_f25_s0_fullft,vit_b16,caltech256,25,0,fullft,frequency:lowpass,72.0,0.6428571428571429,0.847614247311828,0.9490927419354839,0.8341043923877576
vit_b16_caltech256_f25_s0_fullft,vit_b16,caltech256,25,0,fullft,frequency:lowpass,112.0,1.0,0.8528225806451613,0.9516129032258065,0.8389282404196028
vit_b16_caltech256_f25_s0_fullft,vit_b16,caltech256,25,0,fullft,frequency:lowpass,159.0,1.4196428571428572,0.8533266129032258,0.9514448924731183,0.8395279760230011
vit_b16_caltech256_f25_s0_fullft,vit_b16,caltech256,25,0,fullft,frequency:highpass,4.0,0.03571428571428571,0.6917002688172043,0.8518145161290323,0.6741168163273948
vit_b16_caltech256_f25_s0_fullft,vit_b16,caltech256,25,0,fullft,frequency:highpass,8.0,0.07142857142857142,0.46606182795698925,0.6495295698924731,0.4688739642810085
vit_b16_caltech256_f25_s0_fullft,vit_b16,caltech256,25,0,fullft,frequency:highpass,12.0,0.10714285714285714,0.25252016129032256,0.42943548387096775,0.2636512215559492
vit_b16_caltech256_f25_s0_fullft,vit_b16,caltech256,25,0,fullft,frequency:highpass,16.0,0.14285714285714285,0.15221774193548387,0.29838709677419356,0.1629577937047882
vit_b16_caltech256_f25_s0_fullft,vit_b16,caltech256,25,0,fullft,frequency:highpass,24.0,0.21428571428571427,0.09358198924731183,0.19556451612903225,0.10066395319197174
vit_b16_caltech256_f25_s0_fullft,vit_b16,caltech256,25,0,fullft,frequency:highpass,32.0,0.2857142857142857,0.061995967741935484,0.14398521505376344,0.059830932673339915
vit_b16_caltech256_f25_s0_fullft,vit_b16,caltech256,25,0,fullft,frequency:highpass,48.0,0.42857142857142855,0.030913978494623656,0.07493279569892473,0.020509226239751245
vit_b16_caltech256_f25_s0_fullft,vit_b16,caltech256,25,0,fullft,frequency:highpass,72.0,0.6428571428571429,0.011256720430107527,0.03679435483870968,0.007318881458455885
vit_b16_caltech256_f25_s0_fullft,vit_b16,caltech256,25,0,fullft,frequency:highpass,112.0,1.0,0.004032258064516129,0.01747311827956989,3.1454453950679415e-05
vit_b16_caltech256_f25_s0_fullft,vit_b16,caltech256,25,0,fullft,frequency:highpass,159.0,1.4196428571428572,0.004032258064516129,0.018145161290322582,3.1375502008032126e-05
vit_b16_caltech256_f25_s0_fullft,vit_b16,caltech256,25,0,fullft,frequency:band_noise,4.0,0.03571428571428571,0.7439516129032258,0.885752688172043,0.7335408357085831
vit_b16_caltech256_f25_s0_fullft,vit_b16,caltech256,25,0,fullft,frequency:band_noise,12.0,0.10714285714285714,0.7202620967741935,0.8702956989247311,0.7057558117064832
vit_b16_caltech256_f25_s0_fullft,vit_b16,caltech256,25,0,fullft,frequency:band_noise,24.0,0.21428571428571427,0.7009408602150538,0.8575268817204301,0.6880765288599682
vit_b16_caltech256_f25_s0_fullft,vit_b16,caltech256,25,0,fullft,frequency:band_noise,44.0,0.39285714285714285,0.7652889784946236,0.9002016129032258,0.7491459695343345
vit_b16_caltech256_f25_s0_fullft,vit_b16,caltech256,25,0,fullft,frequency:band_noise,72.0,0.6428571428571429,0.8195564516129032,0.9324596774193549,0.8046560454473992
vit_b16_caltech256_f25_s0_fullft,vit_b16,caltech256,25,0,fullft,frequency:band_noise,123.5,1.1026785714285714,0.8385416666666666,0.9455645161290323,0.8231066397397432
vit_b16_caltech256_f25_s1_fullft,vit_b16,caltech256,25,1,fullft,corruption:gaussian_noise,1.0,1.0,0.824260752688172,0.9351478494623656,0.8077854329401281
vit_b16_caltech256_f25_s1_fullft,vit_b16,caltech256,25,1,fullft,corruption:gaussian_noise,2.0,2.0,0.7960349462365591,0.9206989247311828,0.7783645619204609
vit_b16_caltech256_f25_s1_fullft,vit_b16,caltech256,25,1,fullft,corruption:gaussian_noise,3.0,3.0,0.7405913978494624,0.8854166666666666,0.7214626369783729
vit_b16_caltech256_f25_s1_fullft,vit_b16,caltech256,25,1,fullft,corruption:gaussian_noise,4.0,4.0,0.6431451612903226,0.8289650537634409,0.6301853050051611
vit_b16_caltech256_f25_s1_fullft,vit_b16,caltech256,25,1,fullft,corruption:gaussian_noise,5.0,5.0,0.4927755376344086,0.6876680107526881,0.4892451847898738
vit_b16_caltech256_f25_s1_fullft,vit_b16,caltech256,25,1,fullft,corruption:gaussian_blur,1.0,1.0,0.831989247311828,0.943380376344086,0.81745003282442
vit_b16_caltech256_f25_s1_fullft,vit_b16,caltech256,25,1,fullft,corruption:gaussian_blur,2.0,2.0,0.7570564516129032,0.9047379032258065,0.7440617724428942
vit_b16_caltech256_f25_s1_fullft,vit_b16,caltech256,25,1,fullft,corruption:gaussian_blur,3.0,3.0,0.6423051075268817,0.8220766129032258,0.63092736605791
vit_b16_caltech256_f25_s1_fullft,vit_b16,caltech256,25,1,fullft,corruption:gaussian_blur,4.0,4.0,0.5186491935483871,0.7216061827956989,0.5120444559220937
vit_b16_caltech256_f25_s1_fullft,vit_b16,caltech256,25,1,fullft,corruption:gaussian_blur,5.0,5.0,0.3052755376344086,0.5080645161290323,0.31601775780031705
vit_b16_caltech256_f25_s1_fullft,vit_b16,caltech256,25,1,fullft,corruption:jpeg,1.0,1.0,0.8313172043010753,0.941364247311828,0.8153282902622897
vit_b16_caltech256_f25_s1_fullft,vit_b16,caltech256,25,1,fullft,corruption:jpeg,2.0,2.0,0.8214045698924731,0.9334677419354839,0.8048237840514864
vit_b16_caltech256_f25_s1_fullft,vit_b16,caltech256,25,1,fullft,corruption:jpeg,3.0,3.0,0.8094758064516129,0.9269153225806451,0.7913795797912235
vit_b16_caltech256_f25_s1_fullft,vit_b16,caltech256,25,1,fullft,corruption:jpeg,4.0,4.0,0.7842741935483871,0.9128024193548387,0.7646916085929049
vit_b16_caltech256_f25_s1_fullft,vit_b16,caltech256,25,1,fullft,corruption:jpeg,5.0,5.0,0.7350470430107527,0.8835685483870968,0.7127527649408609
vit_b16_caltech256_f25_s1_fullft,vit_b16,caltech256,25,1,fullft,frequency:lowpass,4.0,0.03571428571428571,0.026545698924731184,0.07661290322580645,0.015686845504982994
vit_b16_caltech256_f25_s1_fullft,vit_b16,caltech256,25,1,fullft,frequency:lowpass,8.0,0.07142857142857142,0.11609543010752688,0.2444556451612903,0.11345990234840901
vit_b16_caltech256_f25_s1_fullft,vit_b16,caltech256,25,1,fullft,frequency:lowpass,12.0,0.10714285714285714,0.2649529569892473,0.46085349462365593,0.28337190113437616
vit_b16_caltech256_f25_s1_fullft,vit_b16,caltech256,25,1,fullft,frequency:lowpass,16.0,0.14285714285714285,0.44018817204301075,0.634744623655914,0.4511222717181986
vit_b16_caltech256_f25_s1_fullft,vit_b16,caltech256,25,1,fullft,frequency:lowpass,24.0,0.21428571428571427,0.6500336021505376,0.8158602150537635,0.6460780905676522
vit_b16_caltech256_f25_s1_fullft,vit_b16,caltech256,25,1,fullft,frequency:lowpass,32.0,0.2857142857142857,0.7471438172043011,0.8901209677419355,0.7360921230911642
vit_b16_caltech256_f25_s1_fullft,vit_b16,caltech256,25,1,fullft,frequency:lowpass,48.0,0.42857142857142855,0.8158602150537635,0.9341397849462365,0.8016793015671466
vit_b16_caltech256_f25_s1_fullft,vit_b16,caltech256,25,1,fullft,frequency:lowpass,72.0,0.6428571428571429,0.8461021505376344,0.9480846774193549,0.8317651689238783
vit_b16_caltech256_f25_s1_fullft,vit_b16,caltech256,25,1,fullft,frequency:lowpass,112.0,1.0,0.8499663978494624,0.9501008064516129,0.8359066089213962
vit_b16_caltech256_f25_s1_fullft,vit_b16,caltech256,25,1,fullft,frequency:lowpass,159.0,1.4196428571428572,0.8499663978494624,0.9501008064516129,0.8353787367764031
vit_b16_caltech256_f25_s1_fullft,vit_b16,caltech256,25,1,fullft,frequency:highpass,4.0,0.03571428571428571,0.6807795698924731,0.8440860215053764,0.6665275530148727
vit_b16_caltech256_f25_s1_fullft,vit_b16,caltech256,25,1,fullft,frequency:highpass,8.0,0.07142857142857142,0.4524529569892473,0.644489247311828,0.4578968407284628
vit_b16_caltech256_f25_s1_fullft,vit_b16,caltech256,25,1,fullft,frequency:highpass,12.0,0.10714285714285714,0.28948252688172044,0.4522849462365591,0.3064053350132645
vit_b16_caltech256_f25_s1_fullft,vit_b16,caltech256,25,1,fullft,frequency:highpass,16.0,0.14285714285714285,0.1953965053763441,0.332997311827957,0.20499851362794078
vit_b16_caltech256_f25_s1_fullft,vit_b16,caltech256,25,1,fullft,frequency:highpass,24.0,0.21428571428571427,0.12936827956989247,0.23571908602150538,0.13688256918971387
vit_b16_caltech256_f25_s1_fullft,vit_b16,caltech256,25,1,fullft,frequency:highpass,32.0,0.2857142857142857,0.08702956989247312,0.16750672043010753,0.08573142436134107
vit_b16_caltech256_f25_s1_fullft,vit_b16,caltech256,25,1,fullft,frequency:highpass,48.0,0.42857142857142855,0.033434139784946235,0.07946908602150538,0.026092081904401664
vit_b16_caltech256_f25_s1_fullft,vit_b16,caltech256,25,1,fullft,frequency:highpass,72.0,0.6428571428571429,0.010248655913978494,0.03494623655913978,0.008047250184942966
vit_b16_caltech256_f25_s1_fullft,vit_b16,caltech256,25,1,fullft,frequency:highpass,112.0,1.0,0.0023521505376344087,0.017641129032258066,1.913488453463961e-05
vit_b16_caltech256_f25_s1_fullft,vit_b16,caltech256,25,1,fullft,frequency:highpass,159.0,1.4196428571428572,0.002688172043010753,0.01797715053763441,2.0945040214477212e-05
vit_b16_caltech256_f25_s1_fullft,vit_b16,caltech256,25,1,fullft,frequency:band_noise,4.0,0.03571428571428571,0.7404233870967742,0.8822244623655914,0.7260080575797518
vit_b16_caltech256_f25_s1_fullft,vit_b16,caltech256,25,1,fullft,frequency:band_noise,12.0,0.10714285714285714,0.697244623655914,0.8568548387096774,0.6847170160978902
vit_b16_caltech256_f25_s1_fullft,vit_b16,caltech256,25,1,fullft,frequency:band_noise,24.0,0.21428571428571427,0.694388440860215,0.8580309139784946,0.6774723760781065
vit_b16_caltech256_f25_s1_fullft,vit_b16,caltech256,25,1,fullft,frequency:band_noise,44.0,0.39285714285714285,0.7463037634408602,0.8860887096774194,0.7274672959276548
vit_b16_caltech256_f25_s1_fullft,vit_b16,caltech256,25,1,fullft,frequency:band_noise,72.0,0.6428571428571429,0.8098118279569892,0.9290994623655914,0.7925519501457035
vit_b16_caltech256_f25_s1_fullft,vit_b16,caltech256,25,1,fullft,frequency:band_noise,123.5,1.1026785714285714,0.8370295698924731,0.9398521505376344,0.8218899362611674
vit_b16_caltech256_f25_s2_fullft,vit_b16,caltech256,25,2,fullft,corruption:gaussian_noise,1.0,1.0,0.8227486559139785,0.936491935483871,0.8073393080080068
vit_b16_caltech256_f25_s2_fullft,vit_b16,caltech256,25,2,fullft,corruption:gaussian_noise,2.0,2.0,0.7997311827956989,0.9212029569892473,0.7850637089573191
vit_b16_caltech256_f25_s2_fullft,vit_b16,caltech256,25,2,fullft,corruption:gaussian_noise,3.0,3.0,0.7452956989247311,0.8870967741935484,0.7315159510274356
vit_b16_caltech256_f25_s2_fullft,vit_b16,caltech256,25,2,fullft,corruption:gaussian_noise,4.0,4.0,0.6565860215053764,0.8261088709677419,0.6453823754732493
vit_b16_caltech256_f25_s2_fullft,vit_b16,caltech256,25,2,fullft,corruption:gaussian_noise,5.0,5.0,0.49663978494623656,0.6871639784946236,0.4994774045451825
vit_b16_caltech256_f25_s2_fullft,vit_b16,caltech256,25,2,fullft,corruption:gaussian_blur,1.0,1.0,0.8321572580645161,0.9396841397849462,0.8185915958879011
vit_b16_caltech256_f25_s2_fullft,vit_b16,caltech256,25,2,fullft,corruption:gaussian_blur,2.0,2.0,0.7543682795698925,0.8928091397849462,0.7400611940312287
vit_b16_caltech256_f25_s2_fullft,vit_b16,caltech256,25,2,fullft,corruption:gaussian_blur,3.0,3.0,0.6520497311827957,0.819388440860215,0.639901434221175
vit_b16_caltech256_f25_s2_fullft,vit_b16,caltech256,25,2,fullft,corruption:gaussian_blur,4.0,4.0,0.5325940860215054,0.7199260752688172,0.5256756405500136
vit_b16_caltech256_f25_s2_fullft,vit_b16,caltech256,25,2,fullft,corruption:gaussian_blur,5.0,5.0,0.318380376344086,0.5006720430107527,0.32568911840175924
vit_b16_caltech256_f25_s2_fullft,vit_b16,caltech256,25,2,fullft,corruption:jpeg,1.0,1.0,0.8289650537634409,0.9386760752688172,0.8138099836314998
vit_b16_caltech256_f25_s2_fullft,vit_b16,caltech256,25,2,fullft,corruption:jpeg,2.0,2.0,0.8146841397849462,0.932627688172043,0.7986881138718427
vit_b16_caltech256_f25_s2_fullft,vit_b16,caltech256,25,2,fullft,corruption:jpeg,3.0,3.0,0.807627688172043,0.9250672043010753,0.7909683194260884
vit_b16_caltech256_f25_s2_fullft,vit_b16,caltech256,25,2,fullft,corruption:jpeg,4.0,4.0,0.780241935483871,0.9094422043010753,0.7627389462688721
vit_b16_caltech256_f25_s2_fullft,vit_b16,caltech256,25,2,fullft,corruption:jpeg,5.0,5.0,0.7345430107526881,0.8763440860215054,0.7180690371034288
vit_b16_caltech256_f25_s2_fullft,vit_b16,caltech256,25,2,fullft,frequency:lowpass,4.0,0.03571428571428571,0.01881720430107527,0.0648521505376344,0.010147036842142501
vit_b16_caltech256_f25_s2_fullft,vit_b16,caltech256,25,2,fullft,frequency:lowpass,8.0,0.07142857142857142,0.10500672043010753,0.22278225806451613,0.10925521532770843
vit_b16_caltech256_f25_s2_fullft,vit_b16,caltech256,25,2,fullft,frequency:lowpass,12.0,0.10714285714285714,0.27738575268817206,0.45026881720430106,0.2881144190123127
vit_b16_caltech256_f25_s2_fullft,vit_b16,caltech256,25,2,fullft,frequency:lowpass,16.0,0.14285714285714285,0.4578293010752688,0.6397849462365591,0.4630781937329431
vit_b16_caltech256_f25_s2_fullft,vit_b16,caltech256,25,2,fullft,frequency:lowpass,24.0,0.21428571428571427,0.6532258064516129,0.8140120967741935,0.6455808919678898
vit_b16_caltech256_f25_s2_fullft,vit_b16,caltech256,25,2,fullft,frequency:lowpass,32.0,0.2857142857142857,0.744119623655914,0.8817204301075269,0.7345287827975326
vit_b16_caltech256_f25_s2_fullft,vit_b16,caltech256,25,2,fullft,frequency:lowpass,48.0,0.42857142857142855,0.8156922043010753,0.9309475806451613,0.8021060070693153
vit_b16_caltech256_f25_s2_fullft,vit_b16,caltech256,25,2,fullft,frequency:lowpass,72.0,0.6428571428571429,0.8461021505376344,0.9465725806451613,0.8325216865748721
vit_b16_caltech256_f25_s2_fullft,vit_b16,caltech256,25,2,fullft,frequency:lowpass,112.0,1.0,0.8516465053763441,0.9504368279569892,0.8380546702634475
vit_b16_caltech256_f25_s2_fullft,vit_b16,caltech256,25,2,fullft,frequency:lowpass,159.0,1.4196428571428572,0.8523185483870968,0.9504368279569892,0.8388205299340984
vit_b16_caltech256_f25_s2_fullft,vit_b16,caltech256,25,2,fullft,frequency:highpass,4.0,0.03571428571428571,0.6644825268817204,0.835013440860215,0.6533273882835667
vit_b16_caltech256_f25_s2_fullft,vit_b16,caltech256,25,2,fullft,frequency:highpass,8.0,0.07142857142857142,0.4274193548387097,0.6147513440860215,0.4261556681982275
vit_b16_caltech256_f25_s2_fullft,vit_b16,caltech256,25,2,fullft,frequency:highpass,12.0,0.10714285714285714,0.23118279569892472,0.3901209677419355,0.24283014375297624
vit_b16_caltech256_f25_s2_fullft,vit_b16,caltech256,25,2,fullft,frequency:highpass,16.0,0.14285714285714285,0.151377688172043,0.2814180107526882,0.15851815886757648
vit_b16_caltech256_f25_s2_fullft,vit_b16,caltech256,25,2,fullft,frequency:highpass,24.0,0.21428571428571427,0.11139112903225806,0.20715725806451613,0.11511616802482055
vit_b16_caltech256_f25_s2_fullft,vit_b16,caltech256,25,2,fullft,frequency:highpass,32.0,0.2857142857142857,0.0907258064516129,0.1881720430107527,0.08837344769836367
vit_b16_caltech256_f25_s2_fullft,vit_b16,caltech256,25,2,fullft,frequency:highpass,48.0,0.42857142857142855,0.05275537634408602,0.11878360215053764,0.04680624821883406
vit_b16_caltech256_f25_s2_fullft,vit_b16,caltech256,25,2,fullft,frequency:highpass,72.0,0.6428571428571429,0.012768817204301076,0.04233870967741935,0.007749670414645954
vit_b16_caltech256_f25_s2_fullft,vit_b16,caltech256,25,2,fullft,frequency:highpass,112.0,1.0,0.004032258064516129,0.02049731182795699,3.161888701517706e-05
vit_b16_caltech256_f25_s2_fullft,vit_b16,caltech256,25,2,fullft,frequency:highpass,159.0,1.4196428571428572,0.004032258064516129,0.018313172043010754,3.1375502008032126e-05
vit_b16_caltech256_f25_s2_fullft,vit_b16,caltech256,25,2,fullft,frequency:band_noise,4.0,0.03571428571428571,0.7337029569892473,0.8793682795698925,0.7240291062770963
vit_b16_caltech256_f25_s2_fullft,vit_b16,caltech256,25,2,fullft,frequency:band_noise,12.0,0.10714285714285714,0.7071572580645161,0.8536626344086021,0.6979749715856435
vit_b16_caltech256_f25_s2_fullft,vit_b16,caltech256,25,2,fullft,frequency:band_noise,24.0,0.21428571428571427,0.6953965053763441,0.8492943548387096,0.68895740530607
vit_b16_caltech256_f25_s2_fullft,vit_b16,caltech256,25,2,fullft,frequency:band_noise,44.0,0.39285714285714285,0.7678091397849462,0.8991935483870968,0.7513225296513506
vit_b16_caltech256_f25_s2_fullft,vit_b16,caltech256,25,2,fullft,frequency:band_noise,72.0,0.6428571428571429,0.8143481182795699,0.9327956989247311,0.799549536682417
vit_b16_caltech256_f25_s2_fullft,vit_b16,caltech256,25,2,fullft,frequency:band_noise,123.5,1.1026785714285714,0.8375336021505376,0.9460685483870968,0.823480970274442
vit_b16_caltech256_f50_s0_fullft,vit_b16,caltech256,50,0,fullft,corruption:gaussian_noise,1.0,1.0,0.8464381720430108,0.947244623655914,0.8327918842343313
vit_b16_caltech256_f50_s0_fullft,vit_b16,caltech256,50,0,fullft,corruption:gaussian_noise,2.0,2.0,0.8237567204301075,0.9331317204301075,0.8103741361872484
vit_b16_caltech256_f50_s0_fullft,vit_b16,caltech256,50,0,fullft,corruption:gaussian_noise,3.0,3.0,0.776377688172043,0.9075940860215054,0.7631910656625249
vit_b16_caltech256_f50_s0_fullft,vit_b16,caltech256,50,0,fullft,corruption:gaussian_noise,4.0,4.0,0.6908602150537635,0.8454301075268817,0.6835655999755481
vit_b16_caltech256_f50_s0_fullft,vit_b16,caltech256,50,0,fullft,corruption:gaussian_noise,5.0,5.0,0.5149529569892473,0.7063172043010753,0.5171200274941778
vit_b16_caltech256_f50_s0_fullft,vit_b16,caltech256,50,0,fullft,corruption:gaussian_blur,1.0,1.0,0.8588709677419355,0.9516129032258065,0.8465014404151427
vit_b16_caltech256_f50_s0_fullft,vit_b16,caltech256,50,0,fullft,corruption:gaussian_blur,2.0,2.0,0.7891465053763441,0.9117943548387096,0.776083348845511
vit_b16_caltech256_f50_s0_fullft,vit_b16,caltech256,50,0,fullft,corruption:gaussian_blur,3.0,3.0,0.6851478494623656,0.8413978494623656,0.6762098853948787
vit_b16_caltech256_f50_s0_fullft,vit_b16,caltech256,50,0,fullft,corruption:gaussian_blur,4.0,4.0,0.5606518817204301,0.7449596774193549,0.5608413684073152
vit_b16_caltech256_f50_s0_fullft,vit_b16,caltech256,50,0,fullft,corruption:gaussian_blur,5.0,5.0,0.338877688172043,0.5384744623655914,0.35052521199968506
vit_b16_caltech256_f50_s0_fullft,vit_b16,caltech256,50,0,fullft,corruption:jpeg,1.0,1.0,0.8533266129032258,0.9502688172043011,0.8401857631606982
vit_b16_caltech256_f50_s0_fullft,vit_b16,caltech256,50,0,fullft,corruption:jpeg,2.0,2.0,0.8410618279569892,0.9432123655913979,0.827788729368106
vit_b16_caltech256_f50_s0_fullft,vit_b16,caltech256,50,0,fullft,corruption:jpeg,3.0,3.0,0.8358534946236559,0.9383400537634409,0.8221285414544419
vit_b16_caltech256_f50_s0_fullft,vit_b16,caltech256,50,0,fullft,corruption:jpeg,4.0,4.0,0.8059475806451613,0.922883064516129,0.7903624268769205
vit_b16_caltech256_f50_s0_fullft,vit_b16,caltech256,50,0,fullft,corruption:jpeg,5.0,5.0,0.7584005376344086,0.8998655913978495,0.7437776930648391
vit_b16_caltech256_f50_s0_fullft,vit_b16,caltech256,50,0,fullft,frequency:lowpass,4.0,0.03571428571428571,0.02721774193548387,0.06804435483870967,0.01702160460623038
vit_b16_caltech256_f50_s0_fullft,vit_b16,caltech256,50,0,fullft,frequency:lowpass,8.0,0.07142857142857142,0.13978494623655913,0.27301747311827956,0.1432332646375079
vit_b16_caltech256_f50_s0_fullft,vit_b16,caltech256,50,0,fullft,frequency:lowpass,12.0,0.10714285714285714,0.32711693548387094,0.5174731182795699,0.3491601027865978
vit_b16_caltech256_f50_s0_fullft,vit_b16,caltech256,50,0,fullft,frequency:lowpass,16.0,0.14285714285714285,0.5006720430107527,0.6964045698924731,0.5116810784295085
vit_b16_caltech256_f50_s0_fullft,vit_b16,caltech256,50,0,fullft,frequency:lowpass,24.0,0.21428571428571427,0.7006048387096774,0.8573588709677419,0.6894926151892504
vit_b16_caltech256_f50_s0_fullft,vit_b16,caltech256,50,0,fullft,frequency:lowpass,32.0,0.2857142857142857,0.7815860215053764,0.9057459677419355,0.76765676058506
vit_b16_caltech256_f50_s0_fullft,vit_b16,caltech256,50,0,fullft,frequency:lowpass,48.0,0.42857142857142855,0.8413978494623656,0.943380376344086,0.8296844586536102
vit_b16_caltech256_f50_s0_fullft,vit_b16,caltech256,50,0,fullft,frequency:lowpass,72.0,0.6428571428571429,0.8724798387096774,0.9566532258064516,0.8606308337230483
vit_b16_caltech256_f50_s0_fullft,vit_b16,caltech256,50,0,fullft,frequency:lowpass,112.0,1.0,0.8763440860215054,0.9596774193548387,0.8643547237180251
vit_b16_caltech256_f50_s0_fullft,vit_b16,caltech256,50,0,fullft,frequency:lowpass,159.0,1.4196428571428572,0.8756720430107527,0.9596774193548387,0.8637501702521215
vit_b16_caltech256_f50_s0_fullft,vit_b16,caltech256,50,0,fullft,frequency:highpass,4.0,0.03571428571428571,0.6858198924731183,0.8514784946236559,0.6773350043080855
vit_b16_caltech256_f50_s0_fullft,vit_b16,caltech256,50,0,fullft,frequency:highpass,8.0,0.07142857142857142,0.495127688172043,0.6782594086021505,0.4976256873061119
vit_b16_caltech256_f50_s0_fullft,vit_b16,caltech256,50,0,fullft,frequency:highpass,12.0,0.10714285714285714,0.30493951612903225,0.47681451612903225,0.31779655833048515
vit_b16_caltech256_f50_s0_fullft,vit_b16,caltech256,50,0,fullft,frequency:highpass,16.0,0.14285714285714285,0.1928763440860215,0.33047715053763443,0.20419462519210219
vit_b16_caltech256_f50_s0_fullft,vit_b16,caltech256,50,0,fullft,frequency:highpass,24.0,0.21428571428571427,0.13776881720430106,0.2427755376344086,0.1426757957227785
vit_b16_caltech256_f50_s0_fullft,vit_b16,caltech256,50,0,fullft,frequency:highpass,32.0,0.2857142857142857,0.09946236559139784,0.18632392473118278,0.09897700879471202
vit_b16_caltech256_f50_s0_fullft,vit_b16,caltech256,50,0,fullft,frequency:highpass,48.0,0.42857142857142855,0.04838709677419355,0.1003024193548387,0.03589442161514904
vit_b16_caltech256_f50_s0_fullft,vit_b16,caltech256,50,0,fullft,frequency:highpass,72.0,0.6428571428571429,0.011760752688172043,0.03293010752688172,0.006368522606548309
vit_b16_caltech256_f50_s0_fullft,vit_b16,caltech256,50,0,fullft,frequency:highpass,112.0,1.0,0.004032258064516129,0.02217741935483871,3.139651707970529e-05
vit_b16_caltech256_f50_s0_fullft,vit_b16,caltech256,50,0,fullft,frequency:highpass,159.0,1.4196428571428572,0.004032258064516129,0.021505376344086023,3.1375502008032126e-05
vit_b16_caltech256_f50_s0_fullft,vit_b16,caltech256,50,0,fullft,frequency:band_noise,4.0,0.03571428571428571,0.7676411290322581,0.8926411290322581,0.7596960207743197
vit_b16_caltech256_f50_s0_fullft,vit_b16,caltech256,50,0,fullft,frequency:band_noise,12.0,0.10714285714285714,0.7521841397849462,0.8813844086021505,0.7460103377585471
vit_b16_caltech256_f50_s0_fullft,vit_b16,caltech256,50,0,fullft,frequency:band_noise,24.0,0.21428571428571427,0.7027889784946236,0.8491263440860215,0.7041182747732984
vit_b16_caltech256_f50_s0_fullft,vit_b16,caltech256,50,0,fullft,frequency:band_noise,44.0,0.39285714285714285,0.7783938172043011,0.9077620967741935,0.7666862600212667
vit_b16_caltech256_f50_s0_fullft,vit_b16,caltech256,50,0,fullft,frequency:band_noise,72.0,0.6428571428571429,0.8382056451612904,0.9408602150537635,0.824945447414144
vit_b16_caltech256_f50_s0_fullft,vit_b16,caltech256,50,0,fullft,frequency:band_noise,123.5,1.1026785714285714,0.8650873655913979,0.9549731182795699,0.8536560556569001
vit_b16_caltech256_f50_s1_fullft,vit_b16,caltech256,50,1,fullft,corruption:gaussian_noise,1.0,1.0,0.8424059139784946,0.9477486559139785,0.8298871825748451
vit_b16_caltech256_f50_s1_fullft,vit_b16,caltech256,50,1,fullft,corruption:gaussian_noise,2.0,2.0,0.813508064516129,0.9285954301075269,0.8003840615872222
vit_b16_caltech256_f50_s1_fullft,vit_b16,caltech256,50,1,fullft,corruption:gaussian_noise,3.0,3.0,0.7620967741935484,0.896505376344086,0.7461121327969962
vit_b16_caltech256_f50_s1_fullft,vit_b16,caltech256,50,1,fullft,corruption:gaussian_noise,4.0,4.0,0.6742271505376344,0.8293010752688172,0.657649828298184
vit_b16_caltech256_f50_s1_fullft,vit_b16,caltech256,50,1,fullft,corruption:gaussian_noise,5.0,5.0,0.49848790322580644,0.6829637096774194,0.4957085601526769
vit_b16_caltech256_f50_s1_fullft,vit_b16,caltech256,50,1,fullft,corruption:gaussian_blur,1.0,1.0,0.8576948924731183,0.9506048387096774,0.8455165676372208
vit_b16_caltech256_f50_s1_fullft,vit_b16,caltech256,50,1,fullft,corruption:gaussian_blur,2.0,2.0,0.7914986559139785,0.9119623655913979,0.7794073525378433
vit_b16_caltech256_f50_s1_fullft,vit_b16,caltech256,50,1,fullft,corruption:gaussian_blur,3.0,3.0,0.6822916666666666,0.8459341397849462,0.6716721015835417
vit_b16_caltech256_f50_s1_fullft,vit_b16,caltech256,50,1,fullft,corruption:gaussian_blur,4.0,4.0,0.5700604838709677,0.7543682795698925,0.5646261540644772
vit_b16_caltech256_f50_s1_fullft,vit_b16,caltech256,50,1,fullft,corruption:gaussian_blur,5.0,5.0,0.3649193548387097,0.5619959677419355,0.36547311930103094
vit_b16_caltech256_f50_s1_fullft,vit_b16,caltech256,50,1,fullft,corruption:jpeg,1.0,1.0,0.854502688172043,0.952116935483871,0.8422307242275271
vit_b16_caltech256_f50_s1_fullft,vit_b16,caltech256,50,1,fullft,corruption:jpeg,2.0,2.0,0.8461021505376344,0.947244623655914,0.8322306737639034
vit_b16_caltech256_f50_s1_fullft,vit_b16,caltech256,50,1,fullft,corruption:jpeg,3.0,3.0,0.8385416666666666,0.9408602150537635,0.8246691822664576
vit_b16_caltech256_f50_s1_fullft,vit_b16,caltech256,50,1,fullft,corruption:jpeg,4.0,4.0,0.8119959677419355,0.9238911290322581,0.7950943016474546
vit_b16_caltech256_f50_s1_fullft,vit_b16,caltech256,50,1,fullft,corruption:jpeg,5.0,5.0,0.7604166666666666,0.8953293010752689,0.7410987939485671
vit_b16_caltech256_f50_s1_fullft,vit_b16,caltech256,50,1,fullft,frequency:lowpass,4.0,0.03571428571428571,0.039146505376344086,0.10164650537634409,0.02484825240373405
vit_b16_caltech256_f50_s1_fullft,vit_b16,caltech256,50,1,fullft,frequency:lowpass,8.0,0.07142857142857142,0.14751344086021506,0.2950268817204301,0.15166642830453797
vit_b16_caltech256_f50_s1_fullft,vit_b16,caltech256,50,1,fullft,frequency:lowpass,12.0,0.10714285714285714,0.32778897849462363,0.5221774193548387,0.34008118891485006
vit_b16_caltech256_f50_s1_fullft,vit_b16,caltech256,50,1,fullft,frequency:lowpass,16.0,0.14285714285714285,0.4831989247311828,0.682627688172043,0.49219751313744575
vit_b16_caltech256_f50_s1_fullft,vit_b16,caltech256,50,1,fullft,frequency:lowpass,24.0,0.21428571428571427,0.7017809139784946,0.8523185483870968,0.6944434753545847
vit_b16_caltech256_f50_s1_fullft,vit_b16,caltech256,50,1,fullft,frequency:lowpass,32.0,0.2857142857142857,0.7807459677419355,0.9064180107526881,0.7697651071835767
vit_b16_caltech256_f50_s1_fullft,vit_b16,caltech256,50,1,fullft,frequency:lowpass,48.0,0.42857142857142855,0.8452620967741935,0.9428763440860215,0.8340187343343157
vit_b16_caltech256_f50_s1_fullft,vit_b16,caltech256,50,1,fullft,frequency:lowpass,72.0,0.6428571428571429,0.8738239247311828,0.9596774193548387,0.8629408712035851
vit_b16_caltech256_f50_s1_fullft,vit_b16,caltech256,50,1,fullft,frequency:lowpass,112.0,1.0,0.8780241935483871,0.9616935483870968,0.8677318067997243
vit_b16_caltech256_f50_s1_fullft,vit_b16,caltech256,50,1,fullft,frequency:lowpass,159.0,1.4196428571428572,0.8771841397849462,0.9615255376344086,0.8666749205198283
vit_b16_caltech256_f50_s1_fullft,vit_b16,caltech256,50,1,fullft,frequency:highpass,4.0,0.03571428571428571,0.6846438172043011,0.844758064516129,0.675327651812303
vit_b16_caltech256_f50_s1_fullft,vit_b16,caltech256,50,1,fullft,frequency:highpass,8.0,0.07142857142857142,0.525369623655914,0.7054771505376344,0.5246340145393902
vit_b16_caltech256_f50_s1_fullft,vit_b16,caltech256,50,1,fullft,frequency:highpass,12.0,0.10714285714285714,0.36743951612903225,0.5329301075268817,0.37650547620488856
vit_b16_caltech256_f50_s1_fullft,vit_b16,caltech256,50,1,fullft,frequency:highpass,16.0,0.14285714285714285,0.23723118279569894,0.3840725806451613,0.25251285103435206
vit_b16_caltech256_f50_s1_fullft,vit_b16,caltech256,50,1,fullft,frequency:highpass,24.0,0.21428571428571427,0.13911290322580644,0.2385752688172043,0.1488289595003393
vit_b16_caltech256_f50_s1_fullft,vit_b16,caltech256,50,1,fullft,frequency:highpass,32.0,0.2857142857142857,0.09240591397849462,0.17473118279569894,0.09045992953039107
vit_b16_caltech256_f50_s1_fullft,vit_b16,caltech256,50,1,fullft,frequency:highpass,48.0,0.42857142857142855,0.039146505376344086,0.09022177419354839,0.030247091479180768
vit_b16_caltech256_f50_s1_fullft,vit_b16,caltech256,50,1,fullft,frequency:highpass,72.0,0.6428571428571429,0.008568548387096774,0.029233870967741934,0.0036486170732842153
vit_b16_caltech256_f50_s1_fullft,vit_b16,caltech256,50,1,fullft,frequency:highpass,112.0,1.0,0.002856182795698925,0.017641129032258066,2.3436121404623256e-05
vit_b16_caltech256_f50_s1_fullft,vit_b16,caltech256,50,1,fullft,frequency:highpass,159.0,1.4196428571428572,0.002856182795698925,0.016969086021505375,2.2250376947562406e-05
vit_b16_caltech256_f50_s1_fullft,vit_b16,caltech256,50,1,fullft,frequency:band_noise,4.0,0.03571428571428571,0.7513440860215054,0.890625,0.7407800038289658
vit_b16_caltech256_f50_s1_fullft,vit_b16,caltech256,50,1,fullft,frequency:band_noise,12.0,0.10714285714285714,0.7273185483870968,0.8746639784946236,0.716648545842389
vit_b16_caltech256_f50_s1_fullft,vit_b16,caltech256,50,1,fullft,frequency:band_noise,24.0,0.21428571428571427,0.7205981182795699,0.866263440860215,0.70955724375432
vit_b16_caltech256_f50_s1_fullft,vit_b16,caltech256,50,1,fullft,frequency:band_noise,44.0,0.39285714285714285,0.7533602150537635,0.8914650537634409,0.742531713492901
vit_b16_caltech256_f50_s1_fullft,vit_b16,caltech256,50,1,fullft,frequency:band_noise,72.0,0.6428571428571429,0.8296370967741935,0.9400201612903226,0.8166327722962541
vit_b16_caltech256_f50_s1_fullft,vit_b16,caltech256,50,1,fullft,frequency:band_noise,123.5,1.1026785714285714,0.8627352150537635,0.956989247311828,0.8508453945995921
vit_b16_caltech256_f50_s2_fullft,vit_b16,caltech256,50,2,fullft,corruption:gaussian_noise,1.0,1.0,0.8425739247311828,0.9469086021505376,0.8287424337542816
vit_b16_caltech256_f50_s2_fullft,vit_b16,caltech256,50,2,fullft,corruption:gaussian_noise,2.0,2.0,0.8140120967741935,0.9321236559139785,0.799662040100413
vit_b16_caltech256_f50_s2_fullft,vit_b16,caltech256,50,2,fullft,corruption:gaussian_noise,3.0,3.0,0.7651209677419355,0.8986895161290323,0.7523059020824935
vit_b16_caltech256_f50_s2_fullft,vit_b16,caltech256,50,2,fullft,corruption:gaussian_noise,4.0,4.0,0.6691868279569892,0.831989247311828,0.6602276502504695
vit_b16_caltech256_f50_s2_fullft,vit_b16,caltech256,50,2,fullft,corruption:gaussian_noise,5.0,5.0,0.5052083333333334,0.6901881720430108,0.507423484114447
vit_b16_caltech256_f50_s2_fullft,vit_b16,caltech256,50,2,fullft,corruption:gaussian_blur,1.0,1.0,0.8576948924731183,0.9516129032258065,0.8455061358901623
vit_b16_caltech256_f50_s2_fullft,vit_b16,caltech256,50,2,fullft,corruption:gaussian_blur,2.0,2.0,0.788138440860215,0.9139784946236559,0.773326216805537
vit_b16_caltech256_f50_s2_fullft,vit_b16,caltech256,50,2,fullft,corruption:gaussian_blur,3.0,3.0,0.6799395161290323,0.8489583333333334,0.6671435237025773
vit_b16_caltech256_f50_s2_fullft,vit_b16,caltech256,50,2,fullft,corruption:gaussian_blur,4.0,4.0,0.5698924731182796,0.754872311827957,0.5632657612431817
vit_b16_caltech256_f50_s2_fullft,vit_b16,caltech256,50,2,fullft,corruption:gaussian_blur,5.0,5.0,0.36794354838709675,0.5688844086021505,0.3718191723394627
vit_b16_caltech256_f50_s2_fullft,vit_b16,caltech256,50,2,fullft,corruption:jpeg,1.0,1.0,0.8511424731182796,0.9494287634408602,0.8372966706691547
vit_b16_caltech256_f50_s2_fullft,vit_b16,caltech256,50,2,fullft,corruption:jpeg,2.0,2.0,0.8413978494623656,0.9410282258064516,0.8272544553965565
vit_b16_caltech256_f50_s2_fullft,vit_b16,caltech256,50,2,fullft,corruption:jpeg,3.0,3.0,0.8299731182795699,0.9375,0.8143165191621946
vit_b16_caltech256_f50_s2_fullft,vit_b16,caltech256,50,2,fullft,corruption:jpeg,4.0,4.0,0.801747311827957,0.921875,0.785545012802532
vit_b16_caltech256_f50_s2_fullft,vit_b16,caltech256,50,2,fullft,corruption:jpeg,5.0,5.0,0.7657930107526881,0.8956653225806451,0.7513486621782286
vit_b16_caltech256_f50_s2_fullft,vit_b16,caltech256,50,2,fullft,frequency:lowpass,4.0,0.03571428571428571,0.035450268817204304,0.09106182795698925,0.0257479855222589
vit_b16_caltech256_f50_s2_fullft,vit_b16,caltech256,50,2,fullft,frequency:lowpass,8.0,0.07142857142857142,0.1586021505376344,0.29653897849462363,0.1587143848311783
vit_b16_caltech256_f50_s2_fullft,vit_b16,caltech256,50,2,fullft,frequency:lowpass,12.0,0.10714285714285714,0.3370295698924731,0.5325940860215054,0.3513512311862504
vit_b16_caltech256_f50_s2_fullft,vit_b16,caltech256,50,2,fullft,frequency:lowpass,16.0,0.14285714285714285,0.5030241935483871,0.7011088709677419,0.5143192943986851
vit_b16_caltech256_f50_s2_fullft,vit_b16,caltech256,50,2,fullft,frequency:lowpass,24.0,0.21428571428571427,0.6955645161290323,0.8585349462365591,0.6860422603177839
vit_b16_caltech256_f50_s2_fullft,vit_b16,caltech256,50,2,fullft,frequency:lowpass,32.0,0.2857142857142857,0.7817540322580645,0.9091061827956989,0.7699517019841289
vit_b16_caltech256_f50_s2_fullft,vit_b16,caltech256,50,2,fullft,frequency:lowpass,48.0,0.42857142857142855,0.8408938172043011,0.941364247311828,0.8284403975846832
vit_b16_caltech256_f50_s2_fullft,vit_b16,caltech256,50,2,fullft,frequency:lowpass,72.0,0.6428571428571429,0.8704637096774194,0.9576612903225806,0.8585737826981387
vit_b16_caltech256_f50_s2_fullft,vit_b16,caltech256,50,2,fullft,frequency:lowpass,112.0,1.0,0.8733198924731183,0.959005376344086,0.8614645311075118
vit_b16_caltech256_f50_s2_fullft,vit_b16,caltech256,50,2,fullft,frequency:lowpass,159.0,1.4196428571428572,0.8729838709677419,0.9585013440860215,0.8614643693997068
vit_b16_caltech256_f50_s2_fullft,vit_b16,caltech256,50,2,fullft,frequency:highpass,4.0,0.03571428571428571,0.6829637096774194,0.8408938172043011,0.673901544209252
vit_b16_caltech256_f50_s2_fullft,vit_b16,caltech256,50,2,fullft,frequency:highpass,8.0,0.07142857142857142,0.506888440860215,0.6841397849462365,0.507656151052297
vit_b16_caltech256_f50_s2_fullft,vit_b16,caltech256,50,2,fullft,frequency:highpass,12.0,0.10714285714285714,0.3450940860215054,0.5141129032258065,0.3523228893164716
vit_b16_caltech256_f50_s2_fullft,vit_b16,caltech256,50,2,fullft,frequency:highpass,16.0,0.14285714285714285,0.22748655913978494,0.38491263440860213,0.24423111766040206
vit_b16_caltech256_f50_s2_fullft,vit_b16,caltech256,50,2,fullft,frequency:highpass,24.0,0.21428571428571427,0.16364247311827956,0.28813844086021506,0.18328096935075577
vit_b16_caltech256_f50_s2_fullft,vit_b16,caltech256,50,2,fullft,frequency:highpass,32.0,0.2857142857142857,0.11458333333333333,0.21790994623655913,0.12696738807895136
vit_b16_caltech256_f50_s2_fullft,vit_b16,caltech256,50,2,fullft,frequency:highpass,48.0,0.42857142857142855,0.0396505376344086,0.09727822580645161,0.03293495677482443
vit_b16_caltech256_f50_s2_fullft,vit_b16,caltech256,50,2,fullft,frequency:highpass,72.0,0.6428571428571429,0.006720430107526882,0.03595430107526882,0.002733909052356336
vit_b16_caltech256_f50_s2_fullft,vit_b16,caltech256,50,2,fullft,frequency:highpass,112.0,1.0,0.004032258064516129,0.0270497311827957,3.1375502008032126e-05
vit_b16_caltech256_f50_s2_fullft,vit_b16,caltech256,50,2,fullft,frequency:highpass,159.0,1.4196428571428572,0.004032258064516129,0.02721774193548387,3.1375502008032126e-05
vit_b16_caltech256_f50_s2_fullft,vit_b16,caltech256,50,2,fullft,frequency:band_noise,4.0,0.03571428571428571,0.7007728494623656,0.8445900537634409,0.6973903109706967
vit_b16_caltech256_f50_s2_fullft,vit_b16,caltech256,50,2,fullft,frequency:band_noise,12.0,0.10714285714285714,0.6890120967741935,0.8417338709677419,0.6959282554360705
vit_b16_caltech256_f50_s2_fullft,vit_b16,caltech256,50,2,fullft,frequency:band_noise,24.0,0.21428571428571427,0.7251344086021505,0.8697916666666666,0.7147360197347326
vit_b16_caltech256_f50_s2_fullft,vit_b16,caltech256,50,2,fullft,frequency:band_noise,44.0,0.39285714285714285,0.7681451612903226,0.9010416666666666,0.7555666182345318
vit_b16_caltech256_f50_s2_fullft,vit_b16,caltech256,50,2,fullft,frequency:band_noise,72.0,0.6428571428571429,0.8380376344086021,0.9401881720430108,0.8254347777128751
vit_b16_caltech256_f50_s2_fullft,vit_b16,caltech256,50,2,fullft,frequency:band_noise,123.5,1.1026785714285714,0.863239247311828,0.9539650537634409,0.8512928727823433
vit_b16_food101_f100_s0_fullft,vit_b16,food101,100,0,fullft,corruption:gaussian_noise,1.0,1.0,0.7370792079207921,0.9005445544554456,0.7412380481619274
vit_b16_food101_f100_s0_fullft,vit_b16,food101,100,0,fullft,corruption:gaussian_noise,2.0,2.0,0.6167821782178218,0.8196039603960396,0.6259341237859295
vit_b16_food101_f100_s0_fullft,vit_b16,food101,100,0,fullft,corruption:gaussian_noise,3.0,3.0,0.4281188118811881,0.6573267326732674,0.4391188366983592
vit_b16_food101_f100_s0_fullft,vit_b16,food101,100,0,fullft,corruption:gaussian_noise,4.0,4.0,0.22173267326732674,0.421039603960396,0.22193679587488427
vit_b16_food101_f100_s0_fullft,vit_b16,food101,100,0,fullft,corruption:gaussian_noise,5.0,5.0,0.07059405940594059,0.18886138613861386,0.06113232436474092
vit_b16_food101_f100_s0_fullft,vit_b16,food101,100,0,fullft,corruption:gaussian_blur,1.0,1.0,0.8086138613861387,0.9404455445544554,0.8081744826733646
vit_b16_food101_f100_s0_fullft,vit_b16,food101,100,0,fullft,corruption:gaussian_blur,2.0,2.0,0.7156930693069307,0.8894554455445545,0.7163399296183733
vit_b16_food101_f100_s0_fullft,vit_b16,food101,100,0,fullft,corruption:gaussian_blur,3.0,3.0,0.5805445544554455,0.8045049504950496,0.5835351405895404
vit_b16_food101_f100_s0_fullft,vit_b16,food101,100,0,fullft,corruption:gaussian_blur,4.0,4.0,0.447970297029703,0.6946039603960396,0.4505590990934392
vit_b16_food101_f100_s0_fullft,vit_b16,food101,100,0,fullft,corruption:gaussian_blur,5.0,5.0,0.24757425742574257,0.47608910891089107,0.24098695039639736
vit_b16_food101_f100_s0_fullft,vit_b16,food101,100,0,fullft,corruption:jpeg,1.0,1.0,0.772029702970297,0.9223267326732674,0.7726580590687063
vit_b16_food101_f100_s0_fullft,vit_b16,food101,100,0,fullft,corruption:jpeg,2.0,2.0,0.7337128712871287,0.8976237623762376,0.7346380307356184
vit_b16_food101_f100_s0_fullft,vit_b16,food101,100,0,fullft,corruption:jpeg,3.0,3.0,0.6982673267326732,0.8783663366336634,0.6997267361443203
vit_b16_food101_f100_s0_fullft,vit_b16,food101,100,0,fullft,corruption:jpeg,4.0,4.0,0.5987623762376237,0.8106435643564357,0.6021751730840567
vit_b16_food101_f100_s0_fullft,vit_b16,food101,100,0,fullft,corruption:jpeg,5.0,5.0,0.4655940594059406,0.7003465346534653,0.47486938344157525
vit_b16_food101_f100_s0_fullft,vit_b16,food101,100,0,fullft,frequency:lowpass,4.0,0.03571428571428571,0.039455445544554456,0.13113861386138614,0.027015856302318297
vit_b16_food101_f100_s0_fullft,vit_b16,food101,100,0,fullft,frequency:lowpass,8.0,0.07142857142857142,0.14985148514851485,0.3335643564356436,0.1390397680825491
vit_b16_food101_f100_s0_fullft,vit_b16,food101,100,0,fullft,frequency:lowpass,12.0,0.10714285714285714,0.3364851485148515,0.5737128712871287,0.3401110155527865
vit_b16_food101_f100_s0_fullft,vit_b16,food101,100,0,fullft,frequency:lowpass,16.0,0.14285714285714285,0.49336633663366336,0.7274752475247525,0.500060554059742
vit_b16_food101_f100_s0_fullft,vit_b16,food101,100,0,fullft,frequency:lowpass,24.0,0.21428571428571427,0.6554455445544555,0.8513366336633663,0.6577829155084551
vit_b16_food101_f100_s0_fullft,vit_b16,food101,100,0,fullft,frequency:lowpass,32.0,0.2857142857142857,0.725990099009901,0.8947029702970297,0.7264724529600453
vit_b16_food101_f100_s0_fullft,vit_b16,food101,100,0,fullft,frequency:lowpass,48.0,0.42857142857142855,0.7998514851485149,0.9337128712871288,0.7994001458561638
vit_b16_food101_f100_s0_fullft,vit_b16,food101,100,0,fullft,frequency:lowpass,72.0,0.6428571428571429,0.8401485148514851,0.9547524752475247,0.8397710306333599
vit_b16_food101_f100_s0_fullft,vit_b16,food101,100,0,fullft,frequency:lowpass,112.0,1.0,0.8460891089108911,0.9568316831683168,0.8458532072830794
vit_b16_food101_f100_s0_fullft,vit_b16,food101,100,0,fullft,frequency:lowpass,159.0,1.4196428571428572,0.8464356435643564,0.9571287128712871,0.8462078811571799
vit_b16_food101_f100_s0_fullft,vit_b16,food101,100,0,fullft,frequency:highpass,4.0,0.03571428571428571,0.379009900990099,0.6488118811881188,0.39734759935959135
vit_b16_food101_f100_s0_fullft,vit_b16,food101,100,0,fullft,frequency:highpass,8.0,0.07142857142857142,0.15732673267326733,0.37084158415841584,0.15929036025912052
vit_b16_food101_f100_s0_fullft,vit_b16,food101,100,0,fullft,frequency:highpass,12.0,0.10714285714285714,0.06678217821782179,0.21094059405940593,0.057024109002136315
vit_b16_food101_f100_s0_fullft,vit_b16,food101,100,0,fullft,frequency:highpass,16.0,0.14285714285714285,0.030099009900990098,0.13341584158415842,0.025716941266843516
vit_b16_food101_f100_s0_fullft,vit_b16,food101,100,0,fullft,frequency:highpass,24.0,0.21428571428571427,0.013415841584158416,0.07678217821782178,0.006624457459122243
vit_b16_food101_f100_s0_fullft,vit_b16,food101,100,0,fullft,frequency:highpass,32.0,0.2857142857142857,0.012475247524752476,0.0649009900990099,0.0035058454426704143
vit_b16_food101_f100_s0_fullft,vit_b16,food101,100,0,fullft,frequency:highpass,48.0,0.42857142857142855,0.013366336633663366,0.053415841584158415,0.002590098715268159
vit_b16_food101_f100_s0_fullft,vit_b16,food101,100,0,fullft,frequency:highpass,72.0,0.6428571428571429,0.010445544554455446,0.0551980198019802,0.0008649013369885184
vit_b16_food101_f100_s0_fullft,vit_b16,food101,100,0,fullft,frequency:highpass,112.0,1.0,0.009900990099009901,0.04950495049504951,0.00019413706076490002
vit_b16_food101_f100_s0_fullft,vit_b16,food101,100,0,fullft,frequency:highpass,159.0,1.4196428571428572,0.009900990099009901,0.04950495049504951,0.00019413706076490002
vit_b16_food101_f100_s0_fullft,vit_b16,food101,100,0,fullft,frequency:band_noise,4.0,0.03571428571428571,0.35698019801980196,0.5886633663366336,0.3694963428059253
vit_b16_food101_f100_s0_fullft,vit_b16,food101,100,0,fullft,frequency:band_noise,12.0,0.10714285714285714,0.35168316831683166,0.5806435643564356,0.35610532404861955
vit_b16_food101_f100_s0_fullft,vit_b16,food101,100,0,fullft,frequency:band_noise,24.0,0.21428571428571427,0.32465346534653466,0.5575742574257426,0.33981371733208665
vit_b16_food101_f100_s0_fullft,vit_b16,food101,100,0,fullft,frequency:band_noise,44.0,0.39285714285714285,0.44242574257425743,0.6653960396039604,0.4487298815073967
vit_b16_food101_f100_s0_fullft,vit_b16,food101,100,0,fullft,frequency:band_noise,72.0,0.6428571428571429,0.7362376237623762,0.9,0.7374486549746259
vit_b16_food101_f100_s0_fullft,vit_b16,food101,100,0,fullft,frequency:band_noise,123.5,1.1026785714285714,0.8296534653465346,0.9506435643564356,0.8296538481206877
vit_b16_food101_f25_s0_fullft,vit_b16,food101,25,0,fullft,corruption:gaussian_noise,1.0,1.0,0.7004950495049505,0.8846534653465347,0.7016097489837954
vit_b16_food101_f25_s0_fullft,vit_b16,food101,25,0,fullft,corruption:gaussian_noise,2.0,2.0,0.621980198019802,0.8334653465346534,0.6221697769197108
vit_b16_food101_f25_s0_fullft,vit_b16,food101,25,0,fullft,corruption:gaussian_noise,3.0,3.0,0.4863861386138614,0.7306435643564356,0.48604246589813405
vit_b16_food101_f25_s0_fullft,vit_b16,food101,25,0,fullft,corruption:gaussian_noise,4.0,4.0,0.320990099009901,0.5664851485148514,0.3167589213199357
vit_b16_food101_f25_s0_fullft,vit_b16,food101,25,0,fullft,corruption:gaussian_noise,5.0,5.0,0.14366336633663365,0.319009900990099,0.13356160477265291
vit_b16_food101_f25_s0_fullft,vit_b16,food101,25,0,fullft,corruption:gaussian_blur,1.0,1.0,0.7384158415841584,0.9054950495049505,0.7374841059638788
vit_b16_food101_f25_s0_fullft,vit_b16,food101,25,0,fullft,corruption:gaussian_blur,2.0,2.0,0.6326732673267327,0.8418316831683168,0.6341962561316686
vit_b16_food101_f25_s0_fullft,vit_b16,food101,25,0,fullft,corruption:gaussian_blur,3.0,3.0,0.5029207920792079,0.7512376237623762,0.5064838340704578
vit_b16_food101_f25_s0_fullft,vit_b16,food101,25,0,fullft,corruption:gaussian_blur,4.0,4.0,0.38,0.6326237623762376,0.38208558670987613
vit_b16_food101_f25_s0_fullft,vit_b16,food101,25,0,fullft,corruption:gaussian_blur,5.0,5.0,0.20163366336633665,0.4148019801980198,0.1939231633767837
vit_b16_food101_f25_s0_fullft,vit_b16,food101,25,0,fullft,corruption:jpeg,1.0,1.0,0.7104455445544554,0.8908415841584159,0.7106660725087541
vit_b16_food101_f25_s0_fullft,vit_b16,food101,25,0,fullft,corruption:jpeg,2.0,2.0,0.6780693069306931,0.8688613861386139,0.6782329591691361
vit_b16_food101_f25_s0_fullft,vit_b16,food101,25,0,fullft,corruption:jpeg,3.0,3.0,0.6494554455445545,0.8508910891089109,0.6502426444094194
vit_b16_food101_f25_s0_fullft,vit_b16,food101,25,0,fullft,corruption:jpeg,4.0,4.0,0.5705445544554455,0.795990099009901,0.571513541831947
vit_b16_food101_f25_s0_fullft,vit_b16,food101,25,0,fullft,corruption:jpeg,5.0,5.0,0.4773267326732673,0.7168811881188119,0.4810857371284895
vit_b16_food101_f25_s0_fullft,vit_b16,food101,25,0,fullft,frequency:lowpass,4.0,0.03571428571428571,0.02797029702970297,0.09742574257425743,0.013535760155111194
vit_b16_food101_f25_s0_fullft,vit_b16,food101,25,0,fullft,frequency:lowpass,8.0,0.07142857142857142,0.08801980198019801,0.23757425742574256,0.07434154250192329
vit_b16_food101_f25_s0_fullft,vit_b16,food101,25,0,fullft,frequency:lowpass,12.0,0.10714285714285714,0.23316831683168318,0.45712871287128715,0.2322996031959182
vit_b16_food101_f25_s0_fullft,vit_b16,food101,25,0,fullft,frequency:lowpass,16.0,0.14285714285714285,0.3847029702970297,0.6330693069306931,0.3869123933211599
vit_b16_food101_f25_s0_fullft,vit_b16,food101,25,0,fullft,frequency:lowpass,24.0,0.21428571428571427,0.5575247524752476,0.7882178217821783,0.5570256071320221
vit_b16_food101_f25_s0_fullft,vit_b16,food101,25,0,fullft,frequency:lowpass,32.0,0.2857142857142857,0.6524752475247525,0.8546534653465346,0.6516736472635417
vit_b16_food101_f25_s0_fullft,vit_b16,food101,25,0,fullft,frequency:lowpass,48.0,0.42857142857142855,0.7358910891089109,0.9021287128712872,0.7344792982932458
vit_b16_food101_f25_s0_fullft,vit_b16,food101,25,0,fullft,frequency:lowpass,72.0,0.6428571428571429,0.7767821782178218,0.9270297029702971,0.7761121326698571
vit_b16_food101_f25_s0_fullft,vit_b16,food101,25,0,fullft,frequency:lowpass,112.0,1.0,0.7825247524752476,0.929950495049505,0.7821636783127579
vit_b16_food101_f25_s0_fullft,vit_b16,food101,25,0,fullft,frequency:lowpass,159.0,1.4196428571428572,0.7827722772277228,0.92990099009901,0.7824194962648024
vit_b16_food101_f25_s0_fullft,vit_b16,food101,25,0,fullft,frequency:highpass,4.0,0.03571428571428571,0.36237623762376237,0.6126237623762376,0.36576383817453373
vit_b16_food101_f25_s0_fullft,vit_b16,food101,25,0,fullft,frequency:highpass,8.0,0.07142857142857142,0.1312871287128713,0.3019306930693069,0.11591612680699026
vit_b16_food101_f25_s0_fullft,vit_b16,food101,25,0,fullft,frequency:highpass,12.0,0.10714285714285714,0.04896039603960396,0.14113861386138613,0.02806132361514058
vit_b16_food101_f25_s0_fullft,vit_b16,food101,25,0,fullft,frequency:highpass,16.0,0.14285714285714285,0.028960396039603962,0.09267326732673267,0.01227133733965336
vit_b16_food101_f25_s0_fullft,vit_b16,food101,25,0,fullft,frequency:highpass,24.0,0.21428571428571427,0.01896039603960396,0.0700990099009901,0.006775435238457124
vit_b16_food101_f25_s0_fullft,vit_b16,food101,25,0,fullft,frequency:highpass,32.0,0.2857142857142857,0.015049504950495049,0.05866336633663366,0.004735428966449975
vit_b16_food101_f25_s0_fullft,vit_b16,food101,25,0,fullft,frequency:highpass,48.0,0.42857142857142855,0.012376237623762377,0.05207920792079208,0.0029405263437252195
vit_b16_food101_f25_s0_fullft,vit_b16,food101,25,0,fullft,frequency:highpass,72.0,0.6428571428571429,0.010396039603960397,0.04905940594059406,0.0007697274074148771
vit_b16_food101_f25_s0_fullft,vit_b16,food101,25,0,fullft,frequency:highpass,112.0,1.0,0.009900990099009901,0.04935643564356436,0.00019413706076490002
vit_b16_food101_f25_s0_fullft,vit_b16,food101,25,0,fullft,frequency:highpass,159.0,1.4196428571428572,0.009900990099009901,0.04950495049504951,0.00019413706076490002
vit_b16_food101_f25_s0_fullft,vit_b16,food101,25,0,fullft,frequency:band_noise,4.0,0.03571428571428571,0.3770792079207921,0.6186138613861386,0.3930305645142693
vit_b16_food101_f25_s0_fullft,vit_b16,food101,25,0,fullft,frequency:band_noise,12.0,0.10714285714285714,0.3082178217821782,0.5517326732673268,0.32854446559304123
vit_b16_food101_f25_s0_fullft,vit_b16,food101,25,0,fullft,frequency:band_noise,24.0,0.21428571428571427,0.37702970297029703,0.6214356435643564,0.3821096609270025
vit_b16_food101_f25_s0_fullft,vit_b16,food101,25,0,fullft,frequency:band_noise,44.0,0.39285714285714285,0.5155940594059406,0.7471287128712871,0.5165905202185961
vit_b16_food101_f25_s0_fullft,vit_b16,food101,25,0,fullft,frequency:band_noise,72.0,0.6428571428571429,0.6774257425742575,0.8704950495049505,0.6769179883879807
vit_b16_food101_f25_s0_fullft,vit_b16,food101,25,0,fullft,frequency:band_noise,123.5,1.1026785714285714,0.7604950495049505,0.9181683168316832,0.7606019751709048
