run_id,model_name,dataset,fraction,seed,regime,class_id,accuracy
resnet50_caltech256_f100_s0_fullft,resnet50,caltech256,100,0,fullft,0,0.95
resnet50_caltech256_f100_s0_fullft,resnet50,caltech256,100,0,fullft,1,0.947368
resnet50_caltech256_f100_s0_fullft,resnet50,caltech256,100,0,fullft,2,0.966667
resnet50_caltech256_f100_s0_fullft,resnet50,caltech256,100,0,fullft,3,0.64
resnet50_caltech256_f100_s0_fullft,resnet50,caltech256,100,0,fullft,4,0.966667
resnet50_caltech256_f100_s0_fullft,resnet50,caltech256,100,0,fullft,5,0.777778
resnet50_caltech256_f100_s0_fullft,resnet50,caltech256,100,0,fullft,6,0.904762
resnet50_caltech256_f100_s0_fullft,resnet50,caltech256,100,0,fullft,7,0.891304
resnet50_caltech256_f100_s0_fullft,resnet50,caltech256,100,0,fullft,8,1.0
resnet50_caltech256_f100_s0_fullft,resnet50,caltech256,100,0,fullft,9,0.789474
resnet50_caltech256_f100_s0_fullft,resnet50,caltech256,100,0,fullft,10,0.946429
resnet50_caltech256_f100_s0_fullft,resnet50,caltech256,100,0,fullft,11,0.953488
resnet50_caltech256_f100_s0_fullft,resnet50,caltech256,100,0,fullft,12,0.8
resnet50_caltech256_f100_s0_fullft,resnet50,caltech256,100,0,fullft,13,0.882353
resnet50_caltech256_f100_s0_fullft,resnet50,caltech256,100,0,fullft,14,0.958333
resnet50_caltech256_f100_s0_fullft,resnet50,caltech256,100,0,fullft,15,0.944444
resnet50_caltech256_f100_s0_fullft,resnet50,caltech256,100,0,fullft,16,0.571429
resnet50_caltech256_f100_s0_fullft,resnet50,caltech256,100,0,fullft,17,0.75
resnet50_caltech256_f100_s0_fullft,resnet50,caltech256,100,0,fullft,18,0.92
resnet50_caltech256_f100_s0_fullft,resnet50,caltech256,100,0,fullft,19,1.0
resnet50_caltech256_f100_s0_fullft,resnet50,caltech256,100,0,fullft,20,0.928571
resnet50_caltech256_f100_s0_fullft,resnet50,caltech256,100,0,fullft,21,1.0
resnet50_caltech256_f100_s0_fullft,resnet50,caltech256,100,0,fullft,22,0.909091
resnet50_caltech256_f100_s0_fullft,resnet50,caltech256,100,0,fullft,23,1.0
resnet50_caltech256_f100_s0_fullft,resnet50,caltech256,100,0,fullft,24,0.956522
resnet50_caltech256_f100_s0_fullft,resnet50,caltech256,100,0,fullft,25,0.714286
resnet50_caltech256_f100_s0_fullft,resnet50,caltech256,100,0,fullft,26,0.95
resnet50_caltech256_f100_s0_fullft,resnet50,caltech256,100,0,fullft,27,0.954545
resnet50_caltech256_f100_s0_fullft,resnet50,caltech256,100,0,fullft,28,1.0
resnet50_caltech256_f100_s0_fullft,resnet50,caltech256,100,0,fullft,29,0.714286
resnet50_caltech256_f100_s0_fullft,resnet50,caltech256,100,0,fullft,30,0.888889
resnet50_caltech256_f100_s0_fullft,resnet50,caltech256,100,0,fullft,31,0.8
resnet50_caltech256_f100_s0_fullft,resnet50,caltech256,100,0,fullft,32,0.85
resnet50_caltech256_f100_s0_fullft,resnet50,caltech256,100,0,fullft,33,1.0
resnet50_caltech256_f100_s0_fullft,resnet50,caltech256,100,0,fullft,34,0.941176
resnet50_caltech256_f100_s0_fullft,resnet50,caltech256,100,0,fullft,35,0.904762
resnet50_caltech256_f100_s0_fullft,resnet50,caltech256,100,0,fullft,36,1.0
resnet50_caltech256_f100_s0_fullft,resnet50,caltech256,100,0,fullft,37,0.863636
resnet50_caltech256_f100_s0_fullft,resnet50,caltech256,100,0,fullft,38,0.529412
resnet50_caltech256_f100_s0_fullft,resnet50,caltech256,100,0,fullft,39,0.92
resnet50_caltech256_f100_s0_fullft,resnet50,caltech256,100,0,fullft,40,0.882353
resnet50_caltech256_f100_s0_fullft,resnet50,caltech256,100,0,fullft,41,0.588235
resnet50_caltech256_f100_s0_fullft,resnet50,caltech256,100,0,fullft,42,0.88
resnet50_caltech256_f100_s0_fullft,resnet50,caltech256,100,0,fullft,43,0.791667
resnet50_caltech256_f100_s0_fullft,resnet50,caltech256,100,0,fullft,44,0.941176
resnet50_caltech256_f100_s0_fullft,resnet50,caltech256,100,0,fullft,45,0.962963
resnet50_caltech256_f100_s0_fullft,resnet50,caltech256,100,0,fullft,46,0.947368
resnet50_caltech256_f100_s0_fullft,resnet50,caltech256,100,0,fullft,47,0.904762
resnet50_caltech256_f100_s0_fullft,resnet50,caltech256,100,0,fullft,48,0.952381
resnet50_caltech256_f100_s0_fullft,resnet50,caltech256,100,0,fullft,49,0.894737
resnet50_caltech256_f100_s0_fullft,resnet50,caltech256,100,0,fullft,50,0.869565
resnet50_caltech256_f100_s0_fullft,resnet50,caltech256,100,0,fullft,51,1.0
resnet50_caltech256_f100_s0_fullft,resnet50,caltech256,100,0,fullft,52,0.9375
resnet50_caltech256_f100_s0_fullft,resnet50,caltech256,100,0,fullft,53,0.916667
resnet50_caltech256_f100_s0_fullft,resnet50,caltech256,100,0,fullft,54,0.8
resnet50_caltech256_f100_s0_fullft,resnet50,caltech256,100,0,fullft,55,0.8
resnet50_caltech256_f100_s0_fullft,resnet50,caltech256,100,0,fullft,56,0.904762
resnet50_caltech256_f100_s0_fullft,resnet50,caltech256,100,0,fullft,57,0.789474
resnet50_caltech256_f100_s0_fullft,resnet50,caltech256,100,0,fullft,58,0.411765
resnet50_caltech256_f100_s0_fullft,resnet50,caltech256,100,0,fullft,59,0.705882
resnet50_caltech256_f100_s0_fullft,resnet50,caltech256,100,0,fullft,60,0.8
resnet50_caltech256_f100_s0_fullft,resnet50,caltech256,100,0,fullft,61,0.941176
resnet50_caltech256_f100_s0_fullft,resnet50,caltech256,100,0,fullft,62,1.0
resnet50_caltech256_f100_s0_fullft,resnet50,caltech256,100,0,fullft,63,1.0
resnet50_caltech256_f100_s0_fullft,resnet50,caltech256,100,0,fullft,64,0.9
resnet50_caltech256_f100_s0_fullft,resnet50,caltech256,100,0,fullft,65,0.941176
resnet50_caltech256_f100_s0_fullft,resnet50,caltech256,100,0,fullft,66,0.823529
resnet50_caltech256_f100_s0_fullft,resnet50,caltech256,100,0,fullft,67,0.863636
resnet50_caltech256_f100_s0_fullft,resnet50,caltech256,100,0,fullft,68,0.6
resnet50_caltech256_f100_s0_fullft,resnet50,caltech256,100,0,fullft,69,0.588235
resnet50_caltech256_f100_s0_fullft,resnet50,caltech256,100,0,fullft,70,0.95
resnet50_caltech256_f100_s0_fullft,resnet50,caltech256,100,0,fullft,71,1.0
resnet50_caltech256_f100_s0_fullft,resnet50,caltech256,100,0,fullft,72,1.0
resnet50_caltech256_f100_s0_fullft,resnet50,caltech256,100,0,fullft,73,0.695652
resnet50_caltech256_f100_s0_fullft,resnet50,caltech256,100,0,fullft,74,0.764706
resnet50_caltech256_f100_s0_fullft,resnet50,caltech256,100,0,fullft,75,1.0
resnet50_caltech256_f100_s0_fullft,resnet50,caltech256,100,0,fullft,76,1.0
resnet50_caltech256_f100_s0_fullft,resnet50,caltech256,100,0,fullft,77,0.888889
resnet50_caltech256_f100_s0_fullft,resnet50,caltech256,100,0,fullft,78,0.75
resnet50_caltech256_f100_s0_fullft,resnet50,caltech256,100,0,fullft,79,0.826087
resnet50_caltech256_f100_s0_fullft,resnet50,caltech256,100,0,fullft,80,0.947368
resnet50_caltech256_f100_s0_fullft,resnet50,caltech256,100,0,fullft,81,0.875
resnet50_caltech256_f100_s0_fullft,resnet50,caltech256,100,0,fullft,82,0.789474
resnet50_caltech256_f100_s0_fullft,resnet50,caltech256,100,0,fullft,83,0.882353
resnet50_caltech256_f100_s0_fullft,resnet50,caltech256,100,0,fullft,84,0.909091
resnet50_caltech256_f100_s0_fullft,resnet50,caltech256,100,0,fullft,85,0.9375
resnet50_caltech256_f100_s0_fullft,resnet50,caltech256,100,0,fullft,86,0.894737
resnet50_caltech256_f100_s0_fullft,resnet50,caltech256,100,0,fullft,87,0.95
resnet50_caltech256_f100_s0_fullft,resnet50,caltech256,100,0,fullft,88,0.818182
resnet50_caltech256_f100_s0_fullft,resnet50,caltech256,100,0,fullft,89,0.97619
resnet50_caltech256_f100_s0_fullft,resnet50,caltech256,100,0,fullft,90,0.947368
resnet50_caltech256_f100_s0_fullft,resnet50,caltech256,100,0,fullft,91,0.9
resnet50_caltech256_f100_s0_fullft,resnet50,caltech256,100,0,fullft,92,0.954545
resnet50_caltech256_f100_s0_fullft,resnet50,caltech256,100,0,fullft,93,0.952381
resnet50_caltech256_f100_s0_fullft,resnet50,caltech256,100,0,fullft,94,0.882353
resnet50_caltech256_f100_s0_fullft,resnet50,caltech256,100,0,fullft,95,0.929825
resnet50_caltech256_f100_s0_fullft,resnet50,caltech256,100,0,fullft,96,0.777778
resnet50_caltech256_f100_s0_fullft,resnet50,caltech256,100,0,fullft,97,1.0
resnet50_caltech256_f100_s0_fullft,resnet50,caltech256,100,0,fullft,98,0.9375
resnet50_caltech256_f100_s0_fullft,resnet50,caltech256,100,0,fullft,99,1.0
resnet50_caltech256_f100_s0_fullft,resnet50,caltech256,100,0,fullft,100,1.0
resnet50_caltech256_f100_s0_fullft,resnet50,caltech256,100,0,fullft,101,0.888889
resnet50_caltech256_f100_s0_fullft,resnet50,caltech256,100,0,fullft,102,1.0
resnet50_caltech256_f100_s0_fullft,resnet50,caltech256,100,0,fullft,103,0.894737
resnet50_caltech256_f100_s0_fullft,resnet50,caltech256,100,0,fullft,104,0.907407
resnet50_caltech256_f100_s0_fullft,resnet50,caltech256,100,0,fullft,105,0.823529
resnet50_caltech256_f100_s0_fullft,resnet50,caltech256,100,0,fullft,106,1.0
resnet50_caltech256_f100_s0_fullft,resnet50,caltech256,100,0,fullft,107,0.705882
resnet50_caltech256_f100_s0_fullft,resnet50,caltech256,100,0,fullft,108,0.967742
resnet50_caltech256_f100_s0_fullft,resnet50,caltech256,100,0,fullft,109,0.882353
resnet50_caltech256_f100_s0_fullft,resnet50,caltech256,100,0,fullft,110,0.941176
resnet50_caltech256_f100_s0_fullft,resnet50,caltech256,100,0,fullft,111,0.941176
resnet50_caltech256_f100_s0_fullft,resnet50,caltech256,100,0,fullft,112,0.956522
resnet50_caltech256_f100_s0_fullft,resnet50,caltech256,100,0,fullft,113,0.958333
resnet50_caltech256_f100_s0_fullft,resnet50,caltech256,100,0,fullft,114,0.944444
resnet50_caltech256_f100_s0_fullft,resnet50,caltech256,100,0,fullft,115,1.0
resnet50_caltech256_f100_s0_fullft,resnet50,caltech256,100,0,fullft,116,0.958333
resnet50_caltech256_f100_s0_fullft,resnet50,caltech256,100,0,fullft,117,0.954545
resnet50_caltech256_f100_s0_fullft,resnet50,caltech256,100,0,fullft,118,0.764706
resnet50_caltech256_f100_s0_fullft,resnet50,caltech256,100,0,fullft,119,0.846154
resnet50_caltech256_f100_s0_fullft,resnet50,caltech256,100,0,fullft,120,1.0
resnet50_caltech256_f100_s0_fullft,resnet50,caltech256,100,0,fullft,121,0.809524
resnet50_caltech256_f100_s0_fullft,resnet50,caltech256,100,0,fullft,122,1.0
resnet50_caltech256_f100_s0_fullft,resnet50,caltech256,100,0,fullft,123,1.0
resnet50_caltech256_f100_s0_fullft,resnet50,caltech256,100,0,fullft,124,0.55
resnet50_caltech256_f100_s0_fullft,resnet50,caltech256,100,0,fullft,125,0.75
resnet50_caltech256_f100_s0_fullft,resnet50,caltech256,100,0,fullft,126,0.961538
resnet50_caltech256_f100_s0_fullft,resnet50,caltech256,100,0,fullft,127,0.714286
resnet50_caltech256_f100_s0_fullft,resnet50,caltech256,100,0,fullft,128,1.0
resnet50_caltech256_f100_s0_fullft,resnet50,caltech256,100,0,fullft,129,1.0
resnet50_caltech256_f100_s0_fullft,resnet50,caltech256,100,0,fullft,130,0.944444
resnet50_caltech256_f100_s0_fullft,resnet50,caltech256,100,0,fullft,131,0.894737
resnet50_caltech256_f100_s0_fullft,resnet50,caltech256,100,0,fullft,132,0.962963
resnet50_caltech256_f100_s0_fullft,resnet50,caltech256,100,0,fullft,133,0.958333
resnet50_caltech256_f100_s0_fullft,resnet50,caltech256,100,0,fullft,134,0.842105
resnet50_caltech256_f100_s0_fullft,resnet50,caltech256,100,0,fullft,135,0.842105
resnet50_caltech256_f100_s0_fullft,resnet50,caltech256,100,0,fullft,136,0.967742
resnet50_caltech256_f100_s0_fullft,resnet50,caltech256,100,0,fullft,137,0.921053
resnet50_caltech256_f100_s0_fullft,resnet50,caltech256,100,0,fullft,138,0.882353
resnet50_caltech256_f100_s0_fullft,resnet50,caltech256,100,0,fullft,139,0.888889
resnet50_caltech256_f100_s0_fullft,resnet50,caltech256,100,0,fullft,140,1.0
resnet50_caltech256_f100_s0_fullft,resnet50,caltech256,100,0,fullft,141,0.904762
resnet50_caltech256_f100_s0_fullft,resnet50,caltech256,100,0,fullft,142,1.0
resnet50_caltech256_f100_s0_fullft,resnet50,caltech256,100,0,fullft,143,0.6875
resnet50_caltech256_f100_s0_fullft,resnet50,caltech256,100,0,fullft,144,1.0
resnet50_caltech256_f100_s0_fullft,resnet50,caltech256,100,0,fullft,145,0.8125
resnet50_caltech256_f100_s0_fullft,resnet50,caltech256,100,0,fullft,146,0.925
resnet50_caltech256_f100_s0_fullft,resnet50,caltech256,100,0,fullft,147,0.828571
resnet50_caltech256_f100_s0_fullft,resnet50,caltech256,100,0,fullft,148,0.904762
resnet50_caltech256_f100_s0_fullft,resnet50,caltech256,100,0,fullft,149,0.909091
resnet50_caltech256_f100_s0_fullft,resnet50,caltech256,100,0,fullft,150,0.954545
resnet50_caltech256_f100_s0_fullft,resnet50,caltech256,100,0,fullft,151,1.0
resnet50_caltech256_f100_s0_fullft,resnet50,caltech256,100,0,fullft,152,1.0
resnet50_caltech256_f100_s0_fullft,resnet50,caltech256,100,0,fullft,153,0.857143
resnet50_caltech256_f100_s0_fullft,resnet50,caltech256,100,0,fullft,154,0.555556
resnet50_caltech256_f100_s0_fullft,resnet50,caltech256,100,0,fullft,155,0.736842
resnet50_caltech256_f100_s0_fullft,resnet50,caltech256,100,0,fullft,156,0.857143
resnet50_caltech256_f100_s0_fullft,resnet50,caltech256,100,0,fullft,157,1.0
resnet50_caltech256_f100_s0_fullft,resnet50,caltech256,100,0,fullft,158,0.619048
resnet50_caltech256_f100_s0_fullft,resnet50,caltech256,100,0,fullft,159,0.705882
resnet50_caltech256_f100_s0_fullft,resnet50,caltech256,100,0,fullft,160,0.952381
resnet50_caltech256_f100_s0_fullft,resnet50,caltech256,100,0,fullft,161,0.555556
resnet50_caltech256_f100_s0_fullft,resnet50,caltech256,100,0,fullft,162,0.555556
resnet50_caltech256_f100_s0_fullft,resnet50,caltech256,100,0,fullft,163,0.95
resnet50_caltech256_f100_s0_fullft,resnet50,caltech256,100,0,fullft,164,0.888889
resnet50_caltech256_f100_s0_fullft,resnet50,caltech256,100,0,fullft,165,0.944444
resnet50_caltech256_f100_s0_fullft,resnet50,caltech256,100,0,fullft,166,0.882353
resnet50_caltech256_f100_s0_fullft,resnet50,caltech256,100,0,fullft,167,0.964286
resnet50_caltech256_f100_s0_fullft,resnet50,caltech256,100,0,fullft,168,0.944444
resnet50_caltech256_f100_s0_fullft,resnet50,caltech256,100,0,fullft,169,0.95
resnet50_caltech256_f100_s0_fullft,resnet50,caltech256,100,0,fullft,170,0.705882
resnet50_caltech256_f100_s0_fullft,resnet50,caltech256,100,0,fullft,171,0.9
resnet50_caltech256_f100_s0_fullft,resnet50,caltech256,100,0,fullft,172,0.714286
resnet50_caltech256_f100_s0_fullft,resnet50,caltech256,100,0,fullft,173,0.941176
resnet50_caltech256_f100_s0_fullft,resnet50,caltech256,100,0,fullft,174,0.882353
resnet50_caltech256_f100_s0_fullft,resnet50,caltech256,100,0,fullft,175,1.0
resnet50_caltech256_f100_s0_fullft,resnet50,caltech256,100,0,fullft,176,1.0
resnet50_caltech256_f100_s0_fullft,resnet50,caltech256,100,0,fullft,177,1.0
resnet50_caltech256_f100_s0_fullft,resnet50,caltech256,100,0,fullft,178,1.0
resnet50_caltech256_f100_s0_fullft,resnet50,caltech256,100,0,fullft,179,0.65
resnet50_caltech256_f100_s0_fullft,resnet50,caltech256,100,0,fullft,180,0.9
resnet50_caltech256_f100_s0_fullft,resnet50,caltech256,100,0,fullft,181,1.0
resnet50_caltech256_f100_s0_fullft,resnet50,caltech256,100,0,fullft,182,0.95
resnet50_caltech256_f100_s0_fullft,resnet50,caltech256,100,0,fullft,183,1.0
resnet50_caltech256_f100_s0_fullft,resnet50,caltech256,100,0,fullft,184,0.52381
resnet50_caltech256_f100_s0_fullft,resnet50,caltech256,100,0,fullft,185,1.0
resnet50_caltech256_f100_s0_fullft,resnet50,caltech256,100,0,fullft,186,1.0
resnet50_caltech256_f100_s0_fullft,resnet50,caltech256,100,0,fullft,187,0.944444
resnet50_caltech256_f100_s0_fullft,resnet50,caltech256,100,0,fullft,188,0.791667
resnet50_caltech256_f100_s0_fullft,resnet50,caltech256,100,0,fullft,189,0.954545
resnet50_caltech256_f100_s0_fullft,resnet50,caltech256,100,0,fullft,190,0.409091
resnet50_caltech256_f100_s0_fullft,resnet50,caltech256,100,0,fullft,191,0.954545
resnet50_caltech256_f100_s0_fullft,resnet50,caltech256,100,0,fullft,192,0.828571
resnet50_caltech256_f100_s0_fullft,resnet50,caltech256,100,0,fullft,193,0.954545
resnet50_caltech256_f100_s0_fullft,resnet50,caltech256,100,0,fullft,194,0.588235
resnet50_caltech256_f100_s0_fullft,resnet50,caltech256,100,0,fullft,195,0.857143
resnet50_caltech256_f100_s0_fullft,resnet50,caltech256,100,0,fullft,196,0.75
resnet50_caltech256_f100_s0_fullft,resnet50,caltech256,100,0,fullft,197,0.772727
resnet50_caltech256_f100_s0_fullft,resnet50,caltech256,100,0,fullft,198,0.619048
resnet50_caltech256_f100_s0_fullft,resnet50,caltech256,100,0,fullft,199,0.85
resnet50_caltech256_f100_s0_fullft,resnet50,caltech256,100,0,fullft,200,1.0
resnet50_caltech256_f100_s0_fullft,resnet50,caltech256,100,0,fullft,201,0.789474
resnet50_caltech256_f100_s0_fullft,resnet50,caltech256,100,0,fullft,202,0.833333
resnet50_caltech256_f100_s0_fullft,resnet50,caltech256,100,0,fullft,203,1.0
resnet50_caltech256_f100_s0_fullft,resnet50,caltech256,100,0,fullft,204,0.941176
resnet50_caltech256_f100_s0_fullft,resnet50,caltech256,100,0,fullft,205,0.7
resnet50_caltech256_f100_s0_fullft,resnet50,caltech256,100,0,fullft,206,0.956522
resnet50_caltech256_f100_s0_fullft,resnet50,caltech256,100,0,fullft,207,0.954545
resnet50_caltech256_f100_s0_fullft,resnet50,caltech256,100,0,fullft,208,0.75
resnet50_caltech256_f100_s0_fullft,resnet50,caltech256,100,0,fullft,209,0.909091
resnet50_caltech256_f100_s0_fullft,resnet50,caltech256,100,0,fullft,210,0.736842
resnet50_caltech256_f100_s0_fullft,resnet50,caltech256,100,0,fullft,211,0.962963
resnet50_caltech256_f100_s0_fullft,resnet50,caltech256,100,0,fullft,212,0.95
resnet50_caltech256_f100_s0_fullft,resnet50,caltech256,100,0,fullft,213,0.892857
resnet50_caltech256_f100_s0_fullft,resnet50,caltech256,100,0,fullft,214,0.882353
resnet50_caltech256_f100_s0_fullft,resnet50,caltech256,100,0,fullft,215,1.0
resnet50_caltech256_f100_s0_fullft,resnet50,caltech256,100,0,fullft,216,0.857143
resnet50_caltech256_f100_s0_fullft,resnet50,caltech256,100,0,fullft,217,1.0
resnet50_caltech256_f100_s0_fullft,resnet50,caltech256,100,0,fullft,218,0.705882
resnet50_caltech256_f100_s0_fullft,resnet50,caltech256,100,0,fullft,219,0.842105
resnet50_caltech256_f100_s0_fullft,resnet50,caltech256,100,0,fullft,220,1.0
resnet50_caltech256_f100_s0_fullft,resnet50,caltech256,100,0,fullft,221,0.777778
resnet50_caltech256_f100_s0_fullft,resnet50,caltech256,100,0,fullft,222,0.6875
resnet50_caltech256_f100_s0_fullft,resnet50,caltech256,100,0,fullft,223,0.909091
resnet50_caltech256_f100_s0_fullft,resnet50,caltech256,100,0,fullft,224,0.944444
resnet50_caltech256_f100_s0_fullft,resnet50,caltech256,100,0,fullft,225,0.8
resnet50_caltech256_f100_s0_fullft,resnet50,caltech256,100,0,fullft,226,0.965517
resnet50_caltech256_f100_s0_fullft,resnet50,caltech256,100,0,fullft,227,0.894737
resnet50_caltech256_f100_s0_fullft,resnet50,caltech256,100,0,fullft,228,0.789474
resnet50_caltech256_f100_s0_fullft,resnet50,caltech256,100,0,fullft,229,1.0
resnet50_caltech256_f100_s0_fullft,resnet50,caltech256,100,0,fullft,230,0.863636
resnet50_caltech256_f100_s0_fullft,resnet50,caltech256,100,0,fullft,231,0.944444
resnet50_caltech256_f100_s0_fullft,resnet50,caltech256,100,0,fullft,232,0.65
resnet50_caltech256_f100_s0_fullft,resnet50,caltech256,100,0,fullft,233,0.833333
resnet50_caltech256_f100_s0_fullft,resnet50,caltech256,100,0,fullft,234,1.0
resnet50_caltech256_f100_s0_fullft,resnet50,caltech256,100,0,fullft,235,0.842105
resnet50_caltech256_f100_s0_fullft,resnet50,caltech256,100,0,fullft,236,0.888889
resnet50_caltech256_f100_s0_fullft,resnet50,caltech256,100,0,fullft,237,1.0
resnet50_caltech256_f100_s0_fullft,resnet50,caltech256,100,0,fullft,238,0.823529
resnet50_caltech256_f100_s0_fullft,resnet50,caltech256,100,0,fullft,239,0.95
resnet50_caltech256_f100_s0_fullft,resnet50,caltech256,100,0,fullft,240,0.842105
resnet50_caltech256_f100_s0_fullft,resnet50,caltech256,100,0,fullft,241,0.894737
resnet50_caltech256_f100_s0_fullft,resnet50,caltech256,100,0,fullft,242,0.777778
resnet50_caltech256_f100_s0_fullft,resnet50,caltech256,100,0,fullft,243,0.722222
resnet50_caltech256_f100_s0_fullft,resnet50,caltech256,100,0,fullft,244,0.777778
resnet50_caltech256_f100_s0_fullft,resnet50,caltech256,100,0,fullft,245,0.9
resnet50_caltech256_f100_s0_fullft,resnet50,caltech256,100,0,fullft,246,0.833333
resnet50_caltech256_f100_s0_fullft,resnet50,caltech256,100,0,fullft,247,0.941176
resnet50_caltech256_f100_s0_fullft,resnet50,caltech256,100,0,fullft,248,0.7
resnet50_caltech256_f100_s0_fullft,resnet50,caltech256,100,0,fullft,249,1.0
resnet50_caltech256_f100_s0_fullft,resnet50,caltech256,100,0,fullft,250,0.9875
resnet50_caltech256_f100_s0_fullft,resnet50,caltech256,100,0,fullft,251,1.0
resnet50_caltech256_f100_s0_fullft,resnet50,caltech256,100,0,fullft,252,1.0
resnet50_caltech256_f100_s0_fullft,resnet50,caltech256,100,0,fullft,253,0.789474
resnet50_caltech256_f100_s0_fullft,resnet50,caltech256,100,0,fullft,254,0.666667
resnet50_caltech256_f100_s0_fullft,resnet50,caltech256,100,0,fullft,255,1.0
resnet50_caltech256_f100_s0_linprobe,resnet50,caltech256,100,0,linprobe,0,0.95
resnet50_caltech256_f100_s0_linprobe,resnet50,caltech256,100,0,linprobe,1,0.842105
resnet50_caltech256_f100_s0_linprobe,resnet50,caltech256,100,0,linprobe,2,0.966667
resnet50_caltech256_f100_s0_linprobe,resnet50,caltech256,100,0,linprobe,3,0.68
resnet50_caltech256_f100_s0_linprobe,resnet50,caltech256,100,0,linprobe,4,0.966667
resnet50_caltech256_f100_s0_linprobe,resnet50,caltech256,100,0,linprobe,5,0.833333
resnet50_caltech256_f100_s0_linprobe,resnet50,caltech256,100,0,linprobe,6,0.857143
resnet50_caltech256_f100_s0_linprobe,resnet50,caltech256,100,0,linprobe,7,0.913043
resnet50_caltech256_f100_s0_linprobe,resnet50,caltech256,100,0,linprobe,8,0.9
resnet50_caltech256_f100_s0_linprobe,resnet50,caltech256,100,0,linprobe,9,0.842105
resnet50_caltech256_f100_s0_linprobe,resnet50,caltech256,100,0,linprobe,10,0.928571
resnet50_caltech256_f100_s0_linprobe,resnet50,caltech256,100,0,linprobe,11,0.953488
resnet50_caltech256_f100_s0_linprobe,resnet50,caltech256,100,0,linprobe,12,0.75
resnet50_caltech256_f100_s0_linprobe,resnet50,caltech256,100,0,linprobe,13,0.941176
resnet50_caltech256_f100_s0_linprobe,resnet50,caltech256,100,0,linprobe,14,0.958333
resnet50_caltech256_f100_s0_linprobe,resnet50,caltech256,100,0,linprobe,15,0.888889
resnet50_caltech256_f100_s0_linprobe,resnet50,caltech256,100,0,linprobe,16,0.571429
resnet50_caltech256_f100_s0_linprobe,resnet50,caltech256,100,0,linprobe,17,0.65
resnet50_caltech256_f100_s0_linprobe,resnet50,caltech256,100,0,linprobe,18,0.92
resnet50_caltech256_f100_s0_linprobe,resnet50,caltech256,100,0,linprobe,19,0.941176
resnet50_caltech256_f100_s0_linprobe,resnet50,caltech256,100,0,linprobe,20,0.928571
resnet50_caltech256_f100_s0_linprobe,resnet50,caltech256,100,0,linprobe,21,1.0
resnet50_caltech256_f100_s0_linprobe,resnet50,caltech256,100,0,linprobe,22,0.909091
resnet50_caltech256_f100_s0_linprobe,resnet50,caltech256,100,0,linprobe,23,0.954545
resnet50_caltech256_f100_s0_linprobe,resnet50,caltech256,100,0,linprobe,24,0.956522
resnet50_caltech256_f100_s0_linprobe,resnet50,caltech256,100,0,linprobe,25,0.666667
resnet50_caltech256_f100_s0_linprobe,resnet50,caltech256,100,0,linprobe,26,0.9
resnet50_caltech256_f100_s0_linprobe,resnet50,caltech256,100,0,linprobe,27,0.909091
resnet50_caltech256_f100_s0_linprobe,resnet50,caltech256,100,0,linprobe,28,1.0
resnet50_caltech256_f100_s0_linprobe,resnet50,caltech256,100,0,linprobe,29,0.666667
resnet50_caltech256_f100_s0_linprobe,resnet50,caltech256,100,0,linprobe,30,0.777778
resnet50_caltech256_f100_s0_linprobe,resnet50,caltech256,100,0,linprobe,31,0.75
resnet50_caltech256_f100_s0_linprobe,resnet50,caltech256,100,0,linprobe,32,0.85
resnet50_caltech256_f100_s0_linprobe,resnet50,caltech256,100,0,linprobe,33,0.95
resnet50_caltech256_f100_s0_linprobe,resnet50,caltech256,100,0,linprobe,34,0.882353
resnet50_caltech256_f100_s0_linprobe,resnet50,caltech256,100,0,linprobe,35,0.952381
resnet50_caltech256_f100_s0_linprobe,resnet50,caltech256,100,0,linprobe,36,1.0
resnet50_caltech256_f100_s0_linprobe,resnet50,caltech256,100,0,linprobe,37,0.818182
resnet50_caltech256_f100_s0_linprobe,resnet50,caltech256,100,0,linprobe,38,0.588235
resnet50_caltech256_f100_s0_linprobe,resnet50,caltech256,100,0,linprobe,39,0.92
resnet50_caltech256_f100_s0_linprobe,resnet50,caltech256,100,0,linprobe,40,0.941176
resnet50_caltech256_f100_s0_linprobe,resnet50,caltech256,100,0,linprobe,41,0.588235
resnet50_caltech256_f100_s0_linprobe,resnet50,caltech256,100,0,linprobe,42,0.84
resnet50_caltech256_f100_s0_linprobe,resnet50,caltech256,100,0,linprobe,43,0.833333
resnet50_caltech256_f100_s0_linprobe,resnet50,caltech256,100,0,linprobe,44,0.941176
resnet50_caltech256_f100_s0_linprobe,resnet50,caltech256,100,0,linprobe,45,1.0
resnet50_caltech256_f100_s0_linprobe,resnet50,caltech256,100,0,linprobe,46,0.842105
resnet50_caltech256_f100_s0_linprobe,resnet50,caltech256,100,0,linprobe,47,0.952381
resnet50_caltech256_f100_s0_linprobe,resnet50,caltech256,100,0,linprobe,48,0.952381
resnet50_caltech256_f100_s0_linprobe,resnet50,caltech256,100,0,linprobe,49,0.789474
resnet50_caltech256_f100_s0_linprobe,resnet50,caltech256,100,0,linprobe,50,0.782609
resnet50_caltech256_f100_s0_linprobe,resnet50,caltech256,100,0,linprobe,51,0.882353
resnet50_caltech256_f100_s0_linprobe,resnet50,caltech256,100,0,linprobe,52,0.9375
resnet50_caltech256_f100_s0_linprobe,resnet50,caltech256,100,0,linprobe,53,0.958333
resnet50_caltech256_f100_s0_linprobe,resnet50,caltech256,100,0,linprobe,54,0.7
resnet50_caltech256_f100_s0_linprobe,resnet50,caltech256,100,0,linprobe,55,0.85
resnet50_caltech256_f100_s0_linprobe,resnet50,caltech256,100,0,linprobe,56,0.809524
resnet50_caltech256_f100_s0_linprobe,resnet50,caltech256,100,0,linprobe,57,0.894737
resnet50_caltech256_f100_s0_linprobe,resnet50,caltech256,100,0,linprobe,58,0.647059
resnet50_caltech256_f100_s0_linprobe,resnet50,caltech256,100,0,linprobe,59,0.647059
resnet50_caltech256_f100_s0_linprobe,resnet50,caltech256,100,0,linprobe,60,0.8
resnet50_caltech256_f100_s0_linprobe,resnet50,caltech256,100,0,linprobe,61,0.941176
resnet50_caltech256_f100_s0_linprobe,resnet50,caltech256,100,0,linprobe,62,0.875
resnet50_caltech256_f100_s0_linprobe,resnet50,caltech256,100,0,linprobe,63,1.0
resnet50_caltech256_f100_s0_linprobe,resnet50,caltech256,100,0,linprobe,64,0.85
resnet50_caltech256_f100_s0_linprobe,resnet50,caltech256,100,0,linprobe,65,0.882353
resnet50_caltech256_f100_s0_linprobe,resnet50,caltech256,100,0,linprobe,66,0.941176
resnet50_caltech256_f100_s0_linprobe,resnet50,caltech256,100,0,linprobe,67,0.909091
resnet50_caltech256_f100_s0_linprobe,resnet50,caltech256,100,0,linprobe,68,0.7
resnet50_caltech256_f100_s0_linprobe,resnet50,caltech256,100,0,linprobe,69,0.588235
resnet50_caltech256_f100_s0_linprobe,resnet50,caltech256,100,0,linprobe,70,0.85
resnet50_caltech256_f100_s0_linprobe,resnet50,caltech256,100,0,linprobe,71,1.0
resnet50_caltech256_f100_s0_linprobe,resnet50,caltech256,100,0,linprobe,72,1.0
resnet50_caltech256_f100_s0_linprobe,resnet50,caltech256,100,0,linprobe,73,0.652174
resnet50_caltech256_f100_s0_linprobe,resnet50,caltech256,100,0,linprobe,74,0.705882
resnet50_caltech256_f100_s0_linprobe,resnet50,caltech256,100,0,linprobe,75,1.0
resnet50_caltech256_f100_s0_linprobe,resnet50,caltech256,100,0,linprobe,76,1.0
resnet50_caltech256_f100_s0_linprobe,resnet50,caltech256,100,0,linprobe,77,0.888889
resnet50_caltech256_f100_s0_linprobe,resnet50,caltech256,100,0,linprobe,78,0.7
resnet50_caltech256_f100_s0_linprobe,resnet50,caltech256,100,0,linprobe,79,0.826087
resnet50_caltech256_f100_s0_linprobe,resnet50,caltech256,100,0,linprobe,80,0.894737
resnet50_caltech256_f100_s0_linprobe,resnet50,caltech256,100,0,linprobe,81,0.9375
resnet50_caltech256_f100_s0_linprobe,resnet50,caltech256,100,0,linprobe,82,0.894737
resnet50_caltech256_f100_s0_linprobe,resnet50,caltech256,100,0,linprobe,83,0.882353
resnet50_caltech256_f100_s0_linprobe,resnet50,caltech256,100,0,linprobe,84,0.954545
resnet50_caltech256_f100_s0_linprobe,resnet50,caltech256,100,0,linprobe,85,0.9375
resnet50_caltech256_f100_s0_linprobe,resnet50,caltech256,100,0,linprobe,86,0.894737
resnet50_caltech256_f100_s0_linprobe,resnet50,caltech256,100,0,linprobe,87,1.0
resnet50_caltech256_f100_s0_linprobe,resnet50,caltech256,100,0,linprobe,88,0.863636
resnet50_caltech256_f100_s0_linprobe,resnet50,caltech256,100,0,linprobe,89,0.952381
resnet50_caltech256_f100_s0_linprobe,resnet50,caltech256,100,0,linprobe,90,0.894737
resnet50_caltech256_f100_s0_linprobe,resnet50,caltech256,100,0,linprobe,91,0.825
resnet50_caltech256_f100_s0_linprobe,resnet50,caltech256,100,0,linprobe,92,0.954545
resnet50_caltech256_f100_s0_linprobe,resnet50,caltech256,100,0,linprobe,93,0.952381
resnet50_caltech256_f100_s0_linprobe,resnet50,caltech256,100,0,linprobe,94,0.764706
resnet50_caltech256_f100_s0_linprobe,resnet50,caltech256,100,0,linprobe,95,0.947368
resnet50_caltech256_f100_s0_linprobe,resnet50,caltech256,100,0,linprobe,96,0.666667
resnet50_caltech256_f100_s0_linprobe,resnet50,caltech256,100,0,linprobe,97,0.95
resnet50_caltech256_f100_s0_linprobe,resnet50,caltech256,100,0,linprobe,98,1.0
resnet50_caltech256_f100_s0_linprobe,resnet50,caltech256,100,0,linprobe,99,1.0
resnet50_caltech256_f100_s0_linprobe,resnet50,caltech256,100,0,linprobe,100,0.964286
resnet50_caltech256_f100_s0_linprobe,resnet50,caltech256,100,0,linprobe,101,0.777778
resnet50_caltech256_f100_s0_linprobe,resnet50,caltech256,100,0,linprobe,102,1.0
resnet50_caltech256_f100_s0_linprobe,resnet50,caltech256,100,0,linprobe,103,0.789474
resnet50_caltech256_f100_s0_linprobe,resnet50,caltech256,100,0,linprobe,104,0.944444
resnet50_caltech256_f100_s0_linprobe,resnet50,caltech256,100,0,linprobe,105,0.647059
resnet50_caltech256_f100_s0_linprobe,resnet50,caltech256,100,0,linprobe,106,1.0
resnet50_caltech256_f100_s0_linprobe,resnet50,caltech256,100,0,linprobe,107,0.764706
resnet50_caltech256_f100_s0_linprobe,resnet50,caltech256,100,0,linprobe,108,0.870968
resnet50_caltech256_f100_s0_linprobe,resnet50,caltech256,100,0,linprobe,109,0.882353
resnet50_caltech256_f100_s0_linprobe,resnet50,caltech256,100,0,linprobe,110,0.941176
resnet50_caltech256_f100_s0_linprobe,resnet50,caltech256,100,0,linprobe,111,0.882353
resnet50_caltech256_f100_s0_linprobe,resnet50,caltech256,100,0,linprobe,112,0.913043
resnet50_caltech256_f100_s0_linprobe,resnet50,caltech256,100,0,linprobe,113,1.0
resnet50_caltech256_f100_s0_linprobe,resnet50,caltech256,100,0,linprobe,114,0.777778
resnet50_caltech256_f100_s0_linprobe,resnet50,caltech256,100,0,linprobe,115,0.952381
resnet50_caltech256_f100_s0_linprobe,resnet50,caltech256,100,0,linprobe,116,0.875
resnet50_caltech256_f100_s0_linprobe,resnet50,caltech256,100,0,linprobe,117,0.909091
resnet50_caltech256_f100_s0_linprobe,resnet50,caltech256,100,0,linprobe,118,0.764706
resnet50_caltech256_f100_s0_linprobe,resnet50,caltech256,100,0,linprobe,119,0.807692
resnet50_caltech256_f100_s0_linprobe,resnet50,caltech256,100,0,linprobe,120,1.0
resnet50_caltech256_f100_s0_linprobe,resnet50,caltech256,100,0,linprobe,121,0.714286
resnet50_caltech256_f100_s0_linprobe,resnet50,caltech256,100,0,linprobe,122,1.0
resnet50_caltech256_f100_s0_linprobe,resnet50,caltech256,100,0,linprobe,123,0.888889
resnet50_caltech256_f100_s0_linprobe,resnet50,caltech256,100,0,linprobe,124,0.75
resnet50_caltech256_f100_s0_linprobe,resnet50,caltech256,100,0,linprobe,125,0.625
resnet50_caltech256_f100_s0_linprobe,resnet50,caltech256,100,0,linprobe,126,0.846154
resnet50_caltech256_f100_s0_linprobe,resnet50,caltech256,100,0,linprobe,127,0.952381
resnet50_caltech256_f100_s0_linprobe,resnet50,caltech256,100,0,linprobe,128,1.0
resnet50_caltech256_f100_s0_linprobe,resnet50,caltech256,100,0,linprobe,129,1.0
resnet50_caltech256_f100_s0_linprobe,resnet50,caltech256,100,0,linprobe,130,1.0
resnet50_caltech256_f100_s0_linprobe,resnet50,caltech256,100,0,linprobe,131,0.894737
resnet50_caltech256_f100_s0_linprobe,resnet50,caltech256,100,0,linprobe,132,0.851852
resnet50_caltech256_f100_s0_linprobe,resnet50,caltech256,100,0,linprobe,133,0.958333
resnet50_caltech256_f100_s0_linprobe,resnet50,caltech256,100,0,linprobe,134,0.789474
resnet50_caltech256_f100_s0_linprobe,resnet50,caltech256,100,0,linprobe,135,0.894737
resnet50_caltech256_f100_s0_linprobe,resnet50,caltech256,100,0,linprobe,136,0.935484
resnet50_caltech256_f100_s0_linprobe,resnet50,caltech256,100,0,linprobe,137,0.947368
resnet50_caltech256_f100_s0_linprobe,resnet50,caltech256,100,0,linprobe,138,0.941176
resnet50_caltech256_f100_s0_linprobe,resnet50,caltech256,100,0,linprobe,139,0.833333
resnet50_caltech256_f100_s0_linprobe,resnet50,caltech256,100,0,linprobe,140,1.0
resnet50_caltech256_f100_s0_linprobe,resnet50,caltech256,100,0,linprobe,141,0.952381
resnet50_caltech256_f100_s0_linprobe,resnet50,caltech256,100,0,linprobe,142,0.961538
resnet50_caltech256_f100_s0_linprobe,resnet50,caltech256,100,0,linprobe,143,0.625
resnet50_caltech256_f100_s0_linprobe,resnet50,caltech256,100,0,linprobe,144,1.0
resnet50_caltech256_f100_s0_linprobe,resnet50,caltech256,100,0,linprobe,145,0.8125
resnet50_caltech256_f100_s0_linprobe,resnet50,caltech256,100,0,linprobe,146,0.85
resnet50_caltech256_f100_s0_linprobe,resnet50,caltech256,100,0,linprobe,147,0.8
resnet50_caltech256_f100_s0_linprobe,resnet50,caltech256,100,0,linprobe,148,0.952381
resnet50_caltech256_f100_s0_linprobe,resnet50,caltech256,100,0,linprobe,149,0.954545
resnet50_caltech256_f100_s0_linprobe,resnet50,caltech256,100,0,linprobe,150,0.954545
resnet50_caltech256_f100_s0_linprobe,resnet50,caltech256,100,0,linprobe,151,1.0
resnet50_caltech256_f100_s0_linprobe,resnet50,caltech256,100,0,linprobe,152,0.947368
resnet50_caltech256_f100_s0_linprobe,resnet50,caltech256,100,0,linprobe,153,0.857143
resnet50_caltech256_f100_s0_linprobe,resnet50,caltech256,100,0,linprobe,154,0.5
resnet50_caltech256_f100_s0_linprobe,resnet50,caltech256,100,0,linprobe,155,0.842105
resnet50_caltech256_f100_s0_linprobe,resnet50,caltech256,100,0,linprobe,156,0.904762
resnet50_caltech256_f100_s0_linprobe,resnet50,caltech256,100,0,linprobe,157,0.9
resnet50_caltech256_f100_s0_linprobe,resnet50,caltech256,100,0,linprobe,158,0.642857
resnet50_caltech256_f100_s0_linprobe,resnet50,caltech256,100,0,linprobe,159,0.764706
resnet50_caltech256_f100_s0_linprobe,resnet50,caltech256,100,0,linprobe,160,0.904762
resnet50_caltech256_f100_s0_linprobe,resnet50,caltech256,100,0,linprobe,161,0.611111
resnet50_caltech256_f100_s0_linprobe,resnet50,caltech256,100,0,linprobe,162,0.555556
resnet50_caltech256_f100_s0_linprobe,resnet50,caltech256,100,0,linprobe,163,0.95
resnet50_caltech256_f100_s0_linprobe,resnet50,caltech256,100,0,linprobe,164,0.777778
resnet50_caltech256_f100_s0_linprobe,resnet50,caltech256,100,0,linprobe,165,0.888889
resnet50_caltech256_f100_s0_linprobe,resnet50,caltech256,100,0,linprobe,166,0.882353
resnet50_caltech256_f100_s0_linprobe,resnet50,caltech256,100,0,linprobe,167,0.964286
resnet50_caltech256_f100_s0_linprobe,resnet50,caltech256,100,0,linprobe,168,1.0
resnet50_caltech256_f100_s0_linprobe,resnet50,caltech256,100,0,linprobe,169,0.95
resnet50_caltech256_f100_s0_linprobe,resnet50,caltech256,100,0,linprobe,170,0.705882
resnet50_caltech256_f100_s0_linprobe,resnet50,caltech256,100,0,linprobe,171,0.95
resnet50_caltech256_f100_s0_linprobe,resnet50,caltech256,100,0,linprobe,172,0.714286
resnet50_caltech256_f100_s0_linprobe,resnet50,caltech256,100,0,linprobe,173,0.941176
resnet50_caltech256_f100_s0_linprobe,resnet50,caltech256,100,0,linprobe,174,0.882353
resnet50_caltech256_f100_s0_linprobe,resnet50,caltech256,100,0,linprobe,175,0.909091
resnet50_caltech256_f100_s0_linprobe,resnet50,caltech256,100,0,linprobe,176,1.0
resnet50_caltech256_f100_s0_linprobe,resnet50,caltech256,100,0,linprobe,177,1.0
resnet50_caltech256_f100_s0_linprobe,resnet50,caltech256,100,0,linprobe,178,0.875
resnet50_caltech256_f100_s0_linprobe,resnet50,caltech256,100,0,linprobe,179,0.75
resnet50_caltech256_f100_s0_linprobe,resnet50,caltech256,100,0,linprobe,180,0.85
resnet50_caltech256_f100_s0_linprobe,resnet50,caltech256,100,0,linprobe,181,1.0
resnet50_caltech256_f100_s0_linprobe,resnet50,caltech256,100,0,linprobe,182,0.95
resnet50_caltech256_f100_s0_linprobe,resnet50,caltech256,100,0,linprobe,183,1.0
resnet50_caltech256_f100_s0_linprobe,resnet50,caltech256,100,0,linprobe,184,0.52381
resnet50_caltech256_f100_s0_linprobe,resnet50,caltech256,100,0,linprobe,185,1.0
resnet50_caltech256_f100_s0_linprobe,resnet50,caltech256,100,0,linprobe,186,0.947368
resnet50_caltech256_f100_s0_linprobe,resnet50,caltech256,100,0,linprobe,187,0.777778
resnet50_caltech256_f100_s0_linprobe,resnet50,caltech256,100,0,linprobe,188,0.833333
resnet50_caltech256_f100_s0_linprobe,resnet50,caltech256,100,0,linprobe,189,0.909091
resnet50_caltech256_f100_s0_linprobe,resnet50,caltech256,100,0,linprobe,190,0.590909
resnet50_caltech256_f100_s0_linprobe,resnet50,caltech256,100,0,linprobe,191,0.954545
resnet50_caltech256_f100_s0_linprobe,resnet50,caltech256,100,0,linprobe,192,0.828571
resnet50_caltech256_f100_s0_linprobe,resnet50,caltech256,100,0,linprobe,193,1.0
resnet50_caltech256_f100_s0_linprobe,resnet50,caltech256,100,0,linprobe,194,0.588235
resnet50_caltech256_f100_s0_linprobe,resnet50,caltech256,100,0,linprobe,195,0.904762
resnet50_caltech256_f100_s0_linprobe,resnet50,caltech256,100,0,linprobe,196,0.8
resnet50_caltech256_f100_s0_linprobe,resnet50,caltech256,100,0,linprobe,197,0.863636
resnet50_caltech256_f100_s0_linprobe,resnet50,caltech256,100,0,linprobe,198,0.619048
resnet50_caltech256_f100_s0_linprobe,resnet50,caltech256,100,0,linprobe,199,0.75
resnet50_caltech256_f100_s0_linprobe,resnet50,caltech256,100,0,linprobe,200,1.0
resnet50_caltech256_f100_s0_linprobe,resnet50,caltech256,100,0,linprobe,201,0.789474
resnet50_caltech256_f100_s0_linprobe,resnet50,caltech256,100,0,linprobe,202,0.666667
resnet50_caltech256_f100_s0_linprobe,resnet50,caltech256,100,0,linprobe,203,1.0
resnet50_caltech256_f100_s0_linprobe,resnet50,caltech256,100,0,linprobe,204,0.882353
resnet50_caltech256_f100_s0_linprobe,resnet50,caltech256,100,0,linprobe,205,0.7
resnet50_caltech256_f100_s0_linprobe,resnet50,caltech256,100,0,linprobe,206,1.0
resnet50_caltech256_f100_s0_linprobe,resnet50,caltech256,100,0,linprobe,207,0.954545
resnet50_caltech256_f100_s0_linprobe,resnet50,caltech256,100,0,linprobe,208,0.75
resnet50_caltech256_f100_s0_linprobe,resnet50,caltech256,100,0,linprobe,209,0.818182
resnet50_caltech256_f100_s0_linprobe,resnet50,caltech256,100,0,linprobe,210,0.789474
resnet50_caltech256_f100_s0_linprobe,resnet50,caltech256,100,0,linprobe,211,0.925926
resnet50_caltech256_f100_s0_linprobe,resnet50,caltech256,100,0,linprobe,212,0.9
resnet50_caltech256_f100_s0_linprobe,resnet50,caltech256,100,0,linprobe,213,0.892857
resnet50_caltech256_f100_s0_linprobe,resnet50,caltech256,100,0,linprobe,214,0.941176
resnet50_caltech256_f100_s0_linprobe,resnet50,caltech256,100,0,linprobe,215,1.0
resnet50_caltech256_f100_s0_linprobe,resnet50,caltech256,100,0,linprobe,216,0.952381
resnet50_caltech256_f100_s0_linprobe,resnet50,caltech256,100,0,linprobe,217,0.9375
resnet50_caltech256_f100_s0_linprobe,resnet50,caltech256,100,0,linprobe,218,0.705882
resnet50_caltech256_f100_s0_linprobe,resnet50,caltech256,100,0,linprobe,219,0.789474
resnet50_caltech256_f100_s0_linprobe,resnet50,caltech256,100,0,linprobe,220,0.857143
resnet50_caltech256_f100_s0_linprobe,resnet50,caltech256,100,0,linprobe,221,0.833333
resnet50_caltech256_f100_s0_linprobe,resnet50,caltech256,100,0,linprobe,222,0.75
resnet50_caltech256_f100_s0_linprobe,resnet50,caltech256,100,0,linprobe,223,0.727273
resnet50_caltech256_f100_s0_linprobe,resnet50,caltech256,100,0,linprobe,224,1.0
resnet50_caltech256_f100_s0_linprobe,resnet50,caltech256,100,0,linprobe,225,0.85
resnet50_caltech256_f100_s0_linprobe,resnet50,caltech256,100,0,linprobe,226,0.965517
resnet50_caltech256_f100_s0_linprobe,resnet50,caltech256,100,0,linprobe,227,0.947368
resnet50_caltech256_f100_s0_linprobe,resnet50,caltech256,100,0,linprobe,228,0.842105
resnet50_caltech256_f100_s0_linprobe,resnet50,caltech256,100,0,linprobe,229,1.0
resnet50_caltech256_f100_s0_linprobe,resnet50,caltech256,100,0,linprobe,230,0.772727
resnet50_caltech256_f100_s0_linprobe,resnet50,caltech256,100,0,linprobe,231,0.944444
resnet50_caltech256_f100_s0_linprobe,resnet50,caltech256,100,0,linprobe,232,0.6
resnet50_caltech256_f100_s0_linprobe,resnet50,caltech256,100,0,linprobe,233,0.875
resnet50_caltech256_f100_s0_linprobe,resnet50,caltech256,100,0,linprobe,234,0.913043
resnet50_caltech256_f100_s0_linprobe,resnet50,caltech256,100,0,linprobe,235,0.789474
resnet50_caltech256_f100_s0_linprobe,resnet50,caltech256,100,0,linprobe,236,0.888889
resnet50_caltech256_f100_s0_linprobe,resnet50,caltech256,100,0,linprobe,237,1.0
resnet50_caltech256_f100_s0_linprobe,resnet50,caltech256,100,0,linprobe,238,0.882353
resnet50_caltech256_f100_s0_linprobe,resnet50,caltech256,100,0,linprobe,239,0.95
resnet50_caltech256_f100_s0_linprobe,resnet50,caltech256,100,0,linprobe,240,0.947368
resnet50_caltech256_f100_s0_linprobe,resnet50,caltech256,100,0,linprobe,241,0.947368
resnet50_caltech256_f100_s0_linprobe,resnet50,caltech256,100,0,linprobe,242,0.888889
resnet50_caltech256_f100_s0_linprobe,resnet50,caltech256,100,0,linprobe,243,0.777778
resnet50_caltech256_f100_s0_linprobe,resnet50,caltech256,100,0,linprobe,244,0.722222
resnet50_caltech256_f100_s0_linprobe,resnet50,caltech256,100,0,linprobe,245,0.85
resnet50_caltech256_f100_s0_linprobe,resnet50,caltech256,100,0,linprobe,246,0.666667
resnet50_caltech256_f100_s0_linprobe,resnet50,caltech256,100,0,linprobe,247,0.882353
resnet50_caltech256_f100_s0_linprobe,resnet50,caltech256,100,0,linprobe,248,0.6
resnet50_caltech256_f100_s0_linprobe,resnet50,caltech256,100,0,linprobe,249,1.0
resnet50_caltech256_f100_s0_linprobe,resnet50,caltech256,100,0,linprobe,250,0.99375
resnet50_caltech256_f100_s0_linprobe,resnet50,caltech256,100,0,linprobe,251,1.0
resnet50_caltech256_f100_s0_linprobe,resnet50,caltech256,100,0,linprobe,252,1.0
resnet50_caltech256_f100_s0_linprobe,resnet50,caltech256,100,0,linprobe,253,0.947368
resnet50_caltech256_f100_s0_linprobe,resnet50,caltech256,100,0,linprobe,254,0.761905
resnet50_caltech256_f100_s0_linprobe,resnet50,caltech256,100,0,linprobe,255,0.954545
resnet50_caltech256_f100_s1_fullft,resnet50,caltech256,100,1,fullft,0,0.95
resnet50_caltech256_f100_s1_fullft,resnet50,caltech256,100,1,fullft,1,0.894737
resnet50_caltech256_f100_s1_fullft,resnet50,caltech256,100,1,fullft,2,0.933333
resnet50_caltech256_f100_s1_fullft,resnet50,caltech256,100,1,fullft,3,0.6
resnet50_caltech256_f100_s1_fullft,resnet50,caltech256,100,1,fullft,4,1.0
resnet50_caltech256_f100_s1_fullft,resnet50,caltech256,100,1,fullft,5,0.833333
resnet50_caltech256_f100_s1_fullft,resnet50,caltech256,100,1,fullft,6,0.809524
resnet50_caltech256_f100_s1_fullft,resnet50,caltech256,100,1,fullft,7,0.891304
resnet50_caltech256_f100_s1_fullft,resnet50,caltech256,100,1,fullft,8,1.0
resnet50_caltech256_f100_s1_fullft,resnet50,caltech256,100,1,fullft,9,0.842105
resnet50_caltech256_f100_s1_fullft,resnet50,caltech256,100,1,fullft,10,0.946429
resnet50_caltech256_f100_s1_fullft,resnet50,caltech256,100,1,fullft,11,0.976744
resnet50_caltech256_f100_s1_fullft,resnet50,caltech256,100,1,fullft,12,0.85
resnet50_caltech256_f100_s1_fullft,resnet50,caltech256,100,1,fullft,13,0.882353
resnet50_caltech256_f100_s1_fullft,resnet50,caltech256,100,1,fullft,14,0.958333
resnet50_caltech256_f100_s1_fullft,resnet50,caltech256,100,1,fullft,15,0.944444
resnet50_caltech256_f100_s1_fullft,resnet50,caltech256,100,1,fullft,16,0.714286
resnet50_caltech256_f100_s1_fullft,resnet50,caltech256,100,1,fullft,17,0.7
resnet50_caltech256_f100_s1_fullft,resnet50,caltech256,100,1,fullft,18,0.88
resnet50_caltech256_f100_s1_fullft,resnet50,caltech256,100,1,fullft,19,0.941176
resnet50_caltech256_f100_s1_fullft,resnet50,caltech256,100,1,fullft,20,0.928571
resnet50_caltech256_f100_s1_fullft,resnet50,caltech256,100,1,fullft,21,1.0
resnet50_caltech256_f100_s1_fullft,resnet50,caltech256,100,1,fullft,22,0.954545
resnet50_caltech256_f100_s1_fullft,resnet50,caltech256,100,1,fullft,23,1.0
resnet50_caltech256_f100_s1_fullft,resnet50,caltech256,100,1,fullft,24,0.913043
resnet50_caltech256_f100_s1_fullft,resnet50,caltech256,100,1,fullft,25,0.619048
resnet50_caltech256_f100_s1_fullft,resnet50,caltech256,100,1,fullft,26,0.85
resnet50_caltech256_f100_s1_fullft,resnet50,caltech256,100,1,fullft,27,0.909091
resnet50_caltech256_f100_s1_fullft,resnet50,caltech256,100,1,fullft,28,0.952381
resnet50_caltech256_f100_s1_fullft,resnet50,caltech256,100,1,fullft,29,0.809524
resnet50_caltech256_f100_s1_fullft,resnet50,caltech256,100,1,fullft,30,0.888889
resnet50_caltech256_f100_s1_fullft,resnet50,caltech256,100,1,fullft,31,0.85
resnet50_caltech256_f100_s1_fullft,resnet50,caltech256,100,1,fullft,32,0.9
resnet50_caltech256_f100_s1_fullft,resnet50,caltech256,100,1,fullft,33,1.0
resnet50_caltech256_f100_s1_fullft,resnet50,caltech256,100,1,fullft,34,0.941176
resnet50_caltech256_f100_s1_fullft,resnet50,caltech256,100,1,fullft,35,0.904762
resnet50_caltech256_f100_s1_fullft,resnet50,caltech256,100,1,fullft,36,1.0
resnet50_caltech256_f100_s1_fullft,resnet50,caltech256,100,1,fullft,37,0.909091
resnet50_caltech256_f100_s1_fullft,resnet50,caltech256,100,1,fullft,38,0.647059
resnet50_caltech256_f100_s1_fullft,resnet50,caltech256,100,1,fullft,39,0.96
resnet50_caltech256_f100_s1_fullft,resnet50,caltech256,100,1,fullft,40,0.941176
resnet50_caltech256_f100_s1_fullft,resnet50,caltech256,100,1,fullft,41,0.529412
resnet50_caltech256_f100_s1_fullft,resnet50,caltech256,100,1,fullft,42,0.84
resnet50_caltech256_f100_s1_fullft,resnet50,caltech256,100,1,fullft,43,0.791667
resnet50_caltech256_f100_s1_fullft,resnet50,caltech256,100,1,fullft,44,0.941176
resnet50_caltech256_f100_s1_fullft,resnet50,caltech256,100,1,fullft,45,0.962963
resnet50_caltech256_f100_s1_fullft,resnet50,caltech256,100,1,fullft,46,0.947368
resnet50_caltech256_f100_s1_fullft,resnet50,caltech256,100,1,fullft,47,1.0
resnet50_caltech256_f100_s1_fullft,resnet50,caltech256,100,1,fullft,48,0.952381
resnet50_caltech256_f100_s1_fullft,resnet50,caltech256,100,1,fullft,49,0.842105
resnet50_caltech256_f100_s1_fullft,resnet50,caltech256,100,1,fullft,50,0.913043
resnet50_caltech256_f100_s1_fullft,resnet50,caltech256,100,1,fullft,51,1.0
resnet50_caltech256_f100_s1_fullft,resnet50,caltech256,100,1,fullft,52,0.875
resnet50_caltech256_f100_s1_fullft,resnet50,caltech256,100,1,fullft,53,1.0
resnet50_caltech256_f100_s1_fullft,resnet50,caltech256,100,1,fullft,54,0.8
resnet50_caltech256_f100_s1_fullft,resnet50,caltech256,100,1,fullft,55,0.85
resnet50_caltech256_f100_s1_fullft,resnet50,caltech256,100,1,fullft,56,0.857143
resnet50_caltech256_f100_s1_fullft,resnet50,caltech256,100,1,fullft,57,0.842105
resnet50_caltech256_f100_s1_fullft,resnet50,caltech256,100,1,fullft,58,0.529412
resnet50_caltech256_f100_s1_fullft,resnet50,caltech256,100,1,fullft,59,0.647059
resnet50_caltech256_f100_s1_fullft,resnet50,caltech256,100,1,fullft,60,0.8
resnet50_caltech256_f100_s1_fullft,resnet50,caltech256,100,1,fullft,61,0.941176
resnet50_caltech256_f100_s1_fullft,resnet50,caltech256,100,1,fullft,62,0.958333
resnet50_caltech256_f100_s1_fullft,resnet50,caltech256,100,1,fullft,63,1.0
resnet50_caltech256_f100_s1_fullft,resnet50,caltech256,100,1,fullft,64,0.95
resnet50_caltech256_f100_s1_fullft,resnet50,caltech256,100,1,fullft,65,0.941176
resnet50_caltech256_f100_s1_fullft,resnet50,caltech256,100,1,fullft,66,0.941176
resnet50_caltech256_f100_s1_fullft,resnet50,caltech256,100,1,fullft,67,0.818182
resnet50_caltech256_f100_s1_fullft,resnet50,caltech256,100,1,fullft,68,0.75
resnet50_caltech256_f100_s1_fullft,resnet50,caltech256,100,1,fullft,69,0.470588
resnet50_caltech256_f100_s1_fullft,resnet50,caltech256,100,1,fullft,70,0.95
resnet50_caltech256_f100_s1_fullft,resnet50,caltech256,100,1,fullft,71,0.958333
resnet50_caltech256_f100_s1_fullft,resnet50,caltech256,100,1,fullft,72,1.0
resnet50_caltech256_f100_s1_fullft,resnet50,caltech256,100,1,fullft,73,0.652174
resnet50_caltech256_f100_s1_fullft,resnet50,caltech256,100,1,fullft,74,0.705882
resnet50_caltech256_f100_s1_fullft,resnet50,caltech256,100,1,fullft,75,1.0
resnet50_caltech256_f100_s1_fullft,resnet50,caltech256,100,1,fullft,76,1.0
resnet50_caltech256_f100_s1_fullft,resnet50,caltech256,100,1,fullft,77,0.888889
resnet50_caltech256_f100_s1_fullft,resnet50,caltech256,100,1,fullft,78,0.7
resnet50_caltech256_f100_s1_fullft,resnet50,caltech256,100,1,fullft,79,0.826087
resnet50_caltech256_f100_s1_fullft,resnet50,caltech256,100,1,fullft,80,0.894737
resnet50_caltech256_f100_s1_fullft,resnet50,caltech256,100,1,fullft,81,0.9375
resnet50_caltech256_f100_s1_fullft,resnet50,caltech256,100,1,fullft,82,0.842105
resnet50_caltech256_f100_s1_fullft,resnet50,caltech256,100,1,fullft,83,0.941176
resnet50_caltech256_f100_s1_fullft,resnet50,caltech256,100,1,fullft,84,0.954545
resnet50_caltech256_f100_s1_fullft,resnet50,caltech256,100,1,fullft,85,0.9375
resnet50_caltech256_f100_s1_fullft,resnet50,caltech256,100,1,fullft,86,0.947368
resnet50_caltech256_f100_s1_fullft,resnet50,caltech256,100,1,fullft,87,0.95
resnet50_caltech256_f100_s1_fullft,resnet50,caltech256,100,1,fullft,88,0.818182
resnet50_caltech256_f100_s1_fullft,resnet50,caltech256,100,1,fullft,89,0.97619
resnet50_caltech256_f100_s1_fullft,resnet50,caltech256,100,1,fullft,90,0.947368
resnet50_caltech256_f100_s1_fullft,resnet50,caltech256,100,1,fullft,91,0.875
resnet50_caltech256_f100_s1_fullft,resnet50,caltech256,100,1,fullft,92,0.954545
resnet50_caltech256_f100_s1_fullft,resnet50,caltech256,100,1,fullft,93,0.952381
resnet50_caltech256_f100_s1_fullft,resnet50,caltech256,100,1,fullft,94,0.823529
resnet50_caltech256_f100_s1_fullft,resnet50,caltech256,100,1,fullft,95,0.929825
resnet50_caltech256_f100_s1_fullft,resnet50,caltech256,100,1,fullft,96,0.777778
resnet50_caltech256_f100_s1_fullft,resnet50,caltech256,100,1,fullft,97,1.0
resnet50_caltech256_f100_s1_fullft,resnet50,caltech256,100,1,fullft,98,0.9375
resnet50_caltech256_f100_s1_fullft,resnet50,caltech256,100,1,fullft,99,1.0
resnet50_caltech256_f100_s1_fullft,resnet50,caltech256,100,1,fullft,100,0.964286
resnet50_caltech256_f100_s1_fullft,resnet50,caltech256,100,1,fullft,101,0.944444
resnet50_caltech256_f100_s1_fullft,resnet50,caltech256,100,1,fullft,102,1.0
resnet50_caltech256_f100_s1_fullft,resnet50,caltech256,100,1,fullft,103,0.894737
resnet50_caltech256_f100_s1_fullft,resnet50,caltech256,100,1,fullft,104,0.944444
resnet50_caltech256_f100_s1_fullft,resnet50,caltech256,100,1,fullft,105,0.705882
resnet50_caltech256_f100_s1_fullft,resnet50,caltech256,100,1,fullft,106,1.0
resnet50_caltech256_f100_s1_fullft,resnet50,caltech256,100,1,fullft,107,0.705882
resnet50_caltech256_f100_s1_fullft,resnet50,caltech256,100,1,fullft,108,0.967742
resnet50_caltech256_f100_s1_fullft,resnet50,caltech256,100,1,fullft,109,0.882353
resnet50_caltech256_f100_s1_fullft,resnet50,caltech256,100,1,fullft,110,0.941176
resnet50_caltech256_f100_s1_fullft,resnet50,caltech256,100,1,fullft,111,0.882353
resnet50_caltech256_f100_s1_fullft,resnet50,caltech256,100,1,fullft,112,0.956522
resnet50_caltech256_f100_s1_fullft,resnet50,caltech256,100,1,fullft,113,1.0
resnet50_caltech256_f100_s1_fullft,resnet50,caltech256,100,1,fullft,114,0.888889
resnet50_caltech256_f100_s1_fullft,resnet50,caltech256,100,1,fullft,115,1.0
resnet50_caltech256_f100_s1_fullft,resnet50,caltech256,100,1,fullft,116,0.958333
resnet50_caltech256_f100_s1_fullft,resnet50,caltech256,100,1,fullft,117,0.954545
resnet50_caltech256_f100_s1_fullft,resnet50,caltech256,100,1,fullft,118,0.882353
resnet50_caltech256_f100_s1_fullft,resnet50,caltech256,100,1,fullft,119,0.884615
resnet50_caltech256_f100_s1_fullft,resnet50,caltech256,100,1,fullft,120,1.0
resnet50_caltech256_f100_s1_fullft,resnet50,caltech256,100,1,fullft,121,0.809524
resnet50_caltech256_f100_s1_fullft,resnet50,caltech256,100,1,fullft,122,1.0
resnet50_caltech256_f100_s1_fullft,resnet50,caltech256,100,1,fullft,123,1.0
resnet50_caltech256_f100_s1_fullft,resnet50,caltech256,100,1,fullft,124,0.55
resnet50_caltech256_f100_s1_fullft,resnet50,caltech256,100,1,fullft,125,0.6875
resnet50_caltech256_f100_s1_fullft,resnet50,caltech256,100,1,fullft,126,0.961538
resnet50_caltech256_f100_s1_fullft,resnet50,caltech256,100,1,fullft,127,0.809524
resnet50_caltech256_f100_s1_fullft,resnet50,caltech256,100,1,fullft,128,1.0
resnet50_caltech256_f100_s1_fullft,resnet50,caltech256,100,1,fullft,129,1.0
resnet50_caltech256_f100_s1_fullft,resnet50,caltech256,100,1,fullft,130,0.944444
resnet50_caltech256_f100_s1_fullft,resnet50,caltech256,100,1,fullft,131,0.894737
resnet50_caltech256_f100_s1_fullft,resnet50,caltech256,100,1,fullft,132,0.851852
resnet50_caltech256_f100_s1_fullft,resnet50,caltech256,100,1,fullft,133,0.916667
resnet50_caltech256_f100_s1_fullft,resnet50,caltech256,100,1,fullft,134,0.789474
resnet50_caltech256_f100_s1_fullft,resnet50,caltech256,100,1,fullft,135,0.842105
resnet50_caltech256_f100_s1_fullft,resnet50,caltech256,100,1,fullft,136,0.967742
resnet50_caltech256_f100_s1_fullft,resnet50,caltech256,100,1,fullft,137,0.921053
resnet50_caltech256_f100_s1_fullft,resnet50,caltech256,100,1,fullft,138,0.882353
resnet50_caltech256_f100_s1_fullft,resnet50,caltech256,100,1,fullft,139,0.888889
resnet50_caltech256_f100_s1_fullft,resnet50,caltech256,100,1,fullft,140,0.913043
resnet50_caltech256_f100_s1_fullft,resnet50,caltech256,100,1,fullft,141,0.952381
resnet50_caltech256_f100_s1_fullft,resnet50,caltech256,100,1,fullft,142,0.961538
resnet50_caltech256_f100_s1_fullft,resnet50,caltech256,100,1,fullft,143,0.75
resnet50_caltech256_f100_s1_fullft,resnet50,caltech256,100,1,fullft,144,1.0
resnet50_caltech256_f100_s1_fullft,resnet50,caltech256,100,1,fullft,145,0.75
resnet50_caltech256_f100_s1_fullft,resnet50,caltech256,100,1,fullft,146,0.9
resnet50_caltech256_f100_s1_fullft,resnet50,caltech256,100,1,fullft,147,0.8
resnet50_caltech256_f100_s1_fullft,resnet50,caltech256,100,1,fullft,148,0.904762
resnet50_caltech256_f100_s1_fullft,resnet50,caltech256,100,1,fullft,149,0.863636
resnet50_caltech256_f100_s1_fullft,resnet50,caltech256,100,1,fullft,150,0.954545
resnet50_caltech256_f100_s1_fullft,resnet50,caltech256,100,1,fullft,151,1.0
resnet50_caltech256_f100_s1_fullft,resnet50,caltech256,100,1,fullft,152,0.894737
resnet50_caltech256_f100_s1_fullft,resnet50,caltech256,100,1,fullft,153,0.952381
resnet50_caltech256_f100_s1_fullft,resnet50,caltech256,100,1,fullft,154,0.611111
resnet50_caltech256_f100_s1_fullft,resnet50,caltech256,100,1,fullft,155,0.789474
resnet50_caltech256_f100_s1_fullft,resnet50,caltech256,100,1,fullft,156,0.904762
resnet50_caltech256_f100_s1_fullft,resnet50,caltech256,100,1,fullft,157,1.0
resnet50_caltech256_f100_s1_fullft,resnet50,caltech256,100,1,fullft,158,0.547619
resnet50_caltech256_f100_s1_fullft,resnet50,caltech256,100,1,fullft,159,0.705882
resnet50_caltech256_f100_s1_fullft,resnet50,caltech256,100,1,fullft,160,0.952381
resnet50_caltech256_f100_s1_fullft,resnet50,caltech256,100,1,fullft,161,0.611111
resnet50_caltech256_f100_s1_fullft,resnet50,caltech256,100,1,fullft,162,0.555556
resnet50_caltech256_f100_s1_fullft,resnet50,caltech256,100,1,fullft,163,1.0
resnet50_caltech256_f100_s1_fullft,resnet50,caltech256,100,1,fullft,164,0.833333
resnet50_caltech256_f100_s1_fullft,resnet50,caltech256,100,1,fullft,165,1.0
resnet50_caltech256_f100_s1_fullft,resnet50,caltech256,100,1,fullft,166,0.823529
resnet50_caltech256_f100_s1_fullft,resnet50,caltech256,100,1,fullft,167,0.964286
resnet50_caltech256_f100_s1_fullft,resnet50,caltech256,100,1,fullft,168,1.0
resnet50_caltech256_f100_s1_fullft,resnet50,caltech256,100,1,fullft,169,0.9
resnet50_caltech256_f100_s1_fullft,resnet50,caltech256,100,1,fullft,170,0.764706
resnet50_caltech256_f100_s1_fullft,resnet50,caltech256,100,1,fullft,171,0.9
resnet50_caltech256_f100_s1_fullft,resnet50,caltech256,100,1,fullft,172,0.619048
resnet50_caltech256_f100_s1_fullft,resnet50,caltech256,100,1,fullft,173,0.941176
resnet50_caltech256_f100_s1_fullft,resnet50,caltech256,100,1,fullft,174,0.882353
resnet50_caltech256_f100_s1_fullft,resnet50,caltech256,100,1,fullft,175,0.954545
resnet50_caltech256_f100_s1_fullft,resnet50,caltech256,100,1,fullft,176,0.947368
resnet50_caltech256_f100_s1_fullft,resnet50,caltech256,100,1,fullft,177,1.0
resnet50_caltech256_f100_s1_fullft,resnet50,caltech256,100,1,fullft,178,0.9375
resnet50_caltech256_f100_s1_fullft,resnet50,caltech256,100,1,fullft,179,0.6
resnet50_caltech256_f100_s1_fullft,resnet50,caltech256,100,1,fullft,180,0.85
resnet50_caltech256_f100_s1_fullft,resnet50,caltech256,100,1,fullft,181,1.0
resnet50_caltech256_f100_s1_fullft,resnet50,caltech256,100,1,fullft,182,1.0
resnet50_caltech256_f100_s1_fullft,resnet50,caltech256,100,1,fullft,183,0.941176
resnet50_caltech256_f100_s1_fullft,resnet50,caltech256,100,1,fullft,184,0.619048
resnet50_caltech256_f100_s1_fullft,resnet50,caltech256,100,1,fullft,185,1.0
resnet50_caltech256_f100_s1_fullft,resnet50,caltech256,100,1,fullft,186,1.0
resnet50_caltech256_f100_s1_fullft,resnet50,caltech256,100,1,fullft,187,0.833333
resnet50_caltech256_f100_s1_fullft,resnet50,caltech256,100,1,fullft,188,0.875
resnet50_caltech256_f100_s1_fullft,resnet50,caltech256,100,1,fullft,189,0.954545
resnet50_caltech256_f100_s1_fullft,resnet50,caltech256,100,1,fullft,190,0.590909
resnet50_caltech256_f100_s1_fullft,resnet50,caltech256,100,1,fullft,191,0.954545
resnet50_caltech256_f100_s1_fullft,resnet50,caltech256,100,1,fullft,192,0.857143
resnet50_caltech256_f100_s1_fullft,resnet50,caltech256,100,1,fullft,193,1.0
resnet50_caltech256_f100_s1_fullft,resnet50,caltech256,100,1,fullft,194,0.705882
resnet50_caltech256_f100_s1_fullft,resnet50,caltech256,100,1,fullft,195,0.857143
resnet50_caltech256_f100_s1_fullft,resnet50,caltech256,100,1,fullft,196,0.85
resnet50_caltech256_f100_s1_fullft,resnet50,caltech256,100,1,fullft,197,0.818182
resnet50_caltech256_f100_s1_fullft,resnet50,caltech256,100,1,fullft,198,0.619048
resnet50_caltech256_f100_s1_fullft,resnet50,caltech256,100,1,fullft,199,0.9
resnet50_caltech256_f100_s1_fullft,resnet50,caltech256,100,1,fullft,200,1.0
resnet50_caltech256_f100_s1_fullft,resnet50,caltech256,100,1,fullft,201,0.789474
resnet50_caltech256_f100_s1_fullft,resnet50,caltech256,100,1,fullft,202,0.888889
resnet50_caltech256_f100_s1_fullft,resnet50,caltech256,100,1,fullft,203,1.0
resnet50_caltech256_f100_s1_fullft,resnet50,caltech256,100,1,fullft,204,0.941176
resnet50_caltech256_f100_s1_fullft,resnet50,caltech256,100,1,fullft,205,0.65
resnet50_caltech256_f100_s1_fullft,resnet50,caltech256,100,1,fullft,206,0.956522
resnet50_caltech256_f100_s1_fullft,resnet50,caltech256,100,1,fullft,207,0.909091
resnet50_caltech256_f100_s1_fullft,resnet50,caltech256,100,1,fullft,208,0.8
resnet50_caltech256_f100_s1_fullft,resnet50,caltech256,100,1,fullft,209,0.863636
resnet50_caltech256_f100_s1_fullft,resnet50,caltech256,100,1,fullft,210,0.736842
resnet50_caltech256_f100_s1_fullft,resnet50,caltech256,100,1,fullft,211,0.962963
resnet50_caltech256_f100_s1_fullft,resnet50,caltech256,100,1,fullft,212,0.95
resnet50_caltech256_f100_s1_fullft,resnet50,caltech256,100,1,fullft,213,0.928571
resnet50_caltech256_f100_s1_fullft,resnet50,caltech256,100,1,fullft,214,0.823529
resnet50_caltech256_f100_s1_fullft,resnet50,caltech256,100,1,fullft,215,1.0
resnet50_caltech256_f100_s1_fullft,resnet50,caltech256,100,1,fullft,216,0.857143
resnet50_caltech256_f100_s1_fullft,resnet50,caltech256,100,1,fullft,217,0.9375
resnet50_caltech256_f100_s1_fullft,resnet50,caltech256,100,1,fullft,218,0.823529
resnet50_caltech256_f100_s1_fullft,resnet50,caltech256,100,1,fullft,219,0.894737
resnet50_caltech256_f100_s1_fullft,resnet50,caltech256,100,1,fullft,220,1.0
resnet50_caltech256_f100_s1_fullft,resnet50,caltech256,100,1,fullft,221,0.777778
resnet50_caltech256_f100_s1_fullft,resnet50,caltech256,100,1,fullft,222,0.6875
resnet50_caltech256_f100_s1_fullft,resnet50,caltech256,100,1,fullft,223,0.863636
resnet50_caltech256_f100_s1_fullft,resnet50,caltech256,100,1,fullft,224,0.944444
resnet50_caltech256_f100_s1_fullft,resnet50,caltech256,100,1,fullft,225,0.85
resnet50_caltech256_f100_s1_fullft,resnet50,caltech256,100,1,fullft,226,0.931034
resnet50_caltech256_f100_s1_fullft,resnet50,caltech256,100,1,fullft,227,0.894737
resnet50_caltech256_f100_s1_fullft,resnet50,caltech256,100,1,fullft,228,0.894737
resnet50_caltech256_f100_s1_fullft,resnet50,caltech256,100,1,fullft,229,0.947368
resnet50_caltech256_f100_s1_fullft,resnet50,caltech256,100,1,fullft,230,0.909091
resnet50_caltech256_f100_s1_fullft,resnet50,caltech256,100,1,fullft,231,0.944444
resnet50_caltech256_f100_s1_fullft,resnet50,caltech256,100,1,fullft,232,0.8
resnet50_caltech256_f100_s1_fullft,resnet50,caltech256,100,1,fullft,233,0.791667
resnet50_caltech256_f100_s1_fullft,resnet50,caltech256,100,1,fullft,234,0.913043
resnet50_caltech256_f100_s1_fullft,resnet50,caltech256,100,1,fullft,235,0.842105
resnet50_caltech256_f100_s1_fullft,resnet50,caltech256,100,1,fullft,236,0.888889
resnet50_caltech256_f100_s1_fullft,resnet50,caltech256,100,1,fullft,237,1.0
resnet50_caltech256_f100_s1_fullft,resnet50,caltech256,100,1,fullft,238,0.823529
resnet50_caltech256_f100_s1_fullft,resnet50,caltech256,100,1,fullft,239,0.975
resnet50_caltech256_f100_s1_fullft,resnet50,caltech256,100,1,fullft,240,0.894737
resnet50_caltech256_f100_s1_fullft,resnet50,caltech256,100,1,fullft,241,0.947368
resnet50_caltech256_f100_s1_fullft,resnet50,caltech256,100,1,fullft,242,0.722222
resnet50_caltech256_f100_s1_fullft,resnet50,caltech256,100,1,fullft,243,0.722222
resnet50_caltech256_f100_s1_fullft,resnet50,caltech256,100,1,fullft,244,0.722222
resnet50_caltech256_f100_s1_fullft,resnet50,caltech256,100,1,fullft,245,0.8
resnet50_caltech256_f100_s1_fullft,resnet50,caltech256,100,1,fullft,246,0.888889
resnet50_caltech256_f100_s1_fullft,resnet50,caltech256,100,1,fullft,247,0.941176
resnet50_caltech256_f100_s1_fullft,resnet50,caltech256,100,1,fullft,248,0.65
resnet50_caltech256_f100_s1_fullft,resnet50,caltech256,100,1,fullft,249,1.0
resnet50_caltech256_f100_s1_fullft,resnet50,caltech256,100,1,fullft,250,0.98125
resnet50_caltech256_f100_s1_fullft,resnet50,caltech256,100,1,fullft,251,1.0
resnet50_caltech256_f100_s1_fullft,resnet50,caltech256,100,1,fullft,252,1.0
resnet50_caltech256_f100_s1_fullft,resnet50,caltech256,100,1,fullft,253,0.842105
resnet50_caltech256_f100_s1_fullft,resnet50,caltech256,100,1,fullft,254,0.666667
resnet50_caltech256_f100_s1_fullft,resnet50,caltech256,100,1,fullft,255,0.909091
resnet50_caltech256_f100_s1_linprobe,resnet50,caltech256,100,1,linprobe,0,0.9
resnet50_caltech256_f100_s1_linprobe,resnet50,caltech256,100,1,linprobe,1,0.842105
resnet50_caltech256_f100_s1_linprobe,resnet50,caltech256,100,1,linprobe,2,0.966667
resnet50_caltech256_f100_s1_linprobe,resnet50,caltech256,100,1,linprobe,3,0.6
resnet50_caltech256_f100_s1_linprobe,resnet50,caltech256,100,1,linprobe,4,0.966667
resnet50_caltech256_f100_s1_linprobe,resnet50,caltech256,100,1,linprobe,5,0.888889
resnet50_caltech256_f100_s1_linprobe,resnet50,caltech256,100,1,linprobe,6,0.857143
resnet50_caltech256_f100_s1_linprobe,resnet50,caltech256,100,1,linprobe,7,0.913043
resnet50_caltech256_f100_s1_linprobe,resnet50,caltech256,100,1,linprobe,8,0.95
resnet50_caltech256_f100_s1_linprobe,resnet50,caltech256,100,1,linprobe,9,0.842105
resnet50_caltech256_f100_s1_linprobe,resnet50,caltech256,100,1,linprobe,10,0.928571
resnet50_caltech256_f100_s1_linprobe,resnet50,caltech256,100,1,linprobe,11,0.953488
resnet50_caltech256_f100_s1_linprobe,resnet50,caltech256,100,1,linprobe,12,0.75
resnet50_caltech256_f100_s1_linprobe,resnet50,caltech256,100,1,linprobe,13,0.941176
resnet50_caltech256_f100_s1_linprobe,resnet50,caltech256,100,1,linprobe,14,0.958333
resnet50_caltech256_f100_s1_linprobe,resnet50,caltech256,100,1,linprobe,15,0.833333
resnet50_caltech256_f100_s1_linprobe,resnet50,caltech256,100,1,linprobe,16,0.47619
resnet50_caltech256_f100_s1_linprobe,resnet50,caltech256,100,1,linprobe,17,0.65
resnet50_caltech256_f100_s1_linprobe,resnet50,caltech256,100,1,linprobe,18,0.92
resnet50_caltech256_f100_s1_linprobe,resnet50,caltech256,100,1,linprobe,19,1.0
resnet50_caltech256_f100_s1_linprobe,resnet50,caltech256,100,1,linprobe,20,0.928571
resnet50_caltech256_f100_s1_linprobe,resnet50,caltech256,100,1,linprobe,21,1.0
resnet50_caltech256_f100_s1_linprobe,resnet50,caltech256,100,1,linprobe,22,0.909091
resnet50_caltech256_f100_s1_linprobe,resnet50,caltech256,100,1,linprobe,23,0.954545
resnet50_caltech256_f100_s1_linprobe,resnet50,caltech256,100,1,linprobe,24,0.956522
resnet50_caltech256_f100_s1_linprobe,resnet50,caltech256,100,1,linprobe,25,0.666667
resnet50_caltech256_f100_s1_linprobe,resnet50,caltech256,100,1,linprobe,26,0.9
resnet50_caltech256_f100_s1_linprobe,resnet50,caltech256,100,1,linprobe,27,0.863636
resnet50_caltech256_f100_s1_linprobe,resnet50,caltech256,100,1,linprobe,28,1.0
resnet50_caltech256_f100_s1_linprobe,resnet50,caltech256,100,1,linprobe,29,0.714286
resnet50_caltech256_f100_s1_linprobe,resnet50,caltech256,100,1,linprobe,30,0.777778
resnet50_caltech256_f100_s1_linprobe,resnet50,caltech256,100,1,linprobe,31,0.75
resnet50_caltech256_f100_s1_linprobe,resnet50,caltech256,100,1,linprobe,32,0.85
resnet50_caltech256_f100_s1_linprobe,resnet50,caltech256,100,1,linprobe,33,0.95
resnet50_caltech256_f100_s1_linprobe,resnet50,caltech256,100,1,linprobe,34,0.882353
resnet50_caltech256_f100_s1_linprobe,resnet50,caltech256,100,1,linprobe,35,0.952381
resnet50_caltech256_f100_s1_linprobe,resnet50,caltech256,100,1,linprobe,36,1.0
resnet50_caltech256_f100_s1_linprobe,resnet50,caltech256,100,1,linprobe,37,0.818182
resnet50_caltech256_f100_s1_linprobe,resnet50,caltech256,100,1,linprobe,38,0.588235
resnet50_caltech256_f100_s1_linprobe,resnet50,caltech256,100,1,linprobe,39,0.88
resnet50_caltech256_f100_s1_linprobe,resnet50,caltech256,100,1,linprobe,40,0.941176
resnet50_caltech256_f100_s1_linprobe,resnet50,caltech256,100,1,linprobe,41,0.588235
resnet50_caltech256_f100_s1_linprobe,resnet50,caltech256,100,1,linprobe,42,0.84
resnet50_caltech256_f100_s1_linprobe,resnet50,caltech256,100,1,linprobe,43,0.791667
resnet50_caltech256_f100_s1_linprobe,resnet50,caltech256,100,1,linprobe,44,0.941176
resnet50_caltech256_f100_s1_linprobe,resnet50,caltech256,100,1,linprobe,45,1.0
resnet50_caltech256_f100_s1_linprobe,resnet50,caltech256,100,1,linprobe,46,0.842105
resnet50_caltech256_f100_s1_linprobe,resnet50,caltech256,100,1,linprobe,47,0.952381
resnet50_caltech256_f100_s1_linprobe,resnet50,caltech256,100,1,linprobe,48,1.0
resnet50_caltech256_f100_s1_linprobe,resnet50,caltech256,100,1,linprobe,49,0.684211
resnet50_caltech256_f100_s1_linprobe,resnet50,caltech256,100,1,linprobe,50,0.913043
resnet50_caltech256_f100_s1_linprobe,resnet50,caltech256,100,1,linprobe,51,0.823529
resnet50_caltech256_f100_s1_linprobe,resnet50,caltech256,100,1,linprobe,52,0.9375
resnet50_caltech256_f100_s1_linprobe,resnet50,caltech256,100,1,linprobe,53,0.958333
resnet50_caltech256_f100_s1_linprobe,resnet50,caltech256,100,1,linprobe,54,0.75
resnet50_caltech256_f100_s1_linprobe,resnet50,caltech256,100,1,linprobe,55,0.85
resnet50_caltech256_f100_s1_linprobe,resnet50,caltech256,100,1,linprobe,56,0.809524
resnet50_caltech256_f100_s1_linprobe,resnet50,caltech256,100,1,linprobe,57,0.842105
resnet50_caltech256_f100_s1_linprobe,resnet50,caltech256,100,1,linprobe,58,0.647059
resnet50_caltech256_f100_s1_linprobe,resnet50,caltech256,100,1,linprobe,59,0.647059
resnet50_caltech256_f100_s1_linprobe,resnet50,caltech256,100,1,linprobe,60,0.85
resnet50_caltech256_f100_s1_linprobe,resnet50,caltech256,100,1,linprobe,61,0.941176
resnet50_caltech256_f100_s1_linprobe,resnet50,caltech256,100,1,linprobe,62,0.916667
resnet50_caltech256_f100_s1_linprobe,resnet50,caltech256,100,1,linprobe,63,1.0
resnet50_caltech256_f100_s1_linprobe,resnet50,caltech256,100,1,linprobe,64,0.85
resnet50_caltech256_f100_s1_linprobe,resnet50,caltech256,100,1,linprobe,65,0.882353
resnet50_caltech256_f100_s1_linprobe,resnet50,caltech256,100,1,linprobe,66,0.882353
resnet50_caltech256_f100_s1_linprobe,resnet50,caltech256,100,1,linprobe,67,0.909091
resnet50_caltech256_f100_s1_linprobe,resnet50,caltech256,100,1,linprobe,68,0.55
resnet50_caltech256_f100_s1_linprobe,resnet50,caltech256,100,1,linprobe,69,0.588235
resnet50_caltech256_f100_s1_linprobe,resnet50,caltech256,100,1,linprobe,70,0.85
resnet50_caltech256_f100_s1_linprobe,resnet50,caltech256,100,1,linprobe,71,1.0
resnet50_caltech256_f100_s1_linprobe,resnet50,caltech256,100,1,linprobe,72,1.0
resnet50_caltech256_f100_s1_linprobe,resnet50,caltech256,100,1,linprobe,73,0.565217
resnet50_caltech256_f100_s1_linprobe,resnet50,caltech256,100,1,linprobe,74,0.705882
resnet50_caltech256_f100_s1_linprobe,resnet50,caltech256,100,1,linprobe,75,1.0
resnet50_caltech256_f100_s1_linprobe,resnet50,caltech256,100,1,linprobe,76,1.0
resnet50_caltech256_f100_s1_linprobe,resnet50,caltech256,100,1,linprobe,77,0.888889
resnet50_caltech256_f100_s1_linprobe,resnet50,caltech256,100,1,linprobe,78,0.65
resnet50_caltech256_f100_s1_linprobe,resnet50,caltech256,100,1,linprobe,79,0.913043
resnet50_caltech256_f100_s1_linprobe,resnet50,caltech256,100,1,linprobe,80,0.894737
resnet50_caltech256_f100_s1_linprobe,resnet50,caltech256,100,1,linprobe,81,0.9375
resnet50_caltech256_f100_s1_linprobe,resnet50,caltech256,100,1,linprobe,82,0.894737
resnet50_caltech256_f100_s1_linprobe,resnet50,caltech256,100,1,linprobe,83,0.882353
resnet50_caltech256_f100_s1_linprobe,resnet50,caltech256,100,1,linprobe,84,0.954545
resnet50_caltech256_f100_s1_linprobe,resnet50,caltech256,100,1,linprobe,85,0.9375
resnet50_caltech256_f100_s1_linprobe,resnet50,caltech256,100,1,linprobe,86,0.894737
resnet50_caltech256_f100_s1_linprobe,resnet50,caltech256,100,1,linprobe,87,1.0
resnet50_caltech256_f100_s1_linprobe,resnet50,caltech256,100,1,linprobe,88,0.863636
resnet50_caltech256_f100_s1_linprobe,resnet50,caltech256,100,1,linprobe,89,0.952381
resnet50_caltech256_f100_s1_linprobe,resnet50,caltech256,100,1,linprobe,90,0.894737
resnet50_caltech256_f100_s1_linprobe,resnet50,caltech256,100,1,linprobe,91,0.85
resnet50_caltech256_f100_s1_linprobe,resnet50,caltech256,100,1,linprobe,92,0.954545
resnet50_caltech256_f100_s1_linprobe,resnet50,caltech256,100,1,linprobe,93,0.952381
resnet50_caltech256_f100_s1_linprobe,resnet50,caltech256,100,1,linprobe,94,0.764706
resnet50_caltech256_f100_s1_linprobe,resnet50,caltech256,100,1,linprobe,95,0.947368
resnet50_caltech256_f100_s1_linprobe,resnet50,caltech256,100,1,linprobe,96,0.666667
resnet50_caltech256_f100_s1_linprobe,resnet50,caltech256,100,1,linprobe,97,0.95
resnet50_caltech256_f100_s1_linprobe,resnet50,caltech256,100,1,linprobe,98,1.0
resnet50_caltech256_f100_s1_linprobe,resnet50,caltech256,100,1,linprobe,99,1.0
resnet50_caltech256_f100_s1_linprobe,resnet50,caltech256,100,1,linprobe,100,0.928571
resnet50_caltech256_f100_s1_linprobe,resnet50,caltech256,100,1,linprobe,101,0.777778
resnet50_caltech256_f100_s1_linprobe,resnet50,caltech256,100,1,linprobe,102,1.0
resnet50_caltech256_f100_s1_linprobe,resnet50,caltech256,100,1,linprobe,103,0.789474
resnet50_caltech256_f100_s1_linprobe,resnet50,caltech256,100,1,linprobe,104,0.944444
resnet50_caltech256_f100_s1_linprobe,resnet50,caltech256,100,1,linprobe,105,0.705882
resnet50_caltech256_f100_s1_linprobe,resnet50,caltech256,100,1,linprobe,106,1.0
resnet50_caltech256_f100_s1_linprobe,resnet50,caltech256,100,1,linprobe,107,0.647059
resnet50_caltech256_f100_s1_linprobe,resnet50,caltech256,100,1,linprobe,108,0.903226
resnet50_caltech256_f100_s1_linprobe,resnet50,caltech256,100,1,linprobe,109,0.882353
resnet50_caltech256_f100_s1_linprobe,resnet50,caltech256,100,1,linprobe,110,0.941176
resnet50_caltech256_f100_s1_linprobe,resnet50,caltech256,100,1,linprobe,111,0.882353
resnet50_caltech256_f100_s1_linprobe,resnet50,caltech256,100,1,linprobe,112,0.913043
resnet50_caltech256_f100_s1_linprobe,resnet50,caltech256,100,1,linprobe,113,1.0
resnet50_caltech256_f100_s1_linprobe,resnet50,caltech256,100,1,linprobe,114,0.777778
resnet50_caltech256_f100_s1_linprobe,resnet50,caltech256,100,1,linprobe,115,0.904762
resnet50_caltech256_f100_s1_linprobe,resnet50,caltech256,100,1,linprobe,116,0.875
resnet50_caltech256_f100_s1_linprobe,resnet50,caltech256,100,1,linprobe,117,0.909091
resnet50_caltech256_f100_s1_linprobe,resnet50,caltech256,100,1,linprobe,118,0.823529
resnet50_caltech256_f100_s1_linprobe,resnet50,caltech256,100,1,linprobe,119,0.846154
resnet50_caltech256_f100_s1_linprobe,resnet50,caltech256,100,1,linprobe,120,1.0
resnet50_caltech256_f100_s1_linprobe,resnet50,caltech256,100,1,linprobe,121,0.666667
resnet50_caltech256_f100_s1_linprobe,resnet50,caltech256,100,1,linprobe,122,1.0
resnet50_caltech256_f100_s1_linprobe,resnet50,caltech256,100,1,linprobe,123,1.0
resnet50_caltech256_f100_s1_linprobe,resnet50,caltech256,100,1,linprobe,124,0.75
resnet50_caltech256_f100_s1_linprobe,resnet50,caltech256,100,1,linprobe,125,0.645833
resnet50_caltech256_f100_s1_linprobe,resnet50,caltech256,100,1,linprobe,126,0.923077
resnet50_caltech256_f100_s1_linprobe,resnet50,caltech256,100,1,linprobe,127,0.857143
resnet50_caltech256_f100_s1_linprobe,resnet50,caltech256,100,1,linprobe,128,1.0
resnet50_caltech256_f100_s1_linprobe,resnet50,caltech256,100,1,linprobe,129,1.0
resnet50_caltech256_f100_s1_linprobe,resnet50,caltech256,100,1,linprobe,130,1.0
resnet50_caltech256_f100_s1_linprobe,resnet50,caltech256,100,1,linprobe,131,0.894737
resnet50_caltech256_f100_s1_linprobe,resnet50,caltech256,100,1,linprobe,132,0.851852
resnet50_caltech256_f100_s1_linprobe,resnet50,caltech256,100,1,linprobe,133,0.958333
resnet50_caltech256_f100_s1_linprobe,resnet50,caltech256,100,1,linprobe,134,0.789474
resnet50_caltech256_f100_s1_linprobe,resnet50,caltech256,100,1,linprobe,135,0.894737
resnet50_caltech256_f100_s1_linprobe,resnet50,caltech256,100,1,linprobe,136,0.935484
resnet50_caltech256_f100_s1_linprobe,resnet50,caltech256,100,1,linprobe,137,0.947368
resnet50_caltech256_f100_s1_linprobe,resnet50,caltech256,100,1,linprobe,138,0.882353
resnet50_caltech256_f100_s1_linprobe,resnet50,caltech256,100,1,linprobe,139,0.833333
resnet50_caltech256_f100_s1_linprobe,resnet50,caltech256,100,1,linprobe,140,1.0
resnet50_caltech256_f100_s1_linprobe,resnet50,caltech256,100,1,linprobe,141,0.952381
resnet50_caltech256_f100_s1_linprobe,resnet50,caltech256,100,1,linprobe,142,0.923077
resnet50_caltech256_f100_s1_linprobe,resnet50,caltech256,100,1,linprobe,143,0.6875
resnet50_caltech256_f100_s1_linprobe,resnet50,caltech256,100,1,linprobe,144,1.0
resnet50_caltech256_f100_s1_linprobe,resnet50,caltech256,100,1,linprobe,145,0.75
resnet50_caltech256_f100_s1_linprobe,resnet50,caltech256,100,1,linprobe,146,0.875
resnet50_caltech256_f100_s1_linprobe,resnet50,caltech256,100,1,linprobe,147,0.8
resnet50_caltech256_f100_s1_linprobe,resnet50,caltech256,100,1,linprobe,148,0.952381
resnet50_caltech256_f100_s1_linprobe,resnet50,caltech256,100,1,linprobe,149,0.954545
resnet50_caltech256_f100_s1_linprobe,resnet50,caltech256,100,1,linprobe,150,0.909091
resnet50_caltech256_f100_s1_linprobe,resnet50,caltech256,100,1,linprobe,151,1.0
resnet50_caltech256_f100_s1_linprobe,resnet50,caltech256,100,1,linprobe,152,0.947368
resnet50_caltech256_f100_s1_linprobe,resnet50,caltech256,100,1,linprobe,153,0.857143
resnet50_caltech256_f100_s1_linprobe,resnet50,caltech256,100,1,linprobe,154,0.5
resnet50_caltech256_f100_s1_linprobe,resnet50,caltech256,100,1,linprobe,155,0.842105
resnet50_caltech256_f100_s1_linprobe,resnet50,caltech256,100,1,linprobe,156,0.904762
resnet50_caltech256_f100_s1_linprobe,resnet50,caltech256,100,1,linprobe,157,0.9
resnet50_caltech256_f100_s1_linprobe,resnet50,caltech256,100,1,linprobe,158,0.666667
resnet50_caltech256_f100_s1_linprobe,resnet50,caltech256,100,1,linprobe,159,0.823529
resnet50_caltech256_f100_s1_linprobe,resnet50,caltech256,100,1,linprobe,160,0.904762
resnet50_caltech256_f100_s1_linprobe,resnet50,caltech256,100,1,linprobe,161,0.555556
resnet50_caltech256_f100_s1_linprobe,resnet50,caltech256,100,1,linprobe,162,0.611111
resnet50_caltech256_f100_s1_linprobe,resnet50,caltech256,100,1,linprobe,163,0.95
resnet50_caltech256_f100_s1_linprobe,resnet50,caltech256,100,1,linprobe,164,0.722222
resnet50_caltech256_f100_s1_linprobe,resnet50,caltech256,100,1,linprobe,165,0.944444
resnet50_caltech256_f100_s1_linprobe,resnet50,caltech256,100,1,linprobe,166,0.882353
resnet50_caltech256_f100_s1_linprobe,resnet50,caltech256,100,1,linprobe,167,0.964286
resnet50_caltech256_f100_s1_linprobe,resnet50,caltech256,100,1,linprobe,168,1.0
resnet50_caltech256_f100_s1_linprobe,resnet50,caltech256,100,1,linprobe,169,0.9
resnet50_caltech256_f100_s1_linprobe,resnet50,caltech256,100,1,linprobe,170,0.705882
resnet50_caltech256_f100_s1_linprobe,resnet50,caltech256,100,1,linprobe,171,0.95
resnet50_caltech256_f100_s1_linprobe,resnet50,caltech256,100,1,linprobe,172,0.761905
resnet50_caltech256_f100_s1_linprobe,resnet50,caltech256,100,1,linprobe,173,0.941176
resnet50_caltech256_f100_s1_linprobe,resnet50,caltech256,100,1,linprobe,174,0.882353
resnet50_caltech256_f100_s1_linprobe,resnet50,caltech256,100,1,linprobe,175,0.909091
resnet50_caltech256_f100_s1_linprobe,resnet50,caltech256,100,1,linprobe,176,1.0
resnet50_caltech256_f100_s1_linprobe,resnet50,caltech256,100,1,linprobe,177,1.0
resnet50_caltech256_f100_s1_linprobe,resnet50,caltech256,100,1,linprobe,178,0.875
resnet50_caltech256_f100_s1_linprobe,resnet50,caltech256,100,1,linprobe,179,0.75
resnet50_caltech256_f100_s1_linprobe,resnet50,caltech256,100,1,linprobe,180,0.9
resnet50_caltech256_f100_s1_linprobe,resnet50,caltech256,100,1,linprobe,181,1.0
resnet50_caltech256_f100_s1_linprobe,resnet50,caltech256,100,1,linprobe,182,0.95
resnet50_caltech256_f100_s1_linprobe,resnet50,caltech256,100,1,linprobe,183,1.0
resnet50_caltech256_f100_s1_linprobe,resnet50,caltech256,100,1,linprobe,184,0.666667
resnet50_caltech256_f100_s1_linprobe,resnet50,caltech256,100,1,linprobe,185,1.0
resnet50_caltech256_f100_s1_linprobe,resnet50,caltech256,100,1,linprobe,186,0.947368
resnet50_caltech256_f100_s1_linprobe,resnet50,caltech256,100,1,linprobe,187,0.777778
resnet50_caltech256_f100_s1_linprobe,resnet50,caltech256,100,1,linprobe,188,0.833333
resnet50_caltech256_f100_s1_linprobe,resnet50,caltech256,100,1,linprobe,189,0.863636
resnet50_caltech256_f100_s1_linprobe,resnet50,caltech256,100,1,linprobe,190,0.545455
resnet50_caltech256_f100_s1_linprobe,resnet50,caltech256,100,1,linprobe,191,0.954545
resnet50_caltech256_f100_s1_linprobe,resnet50,caltech256,100,1,linprobe,192,0.8
resnet50_caltech256_f100_s1_linprobe,resnet50,caltech256,100,1,linprobe,193,0.954545
resnet50_caltech256_f100_s1_linprobe,resnet50,caltech256,100,1,linprobe,194,0.529412
resnet50_caltech256_f100_s1_linprobe,resnet50,caltech256,100,1,linprobe,195,0.904762
resnet50_caltech256_f100_s1_linprobe,resnet50,caltech256,100,1,linprobe,196,0.75
resnet50_caltech256_f100_s1_linprobe,resnet50,caltech256,100,1,linprobe,197,0.863636
resnet50_caltech256_f100_s1_linprobe,resnet50,caltech256,100,1,linprobe,198,0.619048
resnet50_caltech256_f100_s1_linprobe,resnet50,caltech256,100,1,linprobe,199,0.75
resnet50_caltech256_f100_s1_linprobe,resnet50,caltech256,100,1,linprobe,200,1.0
resnet50_caltech256_f100_s1_linprobe,resnet50,caltech256,100,1,linprobe,201,0.789474
resnet50_caltech256_f100_s1_linprobe,resnet50,caltech256,100,1,linprobe,202,0.666667
resnet50_caltech256_f100_s1_linprobe,resnet50,caltech256,100,1,linprobe,203,1.0
resnet50_caltech256_f100_s1_linprobe,resnet50,caltech256,100,1,linprobe,204,0.941176
resnet50_caltech256_f100_s1_linprobe,resnet50,caltech256,100,1,linprobe,205,0.7
resnet50_caltech256_f100_s1_linprobe,resnet50,caltech256,100,1,linprobe,206,1.0
resnet50_caltech256_f100_s1_linprobe,resnet50,caltech256,100,1,linprobe,207,0.954545
resnet50_caltech256_f100_s1_linprobe,resnet50,caltech256,100,1,linprobe,208,0.75
resnet50_caltech256_f100_s1_linprobe,resnet50,caltech256,100,1,linprobe,209,0.909091
resnet50_caltech256_f100_s1_linprobe,resnet50,caltech256,100,1,linprobe,210,0.736842
resnet50_caltech256_f100_s1_linprobe,resnet50,caltech256,100,1,linprobe,211,0.925926
resnet50_caltech256_f100_s1_linprobe,resnet50,caltech256,100,1,linprobe,212,0.95
resnet50_caltech256_f100_s1_linprobe,resnet50,caltech256,100,1,linprobe,213,0.857143
resnet50_caltech256_f100_s1_linprobe,resnet50,caltech256,100,1,linprobe,214,0.941176
resnet50_caltech256_f100_s1_linprobe,resnet50,caltech256,100,1,linprobe,215,1.0
resnet50_caltech256_f100_s1_linprobe,resnet50,caltech256,100,1,linprobe,216,0.952381
resnet50_caltech256_f100_s1_linprobe,resnet50,caltech256,100,1,linprobe,217,0.9375
resnet50_caltech256_f100_s1_linprobe,resnet50,caltech256,100,1,linprobe,218,0.705882
resnet50_caltech256_f100_s1_linprobe,resnet50,caltech256,100,1,linprobe,219,0.842105
resnet50_caltech256_f100_s1_linprobe,resnet50,caltech256,100,1,linprobe,220,0.857143
resnet50_caltech256_f100_s1_linprobe,resnet50,caltech256,100,1,linprobe,221,0.833333
resnet50_caltech256_f100_s1_linprobe,resnet50,caltech256,100,1,linprobe,222,0.75
resnet50_caltech256_f100_s1_linprobe,resnet50,caltech256,100,1,linprobe,223,0.727273
resnet50_caltech256_f100_s1_linprobe,resnet50,caltech256,100,1,linprobe,224,1.0
resnet50_caltech256_f100_s1_linprobe,resnet50,caltech256,100,1,linprobe,225,0.75
resnet50_caltech256_f100_s1_linprobe,resnet50,caltech256,100,1,linprobe,226,0.965517
resnet50_caltech256_f100_s1_linprobe,resnet50,caltech256,100,1,linprobe,227,0.947368
resnet50_caltech256_f100_s1_linprobe,resnet50,caltech256,100,1,linprobe,228,0.842105
resnet50_caltech256_f100_s1_linprobe,resnet50,caltech256,100,1,linprobe,229,1.0
resnet50_caltech256_f100_s1_linprobe,resnet50,caltech256,100,1,linprobe,230,0.818182
resnet50_caltech256_f100_s1_linprobe,resnet50,caltech256,100,1,linprobe,231,0.930556
resnet50_caltech256_f100_s1_linprobe,resnet50,caltech256,100,1,linprobe,232,0.75
resnet50_caltech256_f100_s1_linprobe,resnet50,caltech256,100,1,linprobe,233,0.875
resnet50_caltech256_f100_s1_linprobe,resnet50,caltech256,100,1,linprobe,234,0.913043
resnet50_caltech256_f100_s1_linprobe,resnet50,caltech256,100,1,linprobe,235,0.789474
resnet50_caltech256_f100_s1_linprobe,resnet50,caltech256,100,1,linprobe,236,0.888889
resnet50_caltech256_f100_s1_linprobe,resnet50,caltech256,100,1,linprobe,237,1.0
resnet50_caltech256_f100_s1_linprobe,resnet50,caltech256,100,1,linprobe,238,0.882353
resnet50_caltech256_f100_s1_linprobe,resnet50,caltech256,100,1,linprobe,239,0.95
resnet50_caltech256_f100_s1_linprobe,resnet50,caltech256,100,1,linprobe,240,0.842105
resnet50_caltech256_f100_s1_linprobe,resnet50,caltech256,100,1,linprobe,241,0.947368
resnet50_caltech256_f100_s1_linprobe,resnet50,caltech256,100,1,linprobe,242,0.888889
resnet50_caltech256_f100_s1_linprobe,resnet50,caltech256,100,1,linprobe,243,0.777778
resnet50_caltech256_f100_s1_linprobe,resnet50,caltech256,100,1,linprobe,244,0.722222
resnet50_caltech256_f100_s1_linprobe,resnet50,caltech256,100,1,linprobe,245,0.85
resnet50_caltech256_f100_s1_linprobe,resnet50,caltech256,100,1,linprobe,246,0.666667
resnet50_caltech256_f100_s1_linprobe,resnet50,caltech256,100,1,linprobe,247,0.882353
resnet50_caltech256_f100_s1_linprobe,resnet50,caltech256,100,1,linprobe,248,0.6
resnet50_caltech256_f100_s1_linprobe,resnet50,caltech256,100,1,linprobe,249,1.0
resnet50_caltech256_f100_s1_linprobe,resnet50,caltech256,100,1,linprobe,250,0.99375
resnet50_caltech256_f100_s1_linprobe,resnet50,caltech256,100,1,linprobe,251,1.0
resnet50_caltech256_f100_s1_linprobe,resnet50,caltech256,100,1,linprobe,252,1.0
resnet50_caltech256_f100_s1_linprobe,resnet50,caltech256,100,1,linprobe,253,0.947368
resnet50_caltech256_f100_s1_linprobe,resnet50,caltech256,100,1,linprobe,254,0.761905
resnet50_caltech256_f100_s1_linprobe,resnet50,caltech256,100,1,linprobe,255,0.909091
resnet50_caltech256_f100_s2_fullft,resnet50,caltech256,100,2,fullft,0,0.95
resnet50_caltech256_f100_s2_fullft,resnet50,caltech256,100,2,fullft,1,0.947368
resnet50_caltech256_f100_s2_fullft,resnet50,caltech256,100,2,fullft,2,0.933333
resnet50_caltech256_f100_s2_fullft,resnet50,caltech256,100,2,fullft,3,0.6
resnet50_caltech256_f100_s2_fullft,resnet50,caltech256,100,2,fullft,4,1.0
resnet50_caltech256_f100_s2_fullft,resnet50,caltech256,100,2,fullft,5,0.777778
resnet50_caltech256_f100_s2_fullft,resnet50,caltech256,100,2,fullft,6,0.857143
resnet50_caltech256_f100_s2_fullft,resnet50,caltech256,100,2,fullft,7,0.934783
resnet50_caltech256_f100_s2_fullft,resnet50,caltech256,100,2,fullft,8,0.9
resnet50_caltech256_f100_s2_fullft,resnet50,caltech256,100,2,fullft,9,0.842105
resnet50_caltech256_f100_s2_fullft,resnet50,caltech256,100,2,fullft,10,0.946429
resnet50_caltech256_f100_s2_fullft,resnet50,caltech256,100,2,fullft,11,1.0
resnet50_caltech256_f100_s2_fullft,resnet50,caltech256,100,2,fullft,12,0.8
resnet50_caltech256_f100_s2_fullft,resnet50,caltech256,100,2,fullft,13,1.0
resnet50_caltech256_f100_s2_fullft,resnet50,caltech256,100,2,fullft,14,0.958333
resnet50_caltech256_f100_s2_fullft,resnet50,caltech256,100,2,fullft,15,1.0
resnet50_caltech256_f100_s2_fullft,resnet50,caltech256,100,2,fullft,16,0.761905
resnet50_caltech256_f100_s2_fullft,resnet50,caltech256,100,2,fullft,17,0.7
resnet50_caltech256_f100_s2_fullft,resnet50,caltech256,100,2,fullft,18,0.88
resnet50_caltech256_f100_s2_fullft,resnet50,caltech256,100,2,fullft,19,0.941176
resnet50_caltech256_f100_s2_fullft,resnet50,caltech256,100,2,fullft,20,0.964286
resnet50_caltech256_f100_s2_fullft,resnet50,caltech256,100,2,fullft,21,1.0
resnet50_caltech256_f100_s2_fullft,resnet50,caltech256,100,2,fullft,22,0.909091
resnet50_caltech256_f100_s2_fullft,resnet50,caltech256,100,2,fullft,23,1.0
resnet50_caltech256_f100_s2_fullft,resnet50,caltech256,100,2,fullft,24,0.913043
resnet50_caltech256_f100_s2_fullft,resnet50,caltech256,100,2,fullft,25,0.666667
resnet50_caltech256_f100_s2_fullft,resnet50,caltech256,100,2,fullft,26,0.95
resnet50_caltech256_f100_s2_fullft,resnet50,caltech256,100,2,fullft,27,0.909091
resnet50_caltech256_f100_s2_fullft,resnet50,caltech256,100,2,fullft,28,1.0
resnet50_caltech256_f100_s2_fullft,resnet50,caltech256,100,2,fullft,29,0.761905
resnet50_caltech256_f100_s2_fullft,resnet50,caltech256,100,2,fullft,30,0.888889
resnet50_caltech256_f100_s2_fullft,resnet50,caltech256,100,2,fullft,31,0.8
resnet50_caltech256_f100_s2_fullft,resnet50,caltech256,100,2,fullft,32,0.8
resnet50_caltech256_f100_s2_fullft,resnet50,caltech256,100,2,fullft,33,1.0
resnet50_caltech256_f100_s2_fullft,resnet50,caltech256,100,2,fullft,34,0.941176
resnet50_caltech256_f100_s2_fullft,resnet50,caltech256,100,2,fullft,35,0.904762
resnet50_caltech256_f100_s2_fullft,resnet50,caltech256,100,2,fullft,36,1.0
resnet50_caltech256_f100_s2_fullft,resnet50,caltech256,100,2,fullft,37,0.909091
resnet50_caltech256_f100_s2_fullft,resnet50,caltech256,100,2,fullft,38,0.588235
resnet50_caltech256_f100_s2_fullft,resnet50,caltech256,100,2,fullft,39,0.92
resnet50_caltech256_f100_s2_fullft,resnet50,caltech256,100,2,fullft,40,0.882353
resnet50_caltech256_f100_s2_fullft,resnet50,caltech256,100,2,fullft,41,0.529412
resnet50_caltech256_f100_s2_fullft,resnet50,caltech256,100,2,fullft,42,0.88
resnet50_caltech256_f100_s2_fullft,resnet50,caltech256,100,2,fullft,43,0.791667
resnet50_caltech256_f100_s2_fullft,resnet50,caltech256,100,2,fullft,44,0.882353
resnet50_caltech256_f100_s2_fullft,resnet50,caltech256,100,2,fullft,45,1.0
resnet50_caltech256_f100_s2_fullft,resnet50,caltech256,100,2,fullft,46,1.0
resnet50_caltech256_f100_s2_fullft,resnet50,caltech256,100,2,fullft,47,0.904762
resnet50_caltech256_f100_s2_fullft,resnet50,caltech256,100,2,fullft,48,0.904762
resnet50_caltech256_f100_s2_fullft,resnet50,caltech256,100,2,fullft,49,0.894737
resnet50_caltech256_f100_s2_fullft,resnet50,caltech256,100,2,fullft,50,0.869565
resnet50_caltech256_f100_s2_fullft,resnet50,caltech256,100,2,fullft,51,0.941176
resnet50_caltech256_f100_s2_fullft,resnet50,caltech256,100,2,fullft,52,0.9375
resnet50_caltech256_f100_s2_fullft,resnet50,caltech256,100,2,fullft,53,1.0
resnet50_caltech256_f100_s2_fullft,resnet50,caltech256,100,2,fullft,54,0.8
resnet50_caltech256_f100_s2_fullft,resnet50,caltech256,100,2,fullft,55,0.85
resnet50_caltech256_f100_s2_fullft,resnet50,caltech256,100,2,fullft,56,0.857143
resnet50_caltech256_f100_s2_fullft,resnet50,caltech256,100,2,fullft,57,0.842105
resnet50_caltech256_f100_s2_fullft,resnet50,caltech256,100,2,fullft,58,0.411765
resnet50_caltech256_f100_s2_fullft,resnet50,caltech256,100,2,fullft,59,0.705882
resnet50_caltech256_f100_s2_fullft,resnet50,caltech256,100,2,fullft,60,0.75
resnet50_caltech256_f100_s2_fullft,resnet50,caltech256,100,2,fullft,61,0.882353
resnet50_caltech256_f100_s2_fullft,resnet50,caltech256,100,2,fullft,62,0.916667
resnet50_caltech256_f100_s2_fullft,resnet50,caltech256,100,2,fullft,63,1.0
resnet50_caltech256_f100_s2_fullft,resnet50,caltech256,100,2,fullft,64,0.95
resnet50_caltech256_f100_s2_fullft,resnet50,caltech256,100,2,fullft,65,0.941176
resnet50_caltech256_f100_s2_fullft,resnet50,caltech256,100,2,fullft,66,0.882353
resnet50_caltech256_f100_s2_fullft,resnet50,caltech256,100,2,fullft,67,0.909091
resnet50_caltech256_f100_s2_fullft,resnet50,caltech256,100,2,fullft,68,0.75
resnet50_caltech256_f100_s2_fullft,resnet50,caltech256,100,2,fullft,69,0.588235
resnet50_caltech256_f100_s2_fullft,resnet50,caltech256,100,2,fullft,70,0.85
resnet50_caltech256_f100_s2_fullft,resnet50,caltech256,100,2,fullft,71,0.958333
resnet50_caltech256_f100_s2_fullft,resnet50,caltech256,100,2,fullft,72,1.0
resnet50_caltech256_f100_s2_fullft,resnet50,caltech256,100,2,fullft,73,0.652174
resnet50_caltech256_f100_s2_fullft,resnet50,caltech256,100,2,fullft,74,0.705882
resnet50_caltech256_f100_s2_fullft,resnet50,caltech256,100,2,fullft,75,1.0
resnet50_caltech256_f100_s2_fullft,resnet50,caltech256,100,2,fullft,76,1.0
resnet50_caltech256_f100_s2_fullft,resnet50,caltech256,100,2,fullft,77,0.888889
resnet50_caltech256_f100_s2_fullft,resnet50,caltech256,100,2,fullft,78,0.55
resnet50_caltech256_f100_s2_fullft,resnet50,caltech256,100,2,fullft,79,0.782609
resnet50_caltech256_f100_s2_fullft,resnet50,caltech256,100,2,fullft,80,0.894737
resnet50_caltech256_f100_s2_fullft,resnet50,caltech256,100,2,fullft,81,0.875
resnet50_caltech256_f100_s2_fullft,resnet50,caltech256,100,2,fullft,82,0.842105
resnet50_caltech256_f100_s2_fullft,resnet50,caltech256,100,2,fullft,83,0.823529
resnet50_caltech256_f100_s2_fullft,resnet50,caltech256,100,2,fullft,84,0.954545
resnet50_caltech256_f100_s2_fullft,resnet50,caltech256,100,2,fullft,85,0.9375
resnet50_caltech256_f100_s2_fullft,resnet50,caltech256,100,2,fullft,86,0.947368
resnet50_caltech256_f100_s2_fullft,resnet50,caltech256,100,2,fullft,87,0.95
resnet50_caltech256_f100_s2_fullft,resnet50,caltech256,100,2,fullft,88,0.818182
resnet50_caltech256_f100_s2_fullft,resnet50,caltech256,100,2,fullft,89,1.0
resnet50_caltech256_f100_s2_fullft,resnet50,caltech256,100,2,fullft,90,0.894737
resnet50_caltech256_f100_s2_fullft,resnet50,caltech256,100,2,fullft,91,0.825
resnet50_caltech256_f100_s2_fullft,resnet50,caltech256,100,2,fullft,92,0.954545
resnet50_caltech256_f100_s2_fullft,resnet50,caltech256,100,2,fullft,93,1.0
resnet50_caltech256_f100_s2_fullft,resnet50,caltech256,100,2,fullft,94,0.882353
resnet50_caltech256_f100_s2_fullft,resnet50,caltech256,100,2,fullft,95,0.912281
resnet50_caltech256_f100_s2_fullft,resnet50,caltech256,100,2,fullft,96,0.666667
resnet50_caltech256_f100_s2_fullft,resnet50,caltech256,100,2,fullft,97,1.0
resnet50_caltech256_f100_s2_fullft,resnet50,caltech256,100,2,fullft,98,0.875
resnet50_caltech256_f100_s2_fullft,resnet50,caltech256,100,2,fullft,99,1.0
resnet50_caltech256_f100_s2_fullft,resnet50,caltech256,100,2,fullft,100,0.964286
resnet50_caltech256_f100_s2_fullft,resnet50,caltech256,100,2,fullft,101,0.944444
resnet50_caltech256_f100_s2_fullft,resnet50,caltech256,100,2,fullft,102,1.0
resnet50_caltech256_f100_s2_fullft,resnet50,caltech256,100,2,fullft,103,0.947368
resnet50_caltech256_f100_s2_fullft,resnet50,caltech256,100,2,fullft,104,0.907407
resnet50_caltech256_f100_s2_fullft,resnet50,caltech256,100,2,fullft,105,0.705882
resnet50_caltech256_f100_s2_fullft,resnet50,caltech256,100,2,fullft,106,1.0
resnet50_caltech256_f100_s2_fullft,resnet50,caltech256,100,2,fullft,107,0.705882
resnet50_caltech256_f100_s2_fullft,resnet50,caltech256,100,2,fullft,108,0.967742
resnet50_caltech256_f100_s2_fullft,resnet50,caltech256,100,2,fullft,109,0.823529
resnet50_caltech256_f100_s2_fullft,resnet50,caltech256,100,2,fullft,110,0.941176
resnet50_caltech256_f100_s2_fullft,resnet50,caltech256,100,2,fullft,111,1.0
resnet50_caltech256_f100_s2_fullft,resnet50,caltech256,100,2,fullft,112,0.956522
resnet50_caltech256_f100_s2_fullft,resnet50,caltech256,100,2,fullft,113,1.0
resnet50_caltech256_f100_s2_fullft,resnet50,caltech256,100,2,fullft,114,0.944444
resnet50_caltech256_f100_s2_fullft,resnet50,caltech256,100,2,fullft,115,1.0
resnet50_caltech256_f100_s2_fullft,resnet50,caltech256,100,2,fullft,116,0.916667
resnet50_caltech256_f100_s2_fullft,resnet50,caltech256,100,2,fullft,117,0.909091
resnet50_caltech256_f100_s2_fullft,resnet50,caltech256,100,2,fullft,118,0.823529
resnet50_caltech256_f100_s2_fullft,resnet50,caltech256,100,2,fullft,119,0.807692
resnet50_caltech256_f100_s2_fullft,resnet50,caltech256,100,2,fullft,120,1.0
resnet50_caltech256_f100_s2_fullft,resnet50,caltech256,100,2,fullft,121,0.809524
resnet50_caltech256_f100_s2_fullft,resnet50,caltech256,100,2,fullft,122,1.0
resnet50_caltech256_f100_s2_fullft,resnet50,caltech256,100,2,fullft,123,1.0
resnet50_caltech256_f100_s2_fullft,resnet50,caltech256,100,2,fullft,124,0.6
resnet50_caltech256_f100_s2_fullft,resnet50,caltech256,100,2,fullft,125,0.75
resnet50_caltech256_f100_s2_fullft,resnet50,caltech256,100,2,fullft,126,0.961538
resnet50_caltech256_f100_s2_fullft,resnet50,caltech256,100,2,fullft,127,0.904762
resnet50_caltech256_f100_s2_fullft,resnet50,caltech256,100,2,fullft,128,1.0
resnet50_caltech256_f100_s2_fullft,resnet50,caltech256,100,2,fullft,129,1.0
resnet50_caltech256_f100_s2_fullft,resnet50,caltech256,100,2,fullft,130,0.944444
resnet50_caltech256_f100_s2_fullft,resnet50,caltech256,100,2,fullft,131,0.947368
resnet50_caltech256_f100_s2_fullft,resnet50,caltech256,100,2,fullft,132,0.962963
resnet50_caltech256_f100_s2_fullft,resnet50,caltech256,100,2,fullft,133,1.0
resnet50_caltech256_f100_s2_fullft,resnet50,caltech256,100,2,fullft,134,0.736842
resnet50_caltech256_f100_s2_fullft,resnet50,caltech256,100,2,fullft,135,0.789474
resnet50_caltech256_f100_s2_fullft,resnet50,caltech256,100,2,fullft,136,0.967742
resnet50_caltech256_f100_s2_fullft,resnet50,caltech256,100,2,fullft,137,0.921053
resnet50_caltech256_f100_s2_fullft,resnet50,caltech256,100,2,fullft,138,0.941176
resnet50_caltech256_f100_s2_fullft,resnet50,caltech256,100,2,fullft,139,0.888889
resnet50_caltech256_f100_s2_fullft,resnet50,caltech256,100,2,fullft,140,0.956522
resnet50_caltech256_f100_s2_fullft,resnet50,caltech256,100,2,fullft,141,0.952381
resnet50_caltech256_f100_s2_fullft,resnet50,caltech256,100,2,fullft,142,0.923077
resnet50_caltech256_f100_s2_fullft,resnet50,caltech256,100,2,fullft,143,0.75
resnet50_caltech256_f100_s2_fullft,resnet50,caltech256,100,2,fullft,144,1.0
resnet50_caltech256_f100_s2_fullft,resnet50,caltech256,100,2,fullft,145,0.625
resnet50_caltech256_f100_s2_fullft,resnet50,caltech256,100,2,fullft,146,0.9
resnet50_caltech256_f100_s2_fullft,resnet50,caltech256,100,2,fullft,147,0.828571
resnet50_caltech256_f100_s2_fullft,resnet50,caltech256,100,2,fullft,148,0.904762
resnet50_caltech256_f100_s2_fullft,resnet50,caltech256,100,2,fullft,149,0.954545
resnet50_caltech256_f100_s2_fullft,resnet50,caltech256,100,2,fullft,150,0.909091
resnet50_caltech256_f100_s2_fullft,resnet50,caltech256,100,2,fullft,151,1.0
resnet50_caltech256_f100_s2_fullft,resnet50,caltech256,100,2,fullft,152,1.0
resnet50_caltech256_f100_s2_fullft,resnet50,caltech256,100,2,fullft,153,0.809524
resnet50_caltech256_f100_s2_fullft,resnet50,caltech256,100,2,fullft,154,0.611111
resnet50_caltech256_f100_s2_fullft,resnet50,caltech256,100,2,fullft,155,0.842105
resnet50_caltech256_f100_s2_fullft,resnet50,caltech256,100,2,fullft,156,0.904762
resnet50_caltech256_f100_s2_fullft,resnet50,caltech256,100,2,fullft,157,0.966667
resnet50_caltech256_f100_s2_fullft,resnet50,caltech256,100,2,fullft,158,0.666667
resnet50_caltech256_f100_s2_fullft,resnet50,caltech256,100,2,fullft,159,0.764706
resnet50_caltech256_f100_s2_fullft,resnet50,caltech256,100,2,fullft,160,0.952381
resnet50_caltech256_f100_s2_fullft,resnet50,caltech256,100,2,fullft,161,0.722222
resnet50_caltech256_f100_s2_fullft,resnet50,caltech256,100,2,fullft,162,0.5
resnet50_caltech256_f100_s2_fullft,resnet50,caltech256,100,2,fullft,163,1.0
resnet50_caltech256_f100_s2_fullft,resnet50,caltech256,100,2,fullft,164,0.888889
resnet50_caltech256_f100_s2_fullft,resnet50,caltech256,100,2,fullft,165,1.0
resnet50_caltech256_f100_s2_fullft,resnet50,caltech256,100,2,fullft,166,0.823529
resnet50_caltech256_f100_s2_fullft,resnet50,caltech256,100,2,fullft,167,0.964286
resnet50_caltech256_f100_s2_fullft,resnet50,caltech256,100,2,fullft,168,0.888889
resnet50_caltech256_f100_s2_fullft,resnet50,caltech256,100,2,fullft,169,0.9
resnet50_caltech256_f100_s2_fullft,resnet50,caltech256,100,2,fullft,170,0.647059
resnet50_caltech256_f100_s2_fullft,resnet50,caltech256,100,2,fullft,171,0.9
resnet50_caltech256_f100_s2_fullft,resnet50,caltech256,100,2,fullft,172,0.619048
resnet50_caltech256_f100_s2_fullft,resnet50,caltech256,100,2,fullft,173,0.941176
resnet50_caltech256_f100_s2_fullft,resnet50,caltech256,100,2,fullft,174,1.0
resnet50_caltech256_f100_s2_fullft,resnet50,caltech256,100,2,fullft,175,0.954545
resnet50_caltech256_f100_s2_fullft,resnet50,caltech256,100,2,fullft,176,1.0
resnet50_caltech256_f100_s2_fullft,resnet50,caltech256,100,2,fullft,177,1.0
resnet50_caltech256_f100_s2_fullft,resnet50,caltech256,100,2,fullft,178,1.0
resnet50_caltech256_f100_s2_fullft,resnet50,caltech256,100,2,fullft,179,0.65
resnet50_caltech256_f100_s2_fullft,resnet50,caltech256,100,2,fullft,180,0.85
resnet50_caltech256_f100_s2_fullft,resnet50,caltech256,100,2,fullft,181,1.0
resnet50_caltech256_f100_s2_fullft,resnet50,caltech256,100,2,fullft,182,1.0
resnet50_caltech256_f100_s2_fullft,resnet50,caltech256,100,2,fullft,183,1.0
resnet50_caltech256_f100_s2_fullft,resnet50,caltech256,100,2,fullft,184,0.52381
resnet50_caltech256_f100_s2_fullft,resnet50,caltech256,100,2,fullft,185,1.0
resnet50_caltech256_f100_s2_fullft,resnet50,caltech256,100,2,fullft,186,1.0
resnet50_caltech256_f100_s2_fullft,resnet50,caltech256,100,2,fullft,187,0.888889
resnet50_caltech256_f100_s2_fullft,resnet50,caltech256,100,2,fullft,188,0.833333
resnet50_caltech256_f100_s2_fullft,resnet50,caltech256,100,2,fullft,189,0.909091
resnet50_caltech256_f100_s2_fullft,resnet50,caltech256,100,2,fullft,190,0.545455
resnet50_caltech256_f100_s2_fullft,resnet50,caltech256,100,2,fullft,191,0.954545
resnet50_caltech256_f100_s2_fullft,resnet50,caltech256,100,2,fullft,192,0.857143
resnet50_caltech256_f100_s2_fullft,resnet50,caltech256,100,2,fullft,193,1.0
resnet50_caltech256_f100_s2_fullft,resnet50,caltech256,100,2,fullft,194,0.588235
resnet50_caltech256_f100_s2_fullft,resnet50,caltech256,100,2,fullft,195,0.857143
resnet50_caltech256_f100_s2_fullft,resnet50,caltech256,100,2,fullft,196,0.8
resnet50_caltech256_f100_s2_fullft,resnet50,caltech256,100,2,fullft,197,0.863636
resnet50_caltech256_f100_s2_fullft,resnet50,caltech256,100,2,fullft,198,0.619048
resnet50_caltech256_f100_s2_fullft,resnet50,caltech256,100,2,fullft,199,0.85
resnet50_caltech256_f100_s2_fullft,resnet50,caltech256,100,2,fullft,200,1.0
resnet50_caltech256_f100_s2_fullft,resnet50,caltech256,100,2,fullft,201,0.736842
resnet50_caltech256_f100_s2_fullft,resnet50,caltech256,100,2,fullft,202,0.833333
resnet50_caltech256_f100_s2_fullft,resnet50,caltech256,100,2,fullft,203,1.0
resnet50_caltech256_f100_s2_fullft,resnet50,caltech256,100,2,fullft,204,0.882353
resnet50_caltech256_f100_s2_fullft,resnet50,caltech256,100,2,fullft,205,0.75
resnet50_caltech256_f100_s2_fullft,resnet50,caltech256,100,2,fullft,206,0.956522
resnet50_caltech256_f100_s2_fullft,resnet50,caltech256,100,2,fullft,207,0.954545
resnet50_caltech256_f100_s2_fullft,resnet50,caltech256,100,2,fullft,208,0.7
resnet50_caltech256_f100_s2_fullft,resnet50,caltech256,100,2,fullft,209,0.863636
resnet50_caltech256_f100_s2_fullft,resnet50,caltech256,100,2,fullft,210,0.736842
resnet50_caltech256_f100_s2_fullft,resnet50,caltech256,100,2,fullft,211,0.925926
resnet50_caltech256_f100_s2_fullft,resnet50,caltech256,100,2,fullft,212,0.95
resnet50_caltech256_f100_s2_fullft,resnet50,caltech256,100,2,fullft,213,0.964286
resnet50_caltech256_f100_s2_fullft,resnet50,caltech256,100,2,fullft,214,0.882353
resnet50_caltech256_f100_s2_fullft,resnet50,caltech256,100,2,fullft,215,0.95
resnet50_caltech256_f100_s2_fullft,resnet50,caltech256,100,2,fullft,216,0.904762
resnet50_caltech256_f100_s2_fullft,resnet50,caltech256,100,2,fullft,217,0.9375
resnet50_caltech256_f100_s2_fullft,resnet50,caltech256,100,2,fullft,218,0.705882
resnet50_caltech256_f100_s2_fullft,resnet50,caltech256,100,2,fullft,219,0.842105
resnet50_caltech256_f100_s2_fullft,resnet50,caltech256,100,2,fullft,220,1.0
resnet50_caltech256_f100_s2_fullft,resnet50,caltech256,100,2,fullft,221,0.666667
resnet50_caltech256_f100_s2_fullft,resnet50,caltech256,100,2,fullft,222,0.6875
resnet50_caltech256_f100_s2_fullft,resnet50,caltech256,100,2,fullft,223,0.909091
resnet50_caltech256_f100_s2_fullft,resnet50,caltech256,100,2,fullft,224,0.944444
resnet50_caltech256_f100_s2_fullft,resnet50,caltech256,100,2,fullft,225,0.8
resnet50_caltech256_f100_s2_fullft,resnet50,caltech256,100,2,fullft,226,0.931034
resnet50_caltech256_f100_s2_fullft,resnet50,caltech256,100,2,fullft,227,0.894737
resnet50_caltech256_f100_s2_fullft,resnet50,caltech256,100,2,fullft,228,0.842105
resnet50_caltech256_f100_s2_fullft,resnet50,caltech256,100,2,fullft,229,1.0
resnet50_caltech256_f100_s2_fullft,resnet50,caltech256,100,2,fullft,230,0.772727
resnet50_caltech256_f100_s2_fullft,resnet50,caltech256,100,2,fullft,231,0.944444
resnet50_caltech256_f100_s2_fullft,resnet50,caltech256,100,2,fullft,232,0.7
resnet50_caltech256_f100_s2_fullft,resnet50,caltech256,100,2,fullft,233,0.833333
resnet50_caltech256_f100_s2_fullft,resnet50,caltech256,100,2,fullft,234,0.956522
resnet50_caltech256_f100_s2_fullft,resnet50,caltech256,100,2,fullft,235,0.842105
resnet50_caltech256_f100_s2_fullft,resnet50,caltech256,100,2,fullft,236,0.888889
resnet50_caltech256_f100_s2_fullft,resnet50,caltech256,100,2,fullft,237,0.947368
resnet50_caltech256_f100_s2_fullft,resnet50,caltech256,100,2,fullft,238,0.882353
resnet50_caltech256_f100_s2_fullft,resnet50,caltech256,100,2,fullft,239,0.95
resnet50_caltech256_f100_s2_fullft,resnet50,caltech256,100,2,fullft,240,0.842105
resnet50_caltech256_f100_s2_fullft,resnet50,caltech256,100,2,fullft,241,0.947368
resnet50_caltech256_f100_s2_fullft,resnet50,caltech256,100,2,fullft,242,0.833333
resnet50_caltech256_f100_s2_fullft,resnet50,caltech256,100,2,fullft,243,0.777778
resnet50_caltech256_f100_s2_fullft,resnet50,caltech256,100,2,fullft,244,0.833333
resnet50_caltech256_f100_s2_fullft,resnet50,caltech256,100,2,fullft,245,0.9
resnet50_caltech256_f100_s2_fullft,resnet50,caltech256,100,2,fullft,246,0.888889
resnet50_caltech256_f100_s2_fullft,resnet50,caltech256,100,2,fullft,247,0.882353
resnet50_caltech256_f100_s2_fullft,resnet50,caltech256,100,2,fullft,248,0.65
resnet50_caltech256_f100_s2_fullft,resnet50,caltech256,100,2,fullft,249,1.0
resnet50_caltech256_f100_s2_fullft,resnet50,caltech256,100,2,fullft,250,0.9875
resnet50_caltech256_f100_s2_fullft,resnet50,caltech256,100,2,fullft,251,1.0
resnet50_caltech256_f100_s2_fullft,resnet50,caltech256,100,2,fullft,252,1.0
resnet50_caltech256_f100_s2_fullft,resnet50,caltech256,100,2,fullft,253,0.842105
resnet50_caltech256_f100_s2_fullft,resnet50,caltech256,100,2,fullft,254,0.666667
resnet50_caltech256_f100_s2_fullft,resnet50,caltech256,100,2,fullft,255,0.954545
resnet50_caltech256_f100_s2_linprobe,resnet50,caltech256,100,2,linprobe,0,0.9
resnet50_caltech256_f100_s2_linprobe,resnet50,caltech256,100,2,linprobe,1,0.842105
resnet50_caltech256_f100_s2_linprobe,resnet50,caltech256,100,2,linprobe,2,0.966667
resnet50_caltech256_f100_s2_linprobe,resnet50,caltech256,100,2,linprobe,3,0.6
resnet50_caltech256_f100_s2_linprobe,resnet50,caltech256,100,2,linprobe,4,0.966667
resnet50_caltech256_f100_s2_linprobe,resnet50,caltech256,100,2,linprobe,5,0.777778
resnet50_caltech256_f100_s2_linprobe,resnet50,caltech256,100,2,linprobe,6,0.857143
resnet50_caltech256_f100_s2_linprobe,resnet50,caltech256,100,2,linprobe,7,0.913043
resnet50_caltech256_f100_s2_linprobe,resnet50,caltech256,100,2,linprobe,8,0.9
resnet50_caltech256_f100_s2_linprobe,resnet50,caltech256,100,2,linprobe,9,0.842105
resnet50_caltech256_f100_s2_linprobe,resnet50,caltech256,100,2,linprobe,10,0.946429
resnet50_caltech256_f100_s2_linprobe,resnet50,caltech256,100,2,linprobe,11,0.953488
resnet50_caltech256_f100_s2_linprobe,resnet50,caltech256,100,2,linprobe,12,0.75
resnet50_caltech256_f100_s2_linprobe,resnet50,caltech256,100,2,linprobe,13,0.941176
resnet50_caltech256_f100_s2_linprobe,resnet50,caltech256,100,2,linprobe,14,1.0
resnet50_caltech256_f100_s2_linprobe,resnet50,caltech256,100,2,linprobe,15,0.833333
resnet50_caltech256_f100_s2_linprobe,resnet50,caltech256,100,2,linprobe,16,0.428571
resnet50_caltech256_f100_s2_linprobe,resnet50,caltech256,100,2,linprobe,17,0.65
resnet50_caltech256_f100_s2_linprobe,resnet50,caltech256,100,2,linprobe,18,0.88
resnet50_caltech256_f100_s2_linprobe,resnet50,caltech256,100,2,linprobe,19,1.0
resnet50_caltech256_f100_s2_linprobe,resnet50,caltech256,100,2,linprobe,20,0.928571
resnet50_caltech256_f100_s2_linprobe,resnet50,caltech256,100,2,linprobe,21,1.0
resnet50_caltech256_f100_s2_linprobe,resnet50,caltech256,100,2,linprobe,22,0.863636
resnet50_caltech256_f100_s2_linprobe,resnet50,caltech256,100,2,linprobe,23,0.954545
resnet50_caltech256_f100_s2_linprobe,resnet50,caltech256,100,2,linprobe,24,0.956522
resnet50_caltech256_f100_s2_linprobe,resnet50,caltech256,100,2,linprobe,25,0.666667
resnet50_caltech256_f100_s2_linprobe,resnet50,caltech256,100,2,linprobe,26,0.9
resnet50_caltech256_f100_s2_linprobe,resnet50,caltech256,100,2,linprobe,27,0.909091
resnet50_caltech256_f100_s2_linprobe,resnet50,caltech256,100,2,linprobe,28,1.0
resnet50_caltech256_f100_s2_linprobe,resnet50,caltech256,100,2,linprobe,29,0.666667
resnet50_caltech256_f100_s2_linprobe,resnet50,caltech256,100,2,linprobe,30,0.777778
resnet50_caltech256_f100_s2_linprobe,resnet50,caltech256,100,2,linprobe,31,0.8
resnet50_caltech256_f100_s2_linprobe,resnet50,caltech256,100,2,linprobe,32,0.8
resnet50_caltech256_f100_s2_linprobe,resnet50,caltech256,100,2,linprobe,33,0.95
resnet50_caltech256_f100_s2_linprobe,resnet50,caltech256,100,2,linprobe,34,0.882353
resnet50_caltech256_f100_s2_linprobe,resnet50,caltech256,100,2,linprobe,35,0.952381
resnet50_caltech256_f100_s2_linprobe,resnet50,caltech256,100,2,linprobe,36,1.0
resnet50_caltech256_f100_s2_linprobe,resnet50,caltech256,100,2,linprobe,37,0.818182
resnet50_caltech256_f100_s2_linprobe,resnet50,caltech256,100,2,linprobe,38,0.647059
resnet50_caltech256_f100_s2_linprobe,resnet50,caltech256,100,2,linprobe,39,0.92
resnet50_caltech256_f100_s2_linprobe,resnet50,caltech256,100,2,linprobe,40,0.941176
resnet50_caltech256_f100_s2_linprobe,resnet50,caltech256,100,2,linprobe,41,0.529412
resnet50_caltech256_f100_s2_linprobe,resnet50,caltech256,100,2,linprobe,42,0.84
resnet50_caltech256_f100_s2_linprobe,resnet50,caltech256,100,2,linprobe,43,0.791667
resnet50_caltech256_f100_s2_linprobe,resnet50,caltech256,100,2,linprobe,44,0.941176
resnet50_caltech256_f100_s2_linprobe,resnet50,caltech256,100,2,linprobe,45,0.962963
resnet50_caltech256_f100_s2_linprobe,resnet50,caltech256,100,2,linprobe,46,0.842105
resnet50_caltech256_f100_s2_linprobe,resnet50,caltech256,100,2,linprobe,47,0.952381
resnet50_caltech256_f100_s2_linprobe,resnet50,caltech256,100,2,linprobe,48,1.0
resnet50_caltech256_f100_s2_linprobe,resnet50,caltech256,100,2,linprobe,49,0.736842
resnet50_caltech256_f100_s2_linprobe,resnet50,caltech256,100,2,linprobe,50,0.782609
resnet50_caltech256_f100_s2_linprobe,resnet50,caltech256,100,2,linprobe,51,0.882353
resnet50_caltech256_f100_s2_linprobe,resnet50,caltech256,100,2,linprobe,52,0.9375
resnet50_caltech256_f100_s2_linprobe,resnet50,caltech256,100,2,linprobe,53,0.958333
resnet50_caltech256_f100_s2_linprobe,resnet50,caltech256,100,2,linprobe,54,0.75
resnet50_caltech256_f100_s2_linprobe,resnet50,caltech256,100,2,linprobe,55,0.85
resnet50_caltech256_f100_s2_linprobe,resnet50,caltech256,100,2,linprobe,56,0.809524
resnet50_caltech256_f100_s2_linprobe,resnet50,caltech256,100,2,linprobe,57,0.842105
resnet50_caltech256_f100_s2_linprobe,resnet50,caltech256,100,2,linprobe,58,0.588235
resnet50_caltech256_f100_s2_linprobe,resnet50,caltech256,100,2,linprobe,59,0.647059
resnet50_caltech256_f100_s2_linprobe,resnet50,caltech256,100,2,linprobe,60,0.85
resnet50_caltech256_f100_s2_linprobe,resnet50,caltech256,100,2,linprobe,61,0.941176
resnet50_caltech256_f100_s2_linprobe,resnet50,caltech256,100,2,linprobe,62,0.958333
resnet50_caltech256_f100_s2_linprobe,resnet50,caltech256,100,2,linprobe,63,0.961538
resnet50_caltech256_f100_s2_linprobe,resnet50,caltech256,100,2,linprobe,64,0.85
resnet50_caltech256_f100_s2_linprobe,resnet50,caltech256,100,2,linprobe,65,0.882353
resnet50_caltech256_f100_s2_linprobe,resnet50,caltech256,100,2,linprobe,66,0.882353
resnet50_caltech256_f100_s2_linprobe,resnet50,caltech256,100,2,linprobe,67,0.909091
resnet50_caltech256_f100_s2_linprobe,resnet50,caltech256,100,2,linprobe,68,0.75
resnet50_caltech256_f100_s2_linprobe,resnet50,caltech256,100,2,linprobe,69,0.588235
resnet50_caltech256_f100_s2_linprobe,resnet50,caltech256,100,2,linprobe,70,0.85
resnet50_caltech256_f100_s2_linprobe,resnet50,caltech256,100,2,linprobe,71,1.0
resnet50_caltech256_f100_s2_linprobe,resnet50,caltech256,100,2,linprobe,72,1.0
resnet50_caltech256_f100_s2_linprobe,resnet50,caltech256,100,2,linprobe,73,0.652174
resnet50_caltech256_f100_s2_linprobe,resnet50,caltech256,100,2,linprobe,74,0.647059
resnet50_caltech256_f100_s2_linprobe,resnet50,caltech256,100,2,linprobe,75,1.0
resnet50_caltech256_f100_s2_linprobe,resnet50,caltech256,100,2,linprobe,76,1.0
resnet50_caltech256_f100_s2_linprobe,resnet50,caltech256,100,2,linprobe,77,0.888889
resnet50_caltech256_f100_s2_linprobe,resnet50,caltech256,100,2,linprobe,78,0.75
resnet50_caltech256_f100_s2_linprobe,resnet50,caltech256,100,2,linprobe,79,0.869565
resnet50_caltech256_f100_s2_linprobe,resnet50,caltech256,100,2,linprobe,80,0.947368
resnet50_caltech256_f100_s2_linprobe,resnet50,caltech256,100,2,linprobe,81,0.9375
resnet50_caltech256_f100_s2_linprobe,resnet50,caltech256,100,2,linprobe,82,0.894737
resnet50_caltech256_f100_s2_linprobe,resnet50,caltech256,100,2,linprobe,83,0.882353
resnet50_caltech256_f100_s2_linprobe,resnet50,caltech256,100,2,linprobe,84,0.954545
resnet50_caltech256_f100_s2_linprobe,resnet50,caltech256,100,2,linprobe,85,0.9375
resnet50_caltech256_f100_s2_linprobe,resnet50,caltech256,100,2,linprobe,86,0.894737
resnet50_caltech256_f100_s2_linprobe,resnet50,caltech256,100,2,linprobe,87,1.0
resnet50_caltech256_f100_s2_linprobe,resnet50,caltech256,100,2,linprobe,88,0.863636
resnet50_caltech256_f100_s2_linprobe,resnet50,caltech256,100,2,linprobe,89,0.952381
resnet50_caltech256_f100_s2_linprobe,resnet50,caltech256,100,2,linprobe,90,0.894737
resnet50_caltech256_f100_s2_linprobe,resnet50,caltech256,100,2,linprobe,91,0.85
resnet50_caltech256_f100_s2_linprobe,resnet50,caltech256,100,2,linprobe,92,0.954545
resnet50_caltech256_f100_s2_linprobe,resnet50,caltech256,100,2,linprobe,93,0.952381
resnet50_caltech256_f100_s2_linprobe,resnet50,caltech256,100,2,linprobe,94,0.764706
resnet50_caltech256_f100_s2_linprobe,resnet50,caltech256,100,2,linprobe,95,0.929825
resnet50_caltech256_f100_s2_linprobe,resnet50,caltech256,100,2,linprobe,96,0.722222
resnet50_caltech256_f100_s2_linprobe,resnet50,caltech256,100,2,linprobe,97,0.9
resnet50_caltech256_f100_s2_linprobe,resnet50,caltech256,100,2,linprobe,98,1.0
resnet50_caltech256_f100_s2_linprobe,resnet50,caltech256,100,2,linprobe,99,1.0
resnet50_caltech256_f100_s2_linprobe,resnet50,caltech256,100,2,linprobe,100,0.964286
resnet50_caltech256_f100_s2_linprobe,resnet50,caltech256,100,2,linprobe,101,0.888889
resnet50_caltech256_f100_s2_linprobe,resnet50,caltech256,100,2,linprobe,102,1.0
resnet50_caltech256_f100_s2_linprobe,resnet50,caltech256,100,2,linprobe,103,0.789474
resnet50_caltech256_f100_s2_linprobe,resnet50,caltech256,100,2,linprobe,104,0.944444
resnet50_caltech256_f100_s2_linprobe,resnet50,caltech256,100,2,linprobe,105,0.705882
resnet50_caltech256_f100_s2_linprobe,resnet50,caltech256,100,2,linprobe,106,1.0
resnet50_caltech256_f100_s2_linprobe,resnet50,caltech256,100,2,linprobe,107,0.764706
resnet50_caltech256_f100_s2_linprobe,resnet50,caltech256,100,2,linprobe,108,0.935484
resnet50_caltech256_f100_s2_linprobe,resnet50,caltech256,100,2,linprobe,109,0.882353
resnet50_caltech256_f100_s2_linprobe,resnet50,caltech256,100,2,linprobe,110,1.0
resnet50_caltech256_f100_s2_linprobe,resnet50,caltech256,100,2,linprobe,111,0.882353
resnet50_caltech256_f100_s2_linprobe,resnet50,caltech256,100,2,linprobe,112,0.913043
resnet50_caltech256_f100_s2_linprobe,resnet50,caltech256,100,2,linprobe,113,0.958333
resnet50_caltech256_f100_s2_linprobe,resnet50,caltech256,100,2,linprobe,114,0.777778
resnet50_caltech256_f100_s2_linprobe,resnet50,caltech256,100,2,linprobe,115,0.952381
resnet50_caltech256_f100_s2_linprobe,resnet50,caltech256,100,2,linprobe,116,0.875
resnet50_caltech256_f100_s2_linprobe,resnet50,caltech256,100,2,linprobe,117,0.909091
resnet50_caltech256_f100_s2_linprobe,resnet50,caltech256,100,2,linprobe,118,0.823529
resnet50_caltech256_f100_s2_linprobe,resnet50,caltech256,100,2,linprobe,119,0.846154
resnet50_caltech256_f100_s2_linprobe,resnet50,caltech256,100,2,linprobe,120,1.0
resnet50_caltech256_f100_s2_linprobe,resnet50,caltech256,100,2,linprobe,121,0.761905
resnet50_caltech256_f100_s2_linprobe,resnet50,caltech256,100,2,linprobe,122,1.0
resnet50_caltech256_f100_s2_linprobe,resnet50,caltech256,100,2,linprobe,123,0.888889
resnet50_caltech256_f100_s2_linprobe,resnet50,caltech256,100,2,linprobe,124,0.85
resnet50_caltech256_f100_s2_linprobe,resnet50,caltech256,100,2,linprobe,125,0.645833
resnet50_caltech256_f100_s2_linprobe,resnet50,caltech256,100,2,linprobe,126,0.884615
resnet50_caltech256_f100_s2_linprobe,resnet50,caltech256,100,2,linprobe,127,0.809524
resnet50_caltech256_f100_s2_linprobe,resnet50,caltech256,100,2,linprobe,128,1.0
resnet50_caltech256_f100_s2_linprobe,resnet50,caltech256,100,2,linprobe,129,1.0
resnet50_caltech256_f100_s2_linprobe,resnet50,caltech256,100,2,linprobe,130,0.944444
resnet50_caltech256_f100_s2_linprobe,resnet50,caltech256,100,2,linprobe,131,0.894737
resnet50_caltech256_f100_s2_linprobe,resnet50,caltech256,100,2,linprobe,132,0.888889
resnet50_caltech256_f100_s2_linprobe,resnet50,caltech256,100,2,linprobe,133,0.958333
resnet50_caltech256_f100_s2_linprobe,resnet50,caltech256,100,2,linprobe,134,0.789474
resnet50_caltech256_f100_s2_linprobe,resnet50,caltech256,100,2,linprobe,135,0.894737
resnet50_caltech256_f100_s2_linprobe,resnet50,caltech256,100,2,linprobe,136,0.935484
resnet50_caltech256_f100_s2_linprobe,resnet50,caltech256,100,2,linprobe,137,0.921053
resnet50_caltech256_f100_s2_linprobe,resnet50,caltech256,100,2,linprobe,138,0.882353
resnet50_caltech256_f100_s2_linprobe,resnet50,caltech256,100,2,linprobe,139,0.888889
resnet50_caltech256_f100_s2_linprobe,resnet50,caltech256,100,2,linprobe,140,1.0
resnet50_caltech256_f100_s2_linprobe,resnet50,caltech256,100,2,linprobe,141,0.952381
resnet50_caltech256_f100_s2_linprobe,resnet50,caltech256,100,2,linprobe,142,0.923077
resnet50_caltech256_f100_s2_linprobe,resnet50,caltech256,100,2,linprobe,143,0.625
resnet50_caltech256_f100_s2_linprobe,resnet50,caltech256,100,2,linprobe,144,1.0
resnet50_caltech256_f100_s2_linprobe,resnet50,caltech256,100,2,linprobe,145,0.6875
resnet50_caltech256_f100_s2_linprobe,resnet50,caltech256,100,2,linprobe,146,0.875
resnet50_caltech256_f100_s2_linprobe,resnet50,caltech256,100,2,linprobe,147,0.8
resnet50_caltech256_f100_s2_linprobe,resnet50,caltech256,100,2,linprobe,148,0.952381
resnet50_caltech256_f100_s2_linprobe,resnet50,caltech256,100,2,linprobe,149,1.0
resnet50_caltech256_f100_s2_linprobe,resnet50,caltech256,100,2,linprobe,150,0.954545
resnet50_caltech256_f100_s2_linprobe,resnet50,caltech256,100,2,linprobe,151,1.0
resnet50_caltech256_f100_s2_linprobe,resnet50,caltech256,100,2,linprobe,152,0.947368
resnet50_caltech256_f100_s2_linprobe,resnet50,caltech256,100,2,linprobe,153,0.857143
resnet50_caltech256_f100_s2_linprobe,resnet50,caltech256,100,2,linprobe,154,0.5
resnet50_caltech256_f100_s2_linprobe,resnet50,caltech256,100,2,linprobe,155,0.842105
resnet50_caltech256_f100_s2_linprobe,resnet50,caltech256,100,2,linprobe,156,0.904762
resnet50_caltech256_f100_s2_linprobe,resnet50,caltech256,100,2,linprobe,157,0.9
resnet50_caltech256_f100_s2_linprobe,resnet50,caltech256,100,2,linprobe,158,0.642857
resnet50_caltech256_f100_s2_linprobe,resnet50,caltech256,100,2,linprobe,159,0.882353
resnet50_caltech256_f100_s2_linprobe,resnet50,caltech256,100,2,linprobe,160,0.904762
resnet50_caltech256_f100_s2_linprobe,resnet50,caltech256,100,2,linprobe,161,0.555556
resnet50_caltech256_f100_s2_linprobe,resnet50,caltech256,100,2,linprobe,162,0.555556
resnet50_caltech256_f100_s2_linprobe,resnet50,caltech256,100,2,linprobe,163,0.95
resnet50_caltech256_f100_s2_linprobe,resnet50,caltech256,100,2,linprobe,164,0.777778
resnet50_caltech256_f100_s2_linprobe,resnet50,caltech256,100,2,linprobe,165,0.944444
resnet50_caltech256_f100_s2_linprobe,resnet50,caltech256,100,2,linprobe,166,0.882353
resnet50_caltech256_f100_s2_linprobe,resnet50,caltech256,100,2,linprobe,167,0.964286
resnet50_caltech256_f100_s2_linprobe,resnet50,caltech256,100,2,linprobe,168,1.0
resnet50_caltech256_f100_s2_linprobe,resnet50,caltech256,100,2,linprobe,169,0.9
resnet50_caltech256_f100_s2_linprobe,resnet50,caltech256,100,2,linprobe,170,0.764706
resnet50_caltech256_f100_s2_linprobe,resnet50,caltech256,100,2,linprobe,171,0.95
resnet50_caltech256_f100_s2_linprobe,resnet50,caltech256,100,2,linprobe,172,0.761905
resnet50_caltech256_f100_s2_linprobe,resnet50,caltech256,100,2,linprobe,173,0.882353
resnet50_caltech256_f100_s2_linprobe,resnet50,caltech256,100,2,linprobe,174,0.882353
resnet50_caltech256_f100_s2_linprobe,resnet50,caltech256,100,2,linprobe,175,0.909091
resnet50_caltech256_f100_s2_linprobe,resnet50,caltech256,100,2,linprobe,176,1.0
resnet50_caltech256_f100_s2_linprobe,resnet50,caltech256,100,2,linprobe,177,1.0
resnet50_caltech256_f100_s2_linprobe,resnet50,caltech256,100,2,linprobe,178,0.875
resnet50_caltech256_f100_s2_linprobe,resnet50,caltech256,100,2,linprobe,179,0.7
resnet50_caltech256_f100_s2_linprobe,resnet50,caltech256,100,2,linprobe,180,0.9
resnet50_caltech256_f100_s2_linprobe,resnet50,caltech256,100,2,linprobe,181,1.0
resnet50_caltech256_f100_s2_linprobe,resnet50,caltech256,100,2,linprobe,182,0.95
resnet50_caltech256_f100_s2_linprobe,resnet50,caltech256,100,2,linprobe,183,1.0
resnet50_caltech256_f100_s2_linprobe,resnet50,caltech256,100,2,linprobe,184,0.52381
resnet50_caltech256_f100_s2_linprobe,resnet50,caltech256,100,2,linprobe,185,1.0
resnet50_caltech256_f100_s2_linprobe,resnet50,caltech256,100,2,linprobe,186,1.0
resnet50_caltech256_f100_s2_linprobe,resnet50,caltech256,100,2,linprobe,187,0.777778
resnet50_caltech256_f100_s2_linprobe,resnet50,caltech256,100,2,linprobe,188,0.833333
resnet50_caltech256_f100_s2_linprobe,resnet50,caltech256,100,2,linprobe,189,0.863636
resnet50_caltech256_f100_s2_linprobe,resnet50,caltech256,100,2,linprobe,190,0.590909
resnet50_caltech256_f100_s2_linprobe,resnet50,caltech256,100,2,linprobe,191,0.954545
resnet50_caltech256_f100_s2_linprobe,resnet50,caltech256,100,2,linprobe,192,0.771429
resnet50_caltech256_f100_s2_linprobe,resnet50,caltech256,100,2,linprobe,193,1.0
resnet50_caltech256_f100_s2_linprobe,resnet50,caltech256,100,2,linprobe,194,0.529412
resnet50_caltech256_f100_s2_linprobe,resnet50,caltech256,100,2,linprobe,195,0.904762
resnet50_caltech256_f100_s2_linprobe,resnet50,caltech256,100,2,linprobe,196,0.75
resnet50_caltech256_f100_s2_linprobe,resnet50,caltech256,100,2,linprobe,197,0.863636
resnet50_caltech256_f100_s2_linprobe,resnet50,caltech256,100,2,linprobe,198,0.619048
resnet50_caltech256_f100_s2_linprobe,resnet50,caltech256,100,2,linprobe,199,0.75
resnet50_caltech256_f100_s2_linprobe,resnet50,caltech256,100,2,linprobe,200,1.0
resnet50_caltech256_f100_s2_linprobe,resnet50,caltech256,100,2,linprobe,201,0.789474
resnet50_caltech256_f100_s2_linprobe,resnet50,caltech256,100,2,linprobe,202,0.722222
resnet50_caltech256_f100_s2_linprobe,resnet50,caltech256,100,2,linprobe,203,1.0
resnet50_caltech256_f100_s2_linprobe,resnet50,caltech256,100,2,linprobe,204,0.882353
resnet50_caltech256_f100_s2_linprobe,resnet50,caltech256,100,2,linprobe,205,0.7
resnet50_caltech256_f100_s2_linprobe,resnet50,caltech256,100,2,linprobe,206,1.0
resnet50_caltech256_f100_s2_linprobe,resnet50,caltech256,100,2,linprobe,207,0.954545
resnet50_caltech256_f100_s2_linprobe,resnet50,caltech256,100,2,linprobe,208,0.7
resnet50_caltech256_f100_s2_linprobe,resnet50,caltech256,100,2,linprobe,209,0.954545
resnet50_caltech256_f100_s2_linprobe,resnet50,caltech256,100,2,linprobe,210,0.736842
resnet50_caltech256_f100_s2_linprobe,resnet50,caltech256,100,2,linprobe,211,0.925926
resnet50_caltech256_f100_s2_linprobe,resnet50,caltech256,100,2,linprobe,212,0.95
resnet50_caltech256_f100_s2_linprobe,resnet50,caltech256,100,2,linprobe,213,0.892857
resnet50_caltech256_f100_s2_linprobe,resnet50,caltech256,100,2,linprobe,214,0.941176
resnet50_caltech256_f100_s2_linprobe,resnet50,caltech256,100,2,linprobe,215,1.0
resnet50_caltech256_f100_s2_linprobe,resnet50,caltech256,100,2,linprobe,216,0.952381
resnet50_caltech256_f100_s2_linprobe,resnet50,caltech256,100,2,linprobe,217,0.9375
resnet50_caltech256_f100_s2_linprobe,resnet50,caltech256,100,2,linprobe,218,0.823529
resnet50_caltech256_f100_s2_linprobe,resnet50,caltech256,100,2,linprobe,219,0.842105
resnet50_caltech256_f100_s2_linprobe,resnet50,caltech256,100,2,linprobe,220,0.857143
resnet50_caltech256_f100_s2_linprobe,resnet50,caltech256,100,2,linprobe,221,0.833333
resnet50_caltech256_f100_s2_linprobe,resnet50,caltech256,100,2,linprobe,222,0.6875
resnet50_caltech256_f100_s2_linprobe,resnet50,caltech256,100,2,linprobe,223,0.727273
resnet50_caltech256_f100_s2_linprobe,resnet50,caltech256,100,2,linprobe,224,1.0
resnet50_caltech256_f100_s2_linprobe,resnet50,caltech256,100,2,linprobe,225,0.8
resnet50_caltech256_f100_s2_linprobe,resnet50,caltech256,100,2,linprobe,226,0.931034
resnet50_caltech256_f100_s2_linprobe,resnet50,caltech256,100,2,linprobe,227,0.894737
resnet50_caltech256_f100_s2_linprobe,resnet50,caltech256,100,2,linprobe,228,0.789474
resnet50_caltech256_f100_s2_linprobe,resnet50,caltech256,100,2,linprobe,229,1.0
resnet50_caltech256_f100_s2_linprobe,resnet50,caltech256,100,2,linprobe,230,0.818182
resnet50_caltech256_f100_s2_linprobe,resnet50,caltech256,100,2,linprobe,231,0.944444
resnet50_caltech256_f100_s2_linprobe,resnet50,caltech256,100,2,linprobe,232,0.8
resnet50_caltech256_f100_s2_linprobe,resnet50,caltech256,100,2,linprobe,233,0.833333
resnet50_caltech256_f100_s2_linprobe,resnet50,caltech256,100,2,linprobe,234,0.913043
resnet50_caltech256_f100_s2_linprobe,resnet50,caltech256,100,2,linprobe,235,0.789474
resnet50_caltech256_f100_s2_linprobe,resnet50,caltech256,100,2,linprobe,236,0.888889
resnet50_caltech256_f100_s2_linprobe,resnet50,caltech256,100,2,linprobe,237,1.0
resnet50_caltech256_f100_s2_linprobe,resnet50,caltech256,100,2,linprobe,238,0.882353
resnet50_caltech256_f100_s2_linprobe,resnet50,caltech256,100,2,linprobe,239,0.95
resnet50_caltech256_f100_s2_linprobe,resnet50,caltech256,100,2,linprobe,240,0.947368
resnet50_caltech256_f100_s2_linprobe,resnet50,caltech256,100,2,linprobe,241,0.894737
resnet50_caltech256_f100_s2_linprobe,resnet50,caltech256,100,2,linprobe,242,0.888889
resnet50_caltech256_f100_s2_linprobe,resnet50,caltech256,100,2,linprobe,243,0.777778
resnet50_caltech256_f100_s2_linprobe,resnet50,caltech256,100,2,linprobe,244,0.722222
resnet50_caltech256_f100_s2_linprobe,resnet50,caltech256,100,2,linprobe,245,0.85
resnet50_caltech256_f100_s2_linprobe,resnet50,caltech256,100,2,linprobe,246,0.666667
resnet50_caltech256_f100_s2_linprobe,resnet50,caltech256,100,2,linprobe,247,0.941176
resnet50_caltech256_f100_s2_linprobe,resnet50,caltech256,100,2,linprobe,248,0.55
resnet50_caltech256_f100_s2_linprobe,resnet50,caltech256,100,2,linprobe,249,1.0
resnet50_caltech256_f100_s2_linprobe,resnet50,caltech256,100,2,linprobe,250,0.99375
resnet50_caltech256_f100_s2_linprobe,resnet50,caltech256,100,2,linprobe,251,1.0
resnet50_caltech256_f100_s2_linprobe,resnet50,caltech256,100,2,linprobe,252,1.0
resnet50_caltech256_f100_s2_linprobe,resnet50,caltech256,100,2,linprobe,253,0.947368
resnet50_caltech256_f100_s2_linprobe,resnet50,caltech256,100,2,linprobe,254,0.761905
resnet50_caltech256_f100_s2_linprobe,resnet50,caltech256,100,2,linprobe,255,0.909091
resnet50_caltech256_f10_s0_fullft,resnet50,caltech256,10,0,fullft,0,0.85
resnet50_caltech256_f10_s0_fullft,resnet50,caltech256,10,0,fullft,1,0.736842
resnet50_caltech256_f10_s0_fullft,resnet50,caltech256,10,0,fullft,2,0.8
resnet50_caltech256_f10_s0_fullft,resnet50,caltech256,10,0,fullft,3,0.56
resnet50_caltech256_f10_s0_fullft,resnet50,caltech256,10,0,fullft,4,0.933333
resnet50_caltech256_f10_s0_fullft,resnet50,caltech256,10,0,fullft,5,0.5
resnet50_caltech256_f10_s0_fullft,resnet50,caltech256,10,0,fullft,6,0.666667
resnet50_caltech256_f10_s0_fullft,resnet50,caltech256,10,0,fullft,7,0.782609
resnet50_caltech256_f10_s0_fullft,resnet50,caltech256,10,0,fullft,8,0.8
resnet50_caltech256_f10_s0_fullft,resnet50,caltech256,10,0,fullft,9,0.789474
resnet50_caltech256_f10_s0_fullft,resnet50,caltech256,10,0,fullft,10,0.839286
resnet50_caltech256_f10_s0_fullft,resnet50,caltech256,10,0,fullft,11,0.976744
resnet50_caltech256_f10_s0_fullft,resnet50,caltech256,10,0,fullft,12,0.6
resnet50_caltech256_f10_s0_fullft,resnet50,caltech256,10,0,fullft,13,0.764706
resnet50_caltech256_f10_s0_fullft,resnet50,caltech256,10,0,fullft,14,0.916667
resnet50_caltech256_f10_s0_fullft,resnet50,caltech256,10,0,fullft,15,0.611111
resnet50_caltech256_f10_s0_fullft,resnet50,caltech256,10,0,fullft,16,0.380952
resnet50_caltech256_f10_s0_fullft,resnet50,caltech256,10,0,fullft,17,0.6
resnet50_caltech256_f10_s0_fullft,resnet50,caltech256,10,0,fullft,18,0.64
resnet50_caltech256_f10_s0_fullft,resnet50,caltech256,10,0,fullft,19,0.647059
resnet50_caltech256_f10_s0_fullft,resnet50,caltech256,10,0,fullft,20,0.857143
resnet50_caltech256_f10_s0_fullft,resnet50,caltech256,10,0,fullft,21,0.631579
resnet50_caltech256_f10_s0_fullft,resnet50,caltech256,10,0,fullft,22,0.863636
resnet50_caltech256_f10_s0_fullft,resnet50,caltech256,10,0,fullft,23,0.818182
resnet50_caltech256_f10_s0_fullft,resnet50,caltech256,10,0,fullft,24,0.608696
resnet50_caltech256_f10_s0_fullft,resnet50,caltech256,10,0,fullft,25,0.285714
resnet50_caltech256_f10_s0_fullft,resnet50,caltech256,10,0,fullft,26,0.9
resnet50_caltech256_f10_s0_fullft,resnet50,caltech256,10,0,fullft,27,0.590909
resnet50_caltech256_f10_s0_fullft,resnet50,caltech256,10,0,fullft,28,0.904762
resnet50_caltech256_f10_s0_fullft,resnet50,caltech256,10,0,fullft,29,0.47619
resnet50_caltech256_f10_s0_fullft,resnet50,caltech256,10,0,fullft,30,0.666667
resnet50_caltech256_f10_s0_fullft,resnet50,caltech256,10,0,fullft,31,0.8
resnet50_caltech256_f10_s0_fullft,resnet50,caltech256,10,0,fullft,32,0.7
resnet50_caltech256_f10_s0_fullft,resnet50,caltech256,10,0,fullft,33,0.95
resnet50_caltech256_f10_s0_fullft,resnet50,caltech256,10,0,fullft,34,0.705882
resnet50_caltech256_f10_s0_fullft,resnet50,caltech256,10,0,fullft,35,0.666667
resnet50_caltech256_f10_s0_fullft,resnet50,caltech256,10,0,fullft,36,1.0
resnet50_caltech256_f10_s0_fullft,resnet50,caltech256,10,0,fullft,37,0.681818
resnet50_caltech256_f10_s0_fullft,resnet50,caltech256,10,0,fullft,38,0.294118
resnet50_caltech256_f10_s0_fullft,resnet50,caltech256,10,0,fullft,39,0.88
resnet50_caltech256_f10_s0_fullft,resnet50,caltech256,10,0,fullft,40,0.823529
resnet50_caltech256_f10_s0_fullft,resnet50,caltech256,10,0,fullft,41,0.294118
resnet50_caltech256_f10_s0_fullft,resnet50,caltech256,10,0,fullft,42,0.56
resnet50_caltech256_f10_s0_fullft,resnet50,caltech256,10,0,fullft,43,0.958333
resnet50_caltech256_f10_s0_fullft,resnet50,caltech256,10,0,fullft,44,0.705882
resnet50_caltech256_f10_s0_fullft,resnet50,caltech256,10,0,fullft,45,0.888889
resnet50_caltech256_f10_s0_fullft,resnet50,caltech256,10,0,fullft,46,0.736842
resnet50_caltech256_f10_s0_fullft,resnet50,caltech256,10,0,fullft,47,0.809524
resnet50_caltech256_f10_s0_fullft,resnet50,caltech256,10,0,fullft,48,0.904762
resnet50_caltech256_f10_s0_fullft,resnet50,caltech256,10,0,fullft,49,0.473684
resnet50_caltech256_f10_s0_fullft,resnet50,caltech256,10,0,fullft,50,0.73913
resnet50_caltech256_f10_s0_fullft,resnet50,caltech256,10,0,fullft,51,0.647059
resnet50_caltech256_f10_s0_fullft,resnet50,caltech256,10,0,fullft,52,0.875
resnet50_caltech256_f10_s0_fullft,resnet50,caltech256,10,0,fullft,53,0.875
resnet50_caltech256_f10_s0_fullft,resnet50,caltech256,10,0,fullft,54,0.6
resnet50_caltech256_f10_s0_fullft,resnet50,caltech256,10,0,fullft,55,0.6
resnet50_caltech256_f10_s0_fullft,resnet50,caltech256,10,0,fullft,56,0.619048
resnet50_caltech256_f10_s0_fullft,resnet50,caltech256,10,0,fullft,57,0.684211
resnet50_caltech256_f10_s0_fullft,resnet50,caltech256,10,0,fullft,58,0.176471
resnet50_caltech256_f10_s0_fullft,resnet50,caltech256,10,0,fullft,59,0.588235
resnet50_caltech256_f10_s0_fullft,resnet50,caltech256,10,0,fullft,60,0.7
resnet50_caltech256_f10_s0_fullft,resnet50,caltech256,10,0,fullft,61,0.823529
resnet50_caltech256_f10_s0_fullft,resnet50,caltech256,10,0,fullft,62,1.0
resnet50_caltech256_f10_s0_fullft,resnet50,caltech256,10,0,fullft,63,1.0
resnet50_caltech256_f10_s0_fullft,resnet50,caltech256,10,0,fullft,64,0.9
resnet50_caltech256_f10_s0_fullft,resnet50,caltech256,10,0,fullft,65,0.705882
resnet50_caltech256_f10_s0_fullft,resnet50,caltech256,10,0,fullft,66,0.764706
resnet50_caltech256_f10_s0_fullft,resnet50,caltech256,10,0,fullft,67,0.772727
resnet50_caltech256_f10_s0_fullft,resnet50,caltech256,10,0,fullft,68,0.55
resnet50_caltech256_f10_s0_fullft,resnet50,caltech256,10,0,fullft,69,0.294118
resnet50_caltech256_f10_s0_fullft,resnet50,caltech256,10,0,fullft,70,0.65
resnet50_caltech256_f10_s0_fullft,resnet50,caltech256,10,0,fullft,71,0.958333
resnet50_caltech256_f10_s0_fullft,resnet50,caltech256,10,0,fullft,72,0.8
resnet50_caltech256_f10_s0_fullft,resnet50,caltech256,10,0,fullft,73,0.434783
resnet50_caltech256_f10_s0_fullft,resnet50,caltech256,10,0,fullft,74,0.588235
resnet50_caltech256_f10_s0_fullft,resnet50,caltech256,10,0,fullft,75,0.941176
resnet50_caltech256_f10_s0_fullft,resnet50,caltech256,10,0,fullft,76,1.0
resnet50_caltech256_f10_s0_fullft,resnet50,caltech256,10,0,fullft,77,0.777778
resnet50_caltech256_f10_s0_fullft,resnet50,caltech256,10,0,fullft,78,0.55
resnet50_caltech256_f10_s0_fullft,resnet50,caltech256,10,0,fullft,79,0.391304
resnet50_caltech256_f10_s0_fullft,resnet50,caltech256,10,0,fullft,80,0.947368
resnet50_caltech256_f10_s0_fullft,resnet50,caltech256,10,0,fullft,81,0.5625
resnet50_caltech256_f10_s0_fullft,resnet50,caltech256,10,0,fullft,82,0.736842
resnet50_caltech256_f10_s0_fullft,resnet50,caltech256,10,0,fullft,83,0.823529
resnet50_caltech256_f10_s0_fullft,resnet50,caltech256,10,0,fullft,84,0.772727
resnet50_caltech256_f10_s0_fullft,resnet50,caltech256,10,0,fullft,85,0.9375
resnet50_caltech256_f10_s0_fullft,resnet50,caltech256,10,0,fullft,86,0.842105
resnet50_caltech256_f10_s0_fullft,resnet50,caltech256,10,0,fullft,87,0.8
resnet50_caltech256_f10_s0_fullft,resnet50,caltech256,10,0,fullft,88,0.727273
resnet50_caltech256_f10_s0_fullft,resnet50,caltech256,10,0,fullft,89,0.97619
resnet50_caltech256_f10_s0_fullft,resnet50,caltech256,10,0,fullft,90,0.894737
resnet50_caltech256_f10_s0_fullft,resnet50,caltech256,10,0,fullft,91,0.825
resnet50_caltech256_f10_s0_fullft,resnet50,caltech256,10,0,fullft,92,1.0
resnet50_caltech256_f10_s0_fullft,resnet50,caltech256,10,0,fullft,93,0.857143
resnet50_caltech256_f10_s0_fullft,resnet50,caltech256,10,0,fullft,94,0.764706
resnet50_caltech256_f10_s0_fullft,resnet50,caltech256,10,0,fullft,95,0.894737
resnet50_caltech256_f10_s0_fullft,resnet50,caltech256,10,0,fullft,96,0.611111
resnet50_caltech256_f10_s0_fullft,resnet50,caltech256,10,0,fullft,97,0.95
resnet50_caltech256_f10_s0_fullft,resnet50,caltech256,10,0,fullft,98,0.8125
resnet50_caltech256_f10_s0_fullft,resnet50,caltech256,10,0,fullft,99,1.0
resnet50_caltech256_f10_s0_fullft,resnet50,caltech256,10,0,fullft,100,0.857143
resnet50_caltech256_f10_s0_fullft,resnet50,caltech256,10,0,fullft,101,0.666667
resnet50_caltech256_f10_s0_fullft,resnet50,caltech256,10,0,fullft,102,0.909091
resnet50_caltech256_f10_s0_fullft,resnet50,caltech256,10,0,fullft,103,0.789474
resnet50_caltech256_f10_s0_fullft,resnet50,caltech256,10,0,fullft,104,0.907407
resnet50_caltech256_f10_s0_fullft,resnet50,caltech256,10,0,fullft,105,0.470588
resnet50_caltech256_f10_s0_fullft,resnet50,caltech256,10,0,fullft,106,0.833333
resnet50_caltech256_f10_s0_fullft,resnet50,caltech256,10,0,fullft,107,0.411765
resnet50_caltech256_f10_s0_fullft,resnet50,caltech256,10,0,fullft,108,0.870968
resnet50_caltech256_f10_s0_fullft,resnet50,caltech256,10,0,fullft,109,0.823529
resnet50_caltech256_f10_s0_fullft,resnet50,caltech256,10,0,fullft,110,0.823529
resnet50_caltech256_f10_s0_fullft,resnet50,caltech256,10,0,fullft,111,0.705882
resnet50_caltech256_f10_s0_fullft,resnet50,caltech256,10,0,fullft,112,0.956522
resnet50_caltech256_f10_s0_fullft,resnet50,caltech256,10,0,fullft,113,0.916667
resnet50_caltech256_f10_s0_fullft,resnet50,caltech256,10,0,fullft,114,0.555556
resnet50_caltech256_f10_s0_fullft,resnet50,caltech256,10,0,fullft,115,1.0
resnet50_caltech256_f10_s0_fullft,resnet50,caltech256,10,0,fullft,116,0.75
resnet50_caltech256_f10_s0_fullft,resnet50,caltech256,10,0,fullft,117,0.909091
resnet50_caltech256_f10_s0_fullft,resnet50,caltech256,10,0,fullft,118,0.529412
resnet50_caltech256_f10_s0_fullft,resnet50,caltech256,10,0,fullft,119,0.769231
resnet50_caltech256_f10_s0_fullft,resnet50,caltech256,10,0,fullft,120,1.0
resnet50_caltech256_f10_s0_fullft,resnet50,caltech256,10,0,fullft,121,0.52381
resnet50_caltech256_f10_s0_fullft,resnet50,caltech256,10,0,fullft,122,1.0
resnet50_caltech256_f10_s0_fullft,resnet50,caltech256,10,0,fullft,123,0.944444
resnet50_caltech256_f10_s0_fullft,resnet50,caltech256,10,0,fullft,124,0.5
resnet50_caltech256_f10_s0_fullft,resnet50,caltech256,10,0,fullft,125,0.625
resnet50_caltech256_f10_s0_fullft,resnet50,caltech256,10,0,fullft,126,0.807692
resnet50_caltech256_f10_s0_fullft,resnet50,caltech256,10,0,fullft,127,0.666667
resnet50_caltech256_f10_s0_fullft,resnet50,caltech256,10,0,fullft,128,1.0
resnet50_caltech256_f10_s0_fullft,resnet50,caltech256,10,0,fullft,129,0.888889
resnet50_caltech256_f10_s0_fullft,resnet50,caltech256,10,0,fullft,130,0.833333
resnet50_caltech256_f10_s0_fullft,resnet50,caltech256,10,0,fullft,131,0.868421
resnet50_caltech256_f10_s0_fullft,resnet50,caltech256,10,0,fullft,132,0.703704
resnet50_caltech256_f10_s0_fullft,resnet50,caltech256,10,0,fullft,133,0.875
resnet50_caltech256_f10_s0_fullft,resnet50,caltech256,10,0,fullft,134,0.421053
resnet50_caltech256_f10_s0_fullft,resnet50,caltech256,10,0,fullft,135,0.684211
resnet50_caltech256_f10_s0_fullft,resnet50,caltech256,10,0,fullft,136,0.774194
resnet50_caltech256_f10_s0_fullft,resnet50,caltech256,10,0,fullft,137,0.868421
resnet50_caltech256_f10_s0_fullft,resnet50,caltech256,10,0,fullft,138,0.705882
resnet50_caltech256_f10_s0_fullft,resnet50,caltech256,10,0,fullft,139,0.666667
resnet50_caltech256_f10_s0_fullft,resnet50,caltech256,10,0,fullft,140,1.0
resnet50_caltech256_f10_s0_fullft,resnet50,caltech256,10,0,fullft,141,0.809524
resnet50_caltech256_f10_s0_fullft,resnet50,caltech256,10,0,fullft,142,0.961538
resnet50_caltech256_f10_s0_fullft,resnet50,caltech256,10,0,fullft,143,0.3125
resnet50_caltech256_f10_s0_fullft,resnet50,caltech256,10,0,fullft,144,1.0
resnet50_caltech256_f10_s0_fullft,resnet50,caltech256,10,0,fullft,145,0.4375
resnet50_caltech256_f10_s0_fullft,resnet50,caltech256,10,0,fullft,146,0.85
resnet50_caltech256_f10_s0_fullft,resnet50,caltech256,10,0,fullft,147,0.6
resnet50_caltech256_f10_s0_fullft,resnet50,caltech256,10,0,fullft,148,0.857143
resnet50_caltech256_f10_s0_fullft,resnet50,caltech256,10,0,fullft,149,0.818182
resnet50_caltech256_f10_s0_fullft,resnet50,caltech256,10,0,fullft,150,0.863636
resnet50_caltech256_f10_s0_fullft,resnet50,caltech256,10,0,fullft,151,0.958333
resnet50_caltech256_f10_s0_fullft,resnet50,caltech256,10,0,fullft,152,0.789474
resnet50_caltech256_f10_s0_fullft,resnet50,caltech256,10,0,fullft,153,0.619048
resnet50_caltech256_f10_s0_fullft,resnet50,caltech256,10,0,fullft,154,0.277778
resnet50_caltech256_f10_s0_fullft,resnet50,caltech256,10,0,fullft,155,0.526316
resnet50_caltech256_f10_s0_fullft,resnet50,caltech256,10,0,fullft,156,0.904762
resnet50_caltech256_f10_s0_fullft,resnet50,caltech256,10,0,fullft,157,0.9
resnet50_caltech256_f10_s0_fullft,resnet50,caltech256,10,0,fullft,158,0.5
resnet50_caltech256_f10_s0_fullft,resnet50,caltech256,10,0,fullft,159,0.352941
resnet50_caltech256_f10_s0_fullft,resnet50,caltech256,10,0,fullft,160,0.904762
resnet50_caltech256_f10_s0_fullft,resnet50,caltech256,10,0,fullft,161,0.5
resnet50_caltech256_f10_s0_fullft,resnet50,caltech256,10,0,fullft,162,0.388889
resnet50_caltech256_f10_s0_fullft,resnet50,caltech256,10,0,fullft,163,0.9
resnet50_caltech256_f10_s0_fullft,resnet50,caltech256,10,0,fullft,164,0.611111
resnet50_caltech256_f10_s0_fullft,resnet50,caltech256,10,0,fullft,165,0.888889
resnet50_caltech256_f10_s0_fullft,resnet50,caltech256,10,0,fullft,166,0.411765
resnet50_caltech256_f10_s0_fullft,resnet50,caltech256,10,0,fullft,167,0.964286
resnet50_caltech256_f10_s0_fullft,resnet50,caltech256,10,0,fullft,168,0.777778
resnet50_caltech256_f10_s0_fullft,resnet50,caltech256,10,0,fullft,169,0.7
resnet50_caltech256_f10_s0_fullft,resnet50,caltech256,10,0,fullft,170,0.529412
resnet50_caltech256_f10_s0_fullft,resnet50,caltech256,10,0,fullft,171,0.85
resnet50_caltech256_f10_s0_fullft,resnet50,caltech256,10,0,fullft,172,0.380952
resnet50_caltech256_f10_s0_fullft,resnet50,caltech256,10,0,fullft,173,0.823529
resnet50_caltech256_f10_s0_fullft,resnet50,caltech256,10,0,fullft,174,0.647059
resnet50_caltech256_f10_s0_fullft,resnet50,caltech256,10,0,fullft,175,0.863636
resnet50_caltech256_f10_s0_fullft,resnet50,caltech256,10,0,fullft,176,0.842105
resnet50_caltech256_f10_s0_fullft,resnet50,caltech256,10,0,fullft,177,0.95
resnet50_caltech256_f10_s0_fullft,resnet50,caltech256,10,0,fullft,178,0.9375
resnet50_caltech256_f10_s0_fullft,resnet50,caltech256,10,0,fullft,179,0.35
resnet50_caltech256_f10_s0_fullft,resnet50,caltech256,10,0,fullft,180,0.85
resnet50_caltech256_f10_s0_fullft,resnet50,caltech256,10,0,fullft,181,0.958333
resnet50_caltech256_f10_s0_fullft,resnet50,caltech256,10,0,fullft,182,0.85
resnet50_caltech256_f10_s0_fullft,resnet50,caltech256,10,0,fullft,183,0.941176
resnet50_caltech256_f10_s0_fullft,resnet50,caltech256,10,0,fullft,184,0.190476
resnet50_caltech256_f10_s0_fullft,resnet50,caltech256,10,0,fullft,185,0.875
resnet50_caltech256_f10_s0_fullft,resnet50,caltech256,10,0,fullft,186,0.842105
resnet50_caltech256_f10_s0_fullft,resnet50,caltech256,10,0,fullft,187,0.5
resnet50_caltech256_f10_s0_fullft,resnet50,caltech256,10,0,fullft,188,0.708333
resnet50_caltech256_f10_s0_fullft,resnet50,caltech256,10,0,fullft,189,0.909091
resnet50_caltech256_f10_s0_fullft,resnet50,caltech256,10,0,fullft,190,0.181818
resnet50_caltech256_f10_s0_fullft,resnet50,caltech256,10,0,fullft,191,0.954545
resnet50_caltech256_f10_s0_fullft,resnet50,caltech256,10,0,fullft,192,0.742857
resnet50_caltech256_f10_s0_fullft,resnet50,caltech256,10,0,fullft,193,0.863636
resnet50_caltech256_f10_s0_fullft,resnet50,caltech256,10,0,fullft,194,0.117647
resnet50_caltech256_f10_s0_fullft,resnet50,caltech256,10,0,fullft,195,0.857143
resnet50_caltech256_f10_s0_fullft,resnet50,caltech256,10,0,fullft,196,0.75
resnet50_caltech256_f10_s0_fullft,resnet50,caltech256,10,0,fullft,197,0.636364
resnet50_caltech256_f10_s0_fullft,resnet50,caltech256,10,0,fullft,198,0.52381
resnet50_caltech256_f10_s0_fullft,resnet50,caltech256,10,0,fullft,199,0.7
resnet50_caltech256_f10_s0_fullft,resnet50,caltech256,10,0,fullft,200,1.0
resnet50_caltech256_f10_s0_fullft,resnet50,caltech256,10,0,fullft,201,0.631579
resnet50_caltech256_f10_s0_fullft,resnet50,caltech256,10,0,fullft,202,0.611111
resnet50_caltech256_f10_s0_fullft,resnet50,caltech256,10,0,fullft,203,1.0
resnet50_caltech256_f10_s0_fullft,resnet50,caltech256,10,0,fullft,204,0.647059
resnet50_caltech256_f10_s0_fullft,resnet50,caltech256,10,0,fullft,205,0.65
resnet50_caltech256_f10_s0_fullft,resnet50,caltech256,10,0,fullft,206,0.869565
resnet50_caltech256_f10_s0_fullft,resnet50,caltech256,10,0,fullft,207,0.954545
resnet50_caltech256_f10_s0_fullft,resnet50,caltech256,10,0,fullft,208,0.55
resnet50_caltech256_f10_s0_fullft,resnet50,caltech256,10,0,fullft,209,0.772727
resnet50_caltech256_f10_s0_fullft,resnet50,caltech256,10,0,fullft,210,0.105263
resnet50_caltech256_f10_s0_fullft,resnet50,caltech256,10,0,fullft,211,0.925926
resnet50_caltech256_f10_s0_fullft,resnet50,caltech256,10,0,fullft,212,0.95
resnet50_caltech256_f10_s0_fullft,resnet50,caltech256,10,0,fullft,213,0.821429
resnet50_caltech256_f10_s0_fullft,resnet50,caltech256,10,0,fullft,214,0.705882
resnet50_caltech256_f10_s0_fullft,resnet50,caltech256,10,0,fullft,215,0.9
resnet50_caltech256_f10_s0_fullft,resnet50,caltech256,10,0,fullft,216,0.952381
resnet50_caltech256_f10_s0_fullft,resnet50,caltech256,10,0,fullft,217,0.9375
resnet50_caltech256_f10_s0_fullft,resnet50,caltech256,10,0,fullft,218,0.470588
resnet50_caltech256_f10_s0_fullft,resnet50,caltech256,10,0,fullft,219,0.631579
resnet50_caltech256_f10_s0_fullft,resnet50,caltech256,10,0,fullft,220,0.952381
resnet50_caltech256_f10_s0_fullft,resnet50,caltech256,10,0,fullft,221,0.611111
resnet50_caltech256_f10_s0_fullft,resnet50,caltech256,10,0,fullft,222,0.5625
resnet50_caltech256_f10_s0_fullft,resnet50,caltech256,10,0,fullft,223,0.681818
resnet50_caltech256_f10_s0_fullft,resnet50,caltech256,10,0,fullft,224,0.944444
resnet50_caltech256_f10_s0_fullft,resnet50,caltech256,10,0,fullft,225,0.55
resnet50_caltech256_f10_s0_fullft,resnet50,caltech256,10,0,fullft,226,0.862069
resnet50_caltech256_f10_s0_fullft,resnet50,caltech256,10,0,fullft,227,0.789474
resnet50_caltech256_f10_s0_fullft,resnet50,caltech256,10,0,fullft,228,0.421053
resnet50_caltech256_f10_s0_fullft,resnet50,caltech256,10,0,fullft,229,0.894737
resnet50_caltech256_f10_s0_fullft,resnet50,caltech256,10,0,fullft,230,0.681818
resnet50_caltech256_f10_s0_fullft,resnet50,caltech256,10,0,fullft,231,0.819444
resnet50_caltech256_f10_s0_fullft,resnet50,caltech256,10,0,fullft,232,0.6
resnet50_caltech256_f10_s0_fullft,resnet50,caltech256,10,0,fullft,233,0.708333
resnet50_caltech256_f10_s0_fullft,resnet50,caltech256,10,0,fullft,234,0.652174
resnet50_caltech256_f10_s0_fullft,resnet50,caltech256,10,0,fullft,235,0.789474
resnet50_caltech256_f10_s0_fullft,resnet50,caltech256,10,0,fullft,236,0.888889
resnet50_caltech256_f10_s0_fullft,resnet50,caltech256,10,0,fullft,237,1.0
resnet50_caltech256_f10_s0_fullft,resnet50,caltech256,10,0,fullft,238,0.647059
resnet50_caltech256_f10_s0_fullft,resnet50,caltech256,10,0,fullft,239,0.95
resnet50_caltech256_f10_s0_fullft,resnet50,caltech256,10,0,fullft,240,0.894737
resnet50_caltech256_f10_s0_fullft,resnet50,caltech256,10,0,fullft,241,0.684211
resnet50_caltech256_f10_s0_fullft,resnet50,caltech256,10,0,fullft,242,0.333333
resnet50_caltech256_f10_s0_fullft,resnet50,caltech256,10,0,fullft,243,0.666667
resnet50_caltech256_f10_s0_fullft,resnet50,caltech256,10,0,fullft,244,0.611111
resnet50_caltech256_f10_s0_fullft,resnet50,caltech256,10,0,fullft,245,0.75
resnet50_caltech256_f10_s0_fullft,resnet50,caltech256,10,0,fullft,246,0.611111
resnet50_caltech256_f10_s0_fullft,resnet50,caltech256,10,0,fullft,247,0.588235
resnet50_caltech256_f10_s0_fullft,resnet50,caltech256,10,0,fullft,248,0.25
resnet50_caltech256_f10_s0_fullft,resnet50,caltech256,10,0,fullft,249,1.0
resnet50_caltech256_f10_s0_fullft,resnet50,caltech256,10,0,fullft,250,0.96875
resnet50_caltech256_f10_s0_fullft,resnet50,caltech256,10,0,fullft,251,1.0
resnet50_caltech256_f10_s0_fullft,resnet50,caltech256,10,0,fullft,252,0.988506
resnet50_caltech256_f10_s0_fullft,resnet50,caltech256,10,0,fullft,253,0.789474
resnet50_caltech256_f10_s0_fullft,resnet50,caltech256,10,0,fullft,254,0.809524
resnet50_caltech256_f10_s0_fullft,resnet50,caltech256,10,0,fullft,255,0.954545
resnet50_caltech256_f10_s0_linprobe,resnet50,caltech256,10,0,linprobe,0,0.95
resnet50_caltech256_f10_s0_linprobe,resnet50,caltech256,10,0,linprobe,1,0.736842
resnet50_caltech256_f10_s0_linprobe,resnet50,caltech256,10,0,linprobe,2,0.933333
resnet50_caltech256_f10_s0_linprobe,resnet50,caltech256,10,0,linprobe,3,0.56
resnet50_caltech256_f10_s0_linprobe,resnet50,caltech256,10,0,linprobe,4,0.833333
resnet50_caltech256_f10_s0_linprobe,resnet50,caltech256,10,0,linprobe,5,0.5
resnet50_caltech256_f10_s0_linprobe,resnet50,caltech256,10,0,linprobe,6,0.761905
resnet50_caltech256_f10_s0_linprobe,resnet50,caltech256,10,0,linprobe,7,0.782609
resnet50_caltech256_f10_s0_linprobe,resnet50,caltech256,10,0,linprobe,8,0.9
resnet50_caltech256_f10_s0_linprobe,resnet50,caltech256,10,0,linprobe,9,0.631579
resnet50_caltech256_f10_s0_linprobe,resnet50,caltech256,10,0,linprobe,10,0.839286
resnet50_caltech256_f10_s0_linprobe,resnet50,caltech256,10,0,linprobe,11,0.976744
resnet50_caltech256_f10_s0_linprobe,resnet50,caltech256,10,0,linprobe,12,0.6
resnet50_caltech256_f10_s0_linprobe,resnet50,caltech256,10,0,linprobe,13,0.823529
resnet50_caltech256_f10_s0_linprobe,resnet50,caltech256,10,0,linprobe,14,0.958333
resnet50_caltech256_f10_s0_linprobe,resnet50,caltech256,10,0,linprobe,15,0.944444
resnet50_caltech256_f10_s0_linprobe,resnet50,caltech256,10,0,linprobe,16,0.380952
resnet50_caltech256_f10_s0_linprobe,resnet50,caltech256,10,0,linprobe,17,0.5
resnet50_caltech256_f10_s0_linprobe,resnet50,caltech256,10,0,linprobe,18,0.56
resnet50_caltech256_f10_s0_linprobe,resnet50,caltech256,10,0,linprobe,19,0.764706
resnet50_caltech256_f10_s0_linprobe,resnet50,caltech256,10,0,linprobe,20,0.928571
resnet50_caltech256_f10_s0_linprobe,resnet50,caltech256,10,0,linprobe,21,0.842105
resnet50_caltech256_f10_s0_linprobe,resnet50,caltech256,10,0,linprobe,22,0.863636
resnet50_caltech256_f10_s0_linprobe,resnet50,caltech256,10,0,linprobe,23,0.863636
resnet50_caltech256_f10_s0_linprobe,resnet50,caltech256,10,0,linprobe,24,0.826087
resnet50_caltech256_f10_s0_linprobe,resnet50,caltech256,10,0,linprobe,25,0.190476
resnet50_caltech256_f10_s0_linprobe,resnet50,caltech256,10,0,linprobe,26,0.85
resnet50_caltech256_f10_s0_linprobe,resnet50,caltech256,10,0,linprobe,27,0.909091
resnet50_caltech256_f10_s0_linprobe,resnet50,caltech256,10,0,linprobe,28,0.857143
resnet50_caltech256_f10_s0_linprobe,resnet50,caltech256,10,0,linprobe,29,0.333333
resnet50_caltech256_f10_s0_linprobe,resnet50,caltech256,10,0,linprobe,30,0.888889
resnet50_caltech256_f10_s0_linprobe,resnet50,caltech256,10,0,linprobe,31,0.75
resnet50_caltech256_f10_s0_linprobe,resnet50,caltech256,10,0,linprobe,32,0.7
resnet50_caltech256_f10_s0_linprobe,resnet50,caltech256,10,0,linprobe,33,0.9
resnet50_caltech256_f10_s0_linprobe,resnet50,caltech256,10,0,linprobe,34,0.647059
resnet50_caltech256_f10_s0_linprobe,resnet50,caltech256,10,0,linprobe,35,0.904762
resnet50_caltech256_f10_s0_linprobe,resnet50,caltech256,10,0,linprobe,36,0.958333
resnet50_caltech256_f10_s0_linprobe,resnet50,caltech256,10,0,linprobe,37,0.318182
resnet50_caltech256_f10_s0_linprobe,resnet50,caltech256,10,0,linprobe,38,0.470588
resnet50_caltech256_f10_s0_linprobe,resnet50,caltech256,10,0,linprobe,39,0.88
resnet50_caltech256_f10_s0_linprobe,resnet50,caltech256,10,0,linprobe,40,0.823529
resnet50_caltech256_f10_s0_linprobe,resnet50,caltech256,10,0,linprobe,41,0.117647
resnet50_caltech256_f10_s0_linprobe,resnet50,caltech256,10,0,linprobe,42,0.52
resnet50_caltech256_f10_s0_linprobe,resnet50,caltech256,10,0,linprobe,43,0.708333
resnet50_caltech256_f10_s0_linprobe,resnet50,caltech256,10,0,linprobe,44,0.588235
resnet50_caltech256_f10_s0_linprobe,resnet50,caltech256,10,0,linprobe,45,0.925926
resnet50_caltech256_f10_s0_linprobe,resnet50,caltech256,10,0,linprobe,46,0.842105
resnet50_caltech256_f10_s0_linprobe,resnet50,caltech256,10,0,linprobe,47,0.809524
resnet50_caltech256_f10_s0_linprobe,resnet50,caltech256,10,0,linprobe,48,0.904762
resnet50_caltech256_f10_s0_linprobe,resnet50,caltech256,10,0,linprobe,49,0.631579
resnet50_caltech256_f10_s0_linprobe,resnet50,caltech256,10,0,linprobe,50,0.782609
resnet50_caltech256_f10_s0_linprobe,resnet50,caltech256,10,0,linprobe,51,0.588235
resnet50_caltech256_f10_s0_linprobe,resnet50,caltech256,10,0,linprobe,52,0.875
resnet50_caltech256_f10_s0_linprobe,resnet50,caltech256,10,0,linprobe,53,0.916667
resnet50_caltech256_f10_s0_linprobe,resnet50,caltech256,10,0,linprobe,54,0.45
resnet50_caltech256_f10_s0_linprobe,resnet50,caltech256,10,0,linprobe,55,0.75
resnet50_caltech256_f10_s0_linprobe,resnet50,caltech256,10,0,linprobe,56,0.857143
resnet50_caltech256_f10_s0_linprobe,resnet50,caltech256,10,0,linprobe,57,0.736842
resnet50_caltech256_f10_s0_linprobe,resnet50,caltech256,10,0,linprobe,58,0.058824
resnet50_caltech256_f10_s0_linprobe,resnet50,caltech256,10,0,linprobe,59,0.705882
resnet50_caltech256_f10_s0_linprobe,resnet50,caltech256,10,0,linprobe,60,0.8
resnet50_caltech256_f10_s0_linprobe,resnet50,caltech256,10,0,linprobe,61,0.823529
resnet50_caltech256_f10_s0_linprobe,resnet50,caltech256,10,0,linprobe,62,0.958333
resnet50_caltech256_f10_s0_linprobe,resnet50,caltech256,10,0,linprobe,63,1.0
resnet50_caltech256_f10_s0_linprobe,resnet50,caltech256,10,0,linprobe,64,1.0
resnet50_caltech256_f10_s0_linprobe,resnet50,caltech256,10,0,linprobe,65,0.882353
resnet50_caltech256_f10_s0_linprobe,resnet50,caltech256,10,0,linprobe,66,0.823529
resnet50_caltech256_f10_s0_linprobe,resnet50,caltech256,10,0,linprobe,67,0.818182
resnet50_caltech256_f10_s0_linprobe,resnet50,caltech256,10,0,linprobe,68,0.6
resnet50_caltech256_f10_s0_linprobe,resnet50,caltech256,10,0,linprobe,69,0.411765
resnet50_caltech256_f10_s0_linprobe,resnet50,caltech256,10,0,linprobe,70,0.85
resnet50_caltech256_f10_s0_linprobe,resnet50,caltech256,10,0,linprobe,71,0.958333
resnet50_caltech256_f10_s0_linprobe,resnet50,caltech256,10,0,linprobe,72,0.6
resnet50_caltech256_f10_s0_linprobe,resnet50,caltech256,10,0,linprobe,73,0.217391
resnet50_caltech256_f10_s0_linprobe,resnet50,caltech256,10,0,linprobe,74,0.764706
resnet50_caltech256_f10_s0_linprobe,resnet50,caltech256,10,0,linprobe,75,1.0
resnet50_caltech256_f10_s0_linprobe,resnet50,caltech256,10,0,linprobe,76,1.0
resnet50_caltech256_f10_s0_linprobe,resnet50,caltech256,10,0,linprobe,77,0.666667
resnet50_caltech256_f10_s0_linprobe,resnet50,caltech256,10,0,linprobe,78,0.45
resnet50_caltech256_f10_s0_linprobe,resnet50,caltech256,10,0,linprobe,79,0.173913
resnet50_caltech256_f10_s0_linprobe,resnet50,caltech256,10,0,linprobe,80,0.894737
resnet50_caltech256_f10_s0_linprobe,resnet50,caltech256,10,0,linprobe,81,0.9375
resnet50_caltech256_f10_s0_linprobe,resnet50,caltech256,10,0,linprobe,82,0.736842
resnet50_caltech256_f10_s0_linprobe,resnet50,caltech256,10,0,linprobe,83,0.705882
resnet50_caltech256_f10_s0_linprobe,resnet50,caltech256,10,0,linprobe,84,0.409091
resnet50_caltech256_f10_s0_linprobe,resnet50,caltech256,10,0,linprobe,85,0.9375
resnet50_caltech256_f10_s0_linprobe,resnet50,caltech256,10,0,linprobe,86,0.789474
resnet50_caltech256_f10_s0_linprobe,resnet50,caltech256,10,0,linprobe,87,0.7
resnet50_caltech256_f10_s0_linprobe,resnet50,caltech256,10,0,linprobe,88,0.772727
resnet50_caltech256_f10_s0_linprobe,resnet50,caltech256,10,0,linprobe,89,1.0
resnet50_caltech256_f10_s0_linprobe,resnet50,caltech256,10,0,linprobe,90,0.894737
resnet50_caltech256_f10_s0_linprobe,resnet50,caltech256,10,0,linprobe,91,0.825
resnet50_caltech256_f10_s0_linprobe,resnet50,caltech256,10,0,linprobe,92,0.954545
resnet50_caltech256_f10_s0_linprobe,resnet50,caltech256,10,0,linprobe,93,0.952381
resnet50_caltech256_f10_s0_linprobe,resnet50,caltech256,10,0,linprobe,94,0.705882
resnet50_caltech256_f10_s0_linprobe,resnet50,caltech256,10,0,linprobe,95,0.649123
resnet50_caltech256_f10_s0_linprobe,resnet50,caltech256,10,0,linprobe,96,0.666667
resnet50_caltech256_f10_s0_linprobe,resnet50,caltech256,10,0,linprobe,97,0.85
resnet50_caltech256_f10_s0_linprobe,resnet50,caltech256,10,0,linprobe,98,0.6875
resnet50_caltech256_f10_s0_linprobe,resnet50,caltech256,10,0,linprobe,99,0.736842
resnet50_caltech256_f10_s0_linprobe,resnet50,caltech256,10,0,linprobe,100,0.535714
resnet50_caltech256_f10_s0_linprobe,resnet50,caltech256,10,0,linprobe,101,0.777778
resnet50_caltech256_f10_s0_linprobe,resnet50,caltech256,10,0,linprobe,102,0.772727
resnet50_caltech256_f10_s0_linprobe,resnet50,caltech256,10,0,linprobe,103,0.315789
resnet50_caltech256_f10_s0_linprobe,resnet50,caltech256,10,0,linprobe,104,0.592593
resnet50_caltech256_f10_s0_linprobe,resnet50,caltech256,10,0,linprobe,105,0.705882
resnet50_caltech256_f10_s0_linprobe,resnet50,caltech256,10,0,linprobe,106,0.944444
resnet50_caltech256_f10_s0_linprobe,resnet50,caltech256,10,0,linprobe,107,0.470588
resnet50_caltech256_f10_s0_linprobe,resnet50,caltech256,10,0,linprobe,108,0.83871
resnet50_caltech256_f10_s0_linprobe,resnet50,caltech256,10,0,linprobe,109,0.705882
resnet50_caltech256_f10_s0_linprobe,resnet50,caltech256,10,0,linprobe,110,0.470588
resnet50_caltech256_f10_s0_linprobe,resnet50,caltech256,10,0,linprobe,111,0.764706
resnet50_caltech256_f10_s0_linprobe,resnet50,caltech256,10,0,linprobe,112,0.826087
resnet50_caltech256_f10_s0_linprobe,resnet50,caltech256,10,0,linprobe,113,0.833333
resnet50_caltech256_f10_s0_linprobe,resnet50,caltech256,10,0,linprobe,114,0.555556
resnet50_caltech256_f10_s0_linprobe,resnet50,caltech256,10,0,linprobe,115,0.952381
resnet50_caltech256_f10_s0_linprobe,resnet50,caltech256,10,0,linprobe,116,0.833333
resnet50_caltech256_f10_s0_linprobe,resnet50,caltech256,10,0,linprobe,117,0.863636
resnet50_caltech256_f10_s0_linprobe,resnet50,caltech256,10,0,linprobe,118,0.294118
resnet50_caltech256_f10_s0_linprobe,resnet50,caltech256,10,0,linprobe,119,0.730769
resnet50_caltech256_f10_s0_linprobe,resnet50,caltech256,10,0,linprobe,120,1.0
resnet50_caltech256_f10_s0_linprobe,resnet50,caltech256,10,0,linprobe,121,0.52381
resnet50_caltech256_f10_s0_linprobe,resnet50,caltech256,10,0,linprobe,122,1.0
resnet50_caltech256_f10_s0_linprobe,resnet50,caltech256,10,0,linprobe,123,1.0
resnet50_caltech256_f10_s0_linprobe,resnet50,caltech256,10,0,linprobe,124,0.5
resnet50_caltech256_f10_s0_linprobe,resnet50,caltech256,10,0,linprobe,125,0.416667
resnet50_caltech256_f10_s0_linprobe,resnet50,caltech256,10,0,linprobe,126,0.923077
resnet50_caltech256_f10_s0_linprobe,resnet50,caltech256,10,0,linprobe,127,0.904762
resnet50_caltech256_f10_s0_linprobe,resnet50,caltech256,10,0,linprobe,128,1.0
resnet50_caltech256_f10_s0_linprobe,resnet50,caltech256,10,0,linprobe,129,0.888889
resnet50_caltech256_f10_s0_linprobe,resnet50,caltech256,10,0,linprobe,130,0.944444
resnet50_caltech256_f10_s0_linprobe,resnet50,caltech256,10,0,linprobe,131,0.842105
resnet50_caltech256_f10_s0_linprobe,resnet50,caltech256,10,0,linprobe,132,0.814815
resnet50_caltech256_f10_s0_linprobe,resnet50,caltech256,10,0,linprobe,133,0.875
resnet50_caltech256_f10_s0_linprobe,resnet50,caltech256,10,0,linprobe,134,0.526316
resnet50_caltech256_f10_s0_linprobe,resnet50,caltech256,10,0,linprobe,135,0.526316
resnet50_caltech256_f10_s0_linprobe,resnet50,caltech256,10,0,linprobe,136,0.870968
resnet50_caltech256_f10_s0_linprobe,resnet50,caltech256,10,0,linprobe,137,0.815789
resnet50_caltech256_f10_s0_linprobe,resnet50,caltech256,10,0,linprobe,138,0.882353
resnet50_caltech256_f10_s0_linprobe,resnet50,caltech256,10,0,linprobe,139,0.444444
resnet50_caltech256_f10_s0_linprobe,resnet50,caltech256,10,0,linprobe,140,0.478261
resnet50_caltech256_f10_s0_linprobe,resnet50,caltech256,10,0,linprobe,141,0.809524
resnet50_caltech256_f10_s0_linprobe,resnet50,caltech256,10,0,linprobe,142,0.769231
resnet50_caltech256_f10_s0_linprobe,resnet50,caltech256,10,0,linprobe,143,0.3125
resnet50_caltech256_f10_s0_linprobe,resnet50,caltech256,10,0,linprobe,144,1.0
resnet50_caltech256_f10_s0_linprobe,resnet50,caltech256,10,0,linprobe,145,0.0
resnet50_caltech256_f10_s0_linprobe,resnet50,caltech256,10,0,linprobe,146,0.8
resnet50_caltech256_f10_s0_linprobe,resnet50,caltech256,10,0,linprobe,147,0.228571
resnet50_caltech256_f10_s0_linprobe,resnet50,caltech256,10,0,linprobe,148,0.952381
resnet50_caltech256_f10_s0_linprobe,resnet50,caltech256,10,0,linprobe,149,0.681818
resnet50_caltech256_f10_s0_linprobe,resnet50,caltech256,10,0,linprobe,150,0.909091
resnet50_caltech256_f10_s0_linprobe,resnet50,caltech256,10,0,linprobe,151,1.0
resnet50_caltech256_f10_s0_linprobe,resnet50,caltech256,10,0,linprobe,152,0.578947
resnet50_caltech256_f10_s0_linprobe,resnet50,caltech256,10,0,linprobe,153,0.761905
resnet50_caltech256_f10_s0_linprobe,resnet50,caltech256,10,0,linprobe,154,0.222222
resnet50_caltech256_f10_s0_linprobe,resnet50,caltech256,10,0,linprobe,155,0.421053
resnet50_caltech256_f10_s0_linprobe,resnet50,caltech256,10,0,linprobe,156,0.904762
resnet50_caltech256_f10_s0_linprobe,resnet50,caltech256,10,0,linprobe,157,0.833333
resnet50_caltech256_f10_s0_linprobe,resnet50,caltech256,10,0,linprobe,158,0.404762
resnet50_caltech256_f10_s0_linprobe,resnet50,caltech256,10,0,linprobe,159,0.647059
resnet50_caltech256_f10_s0_linprobe,resnet50,caltech256,10,0,linprobe,160,0.857143
resnet50_caltech256_f10_s0_linprobe,resnet50,caltech256,10,0,linprobe,161,0.611111
resnet50_caltech256_f10_s0_linprobe,resnet50,caltech256,10,0,linprobe,162,0.111111
resnet50_caltech256_f10_s0_linprobe,resnet50,caltech256,10,0,linprobe,163,0.95
resnet50_caltech256_f10_s0_linprobe,resnet50,caltech256,10,0,linprobe,164,0.666667
resnet50_caltech256_f10_s0_linprobe,resnet50,caltech256,10,0,linprobe,165,0.777778
resnet50_caltech256_f10_s0_linprobe,resnet50,caltech256,10,0,linprobe,166,0.352941
resnet50_caltech256_f10_s0_linprobe,resnet50,caltech256,10,0,linprobe,167,0.964286
resnet50_caltech256_f10_s0_linprobe,resnet50,caltech256,10,0,linprobe,168,0.944444
resnet50_caltech256_f10_s0_linprobe,resnet50,caltech256,10,0,linprobe,169,0.8
resnet50_caltech256_f10_s0_linprobe,resnet50,caltech256,10,0,linprobe,170,0.352941
resnet50_caltech256_f10_s0_linprobe,resnet50,caltech256,10,0,linprobe,171,0.8
resnet50_caltech256_f10_s0_linprobe,resnet50,caltech256,10,0,linprobe,172,0.333333
resnet50_caltech256_f10_s0_linprobe,resnet50,caltech256,10,0,linprobe,173,0.882353
resnet50_caltech256_f10_s0_linprobe,resnet50,caltech256,10,0,linprobe,174,0.882353
resnet50_caltech256_f10_s0_linprobe,resnet50,caltech256,10,0,linprobe,175,0.772727
resnet50_caltech256_f10_s0_linprobe,resnet50,caltech256,10,0,linprobe,176,0.789474
resnet50_caltech256_f10_s0_linprobe,resnet50,caltech256,10,0,linprobe,177,0.95
resnet50_caltech256_f10_s0_linprobe,resnet50,caltech256,10,0,linprobe,178,0.875
resnet50_caltech256_f10_s0_linprobe,resnet50,caltech256,10,0,linprobe,179,0.35
resnet50_caltech256_f10_s0_linprobe,resnet50,caltech256,10,0,linprobe,180,0.85
resnet50_caltech256_f10_s0_linprobe,resnet50,caltech256,10,0,linprobe,181,0.958333
resnet50_caltech256_f10_s0_linprobe,resnet50,caltech256,10,0,linprobe,182,0.85
resnet50_caltech256_f10_s0_linprobe,resnet50,caltech256,10,0,linprobe,183,0.941176
resnet50_caltech256_f10_s0_linprobe,resnet50,caltech256,10,0,linprobe,184,0.666667
resnet50_caltech256_f10_s0_linprobe,resnet50,caltech256,10,0,linprobe,185,1.0
resnet50_caltech256_f10_s0_linprobe,resnet50,caltech256,10,0,linprobe,186,0.894737
resnet50_caltech256_f10_s0_linprobe,resnet50,caltech256,10,0,linprobe,187,0.611111
resnet50_caltech256_f10_s0_linprobe,resnet50,caltech256,10,0,linprobe,188,0.791667
resnet50_caltech256_f10_s0_linprobe,resnet50,caltech256,10,0,linprobe,189,0.772727
resnet50_caltech256_f10_s0_linprobe,resnet50,caltech256,10,0,linprobe,190,0.863636
resnet50_caltech256_f10_s0_linprobe,resnet50,caltech256,10,0,linprobe,191,0.954545
resnet50_caltech256_f10_s0_linprobe,resnet50,caltech256,10,0,linprobe,192,0.657143
resnet50_caltech256_f10_s0_linprobe,resnet50,caltech256,10,0,linprobe,193,0.954545
resnet50_caltech256_f10_s0_linprobe,resnet50,caltech256,10,0,linprobe,194,0.411765
resnet50_caltech256_f10_s0_linprobe,resnet50,caltech256,10,0,linprobe,195,0.952381
resnet50_caltech256_f10_s0_linprobe,resnet50,caltech256,10,0,linprobe,196,0.7
resnet50_caltech256_f10_s0_linprobe,resnet50,caltech256,10,0,linprobe,197,0.727273
resnet50_caltech256_f10_s0_linprobe,resnet50,caltech256,10,0,linprobe,198,0.47619
resnet50_caltech256_f10_s0_linprobe,resnet50,caltech256,10,0,linprobe,199,0.7
resnet50_caltech256_f10_s0_linprobe,resnet50,caltech256,10,0,linprobe,200,0.875
resnet50_caltech256_f10_s0_linprobe,resnet50,caltech256,10,0,linprobe,201,0.368421
resnet50_caltech256_f10_s0_linprobe,resnet50,caltech256,10,0,linprobe,202,0.444444
resnet50_caltech256_f10_s0_linprobe,resnet50,caltech256,10,0,linprobe,203,0.9375
resnet50_caltech256_f10_s0_linprobe,resnet50,caltech256,10,0,linprobe,204,0.588235
resnet50_caltech256_f10_s0_linprobe,resnet50,caltech256,10,0,linprobe,205,0.6
resnet50_caltech256_f10_s0_linprobe,resnet50,caltech256,10,0,linprobe,206,0.869565
resnet50_caltech256_f10_s0_linprobe,resnet50,caltech256,10,0,linprobe,207,0.909091
resnet50_caltech256_f10_s0_linprobe,resnet50,caltech256,10,0,linprobe,208,0.55
resnet50_caltech256_f10_s0_linprobe,resnet50,caltech256,10,0,linprobe,209,0.727273
resnet50_caltech256_f10_s0_linprobe,resnet50,caltech256,10,0,linprobe,210,0.263158
resnet50_caltech256_f10_s0_linprobe,resnet50,caltech256,10,0,linprobe,211,0.962963
resnet50_caltech256_f10_s0_linprobe,resnet50,caltech256,10,0,linprobe,212,1.0
resnet50_caltech256_f10_s0_linprobe,resnet50,caltech256,10,0,linprobe,213,0.892857
resnet50_caltech256_f10_s0_linprobe,resnet50,caltech256,10,0,linprobe,214,0.823529
resnet50_caltech256_f10_s0_linprobe,resnet50,caltech256,10,0,linprobe,215,0.85
resnet50_caltech256_f10_s0_linprobe,resnet50,caltech256,10,0,linprobe,216,0.809524
resnet50_caltech256_f10_s0_linprobe,resnet50,caltech256,10,0,linprobe,217,0.625
resnet50_caltech256_f10_s0_linprobe,resnet50,caltech256,10,0,linprobe,218,0.411765
resnet50_caltech256_f10_s0_linprobe,resnet50,caltech256,10,0,linprobe,219,0.631579
resnet50_caltech256_f10_s0_linprobe,resnet50,caltech256,10,0,linprobe,220,0.761905
resnet50_caltech256_f10_s0_linprobe,resnet50,caltech256,10,0,linprobe,221,0.833333
resnet50_caltech256_f10_s0_linprobe,resnet50,caltech256,10,0,linprobe,222,0.5625
resnet50_caltech256_f10_s0_linprobe,resnet50,caltech256,10,0,linprobe,223,0.954545
resnet50_caltech256_f10_s0_linprobe,resnet50,caltech256,10,0,linprobe,224,0.944444
resnet50_caltech256_f10_s0_linprobe,resnet50,caltech256,10,0,linprobe,225,0.45
resnet50_caltech256_f10_s0_linprobe,resnet50,caltech256,10,0,linprobe,226,0.758621
resnet50_caltech256_f10_s0_linprobe,resnet50,caltech256,10,0,linprobe,227,0.789474
resnet50_caltech256_f10_s0_linprobe,resnet50,caltech256,10,0,linprobe,228,0.578947
resnet50_caltech256_f10_s0_linprobe,resnet50,caltech256,10,0,linprobe,229,0.894737
resnet50_caltech256_f10_s0_linprobe,resnet50,caltech256,10,0,linprobe,230,0.636364
resnet50_caltech256_f10_s0_linprobe,resnet50,caltech256,10,0,linprobe,231,0.833333
resnet50_caltech256_f10_s0_linprobe,resnet50,caltech256,10,0,linprobe,232,0.55
resnet50_caltech256_f10_s0_linprobe,resnet50,caltech256,10,0,linprobe,233,0.75
resnet50_caltech256_f10_s0_linprobe,resnet50,caltech256,10,0,linprobe,234,0.782609
resnet50_caltech256_f10_s0_linprobe,resnet50,caltech256,10,0,linprobe,235,0.789474
resnet50_caltech256_f10_s0_linprobe,resnet50,caltech256,10,0,linprobe,236,0.666667
resnet50_caltech256_f10_s0_linprobe,resnet50,caltech256,10,0,linprobe,237,1.0
resnet50_caltech256_f10_s0_linprobe,resnet50,caltech256,10,0,linprobe,238,0.705882
resnet50_caltech256_f10_s0_linprobe,resnet50,caltech256,10,0,linprobe,239,0.95
resnet50_caltech256_f10_s0_linprobe,resnet50,caltech256,10,0,linprobe,240,0.842105
resnet50_caltech256_f10_s0_linprobe,resnet50,caltech256,10,0,linprobe,241,0.684211
resnet50_caltech256_f10_s0_linprobe,resnet50,caltech256,10,0,linprobe,242,0.388889
resnet50_caltech256_f10_s0_linprobe,resnet50,caltech256,10,0,linprobe,243,0.611111
resnet50_caltech256_f10_s0_linprobe,resnet50,caltech256,10,0,linprobe,244,0.555556
resnet50_caltech256_f10_s0_linprobe,resnet50,caltech256,10,0,linprobe,245,0.8
resnet50_caltech256_f10_s0_linprobe,resnet50,caltech256,10,0,linprobe,246,0.388889
resnet50_caltech256_f10_s0_linprobe,resnet50,caltech256,10,0,linprobe,247,0.823529
resnet50_caltech256_f10_s0_linprobe,resnet50,caltech256,10,0,linprobe,248,0.35
resnet50_caltech256_f10_s0_linprobe,resnet50,caltech256,10,0,linprobe,249,1.0
resnet50_caltech256_f10_s0_linprobe,resnet50,caltech256,10,0,linprobe,250,0.95625
resnet50_caltech256_f10_s0_linprobe,resnet50,caltech256,10,0,linprobe,251,1.0
resnet50_caltech256_f10_s0_linprobe,resnet50,caltech256,10,0,linprobe,252,0.988506
resnet50_caltech256_f10_s0_linprobe,resnet50,caltech256,10,0,linprobe,253,0.842105
resnet50_caltech256_f10_s0_linprobe,resnet50,caltech256,10,0,linprobe,254,0.238095
resnet50_caltech256_f10_s0_linprobe,resnet50,caltech256,10,0,linprobe,255,0.909091
resnet50_caltech256_f10_s1_fullft,resnet50,caltech256,10,1,fullft,0,0.8
resnet50_caltech256_f10_s1_fullft,resnet50,caltech256,10,1,fullft,1,0.736842
resnet50_caltech256_f10_s1_fullft,resnet50,caltech256,10,1,fullft,2,0.866667
resnet50_caltech256_f10_s1_fullft,resnet50,caltech256,10,1,fullft,3,0.48
resnet50_caltech256_f10_s1_fullft,resnet50,caltech256,10,1,fullft,4,0.833333
resnet50_caltech256_f10_s1_fullft,resnet50,caltech256,10,1,fullft,5,0.611111
resnet50_caltech256_f10_s1_fullft,resnet50,caltech256,10,1,fullft,6,0.380952
resnet50_caltech256_f10_s1_fullft,resnet50,caltech256,10,1,fullft,7,0.782609
resnet50_caltech256_f10_s1_fullft,resnet50,caltech256,10,1,fullft,8,1.0
resnet50_caltech256_f10_s1_fullft,resnet50,caltech256,10,1,fullft,9,0.736842
resnet50_caltech256_f10_s1_fullft,resnet50,caltech256,10,1,fullft,10,0.875
resnet50_caltech256_f10_s1_fullft,resnet50,caltech256,10,1,fullft,11,0.953488
resnet50_caltech256_f10_s1_fullft,resnet50,caltech256,10,1,fullft,12,0.75
resnet50_caltech256_f10_s1_fullft,resnet50,caltech256,10,1,fullft,13,0.647059
resnet50_caltech256_f10_s1_fullft,resnet50,caltech256,10,1,fullft,14,0.958333
resnet50_caltech256_f10_s1_fullft,resnet50,caltech256,10,1,fullft,15,0.555556
resnet50_caltech256_f10_s1_fullft,resnet50,caltech256,10,1,fullft,16,0.47619
resnet50_caltech256_f10_s1_fullft,resnet50,caltech256,10,1,fullft,17,0.6
resnet50_caltech256_f10_s1_fullft,resnet50,caltech256,10,1,fullft,18,0.72
resnet50_caltech256_f10_s1_fullft,resnet50,caltech256,10,1,fullft,19,0.647059
resnet50_caltech256_f10_s1_fullft,resnet50,caltech256,10,1,fullft,20,0.964286
resnet50_caltech256_f10_s1_fullft,resnet50,caltech256,10,1,fullft,21,0.631579
resnet50_caltech256_f10_s1_fullft,resnet50,caltech256,10,1,fullft,22,0.863636
resnet50_caltech256_f10_s1_fullft,resnet50,caltech256,10,1,fullft,23,0.863636
resnet50_caltech256_f10_s1_fullft,resnet50,caltech256,10,1,fullft,24,0.347826
resnet50_caltech256_f10_s1_fullft,resnet50,caltech256,10,1,fullft,25,0.142857
resnet50_caltech256_f10_s1_fullft,resnet50,caltech256,10,1,fullft,26,0.8
resnet50_caltech256_f10_s1_fullft,resnet50,caltech256,10,1,fullft,27,0.681818
resnet50_caltech256_f10_s1_fullft,resnet50,caltech256,10,1,fullft,28,0.904762
resnet50_caltech256_f10_s1_fullft,resnet50,caltech256,10,1,fullft,29,0.47619
resnet50_caltech256_f10_s1_fullft,resnet50,caltech256,10,1,fullft,30,0.611111
resnet50_caltech256_f10_s1_fullft,resnet50,caltech256,10,1,fullft,31,0.75
resnet50_caltech256_f10_s1_fullft,resnet50,caltech256,10,1,fullft,32,0.55
resnet50_caltech256_f10_s1_fullft,resnet50,caltech256,10,1,fullft,33,0.95
resnet50_caltech256_f10_s1_fullft,resnet50,caltech256,10,1,fullft,34,0.823529
resnet50_caltech256_f10_s1_fullft,resnet50,caltech256,10,1,fullft,35,0.714286
resnet50_caltech256_f10_s1_fullft,resnet50,caltech256,10,1,fullft,36,0.958333
resnet50_caltech256_f10_s1_fullft,resnet50,caltech256,10,1,fullft,37,0.863636
resnet50_caltech256_f10_s1_fullft,resnet50,caltech256,10,1,fullft,38,0.176471
resnet50_caltech256_f10_s1_fullft,resnet50,caltech256,10,1,fullft,39,0.92
resnet50_caltech256_f10_s1_fullft,resnet50,caltech256,10,1,fullft,40,0.941176
resnet50_caltech256_f10_s1_fullft,resnet50,caltech256,10,1,fullft,41,0.352941
resnet50_caltech256_f10_s1_fullft,resnet50,caltech256,10,1,fullft,42,0.6
resnet50_caltech256_f10_s1_fullft,resnet50,caltech256,10,1,fullft,43,0.666667
resnet50_caltech256_f10_s1_fullft,resnet50,caltech256,10,1,fullft,44,0.823529
resnet50_caltech256_f10_s1_fullft,resnet50,caltech256,10,1,fullft,45,0.925926
resnet50_caltech256_f10_s1_fullft,resnet50,caltech256,10,1,fullft,46,0.894737
resnet50_caltech256_f10_s1_fullft,resnet50,caltech256,10,1,fullft,47,0.619048
resnet50_caltech256_f10_s1_fullft,resnet50,caltech256,10,1,fullft,48,0.904762
resnet50_caltech256_f10_s1_fullft,resnet50,caltech256,10,1,fullft,49,0.842105
resnet50_caltech256_f10_s1_fullft,resnet50,caltech256,10,1,fullft,50,0.695652
resnet50_caltech256_f10_s1_fullft,resnet50,caltech256,10,1,fullft,51,0.470588
resnet50_caltech256_f10_s1_fullft,resnet50,caltech256,10,1,fullft,52,0.9375
resnet50_caltech256_f10_s1_fullft,resnet50,caltech256,10,1,fullft,53,0.875
resnet50_caltech256_f10_s1_fullft,resnet50,caltech256,10,1,fullft,54,0.55
resnet50_caltech256_f10_s1_fullft,resnet50,caltech256,10,1,fullft,55,0.6
resnet50_caltech256_f10_s1_fullft,resnet50,caltech256,10,1,fullft,56,0.761905
resnet50_caltech256_f10_s1_fullft,resnet50,caltech256,10,1,fullft,57,0.684211
resnet50_caltech256_f10_s1_fullft,resnet50,caltech256,10,1,fullft,58,0.058824
resnet50_caltech256_f10_s1_fullft,resnet50,caltech256,10,1,fullft,59,0.529412
resnet50_caltech256_f10_s1_fullft,resnet50,caltech256,10,1,fullft,60,0.75
resnet50_caltech256_f10_s1_fullft,resnet50,caltech256,10,1,fullft,61,0.882353
resnet50_caltech256_f10_s1_fullft,resnet50,caltech256,10,1,fullft,62,0.958333
resnet50_caltech256_f10_s1_fullft,resnet50,caltech256,10,1,fullft,63,0.961538
resnet50_caltech256_f10_s1_fullft,resnet50,caltech256,10,1,fullft,64,0.9
resnet50_caltech256_f10_s1_fullft,resnet50,caltech256,10,1,fullft,65,0.647059
resnet50_caltech256_f10_s1_fullft,resnet50,caltech256,10,1,fullft,66,0.705882
resnet50_caltech256_f10_s1_fullft,resnet50,caltech256,10,1,fullft,67,0.863636
resnet50_caltech256_f10_s1_fullft,resnet50,caltech256,10,1,fullft,68,0.25
resnet50_caltech256_f10_s1_fullft,resnet50,caltech256,10,1,fullft,69,0.529412
resnet50_caltech256_f10_s1_fullft,resnet50,caltech256,10,1,fullft,70,0.6
resnet50_caltech256_f10_s1_fullft,resnet50,caltech256,10,1,fullft,71,0.958333
resnet50_caltech256_f10_s1_fullft,resnet50,caltech256,10,1,fullft,72,0.9
resnet50_caltech256_f10_s1_fullft,resnet50,caltech256,10,1,fullft,73,0.565217
resnet50_caltech256_f10_s1_fullft,resnet50,caltech256,10,1,fullft,74,0.647059
resnet50_caltech256_f10_s1_fullft,resnet50,caltech256,10,1,fullft,75,0.823529
resnet50_caltech256_f10_s1_fullft,resnet50,caltech256,10,1,fullft,76,1.0
resnet50_caltech256_f10_s1_fullft,resnet50,caltech256,10,1,fullft,77,0.777778
resnet50_caltech256_f10_s1_fullft,resnet50,caltech256,10,1,fullft,78,0.45
resnet50_caltech256_f10_s1_fullft,resnet50,caltech256,10,1,fullft,79,0.565217
resnet50_caltech256_f10_s1_fullft,resnet50,caltech256,10,1,fullft,80,0.736842
resnet50_caltech256_f10_s1_fullft,resnet50,caltech256,10,1,fullft,81,0.75
resnet50_caltech256_f10_s1_fullft,resnet50,caltech256,10,1,fullft,82,0.684211
resnet50_caltech256_f10_s1_fullft,resnet50,caltech256,10,1,fullft,83,0.588235
resnet50_caltech256_f10_s1_fullft,resnet50,caltech256,10,1,fullft,84,0.772727
resnet50_caltech256_f10_s1_fullft,resnet50,caltech256,10,1,fullft,85,0.8125
resnet50_caltech256_f10_s1_fullft,resnet50,caltech256,10,1,fullft,86,0.736842
resnet50_caltech256_f10_s1_fullft,resnet50,caltech256,10,1,fullft,87,0.75
resnet50_caltech256_f10_s1_fullft,resnet50,caltech256,10,1,fullft,88,0.727273
resnet50_caltech256_f10_s1_fullft,resnet50,caltech256,10,1,fullft,89,0.952381
resnet50_caltech256_f10_s1_fullft,resnet50,caltech256,10,1,fullft,90,0.842105
resnet50_caltech256_f10_s1_fullft,resnet50,caltech256,10,1,fullft,91,0.775
resnet50_caltech256_f10_s1_fullft,resnet50,caltech256,10,1,fullft,92,0.954545
resnet50_caltech256_f10_s1_fullft,resnet50,caltech256,10,1,fullft,93,0.857143
resnet50_caltech256_f10_s1_fullft,resnet50,caltech256,10,1,fullft,94,0.882353
resnet50_caltech256_f10_s1_fullft,resnet50,caltech256,10,1,fullft,95,0.877193
resnet50_caltech256_f10_s1_fullft,resnet50,caltech256,10,1,fullft,96,0.722222
resnet50_caltech256_f10_s1_fullft,resnet50,caltech256,10,1,fullft,97,0.95
resnet50_caltech256_f10_s1_fullft,resnet50,caltech256,10,1,fullft,98,0.8125
resnet50_caltech256_f10_s1_fullft,resnet50,caltech256,10,1,fullft,99,1.0
resnet50_caltech256_f10_s1_fullft,resnet50,caltech256,10,1,fullft,100,0.857143
resnet50_caltech256_f10_s1_fullft,resnet50,caltech256,10,1,fullft,101,0.611111
resnet50_caltech256_f10_s1_fullft,resnet50,caltech256,10,1,fullft,102,0.954545
resnet50_caltech256_f10_s1_fullft,resnet50,caltech256,10,1,fullft,103,0.789474
resnet50_caltech256_f10_s1_fullft,resnet50,caltech256,10,1,fullft,104,0.87037
resnet50_caltech256_f10_s1_fullft,resnet50,caltech256,10,1,fullft,105,0.470588
resnet50_caltech256_f10_s1_fullft,resnet50,caltech256,10,1,fullft,106,0.888889
resnet50_caltech256_f10_s1_fullft,resnet50,caltech256,10,1,fullft,107,0.352941
resnet50_caltech256_f10_s1_fullft,resnet50,caltech256,10,1,fullft,108,0.83871
resnet50_caltech256_f10_s1_fullft,resnet50,caltech256,10,1,fullft,109,0.588235
resnet50_caltech256_f10_s1_fullft,resnet50,caltech256,10,1,fullft,110,0.941176
resnet50_caltech256_f10_s1_fullft,resnet50,caltech256,10,1,fullft,111,0.647059
resnet50_caltech256_f10_s1_fullft,resnet50,caltech256,10,1,fullft,112,0.913043
resnet50_caltech256_f10_s1_fullft,resnet50,caltech256,10,1,fullft,113,1.0
resnet50_caltech256_f10_s1_fullft,resnet50,caltech256,10,1,fullft,114,0.722222
resnet50_caltech256_f10_s1_fullft,resnet50,caltech256,10,1,fullft,115,1.0
resnet50_caltech256_f10_s1_fullft,resnet50,caltech256,10,1,fullft,116,0.75
resnet50_caltech256_f10_s1_fullft,resnet50,caltech256,10,1,fullft,117,0.681818
resnet50_caltech256_f10_s1_fullft,resnet50,caltech256,10,1,fullft,118,0.529412
resnet50_caltech256_f10_s1_fullft,resnet50,caltech256,10,1,fullft,119,0.807692
resnet50_caltech256_f10_s1_fullft,resnet50,caltech256,10,1,fullft,120,0.875
resnet50_caltech256_f10_s1_fullft,resnet50,caltech256,10,1,fullft,121,0.761905
resnet50_caltech256_f10_s1_fullft,resnet50,caltech256,10,1,fullft,122,1.0
resnet50_caltech256_f10_s1_fullft,resnet50,caltech256,10,1,fullft,123,1.0
resnet50_caltech256_f10_s1_fullft,resnet50,caltech256,10,1,fullft,124,0.25
resnet50_caltech256_f10_s1_fullft,resnet50,caltech256,10,1,fullft,125,0.583333
resnet50_caltech256_f10_s1_fullft,resnet50,caltech256,10,1,fullft,126,0.884615
resnet50_caltech256_f10_s1_fullft,resnet50,caltech256,10,1,fullft,127,0.857143
resnet50_caltech256_f10_s1_fullft,resnet50,caltech256,10,1,fullft,128,0.973684
resnet50_caltech256_f10_s1_fullft,resnet50,caltech256,10,1,fullft,129,0.944444
resnet50_caltech256_f10_s1_fullft,resnet50,caltech256,10,1,fullft,130,0.722222
resnet50_caltech256_f10_s1_fullft,resnet50,caltech256,10,1,fullft,131,0.842105
resnet50_caltech256_f10_s1_fullft,resnet50,caltech256,10,1,fullft,132,0.666667
resnet50_caltech256_f10_s1_fullft,resnet50,caltech256,10,1,fullft,133,0.958333
resnet50_caltech256_f10_s1_fullft,resnet50,caltech256,10,1,fullft,134,0.368421
resnet50_caltech256_f10_s1_fullft,resnet50,caltech256,10,1,fullft,135,0.578947
resnet50_caltech256_f10_s1_fullft,resnet50,caltech256,10,1,fullft,136,0.903226
resnet50_caltech256_f10_s1_fullft,resnet50,caltech256,10,1,fullft,137,0.815789
resnet50_caltech256_f10_s1_fullft,resnet50,caltech256,10,1,fullft,138,0.705882
resnet50_caltech256_f10_s1_fullft,resnet50,caltech256,10,1,fullft,139,0.722222
resnet50_caltech256_f10_s1_fullft,resnet50,caltech256,10,1,fullft,140,0.652174
resnet50_caltech256_f10_s1_fullft,resnet50,caltech256,10,1,fullft,141,0.904762
resnet50_caltech256_f10_s1_fullft,resnet50,caltech256,10,1,fullft,142,0.846154
resnet50_caltech256_f10_s1_fullft,resnet50,caltech256,10,1,fullft,143,0.6875
resnet50_caltech256_f10_s1_fullft,resnet50,caltech256,10,1,fullft,144,1.0
resnet50_caltech256_f10_s1_fullft,resnet50,caltech256,10,1,fullft,145,0.375
resnet50_caltech256_f10_s1_fullft,resnet50,caltech256,10,1,fullft,146,0.8
resnet50_caltech256_f10_s1_fullft,resnet50,caltech256,10,1,fullft,147,0.742857
resnet50_caltech256_f10_s1_fullft,resnet50,caltech256,10,1,fullft,148,0.857143
resnet50_caltech256_f10_s1_fullft,resnet50,caltech256,10,1,fullft,149,0.818182
resnet50_caltech256_f10_s1_fullft,resnet50,caltech256,10,1,fullft,150,0.863636
resnet50_caltech256_f10_s1_fullft,resnet50,caltech256,10,1,fullft,151,0.958333
resnet50_caltech256_f10_s1_fullft,resnet50,caltech256,10,1,fullft,152,0.842105
resnet50_caltech256_f10_s1_fullft,resnet50,caltech256,10,1,fullft,153,0.761905
resnet50_caltech256_f10_s1_fullft,resnet50,caltech256,10,1,fullft,154,0.222222
resnet50_caltech256_f10_s1_fullft,resnet50,caltech256,10,1,fullft,155,0.631579
resnet50_caltech256_f10_s1_fullft,resnet50,caltech256,10,1,fullft,156,0.904762
resnet50_caltech256_f10_s1_fullft,resnet50,caltech256,10,1,fullft,157,0.866667
resnet50_caltech256_f10_s1_fullft,resnet50,caltech256,10,1,fullft,158,0.619048
resnet50_caltech256_f10_s1_fullft,resnet50,caltech256,10,1,fullft,159,0.529412
resnet50_caltech256_f10_s1_fullft,resnet50,caltech256,10,1,fullft,160,0.714286
resnet50_caltech256_f10_s1_fullft,resnet50,caltech256,10,1,fullft,161,0.555556
resnet50_caltech256_f10_s1_fullft,resnet50,caltech256,10,1,fullft,162,0.388889
resnet50_caltech256_f10_s1_fullft,resnet50,caltech256,10,1,fullft,163,0.95
resnet50_caltech256_f10_s1_fullft,resnet50,caltech256,10,1,fullft,164,0.611111
resnet50_caltech256_f10_s1_fullft,resnet50,caltech256,10,1,fullft,165,0.833333
resnet50_caltech256_f10_s1_fullft,resnet50,caltech256,10,1,fullft,166,0.470588
resnet50_caltech256_f10_s1_fullft,resnet50,caltech256,10,1,fullft,167,0.964286
resnet50_caltech256_f10_s1_fullft,resnet50,caltech256,10,1,fullft,168,0.944444
resnet50_caltech256_f10_s1_fullft,resnet50,caltech256,10,1,fullft,169,0.5
resnet50_caltech256_f10_s1_fullft,resnet50,caltech256,10,1,fullft,170,0.294118
resnet50_caltech256_f10_s1_fullft,resnet50,caltech256,10,1,fullft,171,0.8
resnet50_caltech256_f10_s1_fullft,resnet50,caltech256,10,1,fullft,172,0.333333
resnet50_caltech256_f10_s1_fullft,resnet50,caltech256,10,1,fullft,173,0.941176
resnet50_caltech256_f10_s1_fullft,resnet50,caltech256,10,1,fullft,174,0.588235
resnet50_caltech256_f10_s1_fullft,resnet50,caltech256,10,1,fullft,175,0.636364
resnet50_caltech256_f10_s1_fullft,resnet50,caltech256,10,1,fullft,176,0.631579
resnet50_caltech256_f10_s1_fullft,resnet50,caltech256,10,1,fullft,177,0.95
resnet50_caltech256_f10_s1_fullft,resnet50,caltech256,10,1,fullft,178,0.9375
resnet50_caltech256_f10_s1_fullft,resnet50,caltech256,10,1,fullft,179,0.35
resnet50_caltech256_f10_s1_fullft,resnet50,caltech256,10,1,fullft,180,0.8
resnet50_caltech256_f10_s1_fullft,resnet50,caltech256,10,1,fullft,181,0.958333
resnet50_caltech256_f10_s1_fullft,resnet50,caltech256,10,1,fullft,182,0.85
resnet50_caltech256_f10_s1_fullft,resnet50,caltech256,10,1,fullft,183,0.882353
resnet50_caltech256_f10_s1_fullft,resnet50,caltech256,10,1,fullft,184,0.047619
resnet50_caltech256_f10_s1_fullft,resnet50,caltech256,10,1,fullft,185,0.9375
resnet50_caltech256_f10_s1_fullft,resnet50,caltech256,10,1,fullft,186,0.736842
resnet50_caltech256_f10_s1_fullft,resnet50,caltech256,10,1,fullft,187,0.5
resnet50_caltech256_f10_s1_fullft,resnet50,caltech256,10,1,fullft,188,0.791667
resnet50_caltech256_f10_s1_fullft,resnet50,caltech256,10,1,fullft,189,0.863636
resnet50_caltech256_f10_s1_fullft,resnet50,caltech256,10,1,fullft,190,0.681818
resnet50_caltech256_f10_s1_fullft,resnet50,caltech256,10,1,fullft,191,0.909091
resnet50_caltech256_f10_s1_fullft,resnet50,caltech256,10,1,fullft,192,0.771429
resnet50_caltech256_f10_s1_fullft,resnet50,caltech256,10,1,fullft,193,0.636364
resnet50_caltech256_f10_s1_fullft,resnet50,caltech256,10,1,fullft,194,0.470588
resnet50_caltech256_f10_s1_fullft,resnet50,caltech256,10,1,fullft,195,0.809524
resnet50_caltech256_f10_s1_fullft,resnet50,caltech256,10,1,fullft,196,0.75
resnet50_caltech256_f10_s1_fullft,resnet50,caltech256,10,1,fullft,197,0.818182
resnet50_caltech256_f10_s1_fullft,resnet50,caltech256,10,1,fullft,198,0.571429
resnet50_caltech256_f10_s1_fullft,resnet50,caltech256,10,1,fullft,199,0.45
resnet50_caltech256_f10_s1_fullft,resnet50,caltech256,10,1,fullft,200,1.0
resnet50_caltech256_f10_s1_fullft,resnet50,caltech256,10,1,fullft,201,0.368421
resnet50_caltech256_f10_s1_fullft,resnet50,caltech256,10,1,fullft,202,0.666667
resnet50_caltech256_f10_s1_fullft,resnet50,caltech256,10,1,fullft,203,1.0
resnet50_caltech256_f10_s1_fullft,resnet50,caltech256,10,1,fullft,204,0.705882
resnet50_caltech256_f10_s1_fullft,resnet50,caltech256,10,1,fullft,205,0.7
resnet50_caltech256_f10_s1_fullft,resnet50,caltech256,10,1,fullft,206,0.695652
resnet50_caltech256_f10_s1_fullft,resnet50,caltech256,10,1,fullft,207,0.818182
resnet50_caltech256_f10_s1_fullft,resnet50,caltech256,10,1,fullft,208,0.25
resnet50_caltech256_f10_s1_fullft,resnet50,caltech256,10,1,fullft,209,0.681818
resnet50_caltech256_f10_s1_fullft,resnet50,caltech256,10,1,fullft,210,0.578947
resnet50_caltech256_f10_s1_fullft,resnet50,caltech256,10,1,fullft,211,0.925926
resnet50_caltech256_f10_s1_fullft,resnet50,caltech256,10,1,fullft,212,0.9
resnet50_caltech256_f10_s1_fullft,resnet50,caltech256,10,1,fullft,213,0.714286
resnet50_caltech256_f10_s1_fullft,resnet50,caltech256,10,1,fullft,214,0.764706
resnet50_caltech256_f10_s1_fullft,resnet50,caltech256,10,1,fullft,215,0.8
resnet50_caltech256_f10_s1_fullft,resnet50,caltech256,10,1,fullft,216,0.714286
resnet50_caltech256_f10_s1_fullft,resnet50,caltech256,10,1,fullft,217,1.0
resnet50_caltech256_f10_s1_fullft,resnet50,caltech256,10,1,fullft,218,0.294118
resnet50_caltech256_f10_s1_fullft,resnet50,caltech256,10,1,fullft,219,0.473684
resnet50_caltech256_f10_s1_fullft,resnet50,caltech256,10,1,fullft,220,0.904762
resnet50_caltech256_f10_s1_fullft,resnet50,caltech256,10,1,fullft,221,0.777778
resnet50_caltech256_f10_s1_fullft,resnet50,caltech256,10,1,fullft,222,0.5625
resnet50_caltech256_f10_s1_fullft,resnet50,caltech256,10,1,fullft,223,0.818182
resnet50_caltech256_f10_s1_fullft,resnet50,caltech256,10,1,fullft,224,0.944444
resnet50_caltech256_f10_s1_fullft,resnet50,caltech256,10,1,fullft,225,0.55
resnet50_caltech256_f10_s1_fullft,resnet50,caltech256,10,1,fullft,226,0.827586
resnet50_caltech256_f10_s1_fullft,resnet50,caltech256,10,1,fullft,227,0.894737
resnet50_caltech256_f10_s1_fullft,resnet50,caltech256,10,1,fullft,228,0.631579
resnet50_caltech256_f10_s1_fullft,resnet50,caltech256,10,1,fullft,229,0.947368
resnet50_caltech256_f10_s1_fullft,resnet50,caltech256,10,1,fullft,230,0.681818
resnet50_caltech256_f10_s1_fullft,resnet50,caltech256,10,1,fullft,231,0.875
resnet50_caltech256_f10_s1_fullft,resnet50,caltech256,10,1,fullft,232,0.4
resnet50_caltech256_f10_s1_fullft,resnet50,caltech256,10,1,fullft,233,0.708333
resnet50_caltech256_f10_s1_fullft,resnet50,caltech256,10,1,fullft,234,0.782609
resnet50_caltech256_f10_s1_fullft,resnet50,caltech256,10,1,fullft,235,0.684211
resnet50_caltech256_f10_s1_fullft,resnet50,caltech256,10,1,fullft,236,0.888889
resnet50_caltech256_f10_s1_fullft,resnet50,caltech256,10,1,fullft,237,0.947368
resnet50_caltech256_f10_s1_fullft,resnet50,caltech256,10,1,fullft,238,0.470588
resnet50_caltech256_f10_s1_fullft,resnet50,caltech256,10,1,fullft,239,0.875
resnet50_caltech256_f10_s1_fullft,resnet50,caltech256,10,1,fullft,240,0.736842
resnet50_caltech256_f10_s1_fullft,resnet50,caltech256,10,1,fullft,241,0.526316
resnet50_caltech256_f10_s1_fullft,resnet50,caltech256,10,1,fullft,242,0.555556
resnet50_caltech256_f10_s1_fullft,resnet50,caltech256,10,1,fullft,243,0.722222
resnet50_caltech256_f10_s1_fullft,resnet50,caltech256,10,1,fullft,244,0.333333
resnet50_caltech256_f10_s1_fullft,resnet50,caltech256,10,1,fullft,245,0.7
resnet50_caltech256_f10_s1_fullft,resnet50,caltech256,10,1,fullft,246,0.722222
resnet50_caltech256_f10_s1_fullft,resnet50,caltech256,10,1,fullft,247,0.705882
resnet50_caltech256_f10_s1_fullft,resnet50,caltech256,10,1,fullft,248,0.45
resnet50_caltech256_f10_s1_fullft,resnet50,caltech256,10,1,fullft,249,1.0
resnet50_caltech256_f10_s1_fullft,resnet50,caltech256,10,1,fullft,250,1.0
resnet50_caltech256_f10_s1_fullft,resnet50,caltech256,10,1,fullft,251,1.0
resnet50_caltech256_f10_s1_fullft,resnet50,caltech256,10,1,fullft,252,0.988506
resnet50_caltech256_f10_s1_fullft,resnet50,caltech256,10,1,fullft,253,0.842105
resnet50_caltech256_f10_s1_fullft,resnet50,caltech256,10,1,fullft,254,0.571429
resnet50_caltech256_f10_s1_fullft,resnet50,caltech256,10,1,fullft,255,0.818182
resnet50_caltech256_f10_s1_linprobe,resnet50,caltech256,10,1,linprobe,0,0.9
resnet50_caltech256_f10_s1_linprobe,resnet50,caltech256,10,1,linprobe,1,0.736842
resnet50_caltech256_f10_s1_linprobe,resnet50,caltech256,10,1,linprobe,2,0.9
resnet50_caltech256_f10_s1_linprobe,resnet50,caltech256,10,1,linprobe,3,0.24
resnet50_caltech256_f10_s1_linprobe,resnet50,caltech256,10,1,linprobe,4,0.933333
resnet50_caltech256_f10_s1_linprobe,resnet50,caltech256,10,1,linprobe,5,0.555556
resnet50_caltech256_f10_s1_linprobe,resnet50,caltech256,10,1,linprobe,6,0.619048
resnet50_caltech256_f10_s1_linprobe,resnet50,caltech256,10,1,linprobe,7,0.847826
resnet50_caltech256_f10_s1_linprobe,resnet50,caltech256,10,1,linprobe,8,0.95
resnet50_caltech256_f10_s1_linprobe,resnet50,caltech256,10,1,linprobe,9,0.578947
resnet50_caltech256_f10_s1_linprobe,resnet50,caltech256,10,1,linprobe,10,0.857143
resnet50_caltech256_f10_s1_linprobe,resnet50,caltech256,10,1,linprobe,11,0.930233
resnet50_caltech256_f10_s1_linprobe,resnet50,caltech256,10,1,linprobe,12,0.75
resnet50_caltech256_f10_s1_linprobe,resnet50,caltech256,10,1,linprobe,13,0.764706
resnet50_caltech256_f10_s1_linprobe,resnet50,caltech256,10,1,linprobe,14,1.0
resnet50_caltech256_f10_s1_linprobe,resnet50,caltech256,10,1,linprobe,15,0.5
resnet50_caltech256_f10_s1_linprobe,resnet50,caltech256,10,1,linprobe,16,0.47619
resnet50_caltech256_f10_s1_linprobe,resnet50,caltech256,10,1,linprobe,17,0.45
resnet50_caltech256_f10_s1_linprobe,resnet50,caltech256,10,1,linprobe,18,0.48
resnet50_caltech256_f10_s1_linprobe,resnet50,caltech256,10,1,linprobe,19,0.882353
resnet50_caltech256_f10_s1_linprobe,resnet50,caltech256,10,1,linprobe,20,0.678571
resnet50_caltech256_f10_s1_linprobe,resnet50,caltech256,10,1,linprobe,21,0.894737
resnet50_caltech256_f10_s1_linprobe,resnet50,caltech256,10,1,linprobe,22,0.818182
resnet50_caltech256_f10_s1_linprobe,resnet50,caltech256,10,1,linprobe,23,1.0
resnet50_caltech256_f10_s1_linprobe,resnet50,caltech256,10,1,linprobe,24,0.478261
resnet50_caltech256_f10_s1_linprobe,resnet50,caltech256,10,1,linprobe,25,0.380952
resnet50_caltech256_f10_s1_linprobe,resnet50,caltech256,10,1,linprobe,26,0.75
resnet50_caltech256_f10_s1_linprobe,resnet50,caltech256,10,1,linprobe,27,0.863636
resnet50_caltech256_f10_s1_linprobe,resnet50,caltech256,10,1,linprobe,28,0.857143
resnet50_caltech256_f10_s1_linprobe,resnet50,caltech256,10,1,linprobe,29,0.47619
resnet50_caltech256_f10_s1_linprobe,resnet50,caltech256,10,1,linprobe,30,0.722222
resnet50_caltech256_f10_s1_linprobe,resnet50,caltech256,10,1,linprobe,31,0.7
resnet50_caltech256_f10_s1_linprobe,resnet50,caltech256,10,1,linprobe,32,0.15
resnet50_caltech256_f10_s1_linprobe,resnet50,caltech256,10,1,linprobe,33,0.9
resnet50_caltech256_f10_s1_linprobe,resnet50,caltech256,10,1,linprobe,34,0.647059
resnet50_caltech256_f10_s1_linprobe,resnet50,caltech256,10,1,linprobe,35,0.714286
resnet50_caltech256_f10_s1_linprobe,resnet50,caltech256,10,1,linprobe,36,0.583333
resnet50_caltech256_f10_s1_linprobe,resnet50,caltech256,10,1,linprobe,37,0.454545
resnet50_caltech256_f10_s1_linprobe,resnet50,caltech256,10,1,linprobe,38,0.117647
resnet50_caltech256_f10_s1_linprobe,resnet50,caltech256,10,1,linprobe,39,0.88
resnet50_caltech256_f10_s1_linprobe,resnet50,caltech256,10,1,linprobe,40,0.882353
resnet50_caltech256_f10_s1_linprobe,resnet50,caltech256,10,1,linprobe,41,0.705882
resnet50_caltech256_f10_s1_linprobe,resnet50,caltech256,10,1,linprobe,42,0.6
resnet50_caltech256_f10_s1_linprobe,resnet50,caltech256,10,1,linprobe,43,0.791667
resnet50_caltech256_f10_s1_linprobe,resnet50,caltech256,10,1,linprobe,44,0.705882
resnet50_caltech256_f10_s1_linprobe,resnet50,caltech256,10,1,linprobe,45,0.888889
resnet50_caltech256_f10_s1_linprobe,resnet50,caltech256,10,1,linprobe,46,0.736842
resnet50_caltech256_f10_s1_linprobe,resnet50,caltech256,10,1,linprobe,47,0.619048
resnet50_caltech256_f10_s1_linprobe,resnet50,caltech256,10,1,linprobe,48,0.857143
resnet50_caltech256_f10_s1_linprobe,resnet50,caltech256,10,1,linprobe,49,0.842105
resnet50_caltech256_f10_s1_linprobe,resnet50,caltech256,10,1,linprobe,50,0.826087
resnet50_caltech256_f10_s1_linprobe,resnet50,caltech256,10,1,linprobe,51,0.764706
resnet50_caltech256_f10_s1_linprobe,resnet50,caltech256,10,1,linprobe,52,0.9375
resnet50_caltech256_f10_s1_linprobe,resnet50,caltech256,10,1,linprobe,53,0.708333
resnet50_caltech256_f10_s1_linprobe,resnet50,caltech256,10,1,linprobe,54,0.3
resnet50_caltech256_f10_s1_linprobe,resnet50,caltech256,10,1,linprobe,55,0.5
resnet50_caltech256_f10_s1_linprobe,resnet50,caltech256,10,1,linprobe,56,0.619048
resnet50_caltech256_f10_s1_linprobe,resnet50,caltech256,10,1,linprobe,57,0.789474
resnet50_caltech256_f10_s1_linprobe,resnet50,caltech256,10,1,linprobe,58,0.176471
resnet50_caltech256_f10_s1_linprobe,resnet50,caltech256,10,1,linprobe,59,0.705882
resnet50_caltech256_f10_s1_linprobe,resnet50,caltech256,10,1,linprobe,60,0.75
resnet50_caltech256_f10_s1_linprobe,resnet50,caltech256,10,1,linprobe,61,0.647059
resnet50_caltech256_f10_s1_linprobe,resnet50,caltech256,10,1,linprobe,62,0.833333
resnet50_caltech256_f10_s1_linprobe,resnet50,caltech256,10,1,linprobe,63,0.923077
resnet50_caltech256_f10_s1_linprobe,resnet50,caltech256,10,1,linprobe,64,0.85
resnet50_caltech256_f10_s1_linprobe,resnet50,caltech256,10,1,linprobe,65,0.882353
resnet50_caltech256_f10_s1_linprobe,resnet50,caltech256,10,1,linprobe,66,0.882353
resnet50_caltech256_f10_s1_linprobe,resnet50,caltech256,10,1,linprobe,67,0.818182
resnet50_caltech256_f10_s1_linprobe,resnet50,caltech256,10,1,linprobe,68,0.3
resnet50_caltech256_f10_s1_linprobe,resnet50,caltech256,10,1,linprobe,69,0.411765
resnet50_caltech256_f10_s1_linprobe,resnet50,caltech256,10,1,linprobe,70,0.65
resnet50_caltech256_f10_s1_linprobe,resnet50,caltech256,10,1,linprobe,71,0.958333
resnet50_caltech256_f10_s1_linprobe,resnet50,caltech256,10,1,linprobe,72,0.8
resnet50_caltech256_f10_s1_linprobe,resnet50,caltech256,10,1,linprobe,73,0.434783
resnet50_caltech256_f10_s1_linprobe,resnet50,caltech256,10,1,linprobe,74,0.411765
resnet50_caltech256_f10_s1_linprobe,resnet50,caltech256,10,1,linprobe,75,0.823529
resnet50_caltech256_f10_s1_linprobe,resnet50,caltech256,10,1,linprobe,76,1.0
resnet50_caltech256_f10_s1_linprobe,resnet50,caltech256,10,1,linprobe,77,0.611111
resnet50_caltech256_f10_s1_linprobe,resnet50,caltech256,10,1,linprobe,78,0.35
resnet50_caltech256_f10_s1_linprobe,resnet50,caltech256,10,1,linprobe,79,0.869565
resnet50_caltech256_f10_s1_linprobe,resnet50,caltech256,10,1,linprobe,80,0.842105
resnet50_caltech256_f10_s1_linprobe,resnet50,caltech256,10,1,linprobe,81,0.625
resnet50_caltech256_f10_s1_linprobe,resnet50,caltech256,10,1,linprobe,82,0.631579
resnet50_caltech256_f10_s1_linprobe,resnet50,caltech256,10,1,linprobe,83,0.882353
resnet50_caltech256_f10_s1_linprobe,resnet50,caltech256,10,1,linprobe,84,0.636364
resnet50_caltech256_f10_s1_linprobe,resnet50,caltech256,10,1,linprobe,85,0.875
resnet50_caltech256_f10_s1_linprobe,resnet50,caltech256,10,1,linprobe,86,0.789474
resnet50_caltech256_f10_s1_linprobe,resnet50,caltech256,10,1,linprobe,87,0.85
resnet50_caltech256_f10_s1_linprobe,resnet50,caltech256,10,1,linprobe,88,0.818182
resnet50_caltech256_f10_s1_linprobe,resnet50,caltech256,10,1,linprobe,89,1.0
resnet50_caltech256_f10_s1_linprobe,resnet50,caltech256,10,1,linprobe,90,0.894737
resnet50_caltech256_f10_s1_linprobe,resnet50,caltech256,10,1,linprobe,91,0.725
resnet50_caltech256_f10_s1_linprobe,resnet50,caltech256,10,1,linprobe,92,1.0
resnet50_caltech256_f10_s1_linprobe,resnet50,caltech256,10,1,linprobe,93,0.952381
resnet50_caltech256_f10_s1_linprobe,resnet50,caltech256,10,1,linprobe,94,0.764706
resnet50_caltech256_f10_s1_linprobe,resnet50,caltech256,10,1,linprobe,95,0.438596
resnet50_caltech256_f10_s1_linprobe,resnet50,caltech256,10,1,linprobe,96,0.666667
resnet50_caltech256_f10_s1_linprobe,resnet50,caltech256,10,1,linprobe,97,0.9
resnet50_caltech256_f10_s1_linprobe,resnet50,caltech256,10,1,linprobe,98,1.0
resnet50_caltech256_f10_s1_linprobe,resnet50,caltech256,10,1,linprobe,99,1.0
resnet50_caltech256_f10_s1_linprobe,resnet50,caltech256,10,1,linprobe,100,0.642857
resnet50_caltech256_f10_s1_linprobe,resnet50,caltech256,10,1,linprobe,101,0.888889
resnet50_caltech256_f10_s1_linprobe,resnet50,caltech256,10,1,linprobe,102,0.954545
resnet50_caltech256_f10_s1_linprobe,resnet50,caltech256,10,1,linprobe,103,0.736842
resnet50_caltech256_f10_s1_linprobe,resnet50,caltech256,10,1,linprobe,104,0.703704
resnet50_caltech256_f10_s1_linprobe,resnet50,caltech256,10,1,linprobe,105,0.588235
resnet50_caltech256_f10_s1_linprobe,resnet50,caltech256,10,1,linprobe,106,0.944444
resnet50_caltech256_f10_s1_linprobe,resnet50,caltech256,10,1,linprobe,107,0.117647
resnet50_caltech256_f10_s1_linprobe,resnet50,caltech256,10,1,linprobe,108,0.612903
resnet50_caltech256_f10_s1_linprobe,resnet50,caltech256,10,1,linprobe,109,0.705882
resnet50_caltech256_f10_s1_linprobe,resnet50,caltech256,10,1,linprobe,110,0.941176
resnet50_caltech256_f10_s1_linprobe,resnet50,caltech256,10,1,linprobe,111,0.647059
resnet50_caltech256_f10_s1_linprobe,resnet50,caltech256,10,1,linprobe,112,0.913043
resnet50_caltech256_f10_s1_linprobe,resnet50,caltech256,10,1,linprobe,113,0.875
resnet50_caltech256_f10_s1_linprobe,resnet50,caltech256,10,1,linprobe,114,0.777778
resnet50_caltech256_f10_s1_linprobe,resnet50,caltech256,10,1,linprobe,115,0.809524
resnet50_caltech256_f10_s1_linprobe,resnet50,caltech256,10,1,linprobe,116,0.833333
resnet50_caltech256_f10_s1_linprobe,resnet50,caltech256,10,1,linprobe,117,0.318182
resnet50_caltech256_f10_s1_linprobe,resnet50,caltech256,10,1,linprobe,118,0.352941
resnet50_caltech256_f10_s1_linprobe,resnet50,caltech256,10,1,linprobe,119,0.769231
resnet50_caltech256_f10_s1_linprobe,resnet50,caltech256,10,1,linprobe,120,0.9375
resnet50_caltech256_f10_s1_linprobe,resnet50,caltech256,10,1,linprobe,121,0.666667
resnet50_caltech256_f10_s1_linprobe,resnet50,caltech256,10,1,linprobe,122,1.0
resnet50_caltech256_f10_s1_linprobe,resnet50,caltech256,10,1,linprobe,123,1.0
resnet50_caltech256_f10_s1_linprobe,resnet50,caltech256,10,1,linprobe,124,0.05
resnet50_caltech256_f10_s1_linprobe,resnet50,caltech256,10,1,linprobe,125,0.3125
resnet50_caltech256_f10_s1_linprobe,resnet50,caltech256,10,1,linprobe,126,0.807692
resnet50_caltech256_f10_s1_linprobe,resnet50,caltech256,10,1,linprobe,127,0.714286
resnet50_caltech256_f10_s1_linprobe,resnet50,caltech256,10,1,linprobe,128,1.0
resnet50_caltech256_f10_s1_linprobe,resnet50,caltech256,10,1,linprobe,129,0.888889
resnet50_caltech256_f10_s1_linprobe,resnet50,caltech256,10,1,linprobe,130,0.888889
resnet50_caltech256_f10_s1_linprobe,resnet50,caltech256,10,1,linprobe,131,0.894737
resnet50_caltech256_f10_s1_linprobe,resnet50,caltech256,10,1,linprobe,132,0.666667
resnet50_caltech256_f10_s1_linprobe,resnet50,caltech256,10,1,linprobe,133,1.0
resnet50_caltech256_f10_s1_linprobe,resnet50,caltech256,10,1,linprobe,134,0.526316
resnet50_caltech256_f10_s1_linprobe,resnet50,caltech256,10,1,linprobe,135,0.368421
resnet50_caltech256_f10_s1_linprobe,resnet50,caltech256,10,1,linprobe,136,0.935484
resnet50_caltech256_f10_s1_linprobe,resnet50,caltech256,10,1,linprobe,137,0.763158
resnet50_caltech256_f10_s1_linprobe,resnet50,caltech256,10,1,linprobe,138,0.823529
resnet50_caltech256_f10_s1_linprobe,resnet50,caltech256,10,1,linprobe,139,0.722222
resnet50_caltech256_f10_s1_linprobe,resnet50,caltech256,10,1,linprobe,140,0.608696
resnet50_caltech256_f10_s1_linprobe,resnet50,caltech256,10,1,linprobe,141,0.857143
resnet50_caltech256_f10_s1_linprobe,resnet50,caltech256,10,1,linprobe,142,0.923077
resnet50_caltech256_f10_s1_linprobe,resnet50,caltech256,10,1,linprobe,143,0.75
resnet50_caltech256_f10_s1_linprobe,resnet50,caltech256,10,1,linprobe,144,0.975
resnet50_caltech256_f10_s1_linprobe,resnet50,caltech256,10,1,linprobe,145,0.8125
resnet50_caltech256_f10_s1_linprobe,resnet50,caltech256,10,1,linprobe,146,0.875
resnet50_caltech256_f10_s1_linprobe,resnet50,caltech256,10,1,linprobe,147,0.142857
resnet50_caltech256_f10_s1_linprobe,resnet50,caltech256,10,1,linprobe,148,0.904762
resnet50_caltech256_f10_s1_linprobe,resnet50,caltech256,10,1,linprobe,149,0.681818
resnet50_caltech256_f10_s1_linprobe,resnet50,caltech256,10,1,linprobe,150,0.909091
resnet50_caltech256_f10_s1_linprobe,resnet50,caltech256,10,1,linprobe,151,0.958333
resnet50_caltech256_f10_s1_linprobe,resnet50,caltech256,10,1,linprobe,152,0.789474
resnet50_caltech256_f10_s1_linprobe,resnet50,caltech256,10,1,linprobe,153,0.809524
resnet50_caltech256_f10_s1_linprobe,resnet50,caltech256,10,1,linprobe,154,0.277778
resnet50_caltech256_f10_s1_linprobe,resnet50,caltech256,10,1,linprobe,155,0.736842
resnet50_caltech256_f10_s1_linprobe,resnet50,caltech256,10,1,linprobe,156,0.809524
resnet50_caltech256_f10_s1_linprobe,resnet50,caltech256,10,1,linprobe,157,0.833333
resnet50_caltech256_f10_s1_linprobe,resnet50,caltech256,10,1,linprobe,158,0.47619
resnet50_caltech256_f10_s1_linprobe,resnet50,caltech256,10,1,linprobe,159,0.470588
resnet50_caltech256_f10_s1_linprobe,resnet50,caltech256,10,1,linprobe,160,0.619048
resnet50_caltech256_f10_s1_linprobe,resnet50,caltech256,10,1,linprobe,161,0.611111
resnet50_caltech256_f10_s1_linprobe,resnet50,caltech256,10,1,linprobe,162,0.555556
resnet50_caltech256_f10_s1_linprobe,resnet50,caltech256,10,1,linprobe,163,0.95
resnet50_caltech256_f10_s1_linprobe,resnet50,caltech256,10,1,linprobe,164,0.555556
resnet50_caltech256_f10_s1_linprobe,resnet50,caltech256,10,1,linprobe,165,0.611111
resnet50_caltech256_f10_s1_linprobe,resnet50,caltech256,10,1,linprobe,166,0.411765
resnet50_caltech256_f10_s1_linprobe,resnet50,caltech256,10,1,linprobe,167,0.964286
resnet50_caltech256_f10_s1_linprobe,resnet50,caltech256,10,1,linprobe,168,0.944444
resnet50_caltech256_f10_s1_linprobe,resnet50,caltech256,10,1,linprobe,169,0.8
resnet50_caltech256_f10_s1_linprobe,resnet50,caltech256,10,1,linprobe,170,0.588235
resnet50_caltech256_f10_s1_linprobe,resnet50,caltech256,10,1,linprobe,171,0.8
resnet50_caltech256_f10_s1_linprobe,resnet50,caltech256,10,1,linprobe,172,0.428571
resnet50_caltech256_f10_s1_linprobe,resnet50,caltech256,10,1,linprobe,173,0.764706
resnet50_caltech256_f10_s1_linprobe,resnet50,caltech256,10,1,linprobe,174,0.411765
resnet50_caltech256_f10_s1_linprobe,resnet50,caltech256,10,1,linprobe,175,0.636364
resnet50_caltech256_f10_s1_linprobe,resnet50,caltech256,10,1,linprobe,176,0.736842
resnet50_caltech256_f10_s1_linprobe,resnet50,caltech256,10,1,linprobe,177,0.9
resnet50_caltech256_f10_s1_linprobe,resnet50,caltech256,10,1,linprobe,178,0.8125
resnet50_caltech256_f10_s1_linprobe,resnet50,caltech256,10,1,linprobe,179,0.5
resnet50_caltech256_f10_s1_linprobe,resnet50,caltech256,10,1,linprobe,180,0.8
resnet50_caltech256_f10_s1_linprobe,resnet50,caltech256,10,1,linprobe,181,1.0
resnet50_caltech256_f10_s1_linprobe,resnet50,caltech256,10,1,linprobe,182,1.0
resnet50_caltech256_f10_s1_linprobe,resnet50,caltech256,10,1,linprobe,183,0.941176
resnet50_caltech256_f10_s1_linprobe,resnet50,caltech256,10,1,linprobe,184,0.285714
resnet50_caltech256_f10_s1_linprobe,resnet50,caltech256,10,1,linprobe,185,1.0
resnet50_caltech256_f10_s1_linprobe,resnet50,caltech256,10,1,linprobe,186,0.947368
resnet50_caltech256_f10_s1_linprobe,resnet50,caltech256,10,1,linprobe,187,0.611111
resnet50_caltech256_f10_s1_linprobe,resnet50,caltech256,10,1,linprobe,188,0.708333
resnet50_caltech256_f10_s1_linprobe,resnet50,caltech256,10,1,linprobe,189,0.909091
resnet50_caltech256_f10_s1_linprobe,resnet50,caltech256,10,1,linprobe,190,0.818182
resnet50_caltech256_f10_s1_linprobe,resnet50,caltech256,10,1,linprobe,191,0.909091
resnet50_caltech256_f10_s1_linprobe,resnet50,caltech256,10,1,linprobe,192,0.685714
resnet50_caltech256_f10_s1_linprobe,resnet50,caltech256,10,1,linprobe,193,0.863636
resnet50_caltech256_f10_s1_linprobe,resnet50,caltech256,10,1,linprobe,194,0.294118
resnet50_caltech256_f10_s1_linprobe,resnet50,caltech256,10,1,linprobe,195,0.619048
resnet50_caltech256_f10_s1_linprobe,resnet50,caltech256,10,1,linprobe,196,0.75
resnet50_caltech256_f10_s1_linprobe,resnet50,caltech256,10,1,linprobe,197,0.818182
resnet50_caltech256_f10_s1_linprobe,resnet50,caltech256,10,1,linprobe,198,0.428571
resnet50_caltech256_f10_s1_linprobe,resnet50,caltech256,10,1,linprobe,199,0.5
resnet50_caltech256_f10_s1_linprobe,resnet50,caltech256,10,1,linprobe,200,1.0
resnet50_caltech256_f10_s1_linprobe,resnet50,caltech256,10,1,linprobe,201,0.526316
resnet50_caltech256_f10_s1_linprobe,resnet50,caltech256,10,1,linprobe,202,0.444444
resnet50_caltech256_f10_s1_linprobe,resnet50,caltech256,10,1,linprobe,203,0.9375
resnet50_caltech256_f10_s1_linprobe,resnet50,caltech256,10,1,linprobe,204,0.705882
resnet50_caltech256_f10_s1_linprobe,resnet50,caltech256,10,1,linprobe,205,0.65
resnet50_caltech256_f10_s1_linprobe,resnet50,caltech256,10,1,linprobe,206,0.826087
resnet50_caltech256_f10_s1_linprobe,resnet50,caltech256,10,1,linprobe,207,0.818182
resnet50_caltech256_f10_s1_linprobe,resnet50,caltech256,10,1,linprobe,208,0.5
resnet50_caltech256_f10_s1_linprobe,resnet50,caltech256,10,1,linprobe,209,0.681818
resnet50_caltech256_f10_s1_linprobe,resnet50,caltech256,10,1,linprobe,210,0.578947
resnet50_caltech256_f10_s1_linprobe,resnet50,caltech256,10,1,linprobe,211,0.814815
resnet50_caltech256_f10_s1_linprobe,resnet50,caltech256,10,1,linprobe,212,1.0
resnet50_caltech256_f10_s1_linprobe,resnet50,caltech256,10,1,linprobe,213,0.964286
resnet50_caltech256_f10_s1_linprobe,resnet50,caltech256,10,1,linprobe,214,0.882353
resnet50_caltech256_f10_s1_linprobe,resnet50,caltech256,10,1,linprobe,215,0.6
resnet50_caltech256_f10_s1_linprobe,resnet50,caltech256,10,1,linprobe,216,0.857143
resnet50_caltech256_f10_s1_linprobe,resnet50,caltech256,10,1,linprobe,217,0.6875
resnet50_caltech256_f10_s1_linprobe,resnet50,caltech256,10,1,linprobe,218,0.176471
resnet50_caltech256_f10_s1_linprobe,resnet50,caltech256,10,1,linprobe,219,0.842105
resnet50_caltech256_f10_s1_linprobe,resnet50,caltech256,10,1,linprobe,220,0.904762
resnet50_caltech256_f10_s1_linprobe,resnet50,caltech256,10,1,linprobe,221,0.777778
resnet50_caltech256_f10_s1_linprobe,resnet50,caltech256,10,1,linprobe,222,0.5
resnet50_caltech256_f10_s1_linprobe,resnet50,caltech256,10,1,linprobe,223,0.590909
resnet50_caltech256_f10_s1_linprobe,resnet50,caltech256,10,1,linprobe,224,0.944444
resnet50_caltech256_f10_s1_linprobe,resnet50,caltech256,10,1,linprobe,225,0.45
resnet50_caltech256_f10_s1_linprobe,resnet50,caltech256,10,1,linprobe,226,0.655172
resnet50_caltech256_f10_s1_linprobe,resnet50,caltech256,10,1,linprobe,227,0.894737
resnet50_caltech256_f10_s1_linprobe,resnet50,caltech256,10,1,linprobe,228,0.736842
resnet50_caltech256_f10_s1_linprobe,resnet50,caltech256,10,1,linprobe,229,0.947368
resnet50_caltech256_f10_s1_linprobe,resnet50,caltech256,10,1,linprobe,230,0.636364
resnet50_caltech256_f10_s1_linprobe,resnet50,caltech256,10,1,linprobe,231,0.888889
resnet50_caltech256_f10_s1_linprobe,resnet50,caltech256,10,1,linprobe,232,0.55
resnet50_caltech256_f10_s1_linprobe,resnet50,caltech256,10,1,linprobe,233,0.791667
resnet50_caltech256_f10_s1_linprobe,resnet50,caltech256,10,1,linprobe,234,0.782609
resnet50_caltech256_f10_s1_linprobe,resnet50,caltech256,10,1,linprobe,235,0.578947
resnet50_caltech256_f10_s1_linprobe,resnet50,caltech256,10,1,linprobe,236,0.833333
resnet50_caltech256_f10_s1_linprobe,resnet50,caltech256,10,1,linprobe,237,1.0
resnet50_caltech256_f10_s1_linprobe,resnet50,caltech256,10,1,linprobe,238,0.588235
resnet50_caltech256_f10_s1_linprobe,resnet50,caltech256,10,1,linprobe,239,0.9
resnet50_caltech256_f10_s1_linprobe,resnet50,caltech256,10,1,linprobe,240,0.842105
resnet50_caltech256_f10_s1_linprobe,resnet50,caltech256,10,1,linprobe,241,0.421053
resnet50_caltech256_f10_s1_linprobe,resnet50,caltech256,10,1,linprobe,242,0.555556
resnet50_caltech256_f10_s1_linprobe,resnet50,caltech256,10,1,linprobe,243,0.611111
resnet50_caltech256_f10_s1_linprobe,resnet50,caltech256,10,1,linprobe,244,0.277778
resnet50_caltech256_f10_s1_linprobe,resnet50,caltech256,10,1,linprobe,245,0.8
resnet50_caltech256_f10_s1_linprobe,resnet50,caltech256,10,1,linprobe,246,0.555556
resnet50_caltech256_f10_s1_linprobe,resnet50,caltech256,10,1,linprobe,247,0.764706
resnet50_caltech256_f10_s1_linprobe,resnet50,caltech256,10,1,linprobe,248,0.5
resnet50_caltech256_f10_s1_linprobe,resnet50,caltech256,10,1,linprobe,249,1.0
resnet50_caltech256_f10_s1_linprobe,resnet50,caltech256,10,1,linprobe,250,0.96875
resnet50_caltech256_f10_s1_linprobe,resnet50,caltech256,10,1,linprobe,251,1.0
resnet50_caltech256_f10_s1_linprobe,resnet50,caltech256,10,1,linprobe,252,0.988506
resnet50_caltech256_f10_s1_linprobe,resnet50,caltech256,10,1,linprobe,253,0.947368
resnet50_caltech256_f10_s1_linprobe,resnet50,caltech256,10,1,linprobe,254,0.095238
resnet50_caltech256_f10_s1_linprobe,resnet50,caltech256,10,1,linprobe,255,0.636364
resnet50_caltech256_f10_s2_fullft,resnet50,caltech256,10,2,fullft,0,0.8
resnet50_caltech256_f10_s2_fullft,resnet50,caltech256,10,2,fullft,1,0.789474
resnet50_caltech256_f10_s2_fullft,resnet50,caltech256,10,2,fullft,2,0.833333
resnet50_caltech256_f10_s2_fullft,resnet50,caltech256,10,2,fullft,3,0.32
resnet50_caltech256_f10_s2_fullft,resnet50,caltech256,10,2,fullft,4,0.866667
resnet50_caltech256_f10_s2_fullft,resnet50,caltech256,10,2,fullft,5,0.666667
resnet50_caltech256_f10_s2_fullft,resnet50,caltech256,10,2,fullft,6,0.571429
resnet50_caltech256_f10_s2_fullft,resnet50,caltech256,10,2,fullft,7,0.782609
resnet50_caltech256_f10_s2_fullft,resnet50,caltech256,10,2,fullft,8,0.8
resnet50_caltech256_f10_s2_fullft,resnet50,caltech256,10,2,fullft,9,0.736842
resnet50_caltech256_f10_s2_fullft,resnet50,caltech256,10,2,fullft,10,0.892857
resnet50_caltech256_f10_s2_fullft,resnet50,caltech256,10,2,fullft,11,0.930233
resnet50_caltech256_f10_s2_fullft,resnet50,caltech256,10,2,fullft,12,0.55
resnet50_caltech256_f10_s2_fullft,resnet50,caltech256,10,2,fullft,13,0.823529
resnet50_caltech256_f10_s2_fullft,resnet50,caltech256,10,2,fullft,14,0.916667
resnet50_caltech256_f10_s2_fullft,resnet50,caltech256,10,2,fullft,15,0.944444
resnet50_caltech256_f10_s2_fullft,resnet50,caltech256,10,2,fullft,16,0.571429
resnet50_caltech256_f10_s2_fullft,resnet50,caltech256,10,2,fullft,17,0.65
resnet50_caltech256_f10_s2_fullft,resnet50,caltech256,10,2,fullft,18,0.72
resnet50_caltech256_f10_s2_fullft,resnet50,caltech256,10,2,fullft,19,0.647059
resnet50_caltech256_f10_s2_fullft,resnet50,caltech256,10,2,fullft,20,0.821429
resnet50_caltech256_f10_s2_fullft,resnet50,caltech256,10,2,fullft,21,0.789474
resnet50_caltech256_f10_s2_fullft,resnet50,caltech256,10,2,fullft,22,0.909091
resnet50_caltech256_f10_s2_fullft,resnet50,caltech256,10,2,fullft,23,0.863636
resnet50_caltech256_f10_s2_fullft,resnet50,caltech256,10,2,fullft,24,0.73913
resnet50_caltech256_f10_s2_fullft,resnet50,caltech256,10,2,fullft,25,0.285714
resnet50_caltech256_f10_s2_fullft,resnet50,caltech256,10,2,fullft,26,0.85
resnet50_caltech256_f10_s2_fullft,resnet50,caltech256,10,2,fullft,27,0.863636
resnet50_caltech256_f10_s2_fullft,resnet50,caltech256,10,2,fullft,28,0.904762
resnet50_caltech256_f10_s2_fullft,resnet50,caltech256,10,2,fullft,29,0.428571
resnet50_caltech256_f10_s2_fullft,resnet50,caltech256,10,2,fullft,30,0.555556
resnet50_caltech256_f10_s2_fullft,resnet50,caltech256,10,2,fullft,31,0.75
resnet50_caltech256_f10_s2_fullft,resnet50,caltech256,10,2,fullft,32,0.75
resnet50_caltech256_f10_s2_fullft,resnet50,caltech256,10,2,fullft,33,0.95
resnet50_caltech256_f10_s2_fullft,resnet50,caltech256,10,2,fullft,34,0.823529
resnet50_caltech256_f10_s2_fullft,resnet50,caltech256,10,2,fullft,35,0.666667
resnet50_caltech256_f10_s2_fullft,resnet50,caltech256,10,2,fullft,36,0.875
resnet50_caltech256_f10_s2_fullft,resnet50,caltech256,10,2,fullft,37,0.5
resnet50_caltech256_f10_s2_fullft,resnet50,caltech256,10,2,fullft,38,0.176471
resnet50_caltech256_f10_s2_fullft,resnet50,caltech256,10,2,fullft,39,0.84
resnet50_caltech256_f10_s2_fullft,resnet50,caltech256,10,2,fullft,40,0.941176
resnet50_caltech256_f10_s2_fullft,resnet50,caltech256,10,2,fullft,41,0.235294
resnet50_caltech256_f10_s2_fullft,resnet50,caltech256,10,2,fullft,42,0.6
resnet50_caltech256_f10_s2_fullft,resnet50,caltech256,10,2,fullft,43,0.666667
resnet50_caltech256_f10_s2_fullft,resnet50,caltech256,10,2,fullft,44,0.823529
resnet50_caltech256_f10_s2_fullft,resnet50,caltech256,10,2,fullft,45,0.851852
resnet50_caltech256_f10_s2_fullft,resnet50,caltech256,10,2,fullft,46,0.842105
resnet50_caltech256_f10_s2_fullft,resnet50,caltech256,10,2,fullft,47,0.809524
resnet50_caltech256_f10_s2_fullft,resnet50,caltech256,10,2,fullft,48,0.857143
resnet50_caltech256_f10_s2_fullft,resnet50,caltech256,10,2,fullft,49,0.631579
resnet50_caltech256_f10_s2_fullft,resnet50,caltech256,10,2,fullft,50,0.652174
resnet50_caltech256_f10_s2_fullft,resnet50,caltech256,10,2,fullft,51,0.647059
resnet50_caltech256_f10_s2_fullft,resnet50,caltech256,10,2,fullft,52,0.75
resnet50_caltech256_f10_s2_fullft,resnet50,caltech256,10,2,fullft,53,0.916667
resnet50_caltech256_f10_s2_fullft,resnet50,caltech256,10,2,fullft,54,0.6
resnet50_caltech256_f10_s2_fullft,resnet50,caltech256,10,2,fullft,55,0.6
resnet50_caltech256_f10_s2_fullft,resnet50,caltech256,10,2,fullft,56,0.714286
resnet50_caltech256_f10_s2_fullft,resnet50,caltech256,10,2,fullft,57,0.631579
resnet50_caltech256_f10_s2_fullft,resnet50,caltech256,10,2,fullft,58,0.176471
resnet50_caltech256_f10_s2_fullft,resnet50,caltech256,10,2,fullft,59,0.588235
resnet50_caltech256_f10_s2_fullft,resnet50,caltech256,10,2,fullft,60,0.7
resnet50_caltech256_f10_s2_fullft,resnet50,caltech256,10,2,fullft,61,0.823529
resnet50_caltech256_f10_s2_fullft,resnet50,caltech256,10,2,fullft,62,0.958333
resnet50_caltech256_f10_s2_fullft,resnet50,caltech256,10,2,fullft,63,0.923077
resnet50_caltech256_f10_s2_fullft,resnet50,caltech256,10,2,fullft,64,0.9
resnet50_caltech256_f10_s2_fullft,resnet50,caltech256,10,2,fullft,65,0.764706
resnet50_caltech256_f10_s2_fullft,resnet50,caltech256,10,2,fullft,66,0.823529
resnet50_caltech256_f10_s2_fullft,resnet50,caltech256,10,2,fullft,67,0.863636
resnet50_caltech256_f10_s2_fullft,resnet50,caltech256,10,2,fullft,68,0.25
resnet50_caltech256_f10_s2_fullft,resnet50,caltech256,10,2,fullft,69,0.352941
resnet50_caltech256_f10_s2_fullft,resnet50,caltech256,10,2,fullft,70,0.6
resnet50_caltech256_f10_s2_fullft,resnet50,caltech256,10,2,fullft,71,1.0
resnet50_caltech256_f10_s2_fullft,resnet50,caltech256,10,2,fullft,72,0.75
resnet50_caltech256_f10_s2_fullft,resnet50,caltech256,10,2,fullft,73,0.565217
resnet50_caltech256_f10_s2_fullft,resnet50,caltech256,10,2,fullft,74,0.352941
resnet50_caltech256_f10_s2_fullft,resnet50,caltech256,10,2,fullft,75,0.823529
resnet50_caltech256_f10_s2_fullft,resnet50,caltech256,10,2,fullft,76,1.0
resnet50_caltech256_f10_s2_fullft,resnet50,caltech256,10,2,fullft,77,0.611111
resnet50_caltech256_f10_s2_fullft,resnet50,caltech256,10,2,fullft,78,0.6
resnet50_caltech256_f10_s2_fullft,resnet50,caltech256,10,2,fullft,79,0.521739
resnet50_caltech256_f10_s2_fullft,resnet50,caltech256,10,2,fullft,80,0.789474
resnet50_caltech256_f10_s2_fullft,resnet50,caltech256,10,2,fullft,81,0.8125
resnet50_caltech256_f10_s2_fullft,resnet50,caltech256,10,2,fullft,82,0.736842
resnet50_caltech256_f10_s2_fullft,resnet50,caltech256,10,2,fullft,83,0.764706
resnet50_caltech256_f10_s2_fullft,resnet50,caltech256,10,2,fullft,84,0.727273
resnet50_caltech256_f10_s2_fullft,resnet50,caltech256,10,2,fullft,85,0.9375
resnet50_caltech256_f10_s2_fullft,resnet50,caltech256,10,2,fullft,86,0.736842
resnet50_caltech256_f10_s2_fullft,resnet50,caltech256,10,2,fullft,87,0.85
resnet50_caltech256_f10_s2_fullft,resnet50,caltech256,10,2,fullft,88,0.818182
resnet50_caltech256_f10_s2_fullft,resnet50,caltech256,10,2,fullft,89,1.0
resnet50_caltech256_f10_s2_fullft,resnet50,caltech256,10,2,fullft,90,0.947368
resnet50_caltech256_f10_s2_fullft,resnet50,caltech256,10,2,fullft,91,0.8
resnet50_caltech256_f10_s2_fullft,resnet50,caltech256,10,2,fullft,92,0.954545
resnet50_caltech256_f10_s2_fullft,resnet50,caltech256,10,2,fullft,93,0.952381
resnet50_caltech256_f10_s2_fullft,resnet50,caltech256,10,2,fullft,94,0.764706
resnet50_caltech256_f10_s2_fullft,resnet50,caltech256,10,2,fullft,95,0.859649
resnet50_caltech256_f10_s2_fullft,resnet50,caltech256,10,2,fullft,96,0.666667
resnet50_caltech256_f10_s2_fullft,resnet50,caltech256,10,2,fullft,97,0.95
resnet50_caltech256_f10_s2_fullft,resnet50,caltech256,10,2,fullft,98,0.875
resnet50_caltech256_f10_s2_fullft,resnet50,caltech256,10,2,fullft,99,1.0
resnet50_caltech256_f10_s2_fullft,resnet50,caltech256,10,2,fullft,100,0.821429
resnet50_caltech256_f10_s2_fullft,resnet50,caltech256,10,2,fullft,101,0.444444
resnet50_caltech256_f10_s2_fullft,resnet50,caltech256,10,2,fullft,102,0.954545
resnet50_caltech256_f10_s2_fullft,resnet50,caltech256,10,2,fullft,103,0.684211
resnet50_caltech256_f10_s2_fullft,resnet50,caltech256,10,2,fullft,104,0.814815
resnet50_caltech256_f10_s2_fullft,resnet50,caltech256,10,2,fullft,105,0.411765
resnet50_caltech256_f10_s2_fullft,resnet50,caltech256,10,2,fullft,106,0.944444
resnet50_caltech256_f10_s2_fullft,resnet50,caltech256,10,2,fullft,107,0.411765
resnet50_caltech256_f10_s2_fullft,resnet50,caltech256,10,2,fullft,108,0.83871
resnet50_caltech256_f10_s2_fullft,resnet50,caltech256,10,2,fullft,109,0.705882
resnet50_caltech256_f10_s2_fullft,resnet50,caltech256,10,2,fullft,110,0.823529
resnet50_caltech256_f10_s2_fullft,resnet50,caltech256,10,2,fullft,111,0.647059
resnet50_caltech256_f10_s2_fullft,resnet50,caltech256,10,2,fullft,112,0.913043
resnet50_caltech256_f10_s2_fullft,resnet50,caltech256,10,2,fullft,113,0.916667
resnet50_caltech256_f10_s2_fullft,resnet50,caltech256,10,2,fullft,114,0.666667
resnet50_caltech256_f10_s2_fullft,resnet50,caltech256,10,2,fullft,115,0.952381
resnet50_caltech256_f10_s2_fullft,resnet50,caltech256,10,2,fullft,116,0.708333
resnet50_caltech256_f10_s2_fullft,resnet50,caltech256,10,2,fullft,117,0.681818
resnet50_caltech256_f10_s2_fullft,resnet50,caltech256,10,2,fullft,118,0.588235
resnet50_caltech256_f10_s2_fullft,resnet50,caltech256,10,2,fullft,119,0.730769
resnet50_caltech256_f10_s2_fullft,resnet50,caltech256,10,2,fullft,120,1.0
resnet50_caltech256_f10_s2_fullft,resnet50,caltech256,10,2,fullft,121,0.571429
resnet50_caltech256_f10_s2_fullft,resnet50,caltech256,10,2,fullft,122,1.0
resnet50_caltech256_f10_s2_fullft,resnet50,caltech256,10,2,fullft,123,0.833333
resnet50_caltech256_f10_s2_fullft,resnet50,caltech256,10,2,fullft,124,0.35
resnet50_caltech256_f10_s2_fullft,resnet50,caltech256,10,2,fullft,125,0.520833
resnet50_caltech256_f10_s2_fullft,resnet50,caltech256,10,2,fullft,126,0.884615
resnet50_caltech256_f10_s2_fullft,resnet50,caltech256,10,2,fullft,127,0.666667
resnet50_caltech256_f10_s2_fullft,resnet50,caltech256,10,2,fullft,128,0.973684
resnet50_caltech256_f10_s2_fullft,resnet50,caltech256,10,2,fullft,129,1.0
resnet50_caltech256_f10_s2_fullft,resnet50,caltech256,10,2,fullft,130,0.722222
resnet50_caltech256_f10_s2_fullft,resnet50,caltech256,10,2,fullft,131,0.868421
resnet50_caltech256_f10_s2_fullft,resnet50,caltech256,10,2,fullft,132,0.703704
resnet50_caltech256_f10_s2_fullft,resnet50,caltech256,10,2,fullft,133,0.833333
resnet50_caltech256_f10_s2_fullft,resnet50,caltech256,10,2,fullft,134,0.315789
resnet50_caltech256_f10_s2_fullft,resnet50,caltech256,10,2,fullft,135,0.789474
resnet50_caltech256_f10_s2_fullft,resnet50,caltech256,10,2,fullft,136,0.870968
resnet50_caltech256_f10_s2_fullft,resnet50,caltech256,10,2,fullft,137,0.842105
resnet50_caltech256_f10_s2_fullft,resnet50,caltech256,10,2,fullft,138,0.882353
resnet50_caltech256_f10_s2_fullft,resnet50,caltech256,10,2,fullft,139,0.611111
resnet50_caltech256_f10_s2_fullft,resnet50,caltech256,10,2,fullft,140,0.869565
resnet50_caltech256_f10_s2_fullft,resnet50,caltech256,10,2,fullft,141,0.904762
resnet50_caltech256_f10_s2_fullft,resnet50,caltech256,10,2,fullft,142,0.769231
resnet50_caltech256_f10_s2_fullft,resnet50,caltech256,10,2,fullft,143,0.375
resnet50_caltech256_f10_s2_fullft,resnet50,caltech256,10,2,fullft,144,1.0
resnet50_caltech256_f10_s2_fullft,resnet50,caltech256,10,2,fullft,145,0.625
resnet50_caltech256_f10_s2_fullft,resnet50,caltech256,10,2,fullft,146,0.825
resnet50_caltech256_f10_s2_fullft,resnet50,caltech256,10,2,fullft,147,0.657143
resnet50_caltech256_f10_s2_fullft,resnet50,caltech256,10,2,fullft,148,0.904762
resnet50_caltech256_f10_s2_fullft,resnet50,caltech256,10,2,fullft,149,0.636364
resnet50_caltech256_f10_s2_fullft,resnet50,caltech256,10,2,fullft,150,0.863636
resnet50_caltech256_f10_s2_fullft,resnet50,caltech256,10,2,fullft,151,1.0
resnet50_caltech256_f10_s2_fullft,resnet50,caltech256,10,2,fullft,152,0.789474
resnet50_caltech256_f10_s2_fullft,resnet50,caltech256,10,2,fullft,153,0.761905
resnet50_caltech256_f10_s2_fullft,resnet50,caltech256,10,2,fullft,154,0.277778
resnet50_caltech256_f10_s2_fullft,resnet50,caltech256,10,2,fullft,155,0.631579
resnet50_caltech256_f10_s2_fullft,resnet50,caltech256,10,2,fullft,156,0.904762
resnet50_caltech256_f10_s2_fullft,resnet50,caltech256,10,2,fullft,157,0.933333
resnet50_caltech256_f10_s2_fullft,resnet50,caltech256,10,2,fullft,158,0.428571
resnet50_caltech256_f10_s2_fullft,resnet50,caltech256,10,2,fullft,159,0.411765
resnet50_caltech256_f10_s2_fullft,resnet50,caltech256,10,2,fullft,160,0.952381
resnet50_caltech256_f10_s2_fullft,resnet50,caltech256,10,2,fullft,161,0.444444
resnet50_caltech256_f10_s2_fullft,resnet50,caltech256,10,2,fullft,162,0.444444
resnet50_caltech256_f10_s2_fullft,resnet50,caltech256,10,2,fullft,163,0.95
resnet50_caltech256_f10_s2_fullft,resnet50,caltech256,10,2,fullft,164,0.5
resnet50_caltech256_f10_s2_fullft,resnet50,caltech256,10,2,fullft,165,0.944444
resnet50_caltech256_f10_s2_fullft,resnet50,caltech256,10,2,fullft,166,0.529412
resnet50_caltech256_f10_s2_fullft,resnet50,caltech256,10,2,fullft,167,0.964286
resnet50_caltech256_f10_s2_fullft,resnet50,caltech256,10,2,fullft,168,0.833333
resnet50_caltech256_f10_s2_fullft,resnet50,caltech256,10,2,fullft,169,0.75
resnet50_caltech256_f10_s2_fullft,resnet50,caltech256,10,2,fullft,170,0.529412
resnet50_caltech256_f10_s2_fullft,resnet50,caltech256,10,2,fullft,171,0.95
resnet50_caltech256_f10_s2_fullft,resnet50,caltech256,10,2,fullft,172,0.190476
resnet50_caltech256_f10_s2_fullft,resnet50,caltech256,10,2,fullft,173,0.823529
resnet50_caltech256_f10_s2_fullft,resnet50,caltech256,10,2,fullft,174,0.823529
resnet50_caltech256_f10_s2_fullft,resnet50,caltech256,10,2,fullft,175,0.863636
resnet50_caltech256_f10_s2_fullft,resnet50,caltech256,10,2,fullft,176,0.736842
resnet50_caltech256_f10_s2_fullft,resnet50,caltech256,10,2,fullft,177,0.95
resnet50_caltech256_f10_s2_fullft,resnet50,caltech256,10,2,fullft,178,0.9375
resnet50_caltech256_f10_s2_fullft,resnet50,caltech256,10,2,fullft,179,0.1
resnet50_caltech256_f10_s2_fullft,resnet50,caltech256,10,2,fullft,180,0.7
resnet50_caltech256_f10_s2_fullft,resnet50,caltech256,10,2,fullft,181,0.958333
resnet50_caltech256_f10_s2_fullft,resnet50,caltech256,10,2,fullft,182,0.75
resnet50_caltech256_f10_s2_fullft,resnet50,caltech256,10,2,fullft,183,0.941176
resnet50_caltech256_f10_s2_fullft,resnet50,caltech256,10,2,fullft,184,0.238095
resnet50_caltech256_f10_s2_fullft,resnet50,caltech256,10,2,fullft,185,0.9375
resnet50_caltech256_f10_s2_fullft,resnet50,caltech256,10,2,fullft,186,0.842105
resnet50_caltech256_f10_s2_fullft,resnet50,caltech256,10,2,fullft,187,0.333333
resnet50_caltech256_f10_s2_fullft,resnet50,caltech256,10,2,fullft,188,0.708333
resnet50_caltech256_f10_s2_fullft,resnet50,caltech256,10,2,fullft,189,0.909091
resnet50_caltech256_f10_s2_fullft,resnet50,caltech256,10,2,fullft,190,0.636364
resnet50_caltech256_f10_s2_fullft,resnet50,caltech256,10,2,fullft,191,0.863636
resnet50_caltech256_f10_s2_fullft,resnet50,caltech256,10,2,fullft,192,0.742857
resnet50_caltech256_f10_s2_fullft,resnet50,caltech256,10,2,fullft,193,0.636364
resnet50_caltech256_f10_s2_fullft,resnet50,caltech256,10,2,fullft,194,0.294118
resnet50_caltech256_f10_s2_fullft,resnet50,caltech256,10,2,fullft,195,0.761905
resnet50_caltech256_f10_s2_fullft,resnet50,caltech256,10,2,fullft,196,0.6
resnet50_caltech256_f10_s2_fullft,resnet50,caltech256,10,2,fullft,197,0.818182
resnet50_caltech256_f10_s2_fullft,resnet50,caltech256,10,2,fullft,198,0.428571
resnet50_caltech256_f10_s2_fullft,resnet50,caltech256,10,2,fullft,199,0.65
resnet50_caltech256_f10_s2_fullft,resnet50,caltech256,10,2,fullft,200,1.0
resnet50_caltech256_f10_s2_fullft,resnet50,caltech256,10,2,fullft,201,0.631579
resnet50_caltech256_f10_s2_fullft,resnet50,caltech256,10,2,fullft,202,0.5
resnet50_caltech256_f10_s2_fullft,resnet50,caltech256,10,2,fullft,203,1.0
resnet50_caltech256_f10_s2_fullft,resnet50,caltech256,10,2,fullft,204,0.764706
resnet50_caltech256_f10_s2_fullft,resnet50,caltech256,10,2,fullft,205,0.65
resnet50_caltech256_f10_s2_fullft,resnet50,caltech256,10,2,fullft,206,0.826087
resnet50_caltech256_f10_s2_fullft,resnet50,caltech256,10,2,fullft,207,0.863636
resnet50_caltech256_f10_s2_fullft,resnet50,caltech256,10,2,fullft,208,0.5
resnet50_caltech256_f10_s2_fullft,resnet50,caltech256,10,2,fullft,209,0.727273
resnet50_caltech256_f10_s2_fullft,resnet50,caltech256,10,2,fullft,210,0.526316
resnet50_caltech256_f10_s2_fullft,resnet50,caltech256,10,2,fullft,211,0.888889
resnet50_caltech256_f10_s2_fullft,resnet50,caltech256,10,2,fullft,212,0.85
resnet50_caltech256_f10_s2_fullft,resnet50,caltech256,10,2,fullft,213,0.75
resnet50_caltech256_f10_s2_fullft,resnet50,caltech256,10,2,fullft,214,0.764706
resnet50_caltech256_f10_s2_fullft,resnet50,caltech256,10,2,fullft,215,0.75
resnet50_caltech256_f10_s2_fullft,resnet50,caltech256,10,2,fullft,216,0.714286
resnet50_caltech256_f10_s2_fullft,resnet50,caltech256,10,2,fullft,217,0.8125
resnet50_caltech256_f10_s2_fullft,resnet50,caltech256,10,2,fullft,218,0.470588
resnet50_caltech256_f10_s2_fullft,resnet50,caltech256,10,2,fullft,219,0.789474
resnet50_caltech256_f10_s2_fullft,resnet50,caltech256,10,2,fullft,220,0.952381
resnet50_caltech256_f10_s2_fullft,resnet50,caltech256,10,2,fullft,221,0.666667
resnet50_caltech256_f10_s2_fullft,resnet50,caltech256,10,2,fullft,222,0.625
resnet50_caltech256_f10_s2_fullft,resnet50,caltech256,10,2,fullft,223,0.545455
resnet50_caltech256_f10_s2_fullft,resnet50,caltech256,10,2,fullft,224,0.944444
resnet50_caltech256_f10_s2_fullft,resnet50,caltech256,10,2,fullft,225,0.7
resnet50_caltech256_f10_s2_fullft,resnet50,caltech256,10,2,fullft,226,0.793103
resnet50_caltech256_f10_s2_fullft,resnet50,caltech256,10,2,fullft,227,0.736842
resnet50_caltech256_f10_s2_fullft,resnet50,caltech256,10,2,fullft,228,0.263158
resnet50_caltech256_f10_s2_fullft,resnet50,caltech256,10,2,fullft,229,0.947368
resnet50_caltech256_f10_s2_fullft,resnet50,caltech256,10,2,fullft,230,0.727273
resnet50_caltech256_f10_s2_fullft,resnet50,caltech256,10,2,fullft,231,0.888889
resnet50_caltech256_f10_s2_fullft,resnet50,caltech256,10,2,fullft,232,0.5
resnet50_caltech256_f10_s2_fullft,resnet50,caltech256,10,2,fullft,233,0.791667
resnet50_caltech256_f10_s2_fullft,resnet50,caltech256,10,2,fullft,234,0.73913
resnet50_caltech256_f10_s2_fullft,resnet50,caltech256,10,2,fullft,235,0.736842
resnet50_caltech256_f10_s2_fullft,resnet50,caltech256,10,2,fullft,236,0.833333
resnet50_caltech256_f10_s2_fullft,resnet50,caltech256,10,2,fullft,237,0.947368
resnet50_caltech256_f10_s2_fullft,resnet50,caltech256,10,2,fullft,238,0.647059
resnet50_caltech256_f10_s2_fullft,resnet50,caltech256,10,2,fullft,239,0.9
resnet50_caltech256_f10_s2_fullft,resnet50,caltech256,10,2,fullft,240,0.789474
resnet50_caltech256_f10_s2_fullft,resnet50,caltech256,10,2,fullft,241,0.526316
resnet50_caltech256_f10_s2_fullft,resnet50,caltech256,10,2,fullft,242,0.5
resnet50_caltech256_f10_s2_fullft,resnet50,caltech256,10,2,fullft,243,0.555556
resnet50_caltech256_f10_s2_fullft,resnet50,caltech256,10,2,fullft,244,0.5
resnet50_caltech256_f10_s2_fullft,resnet50,caltech256,10,2,fullft,245,0.9
resnet50_caltech256_f10_s2_fullft,resnet50,caltech256,10,2,fullft,246,0.555556
resnet50_caltech256_f10_s2_fullft,resnet50,caltech256,10,2,fullft,247,0.529412
resnet50_caltech256_f10_s2_fullft,resnet50,caltech256,10,2,fullft,248,0.5
resnet50_caltech256_f10_s2_fullft,resnet50,caltech256,10,2,fullft,249,1.0
resnet50_caltech256_f10_s2_fullft,resnet50,caltech256,10,2,fullft,250,1.0
resnet50_caltech256_f10_s2_fullft,resnet50,caltech256,10,2,fullft,251,1.0
resnet50_caltech256_f10_s2_fullft,resnet50,caltech256,10,2,fullft,252,1.0
resnet50_caltech256_f10_s2_fullft,resnet50,caltech256,10,2,fullft,253,0.894737
resnet50_caltech256_f10_s2_fullft,resnet50,caltech256,10,2,fullft,254,0.619048
resnet50_caltech256_f10_s2_fullft,resnet50,caltech256,10,2,fullft,255,0.954545
resnet50_caltech256_f10_s2_linprobe,resnet50,caltech256,10,2,linprobe,0,0.8
resnet50_caltech256_f10_s2_linprobe,resnet50,caltech256,10,2,linprobe,1,0.789474
resnet50_caltech256_f10_s2_linprobe,resnet50,caltech256,10,2,linprobe,2,0.9
resnet50_caltech256_f10_s2_linprobe,resnet50,caltech256,10,2,linprobe,3,0.28
resnet50_caltech256_f10_s2_linprobe,resnet50,caltech256,10,2,linprobe,4,0.833333
resnet50_caltech256_f10_s2_linprobe,resnet50,caltech256,10,2,linprobe,5,0.555556
resnet50_caltech256_f10_s2_linprobe,resnet50,caltech256,10,2,linprobe,6,0.571429
resnet50_caltech256_f10_s2_linprobe,resnet50,caltech256,10,2,linprobe,7,0.826087
resnet50_caltech256_f10_s2_linprobe,resnet50,caltech256,10,2,linprobe,8,0.75
resnet50_caltech256_f10_s2_linprobe,resnet50,caltech256,10,2,linprobe,9,0.631579
resnet50_caltech256_f10_s2_linprobe,resnet50,caltech256,10,2,linprobe,10,0.892857
resnet50_caltech256_f10_s2_linprobe,resnet50,caltech256,10,2,linprobe,11,0.930233
resnet50_caltech256_f10_s2_linprobe,resnet50,caltech256,10,2,linprobe,12,0.55
resnet50_caltech256_f10_s2_linprobe,resnet50,caltech256,10,2,linprobe,13,0.764706
resnet50_caltech256_f10_s2_linprobe,resnet50,caltech256,10,2,linprobe,14,1.0
resnet50_caltech256_f10_s2_linprobe,resnet50,caltech256,10,2,linprobe,15,0.888889
resnet50_caltech256_f10_s2_linprobe,resnet50,caltech256,10,2,linprobe,16,0.47619
resnet50_caltech256_f10_s2_linprobe,resnet50,caltech256,10,2,linprobe,17,0.75
resnet50_caltech256_f10_s2_linprobe,resnet50,caltech256,10,2,linprobe,18,0.36
resnet50_caltech256_f10_s2_linprobe,resnet50,caltech256,10,2,linprobe,19,0.411765
resnet50_caltech256_f10_s2_linprobe,resnet50,caltech256,10,2,linprobe,20,0.142857
resnet50_caltech256_f10_s2_linprobe,resnet50,caltech256,10,2,linprobe,21,1.0
resnet50_caltech256_f10_s2_linprobe,resnet50,caltech256,10,2,linprobe,22,0.772727
resnet50_caltech256_f10_s2_linprobe,resnet50,caltech256,10,2,linprobe,23,0.863636
resnet50_caltech256_f10_s2_linprobe,resnet50,caltech256,10,2,linprobe,24,0.130435
resnet50_caltech256_f10_s2_linprobe,resnet50,caltech256,10,2,linprobe,25,0.333333
resnet50_caltech256_f10_s2_linprobe,resnet50,caltech256,10,2,linprobe,26,0.85
resnet50_caltech256_f10_s2_linprobe,resnet50,caltech256,10,2,linprobe,27,0.863636
resnet50_caltech256_f10_s2_linprobe,resnet50,caltech256,10,2,linprobe,28,0.809524
resnet50_caltech256_f10_s2_linprobe,resnet50,caltech256,10,2,linprobe,29,0.380952
resnet50_caltech256_f10_s2_linprobe,resnet50,caltech256,10,2,linprobe,30,0.555556
resnet50_caltech256_f10_s2_linprobe,resnet50,caltech256,10,2,linprobe,31,0.45
resnet50_caltech256_f10_s2_linprobe,resnet50,caltech256,10,2,linprobe,32,0.5
resnet50_caltech256_f10_s2_linprobe,resnet50,caltech256,10,2,linprobe,33,0.9
resnet50_caltech256_f10_s2_linprobe,resnet50,caltech256,10,2,linprobe,34,0.705882
resnet50_caltech256_f10_s2_linprobe,resnet50,caltech256,10,2,linprobe,35,0.714286
resnet50_caltech256_f10_s2_linprobe,resnet50,caltech256,10,2,linprobe,36,0.875
resnet50_caltech256_f10_s2_linprobe,resnet50,caltech256,10,2,linprobe,37,0.818182
resnet50_caltech256_f10_s2_linprobe,resnet50,caltech256,10,2,linprobe,38,0.352941
resnet50_caltech256_f10_s2_linprobe,resnet50,caltech256,10,2,linprobe,39,0.88
resnet50_caltech256_f10_s2_linprobe,resnet50,caltech256,10,2,linprobe,40,0.941176
resnet50_caltech256_f10_s2_linprobe,resnet50,caltech256,10,2,linprobe,41,0.470588
resnet50_caltech256_f10_s2_linprobe,resnet50,caltech256,10,2,linprobe,42,0.52
resnet50_caltech256_f10_s2_linprobe,resnet50,caltech256,10,2,linprobe,43,0.5
resnet50_caltech256_f10_s2_linprobe,resnet50,caltech256,10,2,linprobe,44,0.882353
resnet50_caltech256_f10_s2_linprobe,resnet50,caltech256,10,2,linprobe,45,0.925926
resnet50_caltech256_f10_s2_linprobe,resnet50,caltech256,10,2,linprobe,46,0.789474
resnet50_caltech256_f10_s2_linprobe,resnet50,caltech256,10,2,linprobe,47,0.857143
resnet50_caltech256_f10_s2_linprobe,resnet50,caltech256,10,2,linprobe,48,0.952381
resnet50_caltech256_f10_s2_linprobe,resnet50,caltech256,10,2,linprobe,49,0.736842
resnet50_caltech256_f10_s2_linprobe,resnet50,caltech256,10,2,linprobe,50,0.73913
resnet50_caltech256_f10_s2_linprobe,resnet50,caltech256,10,2,linprobe,51,0.470588
resnet50_caltech256_f10_s2_linprobe,resnet50,caltech256,10,2,linprobe,52,0.625
resnet50_caltech256_f10_s2_linprobe,resnet50,caltech256,10,2,linprobe,53,0.875
resnet50_caltech256_f10_s2_linprobe,resnet50,caltech256,10,2,linprobe,54,0.65
resnet50_caltech256_f10_s2_linprobe,resnet50,caltech256,10,2,linprobe,55,0.75
resnet50_caltech256_f10_s2_linprobe,resnet50,caltech256,10,2,linprobe,56,0.619048
resnet50_caltech256_f10_s2_linprobe,resnet50,caltech256,10,2,linprobe,57,0.684211
resnet50_caltech256_f10_s2_linprobe,resnet50,caltech256,10,2,linprobe,58,0.352941
resnet50_caltech256_f10_s2_linprobe,resnet50,caltech256,10,2,linprobe,59,0.470588
resnet50_caltech256_f10_s2_linprobe,resnet50,caltech256,10,2,linprobe,60,0.75
resnet50_caltech256_f10_s2_linprobe,resnet50,caltech256,10,2,linprobe,61,0.882353
resnet50_caltech256_f10_s2_linprobe,resnet50,caltech256,10,2,linprobe,62,0.791667
resnet50_caltech256_f10_s2_linprobe,resnet50,caltech256,10,2,linprobe,63,1.0
resnet50_caltech256_f10_s2_linprobe,resnet50,caltech256,10,2,linprobe,64,0.9
resnet50_caltech256_f10_s2_linprobe,resnet50,caltech256,10,2,linprobe,65,0.882353
resnet50_caltech256_f10_s2_linprobe,resnet50,caltech256,10,2,linprobe,66,0.882353
resnet50_caltech256_f10_s2_linprobe,resnet50,caltech256,10,2,linprobe,67,0.818182
resnet50_caltech256_f10_s2_linprobe,resnet50,caltech256,10,2,linprobe,68,0.65
resnet50_caltech256_f10_s2_linprobe,resnet50,caltech256,10,2,linprobe,69,0.470588
resnet50_caltech256_f10_s2_linprobe,resnet50,caltech256,10,2,linprobe,70,0.65
resnet50_caltech256_f10_s2_linprobe,resnet50,caltech256,10,2,linprobe,71,1.0
resnet50_caltech256_f10_s2_linprobe,resnet50,caltech256,10,2,linprobe,72,0.85
resnet50_caltech256_f10_s2_linprobe,resnet50,caltech256,10,2,linprobe,73,0.608696
resnet50_caltech256_f10_s2_linprobe,resnet50,caltech256,10,2,linprobe,74,0.294118
resnet50_caltech256_f10_s2_linprobe,resnet50,caltech256,10,2,linprobe,75,0.882353
resnet50_caltech256_f10_s2_linprobe,resnet50,caltech256,10,2,linprobe,76,1.0
resnet50_caltech256_f10_s2_linprobe,resnet50,caltech256,10,2,linprobe,77,0.833333
resnet50_caltech256_f10_s2_linprobe,resnet50,caltech256,10,2,linprobe,78,0.8
resnet50_caltech256_f10_s2_linprobe,resnet50,caltech256,10,2,linprobe,79,0.347826
resnet50_caltech256_f10_s2_linprobe,resnet50,caltech256,10,2,linprobe,80,0.842105
resnet50_caltech256_f10_s2_linprobe,resnet50,caltech256,10,2,linprobe,81,0.875
resnet50_caltech256_f10_s2_linprobe,resnet50,caltech256,10,2,linprobe,82,0.789474
resnet50_caltech256_f10_s2_linprobe,resnet50,caltech256,10,2,linprobe,83,0.882353
resnet50_caltech256_f10_s2_linprobe,resnet50,caltech256,10,2,linprobe,84,0.909091
resnet50_caltech256_f10_s2_linprobe,resnet50,caltech256,10,2,linprobe,85,0.9375
resnet50_caltech256_f10_s2_linprobe,resnet50,caltech256,10,2,linprobe,86,0.842105
resnet50_caltech256_f10_s2_linprobe,resnet50,caltech256,10,2,linprobe,87,0.95
resnet50_caltech256_f10_s2_linprobe,resnet50,caltech256,10,2,linprobe,88,0.818182
resnet50_caltech256_f10_s2_linprobe,resnet50,caltech256,10,2,linprobe,89,0.904762
resnet50_caltech256_f10_s2_linprobe,resnet50,caltech256,10,2,linprobe,90,1.0
resnet50_caltech256_f10_s2_linprobe,resnet50,caltech256,10,2,linprobe,91,0.7
resnet50_caltech256_f10_s2_linprobe,resnet50,caltech256,10,2,linprobe,92,1.0
resnet50_caltech256_f10_s2_linprobe,resnet50,caltech256,10,2,linprobe,93,0.952381
resnet50_caltech256_f10_s2_linprobe,resnet50,caltech256,10,2,linprobe,94,0.823529
resnet50_caltech256_f10_s2_linprobe,resnet50,caltech256,10,2,linprobe,95,0.175439
resnet50_caltech256_f10_s2_linprobe,resnet50,caltech256,10,2,linprobe,96,0.611111
resnet50_caltech256_f10_s2_linprobe,resnet50,caltech256,10,2,linprobe,97,0.95
resnet50_caltech256_f10_s2_linprobe,resnet50,caltech256,10,2,linprobe,98,0.375
resnet50_caltech256_f10_s2_linprobe,resnet50,caltech256,10,2,linprobe,99,0.947368
resnet50_caltech256_f10_s2_linprobe,resnet50,caltech256,10,2,linprobe,100,0.714286
resnet50_caltech256_f10_s2_linprobe,resnet50,caltech256,10,2,linprobe,101,0.555556
resnet50_caltech256_f10_s2_linprobe,resnet50,caltech256,10,2,linprobe,102,1.0
resnet50_caltech256_f10_s2_linprobe,resnet50,caltech256,10,2,linprobe,103,0.578947
resnet50_caltech256_f10_s2_linprobe,resnet50,caltech256,10,2,linprobe,104,0.592593
resnet50_caltech256_f10_s2_linprobe,resnet50,caltech256,10,2,linprobe,105,0.529412
resnet50_caltech256_f10_s2_linprobe,resnet50,caltech256,10,2,linprobe,106,0.944444
resnet50_caltech256_f10_s2_linprobe,resnet50,caltech256,10,2,linprobe,107,0.352941
resnet50_caltech256_f10_s2_linprobe,resnet50,caltech256,10,2,linprobe,108,0.741935
resnet50_caltech256_f10_s2_linprobe,resnet50,caltech256,10,2,linprobe,109,0.705882
resnet50_caltech256_f10_s2_linprobe,resnet50,caltech256,10,2,linprobe,110,0.941176
resnet50_caltech256_f10_s2_linprobe,resnet50,caltech256,10,2,linprobe,111,0.647059
resnet50_caltech256_f10_s2_linprobe,resnet50,caltech256,10,2,linprobe,112,0.913043
resnet50_caltech256_f10_s2_linprobe,resnet50,caltech256,10,2,linprobe,113,0.791667
resnet50_caltech256_f10_s2_linprobe,resnet50,caltech256,10,2,linprobe,114,0.777778
resnet50_caltech256_f10_s2_linprobe,resnet50,caltech256,10,2,linprobe,115,1.0
resnet50_caltech256_f10_s2_linprobe,resnet50,caltech256,10,2,linprobe,116,0.833333
resnet50_caltech256_f10_s2_linprobe,resnet50,caltech256,10,2,linprobe,117,0.272727
resnet50_caltech256_f10_s2_linprobe,resnet50,caltech256,10,2,linprobe,118,0.470588
resnet50_caltech256_f10_s2_linprobe,resnet50,caltech256,10,2,linprobe,119,0.692308
resnet50_caltech256_f10_s2_linprobe,resnet50,caltech256,10,2,linprobe,120,1.0
resnet50_caltech256_f10_s2_linprobe,resnet50,caltech256,10,2,linprobe,121,0.666667
resnet50_caltech256_f10_s2_linprobe,resnet50,caltech256,10,2,linprobe,122,1.0
resnet50_caltech256_f10_s2_linprobe,resnet50,caltech256,10,2,linprobe,123,0.944444
resnet50_caltech256_f10_s2_linprobe,resnet50,caltech256,10,2,linprobe,124,0.2
resnet50_caltech256_f10_s2_linprobe,resnet50,caltech256,10,2,linprobe,125,0.4375
resnet50_caltech256_f10_s2_linprobe,resnet50,caltech256,10,2,linprobe,126,0.884615
resnet50_caltech256_f10_s2_linprobe,resnet50,caltech256,10,2,linprobe,127,0.809524
resnet50_caltech256_f10_s2_linprobe,resnet50,caltech256,10,2,linprobe,128,0.973684
resnet50_caltech256_f10_s2_linprobe,resnet50,caltech256,10,2,linprobe,129,1.0
resnet50_caltech256_f10_s2_linprobe,resnet50,caltech256,10,2,linprobe,130,0.777778
resnet50_caltech256_f10_s2_linprobe,resnet50,caltech256,10,2,linprobe,131,0.868421
resnet50_caltech256_f10_s2_linprobe,resnet50,caltech256,10,2,linprobe,132,0.703704
resnet50_caltech256_f10_s2_linprobe,resnet50,caltech256,10,2,linprobe,133,0.916667
resnet50_caltech256_f10_s2_linprobe,resnet50,caltech256,10,2,linprobe,134,0.368421
resnet50_caltech256_f10_s2_linprobe,resnet50,caltech256,10,2,linprobe,135,0.789474
resnet50_caltech256_f10_s2_linprobe,resnet50,caltech256,10,2,linprobe,136,0.806452
resnet50_caltech256_f10_s2_linprobe,resnet50,caltech256,10,2,linprobe,137,0.789474
resnet50_caltech256_f10_s2_linprobe,resnet50,caltech256,10,2,linprobe,138,0.352941
resnet50_caltech256_f10_s2_linprobe,resnet50,caltech256,10,2,linprobe,139,0.611111
resnet50_caltech256_f10_s2_linprobe,resnet50,caltech256,10,2,linprobe,140,0.73913
resnet50_caltech256_f10_s2_linprobe,resnet50,caltech256,10,2,linprobe,141,0.857143
resnet50_caltech256_f10_s2_linprobe,resnet50,caltech256,10,2,linprobe,142,0.923077
resnet50_caltech256_f10_s2_linprobe,resnet50,caltech256,10,2,linprobe,143,0.25
resnet50_caltech256_f10_s2_linprobe,resnet50,caltech256,10,2,linprobe,144,1.0
resnet50_caltech256_f10_s2_linprobe,resnet50,caltech256,10,2,linprobe,145,0.125
resnet50_caltech256_f10_s2_linprobe,resnet50,caltech256,10,2,linprobe,146,0.85
resnet50_caltech256_f10_s2_linprobe,resnet50,caltech256,10,2,linprobe,147,0.685714
resnet50_caltech256_f10_s2_linprobe,resnet50,caltech256,10,2,linprobe,148,0.904762
resnet50_caltech256_f10_s2_linprobe,resnet50,caltech256,10,2,linprobe,149,0.681818
resnet50_caltech256_f10_s2_linprobe,resnet50,caltech256,10,2,linprobe,150,0.909091
resnet50_caltech256_f10_s2_linprobe,resnet50,caltech256,10,2,linprobe,151,1.0
resnet50_caltech256_f10_s2_linprobe,resnet50,caltech256,10,2,linprobe,152,0.894737
resnet50_caltech256_f10_s2_linprobe,resnet50,caltech256,10,2,linprobe,153,0.666667
resnet50_caltech256_f10_s2_linprobe,resnet50,caltech256,10,2,linprobe,154,0.222222
resnet50_caltech256_f10_s2_linprobe,resnet50,caltech256,10,2,linprobe,155,0.894737
resnet50_caltech256_f10_s2_linprobe,resnet50,caltech256,10,2,linprobe,156,0.904762
resnet50_caltech256_f10_s2_linprobe,resnet50,caltech256,10,2,linprobe,157,0.933333
resnet50_caltech256_f10_s2_linprobe,resnet50,caltech256,10,2,linprobe,158,0.428571
resnet50_caltech256_f10_s2_linprobe,resnet50,caltech256,10,2,linprobe,159,0.176471
resnet50_caltech256_f10_s2_linprobe,resnet50,caltech256,10,2,linprobe,160,0.904762
resnet50_caltech256_f10_s2_linprobe,resnet50,caltech256,10,2,linprobe,161,0.444444
resnet50_caltech256_f10_s2_linprobe,resnet50,caltech256,10,2,linprobe,162,0.444444
resnet50_caltech256_f10_s2_linprobe,resnet50,caltech256,10,2,linprobe,163,0.95
resnet50_caltech256_f10_s2_linprobe,resnet50,caltech256,10,2,linprobe,164,0.5
resnet50_caltech256_f10_s2_linprobe,resnet50,caltech256,10,2,linprobe,165,0.833333
resnet50_caltech256_f10_s2_linprobe,resnet50,caltech256,10,2,linprobe,166,0.411765
resnet50_caltech256_f10_s2_linprobe,resnet50,caltech256,10,2,linprobe,167,0.964286
resnet50_caltech256_f10_s2_linprobe,resnet50,caltech256,10,2,linprobe,168,0.944444
resnet50_caltech256_f10_s2_linprobe,resnet50,caltech256,10,2,linprobe,169,0.9
resnet50_caltech256_f10_s2_linprobe,resnet50,caltech256,10,2,linprobe,170,0.352941
resnet50_caltech256_f10_s2_linprobe,resnet50,caltech256,10,2,linprobe,171,0.95
resnet50_caltech256_f10_s2_linprobe,resnet50,caltech256,10,2,linprobe,172,0.238095
resnet50_caltech256_f10_s2_linprobe,resnet50,caltech256,10,2,linprobe,173,0.882353
resnet50_caltech256_f10_s2_linprobe,resnet50,caltech256,10,2,linprobe,174,0.529412
resnet50_caltech256_f10_s2_linprobe,resnet50,caltech256,10,2,linprobe,175,0.818182
resnet50_caltech256_f10_s2_linprobe,resnet50,caltech256,10,2,linprobe,176,1.0
resnet50_caltech256_f10_s2_linprobe,resnet50,caltech256,10,2,linprobe,177,0.8
resnet50_caltech256_f10_s2_linprobe,resnet50,caltech256,10,2,linprobe,178,0.75
resnet50_caltech256_f10_s2_linprobe,resnet50,caltech256,10,2,linprobe,179,0.35
resnet50_caltech256_f10_s2_linprobe,resnet50,caltech256,10,2,linprobe,180,0.6
resnet50_caltech256_f10_s2_linprobe,resnet50,caltech256,10,2,linprobe,181,0.958333
resnet50_caltech256_f10_s2_linprobe,resnet50,caltech256,10,2,linprobe,182,0.75
resnet50_caltech256_f10_s2_linprobe,resnet50,caltech256,10,2,linprobe,183,0.882353
resnet50_caltech256_f10_s2_linprobe,resnet50,caltech256,10,2,linprobe,184,0.333333
resnet50_caltech256_f10_s2_linprobe,resnet50,caltech256,10,2,linprobe,185,0.9375
resnet50_caltech256_f10_s2_linprobe,resnet50,caltech256,10,2,linprobe,186,0.842105
resnet50_caltech256_f10_s2_linprobe,resnet50,caltech256,10,2,linprobe,187,0.388889
resnet50_caltech256_f10_s2_linprobe,resnet50,caltech256,10,2,linprobe,188,0.75
resnet50_caltech256_f10_s2_linprobe,resnet50,caltech256,10,2,linprobe,189,0.727273
resnet50_caltech256_f10_s2_linprobe,resnet50,caltech256,10,2,linprobe,190,0.772727
resnet50_caltech256_f10_s2_linprobe,resnet50,caltech256,10,2,linprobe,191,0.909091
resnet50_caltech256_f10_s2_linprobe,resnet50,caltech256,10,2,linprobe,192,0.742857
resnet50_caltech256_f10_s2_linprobe,resnet50,caltech256,10,2,linprobe,193,0.863636
resnet50_caltech256_f10_s2_linprobe,resnet50,caltech256,10,2,linprobe,194,0.235294
resnet50_caltech256_f10_s2_linprobe,resnet50,caltech256,10,2,linprobe,195,0.571429
resnet50_caltech256_f10_s2_linprobe,resnet50,caltech256,10,2,linprobe,196,0.7
resnet50_caltech256_f10_s2_linprobe,resnet50,caltech256,10,2,linprobe,197,0.863636
resnet50_caltech256_f10_s2_linprobe,resnet50,caltech256,10,2,linprobe,198,0.47619
resnet50_caltech256_f10_s2_linprobe,resnet50,caltech256,10,2,linprobe,199,0.7
resnet50_caltech256_f10_s2_linprobe,resnet50,caltech256,10,2,linprobe,200,0.9375
resnet50_caltech256_f10_s2_linprobe,resnet50,caltech256,10,2,linprobe,201,0.736842
resnet50_caltech256_f10_s2_linprobe,resnet50,caltech256,10,2,linprobe,202,0.388889
resnet50_caltech256_f10_s2_linprobe,resnet50,caltech256,10,2,linprobe,203,0.25
resnet50_caltech256_f10_s2_linprobe,resnet50,caltech256,10,2,linprobe,204,0.823529
resnet50_caltech256_f10_s2_linprobe,resnet50,caltech256,10,2,linprobe,205,0.55
resnet50_caltech256_f10_s2_linprobe,resnet50,caltech256,10,2,linprobe,206,0.913043
resnet50_caltech256_f10_s2_linprobe,resnet50,caltech256,10,2,linprobe,207,0.818182
resnet50_caltech256_f10_s2_linprobe,resnet50,caltech256,10,2,linprobe,208,0.7
resnet50_caltech256_f10_s2_linprobe,resnet50,caltech256,10,2,linprobe,209,0.772727
resnet50_caltech256_f10_s2_linprobe,resnet50,caltech256,10,2,linprobe,210,0.578947
resnet50_caltech256_f10_s2_linprobe,resnet50,caltech256,10,2,linprobe,211,0.777778
resnet50_caltech256_f10_s2_linprobe,resnet50,caltech256,10,2,linprobe,212,0.95
resnet50_caltech256_f10_s2_linprobe,resnet50,caltech256,10,2,linprobe,213,0.75
resnet50_caltech256_f10_s2_linprobe,resnet50,caltech256,10,2,linprobe,214,0.823529
resnet50_caltech256_f10_s2_linprobe,resnet50,caltech256,10,2,linprobe,215,0.75
resnet50_caltech256_f10_s2_linprobe,resnet50,caltech256,10,2,linprobe,216,0.904762
resnet50_caltech256_f10_s2_linprobe,resnet50,caltech256,10,2,linprobe,217,0.6875
resnet50_caltech256_f10_s2_linprobe,resnet50,caltech256,10,2,linprobe,218,0.588235
resnet50_caltech256_f10_s2_linprobe,resnet50,caltech256,10,2,linprobe,219,0.789474
resnet50_caltech256_f10_s2_linprobe,resnet50,caltech256,10,2,linprobe,220,0.904762
resnet50_caltech256_f10_s2_linprobe,resnet50,caltech256,10,2,linprobe,221,0.777778
resnet50_caltech256_f10_s2_linprobe,resnet50,caltech256,10,2,linprobe,222,0.5625
resnet50_caltech256_f10_s2_linprobe,resnet50,caltech256,10,2,linprobe,223,0.863636
resnet50_caltech256_f10_s2_linprobe,resnet50,caltech256,10,2,linprobe,224,0.777778
resnet50_caltech256_f10_s2_linprobe,resnet50,caltech256,10,2,linprobe,225,0.65
resnet50_caltech256_f10_s2_linprobe,resnet50,caltech256,10,2,linprobe,226,0.793103
resnet50_caltech256_f10_s2_linprobe,resnet50,caltech256,10,2,linprobe,227,0.894737
resnet50_caltech256_f10_s2_linprobe,resnet50,caltech256,10,2,linprobe,228,0.578947
resnet50_caltech256_f10_s2_linprobe,resnet50,caltech256,10,2,linprobe,229,1.0
resnet50_caltech256_f10_s2_linprobe,resnet50,caltech256,10,2,linprobe,230,0.727273
resnet50_caltech256_f10_s2_linprobe,resnet50,caltech256,10,2,linprobe,231,0.861111
resnet50_caltech256_f10_s2_linprobe,resnet50,caltech256,10,2,linprobe,232,0.4
resnet50_caltech256_f10_s2_linprobe,resnet50,caltech256,10,2,linprobe,233,0.875
resnet50_caltech256_f10_s2_linprobe,resnet50,caltech256,10,2,linprobe,234,0.695652
resnet50_caltech256_f10_s2_linprobe,resnet50,caltech256,10,2,linprobe,235,0.631579
resnet50_caltech256_f10_s2_linprobe,resnet50,caltech256,10,2,linprobe,236,0.611111
resnet50_caltech256_f10_s2_linprobe,resnet50,caltech256,10,2,linprobe,237,0.947368
resnet50_caltech256_f10_s2_linprobe,resnet50,caltech256,10,2,linprobe,238,0.470588
resnet50_caltech256_f10_s2_linprobe,resnet50,caltech256,10,2,linprobe,239,0.95
resnet50_caltech256_f10_s2_linprobe,resnet50,caltech256,10,2,linprobe,240,0.736842
resnet50_caltech256_f10_s2_linprobe,resnet50,caltech256,10,2,linprobe,241,0.315789
resnet50_caltech256_f10_s2_linprobe,resnet50,caltech256,10,2,linprobe,242,0.833333
resnet50_caltech256_f10_s2_linprobe,resnet50,caltech256,10,2,linprobe,243,0.5
resnet50_caltech256_f10_s2_linprobe,resnet50,caltech256,10,2,linprobe,244,0.388889
resnet50_caltech256_f10_s2_linprobe,resnet50,caltech256,10,2,linprobe,245,0.85
resnet50_caltech256_f10_s2_linprobe,resnet50,caltech256,10,2,linprobe,246,0.277778
resnet50_caltech256_f10_s2_linprobe,resnet50,caltech256,10,2,linprobe,247,0.647059
resnet50_caltech256_f10_s2_linprobe,resnet50,caltech256,10,2,linprobe,248,0.05
resnet50_caltech256_f10_s2_linprobe,resnet50,caltech256,10,2,linprobe,249,1.0
resnet50_caltech256_f10_s2_linprobe,resnet50,caltech256,10,2,linprobe,250,0.9875
resnet50_caltech256_f10_s2_linprobe,resnet50,caltech256,10,2,linprobe,251,1.0
resnet50_caltech256_f10_s2_linprobe,resnet50,caltech256,10,2,linprobe,252,0.988506
resnet50_caltech256_f10_s2_linprobe,resnet50,caltech256,10,2,linprobe,253,0.894737
resnet50_caltech256_f10_s2_linprobe,resnet50,caltech256,10,2,linprobe,254,0.285714
resnet50_caltech256_f10_s2_linprobe,resnet50,caltech256,10,2,linprobe,255,0.909091
resnet50_caltech256_f25_s0_fullft,resnet50,caltech256,25,0,fullft,0,0.9
resnet50_caltech256_f25_s0_fullft,resnet50,caltech256,25,0,fullft,1,0.894737
resnet50_caltech256_f25_s0_fullft,resnet50,caltech256,25,0,fullft,2,0.9
resnet50_caltech256_f25_s0_fullft,resnet50,caltech256,25,0,fullft,3,0.64
resnet50_caltech256_f25_s0_fullft,resnet50,caltech256,25,0,fullft,4,0.966667
resnet50_caltech256_f25_s0_fullft,resnet50,caltech256,25,0,fullft,5,0.722222
resnet50_caltech256_f25_s0_fullft,resnet50,caltech256,25,0,fullft,6,0.809524
resnet50_caltech256_f25_s0_fullft,resnet50,caltech256,25,0,fullft,7,0.826087
resnet50_caltech256_f25_s0_fullft,resnet50,caltech256,25,0,fullft,8,0.95
resnet50_caltech256_f25_s0_fullft,resnet50,caltech256,25,0,fullft,9,0.789474
resnet50_caltech256_f25_s0_fullft,resnet50,caltech256,25,0,fullft,10,0.875
resnet50_caltech256_f25_s0_fullft,resnet50,caltech256,25,0,fullft,11,0.976744
resnet50_caltech256_f25_s0_fullft,resnet50,caltech256,25,0,fullft,12,0.7
resnet50_caltech256_f25_s0_fullft,resnet50,caltech256,25,0,fullft,13,0.882353
resnet50_caltech256_f25_s0_fullft,resnet50,caltech256,25,0,fullft,14,0.958333
resnet50_caltech256_f25_s0_fullft,resnet50,caltech256,25,0,fullft,15,0.777778
resnet50_caltech256_f25_s0_fullft,resnet50,caltech256,25,0,fullft,16,0.619048
resnet50_caltech256_f25_s0_fullft,resnet50,caltech256,25,0,fullft,17,0.65
resnet50_caltech256_f25_s0_fullft,resnet50,caltech256,25,0,fullft,18,0.8
resnet50_caltech256_f25_s0_fullft,resnet50,caltech256,25,0,fullft,19,0.882353
resnet50_caltech256_f25_s0_fullft,resnet50,caltech256,25,0,fullft,20,0.928571
resnet50_caltech256_f25_s0_fullft,resnet50,caltech256,25,0,fullft,21,0.947368
resnet50_caltech256_f25_s0_fullft,resnet50,caltech256,25,0,fullft,22,0.909091
resnet50_caltech256_f25_s0_fullft,resnet50,caltech256,25,0,fullft,23,0.954545
resnet50_caltech256_f25_s0_fullft,resnet50,caltech256,25,0,fullft,24,0.826087
resnet50_caltech256_f25_s0_fullft,resnet50,caltech256,25,0,fullft,25,0.333333
resnet50_caltech256_f25_s0_fullft,resnet50,caltech256,25,0,fullft,26,0.95
resnet50_caltech256_f25_s0_fullft,resnet50,caltech256,25,0,fullft,27,0.909091
resnet50_caltech256_f25_s0_fullft,resnet50,caltech256,25,0,fullft,28,0.809524
resnet50_caltech256_f25_s0_fullft,resnet50,caltech256,25,0,fullft,29,0.619048
resnet50_caltech256_f25_s0_fullft,resnet50,caltech256,25,0,fullft,30,0.722222
resnet50_caltech256_f25_s0_fullft,resnet50,caltech256,25,0,fullft,31,0.8
resnet50_caltech256_f25_s0_fullft,resnet50,caltech256,25,0,fullft,32,0.75
resnet50_caltech256_f25_s0_fullft,resnet50,caltech256,25,0,fullft,33,0.95
resnet50_caltech256_f25_s0_fullft,resnet50,caltech256,25,0,fullft,34,0.823529
resnet50_caltech256_f25_s0_fullft,resnet50,caltech256,25,0,fullft,35,0.714286
resnet50_caltech256_f25_s0_fullft,resnet50,caltech256,25,0,fullft,36,1.0
resnet50_caltech256_f25_s0_fullft,resnet50,caltech256,25,0,fullft,37,0.818182
resnet50_caltech256_f25_s0_fullft,resnet50,caltech256,25,0,fullft,38,0.470588
resnet50_caltech256_f25_s0_fullft,resnet50,caltech256,25,0,fullft,39,0.96
resnet50_caltech256_f25_s0_fullft,resnet50,caltech256,25,0,fullft,40,0.882353
resnet50_caltech256_f25_s0_fullft,resnet50,caltech256,25,0,fullft,41,0.352941
resnet50_caltech256_f25_s0_fullft,resnet50,caltech256,25,0,fullft,42,0.72
resnet50_caltech256_f25_s0_fullft,resnet50,caltech256,25,0,fullft,43,0.833333
resnet50_caltech256_f25_s0_fullft,resnet50,caltech256,25,0,fullft,44,0.823529
resnet50_caltech256_f25_s0_fullft,resnet50,caltech256,25,0,fullft,45,0.962963
resnet50_caltech256_f25_s0_fullft,resnet50,caltech256,25,0,fullft,46,0.842105
resnet50_caltech256_f25_s0_fullft,resnet50,caltech256,25,0,fullft,47,0.904762
resnet50_caltech256_f25_s0_fullft,resnet50,caltech256,25,0,fullft,48,0.904762
resnet50_caltech256_f25_s0_fullft,resnet50,caltech256,25,0,fullft,49,0.684211
resnet50_caltech256_f25_s0_fullft,resnet50,caltech256,25,0,fullft,50,0.695652
resnet50_caltech256_f25_s0_fullft,resnet50,caltech256,25,0,fullft,51,0.823529
resnet50_caltech256_f25_s0_fullft,resnet50,caltech256,25,0,fullft,52,0.875
resnet50_caltech256_f25_s0_fullft,resnet50,caltech256,25,0,fullft,53,0.875
resnet50_caltech256_f25_s0_fullft,resnet50,caltech256,25,0,fullft,54,0.7
resnet50_caltech256_f25_s0_fullft,resnet50,caltech256,25,0,fullft,55,0.8
resnet50_caltech256_f25_s0_fullft,resnet50,caltech256,25,0,fullft,56,0.857143
resnet50_caltech256_f25_s0_fullft,resnet50,caltech256,25,0,fullft,57,0.789474
resnet50_caltech256_f25_s0_fullft,resnet50,caltech256,25,0,fullft,58,0.352941
resnet50_caltech256_f25_s0_fullft,resnet50,caltech256,25,0,fullft,59,0.705882
resnet50_caltech256_f25_s0_fullft,resnet50,caltech256,25,0,fullft,60,0.65
resnet50_caltech256_f25_s0_fullft,resnet50,caltech256,25,0,fullft,61,0.941176
resnet50_caltech256_f25_s0_fullft,resnet50,caltech256,25,0,fullft,62,1.0
resnet50_caltech256_f25_s0_fullft,resnet50,caltech256,25,0,fullft,63,1.0
resnet50_caltech256_f25_s0_fullft,resnet50,caltech256,25,0,fullft,64,0.9
resnet50_caltech256_f25_s0_fullft,resnet50,caltech256,25,0,fullft,65,0.941176
resnet50_caltech256_f25_s0_fullft,resnet50,caltech256,25,0,fullft,66,0.764706
resnet50_caltech256_f25_s0_fullft,resnet50,caltech256,25,0,fullft,67,0.863636
resnet50_caltech256_f25_s0_fullft,resnet50,caltech256,25,0,fullft,68,0.5
resnet50_caltech256_f25_s0_fullft,resnet50,caltech256,25,0,fullft,69,0.470588
resnet50_caltech256_f25_s0_fullft,resnet50,caltech256,25,0,fullft,70,0.75
resnet50_caltech256_f25_s0_fullft,resnet50,caltech256,25,0,fullft,71,0.958333
resnet50_caltech256_f25_s0_fullft,resnet50,caltech256,25,0,fullft,72,0.85
resnet50_caltech256_f25_s0_fullft,resnet50,caltech256,25,0,fullft,73,0.695652
resnet50_caltech256_f25_s0_fullft,resnet50,caltech256,25,0,fullft,74,0.588235
resnet50_caltech256_f25_s0_fullft,resnet50,caltech256,25,0,fullft,75,0.941176
resnet50_caltech256_f25_s0_fullft,resnet50,caltech256,25,0,fullft,76,1.0
resnet50_caltech256_f25_s0_fullft,resnet50,caltech256,25,0,fullft,77,0.888889
resnet50_caltech256_f25_s0_fullft,resnet50,caltech256,25,0,fullft,78,0.65
resnet50_caltech256_f25_s0_fullft,resnet50,caltech256,25,0,fullft,79,0.652174
resnet50_caltech256_f25_s0_fullft,resnet50,caltech256,25,0,fullft,80,0.947368
resnet50_caltech256_f25_s0_fullft,resnet50,caltech256,25,0,fullft,81,0.8125
resnet50_caltech256_f25_s0_fullft,resnet50,caltech256,25,0,fullft,82,0.684211
resnet50_caltech256_f25_s0_fullft,resnet50,caltech256,25,0,fullft,83,0.941176
resnet50_caltech256_f25_s0_fullft,resnet50,caltech256,25,0,fullft,84,0.863636
resnet50_caltech256_f25_s0_fullft,resnet50,caltech256,25,0,fullft,85,0.9375
resnet50_caltech256_f25_s0_fullft,resnet50,caltech256,25,0,fullft,86,0.789474
resnet50_caltech256_f25_s0_fullft,resnet50,caltech256,25,0,fullft,87,0.95
resnet50_caltech256_f25_s0_fullft,resnet50,caltech256,25,0,fullft,88,0.818182
resnet50_caltech256_f25_s0_fullft,resnet50,caltech256,25,0,fullft,89,1.0
resnet50_caltech256_f25_s0_fullft,resnet50,caltech256,25,0,fullft,90,0.894737
resnet50_caltech256_f25_s0_fullft,resnet50,caltech256,25,0,fullft,91,0.85
resnet50_caltech256_f25_s0_fullft,resnet50,caltech256,25,0,fullft,92,0.954545
resnet50_caltech256_f25_s0_fullft,resnet50,caltech256,25,0,fullft,93,0.904762
resnet50_caltech256_f25_s0_fullft,resnet50,caltech256,25,0,fullft,94,0.823529
resnet50_caltech256_f25_s0_fullft,resnet50,caltech256,25,0,fullft,95,0.912281
resnet50_caltech256_f25_s0_fullft,resnet50,caltech256,25,0,fullft,96,0.722222
resnet50_caltech256_f25_s0_fullft,resnet50,caltech256,25,0,fullft,97,1.0
resnet50_caltech256_f25_s0_fullft,resnet50,caltech256,25,0,fullft,98,0.8125
resnet50_caltech256_f25_s0_fullft,resnet50,caltech256,25,0,fullft,99,1.0
resnet50_caltech256_f25_s0_fullft,resnet50,caltech256,25,0,fullft,100,0.892857
resnet50_caltech256_f25_s0_fullft,resnet50,caltech256,25,0,fullft,101,0.833333
resnet50_caltech256_f25_s0_fullft,resnet50,caltech256,25,0,fullft,102,1.0
resnet50_caltech256_f25_s0_fullft,resnet50,caltech256,25,0,fullft,103,0.842105
resnet50_caltech256_f25_s0_fullft,resnet50,caltech256,25,0,fullft,104,0.87037
resnet50_caltech256_f25_s0_fullft,resnet50,caltech256,25,0,fullft,105,0.529412
resnet50_caltech256_f25_s0_fullft,resnet50,caltech256,25,0,fullft,106,1.0
resnet50_caltech256_f25_s0_fullft,resnet50,caltech256,25,0,fullft,107,0.647059
resnet50_caltech256_f25_s0_fullft,resnet50,caltech256,25,0,fullft,108,1.0
resnet50_caltech256_f25_s0_fullft,resnet50,caltech256,25,0,fullft,109,0.823529
resnet50_caltech256_f25_s0_fullft,resnet50,caltech256,25,0,fullft,110,0.823529
resnet50_caltech256_f25_s0_fullft,resnet50,caltech256,25,0,fullft,111,0.764706
resnet50_caltech256_f25_s0_fullft,resnet50,caltech256,25,0,fullft,112,0.913043
resnet50_caltech256_f25_s0_fullft,resnet50,caltech256,25,0,fullft,113,0.958333
resnet50_caltech256_f25_s0_fullft,resnet50,caltech256,25,0,fullft,114,0.888889
resnet50_caltech256_f25_s0_fullft,resnet50,caltech256,25,0,fullft,115,1.0
resnet50_caltech256_f25_s0_fullft,resnet50,caltech256,25,0,fullft,116,0.875
resnet50_caltech256_f25_s0_fullft,resnet50,caltech256,25,0,fullft,117,0.818182
resnet50_caltech256_f25_s0_fullft,resnet50,caltech256,25,0,fullft,118,0.705882
resnet50_caltech256_f25_s0_fullft,resnet50,caltech256,25,0,fullft,119,0.807692
resnet50_caltech256_f25_s0_fullft,resnet50,caltech256,25,0,fullft,120,1.0
resnet50_caltech256_f25_s0_fullft,resnet50,caltech256,25,0,fullft,121,0.619048
resnet50_caltech256_f25_s0_fullft,resnet50,caltech256,25,0,fullft,122,1.0
resnet50_caltech256_f25_s0_fullft,resnet50,caltech256,25,0,fullft,123,0.944444
resnet50_caltech256_f25_s0_fullft,resnet50,caltech256,25,0,fullft,124,0.4
resnet50_caltech256_f25_s0_fullft,resnet50,caltech256,25,0,fullft,125,0.6875
resnet50_caltech256_f25_s0_fullft,resnet50,caltech256,25,0,fullft,126,0.884615
resnet50_caltech256_f25_s0_fullft,resnet50,caltech256,25,0,fullft,127,0.809524
resnet50_caltech256_f25_s0_fullft,resnet50,caltech256,25,0,fullft,128,1.0
resnet50_caltech256_f25_s0_fullft,resnet50,caltech256,25,0,fullft,129,1.0
resnet50_caltech256_f25_s0_fullft,resnet50,caltech256,25,0,fullft,130,0.944444
resnet50_caltech256_f25_s0_fullft,resnet50,caltech256,25,0,fullft,131,0.894737
resnet50_caltech256_f25_s0_fullft,resnet50,caltech256,25,0,fullft,132,0.814815
resnet50_caltech256_f25_s0_fullft,resnet50,caltech256,25,0,fullft,133,0.875
resnet50_caltech256_f25_s0_fullft,resnet50,caltech256,25,0,fullft,134,0.631579
resnet50_caltech256_f25_s0_fullft,resnet50,caltech256,25,0,fullft,135,0.631579
resnet50_caltech256_f25_s0_fullft,resnet50,caltech256,25,0,fullft,136,0.967742
resnet50_caltech256_f25_s0_fullft,resnet50,caltech256,25,0,fullft,137,0.921053
resnet50_caltech256_f25_s0_fullft,resnet50,caltech256,25,0,fullft,138,0.941176
resnet50_caltech256_f25_s0_fullft,resnet50,caltech256,25,0,fullft,139,0.722222
resnet50_caltech256_f25_s0_fullft,resnet50,caltech256,25,0,fullft,140,0.956522
resnet50_caltech256_f25_s0_fullft,resnet50,caltech256,25,0,fullft,141,0.952381
resnet50_caltech256_f25_s0_fullft,resnet50,caltech256,25,0,fullft,142,0.923077
resnet50_caltech256_f25_s0_fullft,resnet50,caltech256,25,0,fullft,143,0.625
resnet50_caltech256_f25_s0_fullft,resnet50,caltech256,25,0,fullft,144,1.0
resnet50_caltech256_f25_s0_fullft,resnet50,caltech256,25,0,fullft,145,0.6875
resnet50_caltech256_f25_s0_fullft,resnet50,caltech256,25,0,fullft,146,0.85
resnet50_caltech256_f25_s0_fullft,resnet50,caltech256,25,0,fullft,147,0.8
resnet50_caltech256_f25_s0_fullft,resnet50,caltech256,25,0,fullft,148,0.857143
resnet50_caltech256_f25_s0_fullft,resnet50,caltech256,25,0,fullft,149,0.954545
resnet50_caltech256_f25_s0_fullft,resnet50,caltech256,25,0,fullft,150,0.863636
resnet50_caltech256_f25_s0_fullft,resnet50,caltech256,25,0,fullft,151,1.0
resnet50_caltech256_f25_s0_fullft,resnet50,caltech256,25,0,fullft,152,0.894737
resnet50_caltech256_f25_s0_fullft,resnet50,caltech256,25,0,fullft,153,0.809524
resnet50_caltech256_f25_s0_fullft,resnet50,caltech256,25,0,fullft,154,0.5
resnet50_caltech256_f25_s0_fullft,resnet50,caltech256,25,0,fullft,155,0.631579
resnet50_caltech256_f25_s0_fullft,resnet50,caltech256,25,0,fullft,156,0.904762
resnet50_caltech256_f25_s0_fullft,resnet50,caltech256,25,0,fullft,157,0.933333
resnet50_caltech256_f25_s0_fullft,resnet50,caltech256,25,0,fullft,158,0.690476
resnet50_caltech256_f25_s0_fullft,resnet50,caltech256,25,0,fullft,159,0.470588
resnet50_caltech256_f25_s0_fullft,resnet50,caltech256,25,0,fullft,160,0.952381
resnet50_caltech256_f25_s0_fullft,resnet50,caltech256,25,0,fullft,161,0.5
resnet50_caltech256_f25_s0_fullft,resnet50,caltech256,25,0,fullft,162,0.444444
resnet50_caltech256_f25_s0_fullft,resnet50,caltech256,25,0,fullft,163,0.85
resnet50_caltech256_f25_s0_fullft,resnet50,caltech256,25,0,fullft,164,0.777778
resnet50_caltech256_f25_s0_fullft,resnet50,caltech256,25,0,fullft,165,0.888889
resnet50_caltech256_f25_s0_fullft,resnet50,caltech256,25,0,fullft,166,0.647059
resnet50_caltech256_f25_s0_fullft,resnet50,caltech256,25,0,fullft,167,0.964286
resnet50_caltech256_f25_s0_fullft,resnet50,caltech256,25,0,fullft,168,0.833333
resnet50_caltech256_f25_s0_fullft,resnet50,caltech256,25,0,fullft,169,0.9
resnet50_caltech256_f25_s0_fullft,resnet50,caltech256,25,0,fullft,170,0.647059
resnet50_caltech256_f25_s0_fullft,resnet50,caltech256,25,0,fullft,171,0.85
resnet50_caltech256_f25_s0_fullft,resnet50,caltech256,25,0,fullft,172,0.571429
resnet50_caltech256_f25_s0_fullft,resnet50,caltech256,25,0,fullft,173,0.941176
resnet50_caltech256_f25_s0_fullft,resnet50,caltech256,25,0,fullft,174,0.823529
resnet50_caltech256_f25_s0_fullft,resnet50,caltech256,25,0,fullft,175,0.909091
resnet50_caltech256_f25_s0_fullft,resnet50,caltech256,25,0,fullft,176,0.947368
resnet50_caltech256_f25_s0_fullft,resnet50,caltech256,25,0,fullft,177,1.0
resnet50_caltech256_f25_s0_fullft,resnet50,caltech256,25,0,fullft,178,0.9375
resnet50_caltech256_f25_s0_fullft,resnet50,caltech256,25,0,fullft,179,0.5
resnet50_caltech256_f25_s0_fullft,resnet50,caltech256,25,0,fullft,180,0.85
resnet50_caltech256_f25_s0_fullft,resnet50,caltech256,25,0,fullft,181,0.958333
resnet50_caltech256_f25_s0_fullft,resnet50,caltech256,25,0,fullft,182,0.9
resnet50_caltech256_f25_s0_fullft,resnet50,caltech256,25,0,fullft,183,1.0
resnet50_caltech256_f25_s0_fullft,resnet50,caltech256,25,0,fullft,184,0.380952
resnet50_caltech256_f25_s0_fullft,resnet50,caltech256,25,0,fullft,185,0.9375
resnet50_caltech256_f25_s0_fullft,resnet50,caltech256,25,0,fullft,186,0.842105
resnet50_caltech256_f25_s0_fullft,resnet50,caltech256,25,0,fullft,187,0.666667
resnet50_caltech256_f25_s0_fullft,resnet50,caltech256,25,0,fullft,188,0.75
resnet50_caltech256_f25_s0_fullft,resnet50,caltech256,25,0,fullft,189,0.954545
resnet50_caltech256_f25_s0_fullft,resnet50,caltech256,25,0,fullft,190,0.409091
resnet50_caltech256_f25_s0_fullft,resnet50,caltech256,25,0,fullft,191,0.954545
resnet50_caltech256_f25_s0_fullft,resnet50,caltech256,25,0,fullft,192,0.771429
resnet50_caltech256_f25_s0_fullft,resnet50,caltech256,25,0,fullft,193,0.954545
resnet50_caltech256_f25_s0_fullft,resnet50,caltech256,25,0,fullft,194,0.352941
resnet50_caltech256_f25_s0_fullft,resnet50,caltech256,25,0,fullft,195,0.857143
resnet50_caltech256_f25_s0_fullft,resnet50,caltech256,25,0,fullft,196,0.8
resnet50_caltech256_f25_s0_fullft,resnet50,caltech256,25,0,fullft,197,0.727273
resnet50_caltech256_f25_s0_fullft,resnet50,caltech256,25,0,fullft,198,0.52381
resnet50_caltech256_f25_s0_fullft,resnet50,caltech256,25,0,fullft,199,0.85
resnet50_caltech256_f25_s0_fullft,resnet50,caltech256,25,0,fullft,200,1.0
resnet50_caltech256_f25_s0_fullft,resnet50,caltech256,25,0,fullft,201,0.684211
resnet50_caltech256_f25_s0_fullft,resnet50,caltech256,25,0,fullft,202,0.777778
resnet50_caltech256_f25_s0_fullft,resnet50,caltech256,25,0,fullft,203,1.0
resnet50_caltech256_f25_s0_fullft,resnet50,caltech256,25,0,fullft,204,0.647059
resnet50_caltech256_f25_s0_fullft,resnet50,caltech256,25,0,fullft,205,0.65
resnet50_caltech256_f25_s0_fullft,resnet50,caltech256,25,0,fullft,206,0.913043
resnet50_caltech256_f25_s0_fullft,resnet50,caltech256,25,0,fullft,207,0.954545
resnet50_caltech256_f25_s0_fullft,resnet50,caltech256,25,0,fullft,208,0.7
resnet50_caltech256_f25_s0_fullft,resnet50,caltech256,25,0,fullft,209,0.954545
resnet50_caltech256_f25_s0_fullft,resnet50,caltech256,25,0,fullft,210,0.684211
resnet50_caltech256_f25_s0_fullft,resnet50,caltech256,25,0,fullft,211,0.962963
resnet50_caltech256_f25_s0_fullft,resnet50,caltech256,25,0,fullft,212,1.0
resnet50_caltech256_f25_s0_fullft,resnet50,caltech256,25,0,fullft,213,0.928571
resnet50_caltech256_f25_s0_fullft,resnet50,caltech256,25,0,fullft,214,0.823529
resnet50_caltech256_f25_s0_fullft,resnet50,caltech256,25,0,fullft,215,0.95
resnet50_caltech256_f25_s0_fullft,resnet50,caltech256,25,0,fullft,216,0.904762
resnet50_caltech256_f25_s0_fullft,resnet50,caltech256,25,0,fullft,217,0.9375
resnet50_caltech256_f25_s0_fullft,resnet50,caltech256,25,0,fullft,218,0.705882
resnet50_caltech256_f25_s0_fullft,resnet50,caltech256,25,0,fullft,219,0.684211
resnet50_caltech256_f25_s0_fullft,resnet50,caltech256,25,0,fullft,220,1.0
resnet50_caltech256_f25_s0_fullft,resnet50,caltech256,25,0,fullft,221,0.777778
resnet50_caltech256_f25_s0_fullft,resnet50,caltech256,25,0,fullft,222,0.6875
resnet50_caltech256_f25_s0_fullft,resnet50,caltech256,25,0,fullft,223,0.818182
resnet50_caltech256_f25_s0_fullft,resnet50,caltech256,25,0,fullft,224,0.944444
resnet50_caltech256_f25_s0_fullft,resnet50,caltech256,25,0,fullft,225,0.7
resnet50_caltech256_f25_s0_fullft,resnet50,caltech256,25,0,fullft,226,0.827586
resnet50_caltech256_f25_s0_fullft,resnet50,caltech256,25,0,fullft,227,0.894737
resnet50_caltech256_f25_s0_fullft,resnet50,caltech256,25,0,fullft,228,0.684211
resnet50_caltech256_f25_s0_fullft,resnet50,caltech256,25,0,fullft,229,0.947368
resnet50_caltech256_f25_s0_fullft,resnet50,caltech256,25,0,fullft,230,0.772727
resnet50_caltech256_f25_s0_fullft,resnet50,caltech256,25,0,fullft,231,0.916667
resnet50_caltech256_f25_s0_fullft,resnet50,caltech256,25,0,fullft,232,0.65
resnet50_caltech256_f25_s0_fullft,resnet50,caltech256,25,0,fullft,233,0.791667
resnet50_caltech256_f25_s0_fullft,resnet50,caltech256,25,0,fullft,234,0.695652
resnet50_caltech256_f25_s0_fullft,resnet50,caltech256,25,0,fullft,235,0.842105
resnet50_caltech256_f25_s0_fullft,resnet50,caltech256,25,0,fullft,236,0.888889
resnet50_caltech256_f25_s0_fullft,resnet50,caltech256,25,0,fullft,237,1.0
resnet50_caltech256_f25_s0_fullft,resnet50,caltech256,25,0,fullft,238,0.764706
resnet50_caltech256_f25_s0_fullft,resnet50,caltech256,25,0,fullft,239,0.95
resnet50_caltech256_f25_s0_fullft,resnet50,caltech256,25,0,fullft,240,0.842105
resnet50_caltech256_f25_s0_fullft,resnet50,caltech256,25,0,fullft,241,0.894737
resnet50_caltech256_f25_s0_fullft,resnet50,caltech256,25,0,fullft,242,0.666667
resnet50_caltech256_f25_s0_fullft,resnet50,caltech256,25,0,fullft,243,0.777778
resnet50_caltech256_f25_s0_fullft,resnet50,caltech256,25,0,fullft,244,0.666667
resnet50_caltech256_f25_s0_fullft,resnet50,caltech256,25,0,fullft,245,0.75
resnet50_caltech256_f25_s0_fullft,resnet50,caltech256,25,0,fullft,246,0.722222
resnet50_caltech256_f25_s0_fullft,resnet50,caltech256,25,0,fullft,247,0.764706
resnet50_caltech256_f25_s0_fullft,resnet50,caltech256,25,0,fullft,248,0.55
resnet50_caltech256_f25_s0_fullft,resnet50,caltech256,25,0,fullft,249,1.0
resnet50_caltech256_f25_s0_fullft,resnet50,caltech256,25,0,fullft,250,0.98125
resnet50_caltech256_f25_s0_fullft,resnet50,caltech256,25,0,fullft,251,1.0
resnet50_caltech256_f25_s0_fullft,resnet50,caltech256,25,0,fullft,252,1.0
resnet50_caltech256_f25_s0_fullft,resnet50,caltech256,25,0,fullft,253,0.894737
resnet50_caltech256_f25_s0_fullft,resnet50,caltech256,25,0,fullft,254,0.761905
resnet50_caltech256_f25_s0_fullft,resnet50,caltech256,25,0,fullft,255,0.909091
resnet50_caltech256_f25_s0_linprobe,resnet50,caltech256,25,0,linprobe,0,0.95
resnet50_caltech256_f25_s0_linprobe,resnet50,caltech256,25,0,linprobe,1,0.736842
resnet50_caltech256_f25_s0_linprobe,resnet50,caltech256,25,0,linprobe,2,0.933333
resnet50_caltech256_f25_s0_linprobe,resnet50,caltech256,25,0,linprobe,3,0.68
resnet50_caltech256_f25_s0_linprobe,resnet50,caltech256,25,0,linprobe,4,0.966667
resnet50_caltech256_f25_s0_linprobe,resnet50,caltech256,25,0,linprobe,5,0.555556
resnet50_caltech256_f25_s0_linprobe,resnet50,caltech256,25,0,linprobe,6,0.857143
resnet50_caltech256_f25_s0_linprobe,resnet50,caltech256,25,0,linprobe,7,0.804348
resnet50_caltech256_f25_s0_linprobe,resnet50,caltech256,25,0,linprobe,8,0.9
resnet50_caltech256_f25_s0_linprobe,resnet50,caltech256,25,0,linprobe,9,0.684211
resnet50_caltech256_f25_s0_linprobe,resnet50,caltech256,25,0,linprobe,10,0.892857
resnet50_caltech256_f25_s0_linprobe,resnet50,caltech256,25,0,linprobe,11,0.883721
resnet50_caltech256_f25_s0_linprobe,resnet50,caltech256,25,0,linprobe,12,0.6
resnet50_caltech256_f25_s0_linprobe,resnet50,caltech256,25,0,linprobe,13,0.823529
resnet50_caltech256_f25_s0_linprobe,resnet50,caltech256,25,0,linprobe,14,1.0
resnet50_caltech256_f25_s0_linprobe,resnet50,caltech256,25,0,linprobe,15,0.944444
resnet50_caltech256_f25_s0_linprobe,resnet50,caltech256,25,0,linprobe,16,0.52381
resnet50_caltech256_f25_s0_linprobe,resnet50,caltech256,25,0,linprobe,17,0.65
resnet50_caltech256_f25_s0_linprobe,resnet50,caltech256,25,0,linprobe,18,0.72
resnet50_caltech256_f25_s0_linprobe,resnet50,caltech256,25,0,linprobe,19,0.941176
resnet50_caltech256_f25_s0_linprobe,resnet50,caltech256,25,0,linprobe,20,0.928571
resnet50_caltech256_f25_s0_linprobe,resnet50,caltech256,25,0,linprobe,21,0.947368
resnet50_caltech256_f25_s0_linprobe,resnet50,caltech256,25,0,linprobe,22,0.818182
resnet50_caltech256_f25_s0_linprobe,resnet50,caltech256,25,0,linprobe,23,0.954545
resnet50_caltech256_f25_s0_linprobe,resnet50,caltech256,25,0,linprobe,24,0.782609
resnet50_caltech256_f25_s0_linprobe,resnet50,caltech256,25,0,linprobe,25,0.52381
resnet50_caltech256_f25_s0_linprobe,resnet50,caltech256,25,0,linprobe,26,0.85
resnet50_caltech256_f25_s0_linprobe,resnet50,caltech256,25,0,linprobe,27,0.863636
resnet50_caltech256_f25_s0_linprobe,resnet50,caltech256,25,0,linprobe,28,0.904762
resnet50_caltech256_f25_s0_linprobe,resnet50,caltech256,25,0,linprobe,29,0.380952
resnet50_caltech256_f25_s0_linprobe,resnet50,caltech256,25,0,linprobe,30,0.833333
resnet50_caltech256_f25_s0_linprobe,resnet50,caltech256,25,0,linprobe,31,0.75
resnet50_caltech256_f25_s0_linprobe,resnet50,caltech256,25,0,linprobe,32,0.65
resnet50_caltech256_f25_s0_linprobe,resnet50,caltech256,25,0,linprobe,33,1.0
resnet50_caltech256_f25_s0_linprobe,resnet50,caltech256,25,0,linprobe,34,0.823529
resnet50_caltech256_f25_s0_linprobe,resnet50,caltech256,25,0,linprobe,35,0.761905
resnet50_caltech256_f25_s0_linprobe,resnet50,caltech256,25,0,linprobe,36,0.958333
resnet50_caltech256_f25_s0_linprobe,resnet50,caltech256,25,0,linprobe,37,0.818182
resnet50_caltech256_f25_s0_linprobe,resnet50,caltech256,25,0,linprobe,38,0.411765
resnet50_caltech256_f25_s0_linprobe,resnet50,caltech256,25,0,linprobe,39,0.92
resnet50_caltech256_f25_s0_linprobe,resnet50,caltech256,25,0,linprobe,40,0.764706
resnet50_caltech256_f25_s0_linprobe,resnet50,caltech256,25,0,linprobe,41,0.588235
resnet50_caltech256_f25_s0_linprobe,resnet50,caltech256,25,0,linprobe,42,0.8
resnet50_caltech256_f25_s0_linprobe,resnet50,caltech256,25,0,linprobe,43,0.791667
resnet50_caltech256_f25_s0_linprobe,resnet50,caltech256,25,0,linprobe,44,0.823529
resnet50_caltech256_f25_s0_linprobe,resnet50,caltech256,25,0,linprobe,45,1.0
resnet50_caltech256_f25_s0_linprobe,resnet50,caltech256,25,0,linprobe,46,0.789474
resnet50_caltech256_f25_s0_linprobe,resnet50,caltech256,25,0,linprobe,47,0.952381
resnet50_caltech256_f25_s0_linprobe,resnet50,caltech256,25,0,linprobe,48,0.904762
resnet50_caltech256_f25_s0_linprobe,resnet50,caltech256,25,0,linprobe,49,0.736842
resnet50_caltech256_f25_s0_linprobe,resnet50,caltech256,25,0,linprobe,50,0.782609
resnet50_caltech256_f25_s0_linprobe,resnet50,caltech256,25,0,linprobe,51,0.941176
resnet50_caltech256_f25_s0_linprobe,resnet50,caltech256,25,0,linprobe,52,0.9375
resnet50_caltech256_f25_s0_linprobe,resnet50,caltech256,25,0,linprobe,53,0.833333
resnet50_caltech256_f25_s0_linprobe,resnet50,caltech256,25,0,linprobe,54,0.65
resnet50_caltech256_f25_s0_linprobe,resnet50,caltech256,25,0,linprobe,55,0.75
resnet50_caltech256_f25_s0_linprobe,resnet50,caltech256,25,0,linprobe,56,0.809524
resnet50_caltech256_f25_s0_linprobe,resnet50,caltech256,25,0,linprobe,57,0.842105
resnet50_caltech256_f25_s0_linprobe,resnet50,caltech256,25,0,linprobe,58,0.411765
resnet50_caltech256_f25_s0_linprobe,resnet50,caltech256,25,0,linprobe,59,0.588235
resnet50_caltech256_f25_s0_linprobe,resnet50,caltech256,25,0,linprobe,60,0.8
resnet50_caltech256_f25_s0_linprobe,resnet50,caltech256,25,0,linprobe,61,0.941176
resnet50_caltech256_f25_s0_linprobe,resnet50,caltech256,25,0,linprobe,62,0.958333
resnet50_caltech256_f25_s0_linprobe,resnet50,caltech256,25,0,linprobe,63,1.0
resnet50_caltech256_f25_s0_linprobe,resnet50,caltech256,25,0,linprobe,64,0.85
resnet50_caltech256_f25_s0_linprobe,resnet50,caltech256,25,0,linprobe,65,0.882353
resnet50_caltech256_f25_s0_linprobe,resnet50,caltech256,25,0,linprobe,66,0.823529
resnet50_caltech256_f25_s0_linprobe,resnet50,caltech256,25,0,linprobe,67,0.909091
resnet50_caltech256_f25_s0_linprobe,resnet50,caltech256,25,0,linprobe,68,0.55
resnet50_caltech256_f25_s0_linprobe,resnet50,caltech256,25,0,linprobe,69,0.411765
resnet50_caltech256_f25_s0_linprobe,resnet50,caltech256,25,0,linprobe,70,0.75
resnet50_caltech256_f25_s0_linprobe,resnet50,caltech256,25,0,linprobe,71,0.958333
resnet50_caltech256_f25_s0_linprobe,resnet50,caltech256,25,0,linprobe,72,0.8
resnet50_caltech256_f25_s0_linprobe,resnet50,caltech256,25,0,linprobe,73,0.652174
resnet50_caltech256_f25_s0_linprobe,resnet50,caltech256,25,0,linprobe,74,0.705882
resnet50_caltech256_f25_s0_linprobe,resnet50,caltech256,25,0,linprobe,75,0.882353
resnet50_caltech256_f25_s0_linprobe,resnet50,caltech256,25,0,linprobe,76,1.0
resnet50_caltech256_f25_s0_linprobe,resnet50,caltech256,25,0,linprobe,77,0.888889
resnet50_caltech256_f25_s0_linprobe,resnet50,caltech256,25,0,linprobe,78,0.65
resnet50_caltech256_f25_s0_linprobe,resnet50,caltech256,25,0,linprobe,79,0.695652
resnet50_caltech256_f25_s0_linprobe,resnet50,caltech256,25,0,linprobe,80,0.947368
resnet50_caltech256_f25_s0_linprobe,resnet50,caltech256,25,0,linprobe,81,0.75
resnet50_caltech256_f25_s0_linprobe,resnet50,caltech256,25,0,linprobe,82,0.947368
resnet50_caltech256_f25_s0_linprobe,resnet50,caltech256,25,0,linprobe,83,1.0
resnet50_caltech256_f25_s0_linprobe,resnet50,caltech256,25,0,linprobe,84,0.954545
resnet50_caltech256_f25_s0_linprobe,resnet50,caltech256,25,0,linprobe,85,0.875
resnet50_caltech256_f25_s0_linprobe,resnet50,caltech256,25,0,linprobe,86,0.894737
resnet50_caltech256_f25_s0_linprobe,resnet50,caltech256,25,0,linprobe,87,0.9
resnet50_caltech256_f25_s0_linprobe,resnet50,caltech256,25,0,linprobe,88,0.909091
resnet50_caltech256_f25_s0_linprobe,resnet50,caltech256,25,0,linprobe,89,0.952381
resnet50_caltech256_f25_s0_linprobe,resnet50,caltech256,25,0,linprobe,90,0.894737
resnet50_caltech256_f25_s0_linprobe,resnet50,caltech256,25,0,linprobe,91,0.875
resnet50_caltech256_f25_s0_linprobe,resnet50,caltech256,25,0,linprobe,92,1.0
resnet50_caltech256_f25_s0_linprobe,resnet50,caltech256,25,0,linprobe,93,0.952381
resnet50_caltech256_f25_s0_linprobe,resnet50,caltech256,25,0,linprobe,94,0.705882
resnet50_caltech256_f25_s0_linprobe,resnet50,caltech256,25,0,linprobe,95,0.912281
resnet50_caltech256_f25_s0_linprobe,resnet50,caltech256,25,0,linprobe,96,0.722222
resnet50_caltech256_f25_s0_linprobe,resnet50,caltech256,25,0,linprobe,97,1.0
resnet50_caltech256_f25_s0_linprobe,resnet50,caltech256,25,0,linprobe,98,1.0
resnet50_caltech256_f25_s0_linprobe,resnet50,caltech256,25,0,linprobe,99,0.842105
resnet50_caltech256_f25_s0_linprobe,resnet50,caltech256,25,0,linprobe,100,0.892857
resnet50_caltech256_f25_s0_linprobe,resnet50,caltech256,25,0,linprobe,101,0.888889
resnet50_caltech256_f25_s0_linprobe,resnet50,caltech256,25,0,linprobe,102,1.0
resnet50_caltech256_f25_s0_linprobe,resnet50,caltech256,25,0,linprobe,103,0.684211
resnet50_caltech256_f25_s0_linprobe,resnet50,caltech256,25,0,linprobe,104,0.888889
resnet50_caltech256_f25_s0_linprobe,resnet50,caltech256,25,0,linprobe,105,0.588235
resnet50_caltech256_f25_s0_linprobe,resnet50,caltech256,25,0,linprobe,106,1.0
resnet50_caltech256_f25_s0_linprobe,resnet50,caltech256,25,0,linprobe,107,0.647059
resnet50_caltech256_f25_s0_linprobe,resnet50,caltech256,25,0,linprobe,108,0.903226
resnet50_caltech256_f25_s0_linprobe,resnet50,caltech256,25,0,linprobe,109,0.882353
resnet50_caltech256_f25_s0_linprobe,resnet50,caltech256,25,0,linprobe,110,0.823529
resnet50_caltech256_f25_s0_linprobe,resnet50,caltech256,25,0,linprobe,111,0.764706
resnet50_caltech256_f25_s0_linprobe,resnet50,caltech256,25,0,linprobe,112,0.956522
resnet50_caltech256_f25_s0_linprobe,resnet50,caltech256,25,0,linprobe,113,0.958333
resnet50_caltech256_f25_s0_linprobe,resnet50,caltech256,25,0,linprobe,114,0.666667
resnet50_caltech256_f25_s0_linprobe,resnet50,caltech256,25,0,linprobe,115,0.904762
resnet50_caltech256_f25_s0_linprobe,resnet50,caltech256,25,0,linprobe,116,0.875
resnet50_caltech256_f25_s0_linprobe,resnet50,caltech256,25,0,linprobe,117,0.772727
resnet50_caltech256_f25_s0_linprobe,resnet50,caltech256,25,0,linprobe,118,0.352941
resnet50_caltech256_f25_s0_linprobe,resnet50,caltech256,25,0,linprobe,119,0.730769
resnet50_caltech256_f25_s0_linprobe,resnet50,caltech256,25,0,linprobe,120,1.0
resnet50_caltech256_f25_s0_linprobe,resnet50,caltech256,25,0,linprobe,121,0.714286
resnet50_caltech256_f25_s0_linprobe,resnet50,caltech256,25,0,linprobe,122,1.0
resnet50_caltech256_f25_s0_linprobe,resnet50,caltech256,25,0,linprobe,123,1.0
resnet50_caltech256_f25_s0_linprobe,resnet50,caltech256,25,0,linprobe,124,0.6
resnet50_caltech256_f25_s0_linprobe,resnet50,caltech256,25,0,linprobe,125,0.645833
resnet50_caltech256_f25_s0_linprobe,resnet50,caltech256,25,0,linprobe,126,0.884615
resnet50_caltech256_f25_s0_linprobe,resnet50,caltech256,25,0,linprobe,127,0.809524
resnet50_caltech256_f25_s0_linprobe,resnet50,caltech256,25,0,linprobe,128,1.0
resnet50_caltech256_f25_s0_linprobe,resnet50,caltech256,25,0,linprobe,129,0.944444
resnet50_caltech256_f25_s0_linprobe,resnet50,caltech256,25,0,linprobe,130,0.888889
resnet50_caltech256_f25_s0_linprobe,resnet50,caltech256,25,0,linprobe,131,0.921053
resnet50_caltech256_f25_s0_linprobe,resnet50,caltech256,25,0,linprobe,132,0.814815
resnet50_caltech256_f25_s0_linprobe,resnet50,caltech256,25,0,linprobe,133,0.916667
resnet50_caltech256_f25_s0_linprobe,resnet50,caltech256,25,0,linprobe,134,0.842105
resnet50_caltech256_f25_s0_linprobe,resnet50,caltech256,25,0,linprobe,135,0.894737
resnet50_caltech256_f25_s0_linprobe,resnet50,caltech256,25,0,linprobe,136,0.935484
resnet50_caltech256_f25_s0_linprobe,resnet50,caltech256,25,0,linprobe,137,0.947368
resnet50_caltech256_f25_s0_linprobe,resnet50,caltech256,25,0,linprobe,138,0.941176
resnet50_caltech256_f25_s0_linprobe,resnet50,caltech256,25,0,linprobe,139,0.666667
resnet50_caltech256_f25_s0_linprobe,resnet50,caltech256,25,0,linprobe,140,1.0
resnet50_caltech256_f25_s0_linprobe,resnet50,caltech256,25,0,linprobe,141,0.761905
resnet50_caltech256_f25_s0_linprobe,resnet50,caltech256,25,0,linprobe,142,0.923077
resnet50_caltech256_f25_s0_linprobe,resnet50,caltech256,25,0,linprobe,143,0.375
resnet50_caltech256_f25_s0_linprobe,resnet50,caltech256,25,0,linprobe,144,1.0
resnet50_caltech256_f25_s0_linprobe,resnet50,caltech256,25,0,linprobe,145,0.5625
resnet50_caltech256_f25_s0_linprobe,resnet50,caltech256,25,0,linprobe,146,0.9
resnet50_caltech256_f25_s0_linprobe,resnet50,caltech256,25,0,linprobe,147,0.628571
resnet50_caltech256_f25_s0_linprobe,resnet50,caltech256,25,0,linprobe,148,0.714286
resnet50_caltech256_f25_s0_linprobe,resnet50,caltech256,25,0,linprobe,149,0.909091
resnet50_caltech256_f25_s0_linprobe,resnet50,caltech256,25,0,linprobe,150,0.909091
resnet50_caltech256_f25_s0_linprobe,resnet50,caltech256,25,0,linprobe,151,0.958333
resnet50_caltech256_f25_s0_linprobe,resnet50,caltech256,25,0,linprobe,152,0.842105
resnet50_caltech256_f25_s0_linprobe,resnet50,caltech256,25,0,linprobe,153,0.714286
resnet50_caltech256_f25_s0_linprobe,resnet50,caltech256,25,0,linprobe,154,0.5
resnet50_caltech256_f25_s0_linprobe,resnet50,caltech256,25,0,linprobe,155,0.684211
resnet50_caltech256_f25_s0_linprobe,resnet50,caltech256,25,0,linprobe,156,0.904762
resnet50_caltech256_f25_s0_linprobe,resnet50,caltech256,25,0,linprobe,157,0.9
resnet50_caltech256_f25_s0_linprobe,resnet50,caltech256,25,0,linprobe,158,0.642857
resnet50_caltech256_f25_s0_linprobe,resnet50,caltech256,25,0,linprobe,159,0.647059
resnet50_caltech256_f25_s0_linprobe,resnet50,caltech256,25,0,linprobe,160,0.904762
resnet50_caltech256_f25_s0_linprobe,resnet50,caltech256,25,0,linprobe,161,0.555556
resnet50_caltech256_f25_s0_linprobe,resnet50,caltech256,25,0,linprobe,162,0.555556
resnet50_caltech256_f25_s0_linprobe,resnet50,caltech256,25,0,linprobe,163,0.95
resnet50_caltech256_f25_s0_linprobe,resnet50,caltech256,25,0,linprobe,164,0.722222
resnet50_caltech256_f25_s0_linprobe,resnet50,caltech256,25,0,linprobe,165,0.722222
resnet50_caltech256_f25_s0_linprobe,resnet50,caltech256,25,0,linprobe,166,0.705882
resnet50_caltech256_f25_s0_linprobe,resnet50,caltech256,25,0,linprobe,167,0.964286
resnet50_caltech256_f25_s0_linprobe,resnet50,caltech256,25,0,linprobe,168,0.944444
resnet50_caltech256_f25_s0_linprobe,resnet50,caltech256,25,0,linprobe,169,0.9
resnet50_caltech256_f25_s0_linprobe,resnet50,caltech256,25,0,linprobe,170,0.647059
resnet50_caltech256_f25_s0_linprobe,resnet50,caltech256,25,0,linprobe,171,0.95
resnet50_caltech256_f25_s0_linprobe,resnet50,caltech256,25,0,linprobe,172,0.619048
resnet50_caltech256_f25_s0_linprobe,resnet50,caltech256,25,0,linprobe,173,0.941176
resnet50_caltech256_f25_s0_linprobe,resnet50,caltech256,25,0,linprobe,174,0.882353
resnet50_caltech256_f25_s0_linprobe,resnet50,caltech256,25,0,linprobe,175,0.727273
resnet50_caltech256_f25_s0_linprobe,resnet50,caltech256,25,0,linprobe,176,0.894737
resnet50_caltech256_f25_s0_linprobe,resnet50,caltech256,25,0,linprobe,177,0.9
resnet50_caltech256_f25_s0_linprobe,resnet50,caltech256,25,0,linprobe,178,0.9375
resnet50_caltech256_f25_s0_linprobe,resnet50,caltech256,25,0,linprobe,179,0.6
resnet50_caltech256_f25_s0_linprobe,resnet50,caltech256,25,0,linprobe,180,0.9
resnet50_caltech256_f25_s0_linprobe,resnet50,caltech256,25,0,linprobe,181,0.958333
resnet50_caltech256_f25_s0_linprobe,resnet50,caltech256,25,0,linprobe,182,0.8
resnet50_caltech256_f25_s0_linprobe,resnet50,caltech256,25,0,linprobe,183,1.0
resnet50_caltech256_f25_s0_linprobe,resnet50,caltech256,25,0,linprobe,184,0.47619
resnet50_caltech256_f25_s0_linprobe,resnet50,caltech256,25,0,linprobe,185,1.0
resnet50_caltech256_f25_s0_linprobe,resnet50,caltech256,25,0,linprobe,186,0.842105
resnet50_caltech256_f25_s0_linprobe,resnet50,caltech256,25,0,linprobe,187,0.666667
resnet50_caltech256_f25_s0_linprobe,resnet50,caltech256,25,0,linprobe,188,0.791667
resnet50_caltech256_f25_s0_linprobe,resnet50,caltech256,25,0,linprobe,189,0.818182
resnet50_caltech256_f25_s0_linprobe,resnet50,caltech256,25,0,linprobe,190,0.409091
resnet50_caltech256_f25_s0_linprobe,resnet50,caltech256,25,0,linprobe,191,0.909091
resnet50_caltech256_f25_s0_linprobe,resnet50,caltech256,25,0,linprobe,192,0.771429
resnet50_caltech256_f25_s0_linprobe,resnet50,caltech256,25,0,linprobe,193,1.0
resnet50_caltech256_f25_s0_linprobe,resnet50,caltech256,25,0,linprobe,194,0.294118
resnet50_caltech256_f25_s0_linprobe,resnet50,caltech256,25,0,linprobe,195,0.761905
resnet50_caltech256_f25_s0_linprobe,resnet50,caltech256,25,0,linprobe,196,0.85
resnet50_caltech256_f25_s0_linprobe,resnet50,caltech256,25,0,linprobe,197,0.818182
resnet50_caltech256_f25_s0_linprobe,resnet50,caltech256,25,0,linprobe,198,0.47619
resnet50_caltech256_f25_s0_linprobe,resnet50,caltech256,25,0,linprobe,199,0.7
resnet50_caltech256_f25_s0_linprobe,resnet50,caltech256,25,0,linprobe,200,1.0
resnet50_caltech256_f25_s0_linprobe,resnet50,caltech256,25,0,linprobe,201,0.631579
resnet50_caltech256_f25_s0_linprobe,resnet50,caltech256,25,0,linprobe,202,0.666667
resnet50_caltech256_f25_s0_linprobe,resnet50,caltech256,25,0,linprobe,203,1.0
resnet50_caltech256_f25_s0_linprobe,resnet50,caltech256,25,0,linprobe,204,0.705882
resnet50_caltech256_f25_s0_linprobe,resnet50,caltech256,25,0,linprobe,205,0.65
resnet50_caltech256_f25_s0_linprobe,resnet50,caltech256,25,0,linprobe,206,1.0
resnet50_caltech256_f25_s0_linprobe,resnet50,caltech256,25,0,linprobe,207,0.909091
resnet50_caltech256_f25_s0_linprobe,resnet50,caltech256,25,0,linprobe,208,0.65
resnet50_caltech256_f25_s0_linprobe,resnet50,caltech256,25,0,linprobe,209,0.818182
resnet50_caltech256_f25_s0_linprobe,resnet50,caltech256,25,0,linprobe,210,0.526316
resnet50_caltech256_f25_s0_linprobe,resnet50,caltech256,25,0,linprobe,211,0.925926
resnet50_caltech256_f25_s0_linprobe,resnet50,caltech256,25,0,linprobe,212,1.0
resnet50_caltech256_f25_s0_linprobe,resnet50,caltech256,25,0,linprobe,213,0.857143
resnet50_caltech256_f25_s0_linprobe,resnet50,caltech256,25,0,linprobe,214,0.941176
resnet50_caltech256_f25_s0_linprobe,resnet50,caltech256,25,0,linprobe,215,0.9
resnet50_caltech256_f25_s0_linprobe,resnet50,caltech256,25,0,linprobe,216,0.904762
resnet50_caltech256_f25_s0_linprobe,resnet50,caltech256,25,0,linprobe,217,0.9375
resnet50_caltech256_f25_s0_linprobe,resnet50,caltech256,25,0,linprobe,218,0.647059
resnet50_caltech256_f25_s0_linprobe,resnet50,caltech256,25,0,linprobe,219,0.789474
resnet50_caltech256_f25_s0_linprobe,resnet50,caltech256,25,0,linprobe,220,0.857143
resnet50_caltech256_f25_s0_linprobe,resnet50,caltech256,25,0,linprobe,221,0.833333
resnet50_caltech256_f25_s0_linprobe,resnet50,caltech256,25,0,linprobe,222,0.4375
resnet50_caltech256_f25_s0_linprobe,resnet50,caltech256,25,0,linprobe,223,0.863636
resnet50_caltech256_f25_s0_linprobe,resnet50,caltech256,25,0,linprobe,224,0.888889
resnet50_caltech256_f25_s0_linprobe,resnet50,caltech256,25,0,linprobe,225,0.6
resnet50_caltech256_f25_s0_linprobe,resnet50,caltech256,25,0,linprobe,226,0.862069
resnet50_caltech256_f25_s0_linprobe,resnet50,caltech256,25,0,linprobe,227,0.947368
resnet50_caltech256_f25_s0_linprobe,resnet50,caltech256,25,0,linprobe,228,0.789474
resnet50_caltech256_f25_s0_linprobe,resnet50,caltech256,25,0,linprobe,229,0.947368
resnet50_caltech256_f25_s0_linprobe,resnet50,caltech256,25,0,linprobe,230,0.681818
resnet50_caltech256_f25_s0_linprobe,resnet50,caltech256,25,0,linprobe,231,0.861111
resnet50_caltech256_f25_s0_linprobe,resnet50,caltech256,25,0,linprobe,232,0.7
resnet50_caltech256_f25_s0_linprobe,resnet50,caltech256,25,0,linprobe,233,0.708333
resnet50_caltech256_f25_s0_linprobe,resnet50,caltech256,25,0,linprobe,234,0.782609
resnet50_caltech256_f25_s0_linprobe,resnet50,caltech256,25,0,linprobe,235,0.789474
resnet50_caltech256_f25_s0_linprobe,resnet50,caltech256,25,0,linprobe,236,0.777778
resnet50_caltech256_f25_s0_linprobe,resnet50,caltech256,25,0,linprobe,237,1.0
resnet50_caltech256_f25_s0_linprobe,resnet50,caltech256,25,0,linprobe,238,0.470588
resnet50_caltech256_f25_s0_linprobe,resnet50,caltech256,25,0,linprobe,239,0.95
resnet50_caltech256_f25_s0_linprobe,resnet50,caltech256,25,0,linprobe,240,0.684211
resnet50_caltech256_f25_s0_linprobe,resnet50,caltech256,25,0,linprobe,241,0.736842
resnet50_caltech256_f25_s0_linprobe,resnet50,caltech256,25,0,linprobe,242,0.888889
resnet50_caltech256_f25_s0_linprobe,resnet50,caltech256,25,0,linprobe,243,0.666667
resnet50_caltech256_f25_s0_linprobe,resnet50,caltech256,25,0,linprobe,244,0.555556
resnet50_caltech256_f25_s0_linprobe,resnet50,caltech256,25,0,linprobe,245,0.75
resnet50_caltech256_f25_s0_linprobe,resnet50,caltech256,25,0,linprobe,246,0.611111
resnet50_caltech256_f25_s0_linprobe,resnet50,caltech256,25,0,linprobe,247,0.882353
resnet50_caltech256_f25_s0_linprobe,resnet50,caltech256,25,0,linprobe,248,0.6
resnet50_caltech256_f25_s0_linprobe,resnet50,caltech256,25,0,linprobe,249,1.0
resnet50_caltech256_f25_s0_linprobe,resnet50,caltech256,25,0,linprobe,250,0.98125
resnet50_caltech256_f25_s0_linprobe,resnet50,caltech256,25,0,linprobe,251,1.0
resnet50_caltech256_f25_s0_linprobe,resnet50,caltech256,25,0,linprobe,252,1.0
resnet50_caltech256_f25_s0_linprobe,resnet50,caltech256,25,0,linprobe,253,0.894737
resnet50_caltech256_f25_s0_linprobe,resnet50,caltech256,25,0,linprobe,254,0.761905
resnet50_caltech256_f25_s0_linprobe,resnet50,caltech256,25,0,linprobe,255,0.909091
resnet50_caltech256_f25_s1_fullft,resnet50,caltech256,25,1,fullft,0,0.85
resnet50_caltech256_f25_s1_fullft,resnet50,caltech256,25,1,fullft,1,0.736842
resnet50_caltech256_f25_s1_fullft,resnet50,caltech256,25,1,fullft,2,0.866667
resnet50_caltech256_f25_s1_fullft,resnet50,caltech256,25,1,fullft,3,0.56
resnet50_caltech256_f25_s1_fullft,resnet50,caltech256,25,1,fullft,4,0.9
resnet50_caltech256_f25_s1_fullft,resnet50,caltech256,25,1,fullft,5,0.666667
resnet50_caltech256_f25_s1_fullft,resnet50,caltech256,25,1,fullft,6,0.809524
resnet50_caltech256_f25_s1_fullft,resnet50,caltech256,25,1,fullft,7,0.891304
resnet50_caltech256_f25_s1_fullft,resnet50,caltech256,25,1,fullft,8,0.95
resnet50_caltech256_f25_s1_fullft,resnet50,caltech256,25,1,fullft,9,0.789474
resnet50_caltech256_f25_s1_fullft,resnet50,caltech256,25,1,fullft,10,0.946429
resnet50_caltech256_f25_s1_fullft,resnet50,caltech256,25,1,fullft,11,0.976744
resnet50_caltech256_f25_s1_fullft,resnet50,caltech256,25,1,fullft,12,0.8
resnet50_caltech256_f25_s1_fullft,resnet50,caltech256,25,1,fullft,13,0.823529
resnet50_caltech256_f25_s1_fullft,resnet50,caltech256,25,1,fullft,14,0.958333
resnet50_caltech256_f25_s1_fullft,resnet50,caltech256,25,1,fullft,15,0.777778
resnet50_caltech256_f25_s1_fullft,resnet50,caltech256,25,1,fullft,16,0.52381
resnet50_caltech256_f25_s1_fullft,resnet50,caltech256,25,1,fullft,17,0.65
resnet50_caltech256_f25_s1_fullft,resnet50,caltech256,25,1,fullft,18,0.8
resnet50_caltech256_f25_s1_fullft,resnet50,caltech256,25,1,fullft,19,0.882353
resnet50_caltech256_f25_s1_fullft,resnet50,caltech256,25,1,fullft,20,0.964286
resnet50_caltech256_f25_s1_fullft,resnet50,caltech256,25,1,fullft,21,0.947368
resnet50_caltech256_f25_s1_fullft,resnet50,caltech256,25,1,fullft,22,0.909091
resnet50_caltech256_f25_s1_fullft,resnet50,caltech256,25,1,fullft,23,1.0
resnet50_caltech256_f25_s1_fullft,resnet50,caltech256,25,1,fullft,24,0.73913
resnet50_caltech256_f25_s1_fullft,resnet50,caltech256,25,1,fullft,25,0.428571
resnet50_caltech256_f25_s1_fullft,resnet50,caltech256,25,1,fullft,26,0.95
resnet50_caltech256_f25_s1_fullft,resnet50,caltech256,25,1,fullft,27,0.909091
resnet50_caltech256_f25_s1_fullft,resnet50,caltech256,25,1,fullft,28,0.952381
resnet50_caltech256_f25_s1_fullft,resnet50,caltech256,25,1,fullft,29,0.666667
resnet50_caltech256_f25_s1_fullft,resnet50,caltech256,25,1,fullft,30,0.666667
resnet50_caltech256_f25_s1_fullft,resnet50,caltech256,25,1,fullft,31,0.75
resnet50_caltech256_f25_s1_fullft,resnet50,caltech256,25,1,fullft,32,0.85
resnet50_caltech256_f25_s1_fullft,resnet50,caltech256,25,1,fullft,33,0.95
resnet50_caltech256_f25_s1_fullft,resnet50,caltech256,25,1,fullft,34,0.823529
resnet50_caltech256_f25_s1_fullft,resnet50,caltech256,25,1,fullft,35,0.761905
resnet50_caltech256_f25_s1_fullft,resnet50,caltech256,25,1,fullft,36,1.0
resnet50_caltech256_f25_s1_fullft,resnet50,caltech256,25,1,fullft,37,0.863636
resnet50_caltech256_f25_s1_fullft,resnet50,caltech256,25,1,fullft,38,0.352941
resnet50_caltech256_f25_s1_fullft,resnet50,caltech256,25,1,fullft,39,0.88
resnet50_caltech256_f25_s1_fullft,resnet50,caltech256,25,1,fullft,40,0.882353
resnet50_caltech256_f25_s1_fullft,resnet50,caltech256,25,1,fullft,41,0.352941
resnet50_caltech256_f25_s1_fullft,resnet50,caltech256,25,1,fullft,42,0.72
resnet50_caltech256_f25_s1_fullft,resnet50,caltech256,25,1,fullft,43,0.75
resnet50_caltech256_f25_s1_fullft,resnet50,caltech256,25,1,fullft,44,0.941176
resnet50_caltech256_f25_s1_fullft,resnet50,caltech256,25,1,fullft,45,1.0
resnet50_caltech256_f25_s1_fullft,resnet50,caltech256,25,1,fullft,46,0.894737
resnet50_caltech256_f25_s1_fullft,resnet50,caltech256,25,1,fullft,47,0.904762
resnet50_caltech256_f25_s1_fullft,resnet50,caltech256,25,1,fullft,48,0.952381
resnet50_caltech256_f25_s1_fullft,resnet50,caltech256,25,1,fullft,49,0.736842
resnet50_caltech256_f25_s1_fullft,resnet50,caltech256,25,1,fullft,50,0.826087
resnet50_caltech256_f25_s1_fullft,resnet50,caltech256,25,1,fullft,51,0.823529
resnet50_caltech256_f25_s1_fullft,resnet50,caltech256,25,1,fullft,52,0.875
resnet50_caltech256_f25_s1_fullft,resnet50,caltech256,25,1,fullft,53,0.791667
resnet50_caltech256_f25_s1_fullft,resnet50,caltech256,25,1,fullft,54,0.7
resnet50_caltech256_f25_s1_fullft,resnet50,caltech256,25,1,fullft,55,0.65
resnet50_caltech256_f25_s1_fullft,resnet50,caltech256,25,1,fullft,56,0.666667
resnet50_caltech256_f25_s1_fullft,resnet50,caltech256,25,1,fullft,57,0.842105
resnet50_caltech256_f25_s1_fullft,resnet50,caltech256,25,1,fullft,58,0.235294
resnet50_caltech256_f25_s1_fullft,resnet50,caltech256,25,1,fullft,59,0.647059
resnet50_caltech256_f25_s1_fullft,resnet50,caltech256,25,1,fullft,60,0.8
resnet50_caltech256_f25_s1_fullft,resnet50,caltech256,25,1,fullft,61,0.941176
resnet50_caltech256_f25_s1_fullft,resnet50,caltech256,25,1,fullft,62,1.0
resnet50_caltech256_f25_s1_fullft,resnet50,caltech256,25,1,fullft,63,0.961538
resnet50_caltech256_f25_s1_fullft,resnet50,caltech256,25,1,fullft,64,0.95
resnet50_caltech256_f25_s1_fullft,resnet50,caltech256,25,1,fullft,65,0.882353
resnet50_caltech256_f25_s1_fullft,resnet50,caltech256,25,1,fullft,66,0.823529
resnet50_caltech256_f25_s1_fullft,resnet50,caltech256,25,1,fullft,67,0.818182
resnet50_caltech256_f25_s1_fullft,resnet50,caltech256,25,1,fullft,68,0.65
resnet50_caltech256_f25_s1_fullft,resnet50,caltech256,25,1,fullft,69,0.411765
resnet50_caltech256_f25_s1_fullft,resnet50,caltech256,25,1,fullft,70,0.85
resnet50_caltech256_f25_s1_fullft,resnet50,caltech256,25,1,fullft,71,0.958333
resnet50_caltech256_f25_s1_fullft,resnet50,caltech256,25,1,fullft,72,0.9
resnet50_caltech256_f25_s1_fullft,resnet50,caltech256,25,1,fullft,73,0.695652
resnet50_caltech256_f25_s1_fullft,resnet50,caltech256,25,1,fullft,74,0.470588
resnet50_caltech256_f25_s1_fullft,resnet50,caltech256,25,1,fullft,75,0.882353
resnet50_caltech256_f25_s1_fullft,resnet50,caltech256,25,1,fullft,76,1.0
resnet50_caltech256_f25_s1_fullft,resnet50,caltech256,25,1,fullft,77,0.888889
resnet50_caltech256_f25_s1_fullft,resnet50,caltech256,25,1,fullft,78,0.4
resnet50_caltech256_f25_s1_fullft,resnet50,caltech256,25,1,fullft,79,0.652174
resnet50_caltech256_f25_s1_fullft,resnet50,caltech256,25,1,fullft,80,0.947368
resnet50_caltech256_f25_s1_fullft,resnet50,caltech256,25,1,fullft,81,0.875
resnet50_caltech256_f25_s1_fullft,resnet50,caltech256,25,1,fullft,82,0.736842
resnet50_caltech256_f25_s1_fullft,resnet50,caltech256,25,1,fullft,83,0.823529
resnet50_caltech256_f25_s1_fullft,resnet50,caltech256,25,1,fullft,84,0.909091
resnet50_caltech256_f25_s1_fullft,resnet50,caltech256,25,1,fullft,85,0.875
resnet50_caltech256_f25_s1_fullft,resnet50,caltech256,25,1,fullft,86,0.789474
resnet50_caltech256_f25_s1_fullft,resnet50,caltech256,25,1,fullft,87,0.95
resnet50_caltech256_f25_s1_fullft,resnet50,caltech256,25,1,fullft,88,0.772727
resnet50_caltech256_f25_s1_fullft,resnet50,caltech256,25,1,fullft,89,0.952381
resnet50_caltech256_f25_s1_fullft,resnet50,caltech256,25,1,fullft,90,0.947368
resnet50_caltech256_f25_s1_fullft,resnet50,caltech256,25,1,fullft,91,0.85
resnet50_caltech256_f25_s1_fullft,resnet50,caltech256,25,1,fullft,92,0.909091
resnet50_caltech256_f25_s1_fullft,resnet50,caltech256,25,1,fullft,93,0.904762
resnet50_caltech256_f25_s1_fullft,resnet50,caltech256,25,1,fullft,94,0.764706
resnet50_caltech256_f25_s1_fullft,resnet50,caltech256,25,1,fullft,95,0.929825
resnet50_caltech256_f25_s1_fullft,resnet50,caltech256,25,1,fullft,96,0.611111
resnet50_caltech256_f25_s1_fullft,resnet50,caltech256,25,1,fullft,97,0.95
resnet50_caltech256_f25_s1_fullft,resnet50,caltech256,25,1,fullft,98,0.8125
resnet50_caltech256_f25_s1_fullft,resnet50,caltech256,25,1,fullft,99,1.0
resnet50_caltech256_f25_s1_fullft,resnet50,caltech256,25,1,fullft,100,0.964286
resnet50_caltech256_f25_s1_fullft,resnet50,caltech256,25,1,fullft,101,0.944444
resnet50_caltech256_f25_s1_fullft,resnet50,caltech256,25,1,fullft,102,1.0
resnet50_caltech256_f25_s1_fullft,resnet50,caltech256,25,1,fullft,103,0.736842
resnet50_caltech256_f25_s1_fullft,resnet50,caltech256,25,1,fullft,104,0.87037
resnet50_caltech256_f25_s1_fullft,resnet50,caltech256,25,1,fullft,105,0.529412
resnet50_caltech256_f25_s1_fullft,resnet50,caltech256,25,1,fullft,106,1.0
resnet50_caltech256_f25_s1_fullft,resnet50,caltech256,25,1,fullft,107,0.529412
resnet50_caltech256_f25_s1_fullft,resnet50,caltech256,25,1,fullft,108,0.903226
resnet50_caltech256_f25_s1_fullft,resnet50,caltech256,25,1,fullft,109,0.823529
resnet50_caltech256_f25_s1_fullft,resnet50,caltech256,25,1,fullft,110,0.941176
resnet50_caltech256_f25_s1_fullft,resnet50,caltech256,25,1,fullft,111,0.823529
resnet50_caltech256_f25_s1_fullft,resnet50,caltech256,25,1,fullft,112,0.956522
resnet50_caltech256_f25_s1_fullft,resnet50,caltech256,25,1,fullft,113,0.916667
resnet50_caltech256_f25_s1_fullft,resnet50,caltech256,25,1,fullft,114,0.833333
resnet50_caltech256_f25_s1_fullft,resnet50,caltech256,25,1,fullft,115,1.0
resnet50_caltech256_f25_s1_fullft,resnet50,caltech256,25,1,fullft,116,0.791667
resnet50_caltech256_f25_s1_fullft,resnet50,caltech256,25,1,fullft,117,0.909091
resnet50_caltech256_f25_s1_fullft,resnet50,caltech256,25,1,fullft,118,0.764706
resnet50_caltech256_f25_s1_fullft,resnet50,caltech256,25,1,fullft,119,0.769231
resnet50_caltech256_f25_s1_fullft,resnet50,caltech256,25,1,fullft,120,1.0
resnet50_caltech256_f25_s1_fullft,resnet50,caltech256,25,1,fullft,121,0.619048
resnet50_caltech256_f25_s1_fullft,resnet50,caltech256,25,1,fullft,122,1.0
resnet50_caltech256_f25_s1_fullft,resnet50,caltech256,25,1,fullft,123,1.0
resnet50_caltech256_f25_s1_fullft,resnet50,caltech256,25,1,fullft,124,0.4
resnet50_caltech256_f25_s1_fullft,resnet50,caltech256,25,1,fullft,125,0.729167
resnet50_caltech256_f25_s1_fullft,resnet50,caltech256,25,1,fullft,126,0.884615
resnet50_caltech256_f25_s1_fullft,resnet50,caltech256,25,1,fullft,127,0.809524
resnet50_caltech256_f25_s1_fullft,resnet50,caltech256,25,1,fullft,128,1.0
resnet50_caltech256_f25_s1_fullft,resnet50,caltech256,25,1,fullft,129,0.833333
resnet50_caltech256_f25_s1_fullft,resnet50,caltech256,25,1,fullft,130,0.944444
resnet50_caltech256_f25_s1_fullft,resnet50,caltech256,25,1,fullft,131,0.894737
resnet50_caltech256_f25_s1_fullft,resnet50,caltech256,25,1,fullft,132,0.740741
resnet50_caltech256_f25_s1_fullft,resnet50,caltech256,25,1,fullft,133,0.875
resnet50_caltech256_f25_s1_fullft,resnet50,caltech256,25,1,fullft,134,0.578947
resnet50_caltech256_f25_s1_fullft,resnet50,caltech256,25,1,fullft,135,0.789474
resnet50_caltech256_f25_s1_fullft,resnet50,caltech256,25,1,fullft,136,0.903226
resnet50_caltech256_f25_s1_fullft,resnet50,caltech256,25,1,fullft,137,0.894737
resnet50_caltech256_f25_s1_fullft,resnet50,caltech256,25,1,fullft,138,0.941176
resnet50_caltech256_f25_s1_fullft,resnet50,caltech256,25,1,fullft,139,0.833333
resnet50_caltech256_f25_s1_fullft,resnet50,caltech256,25,1,fullft,140,0.869565
resnet50_caltech256_f25_s1_fullft,resnet50,caltech256,25,1,fullft,141,0.952381
resnet50_caltech256_f25_s1_fullft,resnet50,caltech256,25,1,fullft,142,0.923077
resnet50_caltech256_f25_s1_fullft,resnet50,caltech256,25,1,fullft,143,0.6875
resnet50_caltech256_f25_s1_fullft,resnet50,caltech256,25,1,fullft,144,1.0
resnet50_caltech256_f25_s1_fullft,resnet50,caltech256,25,1,fullft,145,0.75
resnet50_caltech256_f25_s1_fullft,resnet50,caltech256,25,1,fullft,146,0.85
resnet50_caltech256_f25_s1_fullft,resnet50,caltech256,25,1,fullft,147,0.714286
resnet50_caltech256_f25_s1_fullft,resnet50,caltech256,25,1,fullft,148,0.857143
resnet50_caltech256_f25_s1_fullft,resnet50,caltech256,25,1,fullft,149,0.863636
resnet50_caltech256_f25_s1_fullft,resnet50,caltech256,25,1,fullft,150,0.909091
resnet50_caltech256_f25_s1_fullft,resnet50,caltech256,25,1,fullft,151,1.0
resnet50_caltech256_f25_s1_fullft,resnet50,caltech256,25,1,fullft,152,0.947368
resnet50_caltech256_f25_s1_fullft,resnet50,caltech256,25,1,fullft,153,0.666667
resnet50_caltech256_f25_s1_fullft,resnet50,caltech256,25,1,fullft,154,0.444444
resnet50_caltech256_f25_s1_fullft,resnet50,caltech256,25,1,fullft,155,0.631579
resnet50_caltech256_f25_s1_fullft,resnet50,caltech256,25,1,fullft,156,0.904762
resnet50_caltech256_f25_s1_fullft,resnet50,caltech256,25,1,fullft,157,0.966667
resnet50_caltech256_f25_s1_fullft,resnet50,caltech256,25,1,fullft,158,0.666667
resnet50_caltech256_f25_s1_fullft,resnet50,caltech256,25,1,fullft,159,0.588235
resnet50_caltech256_f25_s1_fullft,resnet50,caltech256,25,1,fullft,160,0.857143
resnet50_caltech256_f25_s1_fullft,resnet50,caltech256,25,1,fullft,161,0.611111
resnet50_caltech256_f25_s1_fullft,resnet50,caltech256,25,1,fullft,162,0.444444
resnet50_caltech256_f25_s1_fullft,resnet50,caltech256,25,1,fullft,163,0.95
resnet50_caltech256_f25_s1_fullft,resnet50,caltech256,25,1,fullft,164,0.833333
resnet50_caltech256_f25_s1_fullft,resnet50,caltech256,25,1,fullft,165,0.888889
resnet50_caltech256_f25_s1_fullft,resnet50,caltech256,25,1,fullft,166,0.705882
resnet50_caltech256_f25_s1_fullft,resnet50,caltech256,25,1,fullft,167,0.964286
resnet50_caltech256_f25_s1_fullft,resnet50,caltech256,25,1,fullft,168,0.944444
resnet50_caltech256_f25_s1_fullft,resnet50,caltech256,25,1,fullft,169,0.75
resnet50_caltech256_f25_s1_fullft,resnet50,caltech256,25,1,fullft,170,0.705882
resnet50_caltech256_f25_s1_fullft,resnet50,caltech256,25,1,fullft,171,0.85
resnet50_caltech256_f25_s1_fullft,resnet50,caltech256,25,1,fullft,172,0.428571
resnet50_caltech256_f25_s1_fullft,resnet50,caltech256,25,1,fullft,173,0.941176
resnet50_caltech256_f25_s1_fullft,resnet50,caltech256,25,1,fullft,174,0.882353
resnet50_caltech256_f25_s1_fullft,resnet50,caltech256,25,1,fullft,175,0.909091
resnet50_caltech256_f25_s1_fullft,resnet50,caltech256,25,1,fullft,176,0.947368
resnet50_caltech256_f25_s1_fullft,resnet50,caltech256,25,1,fullft,177,0.9
resnet50_caltech256_f25_s1_fullft,resnet50,caltech256,25,1,fullft,178,0.9375
resnet50_caltech256_f25_s1_fullft,resnet50,caltech256,25,1,fullft,179,0.35
resnet50_caltech256_f25_s1_fullft,resnet50,caltech256,25,1,fullft,180,0.95
resnet50_caltech256_f25_s1_fullft,resnet50,caltech256,25,1,fullft,181,1.0
resnet50_caltech256_f25_s1_fullft,resnet50,caltech256,25,1,fullft,182,0.85
resnet50_caltech256_f25_s1_fullft,resnet50,caltech256,25,1,fullft,183,0.882353
resnet50_caltech256_f25_s1_fullft,resnet50,caltech256,25,1,fullft,184,0.47619
resnet50_caltech256_f25_s1_fullft,resnet50,caltech256,25,1,fullft,185,0.9375
resnet50_caltech256_f25_s1_fullft,resnet50,caltech256,25,1,fullft,186,0.894737
resnet50_caltech256_f25_s1_fullft,resnet50,caltech256,25,1,fullft,187,0.555556
resnet50_caltech256_f25_s1_fullft,resnet50,caltech256,25,1,fullft,188,0.75
resnet50_caltech256_f25_s1_fullft,resnet50,caltech256,25,1,fullft,189,0.863636
resnet50_caltech256_f25_s1_fullft,resnet50,caltech256,25,1,fullft,190,0.818182
resnet50_caltech256_f25_s1_fullft,resnet50,caltech256,25,1,fullft,191,0.954545
resnet50_caltech256_f25_s1_fullft,resnet50,caltech256,25,1,fullft,192,0.8
resnet50_caltech256_f25_s1_fullft,resnet50,caltech256,25,1,fullft,193,0.909091
resnet50_caltech256_f25_s1_fullft,resnet50,caltech256,25,1,fullft,194,0.470588
resnet50_caltech256_f25_s1_fullft,resnet50,caltech256,25,1,fullft,195,0.904762
resnet50_caltech256_f25_s1_fullft,resnet50,caltech256,25,1,fullft,196,0.75
resnet50_caltech256_f25_s1_fullft,resnet50,caltech256,25,1,fullft,197,0.818182
resnet50_caltech256_f25_s1_fullft,resnet50,caltech256,25,1,fullft,198,0.619048
resnet50_caltech256_f25_s1_fullft,resnet50,caltech256,25,1,fullft,199,0.8
resnet50_caltech256_f25_s1_fullft,resnet50,caltech256,25,1,fullft,200,1.0
resnet50_caltech256_f25_s1_fullft,resnet50,caltech256,25,1,fullft,201,0.631579
resnet50_caltech256_f25_s1_fullft,resnet50,caltech256,25,1,fullft,202,0.833333
resnet50_caltech256_f25_s1_fullft,resnet50,caltech256,25,1,fullft,203,1.0
resnet50_caltech256_f25_s1_fullft,resnet50,caltech256,25,1,fullft,204,0.764706
resnet50_caltech256_f25_s1_fullft,resnet50,caltech256,25,1,fullft,205,0.7
resnet50_caltech256_f25_s1_fullft,resnet50,caltech256,25,1,fullft,206,0.826087
resnet50_caltech256_f25_s1_fullft,resnet50,caltech256,25,1,fullft,207,0.954545
resnet50_caltech256_f25_s1_fullft,resnet50,caltech256,25,1,fullft,208,0.4
resnet50_caltech256_f25_s1_fullft,resnet50,caltech256,25,1,fullft,209,0.863636
resnet50_caltech256_f25_s1_fullft,resnet50,caltech256,25,1,fullft,210,0.736842
resnet50_caltech256_f25_s1_fullft,resnet50,caltech256,25,1,fullft,211,0.925926
resnet50_caltech256_f25_s1_fullft,resnet50,caltech256,25,1,fullft,212,0.9
resnet50_caltech256_f25_s1_fullft,resnet50,caltech256,25,1,fullft,213,0.75
resnet50_caltech256_f25_s1_fullft,resnet50,caltech256,25,1,fullft,214,0.764706
resnet50_caltech256_f25_s1_fullft,resnet50,caltech256,25,1,fullft,215,1.0
resnet50_caltech256_f25_s1_fullft,resnet50,caltech256,25,1,fullft,216,0.666667
resnet50_caltech256_f25_s1_fullft,resnet50,caltech256,25,1,fullft,217,0.875
resnet50_caltech256_f25_s1_fullft,resnet50,caltech256,25,1,fullft,218,0.705882
resnet50_caltech256_f25_s1_fullft,resnet50,caltech256,25,1,fullft,219,0.526316
resnet50_caltech256_f25_s1_fullft,resnet50,caltech256,25,1,fullft,220,0.904762
resnet50_caltech256_f25_s1_fullft,resnet50,caltech256,25,1,fullft,221,0.777778
resnet50_caltech256_f25_s1_fullft,resnet50,caltech256,25,1,fullft,222,0.5625
resnet50_caltech256_f25_s1_fullft,resnet50,caltech256,25,1,fullft,223,0.545455
resnet50_caltech256_f25_s1_fullft,resnet50,caltech256,25,1,fullft,224,0.944444
resnet50_caltech256_f25_s1_fullft,resnet50,caltech256,25,1,fullft,225,0.65
resnet50_caltech256_f25_s1_fullft,resnet50,caltech256,25,1,fullft,226,0.896552
resnet50_caltech256_f25_s1_fullft,resnet50,caltech256,25,1,fullft,227,0.894737
resnet50_caltech256_f25_s1_fullft,resnet50,caltech256,25,1,fullft,228,0.684211
resnet50_caltech256_f25_s1_fullft,resnet50,caltech256,25,1,fullft,229,0.947368
resnet50_caltech256_f25_s1_fullft,resnet50,caltech256,25,1,fullft,230,0.681818
resnet50_caltech256_f25_s1_fullft,resnet50,caltech256,25,1,fullft,231,0.902778
resnet50_caltech256_f25_s1_fullft,resnet50,caltech256,25,1,fullft,232,0.6
resnet50_caltech256_f25_s1_fullft,resnet50,caltech256,25,1,fullft,233,0.791667
resnet50_caltech256_f25_s1_fullft,resnet50,caltech256,25,1,fullft,234,0.869565
resnet50_caltech256_f25_s1_fullft,resnet50,caltech256,25,1,fullft,235,0.789474
resnet50_caltech256_f25_s1_fullft,resnet50,caltech256,25,1,fullft,236,0.833333
resnet50_caltech256_f25_s1_fullft,resnet50,caltech256,25,1,fullft,237,0.947368
resnet50_caltech256_f25_s1_fullft,resnet50,caltech256,25,1,fullft,238,0.647059
resnet50_caltech256_f25_s1_fullft,resnet50,caltech256,25,1,fullft,239,0.9
resnet50_caltech256_f25_s1_fullft,resnet50,caltech256,25,1,fullft,240,0.842105
resnet50_caltech256_f25_s1_fullft,resnet50,caltech256,25,1,fullft,241,0.842105
resnet50_caltech256_f25_s1_fullft,resnet50,caltech256,25,1,fullft,242,0.555556
resnet50_caltech256_f25_s1_fullft,resnet50,caltech256,25,1,fullft,243,0.777778
resnet50_caltech256_f25_s1_fullft,resnet50,caltech256,25,1,fullft,244,0.611111
resnet50_caltech256_f25_s1_fullft,resnet50,caltech256,25,1,fullft,245,0.8
resnet50_caltech256_f25_s1_fullft,resnet50,caltech256,25,1,fullft,246,0.833333
resnet50_caltech256_f25_s1_fullft,resnet50,caltech256,25,1,fullft,247,0.764706
resnet50_caltech256_f25_s1_fullft,resnet50,caltech256,25,1,fullft,248,0.6
resnet50_caltech256_f25_s1_fullft,resnet50,caltech256,25,1,fullft,249,1.0
resnet50_caltech256_f25_s1_fullft,resnet50,caltech256,25,1,fullft,250,0.9875
resnet50_caltech256_f25_s1_fullft,resnet50,caltech256,25,1,fullft,251,1.0
resnet50_caltech256_f25_s1_fullft,resnet50,caltech256,25,1,fullft,252,0.988506
resnet50_caltech256_f25_s1_fullft,resnet50,caltech256,25,1,fullft,253,0.842105
resnet50_caltech256_f25_s1_fullft,resnet50,caltech256,25,1,fullft,254,0.380952
resnet50_caltech256_f25_s1_fullft,resnet50,caltech256,25,1,fullft,255,0.818182
resnet50_caltech256_f25_s1_linprobe,resnet50,caltech256,25,1,linprobe,0,0.95
resnet50_caltech256_f25_s1_linprobe,resnet50,caltech256,25,1,linprobe,1,0.736842
resnet50_caltech256_f25_s1_linprobe,resnet50,caltech256,25,1,linprobe,2,0.866667
resnet50_caltech256_f25_s1_linprobe,resnet50,caltech256,25,1,linprobe,3,0.56
resnet50_caltech256_f25_s1_linprobe,resnet50,caltech256,25,1,linprobe,4,0.9
resnet50_caltech256_f25_s1_linprobe,resnet50,caltech256,25,1,linprobe,5,0.722222
resnet50_caltech256_f25_s1_linprobe,resnet50,caltech256,25,1,linprobe,6,0.571429
resnet50_caltech256_f25_s1_linprobe,resnet50,caltech256,25,1,linprobe,7,0.934783
resnet50_caltech256_f25_s1_linprobe,resnet50,caltech256,25,1,linprobe,8,0.9
resnet50_caltech256_f25_s1_linprobe,resnet50,caltech256,25,1,linprobe,9,0.736842
resnet50_caltech256_f25_s1_linprobe,resnet50,caltech256,25,1,linprobe,10,0.910714
resnet50_caltech256_f25_s1_linprobe,resnet50,caltech256,25,1,linprobe,11,0.976744
resnet50_caltech256_f25_s1_linprobe,resnet50,caltech256,25,1,linprobe,12,0.75
resnet50_caltech256_f25_s1_linprobe,resnet50,caltech256,25,1,linprobe,13,0.823529
resnet50_caltech256_f25_s1_linprobe,resnet50,caltech256,25,1,linprobe,14,0.958333
resnet50_caltech256_f25_s1_linprobe,resnet50,caltech256,25,1,linprobe,15,0.833333
resnet50_caltech256_f25_s1_linprobe,resnet50,caltech256,25,1,linprobe,16,0.52381
resnet50_caltech256_f25_s1_linprobe,resnet50,caltech256,25,1,linprobe,17,0.65
resnet50_caltech256_f25_s1_linprobe,resnet50,caltech256,25,1,linprobe,18,0.8
resnet50_caltech256_f25_s1_linprobe,resnet50,caltech256,25,1,linprobe,19,0.941176
resnet50_caltech256_f25_s1_linprobe,resnet50,caltech256,25,1,linprobe,20,0.892857
resnet50_caltech256_f25_s1_linprobe,resnet50,caltech256,25,1,linprobe,21,0.894737
resnet50_caltech256_f25_s1_linprobe,resnet50,caltech256,25,1,linprobe,22,0.772727
resnet50_caltech256_f25_s1_linprobe,resnet50,caltech256,25,1,linprobe,23,1.0
resnet50_caltech256_f25_s1_linprobe,resnet50,caltech256,25,1,linprobe,24,0.695652
resnet50_caltech256_f25_s1_linprobe,resnet50,caltech256,25,1,linprobe,25,0.571429
resnet50_caltech256_f25_s1_linprobe,resnet50,caltech256,25,1,linprobe,26,0.9
resnet50_caltech256_f25_s1_linprobe,resnet50,caltech256,25,1,linprobe,27,0.863636
resnet50_caltech256_f25_s1_linprobe,resnet50,caltech256,25,1,linprobe,28,0.952381
resnet50_caltech256_f25_s1_linprobe,resnet50,caltech256,25,1,linprobe,29,0.47619
resnet50_caltech256_f25_s1_linprobe,resnet50,caltech256,25,1,linprobe,30,0.722222
resnet50_caltech256_f25_s1_linprobe,resnet50,caltech256,25,1,linprobe,31,0.65
resnet50_caltech256_f25_s1_linprobe,resnet50,caltech256,25,1,linprobe,32,0.7
resnet50_caltech256_f25_s1_linprobe,resnet50,caltech256,25,1,linprobe,33,0.9
resnet50_caltech256_f25_s1_linprobe,resnet50,caltech256,25,1,linprobe,34,0.882353
resnet50_caltech256_f25_s1_linprobe,resnet50,caltech256,25,1,linprobe,35,0.571429
resnet50_caltech256_f25_s1_linprobe,resnet50,caltech256,25,1,linprobe,36,0.958333
resnet50_caltech256_f25_s1_linprobe,resnet50,caltech256,25,1,linprobe,37,0.818182
resnet50_caltech256_f25_s1_linprobe,resnet50,caltech256,25,1,linprobe,38,0.352941
resnet50_caltech256_f25_s1_linprobe,resnet50,caltech256,25,1,linprobe,39,0.88
resnet50_caltech256_f25_s1_linprobe,resnet50,caltech256,25,1,linprobe,40,0.705882
resnet50_caltech256_f25_s1_linprobe,resnet50,caltech256,25,1,linprobe,41,0.588235
resnet50_caltech256_f25_s1_linprobe,resnet50,caltech256,25,1,linprobe,42,0.72
resnet50_caltech256_f25_s1_linprobe,resnet50,caltech256,25,1,linprobe,43,0.708333
resnet50_caltech256_f25_s1_linprobe,resnet50,caltech256,25,1,linprobe,44,0.882353
resnet50_caltech256_f25_s1_linprobe,resnet50,caltech256,25,1,linprobe,45,1.0
resnet50_caltech256_f25_s1_linprobe,resnet50,caltech256,25,1,linprobe,46,0.789474
resnet50_caltech256_f25_s1_linprobe,resnet50,caltech256,25,1,linprobe,47,0.666667
resnet50_caltech256_f25_s1_linprobe,resnet50,caltech256,25,1,linprobe,48,0.857143
resnet50_caltech256_f25_s1_linprobe,resnet50,caltech256,25,1,linprobe,49,0.736842
resnet50_caltech256_f25_s1_linprobe,resnet50,caltech256,25,1,linprobe,50,0.826087
resnet50_caltech256_f25_s1_linprobe,resnet50,caltech256,25,1,linprobe,51,0.823529
resnet50_caltech256_f25_s1_linprobe,resnet50,caltech256,25,1,linprobe,52,0.9375
resnet50_caltech256_f25_s1_linprobe,resnet50,caltech256,25,1,linprobe,53,0.875
resnet50_caltech256_f25_s1_linprobe,resnet50,caltech256,25,1,linprobe,54,0.55
resnet50_caltech256_f25_s1_linprobe,resnet50,caltech256,25,1,linprobe,55,0.7
resnet50_caltech256_f25_s1_linprobe,resnet50,caltech256,25,1,linprobe,56,0.761905
resnet50_caltech256_f25_s1_linprobe,resnet50,caltech256,25,1,linprobe,57,0.736842
resnet50_caltech256_f25_s1_linprobe,resnet50,caltech256,25,1,linprobe,58,0.352941
resnet50_caltech256_f25_s1_linprobe,resnet50,caltech256,25,1,linprobe,59,0.647059
resnet50_caltech256_f25_s1_linprobe,resnet50,caltech256,25,1,linprobe,60,0.8
resnet50_caltech256_f25_s1_linprobe,resnet50,caltech256,25,1,linprobe,61,0.941176
resnet50_caltech256_f25_s1_linprobe,resnet50,caltech256,25,1,linprobe,62,0.916667
resnet50_caltech256_f25_s1_linprobe,resnet50,caltech256,25,1,linprobe,63,0.961538
resnet50_caltech256_f25_s1_linprobe,resnet50,caltech256,25,1,linprobe,64,0.85
resnet50_caltech256_f25_s1_linprobe,resnet50,caltech256,25,1,linprobe,65,0.764706
resnet50_caltech256_f25_s1_linprobe,resnet50,caltech256,25,1,linprobe,66,0.882353
resnet50_caltech256_f25_s1_linprobe,resnet50,caltech256,25,1,linprobe,67,0.863636
resnet50_caltech256_f25_s1_linprobe,resnet50,caltech256,25,1,linprobe,68,0.65
resnet50_caltech256_f25_s1_linprobe,resnet50,caltech256,25,1,linprobe,69,0.411765
resnet50_caltech256_f25_s1_linprobe,resnet50,caltech256,25,1,linprobe,70,0.95
resnet50_caltech256_f25_s1_linprobe,resnet50,caltech256,25,1,linprobe,71,1.0
resnet50_caltech256_f25_s1_linprobe,resnet50,caltech256,25,1,linprobe,72,0.75
resnet50_caltech256_f25_s1_linprobe,resnet50,caltech256,25,1,linprobe,73,0.478261
resnet50_caltech256_f25_s1_linprobe,resnet50,caltech256,25,1,linprobe,74,0.411765
resnet50_caltech256_f25_s1_linprobe,resnet50,caltech256,25,1,linprobe,75,1.0
resnet50_caltech256_f25_s1_linprobe,resnet50,caltech256,25,1,linprobe,76,1.0
resnet50_caltech256_f25_s1_linprobe,resnet50,caltech256,25,1,linprobe,77,0.833333
resnet50_caltech256_f25_s1_linprobe,resnet50,caltech256,25,1,linprobe,78,0.5
resnet50_caltech256_f25_s1_linprobe,resnet50,caltech256,25,1,linprobe,79,0.608696
resnet50_caltech256_f25_s1_linprobe,resnet50,caltech256,25,1,linprobe,80,0.736842
resnet50_caltech256_f25_s1_linprobe,resnet50,caltech256,25,1,linprobe,81,0.9375
resnet50_caltech256_f25_s1_linprobe,resnet50,caltech256,25,1,linprobe,82,0.842105
resnet50_caltech256_f25_s1_linprobe,resnet50,caltech256,25,1,linprobe,83,0.941176
resnet50_caltech256_f25_s1_linprobe,resnet50,caltech256,25,1,linprobe,84,0.818182
resnet50_caltech256_f25_s1_linprobe,resnet50,caltech256,25,1,linprobe,85,0.75
resnet50_caltech256_f25_s1_linprobe,resnet50,caltech256,25,1,linprobe,86,0.894737
resnet50_caltech256_f25_s1_linprobe,resnet50,caltech256,25,1,linprobe,87,0.9
resnet50_caltech256_f25_s1_linprobe,resnet50,caltech256,25,1,linprobe,88,0.772727
resnet50_caltech256_f25_s1_linprobe,resnet50,caltech256,25,1,linprobe,89,0.928571
resnet50_caltech256_f25_s1_linprobe,resnet50,caltech256,25,1,linprobe,90,0.894737
resnet50_caltech256_f25_s1_linprobe,resnet50,caltech256,25,1,linprobe,91,0.825
resnet50_caltech256_f25_s1_linprobe,resnet50,caltech256,25,1,linprobe,92,1.0
resnet50_caltech256_f25_s1_linprobe,resnet50,caltech256,25,1,linprobe,93,0.952381
resnet50_caltech256_f25_s1_linprobe,resnet50,caltech256,25,1,linprobe,94,0.705882
resnet50_caltech256_f25_s1_linprobe,resnet50,caltech256,25,1,linprobe,95,0.929825
resnet50_caltech256_f25_s1_linprobe,resnet50,caltech256,25,1,linprobe,96,0.722222
resnet50_caltech256_f25_s1_linprobe,resnet50,caltech256,25,1,linprobe,97,0.95
resnet50_caltech256_f25_s1_linprobe,resnet50,caltech256,25,1,linprobe,98,0.9375
resnet50_caltech256_f25_s1_linprobe,resnet50,caltech256,25,1,linprobe,99,0.947368
resnet50_caltech256_f25_s1_linprobe,resnet50,caltech256,25,1,linprobe,100,0.892857
resnet50_caltech256_f25_s1_linprobe,resnet50,caltech256,25,1,linprobe,101,0.666667
resnet50_caltech256_f25_s1_linprobe,resnet50,caltech256,25,1,linprobe,102,0.954545
resnet50_caltech256_f25_s1_linprobe,resnet50,caltech256,25,1,linprobe,103,0.736842
resnet50_caltech256_f25_s1_linprobe,resnet50,caltech256,25,1,linprobe,104,0.925926
resnet50_caltech256_f25_s1_linprobe,resnet50,caltech256,25,1,linprobe,105,0.470588
resnet50_caltech256_f25_s1_linprobe,resnet50,caltech256,25,1,linprobe,106,1.0
resnet50_caltech256_f25_s1_linprobe,resnet50,caltech256,25,1,linprobe,107,0.529412
resnet50_caltech256_f25_s1_linprobe,resnet50,caltech256,25,1,linprobe,108,0.903226
resnet50_caltech256_f25_s1_linprobe,resnet50,caltech256,25,1,linprobe,109,0.882353
resnet50_caltech256_f25_s1_linprobe,resnet50,caltech256,25,1,linprobe,110,1.0
resnet50_caltech256_f25_s1_linprobe,resnet50,caltech256,25,1,linprobe,111,0.705882
resnet50_caltech256_f25_s1_linprobe,resnet50,caltech256,25,1,linprobe,112,0.913043
resnet50_caltech256_f25_s1_linprobe,resnet50,caltech256,25,1,linprobe,113,0.916667
resnet50_caltech256_f25_s1_linprobe,resnet50,caltech256,25,1,linprobe,114,0.722222
resnet50_caltech256_f25_s1_linprobe,resnet50,caltech256,25,1,linprobe,115,0.904762
resnet50_caltech256_f25_s1_linprobe,resnet50,caltech256,25,1,linprobe,116,0.833333
resnet50_caltech256_f25_s1_linprobe,resnet50,caltech256,25,1,linprobe,117,0.818182
resnet50_caltech256_f25_s1_linprobe,resnet50,caltech256,25,1,linprobe,118,0.647059
resnet50_caltech256_f25_s1_linprobe,resnet50,caltech256,25,1,linprobe,119,0.692308
resnet50_caltech256_f25_s1_linprobe,resnet50,caltech256,25,1,linprobe,120,0.875
resnet50_caltech256_f25_s1_linprobe,resnet50,caltech256,25,1,linprobe,121,0.52381
resnet50_caltech256_f25_s1_linprobe,resnet50,caltech256,25,1,linprobe,122,1.0
resnet50_caltech256_f25_s1_linprobe,resnet50,caltech256,25,1,linprobe,123,0.833333
resnet50_caltech256_f25_s1_linprobe,resnet50,caltech256,25,1,linprobe,124,0.25
resnet50_caltech256_f25_s1_linprobe,resnet50,caltech256,25,1,linprobe,125,0.666667
resnet50_caltech256_f25_s1_linprobe,resnet50,caltech256,25,1,linprobe,126,0.769231
resnet50_caltech256_f25_s1_linprobe,resnet50,caltech256,25,1,linprobe,127,0.809524
resnet50_caltech256_f25_s1_linprobe,resnet50,caltech256,25,1,linprobe,128,1.0
resnet50_caltech256_f25_s1_linprobe,resnet50,caltech256,25,1,linprobe,129,0.888889
resnet50_caltech256_f25_s1_linprobe,resnet50,caltech256,25,1,linprobe,130,1.0
resnet50_caltech256_f25_s1_linprobe,resnet50,caltech256,25,1,linprobe,131,0.868421
resnet50_caltech256_f25_s1_linprobe,resnet50,caltech256,25,1,linprobe,132,0.777778
resnet50_caltech256_f25_s1_linprobe,resnet50,caltech256,25,1,linprobe,133,0.958333
resnet50_caltech256_f25_s1_linprobe,resnet50,caltech256,25,1,linprobe,134,0.631579
resnet50_caltech256_f25_s1_linprobe,resnet50,caltech256,25,1,linprobe,135,0.842105
resnet50_caltech256_f25_s1_linprobe,resnet50,caltech256,25,1,linprobe,136,0.967742
resnet50_caltech256_f25_s1_linprobe,resnet50,caltech256,25,1,linprobe,137,0.894737
resnet50_caltech256_f25_s1_linprobe,resnet50,caltech256,25,1,linprobe,138,0.941176
resnet50_caltech256_f25_s1_linprobe,resnet50,caltech256,25,1,linprobe,139,0.666667
resnet50_caltech256_f25_s1_linprobe,resnet50,caltech256,25,1,linprobe,140,0.913043
resnet50_caltech256_f25_s1_linprobe,resnet50,caltech256,25,1,linprobe,141,0.904762
resnet50_caltech256_f25_s1_linprobe,resnet50,caltech256,25,1,linprobe,142,0.923077
resnet50_caltech256_f25_s1_linprobe,resnet50,caltech256,25,1,linprobe,143,0.6875
resnet50_caltech256_f25_s1_linprobe,resnet50,caltech256,25,1,linprobe,144,1.0
resnet50_caltech256_f25_s1_linprobe,resnet50,caltech256,25,1,linprobe,145,0.6875
resnet50_caltech256_f25_s1_linprobe,resnet50,caltech256,25,1,linprobe,146,0.775
resnet50_caltech256_f25_s1_linprobe,resnet50,caltech256,25,1,linprobe,147,0.742857
resnet50_caltech256_f25_s1_linprobe,resnet50,caltech256,25,1,linprobe,148,0.952381
resnet50_caltech256_f25_s1_linprobe,resnet50,caltech256,25,1,linprobe,149,0.818182
resnet50_caltech256_f25_s1_linprobe,resnet50,caltech256,25,1,linprobe,150,0.954545
resnet50_caltech256_f25_s1_linprobe,resnet50,caltech256,25,1,linprobe,151,1.0
resnet50_caltech256_f25_s1_linprobe,resnet50,caltech256,25,1,linprobe,152,0.894737
resnet50_caltech256_f25_s1_linprobe,resnet50,caltech256,25,1,linprobe,153,0.666667
resnet50_caltech256_f25_s1_linprobe,resnet50,caltech256,25,1,linprobe,154,0.388889
resnet50_caltech256_f25_s1_linprobe,resnet50,caltech256,25,1,linprobe,155,0.631579
resnet50_caltech256_f25_s1_linprobe,resnet50,caltech256,25,1,linprobe,156,0.904762
resnet50_caltech256_f25_s1_linprobe,resnet50,caltech256,25,1,linprobe,157,0.833333
resnet50_caltech256_f25_s1_linprobe,resnet50,caltech256,25,1,linprobe,158,0.595238
resnet50_caltech256_f25_s1_linprobe,resnet50,caltech256,25,1,linprobe,159,0.647059
resnet50_caltech256_f25_s1_linprobe,resnet50,caltech256,25,1,linprobe,160,0.904762
resnet50_caltech256_f25_s1_linprobe,resnet50,caltech256,25,1,linprobe,161,0.5
resnet50_caltech256_f25_s1_linprobe,resnet50,caltech256,25,1,linprobe,162,0.444444
resnet50_caltech256_f25_s1_linprobe,resnet50,caltech256,25,1,linprobe,163,0.95
resnet50_caltech256_f25_s1_linprobe,resnet50,caltech256,25,1,linprobe,164,0.666667
resnet50_caltech256_f25_s1_linprobe,resnet50,caltech256,25,1,linprobe,165,0.777778
resnet50_caltech256_f25_s1_linprobe,resnet50,caltech256,25,1,linprobe,166,0.764706
resnet50_caltech256_f25_s1_linprobe,resnet50,caltech256,25,1,linprobe,167,0.964286
resnet50_caltech256_f25_s1_linprobe,resnet50,caltech256,25,1,linprobe,168,0.944444
resnet50_caltech256_f25_s1_linprobe,resnet50,caltech256,25,1,linprobe,169,0.9
resnet50_caltech256_f25_s1_linprobe,resnet50,caltech256,25,1,linprobe,170,0.529412
resnet50_caltech256_f25_s1_linprobe,resnet50,caltech256,25,1,linprobe,171,0.95
resnet50_caltech256_f25_s1_linprobe,resnet50,caltech256,25,1,linprobe,172,0.809524
resnet50_caltech256_f25_s1_linprobe,resnet50,caltech256,25,1,linprobe,173,0.882353
resnet50_caltech256_f25_s1_linprobe,resnet50,caltech256,25,1,linprobe,174,0.823529
resnet50_caltech256_f25_s1_linprobe,resnet50,caltech256,25,1,linprobe,175,0.954545
resnet50_caltech256_f25_s1_linprobe,resnet50,caltech256,25,1,linprobe,176,0.947368
resnet50_caltech256_f25_s1_linprobe,resnet50,caltech256,25,1,linprobe,177,0.95
resnet50_caltech256_f25_s1_linprobe,resnet50,caltech256,25,1,linprobe,178,0.875
resnet50_caltech256_f25_s1_linprobe,resnet50,caltech256,25,1,linprobe,179,0.5
resnet50_caltech256_f25_s1_linprobe,resnet50,caltech256,25,1,linprobe,180,0.85
resnet50_caltech256_f25_s1_linprobe,resnet50,caltech256,25,1,linprobe,181,0.958333
resnet50_caltech256_f25_s1_linprobe,resnet50,caltech256,25,1,linprobe,182,0.85
resnet50_caltech256_f25_s1_linprobe,resnet50,caltech256,25,1,linprobe,183,0.941176
resnet50_caltech256_f25_s1_linprobe,resnet50,caltech256,25,1,linprobe,184,0.428571
resnet50_caltech256_f25_s1_linprobe,resnet50,caltech256,25,1,linprobe,185,1.0
resnet50_caltech256_f25_s1_linprobe,resnet50,caltech256,25,1,linprobe,186,0.894737
resnet50_caltech256_f25_s1_linprobe,resnet50,caltech256,25,1,linprobe,187,0.666667
resnet50_caltech256_f25_s1_linprobe,resnet50,caltech256,25,1,linprobe,188,0.791667
resnet50_caltech256_f25_s1_linprobe,resnet50,caltech256,25,1,linprobe,189,0.818182
resnet50_caltech256_f25_s1_linprobe,resnet50,caltech256,25,1,linprobe,190,0.681818
resnet50_caltech256_f25_s1_linprobe,resnet50,caltech256,25,1,linprobe,191,0.909091
resnet50_caltech256_f25_s1_linprobe,resnet50,caltech256,25,1,linprobe,192,0.714286
resnet50_caltech256_f25_s1_linprobe,resnet50,caltech256,25,1,linprobe,193,0.863636
resnet50_caltech256_f25_s1_linprobe,resnet50,caltech256,25,1,linprobe,194,0.470588
resnet50_caltech256_f25_s1_linprobe,resnet50,caltech256,25,1,linprobe,195,0.761905
resnet50_caltech256_f25_s1_linprobe,resnet50,caltech256,25,1,linprobe,196,0.8
resnet50_caltech256_f25_s1_linprobe,resnet50,caltech256,25,1,linprobe,197,0.772727
resnet50_caltech256_f25_s1_linprobe,resnet50,caltech256,25,1,linprobe,198,0.571429
resnet50_caltech256_f25_s1_linprobe,resnet50,caltech256,25,1,linprobe,199,0.7
resnet50_caltech256_f25_s1_linprobe,resnet50,caltech256,25,1,linprobe,200,1.0
resnet50_caltech256_f25_s1_linprobe,resnet50,caltech256,25,1,linprobe,201,0.736842
resnet50_caltech256_f25_s1_linprobe,resnet50,caltech256,25,1,linprobe,202,0.555556
resnet50_caltech256_f25_s1_linprobe,resnet50,caltech256,25,1,linprobe,203,1.0
resnet50_caltech256_f25_s1_linprobe,resnet50,caltech256,25,1,linprobe,204,0.647059
resnet50_caltech256_f25_s1_linprobe,resnet50,caltech256,25,1,linprobe,205,0.7
resnet50_caltech256_f25_s1_linprobe,resnet50,caltech256,25,1,linprobe,206,0.956522
resnet50_caltech256_f25_s1_linprobe,resnet50,caltech256,25,1,linprobe,207,0.954545
resnet50_caltech256_f25_s1_linprobe,resnet50,caltech256,25,1,linprobe,208,0.5
resnet50_caltech256_f25_s1_linprobe,resnet50,caltech256,25,1,linprobe,209,0.772727
resnet50_caltech256_f25_s1_linprobe,resnet50,caltech256,25,1,linprobe,210,0.631579
resnet50_caltech256_f25_s1_linprobe,resnet50,caltech256,25,1,linprobe,211,0.888889
resnet50_caltech256_f25_s1_linprobe,resnet50,caltech256,25,1,linprobe,212,1.0
resnet50_caltech256_f25_s1_linprobe,resnet50,caltech256,25,1,linprobe,213,0.857143
resnet50_caltech256_f25_s1_linprobe,resnet50,caltech256,25,1,linprobe,214,0.882353
resnet50_caltech256_f25_s1_linprobe,resnet50,caltech256,25,1,linprobe,215,0.95
resnet50_caltech256_f25_s1_linprobe,resnet50,caltech256,25,1,linprobe,216,0.857143
resnet50_caltech256_f25_s1_linprobe,resnet50,caltech256,25,1,linprobe,217,1.0
resnet50_caltech256_f25_s1_linprobe,resnet50,caltech256,25,1,linprobe,218,0.764706
resnet50_caltech256_f25_s1_linprobe,resnet50,caltech256,25,1,linprobe,219,0.578947
resnet50_caltech256_f25_s1_linprobe,resnet50,caltech256,25,1,linprobe,220,0.904762
resnet50_caltech256_f25_s1_linprobe,resnet50,caltech256,25,1,linprobe,221,0.888889
resnet50_caltech256_f25_s1_linprobe,resnet50,caltech256,25,1,linprobe,222,0.5625
resnet50_caltech256_f25_s1_linprobe,resnet50,caltech256,25,1,linprobe,223,0.636364
resnet50_caltech256_f25_s1_linprobe,resnet50,caltech256,25,1,linprobe,224,0.777778
resnet50_caltech256_f25_s1_linprobe,resnet50,caltech256,25,1,linprobe,225,0.8
resnet50_caltech256_f25_s1_linprobe,resnet50,caltech256,25,1,linprobe,226,0.931034
resnet50_caltech256_f25_s1_linprobe,resnet50,caltech256,25,1,linprobe,227,0.894737
resnet50_caltech256_f25_s1_linprobe,resnet50,caltech256,25,1,linprobe,228,0.736842
resnet50_caltech256_f25_s1_linprobe,resnet50,caltech256,25,1,linprobe,229,0.947368
resnet50_caltech256_f25_s1_linprobe,resnet50,caltech256,25,1,linprobe,230,0.818182
resnet50_caltech256_f25_s1_linprobe,resnet50,caltech256,25,1,linprobe,231,0.930556
resnet50_caltech256_f25_s1_linprobe,resnet50,caltech256,25,1,linprobe,232,0.65
resnet50_caltech256_f25_s1_linprobe,resnet50,caltech256,25,1,linprobe,233,0.791667
resnet50_caltech256_f25_s1_linprobe,resnet50,caltech256,25,1,linprobe,234,0.869565
resnet50_caltech256_f25_s1_linprobe,resnet50,caltech256,25,1,linprobe,235,0.736842
resnet50_caltech256_f25_s1_linprobe,resnet50,caltech256,25,1,linprobe,236,0.833333
resnet50_caltech256_f25_s1_linprobe,resnet50,caltech256,25,1,linprobe,237,0.947368
resnet50_caltech256_f25_s1_linprobe,resnet50,caltech256,25,1,linprobe,238,0.705882
resnet50_caltech256_f25_s1_linprobe,resnet50,caltech256,25,1,linprobe,239,0.95
resnet50_caltech256_f25_s1_linprobe,resnet50,caltech256,25,1,linprobe,240,0.684211
resnet50_caltech256_f25_s1_linprobe,resnet50,caltech256,25,1,linprobe,241,0.736842
resnet50_caltech256_f25_s1_linprobe,resnet50,caltech256,25,1,linprobe,242,0.777778
resnet50_caltech256_f25_s1_linprobe,resnet50,caltech256,25,1,linprobe,243,0.666667
resnet50_caltech256_f25_s1_linprobe,resnet50,caltech256,25,1,linprobe,244,0.611111
resnet50_caltech256_f25_s1_linprobe,resnet50,caltech256,25,1,linprobe,245,0.75
resnet50_caltech256_f25_s1_linprobe,resnet50,caltech256,25,1,linprobe,246,0.611111
resnet50_caltech256_f25_s1_linprobe,resnet50,caltech256,25,1,linprobe,247,0.588235
resnet50_caltech256_f25_s1_linprobe,resnet50,caltech256,25,1,linprobe,248,0.45
resnet50_caltech256_f25_s1_linprobe,resnet50,caltech256,25,1,linprobe,249,1.0
resnet50_caltech256_f25_s1_linprobe,resnet50,caltech256,25,1,linprobe,250,0.975
resnet50_caltech256_f25_s1_linprobe,resnet50,caltech256,25,1,linprobe,251,1.0
resnet50_caltech256_f25_s1_linprobe,resnet50,caltech256,25,1,linprobe,252,0.988506
resnet50_caltech256_f25_s1_linprobe,resnet50,caltech256,25,1,linprobe,253,1.0
resnet50_caltech256_f25_s1_linprobe,resnet50,caltech256,25,1,linprobe,254,0.428571
resnet50_caltech256_f25_s1_linprobe,resnet50,caltech256,25,1,linprobe,255,0.909091
resnet50_caltech256_f25_s2_fullft,resnet50,caltech256,25,2,fullft,0,0.9
resnet50_caltech256_f25_s2_fullft,resnet50,caltech256,25,2,fullft,1,0.842105
resnet50_caltech256_f25_s2_fullft,resnet50,caltech256,25,2,fullft,2,0.9
resnet50_caltech256_f25_s2_fullft,resnet50,caltech256,25,2,fullft,3,0.6
resnet50_caltech256_f25_s2_fullft,resnet50,caltech256,25,2,fullft,4,0.966667
resnet50_caltech256_f25_s2_fullft,resnet50,caltech256,25,2,fullft,5,0.722222
resnet50_caltech256_f25_s2_fullft,resnet50,caltech256,25,2,fullft,6,0.857143
resnet50_caltech256_f25_s2_fullft,resnet50,caltech256,25,2,fullft,7,0.869565
resnet50_caltech256_f25_s2_fullft,resnet50,caltech256,25,2,fullft,8,0.85
resnet50_caltech256_f25_s2_fullft,resnet50,caltech256,25,2,fullft,9,0.736842
resnet50_caltech256_f25_s2_fullft,resnet50,caltech256,25,2,fullft,10,0.910714
resnet50_caltech256_f25_s2_fullft,resnet50,caltech256,25,2,fullft,11,0.976744
resnet50_caltech256_f25_s2_fullft,resnet50,caltech256,25,2,fullft,12,0.8
resnet50_caltech256_f25_s2_fullft,resnet50,caltech256,25,2,fullft,13,0.823529
resnet50_caltech256_f25_s2_fullft,resnet50,caltech256,25,2,fullft,14,1.0
resnet50_caltech256_f25_s2_fullft,resnet50,caltech256,25,2,fullft,15,0.888889
resnet50_caltech256_f25_s2_fullft,resnet50,caltech256,25,2,fullft,16,0.619048
resnet50_caltech256_f25_s2_fullft,resnet50,caltech256,25,2,fullft,17,0.65
resnet50_caltech256_f25_s2_fullft,resnet50,caltech256,25,2,fullft,18,0.76
resnet50_caltech256_f25_s2_fullft,resnet50,caltech256,25,2,fullft,19,0.882353
resnet50_caltech256_f25_s2_fullft,resnet50,caltech256,25,2,fullft,20,0.892857
resnet50_caltech256_f25_s2_fullft,resnet50,caltech256,25,2,fullft,21,1.0
resnet50_caltech256_f25_s2_fullft,resnet50,caltech256,25,2,fullft,22,0.909091
resnet50_caltech256_f25_s2_fullft,resnet50,caltech256,25,2,fullft,23,0.909091
resnet50_caltech256_f25_s2_fullft,resnet50,caltech256,25,2,fullft,24,0.73913
resnet50_caltech256_f25_s2_fullft,resnet50,caltech256,25,2,fullft,25,0.52381
resnet50_caltech256_f25_s2_fullft,resnet50,caltech256,25,2,fullft,26,0.85
resnet50_caltech256_f25_s2_fullft,resnet50,caltech256,25,2,fullft,27,0.772727
resnet50_caltech256_f25_s2_fullft,resnet50,caltech256,25,2,fullft,28,0.952381
resnet50_caltech256_f25_s2_fullft,resnet50,caltech256,25,2,fullft,29,0.619048
resnet50_caltech256_f25_s2_fullft,resnet50,caltech256,25,2,fullft,30,0.722222
resnet50_caltech256_f25_s2_fullft,resnet50,caltech256,25,2,fullft,31,0.7
resnet50_caltech256_f25_s2_fullft,resnet50,caltech256,25,2,fullft,32,0.75
resnet50_caltech256_f25_s2_fullft,resnet50,caltech256,25,2,fullft,33,0.95
resnet50_caltech256_f25_s2_fullft,resnet50,caltech256,25,2,fullft,34,0.941176
resnet50_caltech256_f25_s2_fullft,resnet50,caltech256,25,2,fullft,35,0.714286
resnet50_caltech256_f25_s2_fullft,resnet50,caltech256,25,2,fullft,36,0.958333
resnet50_caltech256_f25_s2_fullft,resnet50,caltech256,25,2,fullft,37,0.772727
resnet50_caltech256_f25_s2_fullft,resnet50,caltech256,25,2,fullft,38,0.529412
resnet50_caltech256_f25_s2_fullft,resnet50,caltech256,25,2,fullft,39,0.92
resnet50_caltech256_f25_s2_fullft,resnet50,caltech256,25,2,fullft,40,0.941176
resnet50_caltech256_f25_s2_fullft,resnet50,caltech256,25,2,fullft,41,0.294118
resnet50_caltech256_f25_s2_fullft,resnet50,caltech256,25,2,fullft,42,0.68
resnet50_caltech256_f25_s2_fullft,resnet50,caltech256,25,2,fullft,43,0.75
resnet50_caltech256_f25_s2_fullft,resnet50,caltech256,25,2,fullft,44,0.882353
resnet50_caltech256_f25_s2_fullft,resnet50,caltech256,25,2,fullft,45,0.925926
resnet50_caltech256_f25_s2_fullft,resnet50,caltech256,25,2,fullft,46,0.947368
resnet50_caltech256_f25_s2_fullft,resnet50,caltech256,25,2,fullft,47,1.0
resnet50_caltech256_f25_s2_fullft,resnet50,caltech256,25,2,fullft,48,0.952381
resnet50_caltech256_f25_s2_fullft,resnet50,caltech256,25,2,fullft,49,0.684211
resnet50_caltech256_f25_s2_fullft,resnet50,caltech256,25,2,fullft,50,0.652174
resnet50_caltech256_f25_s2_fullft,resnet50,caltech256,25,2,fullft,51,0.764706
resnet50_caltech256_f25_s2_fullft,resnet50,caltech256,25,2,fullft,52,0.875
resnet50_caltech256_f25_s2_fullft,resnet50,caltech256,25,2,fullft,53,0.875
resnet50_caltech256_f25_s2_fullft,resnet50,caltech256,25,2,fullft,54,0.8
resnet50_caltech256_f25_s2_fullft,resnet50,caltech256,25,2,fullft,55,0.7
resnet50_caltech256_f25_s2_fullft,resnet50,caltech256,25,2,fullft,56,0.809524
resnet50_caltech256_f25_s2_fullft,resnet50,caltech256,25,2,fullft,57,0.736842
resnet50_caltech256_f25_s2_fullft,resnet50,caltech256,25,2,fullft,58,0.352941
resnet50_caltech256_f25_s2_fullft,resnet50,caltech256,25,2,fullft,59,0.647059
resnet50_caltech256_f25_s2_fullft,resnet50,caltech256,25,2,fullft,60,0.8
resnet50_caltech256_f25_s2_fullft,resnet50,caltech256,25,2,fullft,61,0.941176
resnet50_caltech256_f25_s2_fullft,resnet50,caltech256,25,2,fullft,62,0.958333
resnet50_caltech256_f25_s2_fullft,resnet50,caltech256,25,2,fullft,63,0.961538
resnet50_caltech256_f25_s2_fullft,resnet50,caltech256,25,2,fullft,64,0.9
resnet50_caltech256_f25_s2_fullft,resnet50,caltech256,25,2,fullft,65,0.882353
resnet50_caltech256_f25_s2_fullft,resnet50,caltech256,25,2,fullft,66,0.882353
resnet50_caltech256_f25_s2_fullft,resnet50,caltech256,25,2,fullft,67,0.818182
resnet50_caltech256_f25_s2_fullft,resnet50,caltech256,25,2,fullft,68,0.55
resnet50_caltech256_f25_s2_fullft,resnet50,caltech256,25,2,fullft,69,0.470588
resnet50_caltech256_f25_s2_fullft,resnet50,caltech256,25,2,fullft,70,0.8
resnet50_caltech256_f25_s2_fullft,resnet50,caltech256,25,2,fullft,71,0.958333
resnet50_caltech256_f25_s2_fullft,resnet50,caltech256,25,2,fullft,72,0.95
resnet50_caltech256_f25_s2_fullft,resnet50,caltech256,25,2,fullft,73,0.73913
resnet50_caltech256_f25_s2_fullft,resnet50,caltech256,25,2,fullft,74,0.529412
resnet50_caltech256_f25_s2_fullft,resnet50,caltech256,25,2,fullft,75,0.882353
resnet50_caltech256_f25_s2_fullft,resnet50,caltech256,25,2,fullft,76,1.0
resnet50_caltech256_f25_s2_fullft,resnet50,caltech256,25,2,fullft,77,0.777778
resnet50_caltech256_f25_s2_fullft,resnet50,caltech256,25,2,fullft,78,0.8
resnet50_caltech256_f25_s2_fullft,resnet50,caltech256,25,2,fullft,79,0.652174
resnet50_caltech256_f25_s2_fullft,resnet50,caltech256,25,2,fullft,80,0.789474
resnet50_caltech256_f25_s2_fullft,resnet50,caltech256,25,2,fullft,81,0.875
resnet50_caltech256_f25_s2_fullft,resnet50,caltech256,25,2,fullft,82,0.684211
resnet50_caltech256_f25_s2_fullft,resnet50,caltech256,25,2,fullft,83,0.882353
resnet50_caltech256_f25_s2_fullft,resnet50,caltech256,25,2,fullft,84,0.909091
resnet50_caltech256_f25_s2_fullft,resnet50,caltech256,25,2,fullft,85,0.9375
resnet50_caltech256_f25_s2_fullft,resnet50,caltech256,25,2,fullft,86,0.894737
resnet50_caltech256_f25_s2_fullft,resnet50,caltech256,25,2,fullft,87,0.95
resnet50_caltech256_f25_s2_fullft,resnet50,caltech256,25,2,fullft,88,0.818182
resnet50_caltech256_f25_s2_fullft,resnet50,caltech256,25,2,fullft,89,0.952381
resnet50_caltech256_f25_s2_fullft,resnet50,caltech256,25,2,fullft,90,0.894737
resnet50_caltech256_f25_s2_fullft,resnet50,caltech256,25,2,fullft,91,0.85
resnet50_caltech256_f25_s2_fullft,resnet50,caltech256,25,2,fullft,92,1.0
resnet50_caltech256_f25_s2_fullft,resnet50,caltech256,25,2,fullft,93,1.0
resnet50_caltech256_f25_s2_fullft,resnet50,caltech256,25,2,fullft,94,0.705882
resnet50_caltech256_f25_s2_fullft,resnet50,caltech256,25,2,fullft,95,0.912281
resnet50_caltech256_f25_s2_fullft,resnet50,caltech256,25,2,fullft,96,0.666667
resnet50_caltech256_f25_s2_fullft,resnet50,caltech256,25,2,fullft,97,1.0
resnet50_caltech256_f25_s2_fullft,resnet50,caltech256,25,2,fullft,98,0.9375
resnet50_caltech256_f25_s2_fullft,resnet50,caltech256,25,2,fullft,99,1.0
resnet50_caltech256_f25_s2_fullft,resnet50,caltech256,25,2,fullft,100,0.892857
resnet50_caltech256_f25_s2_fullft,resnet50,caltech256,25,2,fullft,101,0.944444
resnet50_caltech256_f25_s2_fullft,resnet50,caltech256,25,2,fullft,102,1.0
resnet50_caltech256_f25_s2_fullft,resnet50,caltech256,25,2,fullft,103,0.789474
resnet50_caltech256_f25_s2_fullft,resnet50,caltech256,25,2,fullft,104,0.907407
resnet50_caltech256_f25_s2_fullft,resnet50,caltech256,25,2,fullft,105,0.470588
resnet50_caltech256_f25_s2_fullft,resnet50,caltech256,25,2,fullft,106,1.0
resnet50_caltech256_f25_s2_fullft,resnet50,caltech256,25,2,fullft,107,0.647059
resnet50_caltech256_f25_s2_fullft,resnet50,caltech256,25,2,fullft,108,0.935484
resnet50_caltech256_f25_s2_fullft,resnet50,caltech256,25,2,fullft,109,0.764706
resnet50_caltech256_f25_s2_fullft,resnet50,caltech256,25,2,fullft,110,0.882353
resnet50_caltech256_f25_s2_fullft,resnet50,caltech256,25,2,fullft,111,0.764706
resnet50_caltech256_f25_s2_fullft,resnet50,caltech256,25,2,fullft,112,0.956522
resnet50_caltech256_f25_s2_fullft,resnet50,caltech256,25,2,fullft,113,0.833333
resnet50_caltech256_f25_s2_fullft,resnet50,caltech256,25,2,fullft,114,0.777778
resnet50_caltech256_f25_s2_fullft,resnet50,caltech256,25,2,fullft,115,1.0
resnet50_caltech256_f25_s2_fullft,resnet50,caltech256,25,2,fullft,116,0.916667
resnet50_caltech256_f25_s2_fullft,resnet50,caltech256,25,2,fullft,117,0.863636
resnet50_caltech256_f25_s2_fullft,resnet50,caltech256,25,2,fullft,118,0.647059
resnet50_caltech256_f25_s2_fullft,resnet50,caltech256,25,2,fullft,119,0.769231
resnet50_caltech256_f25_s2_fullft,resnet50,caltech256,25,2,fullft,120,1.0
resnet50_caltech256_f25_s2_fullft,resnet50,caltech256,25,2,fullft,121,0.619048
resnet50_caltech256_f25_s2_fullft,resnet50,caltech256,25,2,fullft,122,1.0
resnet50_caltech256_f25_s2_fullft,resnet50,caltech256,25,2,fullft,123,0.888889
resnet50_caltech256_f25_s2_fullft,resnet50,caltech256,25,2,fullft,124,0.65
resnet50_caltech256_f25_s2_fullft,resnet50,caltech256,25,2,fullft,125,0.5625
resnet50_caltech256_f25_s2_fullft,resnet50,caltech256,25,2,fullft,126,0.923077
resnet50_caltech256_f25_s2_fullft,resnet50,caltech256,25,2,fullft,127,0.761905
resnet50_caltech256_f25_s2_fullft,resnet50,caltech256,25,2,fullft,128,1.0
resnet50_caltech256_f25_s2_fullft,resnet50,caltech256,25,2,fullft,129,1.0
resnet50_caltech256_f25_s2_fullft,resnet50,caltech256,25,2,fullft,130,0.944444
resnet50_caltech256_f25_s2_fullft,resnet50,caltech256,25,2,fullft,131,0.921053
resnet50_caltech256_f25_s2_fullft,resnet50,caltech256,25,2,fullft,132,0.851852
resnet50_caltech256_f25_s2_fullft,resnet50,caltech256,25,2,fullft,133,0.958333
resnet50_caltech256_f25_s2_fullft,resnet50,caltech256,25,2,fullft,134,0.421053
resnet50_caltech256_f25_s2_fullft,resnet50,caltech256,25,2,fullft,135,0.789474
resnet50_caltech256_f25_s2_fullft,resnet50,caltech256,25,2,fullft,136,0.870968
resnet50_caltech256_f25_s2_fullft,resnet50,caltech256,25,2,fullft,137,0.868421
resnet50_caltech256_f25_s2_fullft,resnet50,caltech256,25,2,fullft,138,0.941176
resnet50_caltech256_f25_s2_fullft,resnet50,caltech256,25,2,fullft,139,0.777778
resnet50_caltech256_f25_s2_fullft,resnet50,caltech256,25,2,fullft,140,0.956522
resnet50_caltech256_f25_s2_fullft,resnet50,caltech256,25,2,fullft,141,0.857143
resnet50_caltech256_f25_s2_fullft,resnet50,caltech256,25,2,fullft,142,0.884615
resnet50_caltech256_f25_s2_fullft,resnet50,caltech256,25,2,fullft,143,0.5625
resnet50_caltech256_f25_s2_fullft,resnet50,caltech256,25,2,fullft,144,1.0
resnet50_caltech256_f25_s2_fullft,resnet50,caltech256,25,2,fullft,145,0.625
resnet50_caltech256_f25_s2_fullft,resnet50,caltech256,25,2,fullft,146,0.875
resnet50_caltech256_f25_s2_fullft,resnet50,caltech256,25,2,fullft,147,0.771429
resnet50_caltech256_f25_s2_fullft,resnet50,caltech256,25,2,fullft,148,0.904762
resnet50_caltech256_f25_s2_fullft,resnet50,caltech256,25,2,fullft,149,0.772727
resnet50_caltech256_f25_s2_fullft,resnet50,caltech256,25,2,fullft,150,0.909091
resnet50_caltech256_f25_s2_fullft,resnet50,caltech256,25,2,fullft,151,1.0
resnet50_caltech256_f25_s2_fullft,resnet50,caltech256,25,2,fullft,152,0.947368
resnet50_caltech256_f25_s2_fullft,resnet50,caltech256,25,2,fullft,153,0.809524
resnet50_caltech256_f25_s2_fullft,resnet50,caltech256,25,2,fullft,154,0.555556
resnet50_caltech256_f25_s2_fullft,resnet50,caltech256,25,2,fullft,155,0.631579
resnet50_caltech256_f25_s2_fullft,resnet50,caltech256,25,2,fullft,156,0.857143
resnet50_caltech256_f25_s2_fullft,resnet50,caltech256,25,2,fullft,157,0.966667
resnet50_caltech256_f25_s2_fullft,resnet50,caltech256,25,2,fullft,158,0.547619
resnet50_caltech256_f25_s2_fullft,resnet50,caltech256,25,2,fullft,159,0.588235
resnet50_caltech256_f25_s2_fullft,resnet50,caltech256,25,2,fullft,160,0.952381
resnet50_caltech256_f25_s2_fullft,resnet50,caltech256,25,2,fullft,161,0.5
resnet50_caltech256_f25_s2_fullft,resnet50,caltech256,25,2,fullft,162,0.5
resnet50_caltech256_f25_s2_fullft,resnet50,caltech256,25,2,fullft,163,0.9
resnet50_caltech256_f25_s2_fullft,resnet50,caltech256,25,2,fullft,164,0.777778
resnet50_caltech256_f25_s2_fullft,resnet50,caltech256,25,2,fullft,165,0.888889
resnet50_caltech256_f25_s2_fullft,resnet50,caltech256,25,2,fullft,166,0.764706
resnet50_caltech256_f25_s2_fullft,resnet50,caltech256,25,2,fullft,167,0.964286
resnet50_caltech256_f25_s2_fullft,resnet50,caltech256,25,2,fullft,168,0.888889
resnet50_caltech256_f25_s2_fullft,resnet50,caltech256,25,2,fullft,169,0.75
resnet50_caltech256_f25_s2_fullft,resnet50,caltech256,25,2,fullft,170,0.529412
resnet50_caltech256_f25_s2_fullft,resnet50,caltech256,25,2,fullft,171,0.85
resnet50_caltech256_f25_s2_fullft,resnet50,caltech256,25,2,fullft,172,0.47619
resnet50_caltech256_f25_s2_fullft,resnet50,caltech256,25,2,fullft,173,0.882353
resnet50_caltech256_f25_s2_fullft,resnet50,caltech256,25,2,fullft,174,0.823529
resnet50_caltech256_f25_s2_fullft,resnet50,caltech256,25,2,fullft,175,0.909091
resnet50_caltech256_f25_s2_fullft,resnet50,caltech256,25,2,fullft,176,0.947368
resnet50_caltech256_f25_s2_fullft,resnet50,caltech256,25,2,fullft,177,1.0
resnet50_caltech256_f25_s2_fullft,resnet50,caltech256,25,2,fullft,178,0.9375
resnet50_caltech256_f25_s2_fullft,resnet50,caltech256,25,2,fullft,179,0.3
resnet50_caltech256_f25_s2_fullft,resnet50,caltech256,25,2,fullft,180,0.85
resnet50_caltech256_f25_s2_fullft,resnet50,caltech256,25,2,fullft,181,1.0
resnet50_caltech256_f25_s2_fullft,resnet50,caltech256,25,2,fullft,182,0.85
resnet50_caltech256_f25_s2_fullft,resnet50,caltech256,25,2,fullft,183,1.0
resnet50_caltech256_f25_s2_fullft,resnet50,caltech256,25,2,fullft,184,0.190476
resnet50_caltech256_f25_s2_fullft,resnet50,caltech256,25,2,fullft,185,1.0
resnet50_caltech256_f25_s2_fullft,resnet50,caltech256,25,2,fullft,186,0.947368
resnet50_caltech256_f25_s2_fullft,resnet50,caltech256,25,2,fullft,187,0.777778
resnet50_caltech256_f25_s2_fullft,resnet50,caltech256,25,2,fullft,188,0.791667
resnet50_caltech256_f25_s2_fullft,resnet50,caltech256,25,2,fullft,189,0.909091
resnet50_caltech256_f25_s2_fullft,resnet50,caltech256,25,2,fullft,190,0.727273
resnet50_caltech256_f25_s2_fullft,resnet50,caltech256,25,2,fullft,191,0.909091
resnet50_caltech256_f25_s2_fullft,resnet50,caltech256,25,2,fullft,192,0.771429
resnet50_caltech256_f25_s2_fullft,resnet50,caltech256,25,2,fullft,193,0.909091
resnet50_caltech256_f25_s2_fullft,resnet50,caltech256,25,2,fullft,194,0.352941
resnet50_caltech256_f25_s2_fullft,resnet50,caltech256,25,2,fullft,195,0.857143
resnet50_caltech256_f25_s2_fullft,resnet50,caltech256,25,2,fullft,196,0.75
resnet50_caltech256_f25_s2_fullft,resnet50,caltech256,25,2,fullft,197,0.909091
resnet50_caltech256_f25_s2_fullft,resnet50,caltech256,25,2,fullft,198,0.47619
resnet50_caltech256_f25_s2_fullft,resnet50,caltech256,25,2,fullft,199,0.75
resnet50_caltech256_f25_s2_fullft,resnet50,caltech256,25,2,fullft,200,1.0
resnet50_caltech256_f25_s2_fullft,resnet50,caltech256,25,2,fullft,201,0.684211
resnet50_caltech256_f25_s2_fullft,resnet50,caltech256,25,2,fullft,202,0.555556
resnet50_caltech256_f25_s2_fullft,resnet50,caltech256,25,2,fullft,203,1.0
resnet50_caltech256_f25_s2_fullft,resnet50,caltech256,25,2,fullft,204,0.764706
resnet50_caltech256_f25_s2_fullft,resnet50,caltech256,25,2,fullft,205,0.7
resnet50_caltech256_f25_s2_fullft,resnet50,caltech256,25,2,fullft,206,0.826087
resnet50_caltech256_f25_s2_fullft,resnet50,caltech256,25,2,fullft,207,0.863636
resnet50_caltech256_f25_s2_fullft,resnet50,caltech256,25,2,fullft,208,0.7
resnet50_caltech256_f25_s2_fullft,resnet50,caltech256,25,2,fullft,209,0.681818
resnet50_caltech256_f25_s2_fullft,resnet50,caltech256,25,2,fullft,210,0.736842
resnet50_caltech256_f25_s2_fullft,resnet50,caltech256,25,2,fullft,211,0.925926
resnet50_caltech256_f25_s2_fullft,resnet50,caltech256,25,2,fullft,212,0.9
resnet50_caltech256_f25_s2_fullft,resnet50,caltech256,25,2,fullft,213,0.714286
resnet50_caltech256_f25_s2_fullft,resnet50,caltech256,25,2,fullft,214,0.764706
resnet50_caltech256_f25_s2_fullft,resnet50,caltech256,25,2,fullft,215,0.85
resnet50_caltech256_f25_s2_fullft,resnet50,caltech256,25,2,fullft,216,0.809524
resnet50_caltech256_f25_s2_fullft,resnet50,caltech256,25,2,fullft,217,1.0
resnet50_caltech256_f25_s2_fullft,resnet50,caltech256,25,2,fullft,218,0.647059
resnet50_caltech256_f25_s2_fullft,resnet50,caltech256,25,2,fullft,219,0.789474
resnet50_caltech256_f25_s2_fullft,resnet50,caltech256,25,2,fullft,220,0.952381
resnet50_caltech256_f25_s2_fullft,resnet50,caltech256,25,2,fullft,221,0.555556
resnet50_caltech256_f25_s2_fullft,resnet50,caltech256,25,2,fullft,222,0.625
resnet50_caltech256_f25_s2_fullft,resnet50,caltech256,25,2,fullft,223,0.863636
resnet50_caltech256_f25_s2_fullft,resnet50,caltech256,25,2,fullft,224,0.944444
resnet50_caltech256_f25_s2_fullft,resnet50,caltech256,25,2,fullft,225,0.75
resnet50_caltech256_f25_s2_fullft,resnet50,caltech256,25,2,fullft,226,0.896552
resnet50_caltech256_f25_s2_fullft,resnet50,caltech256,25,2,fullft,227,0.842105
resnet50_caltech256_f25_s2_fullft,resnet50,caltech256,25,2,fullft,228,0.631579
resnet50_caltech256_f25_s2_fullft,resnet50,caltech256,25,2,fullft,229,1.0
resnet50_caltech256_f25_s2_fullft,resnet50,caltech256,25,2,fullft,230,0.772727
resnet50_caltech256_f25_s2_fullft,resnet50,caltech256,25,2,fullft,231,0.930556
resnet50_caltech256_f25_s2_fullft,resnet50,caltech256,25,2,fullft,232,0.6
resnet50_caltech256_f25_s2_fullft,resnet50,caltech256,25,2,fullft,233,0.791667
resnet50_caltech256_f25_s2_fullft,resnet50,caltech256,25,2,fullft,234,0.913043
resnet50_caltech256_f25_s2_fullft,resnet50,caltech256,25,2,fullft,235,0.736842
resnet50_caltech256_f25_s2_fullft,resnet50,caltech256,25,2,fullft,236,0.833333
resnet50_caltech256_f25_s2_fullft,resnet50,caltech256,25,2,fullft,237,0.947368
resnet50_caltech256_f25_s2_fullft,resnet50,caltech256,25,2,fullft,238,0.823529
resnet50_caltech256_f25_s2_fullft,resnet50,caltech256,25,2,fullft,239,0.925
resnet50_caltech256_f25_s2_fullft,resnet50,caltech256,25,2,fullft,240,0.894737
resnet50_caltech256_f25_s2_fullft,resnet50,caltech256,25,2,fullft,241,0.789474
resnet50_caltech256_f25_s2_fullft,resnet50,caltech256,25,2,fullft,242,0.611111
resnet50_caltech256_f25_s2_fullft,resnet50,caltech256,25,2,fullft,243,0.722222
resnet50_caltech256_f25_s2_fullft,resnet50,caltech256,25,2,fullft,244,0.722222
resnet50_caltech256_f25_s2_fullft,resnet50,caltech256,25,2,fullft,245,0.85
resnet50_caltech256_f25_s2_fullft,resnet50,caltech256,25,2,fullft,246,0.722222
resnet50_caltech256_f25_s2_fullft,resnet50,caltech256,25,2,fullft,247,0.823529
resnet50_caltech256_f25_s2_fullft,resnet50,caltech256,25,2,fullft,248,0.5
resnet50_caltech256_f25_s2_fullft,resnet50,caltech256,25,2,fullft,249,1.0
resnet50_caltech256_f25_s2_fullft,resnet50,caltech256,25,2,fullft,250,0.99375
resnet50_caltech256_f25_s2_fullft,resnet50,caltech256,25,2,fullft,251,1.0
resnet50_caltech256_f25_s2_fullft,resnet50,caltech256,25,2,fullft,252,0.988506
resnet50_caltech256_f25_s2_fullft,resnet50,caltech256,25,2,fullft,253,0.842105
resnet50_caltech256_f25_s2_fullft,resnet50,caltech256,25,2,fullft,254,0.47619
resnet50_caltech256_f25_s2_fullft,resnet50,caltech256,25,2,fullft,255,0.909091
resnet50_caltech256_f25_s2_linprobe,resnet50,caltech256,25,2,linprobe,0,0.9
resnet50_caltech256_f25_s2_linprobe,resnet50,caltech256,25,2,linprobe,1,0.789474
resnet50_caltech256_f25_s2_linprobe,resnet50,caltech256,25,2,linprobe,2,0.966667
resnet50_caltech256_f25_s2_linprobe,resnet50,caltech256,25,2,linprobe,3,0.6
resnet50_caltech256_f25_s2_linprobe,resnet50,caltech256,25,2,linprobe,4,0.966667
resnet50_caltech256_f25_s2_linprobe,resnet50,caltech256,25,2,linprobe,5,0.555556
resnet50_caltech256_f25_s2_linprobe,resnet50,caltech256,25,2,linprobe,6,0.619048
resnet50_caltech256_f25_s2_linprobe,resnet50,caltech256,25,2,linprobe,7,0.847826
resnet50_caltech256_f25_s2_linprobe,resnet50,caltech256,25,2,linprobe,8,0.85
resnet50_caltech256_f25_s2_linprobe,resnet50,caltech256,25,2,linprobe,9,0.736842
resnet50_caltech256_f25_s2_linprobe,resnet50,caltech256,25,2,linprobe,10,0.875
resnet50_caltech256_f25_s2_linprobe,resnet50,caltech256,25,2,linprobe,11,0.906977
resnet50_caltech256_f25_s2_linprobe,resnet50,caltech256,25,2,linprobe,12,0.7
resnet50_caltech256_f25_s2_linprobe,resnet50,caltech256,25,2,linprobe,13,1.0
resnet50_caltech256_f25_s2_linprobe,resnet50,caltech256,25,2,linprobe,14,0.875
resnet50_caltech256_f25_s2_linprobe,resnet50,caltech256,25,2,linprobe,15,0.833333
resnet50_caltech256_f25_s2_linprobe,resnet50,caltech256,25,2,linprobe,16,0.428571
resnet50_caltech256_f25_s2_linprobe,resnet50,caltech256,25,2,linprobe,17,0.6
resnet50_caltech256_f25_s2_linprobe,resnet50,caltech256,25,2,linprobe,18,0.84
resnet50_caltech256_f25_s2_linprobe,resnet50,caltech256,25,2,linprobe,19,0.882353
resnet50_caltech256_f25_s2_linprobe,resnet50,caltech256,25,2,linprobe,20,0.928571
resnet50_caltech256_f25_s2_linprobe,resnet50,caltech256,25,2,linprobe,21,0.789474
resnet50_caltech256_f25_s2_linprobe,resnet50,caltech256,25,2,linprobe,22,0.954545
resnet50_caltech256_f25_s2_linprobe,resnet50,caltech256,25,2,linprobe,23,0.909091
resnet50_caltech256_f25_s2_linprobe,resnet50,caltech256,25,2,linprobe,24,0.782609
resnet50_caltech256_f25_s2_linprobe,resnet50,caltech256,25,2,linprobe,25,0.571429
resnet50_caltech256_f25_s2_linprobe,resnet50,caltech256,25,2,linprobe,26,0.9
resnet50_caltech256_f25_s2_linprobe,resnet50,caltech256,25,2,linprobe,27,0.818182
resnet50_caltech256_f25_s2_linprobe,resnet50,caltech256,25,2,linprobe,28,0.761905
resnet50_caltech256_f25_s2_linprobe,resnet50,caltech256,25,2,linprobe,29,0.571429
resnet50_caltech256_f25_s2_linprobe,resnet50,caltech256,25,2,linprobe,30,0.666667
resnet50_caltech256_f25_s2_linprobe,resnet50,caltech256,25,2,linprobe,31,0.8
resnet50_caltech256_f25_s2_linprobe,resnet50,caltech256,25,2,linprobe,32,0.65
resnet50_caltech256_f25_s2_linprobe,resnet50,caltech256,25,2,linprobe,33,1.0
resnet50_caltech256_f25_s2_linprobe,resnet50,caltech256,25,2,linprobe,34,0.882353
resnet50_caltech256_f25_s2_linprobe,resnet50,caltech256,25,2,linprobe,35,0.761905
resnet50_caltech256_f25_s2_linprobe,resnet50,caltech256,25,2,linprobe,36,0.833333
resnet50_caltech256_f25_s2_linprobe,resnet50,caltech256,25,2,linprobe,37,0.818182
resnet50_caltech256_f25_s2_linprobe,resnet50,caltech256,25,2,linprobe,38,0.352941
resnet50_caltech256_f25_s2_linprobe,resnet50,caltech256,25,2,linprobe,39,0.92
resnet50_caltech256_f25_s2_linprobe,resnet50,caltech256,25,2,linprobe,40,0.823529
resnet50_caltech256_f25_s2_linprobe,resnet50,caltech256,25,2,linprobe,41,0.411765
resnet50_caltech256_f25_s2_linprobe,resnet50,caltech256,25,2,linprobe,42,0.64
resnet50_caltech256_f25_s2_linprobe,resnet50,caltech256,25,2,linprobe,43,0.75
resnet50_caltech256_f25_s2_linprobe,resnet50,caltech256,25,2,linprobe,44,0.882353
resnet50_caltech256_f25_s2_linprobe,resnet50,caltech256,25,2,linprobe,45,0.925926
resnet50_caltech256_f25_s2_linprobe,resnet50,caltech256,25,2,linprobe,46,0.842105
resnet50_caltech256_f25_s2_linprobe,resnet50,caltech256,25,2,linprobe,47,0.904762
resnet50_caltech256_f25_s2_linprobe,resnet50,caltech256,25,2,linprobe,48,0.904762
resnet50_caltech256_f25_s2_linprobe,resnet50,caltech256,25,2,linprobe,49,0.684211
resnet50_caltech256_f25_s2_linprobe,resnet50,caltech256,25,2,linprobe,50,0.826087
resnet50_caltech256_f25_s2_linprobe,resnet50,caltech256,25,2,linprobe,51,0.764706
resnet50_caltech256_f25_s2_linprobe,resnet50,caltech256,25,2,linprobe,52,0.9375
resnet50_caltech256_f25_s2_linprobe,resnet50,caltech256,25,2,linprobe,53,0.791667
resnet50_caltech256_f25_s2_linprobe,resnet50,caltech256,25,2,linprobe,54,0.75
resnet50_caltech256_f25_s2_linprobe,resnet50,caltech256,25,2,linprobe,55,0.65
resnet50_caltech256_f25_s2_linprobe,resnet50,caltech256,25,2,linprobe,56,0.809524
resnet50_caltech256_f25_s2_linprobe,resnet50,caltech256,25,2,linprobe,57,0.789474
resnet50_caltech256_f25_s2_linprobe,resnet50,caltech256,25,2,linprobe,58,0.470588
resnet50_caltech256_f25_s2_linprobe,resnet50,caltech256,25,2,linprobe,59,0.588235
resnet50_caltech256_f25_s2_linprobe,resnet50,caltech256,25,2,linprobe,60,0.8
resnet50_caltech256_f25_s2_linprobe,resnet50,caltech256,25,2,linprobe,61,0.882353
resnet50_caltech256_f25_s2_linprobe,resnet50,caltech256,25,2,linprobe,62,0.916667
resnet50_caltech256_f25_s2_linprobe,resnet50,caltech256,25,2,linprobe,63,0.961538
resnet50_caltech256_f25_s2_linprobe,resnet50,caltech256,25,2,linprobe,64,0.8
resnet50_caltech256_f25_s2_linprobe,resnet50,caltech256,25,2,linprobe,65,0.941176
resnet50_caltech256_f25_s2_linprobe,resnet50,caltech256,25,2,linprobe,66,0.764706
resnet50_caltech256_f25_s2_linprobe,resnet50,caltech256,25,2,linprobe,67,0.863636
resnet50_caltech256_f25_s2_linprobe,resnet50,caltech256,25,2,linprobe,68,0.6
resnet50_caltech256_f25_s2_linprobe,resnet50,caltech256,25,2,linprobe,69,0.352941
resnet50_caltech256_f25_s2_linprobe,resnet50,caltech256,25,2,linprobe,70,0.75
resnet50_caltech256_f25_s2_linprobe,resnet50,caltech256,25,2,linprobe,71,0.958333
resnet50_caltech256_f25_s2_linprobe,resnet50,caltech256,25,2,linprobe,72,1.0
resnet50_caltech256_f25_s2_linprobe,resnet50,caltech256,25,2,linprobe,73,0.695652
resnet50_caltech256_f25_s2_linprobe,resnet50,caltech256,25,2,linprobe,74,0.470588
resnet50_caltech256_f25_s2_linprobe,resnet50,caltech256,25,2,linprobe,75,1.0
resnet50_caltech256_f25_s2_linprobe,resnet50,caltech256,25,2,linprobe,76,1.0
resnet50_caltech256_f25_s2_linprobe,resnet50,caltech256,25,2,linprobe,77,0.833333
resnet50_caltech256_f25_s2_linprobe,resnet50,caltech256,25,2,linprobe,78,0.75
resnet50_caltech256_f25_s2_linprobe,resnet50,caltech256,25,2,linprobe,79,0.652174
resnet50_caltech256_f25_s2_linprobe,resnet50,caltech256,25,2,linprobe,80,0.842105
resnet50_caltech256_f25_s2_linprobe,resnet50,caltech256,25,2,linprobe,81,0.8125
resnet50_caltech256_f25_s2_linprobe,resnet50,caltech256,25,2,linprobe,82,0.789474
resnet50_caltech256_f25_s2_linprobe,resnet50,caltech256,25,2,linprobe,83,0.941176
resnet50_caltech256_f25_s2_linprobe,resnet50,caltech256,25,2,linprobe,84,0.909091
resnet50_caltech256_f25_s2_linprobe,resnet50,caltech256,25,2,linprobe,85,1.0
resnet50_caltech256_f25_s2_linprobe,resnet50,caltech256,25,2,linprobe,86,0.789474
resnet50_caltech256_f25_s2_linprobe,resnet50,caltech256,25,2,linprobe,87,0.9
resnet50_caltech256_f25_s2_linprobe,resnet50,caltech256,25,2,linprobe,88,0.863636
resnet50_caltech256_f25_s2_linprobe,resnet50,caltech256,25,2,linprobe,89,0.952381
resnet50_caltech256_f25_s2_linprobe,resnet50,caltech256,25,2,linprobe,90,0.894737
resnet50_caltech256_f25_s2_linprobe,resnet50,caltech256,25,2,linprobe,91,0.875
resnet50_caltech256_f25_s2_linprobe,resnet50,caltech256,25,2,linprobe,92,1.0
resnet50_caltech256_f25_s2_linprobe,resnet50,caltech256,25,2,linprobe,93,0.952381
resnet50_caltech256_f25_s2_linprobe,resnet50,caltech256,25,2,linprobe,94,0.705882
resnet50_caltech256_f25_s2_linprobe,resnet50,caltech256,25,2,linprobe,95,0.947368
resnet50_caltech256_f25_s2_linprobe,resnet50,caltech256,25,2,linprobe,96,0.722222
resnet50_caltech256_f25_s2_linprobe,resnet50,caltech256,25,2,linprobe,97,0.95
resnet50_caltech256_f25_s2_linprobe,resnet50,caltech256,25,2,linprobe,98,0.9375
resnet50_caltech256_f25_s2_linprobe,resnet50,caltech256,25,2,linprobe,99,1.0
resnet50_caltech256_f25_s2_linprobe,resnet50,caltech256,25,2,linprobe,100,0.892857
resnet50_caltech256_f25_s2_linprobe,resnet50,caltech256,25,2,linprobe,101,0.833333
resnet50_caltech256_f25_s2_linprobe,resnet50,caltech256,25,2,linprobe,102,0.954545
resnet50_caltech256_f25_s2_linprobe,resnet50,caltech256,25,2,linprobe,103,0.684211
resnet50_caltech256_f25_s2_linprobe,resnet50,caltech256,25,2,linprobe,104,0.925926
resnet50_caltech256_f25_s2_linprobe,resnet50,caltech256,25,2,linprobe,105,0.647059
resnet50_caltech256_f25_s2_linprobe,resnet50,caltech256,25,2,linprobe,106,1.0
resnet50_caltech256_f25_s2_linprobe,resnet50,caltech256,25,2,linprobe,107,0.705882
resnet50_caltech256_f25_s2_linprobe,resnet50,caltech256,25,2,linprobe,108,0.806452
resnet50_caltech256_f25_s2_linprobe,resnet50,caltech256,25,2,linprobe,109,0.823529
resnet50_caltech256_f25_s2_linprobe,resnet50,caltech256,25,2,linprobe,110,0.941176
resnet50_caltech256_f25_s2_linprobe,resnet50,caltech256,25,2,linprobe,111,0.705882
resnet50_caltech256_f25_s2_linprobe,resnet50,caltech256,25,2,linprobe,112,0.913043
resnet50_caltech256_f25_s2_linprobe,resnet50,caltech256,25,2,linprobe,113,0.833333
resnet50_caltech256_f25_s2_linprobe,resnet50,caltech256,25,2,linprobe,114,0.722222
resnet50_caltech256_f25_s2_linprobe,resnet50,caltech256,25,2,linprobe,115,0.904762
resnet50_caltech256_f25_s2_linprobe,resnet50,caltech256,25,2,linprobe,116,0.833333
resnet50_caltech256_f25_s2_linprobe,resnet50,caltech256,25,2,linprobe,117,0.909091
resnet50_caltech256_f25_s2_linprobe,resnet50,caltech256,25,2,linprobe,118,0.705882
resnet50_caltech256_f25_s2_linprobe,resnet50,caltech256,25,2,linprobe,119,0.769231
resnet50_caltech256_f25_s2_linprobe,resnet50,caltech256,25,2,linprobe,120,1.0
resnet50_caltech256_f25_s2_linprobe,resnet50,caltech256,25,2,linprobe,121,0.47619
resnet50_caltech256_f25_s2_linprobe,resnet50,caltech256,25,2,linprobe,122,1.0
resnet50_caltech256_f25_s2_linprobe,resnet50,caltech256,25,2,linprobe,123,0.944444
resnet50_caltech256_f25_s2_linprobe,resnet50,caltech256,25,2,linprobe,124,0.35
resnet50_caltech256_f25_s2_linprobe,resnet50,caltech256,25,2,linprobe,125,0.625
resnet50_caltech256_f25_s2_linprobe,resnet50,caltech256,25,2,linprobe,126,0.846154
resnet50_caltech256_f25_s2_linprobe,resnet50,caltech256,25,2,linprobe,127,0.857143
resnet50_caltech256_f25_s2_linprobe,resnet50,caltech256,25,2,linprobe,128,0.947368
resnet50_caltech256_f25_s2_linprobe,resnet50,caltech256,25,2,linprobe,129,0.944444
resnet50_caltech256_f25_s2_linprobe,resnet50,caltech256,25,2,linprobe,130,0.777778
resnet50_caltech256_f25_s2_linprobe,resnet50,caltech256,25,2,linprobe,131,0.921053
resnet50_caltech256_f25_s2_linprobe,resnet50,caltech256,25,2,linprobe,132,0.888889
resnet50_caltech256_f25_s2_linprobe,resnet50,caltech256,25,2,linprobe,133,0.916667
resnet50_caltech256_f25_s2_linprobe,resnet50,caltech256,25,2,linprobe,134,0.631579
resnet50_caltech256_f25_s2_linprobe,resnet50,caltech256,25,2,linprobe,135,0.894737
resnet50_caltech256_f25_s2_linprobe,resnet50,caltech256,25,2,linprobe,136,0.870968
resnet50_caltech256_f25_s2_linprobe,resnet50,caltech256,25,2,linprobe,137,0.789474
resnet50_caltech256_f25_s2_linprobe,resnet50,caltech256,25,2,linprobe,138,0.941176
resnet50_caltech256_f25_s2_linprobe,resnet50,caltech256,25,2,linprobe,139,0.888889
resnet50_caltech256_f25_s2_linprobe,resnet50,caltech256,25,2,linprobe,140,0.913043
resnet50_caltech256_f25_s2_linprobe,resnet50,caltech256,25,2,linprobe,141,0.809524
resnet50_caltech256_f25_s2_linprobe,resnet50,caltech256,25,2,linprobe,142,0.846154
resnet50_caltech256_f25_s2_linprobe,resnet50,caltech256,25,2,linprobe,143,0.3125
resnet50_caltech256_f25_s2_linprobe,resnet50,caltech256,25,2,linprobe,144,1.0
resnet50_caltech256_f25_s2_linprobe,resnet50,caltech256,25,2,linprobe,145,0.375
resnet50_caltech256_f25_s2_linprobe,resnet50,caltech256,25,2,linprobe,146,0.85
resnet50_caltech256_f25_s2_linprobe,resnet50,caltech256,25,2,linprobe,147,0.8
resnet50_caltech256_f25_s2_linprobe,resnet50,caltech256,25,2,linprobe,148,0.904762
resnet50_caltech256_f25_s2_linprobe,resnet50,caltech256,25,2,linprobe,149,0.909091
resnet50_caltech256_f25_s2_linprobe,resnet50,caltech256,25,2,linprobe,150,0.909091
resnet50_caltech256_f25_s2_linprobe,resnet50,caltech256,25,2,linprobe,151,1.0
resnet50_caltech256_f25_s2_linprobe,resnet50,caltech256,25,2,linprobe,152,0.842105
resnet50_caltech256_f25_s2_linprobe,resnet50,caltech256,25,2,linprobe,153,0.761905
resnet50_caltech256_f25_s2_linprobe,resnet50,caltech256,25,2,linprobe,154,0.388889
resnet50_caltech256_f25_s2_linprobe,resnet50,caltech256,25,2,linprobe,155,0.631579
resnet50_caltech256_f25_s2_linprobe,resnet50,caltech256,25,2,linprobe,156,0.904762
resnet50_caltech256_f25_s2_linprobe,resnet50,caltech256,25,2,linprobe,157,0.966667
resnet50_caltech256_f25_s2_linprobe,resnet50,caltech256,25,2,linprobe,158,0.642857
resnet50_caltech256_f25_s2_linprobe,resnet50,caltech256,25,2,linprobe,159,0.647059
resnet50_caltech256_f25_s2_linprobe,resnet50,caltech256,25,2,linprobe,160,0.904762
resnet50_caltech256_f25_s2_linprobe,resnet50,caltech256,25,2,linprobe,161,0.555556
resnet50_caltech256_f25_s2_linprobe,resnet50,caltech256,25,2,linprobe,162,0.444444
resnet50_caltech256_f25_s2_linprobe,resnet50,caltech256,25,2,linprobe,163,0.95
resnet50_caltech256_f25_s2_linprobe,resnet50,caltech256,25,2,linprobe,164,0.722222
resnet50_caltech256_f25_s2_linprobe,resnet50,caltech256,25,2,linprobe,165,0.888889
resnet50_caltech256_f25_s2_linprobe,resnet50,caltech256,25,2,linprobe,166,0.588235
resnet50_caltech256_f25_s2_linprobe,resnet50,caltech256,25,2,linprobe,167,0.928571
resnet50_caltech256_f25_s2_linprobe,resnet50,caltech256,25,2,linprobe,168,0.944444
resnet50_caltech256_f25_s2_linprobe,resnet50,caltech256,25,2,linprobe,169,0.8
resnet50_caltech256_f25_s2_linprobe,resnet50,caltech256,25,2,linprobe,170,0.411765
resnet50_caltech256_f25_s2_linprobe,resnet50,caltech256,25,2,linprobe,171,0.95
resnet50_caltech256_f25_s2_linprobe,resnet50,caltech256,25,2,linprobe,172,0.714286
resnet50_caltech256_f25_s2_linprobe,resnet50,caltech256,25,2,linprobe,173,0.882353
resnet50_caltech256_f25_s2_linprobe,resnet50,caltech256,25,2,linprobe,174,0.882353
resnet50_caltech256_f25_s2_linprobe,resnet50,caltech256,25,2,linprobe,175,0.863636
resnet50_caltech256_f25_s2_linprobe,resnet50,caltech256,25,2,linprobe,176,0.947368
resnet50_caltech256_f25_s2_linprobe,resnet50,caltech256,25,2,linprobe,177,1.0
resnet50_caltech256_f25_s2_linprobe,resnet50,caltech256,25,2,linprobe,178,0.9375
resnet50_caltech256_f25_s2_linprobe,resnet50,caltech256,25,2,linprobe,179,0.35
resnet50_caltech256_f25_s2_linprobe,resnet50,caltech256,25,2,linprobe,180,0.75
resnet50_caltech256_f25_s2_linprobe,resnet50,caltech256,25,2,linprobe,181,0.958333
resnet50_caltech256_f25_s2_linprobe,resnet50,caltech256,25,2,linprobe,182,0.85
resnet50_caltech256_f25_s2_linprobe,resnet50,caltech256,25,2,linprobe,183,1.0
resnet50_caltech256_f25_s2_linprobe,resnet50,caltech256,25,2,linprobe,184,0.285714
resnet50_caltech256_f25_s2_linprobe,resnet50,caltech256,25,2,linprobe,185,1.0
resnet50_caltech256_f25_s2_linprobe,resnet50,caltech256,25,2,linprobe,186,0.894737
resnet50_caltech256_f25_s2_linprobe,resnet50,caltech256,25,2,linprobe,187,0.777778
resnet50_caltech256_f25_s2_linprobe,resnet50,caltech256,25,2,linprobe,188,0.708333
resnet50_caltech256_f25_s2_linprobe,resnet50,caltech256,25,2,linprobe,189,0.863636
resnet50_caltech256_f25_s2_linprobe,resnet50,caltech256,25,2,linprobe,190,0.727273
resnet50_caltech256_f25_s2_linprobe,resnet50,caltech256,25,2,linprobe,191,0.909091
resnet50_caltech256_f25_s2_linprobe,resnet50,caltech256,25,2,linprobe,192,0.8
resnet50_caltech256_f25_s2_linprobe,resnet50,caltech256,25,2,linprobe,193,0.909091
resnet50_caltech256_f25_s2_linprobe,resnet50,caltech256,25,2,linprobe,194,0.411765
resnet50_caltech256_f25_s2_linprobe,resnet50,caltech256,25,2,linprobe,195,0.857143
resnet50_caltech256_f25_s2_linprobe,resnet50,caltech256,25,2,linprobe,196,0.7
resnet50_caltech256_f25_s2_linprobe,resnet50,caltech256,25,2,linprobe,197,0.818182
resnet50_caltech256_f25_s2_linprobe,resnet50,caltech256,25,2,linprobe,198,0.52381
resnet50_caltech256_f25_s2_linprobe,resnet50,caltech256,25,2,linprobe,199,0.6
resnet50_caltech256_f25_s2_linprobe,resnet50,caltech256,25,2,linprobe,200,1.0
resnet50_caltech256_f25_s2_linprobe,resnet50,caltech256,25,2,linprobe,201,0.736842
resnet50_caltech256_f25_s2_linprobe,resnet50,caltech256,25,2,linprobe,202,0.722222
resnet50_caltech256_f25_s2_linprobe,resnet50,caltech256,25,2,linprobe,203,1.0
resnet50_caltech256_f25_s2_linprobe,resnet50,caltech256,25,2,linprobe,204,0.647059
resnet50_caltech256_f25_s2_linprobe,resnet50,caltech256,25,2,linprobe,205,0.55
resnet50_caltech256_f25_s2_linprobe,resnet50,caltech256,25,2,linprobe,206,0.956522
resnet50_caltech256_f25_s2_linprobe,resnet50,caltech256,25,2,linprobe,207,0.909091
resnet50_caltech256_f25_s2_linprobe,resnet50,caltech256,25,2,linprobe,208,0.65
resnet50_caltech256_f25_s2_linprobe,resnet50,caltech256,25,2,linprobe,209,0.772727
resnet50_caltech256_f25_s2_linprobe,resnet50,caltech256,25,2,linprobe,210,0.578947
resnet50_caltech256_f25_s2_linprobe,resnet50,caltech256,25,2,linprobe,211,0.962963
resnet50_caltech256_f25_s2_linprobe,resnet50,caltech256,25,2,linprobe,212,0.85
resnet50_caltech256_f25_s2_linprobe,resnet50,caltech256,25,2,linprobe,213,0.964286
resnet50_caltech256_f25_s2_linprobe,resnet50,caltech256,25,2,linprobe,214,0.764706
resnet50_caltech256_f25_s2_linprobe,resnet50,caltech256,25,2,linprobe,215,0.9
resnet50_caltech256_f25_s2_linprobe,resnet50,caltech256,25,2,linprobe,216,0.904762
resnet50_caltech256_f25_s2_linprobe,resnet50,caltech256,25,2,linprobe,217,0.9375
resnet50_caltech256_f25_s2_linprobe,resnet50,caltech256,25,2,linprobe,218,0.588235
resnet50_caltech256_f25_s2_linprobe,resnet50,caltech256,25,2,linprobe,219,0.894737
resnet50_caltech256_f25_s2_linprobe,resnet50,caltech256,25,2,linprobe,220,0.904762
resnet50_caltech256_f25_s2_linprobe,resnet50,caltech256,25,2,linprobe,221,0.833333
resnet50_caltech256_f25_s2_linprobe,resnet50,caltech256,25,2,linprobe,222,0.625
resnet50_caltech256_f25_s2_linprobe,resnet50,caltech256,25,2,linprobe,223,0.909091
resnet50_caltech256_f25_s2_linprobe,resnet50,caltech256,25,2,linprobe,224,1.0
resnet50_caltech256_f25_s2_linprobe,resnet50,caltech256,25,2,linprobe,225,0.7
resnet50_caltech256_f25_s2_linprobe,resnet50,caltech256,25,2,linprobe,226,0.896552
resnet50_caltech256_f25_s2_linprobe,resnet50,caltech256,25,2,linprobe,227,0.947368
resnet50_caltech256_f25_s2_linprobe,resnet50,caltech256,25,2,linprobe,228,0.684211
resnet50_caltech256_f25_s2_linprobe,resnet50,caltech256,25,2,linprobe,229,1.0
resnet50_caltech256_f25_s2_linprobe,resnet50,caltech256,25,2,linprobe,230,0.545455
resnet50_caltech256_f25_s2_linprobe,resnet50,caltech256,25,2,linprobe,231,0.902778
resnet50_caltech256_f25_s2_linprobe,resnet50,caltech256,25,2,linprobe,232,0.7
resnet50_caltech256_f25_s2_linprobe,resnet50,caltech256,25,2,linprobe,233,0.833333
resnet50_caltech256_f25_s2_linprobe,resnet50,caltech256,25,2,linprobe,234,0.913043
resnet50_caltech256_f25_s2_linprobe,resnet50,caltech256,25,2,linprobe,235,0.736842
resnet50_caltech256_f25_s2_linprobe,resnet50,caltech256,25,2,linprobe,236,0.777778
resnet50_caltech256_f25_s2_linprobe,resnet50,caltech256,25,2,linprobe,237,1.0
resnet50_caltech256_f25_s2_linprobe,resnet50,caltech256,25,2,linprobe,238,0.705882
resnet50_caltech256_f25_s2_linprobe,resnet50,caltech256,25,2,linprobe,239,0.95
resnet50_caltech256_f25_s2_linprobe,resnet50,caltech256,25,2,linprobe,240,0.789474
resnet50_caltech256_f25_s2_linprobe,resnet50,caltech256,25,2,linprobe,241,0.631579
resnet50_caltech256_f25_s2_linprobe,resnet50,caltech256,25,2,linprobe,242,0.833333
resnet50_caltech256_f25_s2_linprobe,resnet50,caltech256,25,2,linprobe,243,0.611111
resnet50_caltech256_f25_s2_linprobe,resnet50,caltech256,25,2,linprobe,244,0.611111
resnet50_caltech256_f25_s2_linprobe,resnet50,caltech256,25,2,linprobe,245,0.8
resnet50_caltech256_f25_s2_linprobe,resnet50,caltech256,25,2,linprobe,246,0.555556
resnet50_caltech256_f25_s2_linprobe,resnet50,caltech256,25,2,linprobe,247,0.882353
resnet50_caltech256_f25_s2_linprobe,resnet50,caltech256,25,2,linprobe,248,0.5
resnet50_caltech256_f25_s2_linprobe,resnet50,caltech256,25,2,linprobe,249,1.0
resnet50_caltech256_f25_s2_linprobe,resnet50,caltech256,25,2,linprobe,250,0.9875
resnet50_caltech256_f25_s2_linprobe,resnet50,caltech256,25,2,linprobe,251,1.0
resnet50_caltech256_f25_s2_linprobe,resnet50,caltech256,25,2,linprobe,252,0.988506
resnet50_caltech256_f25_s2_linprobe,resnet50,caltech256,25,2,linprobe,253,0.789474
resnet50_caltech256_f25_s2_linprobe,resnet50,caltech256,25,2,linprobe,254,0.619048
resnet50_caltech256_f25_s2_linprobe,resnet50,caltech256,25,2,linprobe,255,0.818182
resnet50_caltech256_f50_s0_fullft,resnet50,caltech256,50,0,fullft,0,0.95
resnet50_caltech256_f50_s0_fullft,resnet50,caltech256,50,0,fullft,1,0.894737
resnet50_caltech256_f50_s0_fullft,resnet50,caltech256,50,0,fullft,2,0.933333
resnet50_caltech256_f50_s0_fullft,resnet50,caltech256,50,0,fullft,3,0.72
resnet50_caltech256_f50_s0_fullft,resnet50,caltech256,50,0,fullft,4,0.966667
resnet50_caltech256_f50_s0_fullft,resnet50,caltech256,50,0,fullft,5,0.777778
resnet50_caltech256_f50_s0_fullft,resnet50,caltech256,50,0,fullft,6,0.809524
resnet50_caltech256_f50_s0_fullft,resnet50,caltech256,50,0,fullft,7,0.891304
resnet50_caltech256_f50_s0_fullft,resnet50,caltech256,50,0,fullft,8,0.95
resnet50_caltech256_f50_s0_fullft,resnet50,caltech256,50,0,fullft,9,0.789474
resnet50_caltech256_f50_s0_fullft,resnet50,caltech256,50,0,fullft,10,0.910714
resnet50_caltech256_f50_s0_fullft,resnet50,caltech256,50,0,fullft,11,0.976744
resnet50_caltech256_f50_s0_fullft,resnet50,caltech256,50,0,fullft,12,0.85
resnet50_caltech256_f50_s0_fullft,resnet50,caltech256,50,0,fullft,13,0.882353
resnet50_caltech256_f50_s0_fullft,resnet50,caltech256,50,0,fullft,14,0.958333
resnet50_caltech256_f50_s0_fullft,resnet50,caltech256,50,0,fullft,15,0.888889
resnet50_caltech256_f50_s0_fullft,resnet50,caltech256,50,0,fullft,16,0.619048
resnet50_caltech256_f50_s0_fullft,resnet50,caltech256,50,0,fullft,17,0.7
resnet50_caltech256_f50_s0_fullft,resnet50,caltech256,50,0,fullft,18,0.8
resnet50_caltech256_f50_s0_fullft,resnet50,caltech256,50,0,fullft,19,1.0
resnet50_caltech256_f50_s0_fullft,resnet50,caltech256,50,0,fullft,20,0.964286
resnet50_caltech256_f50_s0_fullft,resnet50,caltech256,50,0,fullft,21,0.947368
resnet50_caltech256_f50_s0_fullft,resnet50,caltech256,50,0,fullft,22,0.909091
resnet50_caltech256_f50_s0_fullft,resnet50,caltech256,50,0,fullft,23,0.954545
resnet50_caltech256_f50_s0_fullft,resnet50,caltech256,50,0,fullft,24,0.826087
resnet50_caltech256_f50_s0_fullft,resnet50,caltech256,50,0,fullft,25,0.47619
resnet50_caltech256_f50_s0_fullft,resnet50,caltech256,50,0,fullft,26,0.9
resnet50_caltech256_f50_s0_fullft,resnet50,caltech256,50,0,fullft,27,0.909091
resnet50_caltech256_f50_s0_fullft,resnet50,caltech256,50,0,fullft,28,0.904762
resnet50_caltech256_f50_s0_fullft,resnet50,caltech256,50,0,fullft,29,0.761905
resnet50_caltech256_f50_s0_fullft,resnet50,caltech256,50,0,fullft,30,0.777778
resnet50_caltech256_f50_s0_fullft,resnet50,caltech256,50,0,fullft,31,0.8
resnet50_caltech256_f50_s0_fullft,resnet50,caltech256,50,0,fullft,32,0.8
resnet50_caltech256_f50_s0_fullft,resnet50,caltech256,50,0,fullft,33,1.0
resnet50_caltech256_f50_s0_fullft,resnet50,caltech256,50,0,fullft,34,0.882353
resnet50_caltech256_f50_s0_fullft,resnet50,caltech256,50,0,fullft,35,0.904762
resnet50_caltech256_f50_s0_fullft,resnet50,caltech256,50,0,fullft,36,1.0
resnet50_caltech256_f50_s0_fullft,resnet50,caltech256,50,0,fullft,37,0.772727
resnet50_caltech256_f50_s0_fullft,resnet50,caltech256,50,0,fullft,38,0.529412
resnet50_caltech256_f50_s0_fullft,resnet50,caltech256,50,0,fullft,39,0.92
resnet50_caltech256_f50_s0_fullft,resnet50,caltech256,50,0,fullft,40,0.882353
resnet50_caltech256_f50_s0_fullft,resnet50,caltech256,50,0,fullft,41,0.588235
resnet50_caltech256_f50_s0_fullft,resnet50,caltech256,50,0,fullft,42,0.8
resnet50_caltech256_f50_s0_fullft,resnet50,caltech256,50,0,fullft,43,0.833333
resnet50_caltech256_f50_s0_fullft,resnet50,caltech256,50,0,fullft,44,0.882353
resnet50_caltech256_f50_s0_fullft,resnet50,caltech256,50,0,fullft,45,0.925926
resnet50_caltech256_f50_s0_fullft,resnet50,caltech256,50,0,fullft,46,0.842105
resnet50_caltech256_f50_s0_fullft,resnet50,caltech256,50,0,fullft,47,0.904762
resnet50_caltech256_f50_s0_fullft,resnet50,caltech256,50,0,fullft,48,0.904762
resnet50_caltech256_f50_s0_fullft,resnet50,caltech256,50,0,fullft,49,0.894737
resnet50_caltech256_f50_s0_fullft,resnet50,caltech256,50,0,fullft,50,0.826087
resnet50_caltech256_f50_s0_fullft,resnet50,caltech256,50,0,fullft,51,0.882353
resnet50_caltech256_f50_s0_fullft,resnet50,caltech256,50,0,fullft,52,0.875
resnet50_caltech256_f50_s0_fullft,resnet50,caltech256,50,0,fullft,53,0.875
resnet50_caltech256_f50_s0_fullft,resnet50,caltech256,50,0,fullft,54,0.7
resnet50_caltech256_f50_s0_fullft,resnet50,caltech256,50,0,fullft,55,0.75
resnet50_caltech256_f50_s0_fullft,resnet50,caltech256,50,0,fullft,56,0.809524
resnet50_caltech256_f50_s0_fullft,resnet50,caltech256,50,0,fullft,57,0.842105
resnet50_caltech256_f50_s0_fullft,resnet50,caltech256,50,0,fullft,58,0.705882
resnet50_caltech256_f50_s0_fullft,resnet50,caltech256,50,0,fullft,59,0.647059
resnet50_caltech256_f50_s0_fullft,resnet50,caltech256,50,0,fullft,60,0.75
resnet50_caltech256_f50_s0_fullft,resnet50,caltech256,50,0,fullft,61,0.941176
resnet50_caltech256_f50_s0_fullft,resnet50,caltech256,50,0,fullft,62,1.0
resnet50_caltech256_f50_s0_fullft,resnet50,caltech256,50,0,fullft,63,0.923077
resnet50_caltech256_f50_s0_fullft,resnet50,caltech256,50,0,fullft,64,0.95
resnet50_caltech256_f50_s0_fullft,resnet50,caltech256,50,0,fullft,65,0.941176
resnet50_caltech256_f50_s0_fullft,resnet50,caltech256,50,0,fullft,66,0.882353
resnet50_caltech256_f50_s0_fullft,resnet50,caltech256,50,0,fullft,67,0.863636
resnet50_caltech256_f50_s0_fullft,resnet50,caltech256,50,0,fullft,68,0.7
resnet50_caltech256_f50_s0_fullft,resnet50,caltech256,50,0,fullft,69,0.470588
resnet50_caltech256_f50_s0_fullft,resnet50,caltech256,50,0,fullft,70,0.95
resnet50_caltech256_f50_s0_fullft,resnet50,caltech256,50,0,fullft,71,1.0
resnet50_caltech256_f50_s0_fullft,resnet50,caltech256,50,0,fullft,72,1.0
resnet50_caltech256_f50_s0_fullft,resnet50,caltech256,50,0,fullft,73,0.695652
resnet50_caltech256_f50_s0_fullft,resnet50,caltech256,50,0,fullft,74,0.470588
resnet50_caltech256_f50_s0_fullft,resnet50,caltech256,50,0,fullft,75,0.882353
resnet50_caltech256_f50_s0_fullft,resnet50,caltech256,50,0,fullft,76,1.0
resnet50_caltech256_f50_s0_fullft,resnet50,caltech256,50,0,fullft,77,0.888889
resnet50_caltech256_f50_s0_fullft,resnet50,caltech256,50,0,fullft,78,0.7
resnet50_caltech256_f50_s0_fullft,resnet50,caltech256,50,0,fullft,79,0.73913
resnet50_caltech256_f50_s0_fullft,resnet50,caltech256,50,0,fullft,80,1.0
resnet50_caltech256_f50_s0_fullft,resnet50,caltech256,50,0,fullft,81,0.8125
resnet50_caltech256_f50_s0_fullft,resnet50,caltech256,50,0,fullft,82,0.736842
resnet50_caltech256_f50_s0_fullft,resnet50,caltech256,50,0,fullft,83,0.941176
resnet50_caltech256_f50_s0_fullft,resnet50,caltech256,50,0,fullft,84,0.909091
resnet50_caltech256_f50_s0_fullft,resnet50,caltech256,50,0,fullft,85,0.9375
resnet50_caltech256_f50_s0_fullft,resnet50,caltech256,50,0,fullft,86,0.947368
resnet50_caltech256_f50_s0_fullft,resnet50,caltech256,50,0,fullft,87,0.95
resnet50_caltech256_f50_s0_fullft,resnet50,caltech256,50,0,fullft,88,0.818182
resnet50_caltech256_f50_s0_fullft,resnet50,caltech256,50,0,fullft,89,1.0
resnet50_caltech256_f50_s0_fullft,resnet50,caltech256,50,0,fullft,90,0.947368
resnet50_caltech256_f50_s0_fullft,resnet50,caltech256,50,0,fullft,91,0.825
resnet50_caltech256_f50_s0_fullft,resnet50,caltech256,50,0,fullft,92,0.954545
resnet50_caltech256_f50_s0_fullft,resnet50,caltech256,50,0,fullft,93,1.0
resnet50_caltech256_f50_s0_fullft,resnet50,caltech256,50,0,fullft,94,0.705882
resnet50_caltech256_f50_s0_fullft,resnet50,caltech256,50,0,fullft,95,0.947368
resnet50_caltech256_f50_s0_fullft,resnet50,caltech256,50,0,fullft,96,0.555556
resnet50_caltech256_f50_s0_fullft,resnet50,caltech256,50,0,fullft,97,1.0
resnet50_caltech256_f50_s0_fullft,resnet50,caltech256,50,0,fullft,98,0.8125
resnet50_caltech256_f50_s0_fullft,resnet50,caltech256,50,0,fullft,99,1.0
resnet50_caltech256_f50_s0_fullft,resnet50,caltech256,50,0,fullft,100,0.964286
resnet50_caltech256_f50_s0_fullft,resnet50,caltech256,50,0,fullft,101,0.944444
resnet50_caltech256_f50_s0_fullft,resnet50,caltech256,50,0,fullft,102,0.954545
resnet50_caltech256_f50_s0_fullft,resnet50,caltech256,50,0,fullft,103,0.894737
resnet50_caltech256_f50_s0_fullft,resnet50,caltech256,50,0,fullft,104,0.87037
resnet50_caltech256_f50_s0_fullft,resnet50,caltech256,50,0,fullft,105,0.588235
resnet50_caltech256_f50_s0_fullft,resnet50,caltech256,50,0,fullft,106,1.0
resnet50_caltech256_f50_s0_fullft,resnet50,caltech256,50,0,fullft,107,0.705882
resnet50_caltech256_f50_s0_fullft,resnet50,caltech256,50,0,fullft,108,0.935484
resnet50_caltech256_f50_s0_fullft,resnet50,caltech256,50,0,fullft,109,0.823529
resnet50_caltech256_f50_s0_fullft,resnet50,caltech256,50,0,fullft,110,0.882353
resnet50_caltech256_f50_s0_fullft,resnet50,caltech256,50,0,fullft,111,1.0
resnet50_caltech256_f50_s0_fullft,resnet50,caltech256,50,0,fullft,112,1.0
resnet50_caltech256_f50_s0_fullft,resnet50,caltech256,50,0,fullft,113,1.0
resnet50_caltech256_f50_s0_fullft,resnet50,caltech256,50,0,fullft,114,0.833333
resnet50_caltech256_f50_s0_fullft,resnet50,caltech256,50,0,fullft,115,1.0
resnet50_caltech256_f50_s0_fullft,resnet50,caltech256,50,0,fullft,116,0.958333
resnet50_caltech256_f50_s0_fullft,resnet50,caltech256,50,0,fullft,117,0.863636
resnet50_caltech256_f50_s0_fullft,resnet50,caltech256,50,0,fullft,118,0.588235
resnet50_caltech256_f50_s0_fullft,resnet50,caltech256,50,0,fullft,119,0.807692
resnet50_caltech256_f50_s0_fullft,resnet50,caltech256,50,0,fullft,120,1.0
resnet50_caltech256_f50_s0_fullft,resnet50,caltech256,50,0,fullft,121,0.714286
resnet50_caltech256_f50_s0_fullft,resnet50,caltech256,50,0,fullft,122,0.954545
resnet50_caltech256_f50_s0_fullft,resnet50,caltech256,50,0,fullft,123,1.0
resnet50_caltech256_f50_s0_fullft,resnet50,caltech256,50,0,fullft,124,0.6
resnet50_caltech256_f50_s0_fullft,resnet50,caltech256,50,0,fullft,125,0.645833
resnet50_caltech256_f50_s0_fullft,resnet50,caltech256,50,0,fullft,126,0.846154
resnet50_caltech256_f50_s0_fullft,resnet50,caltech256,50,0,fullft,127,0.761905
resnet50_caltech256_f50_s0_fullft,resnet50,caltech256,50,0,fullft,128,1.0
resnet50_caltech256_f50_s0_fullft,resnet50,caltech256,50,0,fullft,129,1.0
resnet50_caltech256_f50_s0_fullft,resnet50,caltech256,50,0,fullft,130,0.944444
resnet50_caltech256_f50_s0_fullft,resnet50,caltech256,50,0,fullft,131,0.921053
resnet50_caltech256_f50_s0_fullft,resnet50,caltech256,50,0,fullft,132,0.925926
resnet50_caltech256_f50_s0_fullft,resnet50,caltech256,50,0,fullft,133,0.958333
resnet50_caltech256_f50_s0_fullft,resnet50,caltech256,50,0,fullft,134,0.789474
resnet50_caltech256_f50_s0_fullft,resnet50,caltech256,50,0,fullft,135,0.842105
resnet50_caltech256_f50_s0_fullft,resnet50,caltech256,50,0,fullft,136,0.967742
resnet50_caltech256_f50_s0_fullft,resnet50,caltech256,50,0,fullft,137,0.894737
resnet50_caltech256_f50_s0_fullft,resnet50,caltech256,50,0,fullft,138,0.941176
resnet50_caltech256_f50_s0_fullft,resnet50,caltech256,50,0,fullft,139,0.777778
resnet50_caltech256_f50_s0_fullft,resnet50,caltech256,50,0,fullft,140,1.0
resnet50_caltech256_f50_s0_fullft,resnet50,caltech256,50,0,fullft,141,0.904762
resnet50_caltech256_f50_s0_fullft,resnet50,caltech256,50,0,fullft,142,0.884615
resnet50_caltech256_f50_s0_fullft,resnet50,caltech256,50,0,fullft,143,0.625
resnet50_caltech256_f50_s0_fullft,resnet50,caltech256,50,0,fullft,144,1.0
resnet50_caltech256_f50_s0_fullft,resnet50,caltech256,50,0,fullft,145,0.6875
resnet50_caltech256_f50_s0_fullft,resnet50,caltech256,50,0,fullft,146,0.85
resnet50_caltech256_f50_s0_fullft,resnet50,caltech256,50,0,fullft,147,0.828571
resnet50_caltech256_f50_s0_fullft,resnet50,caltech256,50,0,fullft,148,0.904762
resnet50_caltech256_f50_s0_fullft,resnet50,caltech256,50,0,fullft,149,0.863636
resnet50_caltech256_f50_s0_fullft,resnet50,caltech256,50,0,fullft,150,0.909091
resnet50_caltech256_f50_s0_fullft,resnet50,caltech256,50,0,fullft,151,1.0
resnet50_caltech256_f50_s0_fullft,resnet50,caltech256,50,0,fullft,152,0.947368
resnet50_caltech256_f50_s0_fullft,resnet50,caltech256,50,0,fullft,153,0.904762
resnet50_caltech256_f50_s0_fullft,resnet50,caltech256,50,0,fullft,154,0.555556
resnet50_caltech256_f50_s0_fullft,resnet50,caltech256,50,0,fullft,155,0.736842
resnet50_caltech256_f50_s0_fullft,resnet50,caltech256,50,0,fullft,156,0.904762
resnet50_caltech256_f50_s0_fullft,resnet50,caltech256,50,0,fullft,157,0.966667
resnet50_caltech256_f50_s0_fullft,resnet50,caltech256,50,0,fullft,158,0.642857
resnet50_caltech256_f50_s0_fullft,resnet50,caltech256,50,0,fullft,159,0.588235
resnet50_caltech256_f50_s0_fullft,resnet50,caltech256,50,0,fullft,160,0.857143
resnet50_caltech256_f50_s0_fullft,resnet50,caltech256,50,0,fullft,161,0.666667
resnet50_caltech256_f50_s0_fullft,resnet50,caltech256,50,0,fullft,162,0.5
resnet50_caltech256_f50_s0_fullft,resnet50,caltech256,50,0,fullft,163,0.95
resnet50_caltech256_f50_s0_fullft,resnet50,caltech256,50,0,fullft,164,0.888889
resnet50_caltech256_f50_s0_fullft,resnet50,caltech256,50,0,fullft,165,0.888889
resnet50_caltech256_f50_s0_fullft,resnet50,caltech256,50,0,fullft,166,0.882353
resnet50_caltech256_f50_s0_fullft,resnet50,caltech256,50,0,fullft,167,0.964286
resnet50_caltech256_f50_s0_fullft,resnet50,caltech256,50,0,fullft,168,0.944444
resnet50_caltech256_f50_s0_fullft,resnet50,caltech256,50,0,fullft,169,0.9
resnet50_caltech256_f50_s0_fullft,resnet50,caltech256,50,0,fullft,170,0.647059
resnet50_caltech256_f50_s0_fullft,resnet50,caltech256,50,0,fullft,171,0.85
resnet50_caltech256_f50_s0_fullft,resnet50,caltech256,50,0,fullft,172,0.666667
resnet50_caltech256_f50_s0_fullft,resnet50,caltech256,50,0,fullft,173,0.941176
resnet50_caltech256_f50_s0_fullft,resnet50,caltech256,50,0,fullft,174,0.882353
resnet50_caltech256_f50_s0_fullft,resnet50,caltech256,50,0,fullft,175,0.954545
resnet50_caltech256_f50_s0_fullft,resnet50,caltech256,50,0,fullft,176,1.0
resnet50_caltech256_f50_s0_fullft,resnet50,caltech256,50,0,fullft,177,1.0
resnet50_caltech256_f50_s0_fullft,resnet50,caltech256,50,0,fullft,178,0.9375
resnet50_caltech256_f50_s0_fullft,resnet50,caltech256,50,0,fullft,179,0.5
resnet50_caltech256_f50_s0_fullft,resnet50,caltech256,50,0,fullft,180,0.8
resnet50_caltech256_f50_s0_fullft,resnet50,caltech256,50,0,fullft,181,0.958333
resnet50_caltech256_f50_s0_fullft,resnet50,caltech256,50,0,fullft,182,0.95
resnet50_caltech256_f50_s0_fullft,resnet50,caltech256,50,0,fullft,183,1.0
resnet50_caltech256_f50_s0_fullft,resnet50,caltech256,50,0,fullft,184,0.333333
resnet50_caltech256_f50_s0_fullft,resnet50,caltech256,50,0,fullft,185,1.0
resnet50_caltech256_f50_s0_fullft,resnet50,caltech256,50,0,fullft,186,0.894737
resnet50_caltech256_f50_s0_fullft,resnet50,caltech256,50,0,fullft,187,0.777778
resnet50_caltech256_f50_s0_fullft,resnet50,caltech256,50,0,fullft,188,0.875
resnet50_caltech256_f50_s0_fullft,resnet50,caltech256,50,0,fullft,189,0.909091
resnet50_caltech256_f50_s0_fullft,resnet50,caltech256,50,0,fullft,190,0.454545
resnet50_caltech256_f50_s0_fullft,resnet50,caltech256,50,0,fullft,191,0.954545
resnet50_caltech256_f50_s0_fullft,resnet50,caltech256,50,0,fullft,192,0.8
resnet50_caltech256_f50_s0_fullft,resnet50,caltech256,50,0,fullft,193,1.0
resnet50_caltech256_f50_s0_fullft,resnet50,caltech256,50,0,fullft,194,0.470588
resnet50_caltech256_f50_s0_fullft,resnet50,caltech256,50,0,fullft,195,0.857143
resnet50_caltech256_f50_s0_fullft,resnet50,caltech256,50,0,fullft,196,0.8
resnet50_caltech256_f50_s0_fullft,resnet50,caltech256,50,0,fullft,197,0.863636
resnet50_caltech256_f50_s0_fullft,resnet50,caltech256,50,0,fullft,198,0.571429
resnet50_caltech256_f50_s0_fullft,resnet50,caltech256,50,0,fullft,199,0.75
resnet50_caltech256_f50_s0_fullft,resnet50,caltech256,50,0,fullft,200,1.0
resnet50_caltech256_f50_s0_fullft,resnet50,caltech256,50,0,fullft,201,0.736842
resnet50_caltech256_f50_s0_fullft,resnet50,caltech256,50,0,fullft,202,0.833333
resnet50_caltech256_f50_s0_fullft,resnet50,caltech256,50,0,fullft,203,1.0
resnet50_caltech256_f50_s0_fullft,resnet50,caltech256,50,0,fullft,204,0.882353
resnet50_caltech256_f50_s0_fullft,resnet50,caltech256,50,0,fullft,205,0.75
resnet50_caltech256_f50_s0_fullft,resnet50,caltech256,50,0,fullft,206,1.0
resnet50_caltech256_f50_s0_fullft,resnet50,caltech256,50,0,fullft,207,0.954545
resnet50_caltech256_f50_s0_fullft,resnet50,caltech256,50,0,fullft,208,0.75
resnet50_caltech256_f50_s0_fullft,resnet50,caltech256,50,0,fullft,209,0.909091
resnet50_caltech256_f50_s0_fullft,resnet50,caltech256,50,0,fullft,210,0.684211
resnet50_caltech256_f50_s0_fullft,resnet50,caltech256,50,0,fullft,211,0.925926
resnet50_caltech256_f50_s0_fullft,resnet50,caltech256,50,0,fullft,212,0.95
resnet50_caltech256_f50_s0_fullft,resnet50,caltech256,50,0,fullft,213,0.892857
resnet50_caltech256_f50_s0_fullft,resnet50,caltech256,50,0,fullft,214,0.882353
resnet50_caltech256_f50_s0_fullft,resnet50,caltech256,50,0,fullft,215,0.95
resnet50_caltech256_f50_s0_fullft,resnet50,caltech256,50,0,fullft,216,0.904762
resnet50_caltech256_f50_s0_fullft,resnet50,caltech256,50,0,fullft,217,1.0
resnet50_caltech256_f50_s0_fullft,resnet50,caltech256,50,0,fullft,218,0.764706
resnet50_caltech256_f50_s0_fullft,resnet50,caltech256,50,0,fullft,219,0.789474
resnet50_caltech256_f50_s0_fullft,resnet50,caltech256,50,0,fullft,220,1.0
resnet50_caltech256_f50_s0_fullft,resnet50,caltech256,50,0,fullft,221,0.777778
resnet50_caltech256_f50_s0_fullft,resnet50,caltech256,50,0,fullft,222,0.6875
resnet50_caltech256_f50_s0_fullft,resnet50,caltech256,50,0,fullft,223,0.909091
resnet50_caltech256_f50_s0_fullft,resnet50,caltech256,50,0,fullft,224,0.944444
resnet50_caltech256_f50_s0_fullft,resnet50,caltech256,50,0,fullft,225,0.8
resnet50_caltech256_f50_s0_fullft,resnet50,caltech256,50,0,fullft,226,0.931034
resnet50_caltech256_f50_s0_fullft,resnet50,caltech256,50,0,fullft,227,0.947368
resnet50_caltech256_f50_s0_fullft,resnet50,caltech256,50,0,fullft,228,0.894737
resnet50_caltech256_f50_s0_fullft,resnet50,caltech256,50,0,fullft,229,1.0
resnet50_caltech256_f50_s0_fullft,resnet50,caltech256,50,0,fullft,230,0.909091
resnet50_caltech256_f50_s0_fullft,resnet50,caltech256,50,0,fullft,231,0.944444
resnet50_caltech256_f50_s0_fullft,resnet50,caltech256,50,0,fullft,232,0.7
resnet50_caltech256_f50_s0_fullft,resnet50,caltech256,50,0,fullft,233,0.833333
resnet50_caltech256_f50_s0_fullft,resnet50,caltech256,50,0,fullft,234,0.913043
resnet50_caltech256_f50_s0_fullft,resnet50,caltech256,50,0,fullft,235,0.789474
resnet50_caltech256_f50_s0_fullft,resnet50,caltech256,50,0,fullft,236,0.944444
resnet50_caltech256_f50_s0_fullft,resnet50,caltech256,50,0,fullft,237,1.0
resnet50_caltech256_f50_s0_fullft,resnet50,caltech256,50,0,fullft,238,0.705882
resnet50_caltech256_f50_s0_fullft,resnet50,caltech256,50,0,fullft,239,0.925
resnet50_caltech256_f50_s0_fullft,resnet50,caltech256,50,0,fullft,240,0.842105
resnet50_caltech256_f50_s0_fullft,resnet50,caltech256,50,0,fullft,241,0.894737
resnet50_caltech256_f50_s0_fullft,resnet50,caltech256,50,0,fullft,242,0.555556
resnet50_caltech256_f50_s0_fullft,resnet50,caltech256,50,0,fullft,243,0.722222
resnet50_caltech256_f50_s0_fullft,resnet50,caltech256,50,0,fullft,244,0.722222
resnet50_caltech256_f50_s0_fullft,resnet50,caltech256,50,0,fullft,245,0.9
resnet50_caltech256_f50_s0_fullft,resnet50,caltech256,50,0,fullft,246,0.722222
resnet50_caltech256_f50_s0_fullft,resnet50,caltech256,50,0,fullft,247,0.823529
resnet50_caltech256_f50_s0_fullft,resnet50,caltech256,50,0,fullft,248,0.6
resnet50_caltech256_f50_s0_fullft,resnet50,caltech256,50,0,fullft,249,1.0
resnet50_caltech256_f50_s0_fullft,resnet50,caltech256,50,0,fullft,250,0.9875
resnet50_caltech256_f50_s0_fullft,resnet50,caltech256,50,0,fullft,251,1.0
resnet50_caltech256_f50_s0_fullft,resnet50,caltech256,50,0,fullft,252,1.0
resnet50_caltech256_f50_s0_fullft,resnet50,caltech256,50,0,fullft,253,0.894737
resnet50_caltech256_f50_s0_fullft,resnet50,caltech256,50,0,fullft,254,0.761905
resnet50_caltech256_f50_s0_fullft,resnet50,caltech256,50,0,fullft,255,0.909091
resnet50_caltech256_f50_s0_linprobe,resnet50,caltech256,50,0,linprobe,0,0.95
resnet50_caltech256_f50_s0_linprobe,resnet50,caltech256,50,0,linprobe,1,0.736842
resnet50_caltech256_f50_s0_linprobe,resnet50,caltech256,50,0,linprobe,2,0.966667
resnet50_caltech256_f50_s0_linprobe,resnet50,caltech256,50,0,linprobe,3,0.68
resnet50_caltech256_f50_s0_linprobe,resnet50,caltech256,50,0,linprobe,4,0.966667
resnet50_caltech256_f50_s0_linprobe,resnet50,caltech256,50,0,linprobe,5,0.777778
resnet50_caltech256_f50_s0_linprobe,resnet50,caltech256,50,0,linprobe,6,0.761905
resnet50_caltech256_f50_s0_linprobe,resnet50,caltech256,50,0,linprobe,7,0.891304
resnet50_caltech256_f50_s0_linprobe,resnet50,caltech256,50,0,linprobe,8,0.9
resnet50_caltech256_f50_s0_linprobe,resnet50,caltech256,50,0,linprobe,9,0.736842
resnet50_caltech256_f50_s0_linprobe,resnet50,caltech256,50,0,linprobe,10,0.875
resnet50_caltech256_f50_s0_linprobe,resnet50,caltech256,50,0,linprobe,11,0.976744
resnet50_caltech256_f50_s0_linprobe,resnet50,caltech256,50,0,linprobe,12,0.7
resnet50_caltech256_f50_s0_linprobe,resnet50,caltech256,50,0,linprobe,13,0.882353
resnet50_caltech256_f50_s0_linprobe,resnet50,caltech256,50,0,linprobe,14,1.0
resnet50_caltech256_f50_s0_linprobe,resnet50,caltech256,50,0,linprobe,15,0.944444
resnet50_caltech256_f50_s0_linprobe,resnet50,caltech256,50,0,linprobe,16,0.619048
resnet50_caltech256_f50_s0_linprobe,resnet50,caltech256,50,0,linprobe,17,0.65
resnet50_caltech256_f50_s0_linprobe,resnet50,caltech256,50,0,linprobe,18,0.8
resnet50_caltech256_f50_s0_linprobe,resnet50,caltech256,50,0,linprobe,19,0.941176
resnet50_caltech256_f50_s0_linprobe,resnet50,caltech256,50,0,linprobe,20,0.928571
resnet50_caltech256_f50_s0_linprobe,resnet50,caltech256,50,0,linprobe,21,0.947368
resnet50_caltech256_f50_s0_linprobe,resnet50,caltech256,50,0,linprobe,22,0.863636
resnet50_caltech256_f50_s0_linprobe,resnet50,caltech256,50,0,linprobe,23,0.909091
resnet50_caltech256_f50_s0_linprobe,resnet50,caltech256,50,0,linprobe,24,0.869565
resnet50_caltech256_f50_s0_linprobe,resnet50,caltech256,50,0,linprobe,25,0.619048
resnet50_caltech256_f50_s0_linprobe,resnet50,caltech256,50,0,linprobe,26,0.9
resnet50_caltech256_f50_s0_linprobe,resnet50,caltech256,50,0,linprobe,27,0.909091
resnet50_caltech256_f50_s0_linprobe,resnet50,caltech256,50,0,linprobe,28,0.904762
resnet50_caltech256_f50_s0_linprobe,resnet50,caltech256,50,0,linprobe,29,0.619048
resnet50_caltech256_f50_s0_linprobe,resnet50,caltech256,50,0,linprobe,30,0.777778
resnet50_caltech256_f50_s0_linprobe,resnet50,caltech256,50,0,linprobe,31,0.85
resnet50_caltech256_f50_s0_linprobe,resnet50,caltech256,50,0,linprobe,32,0.75
resnet50_caltech256_f50_s0_linprobe,resnet50,caltech256,50,0,linprobe,33,0.9
resnet50_caltech256_f50_s0_linprobe,resnet50,caltech256,50,0,linprobe,34,0.882353
resnet50_caltech256_f50_s0_linprobe,resnet50,caltech256,50,0,linprobe,35,0.904762
resnet50_caltech256_f50_s0_linprobe,resnet50,caltech256,50,0,linprobe,36,0.958333
resnet50_caltech256_f50_s0_linprobe,resnet50,caltech256,50,0,linprobe,37,0.818182
resnet50_caltech256_f50_s0_linprobe,resnet50,caltech256,50,0,linprobe,38,0.470588
resnet50_caltech256_f50_s0_linprobe,resnet50,caltech256,50,0,linprobe,39,0.92
resnet50_caltech256_f50_s0_linprobe,resnet50,caltech256,50,0,linprobe,40,0.882353
resnet50_caltech256_f50_s0_linprobe,resnet50,caltech256,50,0,linprobe,41,0.529412
resnet50_caltech256_f50_s0_linprobe,resnet50,caltech256,50,0,linprobe,42,0.8
resnet50_caltech256_f50_s0_linprobe,resnet50,caltech256,50,0,linprobe,43,0.833333
resnet50_caltech256_f50_s0_linprobe,resnet50,caltech256,50,0,linprobe,44,0.882353
resnet50_caltech256_f50_s0_linprobe,resnet50,caltech256,50,0,linprobe,45,0.851852
resnet50_caltech256_f50_s0_linprobe,resnet50,caltech256,50,0,linprobe,46,0.842105
resnet50_caltech256_f50_s0_linprobe,resnet50,caltech256,50,0,linprobe,47,1.0
resnet50_caltech256_f50_s0_linprobe,resnet50,caltech256,50,0,linprobe,48,0.952381
resnet50_caltech256_f50_s0_linprobe,resnet50,caltech256,50,0,linprobe,49,0.789474
resnet50_caltech256_f50_s0_linprobe,resnet50,caltech256,50,0,linprobe,50,0.782609
resnet50_caltech256_f50_s0_linprobe,resnet50,caltech256,50,0,linprobe,51,0.882353
resnet50_caltech256_f50_s0_linprobe,resnet50,caltech256,50,0,linprobe,52,0.9375
resnet50_caltech256_f50_s0_linprobe,resnet50,caltech256,50,0,linprobe,53,0.958333
resnet50_caltech256_f50_s0_linprobe,resnet50,caltech256,50,0,linprobe,54,0.75
resnet50_caltech256_f50_s0_linprobe,resnet50,caltech256,50,0,linprobe,55,0.8
resnet50_caltech256_f50_s0_linprobe,resnet50,caltech256,50,0,linprobe,56,0.809524
resnet50_caltech256_f50_s0_linprobe,resnet50,caltech256,50,0,linprobe,57,0.842105
resnet50_caltech256_f50_s0_linprobe,resnet50,caltech256,50,0,linprobe,58,0.705882
resnet50_caltech256_f50_s0_linprobe,resnet50,caltech256,50,0,linprobe,59,0.647059
resnet50_caltech256_f50_s0_linprobe,resnet50,caltech256,50,0,linprobe,60,0.8
resnet50_caltech256_f50_s0_linprobe,resnet50,caltech256,50,0,linprobe,61,0.823529
resnet50_caltech256_f50_s0_linprobe,resnet50,caltech256,50,0,linprobe,62,0.958333
resnet50_caltech256_f50_s0_linprobe,resnet50,caltech256,50,0,linprobe,63,1.0
resnet50_caltech256_f50_s0_linprobe,resnet50,caltech256,50,0,linprobe,64,0.9
resnet50_caltech256_f50_s0_linprobe,resnet50,caltech256,50,0,linprobe,65,0.882353
resnet50_caltech256_f50_s0_linprobe,resnet50,caltech256,50,0,linprobe,66,0.882353
resnet50_caltech256_f50_s0_linprobe,resnet50,caltech256,50,0,linprobe,67,0.863636
resnet50_caltech256_f50_s0_linprobe,resnet50,caltech256,50,0,linprobe,68,0.6
resnet50_caltech256_f50_s0_linprobe,resnet50,caltech256,50,0,linprobe,69,0.529412
resnet50_caltech256_f50_s0_linprobe,resnet50,caltech256,50,0,linprobe,70,0.9
resnet50_caltech256_f50_s0_linprobe,resnet50,caltech256,50,0,linprobe,71,1.0
resnet50_caltech256_f50_s0_linprobe,resnet50,caltech256,50,0,linprobe,72,0.95
resnet50_caltech256_f50_s0_linprobe,resnet50,caltech256,50,0,linprobe,73,0.695652
resnet50_caltech256_f50_s0_linprobe,resnet50,caltech256,50,0,linprobe,74,0.588235
resnet50_caltech256_f50_s0_linprobe,resnet50,caltech256,50,0,linprobe,75,1.0
resnet50_caltech256_f50_s0_linprobe,resnet50,caltech256,50,0,linprobe,76,1.0
resnet50_caltech256_f50_s0_linprobe,resnet50,caltech256,50,0,linprobe,77,0.833333
resnet50_caltech256_f50_s0_linprobe,resnet50,caltech256,50,0,linprobe,78,0.55
resnet50_caltech256_f50_s0_linprobe,resnet50,caltech256,50,0,linprobe,79,0.652174
resnet50_caltech256_f50_s0_linprobe,resnet50,caltech256,50,0,linprobe,80,0.842105
resnet50_caltech256_f50_s0_linprobe,resnet50,caltech256,50,0,linprobe,81,0.875
resnet50_caltech256_f50_s0_linprobe,resnet50,caltech256,50,0,linprobe,82,0.789474
resnet50_caltech256_f50_s0_linprobe,resnet50,caltech256,50,0,linprobe,83,0.941176
resnet50_caltech256_f50_s0_linprobe,resnet50,caltech256,50,0,linprobe,84,0.909091
resnet50_caltech256_f50_s0_linprobe,resnet50,caltech256,50,0,linprobe,85,0.9375
resnet50_caltech256_f50_s0_linprobe,resnet50,caltech256,50,0,linprobe,86,0.894737
resnet50_caltech256_f50_s0_linprobe,resnet50,caltech256,50,0,linprobe,87,0.9
resnet50_caltech256_f50_s0_linprobe,resnet50,caltech256,50,0,linprobe,88,0.863636
resnet50_caltech256_f50_s0_linprobe,resnet50,caltech256,50,0,linprobe,89,0.952381
resnet50_caltech256_f50_s0_linprobe,resnet50,caltech256,50,0,linprobe,90,0.894737
resnet50_caltech256_f50_s0_linprobe,resnet50,caltech256,50,0,linprobe,91,0.825
resnet50_caltech256_f50_s0_linprobe,resnet50,caltech256,50,0,linprobe,92,1.0
resnet50_caltech256_f50_s0_linprobe,resnet50,caltech256,50,0,linprobe,93,0.952381
resnet50_caltech256_f50_s0_linprobe,resnet50,caltech256,50,0,linprobe,94,0.705882
resnet50_caltech256_f50_s0_linprobe,resnet50,caltech256,50,0,linprobe,95,0.912281
resnet50_caltech256_f50_s0_linprobe,resnet50,caltech256,50,0,linprobe,96,0.777778
resnet50_caltech256_f50_s0_linprobe,resnet50,caltech256,50,0,linprobe,97,0.9
resnet50_caltech256_f50_s0_linprobe,resnet50,caltech256,50,0,linprobe,98,0.9375
resnet50_caltech256_f50_s0_linprobe,resnet50,caltech256,50,0,linprobe,99,1.0
resnet50_caltech256_f50_s0_linprobe,resnet50,caltech256,50,0,linprobe,100,0.964286
resnet50_caltech256_f50_s0_linprobe,resnet50,caltech256,50,0,linprobe,101,0.777778
resnet50_caltech256_f50_s0_linprobe,resnet50,caltech256,50,0,linprobe,102,0.954545
resnet50_caltech256_f50_s0_linprobe,resnet50,caltech256,50,0,linprobe,103,0.684211
resnet50_caltech256_f50_s0_linprobe,resnet50,caltech256,50,0,linprobe,104,0.962963
resnet50_caltech256_f50_s0_linprobe,resnet50,caltech256,50,0,linprobe,105,0.647059
resnet50_caltech256_f50_s0_linprobe,resnet50,caltech256,50,0,linprobe,106,1.0
resnet50_caltech256_f50_s0_linprobe,resnet50,caltech256,50,0,linprobe,107,0.764706
resnet50_caltech256_f50_s0_linprobe,resnet50,caltech256,50,0,linprobe,108,0.870968
resnet50_caltech256_f50_s0_linprobe,resnet50,caltech256,50,0,linprobe,109,0.882353
resnet50_caltech256_f50_s0_linprobe,resnet50,caltech256,50,0,linprobe,110,0.941176
resnet50_caltech256_f50_s0_linprobe,resnet50,caltech256,50,0,linprobe,111,0.764706
resnet50_caltech256_f50_s0_linprobe,resnet50,caltech256,50,0,linprobe,112,0.913043
resnet50_caltech256_f50_s0_linprobe,resnet50,caltech256,50,0,linprobe,113,0.958333
resnet50_caltech256_f50_s0_linprobe,resnet50,caltech256,50,0,linprobe,114,0.833333
resnet50_caltech256_f50_s0_linprobe,resnet50,caltech256,50,0,linprobe,115,0.952381
resnet50_caltech256_f50_s0_linprobe,resnet50,caltech256,50,0,linprobe,116,0.875
resnet50_caltech256_f50_s0_linprobe,resnet50,caltech256,50,0,linprobe,117,0.909091
resnet50_caltech256_f50_s0_linprobe,resnet50,caltech256,50,0,linprobe,118,0.529412
resnet50_caltech256_f50_s0_linprobe,resnet50,caltech256,50,0,linprobe,119,0.769231
resnet50_caltech256_f50_s0_linprobe,resnet50,caltech256,50,0,linprobe,120,1.0
resnet50_caltech256_f50_s0_linprobe,resnet50,caltech256,50,0,linprobe,121,0.619048
resnet50_caltech256_f50_s0_linprobe,resnet50,caltech256,50,0,linprobe,122,1.0
resnet50_caltech256_f50_s0_linprobe,resnet50,caltech256,50,0,linprobe,123,1.0
resnet50_caltech256_f50_s0_linprobe,resnet50,caltech256,50,0,linprobe,124,0.65
resnet50_caltech256_f50_s0_linprobe,resnet50,caltech256,50,0,linprobe,125,0.666667
resnet50_caltech256_f50_s0_linprobe,resnet50,caltech256,50,0,linprobe,126,0.923077
resnet50_caltech256_f50_s0_linprobe,resnet50,caltech256,50,0,linprobe,127,0.761905
resnet50_caltech256_f50_s0_linprobe,resnet50,caltech256,50,0,linprobe,128,1.0
resnet50_caltech256_f50_s0_linprobe,resnet50,caltech256,50,0,linprobe,129,0.944444
resnet50_caltech256_f50_s0_linprobe,resnet50,caltech256,50,0,linprobe,130,1.0
resnet50_caltech256_f50_s0_linprobe,resnet50,caltech256,50,0,linprobe,131,0.894737
resnet50_caltech256_f50_s0_linprobe,resnet50,caltech256,50,0,linprobe,132,0.851852
resnet50_caltech256_f50_s0_linprobe,resnet50,caltech256,50,0,linprobe,133,0.916667
resnet50_caltech256_f50_s0_linprobe,resnet50,caltech256,50,0,linprobe,134,0.789474
resnet50_caltech256_f50_s0_linprobe,resnet50,caltech256,50,0,linprobe,135,0.842105
resnet50_caltech256_f50_s0_linprobe,resnet50,caltech256,50,0,linprobe,136,0.935484
resnet50_caltech256_f50_s0_linprobe,resnet50,caltech256,50,0,linprobe,137,0.947368
resnet50_caltech256_f50_s0_linprobe,resnet50,caltech256,50,0,linprobe,138,0.941176
resnet50_caltech256_f50_s0_linprobe,resnet50,caltech256,50,0,linprobe,139,0.833333
resnet50_caltech256_f50_s0_linprobe,resnet50,caltech256,50,0,linprobe,140,1.0
resnet50_caltech256_f50_s0_linprobe,resnet50,caltech256,50,0,linprobe,141,0.857143
resnet50_caltech256_f50_s0_linprobe,resnet50,caltech256,50,0,linprobe,142,1.0
resnet50_caltech256_f50_s0_linprobe,resnet50,caltech256,50,0,linprobe,143,0.5625
resnet50_caltech256_f50_s0_linprobe,resnet50,caltech256,50,0,linprobe,144,1.0
resnet50_caltech256_f50_s0_linprobe,resnet50,caltech256,50,0,linprobe,145,0.75
resnet50_caltech256_f50_s0_linprobe,resnet50,caltech256,50,0,linprobe,146,0.925
resnet50_caltech256_f50_s0_linprobe,resnet50,caltech256,50,0,linprobe,147,0.8
resnet50_caltech256_f50_s0_linprobe,resnet50,caltech256,50,0,linprobe,148,0.904762
resnet50_caltech256_f50_s0_linprobe,resnet50,caltech256,50,0,linprobe,149,0.954545
resnet50_caltech256_f50_s0_linprobe,resnet50,caltech256,50,0,linprobe,150,0.909091
resnet50_caltech256_f50_s0_linprobe,resnet50,caltech256,50,0,linprobe,151,1.0
resnet50_caltech256_f50_s0_linprobe,resnet50,caltech256,50,0,linprobe,152,0.842105
resnet50_caltech256_f50_s0_linprobe,resnet50,caltech256,50,0,linprobe,153,0.809524
resnet50_caltech256_f50_s0_linprobe,resnet50,caltech256,50,0,linprobe,154,0.5
resnet50_caltech256_f50_s0_linprobe,resnet50,caltech256,50,0,linprobe,155,0.736842
resnet50_caltech256_f50_s0_linprobe,resnet50,caltech256,50,0,linprobe,156,0.904762
resnet50_caltech256_f50_s0_linprobe,resnet50,caltech256,50,0,linprobe,157,0.9
resnet50_caltech256_f50_s0_linprobe,resnet50,caltech256,50,0,linprobe,158,0.595238
resnet50_caltech256_f50_s0_linprobe,resnet50,caltech256,50,0,linprobe,159,0.705882
resnet50_caltech256_f50_s0_linprobe,resnet50,caltech256,50,0,linprobe,160,0.904762
resnet50_caltech256_f50_s0_linprobe,resnet50,caltech256,50,0,linprobe,161,0.611111
resnet50_caltech256_f50_s0_linprobe,resnet50,caltech256,50,0,linprobe,162,0.388889
resnet50_caltech256_f50_s0_linprobe,resnet50,caltech256,50,0,linprobe,163,0.95
resnet50_caltech256_f50_s0_linprobe,resnet50,caltech256,50,0,linprobe,164,0.777778
resnet50_caltech256_f50_s0_linprobe,resnet50,caltech256,50,0,linprobe,165,0.888889
resnet50_caltech256_f50_s0_linprobe,resnet50,caltech256,50,0,linprobe,166,0.764706
resnet50_caltech256_f50_s0_linprobe,resnet50,caltech256,50,0,linprobe,167,0.964286
resnet50_caltech256_f50_s0_linprobe,resnet50,caltech256,50,0,linprobe,168,0.944444
resnet50_caltech256_f50_s0_linprobe,resnet50,caltech256,50,0,linprobe,169,0.9
resnet50_caltech256_f50_s0_linprobe,resnet50,caltech256,50,0,linprobe,170,0.705882
resnet50_caltech256_f50_s0_linprobe,resnet50,caltech256,50,0,linprobe,171,0.95
resnet50_caltech256_f50_s0_linprobe,resnet50,caltech256,50,0,linprobe,172,0.47619
resnet50_caltech256_f50_s0_linprobe,resnet50,caltech256,50,0,linprobe,173,0.941176
resnet50_caltech256_f50_s0_linprobe,resnet50,caltech256,50,0,linprobe,174,0.882353
resnet50_caltech256_f50_s0_linprobe,resnet50,caltech256,50,0,linprobe,175,0.909091
resnet50_caltech256_f50_s0_linprobe,resnet50,caltech256,50,0,linprobe,176,1.0
resnet50_caltech256_f50_s0_linprobe,resnet50,caltech256,50,0,linprobe,177,0.9
resnet50_caltech256_f50_s0_linprobe,resnet50,caltech256,50,0,linprobe,178,0.875
resnet50_caltech256_f50_s0_linprobe,resnet50,caltech256,50,0,linprobe,179,0.45
resnet50_caltech256_f50_s0_linprobe,resnet50,caltech256,50,0,linprobe,180,0.85
resnet50_caltech256_f50_s0_linprobe,resnet50,caltech256,50,0,linprobe,181,1.0
resnet50_caltech256_f50_s0_linprobe,resnet50,caltech256,50,0,linprobe,182,0.95
resnet50_caltech256_f50_s0_linprobe,resnet50,caltech256,50,0,linprobe,183,1.0
resnet50_caltech256_f50_s0_linprobe,resnet50,caltech256,50,0,linprobe,184,0.619048
resnet50_caltech256_f50_s0_linprobe,resnet50,caltech256,50,0,linprobe,185,1.0
resnet50_caltech256_f50_s0_linprobe,resnet50,caltech256,50,0,linprobe,186,0.947368
resnet50_caltech256_f50_s0_linprobe,resnet50,caltech256,50,0,linprobe,187,0.722222
resnet50_caltech256_f50_s0_linprobe,resnet50,caltech256,50,0,linprobe,188,0.833333
resnet50_caltech256_f50_s0_linprobe,resnet50,caltech256,50,0,linprobe,189,0.863636
resnet50_caltech256_f50_s0_linprobe,resnet50,caltech256,50,0,linprobe,190,0.5
resnet50_caltech256_f50_s0_linprobe,resnet50,caltech256,50,0,linprobe,191,0.954545
resnet50_caltech256_f50_s0_linprobe,resnet50,caltech256,50,0,linprobe,192,0.742857
resnet50_caltech256_f50_s0_linprobe,resnet50,caltech256,50,0,linprobe,193,1.0
resnet50_caltech256_f50_s0_linprobe,resnet50,caltech256,50,0,linprobe,194,0.411765
resnet50_caltech256_f50_s0_linprobe,resnet50,caltech256,50,0,linprobe,195,0.857143
resnet50_caltech256_f50_s0_linprobe,resnet50,caltech256,50,0,linprobe,196,0.85
resnet50_caltech256_f50_s0_linprobe,resnet50,caltech256,50,0,linprobe,197,0.863636
resnet50_caltech256_f50_s0_linprobe,resnet50,caltech256,50,0,linprobe,198,0.619048
resnet50_caltech256_f50_s0_linprobe,resnet50,caltech256,50,0,linprobe,199,0.65
resnet50_caltech256_f50_s0_linprobe,resnet50,caltech256,50,0,linprobe,200,1.0
resnet50_caltech256_f50_s0_linprobe,resnet50,caltech256,50,0,linprobe,201,0.684211
resnet50_caltech256_f50_s0_linprobe,resnet50,caltech256,50,0,linprobe,202,0.722222
resnet50_caltech256_f50_s0_linprobe,resnet50,caltech256,50,0,linprobe,203,1.0
resnet50_caltech256_f50_s0_linprobe,resnet50,caltech256,50,0,linprobe,204,0.764706
resnet50_caltech256_f50_s0_linprobe,resnet50,caltech256,50,0,linprobe,205,0.55
resnet50_caltech256_f50_s0_linprobe,resnet50,caltech256,50,0,linprobe,206,1.0
resnet50_caltech256_f50_s0_linprobe,resnet50,caltech256,50,0,linprobe,207,0.954545
resnet50_caltech256_f50_s0_linprobe,resnet50,caltech256,50,0,linprobe,208,0.65
resnet50_caltech256_f50_s0_linprobe,resnet50,caltech256,50,0,linprobe,209,0.863636
resnet50_caltech256_f50_s0_linprobe,resnet50,caltech256,50,0,linprobe,210,0.684211
resnet50_caltech256_f50_s0_linprobe,resnet50,caltech256,50,0,linprobe,211,0.962963
resnet50_caltech256_f50_s0_linprobe,resnet50,caltech256,50,0,linprobe,212,0.95
resnet50_caltech256_f50_s0_linprobe,resnet50,caltech256,50,0,linprobe,213,0.892857
resnet50_caltech256_f50_s0_linprobe,resnet50,caltech256,50,0,linprobe,214,0.882353
resnet50_caltech256_f50_s0_linprobe,resnet50,caltech256,50,0,linprobe,215,0.9
resnet50_caltech256_f50_s0_linprobe,resnet50,caltech256,50,0,linprobe,216,0.952381
resnet50_caltech256_f50_s0_linprobe,resnet50,caltech256,50,0,linprobe,217,0.9375
resnet50_caltech256_f50_s0_linprobe,resnet50,caltech256,50,0,linprobe,218,0.705882
resnet50_caltech256_f50_s0_linprobe,resnet50,caltech256,50,0,linprobe,219,0.842105
resnet50_caltech256_f50_s0_linprobe,resnet50,caltech256,50,0,linprobe,220,0.809524
resnet50_caltech256_f50_s0_linprobe,resnet50,caltech256,50,0,linprobe,221,0.888889
resnet50_caltech256_f50_s0_linprobe,resnet50,caltech256,50,0,linprobe,222,0.6875
resnet50_caltech256_f50_s0_linprobe,resnet50,caltech256,50,0,linprobe,223,0.727273
resnet50_caltech256_f50_s0_linprobe,resnet50,caltech256,50,0,linprobe,224,1.0
resnet50_caltech256_f50_s0_linprobe,resnet50,caltech256,50,0,linprobe,225,0.85
resnet50_caltech256_f50_s0_linprobe,resnet50,caltech256,50,0,linprobe,226,0.931034
resnet50_caltech256_f50_s0_linprobe,resnet50,caltech256,50,0,linprobe,227,0.894737
resnet50_caltech256_f50_s0_linprobe,resnet50,caltech256,50,0,linprobe,228,0.789474
resnet50_caltech256_f50_s0_linprobe,resnet50,caltech256,50,0,linprobe,229,0.947368
resnet50_caltech256_f50_s0_linprobe,resnet50,caltech256,50,0,linprobe,230,0.818182
resnet50_caltech256_f50_s0_linprobe,resnet50,caltech256,50,0,linprobe,231,0.930556
resnet50_caltech256_f50_s0_linprobe,resnet50,caltech256,50,0,linprobe,232,0.65
resnet50_caltech256_f50_s0_linprobe,resnet50,caltech256,50,0,linprobe,233,0.875
resnet50_caltech256_f50_s0_linprobe,resnet50,caltech256,50,0,linprobe,234,0.913043
resnet50_caltech256_f50_s0_linprobe,resnet50,caltech256,50,0,linprobe,235,0.842105
resnet50_caltech256_f50_s0_linprobe,resnet50,caltech256,50,0,linprobe,236,0.888889
resnet50_caltech256_f50_s0_linprobe,resnet50,caltech256,50,0,linprobe,237,1.0
resnet50_caltech256_f50_s0_linprobe,resnet50,caltech256,50,0,linprobe,238,0.705882
resnet50_caltech256_f50_s0_linprobe,resnet50,caltech256,50,0,linprobe,239,0.95
resnet50_caltech256_f50_s0_linprobe,resnet50,caltech256,50,0,linprobe,240,0.894737
resnet50_caltech256_f50_s0_linprobe,resnet50,caltech256,50,0,linprobe,241,0.842105
resnet50_caltech256_f50_s0_linprobe,resnet50,caltech256,50,0,linprobe,242,0.888889
resnet50_caltech256_f50_s0_linprobe,resnet50,caltech256,50,0,linprobe,243,0.777778
resnet50_caltech256_f50_s0_linprobe,resnet50,caltech256,50,0,linprobe,244,0.611111
resnet50_caltech256_f50_s0_linprobe,resnet50,caltech256,50,0,linprobe,245,0.8
resnet50_caltech256_f50_s0_linprobe,resnet50,caltech256,50,0,linprobe,246,0.611111
resnet50_caltech256_f50_s0_linprobe,resnet50,caltech256,50,0,linprobe,247,0.882353
resnet50_caltech256_f50_s0_linprobe,resnet50,caltech256,50,0,linprobe,248,0.55
resnet50_caltech256_f50_s0_linprobe,resnet50,caltech256,50,0,linprobe,249,1.0
resnet50_caltech256_f50_s0_linprobe,resnet50,caltech256,50,0,linprobe,250,0.99375
resnet50_caltech256_f50_s0_linprobe,resnet50,caltech256,50,0,linprobe,251,1.0
resnet50_caltech256_f50_s0_linprobe,resnet50,caltech256,50,0,linprobe,252,1.0
resnet50_caltech256_f50_s0_linprobe,resnet50,caltech256,50,0,linprobe,253,0.894737
resnet50_caltech256_f50_s0_linprobe,resnet50,caltech256,50,0,linprobe,254,0.809524
resnet50_caltech256_f50_s0_linprobe,resnet50,caltech256,50,0,linprobe,255,0.909091
resnet50_caltech256_f50_s1_fullft,resnet50,caltech256,50,1,fullft,0,0.85
resnet50_caltech256_f50_s1_fullft,resnet50,caltech256,50,1,fullft,1,0.842105
resnet50_caltech256_f50_s1_fullft,resnet50,caltech256,50,1,fullft,2,0.9
resnet50_caltech256_f50_s1_fullft,resnet50,caltech256,50,1,fullft,3,0.6
resnet50_caltech256_f50_s1_fullft,resnet50,caltech256,50,1,fullft,4,1.0
resnet50_caltech256_f50_s1_fullft,resnet50,caltech256,50,1,fullft,5,0.722222
resnet50_caltech256_f50_s1_fullft,resnet50,caltech256,50,1,fullft,6,0.857143
resnet50_caltech256_f50_s1_fullft,resnet50,caltech256,50,1,fullft,7,0.934783
resnet50_caltech256_f50_s1_fullft,resnet50,caltech256,50,1,fullft,8,0.95
resnet50_caltech256_f50_s1_fullft,resnet50,caltech256,50,1,fullft,9,0.789474
resnet50_caltech256_f50_s1_fullft,resnet50,caltech256,50,1,fullft,10,0.928571
resnet50_caltech256_f50_s1_fullft,resnet50,caltech256,50,1,fullft,11,0.976744
resnet50_caltech256_f50_s1_fullft,resnet50,caltech256,50,1,fullft,12,0.85
resnet50_caltech256_f50_s1_fullft,resnet50,caltech256,50,1,fullft,13,0.882353
resnet50_caltech256_f50_s1_fullft,resnet50,caltech256,50,1,fullft,14,0.958333
resnet50_caltech256_f50_s1_fullft,resnet50,caltech256,50,1,fullft,15,0.888889
resnet50_caltech256_f50_s1_fullft,resnet50,caltech256,50,1,fullft,16,0.571429
resnet50_caltech256_f50_s1_fullft,resnet50,caltech256,50,1,fullft,17,0.65
resnet50_caltech256_f50_s1_fullft,resnet50,caltech256,50,1,fullft,18,0.84
resnet50_caltech256_f50_s1_fullft,resnet50,caltech256,50,1,fullft,19,0.941176
resnet50_caltech256_f50_s1_fullft,resnet50,caltech256,50,1,fullft,20,0.964286
resnet50_caltech256_f50_s1_fullft,resnet50,caltech256,50,1,fullft,21,1.0
resnet50_caltech256_f50_s1_fullft,resnet50,caltech256,50,1,fullft,22,0.954545
resnet50_caltech256_f50_s1_fullft,resnet50,caltech256,50,1,fullft,23,1.0
resnet50_caltech256_f50_s1_fullft,resnet50,caltech256,50,1,fullft,24,0.913043
resnet50_caltech256_f50_s1_fullft,resnet50,caltech256,50,1,fullft,25,0.52381
resnet50_caltech256_f50_s1_fullft,resnet50,caltech256,50,1,fullft,26,0.9
resnet50_caltech256_f50_s1_fullft,resnet50,caltech256,50,1,fullft,27,0.909091
resnet50_caltech256_f50_s1_fullft,resnet50,caltech256,50,1,fullft,28,0.952381
resnet50_caltech256_f50_s1_fullft,resnet50,caltech256,50,1,fullft,29,0.714286
resnet50_caltech256_f50_s1_fullft,resnet50,caltech256,50,1,fullft,30,0.722222
resnet50_caltech256_f50_s1_fullft,resnet50,caltech256,50,1,fullft,31,0.75
resnet50_caltech256_f50_s1_fullft,resnet50,caltech256,50,1,fullft,32,0.9
resnet50_caltech256_f50_s1_fullft,resnet50,caltech256,50,1,fullft,33,0.95
resnet50_caltech256_f50_s1_fullft,resnet50,caltech256,50,1,fullft,34,0.941176
resnet50_caltech256_f50_s1_fullft,resnet50,caltech256,50,1,fullft,35,0.761905
resnet50_caltech256_f50_s1_fullft,resnet50,caltech256,50,1,fullft,36,1.0
resnet50_caltech256_f50_s1_fullft,resnet50,caltech256,50,1,fullft,37,0.909091
resnet50_caltech256_f50_s1_fullft,resnet50,caltech256,50,1,fullft,38,0.647059
resnet50_caltech256_f50_s1_fullft,resnet50,caltech256,50,1,fullft,39,0.92
resnet50_caltech256_f50_s1_fullft,resnet50,caltech256,50,1,fullft,40,0.941176
resnet50_caltech256_f50_s1_fullft,resnet50,caltech256,50,1,fullft,41,0.470588
resnet50_caltech256_f50_s1_fullft,resnet50,caltech256,50,1,fullft,42,0.84
resnet50_caltech256_f50_s1_fullft,resnet50,caltech256,50,1,fullft,43,0.791667
resnet50_caltech256_f50_s1_fullft,resnet50,caltech256,50,1,fullft,44,0.882353
resnet50_caltech256_f50_s1_fullft,resnet50,caltech256,50,1,fullft,45,0.962963
resnet50_caltech256_f50_s1_fullft,resnet50,caltech256,50,1,fullft,46,0.894737
resnet50_caltech256_f50_s1_fullft,resnet50,caltech256,50,1,fullft,47,0.952381
resnet50_caltech256_f50_s1_fullft,resnet50,caltech256,50,1,fullft,48,0.904762
resnet50_caltech256_f50_s1_fullft,resnet50,caltech256,50,1,fullft,49,0.894737
resnet50_caltech256_f50_s1_fullft,resnet50,caltech256,50,1,fullft,50,0.869565
resnet50_caltech256_f50_s1_fullft,resnet50,caltech256,50,1,fullft,51,0.882353
resnet50_caltech256_f50_s1_fullft,resnet50,caltech256,50,1,fullft,52,0.875
resnet50_caltech256_f50_s1_fullft,resnet50,caltech256,50,1,fullft,53,1.0
resnet50_caltech256_f50_s1_fullft,resnet50,caltech256,50,1,fullft,54,0.85
resnet50_caltech256_f50_s1_fullft,resnet50,caltech256,50,1,fullft,55,0.75
resnet50_caltech256_f50_s1_fullft,resnet50,caltech256,50,1,fullft,56,0.714286
resnet50_caltech256_f50_s1_fullft,resnet50,caltech256,50,1,fullft,57,0.736842
resnet50_caltech256_f50_s1_fullft,resnet50,caltech256,50,1,fullft,58,0.470588
resnet50_caltech256_f50_s1_fullft,resnet50,caltech256,50,1,fullft,59,0.764706
resnet50_caltech256_f50_s1_fullft,resnet50,caltech256,50,1,fullft,60,0.85
resnet50_caltech256_f50_s1_fullft,resnet50,caltech256,50,1,fullft,61,0.941176
resnet50_caltech256_f50_s1_fullft,resnet50,caltech256,50,1,fullft,62,0.958333
resnet50_caltech256_f50_s1_fullft,resnet50,caltech256,50,1,fullft,63,0.961538
resnet50_caltech256_f50_s1_fullft,resnet50,caltech256,50,1,fullft,64,0.9
resnet50_caltech256_f50_s1_fullft,resnet50,caltech256,50,1,fullft,65,0.941176
resnet50_caltech256_f50_s1_fullft,resnet50,caltech256,50,1,fullft,66,0.823529
resnet50_caltech256_f50_s1_fullft,resnet50,caltech256,50,1,fullft,67,0.818182
resnet50_caltech256_f50_s1_fullft,resnet50,caltech256,50,1,fullft,68,0.65
resnet50_caltech256_f50_s1_fullft,resnet50,caltech256,50,1,fullft,69,0.529412
resnet50_caltech256_f50_s1_fullft,resnet50,caltech256,50,1,fullft,70,0.95
resnet50_caltech256_f50_s1_fullft,resnet50,caltech256,50,1,fullft,71,0.958333
resnet50_caltech256_f50_s1_fullft,resnet50,caltech256,50,1,fullft,72,0.95
resnet50_caltech256_f50_s1_fullft,resnet50,caltech256,50,1,fullft,73,0.652174
resnet50_caltech256_f50_s1_fullft,resnet50,caltech256,50,1,fullft,74,0.470588
resnet50_caltech256_f50_s1_fullft,resnet50,caltech256,50,1,fullft,75,1.0
resnet50_caltech256_f50_s1_fullft,resnet50,caltech256,50,1,fullft,76,1.0
resnet50_caltech256_f50_s1_fullft,resnet50,caltech256,50,1,fullft,77,0.888889
resnet50_caltech256_f50_s1_fullft,resnet50,caltech256,50,1,fullft,78,0.65
resnet50_caltech256_f50_s1_fullft,resnet50,caltech256,50,1,fullft,79,0.695652
resnet50_caltech256_f50_s1_fullft,resnet50,caltech256,50,1,fullft,80,0.947368
resnet50_caltech256_f50_s1_fullft,resnet50,caltech256,50,1,fullft,81,0.875
resnet50_caltech256_f50_s1_fullft,resnet50,caltech256,50,1,fullft,82,0.684211
resnet50_caltech256_f50_s1_fullft,resnet50,caltech256,50,1,fullft,83,0.882353
resnet50_caltech256_f50_s1_fullft,resnet50,caltech256,50,1,fullft,84,0.863636
resnet50_caltech256_f50_s1_fullft,resnet50,caltech256,50,1,fullft,85,0.9375
resnet50_caltech256_f50_s1_fullft,resnet50,caltech256,50,1,fullft,86,0.947368
resnet50_caltech256_f50_s1_fullft,resnet50,caltech256,50,1,fullft,87,0.95
resnet50_caltech256_f50_s1_fullft,resnet50,caltech256,50,1,fullft,88,0.818182
resnet50_caltech256_f50_s1_fullft,resnet50,caltech256,50,1,fullft,89,0.97619
resnet50_caltech256_f50_s1_fullft,resnet50,caltech256,50,1,fullft,90,0.947368
resnet50_caltech256_f50_s1_fullft,resnet50,caltech256,50,1,fullft,91,0.85
resnet50_caltech256_f50_s1_fullft,resnet50,caltech256,50,1,fullft,92,0.954545
resnet50_caltech256_f50_s1_fullft,resnet50,caltech256,50,1,fullft,93,0.952381
resnet50_caltech256_f50_s1_fullft,resnet50,caltech256,50,1,fullft,94,0.823529
resnet50_caltech256_f50_s1_fullft,resnet50,caltech256,50,1,fullft,95,0.947368
resnet50_caltech256_f50_s1_fullft,resnet50,caltech256,50,1,fullft,96,0.722222
resnet50_caltech256_f50_s1_fullft,resnet50,caltech256,50,1,fullft,97,1.0
resnet50_caltech256_f50_s1_fullft,resnet50,caltech256,50,1,fullft,98,0.875
resnet50_caltech256_f50_s1_fullft,resnet50,caltech256,50,1,fullft,99,1.0
resnet50_caltech256_f50_s1_fullft,resnet50,caltech256,50,1,fullft,100,0.964286
resnet50_caltech256_f50_s1_fullft,resnet50,caltech256,50,1,fullft,101,0.888889
resnet50_caltech256_f50_s1_fullft,resnet50,caltech256,50,1,fullft,102,1.0
resnet50_caltech256_f50_s1_fullft,resnet50,caltech256,50,1,fullft,103,0.894737
resnet50_caltech256_f50_s1_fullft,resnet50,caltech256,50,1,fullft,104,0.87037
resnet50_caltech256_f50_s1_fullft,resnet50,caltech256,50,1,fullft,105,0.764706
resnet50_caltech256_f50_s1_fullft,resnet50,caltech256,50,1,fullft,106,1.0
resnet50_caltech256_f50_s1_fullft,resnet50,caltech256,50,1,fullft,107,0.470588
resnet50_caltech256_f50_s1_fullft,resnet50,caltech256,50,1,fullft,108,1.0
resnet50_caltech256_f50_s1_fullft,resnet50,caltech256,50,1,fullft,109,0.823529
resnet50_caltech256_f50_s1_fullft,resnet50,caltech256,50,1,fullft,110,0.882353
resnet50_caltech256_f50_s1_fullft,resnet50,caltech256,50,1,fullft,111,0.882353
resnet50_caltech256_f50_s1_fullft,resnet50,caltech256,50,1,fullft,112,0.913043
resnet50_caltech256_f50_s1_fullft,resnet50,caltech256,50,1,fullft,113,0.958333
resnet50_caltech256_f50_s1_fullft,resnet50,caltech256,50,1,fullft,114,0.944444
resnet50_caltech256_f50_s1_fullft,resnet50,caltech256,50,1,fullft,115,1.0
resnet50_caltech256_f50_s1_fullft,resnet50,caltech256,50,1,fullft,116,0.916667
resnet50_caltech256_f50_s1_fullft,resnet50,caltech256,50,1,fullft,117,0.954545
resnet50_caltech256_f50_s1_fullft,resnet50,caltech256,50,1,fullft,118,0.764706
resnet50_caltech256_f50_s1_fullft,resnet50,caltech256,50,1,fullft,119,0.807692
resnet50_caltech256_f50_s1_fullft,resnet50,caltech256,50,1,fullft,120,1.0
resnet50_caltech256_f50_s1_fullft,resnet50,caltech256,50,1,fullft,121,0.761905
resnet50_caltech256_f50_s1_fullft,resnet50,caltech256,50,1,fullft,122,1.0
resnet50_caltech256_f50_s1_fullft,resnet50,caltech256,50,1,fullft,123,1.0
resnet50_caltech256_f50_s1_fullft,resnet50,caltech256,50,1,fullft,124,0.5
resnet50_caltech256_f50_s1_fullft,resnet50,caltech256,50,1,fullft,125,0.6875
resnet50_caltech256_f50_s1_fullft,resnet50,caltech256,50,1,fullft,126,0.961538
resnet50_caltech256_f50_s1_fullft,resnet50,caltech256,50,1,fullft,127,0.714286
resnet50_caltech256_f50_s1_fullft,resnet50,caltech256,50,1,fullft,128,1.0
resnet50_caltech256_f50_s1_fullft,resnet50,caltech256,50,1,fullft,129,1.0
resnet50_caltech256_f50_s1_fullft,resnet50,caltech256,50,1,fullft,130,0.944444
resnet50_caltech256_f50_s1_fullft,resnet50,caltech256,50,1,fullft,131,0.921053
resnet50_caltech256_f50_s1_fullft,resnet50,caltech256,50,1,fullft,132,0.888889
resnet50_caltech256_f50_s1_fullft,resnet50,caltech256,50,1,fullft,133,0.916667
resnet50_caltech256_f50_s1_fullft,resnet50,caltech256,50,1,fullft,134,0.842105
resnet50_caltech256_f50_s1_fullft,resnet50,caltech256,50,1,fullft,135,0.789474
resnet50_caltech256_f50_s1_fullft,resnet50,caltech256,50,1,fullft,136,0.935484
resnet50_caltech256_f50_s1_fullft,resnet50,caltech256,50,1,fullft,137,0.868421
resnet50_caltech256_f50_s1_fullft,resnet50,caltech256,50,1,fullft,138,1.0
resnet50_caltech256_f50_s1_fullft,resnet50,caltech256,50,1,fullft,139,0.888889
resnet50_caltech256_f50_s1_fullft,resnet50,caltech256,50,1,fullft,140,0.913043
resnet50_caltech256_f50_s1_fullft,resnet50,caltech256,50,1,fullft,141,0.952381
resnet50_caltech256_f50_s1_fullft,resnet50,caltech256,50,1,fullft,142,0.923077
resnet50_caltech256_f50_s1_fullft,resnet50,caltech256,50,1,fullft,143,0.625
resnet50_caltech256_f50_s1_fullft,resnet50,caltech256,50,1,fullft,144,1.0
resnet50_caltech256_f50_s1_fullft,resnet50,caltech256,50,1,fullft,145,0.4375
resnet50_caltech256_f50_s1_fullft,resnet50,caltech256,50,1,fullft,146,0.875
resnet50_caltech256_f50_s1_fullft,resnet50,caltech256,50,1,fullft,147,0.771429
resnet50_caltech256_f50_s1_fullft,resnet50,caltech256,50,1,fullft,148,0.904762
resnet50_caltech256_f50_s1_fullft,resnet50,caltech256,50,1,fullft,149,0.863636
resnet50_caltech256_f50_s1_fullft,resnet50,caltech256,50,1,fullft,150,0.909091
resnet50_caltech256_f50_s1_fullft,resnet50,caltech256,50,1,fullft,151,1.0
resnet50_caltech256_f50_s1_fullft,resnet50,caltech256,50,1,fullft,152,0.894737
resnet50_caltech256_f50_s1_fullft,resnet50,caltech256,50,1,fullft,153,0.809524
resnet50_caltech256_f50_s1_fullft,resnet50,caltech256,50,1,fullft,154,0.555556
resnet50_caltech256_f50_s1_fullft,resnet50,caltech256,50,1,fullft,155,0.736842
resnet50_caltech256_f50_s1_fullft,resnet50,caltech256,50,1,fullft,156,0.904762
resnet50_caltech256_f50_s1_fullft,resnet50,caltech256,50,1,fullft,157,0.966667
resnet50_caltech256_f50_s1_fullft,resnet50,caltech256,50,1,fullft,158,0.571429
resnet50_caltech256_f50_s1_fullft,resnet50,caltech256,50,1,fullft,159,0.705882
resnet50_caltech256_f50_s1_fullft,resnet50,caltech256,50,1,fullft,160,0.857143
resnet50_caltech256_f50_s1_fullft,resnet50,caltech256,50,1,fullft,161,0.555556
resnet50_caltech256_f50_s1_fullft,resnet50,caltech256,50,1,fullft,162,0.555556
resnet50_caltech256_f50_s1_fullft,resnet50,caltech256,50,1,fullft,163,0.95
resnet50_caltech256_f50_s1_fullft,resnet50,caltech256,50,1,fullft,164,0.777778
resnet50_caltech256_f50_s1_fullft,resnet50,caltech256,50,1,fullft,165,0.888889
resnet50_caltech256_f50_s1_fullft,resnet50,caltech256,50,1,fullft,166,0.941176
resnet50_caltech256_f50_s1_fullft,resnet50,caltech256,50,1,fullft,167,0.964286
resnet50_caltech256_f50_s1_fullft,resnet50,caltech256,50,1,fullft,168,0.944444
resnet50_caltech256_f50_s1_fullft,resnet50,caltech256,50,1,fullft,169,0.9
resnet50_caltech256_f50_s1_fullft,resnet50,caltech256,50,1,fullft,170,0.588235
resnet50_caltech256_f50_s1_fullft,resnet50,caltech256,50,1,fullft,171,0.85
resnet50_caltech256_f50_s1_fullft,resnet50,caltech256,50,1,fullft,172,0.619048
resnet50_caltech256_f50_s1_fullft,resnet50,caltech256,50,1,fullft,173,1.0
resnet50_caltech256_f50_s1_fullft,resnet50,caltech256,50,1,fullft,174,0.882353
resnet50_caltech256_f50_s1_fullft,resnet50,caltech256,50,1,fullft,175,1.0
resnet50_caltech256_f50_s1_fullft,resnet50,caltech256,50,1,fullft,176,0.947368
resnet50_caltech256_f50_s1_fullft,resnet50,caltech256,50,1,fullft,177,0.95
resnet50_caltech256_f50_s1_fullft,resnet50,caltech256,50,1,fullft,178,0.9375
resnet50_caltech256_f50_s1_fullft,resnet50,caltech256,50,1,fullft,179,0.6
resnet50_caltech256_f50_s1_fullft,resnet50,caltech256,50,1,fullft,180,0.9
resnet50_caltech256_f50_s1_fullft,resnet50,caltech256,50,1,fullft,181,0.958333
resnet50_caltech256_f50_s1_fullft,resnet50,caltech256,50,1,fullft,182,0.95
resnet50_caltech256_f50_s1_fullft,resnet50,caltech256,50,1,fullft,183,1.0
resnet50_caltech256_f50_s1_fullft,resnet50,caltech256,50,1,fullft,184,0.428571
resnet50_caltech256_f50_s1_fullft,resnet50,caltech256,50,1,fullft,185,1.0
resnet50_caltech256_f50_s1_fullft,resnet50,caltech256,50,1,fullft,186,1.0
resnet50_caltech256_f50_s1_fullft,resnet50,caltech256,50,1,fullft,187,0.833333
resnet50_caltech256_f50_s1_fullft,resnet50,caltech256,50,1,fullft,188,0.875
resnet50_caltech256_f50_s1_fullft,resnet50,caltech256,50,1,fullft,189,0.909091
resnet50_caltech256_f50_s1_fullft,resnet50,caltech256,50,1,fullft,190,0.454545
resnet50_caltech256_f50_s1_fullft,resnet50,caltech256,50,1,fullft,191,0.909091
resnet50_caltech256_f50_s1_fullft,resnet50,caltech256,50,1,fullft,192,0.828571
resnet50_caltech256_f50_s1_fullft,resnet50,caltech256,50,1,fullft,193,0.863636
resnet50_caltech256_f50_s1_fullft,resnet50,caltech256,50,1,fullft,194,0.470588
resnet50_caltech256_f50_s1_fullft,resnet50,caltech256,50,1,fullft,195,0.857143
resnet50_caltech256_f50_s1_fullft,resnet50,caltech256,50,1,fullft,196,0.7
resnet50_caltech256_f50_s1_fullft,resnet50,caltech256,50,1,fullft,197,0.863636
resnet50_caltech256_f50_s1_fullft,resnet50,caltech256,50,1,fullft,198,0.619048
resnet50_caltech256_f50_s1_fullft,resnet50,caltech256,50,1,fullft,199,0.9
resnet50_caltech256_f50_s1_fullft,resnet50,caltech256,50,1,fullft,200,1.0
resnet50_caltech256_f50_s1_fullft,resnet50,caltech256,50,1,fullft,201,0.736842
resnet50_caltech256_f50_s1_fullft,resnet50,caltech256,50,1,fullft,202,0.888889
resnet50_caltech256_f50_s1_fullft,resnet50,caltech256,50,1,fullft,203,1.0
resnet50_caltech256_f50_s1_fullft,resnet50,caltech256,50,1,fullft,204,0.764706
resnet50_caltech256_f50_s1_fullft,resnet50,caltech256,50,1,fullft,205,0.75
resnet50_caltech256_f50_s1_fullft,resnet50,caltech256,50,1,fullft,206,0.956522
resnet50_caltech256_f50_s1_fullft,resnet50,caltech256,50,1,fullft,207,0.954545
resnet50_caltech256_f50_s1_fullft,resnet50,caltech256,50,1,fullft,208,0.45
resnet50_caltech256_f50_s1_fullft,resnet50,caltech256,50,1,fullft,209,0.818182
resnet50_caltech256_f50_s1_fullft,resnet50,caltech256,50,1,fullft,210,0.789474
resnet50_caltech256_f50_s1_fullft,resnet50,caltech256,50,1,fullft,211,0.962963
resnet50_caltech256_f50_s1_fullft,resnet50,caltech256,50,1,fullft,212,0.9
resnet50_caltech256_f50_s1_fullft,resnet50,caltech256,50,1,fullft,213,0.821429
resnet50_caltech256_f50_s1_fullft,resnet50,caltech256,50,1,fullft,214,0.823529
resnet50_caltech256_f50_s1_fullft,resnet50,caltech256,50,1,fullft,215,1.0
resnet50_caltech256_f50_s1_fullft,resnet50,caltech256,50,1,fullft,216,0.857143
resnet50_caltech256_f50_s1_fullft,resnet50,caltech256,50,1,fullft,217,1.0
resnet50_caltech256_f50_s1_fullft,resnet50,caltech256,50,1,fullft,218,0.823529
resnet50_caltech256_f50_s1_fullft,resnet50,caltech256,50,1,fullft,219,0.842105
resnet50_caltech256_f50_s1_fullft,resnet50,caltech256,50,1,fullft,220,0.952381
resnet50_caltech256_f50_s1_fullft,resnet50,caltech256,50,1,fullft,221,0.777778
resnet50_caltech256_f50_s1_fullft,resnet50,caltech256,50,1,fullft,222,0.5625
resnet50_caltech256_f50_s1_fullft,resnet50,caltech256,50,1,fullft,223,0.863636
resnet50_caltech256_f50_s1_fullft,resnet50,caltech256,50,1,fullft,224,0.944444
resnet50_caltech256_f50_s1_fullft,resnet50,caltech256,50,1,fullft,225,0.8
resnet50_caltech256_f50_s1_fullft,resnet50,caltech256,50,1,fullft,226,0.965517
resnet50_caltech256_f50_s1_fullft,resnet50,caltech256,50,1,fullft,227,0.947368
resnet50_caltech256_f50_s1_fullft,resnet50,caltech256,50,1,fullft,228,0.842105
resnet50_caltech256_f50_s1_fullft,resnet50,caltech256,50,1,fullft,229,0.947368
resnet50_caltech256_f50_s1_fullft,resnet50,caltech256,50,1,fullft,230,0.863636
resnet50_caltech256_f50_s1_fullft,resnet50,caltech256,50,1,fullft,231,0.972222
resnet50_caltech256_f50_s1_fullft,resnet50,caltech256,50,1,fullft,232,0.8
resnet50_caltech256_f50_s1_fullft,resnet50,caltech256,50,1,fullft,233,0.875
resnet50_caltech256_f50_s1_fullft,resnet50,caltech256,50,1,fullft,234,0.913043
resnet50_caltech256_f50_s1_fullft,resnet50,caltech256,50,1,fullft,235,0.789474
resnet50_caltech256_f50_s1_fullft,resnet50,caltech256,50,1,fullft,236,0.888889
resnet50_caltech256_f50_s1_fullft,resnet50,caltech256,50,1,fullft,237,1.0
resnet50_caltech256_f50_s1_fullft,resnet50,caltech256,50,1,fullft,238,0.823529
resnet50_caltech256_f50_s1_fullft,resnet50,caltech256,50,1,fullft,239,0.975
resnet50_caltech256_f50_s1_fullft,resnet50,caltech256,50,1,fullft,240,0.894737
resnet50_caltech256_f50_s1_fullft,resnet50,caltech256,50,1,fullft,241,0.947368
resnet50_caltech256_f50_s1_fullft,resnet50,caltech256,50,1,fullft,242,0.611111
resnet50_caltech256_f50_s1_fullft,resnet50,caltech256,50,1,fullft,243,0.777778
resnet50_caltech256_f50_s1_fullft,resnet50,caltech256,50,1,fullft,244,0.777778
resnet50_caltech256_f50_s1_fullft,resnet50,caltech256,50,1,fullft,245,0.9
resnet50_caltech256_f50_s1_fullft,resnet50,caltech256,50,1,fullft,246,0.833333
resnet50_caltech256_f50_s1_fullft,resnet50,caltech256,50,1,fullft,247,0.882353
resnet50_caltech256_f50_s1_fullft,resnet50,caltech256,50,1,fullft,248,0.65
resnet50_caltech256_f50_s1_fullft,resnet50,caltech256,50,1,fullft,249,1.0
resnet50_caltech256_f50_s1_fullft,resnet50,caltech256,50,1,fullft,250,0.99375
resnet50_caltech256_f50_s1_fullft,resnet50,caltech256,50,1,fullft,251,1.0
resnet50_caltech256_f50_s1_fullft,resnet50,caltech256,50,1,fullft,252,0.988506
resnet50_caltech256_f50_s1_fullft,resnet50,caltech256,50,1,fullft,253,0.842105
resnet50_caltech256_f50_s1_fullft,resnet50,caltech256,50,1,fullft,254,0.809524
resnet50_caltech256_f50_s1_fullft,resnet50,caltech256,50,1,fullft,255,0.909091
resnet50_caltech256_f50_s1_linprobe,resnet50,caltech256,50,1,linprobe,0,0.9
resnet50_caltech256_f50_s1_linprobe,resnet50,caltech256,50,1,linprobe,1,0.789474
resnet50_caltech256_f50_s1_linprobe,resnet50,caltech256,50,1,linprobe,2,0.9
resnet50_caltech256_f50_s1_linprobe,resnet50,caltech256,50,1,linprobe,3,0.56
resnet50_caltech256_f50_s1_linprobe,resnet50,caltech256,50,1,linprobe,4,0.966667
resnet50_caltech256_f50_s1_linprobe,resnet50,caltech256,50,1,linprobe,5,0.777778
resnet50_caltech256_f50_s1_linprobe,resnet50,caltech256,50,1,linprobe,6,0.809524
resnet50_caltech256_f50_s1_linprobe,resnet50,caltech256,50,1,linprobe,7,0.934783
resnet50_caltech256_f50_s1_linprobe,resnet50,caltech256,50,1,linprobe,8,1.0
resnet50_caltech256_f50_s1_linprobe,resnet50,caltech256,50,1,linprobe,9,0.789474
resnet50_caltech256_f50_s1_linprobe,resnet50,caltech256,50,1,linprobe,10,0.928571
resnet50_caltech256_f50_s1_linprobe,resnet50,caltech256,50,1,linprobe,11,0.953488
resnet50_caltech256_f50_s1_linprobe,resnet50,caltech256,50,1,linprobe,12,0.7
resnet50_caltech256_f50_s1_linprobe,resnet50,caltech256,50,1,linprobe,13,0.882353
resnet50_caltech256_f50_s1_linprobe,resnet50,caltech256,50,1,linprobe,14,0.958333
resnet50_caltech256_f50_s1_linprobe,resnet50,caltech256,50,1,linprobe,15,0.944444
resnet50_caltech256_f50_s1_linprobe,resnet50,caltech256,50,1,linprobe,16,0.47619
resnet50_caltech256_f50_s1_linprobe,resnet50,caltech256,50,1,linprobe,17,0.65
resnet50_caltech256_f50_s1_linprobe,resnet50,caltech256,50,1,linprobe,18,0.88
resnet50_caltech256_f50_s1_linprobe,resnet50,caltech256,50,1,linprobe,19,1.0
resnet50_caltech256_f50_s1_linprobe,resnet50,caltech256,50,1,linprobe,20,0.928571
resnet50_caltech256_f50_s1_linprobe,resnet50,caltech256,50,1,linprobe,21,0.947368
resnet50_caltech256_f50_s1_linprobe,resnet50,caltech256,50,1,linprobe,22,0.909091
resnet50_caltech256_f50_s1_linprobe,resnet50,caltech256,50,1,linprobe,23,1.0
resnet50_caltech256_f50_s1_linprobe,resnet50,caltech256,50,1,linprobe,24,0.826087
resnet50_caltech256_f50_s1_linprobe,resnet50,caltech256,50,1,linprobe,25,0.571429
resnet50_caltech256_f50_s1_linprobe,resnet50,caltech256,50,1,linprobe,26,0.85
resnet50_caltech256_f50_s1_linprobe,resnet50,caltech256,50,1,linprobe,27,0.909091
resnet50_caltech256_f50_s1_linprobe,resnet50,caltech256,50,1,linprobe,28,1.0
resnet50_caltech256_f50_s1_linprobe,resnet50,caltech256,50,1,linprobe,29,0.666667
resnet50_caltech256_f50_s1_linprobe,resnet50,caltech256,50,1,linprobe,30,0.722222
resnet50_caltech256_f50_s1_linprobe,resnet50,caltech256,50,1,linprobe,31,0.7
resnet50_caltech256_f50_s1_linprobe,resnet50,caltech256,50,1,linprobe,32,0.9
resnet50_caltech256_f50_s1_linprobe,resnet50,caltech256,50,1,linprobe,33,0.9
resnet50_caltech256_f50_s1_linprobe,resnet50,caltech256,50,1,linprobe,34,0.941176
resnet50_caltech256_f50_s1_linprobe,resnet50,caltech256,50,1,linprobe,35,0.857143
resnet50_caltech256_f50_s1_linprobe,resnet50,caltech256,50,1,linprobe,36,1.0
resnet50_caltech256_f50_s1_linprobe,resnet50,caltech256,50,1,linprobe,37,0.863636
resnet50_caltech256_f50_s1_linprobe,resnet50,caltech256,50,1,linprobe,38,0.529412
resnet50_caltech256_f50_s1_linprobe,resnet50,caltech256,50,1,linprobe,39,0.92
resnet50_caltech256_f50_s1_linprobe,resnet50,caltech256,50,1,linprobe,40,0.941176
resnet50_caltech256_f50_s1_linprobe,resnet50,caltech256,50,1,linprobe,41,0.588235
resnet50_caltech256_f50_s1_linprobe,resnet50,caltech256,50,1,linprobe,42,0.76
resnet50_caltech256_f50_s1_linprobe,resnet50,caltech256,50,1,linprobe,43,0.75
resnet50_caltech256_f50_s1_linprobe,resnet50,caltech256,50,1,linprobe,44,0.882353
resnet50_caltech256_f50_s1_linprobe,resnet50,caltech256,50,1,linprobe,45,1.0
resnet50_caltech256_f50_s1_linprobe,resnet50,caltech256,50,1,linprobe,46,0.842105
resnet50_caltech256_f50_s1_linprobe,resnet50,caltech256,50,1,linprobe,47,1.0
resnet50_caltech256_f50_s1_linprobe,resnet50,caltech256,50,1,linprobe,48,0.904762
resnet50_caltech256_f50_s1_linprobe,resnet50,caltech256,50,1,linprobe,49,0.789474
resnet50_caltech256_f50_s1_linprobe,resnet50,caltech256,50,1,linprobe,50,0.826087
resnet50_caltech256_f50_s1_linprobe,resnet50,caltech256,50,1,linprobe,51,0.823529
resnet50_caltech256_f50_s1_linprobe,resnet50,caltech256,50,1,linprobe,52,0.9375
resnet50_caltech256_f50_s1_linprobe,resnet50,caltech256,50,1,linprobe,53,0.958333
resnet50_caltech256_f50_s1_linprobe,resnet50,caltech256,50,1,linprobe,54,0.7
resnet50_caltech256_f50_s1_linprobe,resnet50,caltech256,50,1,linprobe,55,0.75
resnet50_caltech256_f50_s1_linprobe,resnet50,caltech256,50,1,linprobe,56,0.809524
resnet50_caltech256_f50_s1_linprobe,resnet50,caltech256,50,1,linprobe,57,0.842105
resnet50_caltech256_f50_s1_linprobe,resnet50,caltech256,50,1,linprobe,58,0.588235
resnet50_caltech256_f50_s1_linprobe,resnet50,caltech256,50,1,linprobe,59,0.647059
resnet50_caltech256_f50_s1_linprobe,resnet50,caltech256,50,1,linprobe,60,0.8
resnet50_caltech256_f50_s1_linprobe,resnet50,caltech256,50,1,linprobe,61,0.823529
resnet50_caltech256_f50_s1_linprobe,resnet50,caltech256,50,1,linprobe,62,0.791667
resnet50_caltech256_f50_s1_linprobe,resnet50,caltech256,50,1,linprobe,63,0.961538
resnet50_caltech256_f50_s1_linprobe,resnet50,caltech256,50,1,linprobe,64,0.9
resnet50_caltech256_f50_s1_linprobe,resnet50,caltech256,50,1,linprobe,65,0.882353
resnet50_caltech256_f50_s1_linprobe,resnet50,caltech256,50,1,linprobe,66,0.941176
resnet50_caltech256_f50_s1_linprobe,resnet50,caltech256,50,1,linprobe,67,0.863636
resnet50_caltech256_f50_s1_linprobe,resnet50,caltech256,50,1,linprobe,68,0.6
resnet50_caltech256_f50_s1_linprobe,resnet50,caltech256,50,1,linprobe,69,0.470588
resnet50_caltech256_f50_s1_linprobe,resnet50,caltech256,50,1,linprobe,70,0.9
resnet50_caltech256_f50_s1_linprobe,resnet50,caltech256,50,1,linprobe,71,1.0
resnet50_caltech256_f50_s1_linprobe,resnet50,caltech256,50,1,linprobe,72,0.95
resnet50_caltech256_f50_s1_linprobe,resnet50,caltech256,50,1,linprobe,73,0.521739
resnet50_caltech256_f50_s1_linprobe,resnet50,caltech256,50,1,linprobe,74,0.647059
resnet50_caltech256_f50_s1_linprobe,resnet50,caltech256,50,1,linprobe,75,0.941176
resnet50_caltech256_f50_s1_linprobe,resnet50,caltech256,50,1,linprobe,76,1.0
resnet50_caltech256_f50_s1_linprobe,resnet50,caltech256,50,1,linprobe,77,0.888889
resnet50_caltech256_f50_s1_linprobe,resnet50,caltech256,50,1,linprobe,78,0.55
resnet50_caltech256_f50_s1_linprobe,resnet50,caltech256,50,1,linprobe,79,0.652174
resnet50_caltech256_f50_s1_linprobe,resnet50,caltech256,50,1,linprobe,80,1.0
resnet50_caltech256_f50_s1_linprobe,resnet50,caltech256,50,1,linprobe,81,0.9375
resnet50_caltech256_f50_s1_linprobe,resnet50,caltech256,50,1,linprobe,82,0.842105
resnet50_caltech256_f50_s1_linprobe,resnet50,caltech256,50,1,linprobe,83,0.941176
resnet50_caltech256_f50_s1_linprobe,resnet50,caltech256,50,1,linprobe,84,0.818182
resnet50_caltech256_f50_s1_linprobe,resnet50,caltech256,50,1,linprobe,85,1.0
resnet50_caltech256_f50_s1_linprobe,resnet50,caltech256,50,1,linprobe,86,0.894737
resnet50_caltech256_f50_s1_linprobe,resnet50,caltech256,50,1,linprobe,87,0.95
resnet50_caltech256_f50_s1_linprobe,resnet50,caltech256,50,1,linprobe,88,0.818182
resnet50_caltech256_f50_s1_linprobe,resnet50,caltech256,50,1,linprobe,89,0.97619
resnet50_caltech256_f50_s1_linprobe,resnet50,caltech256,50,1,linprobe,90,0.947368
resnet50_caltech256_f50_s1_linprobe,resnet50,caltech256,50,1,linprobe,91,0.825
resnet50_caltech256_f50_s1_linprobe,resnet50,caltech256,50,1,linprobe,92,1.0
resnet50_caltech256_f50_s1_linprobe,resnet50,caltech256,50,1,linprobe,93,0.952381
resnet50_caltech256_f50_s1_linprobe,resnet50,caltech256,50,1,linprobe,94,0.764706
resnet50_caltech256_f50_s1_linprobe,resnet50,caltech256,50,1,linprobe,95,0.929825
resnet50_caltech256_f50_s1_linprobe,resnet50,caltech256,50,1,linprobe,96,0.666667
resnet50_caltech256_f50_s1_linprobe,resnet50,caltech256,50,1,linprobe,97,0.9
resnet50_caltech256_f50_s1_linprobe,resnet50,caltech256,50,1,linprobe,98,1.0
resnet50_caltech256_f50_s1_linprobe,resnet50,caltech256,50,1,linprobe,99,1.0
resnet50_caltech256_f50_s1_linprobe,resnet50,caltech256,50,1,linprobe,100,0.857143
resnet50_caltech256_f50_s1_linprobe,resnet50,caltech256,50,1,linprobe,101,0.833333
resnet50_caltech256_f50_s1_linprobe,resnet50,caltech256,50,1,linprobe,102,0.954545
resnet50_caltech256_f50_s1_linprobe,resnet50,caltech256,50,1,linprobe,103,0.789474
resnet50_caltech256_f50_s1_linprobe,resnet50,caltech256,50,1,linprobe,104,0.944444
resnet50_caltech256_f50_s1_linprobe,resnet50,caltech256,50,1,linprobe,105,0.647059
resnet50_caltech256_f50_s1_linprobe,resnet50,caltech256,50,1,linprobe,106,1.0
resnet50_caltech256_f50_s1_linprobe,resnet50,caltech256,50,1,linprobe,107,0.470588
resnet50_caltech256_f50_s1_linprobe,resnet50,caltech256,50,1,linprobe,108,0.903226
resnet50_caltech256_f50_s1_linprobe,resnet50,caltech256,50,1,linprobe,109,0.882353
resnet50_caltech256_f50_s1_linprobe,resnet50,caltech256,50,1,linprobe,110,1.0
resnet50_caltech256_f50_s1_linprobe,resnet50,caltech256,50,1,linprobe,111,0.823529
resnet50_caltech256_f50_s1_linprobe,resnet50,caltech256,50,1,linprobe,112,0.913043
resnet50_caltech256_f50_s1_linprobe,resnet50,caltech256,50,1,linprobe,113,0.916667
resnet50_caltech256_f50_s1_linprobe,resnet50,caltech256,50,1,linprobe,114,0.722222
resnet50_caltech256_f50_s1_linprobe,resnet50,caltech256,50,1,linprobe,115,0.952381
resnet50_caltech256_f50_s1_linprobe,resnet50,caltech256,50,1,linprobe,116,0.875
resnet50_caltech256_f50_s1_linprobe,resnet50,caltech256,50,1,linprobe,117,0.909091
resnet50_caltech256_f50_s1_linprobe,resnet50,caltech256,50,1,linprobe,118,0.647059
resnet50_caltech256_f50_s1_linprobe,resnet50,caltech256,50,1,linprobe,119,0.769231
resnet50_caltech256_f50_s1_linprobe,resnet50,caltech256,50,1,linprobe,120,1.0
resnet50_caltech256_f50_s1_linprobe,resnet50,caltech256,50,1,linprobe,121,0.666667
resnet50_caltech256_f50_s1_linprobe,resnet50,caltech256,50,1,linprobe,122,1.0
resnet50_caltech256_f50_s1_linprobe,resnet50,caltech256,50,1,linprobe,123,0.944444
resnet50_caltech256_f50_s1_linprobe,resnet50,caltech256,50,1,linprobe,124,0.6
resnet50_caltech256_f50_s1_linprobe,resnet50,caltech256,50,1,linprobe,125,0.6875
resnet50_caltech256_f50_s1_linprobe,resnet50,caltech256,50,1,linprobe,126,0.884615
resnet50_caltech256_f50_s1_linprobe,resnet50,caltech256,50,1,linprobe,127,0.857143
resnet50_caltech256_f50_s1_linprobe,resnet50,caltech256,50,1,linprobe,128,1.0
resnet50_caltech256_f50_s1_linprobe,resnet50,caltech256,50,1,linprobe,129,1.0
resnet50_caltech256_f50_s1_linprobe,resnet50,caltech256,50,1,linprobe,130,1.0
resnet50_caltech256_f50_s1_linprobe,resnet50,caltech256,50,1,linprobe,131,0.894737
resnet50_caltech256_f50_s1_linprobe,resnet50,caltech256,50,1,linprobe,132,0.777778
resnet50_caltech256_f50_s1_linprobe,resnet50,caltech256,50,1,linprobe,133,0.958333
resnet50_caltech256_f50_s1_linprobe,resnet50,caltech256,50,1,linprobe,134,0.789474
resnet50_caltech256_f50_s1_linprobe,resnet50,caltech256,50,1,linprobe,135,0.842105
resnet50_caltech256_f50_s1_linprobe,resnet50,caltech256,50,1,linprobe,136,0.967742
resnet50_caltech256_f50_s1_linprobe,resnet50,caltech256,50,1,linprobe,137,0.947368
resnet50_caltech256_f50_s1_linprobe,resnet50,caltech256,50,1,linprobe,138,1.0
resnet50_caltech256_f50_s1_linprobe,resnet50,caltech256,50,1,linprobe,139,0.833333
resnet50_caltech256_f50_s1_linprobe,resnet50,caltech256,50,1,linprobe,140,0.956522
resnet50_caltech256_f50_s1_linprobe,resnet50,caltech256,50,1,linprobe,141,0.904762
resnet50_caltech256_f50_s1_linprobe,resnet50,caltech256,50,1,linprobe,142,0.884615
resnet50_caltech256_f50_s1_linprobe,resnet50,caltech256,50,1,linprobe,143,0.5625
resnet50_caltech256_f50_s1_linprobe,resnet50,caltech256,50,1,linprobe,144,1.0
resnet50_caltech256_f50_s1_linprobe,resnet50,caltech256,50,1,linprobe,145,0.625
resnet50_caltech256_f50_s1_linprobe,resnet50,caltech256,50,1,linprobe,146,0.95
resnet50_caltech256_f50_s1_linprobe,resnet50,caltech256,50,1,linprobe,147,0.771429
resnet50_caltech256_f50_s1_linprobe,resnet50,caltech256,50,1,linprobe,148,0.952381
resnet50_caltech256_f50_s1_linprobe,resnet50,caltech256,50,1,linprobe,149,0.909091
resnet50_caltech256_f50_s1_linprobe,resnet50,caltech256,50,1,linprobe,150,0.909091
resnet50_caltech256_f50_s1_linprobe,resnet50,caltech256,50,1,linprobe,151,1.0
resnet50_caltech256_f50_s1_linprobe,resnet50,caltech256,50,1,linprobe,152,0.894737
resnet50_caltech256_f50_s1_linprobe,resnet50,caltech256,50,1,linprobe,153,0.809524
resnet50_caltech256_f50_s1_linprobe,resnet50,caltech256,50,1,linprobe,154,0.5
resnet50_caltech256_f50_s1_linprobe,resnet50,caltech256,50,1,linprobe,155,0.684211
resnet50_caltech256_f50_s1_linprobe,resnet50,caltech256,50,1,linprobe,156,0.904762
resnet50_caltech256_f50_s1_linprobe,resnet50,caltech256,50,1,linprobe,157,0.866667
resnet50_caltech256_f50_s1_linprobe,resnet50,caltech256,50,1,linprobe,158,0.666667
resnet50_caltech256_f50_s1_linprobe,resnet50,caltech256,50,1,linprobe,159,0.705882
resnet50_caltech256_f50_s1_linprobe,resnet50,caltech256,50,1,linprobe,160,0.904762
resnet50_caltech256_f50_s1_linprobe,resnet50,caltech256,50,1,linprobe,161,0.666667
resnet50_caltech256_f50_s1_linprobe,resnet50,caltech256,50,1,linprobe,162,0.444444
resnet50_caltech256_f50_s1_linprobe,resnet50,caltech256,50,1,linprobe,163,0.95
resnet50_caltech256_f50_s1_linprobe,resnet50,caltech256,50,1,linprobe,164,0.722222
resnet50_caltech256_f50_s1_linprobe,resnet50,caltech256,50,1,linprobe,165,0.888889
resnet50_caltech256_f50_s1_linprobe,resnet50,caltech256,50,1,linprobe,166,0.882353
resnet50_caltech256_f50_s1_linprobe,resnet50,caltech256,50,1,linprobe,167,0.964286
resnet50_caltech256_f50_s1_linprobe,resnet50,caltech256,50,1,linprobe,168,1.0
resnet50_caltech256_f50_s1_linprobe,resnet50,caltech256,50,1,linprobe,169,0.9
resnet50_caltech256_f50_s1_linprobe,resnet50,caltech256,50,1,linprobe,170,0.647059
resnet50_caltech256_f50_s1_linprobe,resnet50,caltech256,50,1,linprobe,171,0.95
resnet50_caltech256_f50_s1_linprobe,resnet50,caltech256,50,1,linprobe,172,0.52381
resnet50_caltech256_f50_s1_linprobe,resnet50,caltech256,50,1,linprobe,173,0.941176
resnet50_caltech256_f50_s1_linprobe,resnet50,caltech256,50,1,linprobe,174,0.882353
resnet50_caltech256_f50_s1_linprobe,resnet50,caltech256,50,1,linprobe,175,0.863636
resnet50_caltech256_f50_s1_linprobe,resnet50,caltech256,50,1,linprobe,176,1.0
resnet50_caltech256_f50_s1_linprobe,resnet50,caltech256,50,1,linprobe,177,0.85
resnet50_caltech256_f50_s1_linprobe,resnet50,caltech256,50,1,linprobe,178,0.9375
resnet50_caltech256_f50_s1_linprobe,resnet50,caltech256,50,1,linprobe,179,0.6
resnet50_caltech256_f50_s1_linprobe,resnet50,caltech256,50,1,linprobe,180,0.85
resnet50_caltech256_f50_s1_linprobe,resnet50,caltech256,50,1,linprobe,181,1.0
resnet50_caltech256_f50_s1_linprobe,resnet50,caltech256,50,1,linprobe,182,0.95
resnet50_caltech256_f50_s1_linprobe,resnet50,caltech256,50,1,linprobe,183,1.0
resnet50_caltech256_f50_s1_linprobe,resnet50,caltech256,50,1,linprobe,184,0.571429
resnet50_caltech256_f50_s1_linprobe,resnet50,caltech256,50,1,linprobe,185,1.0
resnet50_caltech256_f50_s1_linprobe,resnet50,caltech256,50,1,linprobe,186,1.0
resnet50_caltech256_f50_s1_linprobe,resnet50,caltech256,50,1,linprobe,187,0.722222
resnet50_caltech256_f50_s1_linprobe,resnet50,caltech256,50,1,linprobe,188,0.791667
resnet50_caltech256_f50_s1_linprobe,resnet50,caltech256,50,1,linprobe,189,0.954545
resnet50_caltech256_f50_s1_linprobe,resnet50,caltech256,50,1,linprobe,190,0.5
resnet50_caltech256_f50_s1_linprobe,resnet50,caltech256,50,1,linprobe,191,0.954545
resnet50_caltech256_f50_s1_linprobe,resnet50,caltech256,50,1,linprobe,192,0.8
resnet50_caltech256_f50_s1_linprobe,resnet50,caltech256,50,1,linprobe,193,0.909091
resnet50_caltech256_f50_s1_linprobe,resnet50,caltech256,50,1,linprobe,194,0.529412
resnet50_caltech256_f50_s1_linprobe,resnet50,caltech256,50,1,linprobe,195,0.809524
resnet50_caltech256_f50_s1_linprobe,resnet50,caltech256,50,1,linprobe,196,0.7
resnet50_caltech256_f50_s1_linprobe,resnet50,caltech256,50,1,linprobe,197,0.818182
resnet50_caltech256_f50_s1_linprobe,resnet50,caltech256,50,1,linprobe,198,0.619048
resnet50_caltech256_f50_s1_linprobe,resnet50,caltech256,50,1,linprobe,199,0.8
resnet50_caltech256_f50_s1_linprobe,resnet50,caltech256,50,1,linprobe,200,1.0
resnet50_caltech256_f50_s1_linprobe,resnet50,caltech256,50,1,linprobe,201,0.736842
resnet50_caltech256_f50_s1_linprobe,resnet50,caltech256,50,1,linprobe,202,0.722222
resnet50_caltech256_f50_s1_linprobe,resnet50,caltech256,50,1,linprobe,203,1.0
resnet50_caltech256_f50_s1_linprobe,resnet50,caltech256,50,1,linprobe,204,0.882353
resnet50_caltech256_f50_s1_linprobe,resnet50,caltech256,50,1,linprobe,205,0.65
resnet50_caltech256_f50_s1_linprobe,resnet50,caltech256,50,1,linprobe,206,0.956522
resnet50_caltech256_f50_s1_linprobe,resnet50,caltech256,50,1,linprobe,207,0.954545
resnet50_caltech256_f50_s1_linprobe,resnet50,caltech256,50,1,linprobe,208,0.65
resnet50_caltech256_f50_s1_linprobe,resnet50,caltech256,50,1,linprobe,209,0.954545
resnet50_caltech256_f50_s1_linprobe,resnet50,caltech256,50,1,linprobe,210,0.684211
resnet50_caltech256_f50_s1_linprobe,resnet50,caltech256,50,1,linprobe,211,0.962963
resnet50_caltech256_f50_s1_linprobe,resnet50,caltech256,50,1,linprobe,212,0.95
resnet50_caltech256_f50_s1_linprobe,resnet50,caltech256,50,1,linprobe,213,0.857143
resnet50_caltech256_f50_s1_linprobe,resnet50,caltech256,50,1,linprobe,214,0.882353
resnet50_caltech256_f50_s1_linprobe,resnet50,caltech256,50,1,linprobe,215,0.95
resnet50_caltech256_f50_s1_linprobe,resnet50,caltech256,50,1,linprobe,216,0.904762
resnet50_caltech256_f50_s1_linprobe,resnet50,caltech256,50,1,linprobe,217,0.9375
resnet50_caltech256_f50_s1_linprobe,resnet50,caltech256,50,1,linprobe,218,0.764706
resnet50_caltech256_f50_s1_linprobe,resnet50,caltech256,50,1,linprobe,219,0.842105
resnet50_caltech256_f50_s1_linprobe,resnet50,caltech256,50,1,linprobe,220,0.809524
resnet50_caltech256_f50_s1_linprobe,resnet50,caltech256,50,1,linprobe,221,0.888889
resnet50_caltech256_f50_s1_linprobe,resnet50,caltech256,50,1,linprobe,222,0.75
resnet50_caltech256_f50_s1_linprobe,resnet50,caltech256,50,1,linprobe,223,0.772727
resnet50_caltech256_f50_s1_linprobe,resnet50,caltech256,50,1,linprobe,224,1.0
resnet50_caltech256_f50_s1_linprobe,resnet50,caltech256,50,1,linprobe,225,0.7
resnet50_caltech256_f50_s1_linprobe,resnet50,caltech256,50,1,linprobe,226,0.931034
resnet50_caltech256_f50_s1_linprobe,resnet50,caltech256,50,1,linprobe,227,0.947368
resnet50_caltech256_f50_s1_linprobe,resnet50,caltech256,50,1,linprobe,228,0.789474
resnet50_caltech256_f50_s1_linprobe,resnet50,caltech256,50,1,linprobe,229,1.0
resnet50_caltech256_f50_s1_linprobe,resnet50,caltech256,50,1,linprobe,230,0.772727
resnet50_caltech256_f50_s1_linprobe,resnet50,caltech256,50,1,linprobe,231,0.944444
resnet50_caltech256_f50_s1_linprobe,resnet50,caltech256,50,1,linprobe,232,0.7
resnet50_caltech256_f50_s1_linprobe,resnet50,caltech256,50,1,linprobe,233,0.875
resnet50_caltech256_f50_s1_linprobe,resnet50,caltech256,50,1,linprobe,234,0.913043
resnet50_caltech256_f50_s1_linprobe,resnet50,caltech256,50,1,linprobe,235,0.789474
resnet50_caltech256_f50_s1_linprobe,resnet50,caltech256,50,1,linprobe,236,0.833333
resnet50_caltech256_f50_s1_linprobe,resnet50,caltech256,50,1,linprobe,237,1.0
resnet50_caltech256_f50_s1_linprobe,resnet50,caltech256,50,1,linprobe,238,0.647059
resnet50_caltech256_f50_s1_linprobe,resnet50,caltech256,50,1,linprobe,239,0.95
resnet50_caltech256_f50_s1_linprobe,resnet50,caltech256,50,1,linprobe,240,0.894737
resnet50_caltech256_f50_s1_linprobe,resnet50,caltech256,50,1,linprobe,241,0.894737
resnet50_caltech256_f50_s1_linprobe,resnet50,caltech256,50,1,linprobe,242,0.888889
resnet50_caltech256_f50_s1_linprobe,resnet50,caltech256,50,1,linprobe,243,0.722222
resnet50_caltech256_f50_s1_linprobe,resnet50,caltech256,50,1,linprobe,244,0.722222
resnet50_caltech256_f50_s1_linprobe,resnet50,caltech256,50,1,linprobe,245,0.8
resnet50_caltech256_f50_s1_linprobe,resnet50,caltech256,50,1,linprobe,246,0.611111
resnet50_caltech256_f50_s1_linprobe,resnet50,caltech256,50,1,linprobe,247,0.882353
resnet50_caltech256_f50_s1_linprobe,resnet50,caltech256,50,1,linprobe,248,0.55
resnet50_caltech256_f50_s1_linprobe,resnet50,caltech256,50,1,linprobe,249,1.0
resnet50_caltech256_f50_s1_linprobe,resnet50,caltech256,50,1,linprobe,250,0.99375
resnet50_caltech256_f50_s1_linprobe,resnet50,caltech256,50,1,linprobe,251,1.0
resnet50_caltech256_f50_s1_linprobe,resnet50,caltech256,50,1,linprobe,252,0.988506
resnet50_caltech256_f50_s1_linprobe,resnet50,caltech256,50,1,linprobe,253,0.947368
resnet50_caltech256_f50_s1_linprobe,resnet50,caltech256,50,1,linprobe,254,0.809524
resnet50_caltech256_f50_s1_linprobe,resnet50,caltech256,50,1,linprobe,255,0.954545
resnet50_caltech256_f50_s2_fullft,resnet50,caltech256,50,2,fullft,0,0.9
resnet50_caltech256_f50_s2_fullft,resnet50,caltech256,50,2,fullft,1,0.894737
resnet50_caltech256_f50_s2_fullft,resnet50,caltech256,50,2,fullft,2,0.9
resnet50_caltech256_f50_s2_fullft,resnet50,caltech256,50,2,fullft,3,0.52
resnet50_caltech256_f50_s2_fullft,resnet50,caltech256,50,2,fullft,4,1.0
resnet50_caltech256_f50_s2_fullft,resnet50,caltech256,50,2,fullft,5,0.777778
resnet50_caltech256_f50_s2_fullft,resnet50,caltech256,50,2,fullft,6,0.904762
resnet50_caltech256_f50_s2_fullft,resnet50,caltech256,50,2,fullft,7,0.869565
resnet50_caltech256_f50_s2_fullft,resnet50,caltech256,50,2,fullft,8,0.95
resnet50_caltech256_f50_s2_fullft,resnet50,caltech256,50,2,fullft,9,0.842105
resnet50_caltech256_f50_s2_fullft,resnet50,caltech256,50,2,fullft,10,0.892857
resnet50_caltech256_f50_s2_fullft,resnet50,caltech256,50,2,fullft,11,0.976744
resnet50_caltech256_f50_s2_fullft,resnet50,caltech256,50,2,fullft,12,0.8
resnet50_caltech256_f50_s2_fullft,resnet50,caltech256,50,2,fullft,13,0.882353
resnet50_caltech256_f50_s2_fullft,resnet50,caltech256,50,2,fullft,14,1.0
resnet50_caltech256_f50_s2_fullft,resnet50,caltech256,50,2,fullft,15,0.888889
resnet50_caltech256_f50_s2_fullft,resnet50,caltech256,50,2,fullft,16,0.714286
resnet50_caltech256_f50_s2_fullft,resnet50,caltech256,50,2,fullft,17,0.7
resnet50_caltech256_f50_s2_fullft,resnet50,caltech256,50,2,fullft,18,0.92
resnet50_caltech256_f50_s2_fullft,resnet50,caltech256,50,2,fullft,19,0.941176
resnet50_caltech256_f50_s2_fullft,resnet50,caltech256,50,2,fullft,20,0.964286
resnet50_caltech256_f50_s2_fullft,resnet50,caltech256,50,2,fullft,21,1.0
resnet50_caltech256_f50_s2_fullft,resnet50,caltech256,50,2,fullft,22,0.954545
resnet50_caltech256_f50_s2_fullft,resnet50,caltech256,50,2,fullft,23,0.954545
resnet50_caltech256_f50_s2_fullft,resnet50,caltech256,50,2,fullft,24,0.956522
resnet50_caltech256_f50_s2_fullft,resnet50,caltech256,50,2,fullft,25,0.47619
resnet50_caltech256_f50_s2_fullft,resnet50,caltech256,50,2,fullft,26,0.95
resnet50_caltech256_f50_s2_fullft,resnet50,caltech256,50,2,fullft,27,0.909091
resnet50_caltech256_f50_s2_fullft,resnet50,caltech256,50,2,fullft,28,0.904762
resnet50_caltech256_f50_s2_fullft,resnet50,caltech256,50,2,fullft,29,0.714286
resnet50_caltech256_f50_s2_fullft,resnet50,caltech256,50,2,fullft,30,0.722222
resnet50_caltech256_f50_s2_fullft,resnet50,caltech256,50,2,fullft,31,0.8
resnet50_caltech256_f50_s2_fullft,resnet50,caltech256,50,2,fullft,32,0.85
resnet50_caltech256_f50_s2_fullft,resnet50,caltech256,50,2,fullft,33,0.95
resnet50_caltech256_f50_s2_fullft,resnet50,caltech256,50,2,fullft,34,0.941176
resnet50_caltech256_f50_s2_fullft,resnet50,caltech256,50,2,fullft,35,0.809524
resnet50_caltech256_f50_s2_fullft,resnet50,caltech256,50,2,fullft,36,1.0
resnet50_caltech256_f50_s2_fullft,resnet50,caltech256,50,2,fullft,37,0.818182
resnet50_caltech256_f50_s2_fullft,resnet50,caltech256,50,2,fullft,38,0.588235
resnet50_caltech256_f50_s2_fullft,resnet50,caltech256,50,2,fullft,39,0.92
resnet50_caltech256_f50_s2_fullft,resnet50,caltech256,50,2,fullft,40,0.941176
resnet50_caltech256_f50_s2_fullft,resnet50,caltech256,50,2,fullft,41,0.529412
resnet50_caltech256_f50_s2_fullft,resnet50,caltech256,50,2,fullft,42,0.8
resnet50_caltech256_f50_s2_fullft,resnet50,caltech256,50,2,fullft,43,0.708333
resnet50_caltech256_f50_s2_fullft,resnet50,caltech256,50,2,fullft,44,0.882353
resnet50_caltech256_f50_s2_fullft,resnet50,caltech256,50,2,fullft,45,0.962963
resnet50_caltech256_f50_s2_fullft,resnet50,caltech256,50,2,fullft,46,0.947368
resnet50_caltech256_f50_s2_fullft,resnet50,caltech256,50,2,fullft,47,0.952381
resnet50_caltech256_f50_s2_fullft,resnet50,caltech256,50,2,fullft,48,0.904762
resnet50_caltech256_f50_s2_fullft,resnet50,caltech256,50,2,fullft,49,0.631579
resnet50_caltech256_f50_s2_fullft,resnet50,caltech256,50,2,fullft,50,0.782609
resnet50_caltech256_f50_s2_fullft,resnet50,caltech256,50,2,fullft,51,0.941176
resnet50_caltech256_f50_s2_fullft,resnet50,caltech256,50,2,fullft,52,0.875
resnet50_caltech256_f50_s2_fullft,resnet50,caltech256,50,2,fullft,53,0.875
resnet50_caltech256_f50_s2_fullft,resnet50,caltech256,50,2,fullft,54,0.85
resnet50_caltech256_f50_s2_fullft,resnet50,caltech256,50,2,fullft,55,0.8
resnet50_caltech256_f50_s2_fullft,resnet50,caltech256,50,2,fullft,56,0.809524
resnet50_caltech256_f50_s2_fullft,resnet50,caltech256,50,2,fullft,57,0.736842
resnet50_caltech256_f50_s2_fullft,resnet50,caltech256,50,2,fullft,58,0.411765
resnet50_caltech256_f50_s2_fullft,resnet50,caltech256,50,2,fullft,59,0.823529
resnet50_caltech256_f50_s2_fullft,resnet50,caltech256,50,2,fullft,60,0.75
resnet50_caltech256_f50_s2_fullft,resnet50,caltech256,50,2,fullft,61,0.941176
resnet50_caltech256_f50_s2_fullft,resnet50,caltech256,50,2,fullft,62,0.916667
resnet50_caltech256_f50_s2_fullft,resnet50,caltech256,50,2,fullft,63,1.0
resnet50_caltech256_f50_s2_fullft,resnet50,caltech256,50,2,fullft,64,0.9
resnet50_caltech256_f50_s2_fullft,resnet50,caltech256,50,2,fullft,65,0.941176
resnet50_caltech256_f50_s2_fullft,resnet50,caltech256,50,2,fullft,66,0.882353
resnet50_caltech256_f50_s2_fullft,resnet50,caltech256,50,2,fullft,67,0.863636
resnet50_caltech256_f50_s2_fullft,resnet50,caltech256,50,2,fullft,68,0.7
resnet50_caltech256_f50_s2_fullft,resnet50,caltech256,50,2,fullft,69,0.411765
resnet50_caltech256_f50_s2_fullft,resnet50,caltech256,50,2,fullft,70,0.9
resnet50_caltech256_f50_s2_fullft,resnet50,caltech256,50,2,fullft,71,0.958333
resnet50_caltech256_f50_s2_fullft,resnet50,caltech256,50,2,fullft,72,1.0
resnet50_caltech256_f50_s2_fullft,resnet50,caltech256,50,2,fullft,73,0.73913
resnet50_caltech256_f50_s2_fullft,resnet50,caltech256,50,2,fullft,74,0.588235
resnet50_caltech256_f50_s2_fullft,resnet50,caltech256,50,2,fullft,75,0.882353
resnet50_caltech256_f50_s2_fullft,resnet50,caltech256,50,2,fullft,76,1.0
resnet50_caltech256_f50_s2_fullft,resnet50,caltech256,50,2,fullft,77,0.888889
resnet50_caltech256_f50_s2_fullft,resnet50,caltech256,50,2,fullft,78,0.75
resnet50_caltech256_f50_s2_fullft,resnet50,caltech256,50,2,fullft,79,0.695652
resnet50_caltech256_f50_s2_fullft,resnet50,caltech256,50,2,fullft,80,0.947368
resnet50_caltech256_f50_s2_fullft,resnet50,caltech256,50,2,fullft,81,1.0
resnet50_caltech256_f50_s2_fullft,resnet50,caltech256,50,2,fullft,82,0.736842
resnet50_caltech256_f50_s2_fullft,resnet50,caltech256,50,2,fullft,83,0.882353
resnet50_caltech256_f50_s2_fullft,resnet50,caltech256,50,2,fullft,84,0.909091
resnet50_caltech256_f50_s2_fullft,resnet50,caltech256,50,2,fullft,85,0.9375
resnet50_caltech256_f50_s2_fullft,resnet50,caltech256,50,2,fullft,86,0.894737
resnet50_caltech256_f50_s2_fullft,resnet50,caltech256,50,2,fullft,87,0.95
resnet50_caltech256_f50_s2_fullft,resnet50,caltech256,50,2,fullft,88,0.818182
resnet50_caltech256_f50_s2_fullft,resnet50,caltech256,50,2,fullft,89,0.928571
resnet50_caltech256_f50_s2_fullft,resnet50,caltech256,50,2,fullft,90,0.947368
resnet50_caltech256_f50_s2_fullft,resnet50,caltech256,50,2,fullft,91,0.875
resnet50_caltech256_f50_s2_fullft,resnet50,caltech256,50,2,fullft,92,0.909091
resnet50_caltech256_f50_s2_fullft,resnet50,caltech256,50,2,fullft,93,0.952381
resnet50_caltech256_f50_s2_fullft,resnet50,caltech256,50,2,fullft,94,0.764706
resnet50_caltech256_f50_s2_fullft,resnet50,caltech256,50,2,fullft,95,0.912281
resnet50_caltech256_f50_s2_fullft,resnet50,caltech256,50,2,fullft,96,0.666667
resnet50_caltech256_f50_s2_fullft,resnet50,caltech256,50,2,fullft,97,1.0
resnet50_caltech256_f50_s2_fullft,resnet50,caltech256,50,2,fullft,98,0.875
resnet50_caltech256_f50_s2_fullft,resnet50,caltech256,50,2,fullft,99,1.0
resnet50_caltech256_f50_s2_fullft,resnet50,caltech256,50,2,fullft,100,1.0
resnet50_caltech256_f50_s2_fullft,resnet50,caltech256,50,2,fullft,101,0.944444
resnet50_caltech256_f50_s2_fullft,resnet50,caltech256,50,2,fullft,102,1.0
resnet50_caltech256_f50_s2_fullft,resnet50,caltech256,50,2,fullft,103,0.947368
resnet50_caltech256_f50_s2_fullft,resnet50,caltech256,50,2,fullft,104,0.888889
resnet50_caltech256_f50_s2_fullft,resnet50,caltech256,50,2,fullft,105,0.529412
resnet50_caltech256_f50_s2_fullft,resnet50,caltech256,50,2,fullft,106,1.0
resnet50_caltech256_f50_s2_fullft,resnet50,caltech256,50,2,fullft,107,0.705882
resnet50_caltech256_f50_s2_fullft,resnet50,caltech256,50,2,fullft,108,0.967742
resnet50_caltech256_f50_s2_fullft,resnet50,caltech256,50,2,fullft,109,0.882353
resnet50_caltech256_f50_s2_fullft,resnet50,caltech256,50,2,fullft,110,0.882353
resnet50_caltech256_f50_s2_fullft,resnet50,caltech256,50,2,fullft,111,0.823529
resnet50_caltech256_f50_s2_fullft,resnet50,caltech256,50,2,fullft,112,0.956522
resnet50_caltech256_f50_s2_fullft,resnet50,caltech256,50,2,fullft,113,0.958333
resnet50_caltech256_f50_s2_fullft,resnet50,caltech256,50,2,fullft,114,0.944444
resnet50_caltech256_f50_s2_fullft,resnet50,caltech256,50,2,fullft,115,1.0
resnet50_caltech256_f50_s2_fullft,resnet50,caltech256,50,2,fullft,116,0.958333
resnet50_caltech256_f50_s2_fullft,resnet50,caltech256,50,2,fullft,117,0.909091
resnet50_caltech256_f50_s2_fullft,resnet50,caltech256,50,2,fullft,118,0.823529
resnet50_caltech256_f50_s2_fullft,resnet50,caltech256,50,2,fullft,119,0.807692
resnet50_caltech256_f50_s2_fullft,resnet50,caltech256,50,2,fullft,120,1.0
resnet50_caltech256_f50_s2_fullft,resnet50,caltech256,50,2,fullft,121,0.761905
resnet50_caltech256_f50_s2_fullft,resnet50,caltech256,50,2,fullft,122,1.0
resnet50_caltech256_f50_s2_fullft,resnet50,caltech256,50,2,fullft,123,1.0
resnet50_caltech256_f50_s2_fullft,resnet50,caltech256,50,2,fullft,124,0.7
resnet50_caltech256_f50_s2_fullft,resnet50,caltech256,50,2,fullft,125,0.6875
resnet50_caltech256_f50_s2_fullft,resnet50,caltech256,50,2,fullft,126,0.884615
resnet50_caltech256_f50_s2_fullft,resnet50,caltech256,50,2,fullft,127,0.809524
resnet50_caltech256_f50_s2_fullft,resnet50,caltech256,50,2,fullft,128,1.0
resnet50_caltech256_f50_s2_fullft,resnet50,caltech256,50,2,fullft,129,1.0
resnet50_caltech256_f50_s2_fullft,resnet50,caltech256,50,2,fullft,130,0.888889
resnet50_caltech256_f50_s2_fullft,resnet50,caltech256,50,2,fullft,131,0.921053
resnet50_caltech256_f50_s2_fullft,resnet50,caltech256,50,2,fullft,132,0.925926
resnet50_caltech256_f50_s2_fullft,resnet50,caltech256,50,2,fullft,133,0.958333
resnet50_caltech256_f50_s2_fullft,resnet50,caltech256,50,2,fullft,134,0.684211
resnet50_caltech256_f50_s2_fullft,resnet50,caltech256,50,2,fullft,135,0.894737
resnet50_caltech256_f50_s2_fullft,resnet50,caltech256,50,2,fullft,136,0.967742
resnet50_caltech256_f50_s2_fullft,resnet50,caltech256,50,2,fullft,137,0.894737
resnet50_caltech256_f50_s2_fullft,resnet50,caltech256,50,2,fullft,138,0.941176
resnet50_caltech256_f50_s2_fullft,resnet50,caltech256,50,2,fullft,139,0.833333
resnet50_caltech256_f50_s2_fullft,resnet50,caltech256,50,2,fullft,140,1.0
resnet50_caltech256_f50_s2_fullft,resnet50,caltech256,50,2,fullft,141,0.952381
resnet50_caltech256_f50_s2_fullft,resnet50,caltech256,50,2,fullft,142,0.846154
resnet50_caltech256_f50_s2_fullft,resnet50,caltech256,50,2,fullft,143,0.6875
resnet50_caltech256_f50_s2_fullft,resnet50,caltech256,50,2,fullft,144,1.0
resnet50_caltech256_f50_s2_fullft,resnet50,caltech256,50,2,fullft,145,0.625
resnet50_caltech256_f50_s2_fullft,resnet50,caltech256,50,2,fullft,146,0.85
resnet50_caltech256_f50_s2_fullft,resnet50,caltech256,50,2,fullft,147,0.828571
resnet50_caltech256_f50_s2_fullft,resnet50,caltech256,50,2,fullft,148,0.952381
resnet50_caltech256_f50_s2_fullft,resnet50,caltech256,50,2,fullft,149,0.909091
resnet50_caltech256_f50_s2_fullft,resnet50,caltech256,50,2,fullft,150,0.909091
resnet50_caltech256_f50_s2_fullft,resnet50,caltech256,50,2,fullft,151,1.0
resnet50_caltech256_f50_s2_fullft,resnet50,caltech256,50,2,fullft,152,0.894737
resnet50_caltech256_f50_s2_fullft,resnet50,caltech256,50,2,fullft,153,0.904762
resnet50_caltech256_f50_s2_fullft,resnet50,caltech256,50,2,fullft,154,0.555556
resnet50_caltech256_f50_s2_fullft,resnet50,caltech256,50,2,fullft,155,0.684211
resnet50_caltech256_f50_s2_fullft,resnet50,caltech256,50,2,fullft,156,0.904762
resnet50_caltech256_f50_s2_fullft,resnet50,caltech256,50,2,fullft,157,0.933333
resnet50_caltech256_f50_s2_fullft,resnet50,caltech256,50,2,fullft,158,0.642857
resnet50_caltech256_f50_s2_fullft,resnet50,caltech256,50,2,fullft,159,0.647059
resnet50_caltech256_f50_s2_fullft,resnet50,caltech256,50,2,fullft,160,0.904762
resnet50_caltech256_f50_s2_fullft,resnet50,caltech256,50,2,fullft,161,0.555556
resnet50_caltech256_f50_s2_fullft,resnet50,caltech256,50,2,fullft,162,0.388889
resnet50_caltech256_f50_s2_fullft,resnet50,caltech256,50,2,fullft,163,1.0
resnet50_caltech256_f50_s2_fullft,resnet50,caltech256,50,2,fullft,164,0.777778
resnet50_caltech256_f50_s2_fullft,resnet50,caltech256,50,2,fullft,165,0.888889
resnet50_caltech256_f50_s2_fullft,resnet50,caltech256,50,2,fullft,166,0.882353
resnet50_caltech256_f50_s2_fullft,resnet50,caltech256,50,2,fullft,167,0.964286
resnet50_caltech256_f50_s2_fullft,resnet50,caltech256,50,2,fullft,168,0.944444
resnet50_caltech256_f50_s2_fullft,resnet50,caltech256,50,2,fullft,169,0.9
resnet50_caltech256_f50_s2_fullft,resnet50,caltech256,50,2,fullft,170,0.705882
resnet50_caltech256_f50_s2_fullft,resnet50,caltech256,50,2,fullft,171,0.9
resnet50_caltech256_f50_s2_fullft,resnet50,caltech256,50,2,fullft,172,0.47619
resnet50_caltech256_f50_s2_fullft,resnet50,caltech256,50,2,fullft,173,0.941176
resnet50_caltech256_f50_s2_fullft,resnet50,caltech256,50,2,fullft,174,0.882353
resnet50_caltech256_f50_s2_fullft,resnet50,caltech256,50,2,fullft,175,0.954545
resnet50_caltech256_f50_s2_fullft,resnet50,caltech256,50,2,fullft,176,1.0
resnet50_caltech256_f50_s2_fullft,resnet50,caltech256,50,2,fullft,177,1.0
resnet50_caltech256_f50_s2_fullft,resnet50,caltech256,50,2,fullft,178,1.0
resnet50_caltech256_f50_s2_fullft,resnet50,caltech256,50,2,fullft,179,0.6
resnet50_caltech256_f50_s2_fullft,resnet50,caltech256,50,2,fullft,180,0.9
resnet50_caltech256_f50_s2_fullft,resnet50,caltech256,50,2,fullft,181,1.0
resnet50_caltech256_f50_s2_fullft,resnet50,caltech256,50,2,fullft,182,0.9
resnet50_caltech256_f50_s2_fullft,resnet50,caltech256,50,2,fullft,183,1.0
resnet50_caltech256_f50_s2_fullft,resnet50,caltech256,50,2,fullft,184,0.428571
resnet50_caltech256_f50_s2_fullft,resnet50,caltech256,50,2,fullft,185,1.0
resnet50_caltech256_f50_s2_fullft,resnet50,caltech256,50,2,fullft,186,1.0
resnet50_caltech256_f50_s2_fullft,resnet50,caltech256,50,2,fullft,187,0.833333
resnet50_caltech256_f50_s2_fullft,resnet50,caltech256,50,2,fullft,188,0.791667
resnet50_caltech256_f50_s2_fullft,resnet50,caltech256,50,2,fullft,189,0.863636
resnet50_caltech256_f50_s2_fullft,resnet50,caltech256,50,2,fullft,190,0.5
resnet50_caltech256_f50_s2_fullft,resnet50,caltech256,50,2,fullft,191,0.909091
resnet50_caltech256_f50_s2_fullft,resnet50,caltech256,50,2,fullft,192,0.828571
resnet50_caltech256_f50_s2_fullft,resnet50,caltech256,50,2,fullft,193,0.909091
resnet50_caltech256_f50_s2_fullft,resnet50,caltech256,50,2,fullft,194,0.411765
resnet50_caltech256_f50_s2_fullft,resnet50,caltech256,50,2,fullft,195,0.857143
resnet50_caltech256_f50_s2_fullft,resnet50,caltech256,50,2,fullft,196,0.8
resnet50_caltech256_f50_s2_fullft,resnet50,caltech256,50,2,fullft,197,0.863636
resnet50_caltech256_f50_s2_fullft,resnet50,caltech256,50,2,fullft,198,0.47619
resnet50_caltech256_f50_s2_fullft,resnet50,caltech256,50,2,fullft,199,0.85
resnet50_caltech256_f50_s2_fullft,resnet50,caltech256,50,2,fullft,200,1.0
resnet50_caltech256_f50_s2_fullft,resnet50,caltech256,50,2,fullft,201,0.789474
resnet50_caltech256_f50_s2_fullft,resnet50,caltech256,50,2,fullft,202,0.722222
resnet50_caltech256_f50_s2_fullft,resnet50,caltech256,50,2,fullft,203,1.0
resnet50_caltech256_f50_s2_fullft,resnet50,caltech256,50,2,fullft,204,0.941176
resnet50_caltech256_f50_s2_fullft,resnet50,caltech256,50,2,fullft,205,0.75
resnet50_caltech256_f50_s2_fullft,resnet50,caltech256,50,2,fullft,206,0.956522
resnet50_caltech256_f50_s2_fullft,resnet50,caltech256,50,2,fullft,207,0.954545
resnet50_caltech256_f50_s2_fullft,resnet50,caltech256,50,2,fullft,208,0.7
resnet50_caltech256_f50_s2_fullft,resnet50,caltech256,50,2,fullft,209,0.818182
resnet50_caltech256_f50_s2_fullft,resnet50,caltech256,50,2,fullft,210,0.684211
resnet50_caltech256_f50_s2_fullft,resnet50,caltech256,50,2,fullft,211,0.888889
resnet50_caltech256_f50_s2_fullft,resnet50,caltech256,50,2,fullft,212,1.0
resnet50_caltech256_f50_s2_fullft,resnet50,caltech256,50,2,fullft,213,0.821429
resnet50_caltech256_f50_s2_fullft,resnet50,caltech256,50,2,fullft,214,0.823529
resnet50_caltech256_f50_s2_fullft,resnet50,caltech256,50,2,fullft,215,0.95
resnet50_caltech256_f50_s2_fullft,resnet50,caltech256,50,2,fullft,216,0.857143
resnet50_caltech256_f50_s2_fullft,resnet50,caltech256,50,2,fullft,217,0.9375
resnet50_caltech256_f50_s2_fullft,resnet50,caltech256,50,2,fullft,218,0.705882
resnet50_caltech256_f50_s2_fullft,resnet50,caltech256,50,2,fullft,219,0.894737
resnet50_caltech256_f50_s2_fullft,resnet50,caltech256,50,2,fullft,220,1.0
resnet50_caltech256_f50_s2_fullft,resnet50,caltech256,50,2,fullft,221,0.666667
resnet50_caltech256_f50_s2_fullft,resnet50,caltech256,50,2,fullft,222,0.625
resnet50_caltech256_f50_s2_fullft,resnet50,caltech256,50,2,fullft,223,0.772727
resnet50_caltech256_f50_s2_fullft,resnet50,caltech256,50,2,fullft,224,0.944444
resnet50_caltech256_f50_s2_fullft,resnet50,caltech256,50,2,fullft,225,0.8
resnet50_caltech256_f50_s2_fullft,resnet50,caltech256,50,2,fullft,226,0.896552
resnet50_caltech256_f50_s2_fullft,resnet50,caltech256,50,2,fullft,227,0.894737
resnet50_caltech256_f50_s2_fullft,resnet50,caltech256,50,2,fullft,228,0.842105
resnet50_caltech256_f50_s2_fullft,resnet50,caltech256,50,2,fullft,229,1.0
resnet50_caltech256_f50_s2_fullft,resnet50,caltech256,50,2,fullft,230,0.818182
resnet50_caltech256_f50_s2_fullft,resnet50,caltech256,50,2,fullft,231,0.958333
resnet50_caltech256_f50_s2_fullft,resnet50,caltech256,50,2,fullft,232,0.7
resnet50_caltech256_f50_s2_fullft,resnet50,caltech256,50,2,fullft,233,0.708333
resnet50_caltech256_f50_s2_fullft,resnet50,caltech256,50,2,fullft,234,0.956522
resnet50_caltech256_f50_s2_fullft,resnet50,caltech256,50,2,fullft,235,0.894737
resnet50_caltech256_f50_s2_fullft,resnet50,caltech256,50,2,fullft,236,0.888889
resnet50_caltech256_f50_s2_fullft,resnet50,caltech256,50,2,fullft,237,1.0
resnet50_caltech256_f50_s2_fullft,resnet50,caltech256,50,2,fullft,238,0.882353
resnet50_caltech256_f50_s2_fullft,resnet50,caltech256,50,2,fullft,239,0.925
resnet50_caltech256_f50_s2_fullft,resnet50,caltech256,50,2,fullft,240,0.789474
resnet50_caltech256_f50_s2_fullft,resnet50,caltech256,50,2,fullft,241,0.894737
resnet50_caltech256_f50_s2_fullft,resnet50,caltech256,50,2,fullft,242,0.666667
resnet50_caltech256_f50_s2_fullft,resnet50,caltech256,50,2,fullft,243,0.722222
resnet50_caltech256_f50_s2_fullft,resnet50,caltech256,50,2,fullft,244,0.722222
resnet50_caltech256_f50_s2_fullft,resnet50,caltech256,50,2,fullft,245,0.8
resnet50_caltech256_f50_s2_fullft,resnet50,caltech256,50,2,fullft,246,0.722222
resnet50_caltech256_f50_s2_fullft,resnet50,caltech256,50,2,fullft,247,0.705882
resnet50_caltech256_f50_s2_fullft,resnet50,caltech256,50,2,fullft,248,0.6
resnet50_caltech256_f50_s2_fullft,resnet50,caltech256,50,2,fullft,249,1.0
resnet50_caltech256_f50_s2_fullft,resnet50,caltech256,50,2,fullft,250,0.9875
resnet50_caltech256_f50_s2_fullft,resnet50,caltech256,50,2,fullft,251,1.0
resnet50_caltech256_f50_s2_fullft,resnet50,caltech256,50,2,fullft,252,0.988506
resnet50_caltech256_f50_s2_fullft,resnet50,caltech256,50,2,fullft,253,0.894737
resnet50_caltech256_f50_s2_fullft,resnet50,caltech256,50,2,fullft,254,0.619048
resnet50_caltech256_f50_s2_fullft,resnet50,caltech256,50,2,fullft,255,0.954545
resnet50_caltech256_f50_s2_linprobe,resnet50,caltech256,50,2,linprobe,0,0.9
resnet50_caltech256_f50_s2_linprobe,resnet50,caltech256,50,2,linprobe,1,0.789474
resnet50_caltech256_f50_s2_linprobe,resnet50,caltech256,50,2,linprobe,2,0.933333
resnet50_caltech256_f50_s2_linprobe,resnet50,caltech256,50,2,linprobe,3,0.6
resnet50_caltech256_f50_s2_linprobe,resnet50,caltech256,50,2,linprobe,4,0.966667
resnet50_caltech256_f50_s2_linprobe,resnet50,caltech256,50,2,linprobe,5,0.666667
resnet50_caltech256_f50_s2_linprobe,resnet50,caltech256,50,2,linprobe,6,0.809524
resnet50_caltech256_f50_s2_linprobe,resnet50,caltech256,50,2,linprobe,7,0.934783
resnet50_caltech256_f50_s2_linprobe,resnet50,caltech256,50,2,linprobe,8,0.85
resnet50_caltech256_f50_s2_linprobe,resnet50,caltech256,50,2,linprobe,9,0.789474
resnet50_caltech256_f50_s2_linprobe,resnet50,caltech256,50,2,linprobe,10,0.946429
resnet50_caltech256_f50_s2_linprobe,resnet50,caltech256,50,2,linprobe,11,0.953488
resnet50_caltech256_f50_s2_linprobe,resnet50,caltech256,50,2,linprobe,12,0.75
resnet50_caltech256_f50_s2_linprobe,resnet50,caltech256,50,2,linprobe,13,0.941176
resnet50_caltech256_f50_s2_linprobe,resnet50,caltech256,50,2,linprobe,14,0.958333
resnet50_caltech256_f50_s2_linprobe,resnet50,caltech256,50,2,linprobe,15,0.888889
resnet50_caltech256_f50_s2_linprobe,resnet50,caltech256,50,2,linprobe,16,0.428571
resnet50_caltech256_f50_s2_linprobe,resnet50,caltech256,50,2,linprobe,17,0.65
resnet50_caltech256_f50_s2_linprobe,resnet50,caltech256,50,2,linprobe,18,0.8
resnet50_caltech256_f50_s2_linprobe,resnet50,caltech256,50,2,linprobe,19,1.0
resnet50_caltech256_f50_s2_linprobe,resnet50,caltech256,50,2,linprobe,20,0.964286
resnet50_caltech256_f50_s2_linprobe,resnet50,caltech256,50,2,linprobe,21,0.947368
resnet50_caltech256_f50_s2_linprobe,resnet50,caltech256,50,2,linprobe,22,0.909091
resnet50_caltech256_f50_s2_linprobe,resnet50,caltech256,50,2,linprobe,23,0.954545
resnet50_caltech256_f50_s2_linprobe,resnet50,caltech256,50,2,linprobe,24,0.826087
resnet50_caltech256_f50_s2_linprobe,resnet50,caltech256,50,2,linprobe,25,0.52381
resnet50_caltech256_f50_s2_linprobe,resnet50,caltech256,50,2,linprobe,26,0.8
resnet50_caltech256_f50_s2_linprobe,resnet50,caltech256,50,2,linprobe,27,0.909091
resnet50_caltech256_f50_s2_linprobe,resnet50,caltech256,50,2,linprobe,28,1.0
resnet50_caltech256_f50_s2_linprobe,resnet50,caltech256,50,2,linprobe,29,0.761905
resnet50_caltech256_f50_s2_linprobe,resnet50,caltech256,50,2,linprobe,30,0.777778
resnet50_caltech256_f50_s2_linprobe,resnet50,caltech256,50,2,linprobe,31,0.85
resnet50_caltech256_f50_s2_linprobe,resnet50,caltech256,50,2,linprobe,32,0.75
resnet50_caltech256_f50_s2_linprobe,resnet50,caltech256,50,2,linprobe,33,0.95
resnet50_caltech256_f50_s2_linprobe,resnet50,caltech256,50,2,linprobe,34,0.882353
resnet50_caltech256_f50_s2_linprobe,resnet50,caltech256,50,2,linprobe,35,0.809524
resnet50_caltech256_f50_s2_linprobe,resnet50,caltech256,50,2,linprobe,36,0.958333
resnet50_caltech256_f50_s2_linprobe,resnet50,caltech256,50,2,linprobe,37,0.818182
resnet50_caltech256_f50_s2_linprobe,resnet50,caltech256,50,2,linprobe,38,0.529412
resnet50_caltech256_f50_s2_linprobe,resnet50,caltech256,50,2,linprobe,39,0.92
resnet50_caltech256_f50_s2_linprobe,resnet50,caltech256,50,2,linprobe,40,0.941176
resnet50_caltech256_f50_s2_linprobe,resnet50,caltech256,50,2,linprobe,41,0.470588
resnet50_caltech256_f50_s2_linprobe,resnet50,caltech256,50,2,linprobe,42,0.72
resnet50_caltech256_f50_s2_linprobe,resnet50,caltech256,50,2,linprobe,43,0.75
resnet50_caltech256_f50_s2_linprobe,resnet50,caltech256,50,2,linprobe,44,0.882353
resnet50_caltech256_f50_s2_linprobe,resnet50,caltech256,50,2,linprobe,45,0.962963
resnet50_caltech256_f50_s2_linprobe,resnet50,caltech256,50,2,linprobe,46,0.789474
resnet50_caltech256_f50_s2_linprobe,resnet50,caltech256,50,2,linprobe,47,0.952381
resnet50_caltech256_f50_s2_linprobe,resnet50,caltech256,50,2,linprobe,48,0.904762
resnet50_caltech256_f50_s2_linprobe,resnet50,caltech256,50,2,linprobe,49,0.684211
resnet50_caltech256_f50_s2_linprobe,resnet50,caltech256,50,2,linprobe,50,0.826087
resnet50_caltech256_f50_s2_linprobe,resnet50,caltech256,50,2,linprobe,51,0.823529
resnet50_caltech256_f50_s2_linprobe,resnet50,caltech256,50,2,linprobe,52,0.9375
resnet50_caltech256_f50_s2_linprobe,resnet50,caltech256,50,2,linprobe,53,0.958333
resnet50_caltech256_f50_s2_linprobe,resnet50,caltech256,50,2,linprobe,54,0.8
resnet50_caltech256_f50_s2_linprobe,resnet50,caltech256,50,2,linprobe,55,0.8
resnet50_caltech256_f50_s2_linprobe,resnet50,caltech256,50,2,linprobe,56,0.809524
resnet50_caltech256_f50_s2_linprobe,resnet50,caltech256,50,2,linprobe,57,0.842105
resnet50_caltech256_f50_s2_linprobe,resnet50,caltech256,50,2,linprobe,58,0.294118
resnet50_caltech256_f50_s2_linprobe,resnet50,caltech256,50,2,linprobe,59,0.647059
resnet50_caltech256_f50_s2_linprobe,resnet50,caltech256,50,2,linprobe,60,0.8
resnet50_caltech256_f50_s2_linprobe,resnet50,caltech256,50,2,linprobe,61,0.941176
resnet50_caltech256_f50_s2_linprobe,resnet50,caltech256,50,2,linprobe,62,0.916667
resnet50_caltech256_f50_s2_linprobe,resnet50,caltech256,50,2,linprobe,63,0.961538
resnet50_caltech256_f50_s2_linprobe,resnet50,caltech256,50,2,linprobe,64,0.9
resnet50_caltech256_f50_s2_linprobe,resnet50,caltech256,50,2,linprobe,65,0.882353
resnet50_caltech256_f50_s2_linprobe,resnet50,caltech256,50,2,linprobe,66,0.882353
resnet50_caltech256_f50_s2_linprobe,resnet50,caltech256,50,2,linprobe,67,0.909091
resnet50_caltech256_f50_s2_linprobe,resnet50,caltech256,50,2,linprobe,68,0.75
resnet50_caltech256_f50_s2_linprobe,resnet50,caltech256,50,2,linprobe,69,0.411765
resnet50_caltech256_f50_s2_linprobe,resnet50,caltech256,50,2,linprobe,70,0.9
resnet50_caltech256_f50_s2_linprobe,resnet50,caltech256,50,2,linprobe,71,1.0
resnet50_caltech256_f50_s2_linprobe,resnet50,caltech256,50,2,linprobe,72,0.95
resnet50_caltech256_f50_s2_linprobe,resnet50,caltech256,50,2,linprobe,73,0.695652
resnet50_caltech256_f50_s2_linprobe,resnet50,caltech256,50,2,linprobe,74,0.588235
resnet50_caltech256_f50_s2_linprobe,resnet50,caltech256,50,2,linprobe,75,1.0
resnet50_caltech256_f50_s2_linprobe,resnet50,caltech256,50,2,linprobe,76,1.0
resnet50_caltech256_f50_s2_linprobe,resnet50,caltech256,50,2,linprobe,77,0.888889
resnet50_caltech256_f50_s2_linprobe,resnet50,caltech256,50,2,linprobe,78,0.8
resnet50_caltech256_f50_s2_linprobe,resnet50,caltech256,50,2,linprobe,79,0.782609
resnet50_caltech256_f50_s2_linprobe,resnet50,caltech256,50,2,linprobe,80,0.842105
resnet50_caltech256_f50_s2_linprobe,resnet50,caltech256,50,2,linprobe,81,0.875
resnet50_caltech256_f50_s2_linprobe,resnet50,caltech256,50,2,linprobe,82,0.736842
resnet50_caltech256_f50_s2_linprobe,resnet50,caltech256,50,2,linprobe,83,0.941176
resnet50_caltech256_f50_s2_linprobe,resnet50,caltech256,50,2,linprobe,84,0.954545
resnet50_caltech256_f50_s2_linprobe,resnet50,caltech256,50,2,linprobe,85,0.9375
resnet50_caltech256_f50_s2_linprobe,resnet50,caltech256,50,2,linprobe,86,0.842105
resnet50_caltech256_f50_s2_linprobe,resnet50,caltech256,50,2,linprobe,87,0.95
resnet50_caltech256_f50_s2_linprobe,resnet50,caltech256,50,2,linprobe,88,0.863636
resnet50_caltech256_f50_s2_linprobe,resnet50,caltech256,50,2,linprobe,89,0.952381
resnet50_caltech256_f50_s2_linprobe,resnet50,caltech256,50,2,linprobe,90,0.894737
resnet50_caltech256_f50_s2_linprobe,resnet50,caltech256,50,2,linprobe,91,0.8
resnet50_caltech256_f50_s2_linprobe,resnet50,caltech256,50,2,linprobe,92,1.0
resnet50_caltech256_f50_s2_linprobe,resnet50,caltech256,50,2,linprobe,93,0.952381
resnet50_caltech256_f50_s2_linprobe,resnet50,caltech256,50,2,linprobe,94,0.764706
resnet50_caltech256_f50_s2_linprobe,resnet50,caltech256,50,2,linprobe,95,0.929825
resnet50_caltech256_f50_s2_linprobe,resnet50,caltech256,50,2,linprobe,96,0.833333
resnet50_caltech256_f50_s2_linprobe,resnet50,caltech256,50,2,linprobe,97,0.95
resnet50_caltech256_f50_s2_linprobe,resnet50,caltech256,50,2,linprobe,98,1.0
resnet50_caltech256_f50_s2_linprobe,resnet50,caltech256,50,2,linprobe,99,1.0
resnet50_caltech256_f50_s2_linprobe,resnet50,caltech256,50,2,linprobe,100,0.928571
resnet50_caltech256_f50_s2_linprobe,resnet50,caltech256,50,2,linprobe,101,0.833333
resnet50_caltech256_f50_s2_linprobe,resnet50,caltech256,50,2,linprobe,102,0.954545
resnet50_caltech256_f50_s2_linprobe,resnet50,caltech256,50,2,linprobe,103,0.789474
resnet50_caltech256_f50_s2_linprobe,resnet50,caltech256,50,2,linprobe,104,0.907407
resnet50_caltech256_f50_s2_linprobe,resnet50,caltech256,50,2,linprobe,105,0.647059
resnet50_caltech256_f50_s2_linprobe,resnet50,caltech256,50,2,linprobe,106,1.0
resnet50_caltech256_f50_s2_linprobe,resnet50,caltech256,50,2,linprobe,107,0.647059
resnet50_caltech256_f50_s2_linprobe,resnet50,caltech256,50,2,linprobe,108,0.903226
resnet50_caltech256_f50_s2_linprobe,resnet50,caltech256,50,2,linprobe,109,0.882353
resnet50_caltech256_f50_s2_linprobe,resnet50,caltech256,50,2,linprobe,110,0.941176
resnet50_caltech256_f50_s2_linprobe,resnet50,caltech256,50,2,linprobe,111,0.764706
resnet50_caltech256_f50_s2_linprobe,resnet50,caltech256,50,2,linprobe,112,0.913043
resnet50_caltech256_f50_s2_linprobe,resnet50,caltech256,50,2,linprobe,113,0.916667
resnet50_caltech256_f50_s2_linprobe,resnet50,caltech256,50,2,linprobe,114,0.833333
resnet50_caltech256_f50_s2_linprobe,resnet50,caltech256,50,2,linprobe,115,1.0
resnet50_caltech256_f50_s2_linprobe,resnet50,caltech256,50,2,linprobe,116,0.833333
resnet50_caltech256_f50_s2_linprobe,resnet50,caltech256,50,2,linprobe,117,0.909091
resnet50_caltech256_f50_s2_linprobe,resnet50,caltech256,50,2,linprobe,118,0.588235
resnet50_caltech256_f50_s2_linprobe,resnet50,caltech256,50,2,linprobe,119,0.730769
resnet50_caltech256_f50_s2_linprobe,resnet50,caltech256,50,2,linprobe,120,1.0
resnet50_caltech256_f50_s2_linprobe,resnet50,caltech256,50,2,linprobe,121,0.619048
resnet50_caltech256_f50_s2_linprobe,resnet50,caltech256,50,2,linprobe,122,1.0
resnet50_caltech256_f50_s2_linprobe,resnet50,caltech256,50,2,linprobe,123,0.944444
resnet50_caltech256_f50_s2_linprobe,resnet50,caltech256,50,2,linprobe,124,0.65
resnet50_caltech256_f50_s2_linprobe,resnet50,caltech256,50,2,linprobe,125,0.645833
resnet50_caltech256_f50_s2_linprobe,resnet50,caltech256,50,2,linprobe,126,0.884615
resnet50_caltech256_f50_s2_linprobe,resnet50,caltech256,50,2,linprobe,127,0.809524
resnet50_caltech256_f50_s2_linprobe,resnet50,caltech256,50,2,linprobe,128,1.0
resnet50_caltech256_f50_s2_linprobe,resnet50,caltech256,50,2,linprobe,129,1.0
resnet50_caltech256_f50_s2_linprobe,resnet50,caltech256,50,2,linprobe,130,1.0
resnet50_caltech256_f50_s2_linprobe,resnet50,caltech256,50,2,linprobe,131,0.894737
resnet50_caltech256_f50_s2_linprobe,resnet50,caltech256,50,2,linprobe,132,0.851852
resnet50_caltech256_f50_s2_linprobe,resnet50,caltech256,50,2,linprobe,133,0.958333
resnet50_caltech256_f50_s2_linprobe,resnet50,caltech256,50,2,linprobe,134,0.684211
resnet50_caltech256_f50_s2_linprobe,resnet50,caltech256,50,2,linprobe,135,0.894737
resnet50_caltech256_f50_s2_linprobe,resnet50,caltech256,50,2,linprobe,136,0.935484
resnet50_caltech256_f50_s2_linprobe,resnet50,caltech256,50,2,linprobe,137,0.921053
resnet50_caltech256_f50_s2_linprobe,resnet50,caltech256,50,2,linprobe,138,0.882353
resnet50_caltech256_f50_s2_linprobe,resnet50,caltech256,50,2,linprobe,139,0.833333
resnet50_caltech256_f50_s2_linprobe,resnet50,caltech256,50,2,linprobe,140,1.0
resnet50_caltech256_f50_s2_linprobe,resnet50,caltech256,50,2,linprobe,141,0.857143
resnet50_caltech256_f50_s2_linprobe,resnet50,caltech256,50,2,linprobe,142,0.884615
resnet50_caltech256_f50_s2_linprobe,resnet50,caltech256,50,2,linprobe,143,0.4375
resnet50_caltech256_f50_s2_linprobe,resnet50,caltech256,50,2,linprobe,144,1.0
resnet50_caltech256_f50_s2_linprobe,resnet50,caltech256,50,2,linprobe,145,0.625
resnet50_caltech256_f50_s2_linprobe,resnet50,caltech256,50,2,linprobe,146,0.875
resnet50_caltech256_f50_s2_linprobe,resnet50,caltech256,50,2,linprobe,147,0.8
resnet50_caltech256_f50_s2_linprobe,resnet50,caltech256,50,2,linprobe,148,0.904762
resnet50_caltech256_f50_s2_linprobe,resnet50,caltech256,50,2,linprobe,149,0.863636
resnet50_caltech256_f50_s2_linprobe,resnet50,caltech256,50,2,linprobe,150,0.909091
resnet50_caltech256_f50_s2_linprobe,resnet50,caltech256,50,2,linprobe,151,1.0
resnet50_caltech256_f50_s2_linprobe,resnet50,caltech256,50,2,linprobe,152,0.894737
resnet50_caltech256_f50_s2_linprobe,resnet50,caltech256,50,2,linprobe,153,0.809524
resnet50_caltech256_f50_s2_linprobe,resnet50,caltech256,50,2,linprobe,154,0.5
resnet50_caltech256_f50_s2_linprobe,resnet50,caltech256,50,2,linprobe,155,0.789474
resnet50_caltech256_f50_s2_linprobe,resnet50,caltech256,50,2,linprobe,156,0.904762
resnet50_caltech256_f50_s2_linprobe,resnet50,caltech256,50,2,linprobe,157,0.9
resnet50_caltech256_f50_s2_linprobe,resnet50,caltech256,50,2,linprobe,158,0.690476
resnet50_caltech256_f50_s2_linprobe,resnet50,caltech256,50,2,linprobe,159,0.647059
resnet50_caltech256_f50_s2_linprobe,resnet50,caltech256,50,2,linprobe,160,0.904762
resnet50_caltech256_f50_s2_linprobe,resnet50,caltech256,50,2,linprobe,161,0.5
resnet50_caltech256_f50_s2_linprobe,resnet50,caltech256,50,2,linprobe,162,0.5
resnet50_caltech256_f50_s2_linprobe,resnet50,caltech256,50,2,linprobe,163,0.95
resnet50_caltech256_f50_s2_linprobe,resnet50,caltech256,50,2,linprobe,164,0.777778
resnet50_caltech256_f50_s2_linprobe,resnet50,caltech256,50,2,linprobe,165,0.888889
resnet50_caltech256_f50_s2_linprobe,resnet50,caltech256,50,2,linprobe,166,0.823529
resnet50_caltech256_f50_s2_linprobe,resnet50,caltech256,50,2,linprobe,167,0.964286
resnet50_caltech256_f50_s2_linprobe,resnet50,caltech256,50,2,linprobe,168,0.944444
resnet50_caltech256_f50_s2_linprobe,resnet50,caltech256,50,2,linprobe,169,0.85
resnet50_caltech256_f50_s2_linprobe,resnet50,caltech256,50,2,linprobe,170,0.647059
resnet50_caltech256_f50_s2_linprobe,resnet50,caltech256,50,2,linprobe,171,0.95
resnet50_caltech256_f50_s2_linprobe,resnet50,caltech256,50,2,linprobe,172,0.571429
resnet50_caltech256_f50_s2_linprobe,resnet50,caltech256,50,2,linprobe,173,0.941176
resnet50_caltech256_f50_s2_linprobe,resnet50,caltech256,50,2,linprobe,174,0.882353
resnet50_caltech256_f50_s2_linprobe,resnet50,caltech256,50,2,linprobe,175,0.954545
resnet50_caltech256_f50_s2_linprobe,resnet50,caltech256,50,2,linprobe,176,1.0
resnet50_caltech256_f50_s2_linprobe,resnet50,caltech256,50,2,linprobe,177,0.95
resnet50_caltech256_f50_s2_linprobe,resnet50,caltech256,50,2,linprobe,178,0.875
resnet50_caltech256_f50_s2_linprobe,resnet50,caltech256,50,2,linprobe,179,0.65
resnet50_caltech256_f50_s2_linprobe,resnet50,caltech256,50,2,linprobe,180,0.9
resnet50_caltech256_f50_s2_linprobe,resnet50,caltech256,50,2,linprobe,181,1.0
resnet50_caltech256_f50_s2_linprobe,resnet50,caltech256,50,2,linprobe,182,0.9
resnet50_caltech256_f50_s2_linprobe,resnet50,caltech256,50,2,linprobe,183,0.941176
resnet50_caltech256_f50_s2_linprobe,resnet50,caltech256,50,2,linprobe,184,0.52381
resnet50_caltech256_f50_s2_linprobe,resnet50,caltech256,50,2,linprobe,185,1.0
resnet50_caltech256_f50_s2_linprobe,resnet50,caltech256,50,2,linprobe,186,1.0
resnet50_caltech256_f50_s2_linprobe,resnet50,caltech256,50,2,linprobe,187,0.722222
resnet50_caltech256_f50_s2_linprobe,resnet50,caltech256,50,2,linprobe,188,0.833333
resnet50_caltech256_f50_s2_linprobe,resnet50,caltech256,50,2,linprobe,189,0.863636
resnet50_caltech256_f50_s2_linprobe,resnet50,caltech256,50,2,linprobe,190,0.5
resnet50_caltech256_f50_s2_linprobe,resnet50,caltech256,50,2,linprobe,191,0.909091
resnet50_caltech256_f50_s2_linprobe,resnet50,caltech256,50,2,linprobe,192,0.8
resnet50_caltech256_f50_s2_linprobe,resnet50,caltech256,50,2,linprobe,193,0.954545
resnet50_caltech256_f50_s2_linprobe,resnet50,caltech256,50,2,linprobe,194,0.470588
resnet50_caltech256_f50_s2_linprobe,resnet50,caltech256,50,2,linprobe,195,0.904762
resnet50_caltech256_f50_s2_linprobe,resnet50,caltech256,50,2,linprobe,196,0.7
resnet50_caltech256_f50_s2_linprobe,resnet50,caltech256,50,2,linprobe,197,0.818182
resnet50_caltech256_f50_s2_linprobe,resnet50,caltech256,50,2,linprobe,198,0.52381
resnet50_caltech256_f50_s2_linprobe,resnet50,caltech256,50,2,linprobe,199,0.8
resnet50_caltech256_f50_s2_linprobe,resnet50,caltech256,50,2,linprobe,200,1.0
resnet50_caltech256_f50_s2_linprobe,resnet50,caltech256,50,2,linprobe,201,0.789474
resnet50_caltech256_f50_s2_linprobe,resnet50,caltech256,50,2,linprobe,202,0.722222
resnet50_caltech256_f50_s2_linprobe,resnet50,caltech256,50,2,linprobe,203,1.0
resnet50_caltech256_f50_s2_linprobe,resnet50,caltech256,50,2,linprobe,204,0.882353
resnet50_caltech256_f50_s2_linprobe,resnet50,caltech256,50,2,linprobe,205,0.7
resnet50_caltech256_f50_s2_linprobe,resnet50,caltech256,50,2,linprobe,206,0.956522
resnet50_caltech256_f50_s2_linprobe,resnet50,caltech256,50,2,linprobe,207,0.954545
resnet50_caltech256_f50_s2_linprobe,resnet50,caltech256,50,2,linprobe,208,0.75
resnet50_caltech256_f50_s2_linprobe,resnet50,caltech256,50,2,linprobe,209,1.0
resnet50_caltech256_f50_s2_linprobe,resnet50,caltech256,50,2,linprobe,210,0.631579
resnet50_caltech256_f50_s2_linprobe,resnet50,caltech256,50,2,linprobe,211,0.925926
resnet50_caltech256_f50_s2_linprobe,resnet50,caltech256,50,2,linprobe,212,0.95
resnet50_caltech256_f50_s2_linprobe,resnet50,caltech256,50,2,linprobe,213,0.821429
resnet50_caltech256_f50_s2_linprobe,resnet50,caltech256,50,2,linprobe,214,0.941176
resnet50_caltech256_f50_s2_linprobe,resnet50,caltech256,50,2,linprobe,215,0.95
resnet50_caltech256_f50_s2_linprobe,resnet50,caltech256,50,2,linprobe,216,0.904762
resnet50_caltech256_f50_s2_linprobe,resnet50,caltech256,50,2,linprobe,217,0.9375
resnet50_caltech256_f50_s2_linprobe,resnet50,caltech256,50,2,linprobe,218,0.764706
resnet50_caltech256_f50_s2_linprobe,resnet50,caltech256,50,2,linprobe,219,0.842105
resnet50_caltech256_f50_s2_linprobe,resnet50,caltech256,50,2,linprobe,220,0.904762
resnet50_caltech256_f50_s2_linprobe,resnet50,caltech256,50,2,linprobe,221,0.833333
resnet50_caltech256_f50_s2_linprobe,resnet50,caltech256,50,2,linprobe,222,0.75
resnet50_caltech256_f50_s2_linprobe,resnet50,caltech256,50,2,linprobe,223,0.863636
resnet50_caltech256_f50_s2_linprobe,resnet50,caltech256,50,2,linprobe,224,0.944444
resnet50_caltech256_f50_s2_linprobe,resnet50,caltech256,50,2,linprobe,225,0.8
resnet50_caltech256_f50_s2_linprobe,resnet50,caltech256,50,2,linprobe,226,0.931034
resnet50_caltech256_f50_s2_linprobe,resnet50,caltech256,50,2,linprobe,227,0.947368
resnet50_caltech256_f50_s2_linprobe,resnet50,caltech256,50,2,linprobe,228,0.684211
resnet50_caltech256_f50_s2_linprobe,resnet50,caltech256,50,2,linprobe,229,1.0
resnet50_caltech256_f50_s2_linprobe,resnet50,caltech256,50,2,linprobe,230,0.772727
resnet50_caltech256_f50_s2_linprobe,resnet50,caltech256,50,2,linprobe,231,0.944444
resnet50_caltech256_f50_s2_linprobe,resnet50,caltech256,50,2,linprobe,232,0.6
resnet50_caltech256_f50_s2_linprobe,resnet50,caltech256,50,2,linprobe,233,0.958333
resnet50_caltech256_f50_s2_linprobe,resnet50,caltech256,50,2,linprobe,234,0.913043
resnet50_caltech256_f50_s2_linprobe,resnet50,caltech256,50,2,linprobe,235,0.736842
resnet50_caltech256_f50_s2_linprobe,resnet50,caltech256,50,2,linprobe,236,0.888889
resnet50_caltech256_f50_s2_linprobe,resnet50,caltech256,50,2,linprobe,237,1.0
resnet50_caltech256_f50_s2_linprobe,resnet50,caltech256,50,2,linprobe,238,0.705882
resnet50_caltech256_f50_s2_linprobe,resnet50,caltech256,50,2,linprobe,239,0.95
resnet50_caltech256_f50_s2_linprobe,resnet50,caltech256,50,2,linprobe,240,0.894737
resnet50_caltech256_f50_s2_linprobe,resnet50,caltech256,50,2,linprobe,241,0.894737
resnet50_caltech256_f50_s2_linprobe,resnet50,caltech256,50,2,linprobe,242,0.888889
resnet50_caltech256_f50_s2_linprobe,resnet50,caltech256,50,2,linprobe,243,0.666667
resnet50_caltech256_f50_s2_linprobe,resnet50,caltech256,50,2,linprobe,244,0.666667
resnet50_caltech256_f50_s2_linprobe,resnet50,caltech256,50,2,linprobe,245,0.8
resnet50_caltech256_f50_s2_linprobe,resnet50,caltech256,50,2,linprobe,246,0.611111
resnet50_caltech256_f50_s2_linprobe,resnet50,caltech256,50,2,linprobe,247,0.823529
resnet50_caltech256_f50_s2_linprobe,resnet50,caltech256,50,2,linprobe,248,0.55
resnet50_caltech256_f50_s2_linprobe,resnet50,caltech256,50,2,linprobe,249,1.0
resnet50_caltech256_f50_s2_linprobe,resnet50,caltech256,50,2,linprobe,250,0.9875
resnet50_caltech256_f50_s2_linprobe,resnet50,caltech256,50,2,linprobe,251,1.0
resnet50_caltech256_f50_s2_linprobe,resnet50,caltech256,50,2,linprobe,252,0.988506
resnet50_caltech256_f50_s2_linprobe,resnet50,caltech256,50,2,linprobe,253,1.0
resnet50_caltech256_f50_s2_linprobe,resnet50,caltech256,50,2,linprobe,254,0.761905
resnet50_caltech256_f50_s2_linprobe,resnet50,caltech256,50,2,linprobe,255,0.909091
vit_b16_caltech256_f100_s0_fullft,vit_b16,caltech256,100,0,fullft,0,1.0
vit_b16_caltech256_f100_s0_fullft,vit_b16,caltech256,100,0,fullft,1,0.947368
vit_b16_caltech256_f100_s0_fullft,vit_b16,caltech256,100,0,fullft,2,0.9
vit_b16_caltech256_f100_s0_fullft,vit_b16,caltech256,100,0,fullft,3,0.72
vit_b16_caltech256_f100_s0_fullft,vit_b16,caltech256,100,0,fullft,4,1.0
vit_b16_caltech256_f100_s0_fullft,vit_b16,caltech256,100,0,fullft,5,0.888889
vit_b16_caltech256_f100_s0_fullft,vit_b16,caltech256,100,0,fullft,6,0.904762
vit_b16_caltech256_f100_s0_fullft,vit_b16,caltech256,100,0,fullft,7,0.913043
vit_b16_caltech256_f100_s0_fullft,vit_b16,caltech256,100,0,fullft,8,0.9
vit_b16_caltech256_f100_s0_fullft,vit_b16,caltech256,100,0,fullft,9,0.789474
vit_b16_caltech256_f100_s0_fullft,vit_b16,caltech256,100,0,fullft,10,0.982143
vit_b16_caltech256_f100_s0_fullft,vit_b16,caltech256,100,0,fullft,11,0.976744
vit_b16_caltech256_f100_s0_fullft,vit_b16,caltech256,100,0,fullft,12,0.85
vit_b16_caltech256_f100_s0_fullft,vit_b16,caltech256,100,0,fullft,13,0.941176
vit_b16_caltech256_f100_s0_fullft,vit_b16,caltech256,100,0,fullft,14,1.0
vit_b16_caltech256_f100_s0_fullft,vit_b16,caltech256,100,0,fullft,15,0.888889
vit_b16_caltech256_f100_s0_fullft,vit_b16,caltech256,100,0,fullft,16,0.571429
vit_b16_caltech256_f100_s0_fullft,vit_b16,caltech256,100,0,fullft,17,0.75
vit_b16_caltech256_f100_s0_fullft,vit_b16,caltech256,100,0,fullft,18,0.88
vit_b16_caltech256_f100_s0_fullft,vit_b16,caltech256,100,0,fullft,19,0.941176
vit_b16_caltech256_f100_s0_fullft,vit_b16,caltech256,100,0,fullft,20,0.928571
vit_b16_caltech256_f100_s0_fullft,vit_b16,caltech256,100,0,fullft,21,1.0
vit_b16_caltech256_f100_s0_fullft,vit_b16,caltech256,100,0,fullft,22,0.909091
vit_b16_caltech256_f100_s0_fullft,vit_b16,caltech256,100,0,fullft,23,0.954545
vit_b16_caltech256_f100_s0_fullft,vit_b16,caltech256,100,0,fullft,24,0.956522
vit_b16_caltech256_f100_s0_fullft,vit_b16,caltech256,100,0,fullft,25,0.666667
vit_b16_caltech256_f100_s0_fullft,vit_b16,caltech256,100,0,fullft,26,1.0
vit_b16_caltech256_f100_s0_fullft,vit_b16,caltech256,100,0,fullft,27,0.954545
vit_b16_caltech256_f100_s0_fullft,vit_b16,caltech256,100,0,fullft,28,0.952381
vit_b16_caltech256_f100_s0_fullft,vit_b16,caltech256,100,0,fullft,29,0.761905
vit_b16_caltech256_f100_s0_fullft,vit_b16,caltech256,100,0,fullft,30,0.944444
vit_b16_caltech256_f100_s0_fullft,vit_b16,caltech256,100,0,fullft,31,0.85
vit_b16_caltech256_f100_s0_fullft,vit_b16,caltech256,100,0,fullft,32,0.95
vit_b16_caltech256_f100_s0_fullft,vit_b16,caltech256,100,0,fullft,33,1.0
vit_b16_caltech256_f100_s0_fullft,vit_b16,caltech256,100,0,fullft,34,0.941176
vit_b16_caltech256_f100_s0_fullft,vit_b16,caltech256,100,0,fullft,35,0.952381
vit_b16_caltech256_f100_s0_fullft,vit_b16,caltech256,100,0,fullft,36,1.0
vit_b16_caltech256_f100_s0_fullft,vit_b16,caltech256,100,0,fullft,37,0.818182
vit_b16_caltech256_f100_s0_fullft,vit_b16,caltech256,100,0,fullft,38,0.411765
vit_b16_caltech256_f100_s0_fullft,vit_b16,caltech256,100,0,fullft,39,1.0
vit_b16_caltech256_f100_s0_fullft,vit_b16,caltech256,100,0,fullft,40,0.882353
vit_b16_caltech256_f100_s0_fullft,vit_b16,caltech256,100,0,fullft,41,0.647059
vit_b16_caltech256_f100_s0_fullft,vit_b16,caltech256,100,0,fullft,42,0.84
vit_b16_caltech256_f100_s0_fullft,vit_b16,caltech256,100,0,fullft,43,0.833333
vit_b16_caltech256_f100_s0_fullft,vit_b16,caltech256,100,0,fullft,44,0.882353
vit_b16_caltech256_f100_s0_fullft,vit_b16,caltech256,100,0,fullft,45,0.962963
vit_b16_caltech256_f100_s0_fullft,vit_b16,caltech256,100,0,fullft,46,0.894737
vit_b16_caltech256_f100_s0_fullft,vit_b16,caltech256,100,0,fullft,47,0.857143
vit_b16_caltech256_f100_s0_fullft,vit_b16,caltech256,100,0,fullft,48,0.904762
vit_b16_caltech256_f100_s0_fullft,vit_b16,caltech256,100,0,fullft,49,0.842105
vit_b16_caltech256_f100_s0_fullft,vit_b16,caltech256,100,0,fullft,50,0.956522
vit_b16_caltech256_f100_s0_fullft,vit_b16,caltech256,100,0,fullft,51,0.941176
vit_b16_caltech256_f100_s0_fullft,vit_b16,caltech256,100,0,fullft,52,0.9375
vit_b16_caltech256_f100_s0_fullft,vit_b16,caltech256,100,0,fullft,53,1.0
vit_b16_caltech256_f100_s0_fullft,vit_b16,caltech256,100,0,fullft,54,0.75
vit_b16_caltech256_f100_s0_fullft,vit_b16,caltech256,100,0,fullft,55,0.8
vit_b16_caltech256_f100_s0_fullft,vit_b16,caltech256,100,0,fullft,56,0.952381
vit_b16_caltech256_f100_s0_fullft,vit_b16,caltech256,100,0,fullft,57,0.789474
vit_b16_caltech256_f100_s0_fullft,vit_b16,caltech256,100,0,fullft,58,0.588235
vit_b16_caltech256_f100_s0_fullft,vit_b16,caltech256,100,0,fullft,59,0.764706
vit_b16_caltech256_f100_s0_fullft,vit_b16,caltech256,100,0,fullft,60,0.8
vit_b16_caltech256_f100_s0_fullft,vit_b16,caltech256,100,0,fullft,61,0.941176
vit_b16_caltech256_f100_s0_fullft,vit_b16,caltech256,100,0,fullft,62,1.0
vit_b16_caltech256_f100_s0_fullft,vit_b16,caltech256,100,0,fullft,63,1.0
vit_b16_caltech256_f100_s0_fullft,vit_b16,caltech256,100,0,fullft,64,0.9
vit_b16_caltech256_f100_s0_fullft,vit_b16,caltech256,100,0,fullft,65,0.941176
vit_b16_caltech256_f100_s0_fullft,vit_b16,caltech256,100,0,fullft,66,1.0
vit_b16_caltech256_f100_s0_fullft,vit_b16,caltech256,100,0,fullft,67,0.863636
vit_b16_caltech256_f100_s0_fullft,vit_b16,caltech256,100,0,fullft,68,0.6
vit_b16_caltech256_f100_s0_fullft,vit_b16,caltech256,100,0,fullft,69,0.764706
vit_b16_caltech256_f100_s0_fullft,vit_b16,caltech256,100,0,fullft,70,0.95
vit_b16_caltech256_f100_s0_fullft,vit_b16,caltech256,100,0,fullft,71,0.958333
vit_b16_caltech256_f100_s0_fullft,vit_b16,caltech256,100,0,fullft,72,1.0
vit_b16_caltech256_f100_s0_fullft,vit_b16,caltech256,100,0,fullft,73,0.695652
vit_b16_caltech256_f100_s0_fullft,vit_b16,caltech256,100,0,fullft,74,0.647059
vit_b16_caltech256_f100_s0_fullft,vit_b16,caltech256,100,0,fullft,75,0.941176
vit_b16_caltech256_f100_s0_fullft,vit_b16,caltech256,100,0,fullft,76,1.0
vit_b16_caltech256_f100_s0_fullft,vit_b16,caltech256,100,0,fullft,77,0.888889
vit_b16_caltech256_f100_s0_fullft,vit_b16,caltech256,100,0,fullft,78,0.65
vit_b16_caltech256_f100_s0_fullft,vit_b16,caltech256,100,0,fullft,79,0.956522
vit_b16_caltech256_f100_s0_fullft,vit_b16,caltech256,100,0,fullft,80,0.842105
vit_b16_caltech256_f100_s0_fullft,vit_b16,caltech256,100,0,fullft,81,0.9375
vit_b16_caltech256_f100_s0_fullft,vit_b16,caltech256,100,0,fullft,82,0.842105
vit_b16_caltech256_f100_s0_fullft,vit_b16,caltech256,100,0,fullft,83,0.823529
vit_b16_caltech256_f100_s0_fullft,vit_b16,caltech256,100,0,fullft,84,0.909091
vit_b16_caltech256_f100_s0_fullft,vit_b16,caltech256,100,0,fullft,85,0.9375
vit_b16_caltech256_f100_s0_fullft,vit_b16,caltech256,100,0,fullft,86,0.894737
vit_b16_caltech256_f100_s0_fullft,vit_b16,caltech256,100,0,fullft,87,0.95
vit_b16_caltech256_f100_s0_fullft,vit_b16,caltech256,100,0,fullft,88,0.772727
vit_b16_caltech256_f100_s0_fullft,vit_b16,caltech256,100,0,fullft,89,0.97619
vit_b16_caltech256_f100_s0_fullft,vit_b16,caltech256,100,0,fullft,90,0.894737
vit_b16_caltech256_f100_s0_fullft,vit_b16,caltech256,100,0,fullft,91,0.875
vit_b16_caltech256_f100_s0_fullft,vit_b16,caltech256,100,0,fullft,92,0.954545
vit_b16_caltech256_f100_s0_fullft,vit_b16,caltech256,100,0,fullft,93,0.952381
vit_b16_caltech256_f100_s0_fullft,vit_b16,caltech256,100,0,fullft,94,0.882353
vit_b16_caltech256_f100_s0_fullft,vit_b16,caltech256,100,0,fullft,95,0.964912
vit_b16_caltech256_f100_s0_fullft,vit_b16,caltech256,100,0,fullft,96,0.833333
vit_b16_caltech256_f100_s0_fullft,vit_b16,caltech256,100,0,fullft,97,1.0
vit_b16_caltech256_f100_s0_fullft,vit_b16,caltech256,100,0,fullft,98,1.0
vit_b16_caltech256_f100_s0_fullft,vit_b16,caltech256,100,0,fullft,99,1.0
vit_b16_caltech256_f100_s0_fullft,vit_b16,caltech256,100,0,fullft,100,0.928571
vit_b16_caltech256_f100_s0_fullft,vit_b16,caltech256,100,0,fullft,101,1.0
vit_b16_caltech256_f100_s0_fullft,vit_b16,caltech256,100,0,fullft,102,1.0
vit_b16_caltech256_f100_s0_fullft,vit_b16,caltech256,100,0,fullft,103,0.947368
vit_b16_caltech256_f100_s0_fullft,vit_b16,caltech256,100,0,fullft,104,0.962963
vit_b16_caltech256_f100_s0_fullft,vit_b16,caltech256,100,0,fullft,105,0.647059
vit_b16_caltech256_f100_s0_fullft,vit_b16,caltech256,100,0,fullft,106,1.0
vit_b16_caltech256_f100_s0_fullft,vit_b16,caltech256,100,0,fullft,107,0.764706
vit_b16_caltech256_f100_s0_fullft,vit_b16,caltech256,100,0,fullft,108,0.903226
vit_b16_caltech256_f100_s0_fullft,vit_b16,caltech256,100,0,fullft,109,0.941176
vit_b16_caltech256_f100_s0_fullft,vit_b16,caltech256,100,0,fullft,110,0.941176
vit_b16_caltech256_f100_s0_fullft,vit_b16,caltech256,100,0,fullft,111,0.941176
vit_b16_caltech256_f100_s0_fullft,vit_b16,caltech256,100,0,fullft,112,1.0
vit_b16_caltech256_f100_s0_fullft,vit_b16,caltech256,100,0,fullft,113,1.0
vit_b16_caltech256_f100_s0_fullft,vit_b16,caltech256,100,0,fullft,114,0.722222
vit_b16_caltech256_f100_s0_fullft,vit_b16,caltech256,100,0,fullft,115,0.904762
vit_b16_caltech256_f100_s0_fullft,vit_b16,caltech256,100,0,fullft,116,0.958333
vit_b16_caltech256_f100_s0_fullft,vit_b16,caltech256,100,0,fullft,117,1.0
vit_b16_caltech256_f100_s0_fullft,vit_b16,caltech256,100,0,fullft,118,0.941176
vit_b16_caltech256_f100_s0_fullft,vit_b16,caltech256,100,0,fullft,119,0.846154
vit_b16_caltech256_f100_s0_fullft,vit_b16,caltech256,100,0,fullft,120,1.0
vit_b16_caltech256_f100_s0_fullft,vit_b16,caltech256,100,0,fullft,121,0.952381
vit_b16_caltech256_f100_s0_fullft,vit_b16,caltech256,100,0,fullft,122,1.0
vit_b16_caltech256_f100_s0_fullft,vit_b16,caltech256,100,0,fullft,123,0.944444
vit_b16_caltech256_f100_s0_fullft,vit_b16,caltech256,100,0,fullft,124,0.45
vit_b16_caltech256_f100_s0_fullft,vit_b16,caltech256,100,0,fullft,125,0.708333
vit_b16_caltech256_f100_s0_fullft,vit_b16,caltech256,100,0,fullft,126,0.884615
vit_b16_caltech256_f100_s0_fullft,vit_b16,caltech256,100,0,fullft,127,0.857143
vit_b16_caltech256_f100_s0_fullft,vit_b16,caltech256,100,0,fullft,128,1.0
vit_b16_caltech256_f100_s0_fullft,vit_b16,caltech256,100,0,fullft,129,1.0
vit_b16_caltech256_f100_s0_fullft,vit_b16,caltech256,100,0,fullft,130,1.0
vit_b16_caltech256_f100_s0_fullft,vit_b16,caltech256,100,0,fullft,131,0.947368
vit_b16_caltech256_f100_s0_fullft,vit_b16,caltech256,100,0,fullft,132,0.962963
vit_b16_caltech256_f100_s0_fullft,vit_b16,caltech256,100,0,fullft,133,1.0
vit_b16_caltech256_f100_s0_fullft,vit_b16,caltech256,100,0,fullft,134,0.789474
vit_b16_caltech256_f100_s0_fullft,vit_b16,caltech256,100,0,fullft,135,0.947368
vit_b16_caltech256_f100_s0_fullft,vit_b16,caltech256,100,0,fullft,136,0.935484
vit_b16_caltech256_f100_s0_fullft,vit_b16,caltech256,100,0,fullft,137,0.842105
vit_b16_caltech256_f100_s0_fullft,vit_b16,caltech256,100,0,fullft,138,0.882353
vit_b16_caltech256_f100_s0_fullft,vit_b16,caltech256,100,0,fullft,139,0.833333
vit_b16_caltech256_f100_s0_fullft,vit_b16,caltech256,100,0,fullft,140,1.0
vit_b16_caltech256_f100_s0_fullft,vit_b16,caltech256,100,0,fullft,141,0.904762
vit_b16_caltech256_f100_s0_fullft,vit_b16,caltech256,100,0,fullft,142,0.923077
vit_b16_caltech256_f100_s0_fullft,vit_b16,caltech256,100,0,fullft,143,0.875
vit_b16_caltech256_f100_s0_fullft,vit_b16,caltech256,100,0,fullft,144,1.0
vit_b16_caltech256_f100_s0_fullft,vit_b16,caltech256,100,0,fullft,145,0.6875
vit_b16_caltech256_f100_s0_fullft,vit_b16,caltech256,100,0,fullft,146,0.8
vit_b16_caltech256_f100_s0_fullft,vit_b16,caltech256,100,0,fullft,147,0.771429
vit_b16_caltech256_f100_s0_fullft,vit_b16,caltech256,100,0,fullft,148,0.857143
vit_b16_caltech256_f100_s0_fullft,vit_b16,caltech256,100,0,fullft,149,0.954545
vit_b16_caltech256_f100_s0_fullft,vit_b16,caltech256,100,0,fullft,150,0.954545
vit_b16_caltech256_f100_s0_fullft,vit_b16,caltech256,100,0,fullft,151,1.0
vit_b16_caltech256_f100_s0_fullft,vit_b16,caltech256,100,0,fullft,152,0.894737
vit_b16_caltech256_f100_s0_fullft,vit_b16,caltech256,100,0,fullft,153,0.904762
vit_b16_caltech256_f100_s0_fullft,vit_b16,caltech256,100,0,fullft,154,0.722222
vit_b16_caltech256_f100_s0_fullft,vit_b16,caltech256,100,0,fullft,155,0.789474
vit_b16_caltech256_f100_s0_fullft,vit_b16,caltech256,100,0,fullft,156,0.952381
vit_b16_caltech256_f100_s0_fullft,vit_b16,caltech256,100,0,fullft,157,0.966667
vit_b16_caltech256_f100_s0_fullft,vit_b16,caltech256,100,0,fullft,158,0.714286
vit_b16_caltech256_f100_s0_fullft,vit_b16,caltech256,100,0,fullft,159,0.823529
vit_b16_caltech256_f100_s0_fullft,vit_b16,caltech256,100,0,fullft,160,0.952381
vit_b16_caltech256_f100_s0_fullft,vit_b16,caltech256,100,0,fullft,161,0.722222
vit_b16_caltech256_f100_s0_fullft,vit_b16,caltech256,100,0,fullft,162,0.666667
vit_b16_caltech256_f100_s0_fullft,vit_b16,caltech256,100,0,fullft,163,1.0
vit_b16_caltech256_f100_s0_fullft,vit_b16,caltech256,100,0,fullft,164,0.888889
vit_b16_caltech256_f100_s0_fullft,vit_b16,caltech256,100,0,fullft,165,0.944444
vit_b16_caltech256_f100_s0_fullft,vit_b16,caltech256,100,0,fullft,166,0.941176
vit_b16_caltech256_f100_s0_fullft,vit_b16,caltech256,100,0,fullft,167,0.928571
vit_b16_caltech256_f100_s0_fullft,vit_b16,caltech256,100,0,fullft,168,0.944444
vit_b16_caltech256_f100_s0_fullft,vit_b16,caltech256,100,0,fullft,169,0.9
vit_b16_caltech256_f100_s0_fullft,vit_b16,caltech256,100,0,fullft,170,0.882353
vit_b16_caltech256_f100_s0_fullft,vit_b16,caltech256,100,0,fullft,171,0.9
vit_b16_caltech256_f100_s0_fullft,vit_b16,caltech256,100,0,fullft,172,0.761905
vit_b16_caltech256_f100_s0_fullft,vit_b16,caltech256,100,0,fullft,173,0.941176
vit_b16_caltech256_f100_s0_fullft,vit_b16,caltech256,100,0,fullft,174,0.941176
vit_b16_caltech256_f100_s0_fullft,vit_b16,caltech256,100,0,fullft,175,0.954545
vit_b16_caltech256_f100_s0_fullft,vit_b16,caltech256,100,0,fullft,176,1.0
vit_b16_caltech256_f100_s0_fullft,vit_b16,caltech256,100,0,fullft,177,0.9
vit_b16_caltech256_f100_s0_fullft,vit_b16,caltech256,100,0,fullft,178,1.0
vit_b16_caltech256_f100_s0_fullft,vit_b16,caltech256,100,0,fullft,179,0.5
vit_b16_caltech256_f100_s0_fullft,vit_b16,caltech256,100,0,fullft,180,1.0
vit_b16_caltech256_f100_s0_fullft,vit_b16,caltech256,100,0,fullft,181,1.0
vit_b16_caltech256_f100_s0_fullft,vit_b16,caltech256,100,0,fullft,182,0.85
vit_b16_caltech256_f100_s0_fullft,vit_b16,caltech256,100,0,fullft,183,0.941176
vit_b16_caltech256_f100_s0_fullft,vit_b16,caltech256,100,0,fullft,184,0.52381
vit_b16_caltech256_f100_s0_fullft,vit_b16,caltech256,100,0,fullft,185,1.0
vit_b16_caltech256_f100_s0_fullft,vit_b16,caltech256,100,0,fullft,186,1.0
vit_b16_caltech256_f100_s0_fullft,vit_b16,caltech256,100,0,fullft,187,0.833333
vit_b16_caltech256_f100_s0_fullft,vit_b16,caltech256,100,0,fullft,188,0.916667
vit_b16_caltech256_f100_s0_fullft,vit_b16,caltech256,100,0,fullft,189,0.954545
vit_b16_caltech256_f100_s0_fullft,vit_b16,caltech256,100,0,fullft,190,0.545455
vit_b16_caltech256_f100_s0_fullft,vit_b16,caltech256,100,0,fullft,191,0.863636
vit_b16_caltech256_f100_s0_fullft,vit_b16,caltech256,100,0,fullft,192,0.857143
vit_b16_caltech256_f100_s0_fullft,vit_b16,caltech256,100,0,fullft,193,0.954545
vit_b16_caltech256_f100_s0_fullft,vit_b16,caltech256,100,0,fullft,194,0.588235
vit_b16_caltech256_f100_s0_fullft,vit_b16,caltech256,100,0,fullft,195,1.0
vit_b16_caltech256_f100_s0_fullft,vit_b16,caltech256,100,0,fullft,196,0.9
vit_b16_caltech256_f100_s0_fullft,vit_b16,caltech256,100,0,fullft,197,0.818182
vit_b16_caltech256_f100_s0_fullft,vit_b16,caltech256,100,0,fullft,198,0.571429
vit_b16_caltech256_f100_s0_fullft,vit_b16,caltech256,100,0,fullft,199,0.95
vit_b16_caltech256_f100_s0_fullft,vit_b16,caltech256,100,0,fullft,200,1.0
vit_b16_caltech256_f100_s0_fullft,vit_b16,caltech256,100,0,fullft,201,0.684211
vit_b16_caltech256_f100_s0_fullft,vit_b16,caltech256,100,0,fullft,202,0.833333
vit_b16_caltech256_f100_s0_fullft,vit_b16,caltech256,100,0,fullft,203,1.0
vit_b16_caltech256_f100_s0_fullft,vit_b16,caltech256,100,0,fullft,204,0.823529
vit_b16_caltech256_f100_s0_fullft,vit_b16,caltech256,100,0,fullft,205,0.7
vit_b16_caltech256_f100_s0_fullft,vit_b16,caltech256,100,0,fullft,206,1.0
vit_b16_caltech256_f100_s0_fullft,vit_b16,caltech256,100,0,fullft,207,0.954545
vit_b16_caltech256_f100_s0_fullft,vit_b16,caltech256,100,0,fullft,208,0.9
vit_b16_caltech256_f100_s0_fullft,vit_b16,caltech256,100,0,fullft,209,0.863636
vit_b16_caltech256_f100_s0_fullft,vit_b16,caltech256,100,0,fullft,210,0.842105
vit_b16_caltech256_f100_s0_fullft,vit_b16,caltech256,100,0,fullft,211,0.962963
vit_b16_caltech256_f100_s0_fullft,vit_b16,caltech256,100,0,fullft,212,1.0
vit_b16_caltech256_f100_s0_fullft,vit_b16,caltech256,100,0,fullft,213,0.928571
vit_b16_caltech256_f100_s0_fullft,vit_b16,caltech256,100,0,fullft,214,0.941176
vit_b16_caltech256_f100_s0_fullft,vit_b16,caltech256,100,0,fullft,215,1.0
vit_b16_caltech256_f100_s0_fullft,vit_b16,caltech256,100,0,fullft,216,0.904762
vit_b16_caltech256_f100_s0_fullft,vit_b16,caltech256,100,0,fullft,217,1.0
vit_b16_caltech256_f100_s0_fullft,vit_b16,caltech256,100,0,fullft,218,0.882353
vit_b16_caltech256_f100_s0_fullft,vit_b16,caltech256,100,0,fullft,219,1.0
vit_b16_caltech256_f100_s0_fullft,vit_b16,caltech256,100,0,fullft,220,0.952381
vit_b16_caltech256_f100_s0_fullft,vit_b16,caltech256,100,0,fullft,221,0.833333
vit_b16_caltech256_f100_s0_fullft,vit_b16,caltech256,100,0,fullft,222,0.8125
vit_b16_caltech256_f100_s0_fullft,vit_b16,caltech256,100,0,fullft,223,0.954545
vit_b16_caltech256_f100_s0_fullft,vit_b16,caltech256,100,0,fullft,224,0.944444
vit_b16_caltech256_f100_s0_fullft,vit_b16,caltech256,100,0,fullft,225,0.8
vit_b16_caltech256_f100_s0_fullft,vit_b16,caltech256,100,0,fullft,226,0.931034
vit_b16_caltech256_f100_s0_fullft,vit_b16,caltech256,100,0,fullft,227,1.0
vit_b16_caltech256_f100_s0_fullft,vit_b16,caltech256,100,0,fullft,228,0.894737
vit_b16_caltech256_f100_s0_fullft,vit_b16,caltech256,100,0,fullft,229,1.0
vit_b16_caltech256_f100_s0_fullft,vit_b16,caltech256,100,0,fullft,230,0.681818
vit_b16_caltech256_f100_s0_fullft,vit_b16,caltech256,100,0,fullft,231,0.930556
vit_b16_caltech256_f100_s0_fullft,vit_b16,caltech256,100,0,fullft,232,0.7
vit_b16_caltech256_f100_s0_fullft,vit_b16,caltech256,100,0,fullft,233,0.875
vit_b16_caltech256_f100_s0_fullft,vit_b16,caltech256,100,0,fullft,234,0.913043
vit_b16_caltech256_f100_s0_fullft,vit_b16,caltech256,100,0,fullft,235,0.894737
vit_b16_caltech256_f100_s0_fullft,vit_b16,caltech256,100,0,fullft,236,0.888889
vit_b16_caltech256_f100_s0_fullft,vit_b16,caltech256,100,0,fullft,237,1.0
vit_b16_caltech256_f100_s0_fullft,vit_b16,caltech256,100,0,fullft,238,0.764706
vit_b16_caltech256_f100_s0_fullft,vit_b16,caltech256,100,0,fullft,239,0.975
vit_b16_caltech256_f100_s0_fullft,vit_b16,caltech256,100,0,fullft,240,0.789474
vit_b16_caltech256_f100_s0_fullft,vit_b16,caltech256,100,0,fullft,241,1.0
vit_b16_caltech256_f100_s0_fullft,vit_b16,caltech256,100,0,fullft,242,0.777778
vit_b16_caltech256_f100_s0_fullft,vit_b16,caltech256,100,0,fullft,243,0.611111
vit_b16_caltech256_f100_s0_fullft,vit_b16,caltech256,100,0,fullft,244,0.888889
vit_b16_caltech256_f100_s0_fullft,vit_b16,caltech256,100,0,fullft,245,0.8
vit_b16_caltech256_f100_s0_fullft,vit_b16,caltech256,100,0,fullft,246,0.722222
vit_b16_caltech256_f100_s0_fullft,vit_b16,caltech256,100,0,fullft,247,0.882353
vit_b16_caltech256_f100_s0_fullft,vit_b16,caltech256,100,0,fullft,248,0.7
vit_b16_caltech256_f100_s0_fullft,vit_b16,caltech256,100,0,fullft,249,1.0
vit_b16_caltech256_f100_s0_fullft,vit_b16,caltech256,100,0,fullft,250,0.98125
vit_b16_caltech256_f100_s0_fullft,vit_b16,caltech256,100,0,fullft,251,1.0
vit_b16_caltech256_f100_s0_fullft,vit_b16,caltech256,100,0,fullft,252,1.0
vit_b16_caltech256_f100_s0_fullft,vit_b16,caltech256,100,0,fullft,253,0.947368
vit_b16_caltech256_f100_s0_fullft,vit_b16,caltech256,100,0,fullft,254,0.666667
vit_b16_caltech256_f100_s0_fullft,vit_b16,caltech256,100,0,fullft,255,0.954545
vit_b16_caltech256_f100_s0_linprobe,vit_b16,caltech256,100,0,linprobe,0,0.95
vit_b16_caltech256_f100_s0_linprobe,vit_b16,caltech256,100,0,linprobe,1,0.842105
vit_b16_caltech256_f100_s0_linprobe,vit_b16,caltech256,100,0,linprobe,2,0.9
vit_b16_caltech256_f100_s0_linprobe,vit_b16,caltech256,100,0,linprobe,3,0.72
vit_b16_caltech256_f100_s0_linprobe,vit_b16,caltech256,100,0,linprobe,4,0.933333
vit_b16_caltech256_f100_s0_linprobe,vit_b16,caltech256,100,0,linprobe,5,0.944444
vit_b16_caltech256_f100_s0_linprobe,vit_b16,caltech256,100,0,linprobe,6,0.809524
vit_b16_caltech256_f100_s0_linprobe,vit_b16,caltech256,100,0,linprobe,7,0.869565
vit_b16_caltech256_f100_s0_linprobe,vit_b16,caltech256,100,0,linprobe,8,0.95
vit_b16_caltech256_f100_s0_linprobe,vit_b16,caltech256,100,0,linprobe,9,0.789474
vit_b16_caltech256_f100_s0_linprobe,vit_b16,caltech256,100,0,linprobe,10,0.964286
vit_b16_caltech256_f100_s0_linprobe,vit_b16,caltech256,100,0,linprobe,11,0.976744
vit_b16_caltech256_f100_s0_linprobe,vit_b16,caltech256,100,0,linprobe,12,0.65
vit_b16_caltech256_f100_s0_linprobe,vit_b16,caltech256,100,0,linprobe,13,0.882353
vit_b16_caltech256_f100_s0_linprobe,vit_b16,caltech256,100,0,linprobe,14,0.958333
vit_b16_caltech256_f100_s0_linprobe,vit_b16,caltech256,100,0,linprobe,15,0.888889
vit_b16_caltech256_f100_s0_linprobe,vit_b16,caltech256,100,0,linprobe,16,0.666667
vit_b16_caltech256_f100_s0_linprobe,vit_b16,caltech256,100,0,linprobe,17,0.55
vit_b16_caltech256_f100_s0_linprobe,vit_b16,caltech256,100,0,linprobe,18,0.76
vit_b16_caltech256_f100_s0_linprobe,vit_b16,caltech256,100,0,linprobe,19,0.941176
vit_b16_caltech256_f100_s0_linprobe,vit_b16,caltech256,100,0,linprobe,20,0.928571
vit_b16_caltech256_f100_s0_linprobe,vit_b16,caltech256,100,0,linprobe,21,1.0
vit_b16_caltech256_f100_s0_linprobe,vit_b16,caltech256,100,0,linprobe,22,0.954545
vit_b16_caltech256_f100_s0_linprobe,vit_b16,caltech256,100,0,linprobe,23,0.954545
vit_b16_caltech256_f100_s0_linprobe,vit_b16,caltech256,100,0,linprobe,24,0.869565
vit_b16_caltech256_f100_s0_linprobe,vit_b16,caltech256,100,0,linprobe,25,0.714286
vit_b16_caltech256_f100_s0_linprobe,vit_b16,caltech256,100,0,linprobe,26,0.95
vit_b16_caltech256_f100_s0_linprobe,vit_b16,caltech256,100,0,linprobe,27,0.954545
vit_b16_caltech256_f100_s0_linprobe,vit_b16,caltech256,100,0,linprobe,28,1.0
vit_b16_caltech256_f100_s0_linprobe,vit_b16,caltech256,100,0,linprobe,29,0.619048
vit_b16_caltech256_f100_s0_linprobe,vit_b16,caltech256,100,0,linprobe,30,0.722222
vit_b16_caltech256_f100_s0_linprobe,vit_b16,caltech256,100,0,linprobe,31,0.8
vit_b16_caltech256_f100_s0_linprobe,vit_b16,caltech256,100,0,linprobe,32,0.85
vit_b16_caltech256_f100_s0_linprobe,vit_b16,caltech256,100,0,linprobe,33,0.95
vit_b16_caltech256_f100_s0_linprobe,vit_b16,caltech256,100,0,linprobe,34,0.882353
vit_b16_caltech256_f100_s0_linprobe,vit_b16,caltech256,100,0,linprobe,35,0.809524
vit_b16_caltech256_f100_s0_linprobe,vit_b16,caltech256,100,0,linprobe,36,0.958333
vit_b16_caltech256_f100_s0_linprobe,vit_b16,caltech256,100,0,linprobe,37,0.909091
vit_b16_caltech256_f100_s0_linprobe,vit_b16,caltech256,100,0,linprobe,38,0.411765
vit_b16_caltech256_f100_s0_linprobe,vit_b16,caltech256,100,0,linprobe,39,0.96
vit_b16_caltech256_f100_s0_linprobe,vit_b16,caltech256,100,0,linprobe,40,0.941176
vit_b16_caltech256_f100_s0_linprobe,vit_b16,caltech256,100,0,linprobe,41,0.529412
vit_b16_caltech256_f100_s0_linprobe,vit_b16,caltech256,100,0,linprobe,42,0.88
vit_b16_caltech256_f100_s0_linprobe,vit_b16,caltech256,100,0,linprobe,43,0.833333
vit_b16_caltech256_f100_s0_linprobe,vit_b16,caltech256,100,0,linprobe,44,0.941176
vit_b16_caltech256_f100_s0_linprobe,vit_b16,caltech256,100,0,linprobe,45,1.0
vit_b16_caltech256_f100_s0_linprobe,vit_b16,caltech256,100,0,linprobe,46,0.842105
vit_b16_caltech256_f100_s0_linprobe,vit_b16,caltech256,100,0,linprobe,47,0.904762
vit_b16_caltech256_f100_s0_linprobe,vit_b16,caltech256,100,0,linprobe,48,0.952381
vit_b16_caltech256_f100_s0_linprobe,vit_b16,caltech256,100,0,linprobe,49,0.631579
vit_b16_caltech256_f100_s0_linprobe,vit_b16,caltech256,100,0,linprobe,50,0.869565
vit_b16_caltech256_f100_s0_linprobe,vit_b16,caltech256,100,0,linprobe,51,0.882353
vit_b16_caltech256_f100_s0_linprobe,vit_b16,caltech256,100,0,linprobe,52,0.8125
vit_b16_caltech256_f100_s0_linprobe,vit_b16,caltech256,100,0,linprobe,53,1.0
vit_b16_caltech256_f100_s0_linprobe,vit_b16,caltech256,100,0,linprobe,54,0.8
vit_b16_caltech256_f100_s0_linprobe,vit_b16,caltech256,100,0,linprobe,55,0.8
vit_b16_caltech256_f100_s0_linprobe,vit_b16,caltech256,100,0,linprobe,56,0.857143
vit_b16_caltech256_f100_s0_linprobe,vit_b16,caltech256,100,0,linprobe,57,0.736842
vit_b16_caltech256_f100_s0_linprobe,vit_b16,caltech256,100,0,linprobe,58,0.352941
vit_b16_caltech256_f100_s0_linprobe,vit_b16,caltech256,100,0,linprobe,59,0.705882
vit_b16_caltech256_f100_s0_linprobe,vit_b16,caltech256,100,0,linprobe,60,0.8
vit_b16_caltech256_f100_s0_linprobe,vit_b16,caltech256,100,0,linprobe,61,0.882353
vit_b16_caltech256_f100_s0_linprobe,vit_b16,caltech256,100,0,linprobe,62,0.916667
vit_b16_caltech256_f100_s0_linprobe,vit_b16,caltech256,100,0,linprobe,63,0.961538
vit_b16_caltech256_f100_s0_linprobe,vit_b16,caltech256,100,0,linprobe,64,0.9
vit_b16_caltech256_f100_s0_linprobe,vit_b16,caltech256,100,0,linprobe,65,0.882353
vit_b16_caltech256_f100_s0_linprobe,vit_b16,caltech256,100,0,linprobe,66,0.882353
vit_b16_caltech256_f100_s0_linprobe,vit_b16,caltech256,100,0,linprobe,67,0.863636
vit_b16_caltech256_f100_s0_linprobe,vit_b16,caltech256,100,0,linprobe,68,0.6
vit_b16_caltech256_f100_s0_linprobe,vit_b16,caltech256,100,0,linprobe,69,0.352941
vit_b16_caltech256_f100_s0_linprobe,vit_b16,caltech256,100,0,linprobe,70,0.75
vit_b16_caltech256_f100_s0_linprobe,vit_b16,caltech256,100,0,linprobe,71,0.958333
vit_b16_caltech256_f100_s0_linprobe,vit_b16,caltech256,100,0,linprobe,72,0.9
vit_b16_caltech256_f100_s0_linprobe,vit_b16,caltech256,100,0,linprobe,73,0.695652
vit_b16_caltech256_f100_s0_linprobe,vit_b16,caltech256,100,0,linprobe,74,0.705882
vit_b16_caltech256_f100_s0_linprobe,vit_b16,caltech256,100,0,linprobe,75,1.0
vit_b16_caltech256_f100_s0_linprobe,vit_b16,caltech256,100,0,linprobe,76,1.0
vit_b16_caltech256_f100_s0_linprobe,vit_b16,caltech256,100,0,linprobe,77,0.833333
vit_b16_caltech256_f100_s0_linprobe,vit_b16,caltech256,100,0,linprobe,78,0.75
vit_b16_caltech256_f100_s0_linprobe,vit_b16,caltech256,100,0,linprobe,79,0.782609
vit_b16_caltech256_f100_s0_linprobe,vit_b16,caltech256,100,0,linprobe,80,0.894737
vit_b16_caltech256_f100_s0_linprobe,vit_b16,caltech256,100,0,linprobe,81,0.9375
vit_b16_caltech256_f100_s0_linprobe,vit_b16,caltech256,100,0,linprobe,82,0.894737
vit_b16_caltech256_f100_s0_linprobe,vit_b16,caltech256,100,0,linprobe,83,0.941176
vit_b16_caltech256_f100_s0_linprobe,vit_b16,caltech256,100,0,linprobe,84,0.772727
vit_b16_caltech256_f100_s0_linprobe,vit_b16,caltech256,100,0,linprobe,85,0.9375
vit_b16_caltech256_f100_s0_linprobe,vit_b16,caltech256,100,0,linprobe,86,0.894737
vit_b16_caltech256_f100_s0_linprobe,vit_b16,caltech256,100,0,linprobe,87,1.0
vit_b16_caltech256_f100_s0_linprobe,vit_b16,caltech256,100,0,linprobe,88,0.727273
vit_b16_caltech256_f100_s0_linprobe,vit_b16,caltech256,100,0,linprobe,89,1.0
vit_b16_caltech256_f100_s0_linprobe,vit_b16,caltech256,100,0,linprobe,90,0.947368
vit_b16_caltech256_f100_s0_linprobe,vit_b16,caltech256,100,0,linprobe,91,0.775
vit_b16_caltech256_f100_s0_linprobe,vit_b16,caltech256,100,0,linprobe,92,1.0
vit_b16_caltech256_f100_s0_linprobe,vit_b16,caltech256,100,0,linprobe,93,1.0
vit_b16_caltech256_f100_s0_linprobe,vit_b16,caltech256,100,0,linprobe,94,0.705882
vit_b16_caltech256_f100_s0_linprobe,vit_b16,caltech256,100,0,linprobe,95,0.929825
vit_b16_caltech256_f100_s0_linprobe,vit_b16,caltech256,100,0,linprobe,96,0.722222
vit_b16_caltech256_f100_s0_linprobe,vit_b16,caltech256,100,0,linprobe,97,0.95
vit_b16_caltech256_f100_s0_linprobe,vit_b16,caltech256,100,0,linprobe,98,0.8125
vit_b16_caltech256_f100_s0_linprobe,vit_b16,caltech256,100,0,linprobe,99,1.0
vit_b16_caltech256_f100_s0_linprobe,vit_b16,caltech256,100,0,linprobe,100,0.785714
vit_b16_caltech256_f100_s0_linprobe,vit_b16,caltech256,100,0,linprobe,101,0.888889
vit_b16_caltech256_f100_s0_linprobe,vit_b16,caltech256,100,0,linprobe,102,0.954545
vit_b16_caltech256_f100_s0_linprobe,vit_b16,caltech256,100,0,linprobe,103,0.736842
vit_b16_caltech256_f100_s0_linprobe,vit_b16,caltech256,100,0,linprobe,104,0.851852
vit_b16_caltech256_f100_s0_linprobe,vit_b16,caltech256,100,0,linprobe,105,0.823529
vit_b16_caltech256_f100_s0_linprobe,vit_b16,caltech256,100,0,linprobe,106,1.0
vit_b16_caltech256_f100_s0_linprobe,vit_b16,caltech256,100,0,linprobe,107,0.764706
vit_b16_caltech256_f100_s0_linprobe,vit_b16,caltech256,100,0,linprobe,108,0.935484
vit_b16_caltech256_f100_s0_linprobe,vit_b16,caltech256,100,0,linprobe,109,0.882353
vit_b16_caltech256_f100_s0_linprobe,vit_b16,caltech256,100,0,linprobe,110,0.882353
vit_b16_caltech256_f100_s0_linprobe,vit_b16,caltech256,100,0,linprobe,111,0.823529
vit_b16_caltech256_f100_s0_linprobe,vit_b16,caltech256,100,0,linprobe,112,0.956522
vit_b16_caltech256_f100_s0_linprobe,vit_b16,caltech256,100,0,linprobe,113,0.958333
vit_b16_caltech256_f100_s0_linprobe,vit_b16,caltech256,100,0,linprobe,114,0.777778
vit_b16_caltech256_f100_s0_linprobe,vit_b16,caltech256,100,0,linprobe,115,1.0
vit_b16_caltech256_f100_s0_linprobe,vit_b16,caltech256,100,0,linprobe,116,0.875
vit_b16_caltech256_f100_s0_linprobe,vit_b16,caltech256,100,0,linprobe,117,0.818182
vit_b16_caltech256_f100_s0_linprobe,vit_b16,caltech256,100,0,linprobe,118,0.647059
vit_b16_caltech256_f100_s0_linprobe,vit_b16,caltech256,100,0,linprobe,119,0.884615
vit_b16_caltech256_f100_s0_linprobe,vit_b16,caltech256,100,0,linprobe,120,1.0
vit_b16_caltech256_f100_s0_linprobe,vit_b16,caltech256,100,0,linprobe,121,0.857143
vit_b16_caltech256_f100_s0_linprobe,vit_b16,caltech256,100,0,linprobe,122,1.0
vit_b16_caltech256_f100_s0_linprobe,vit_b16,caltech256,100,0,linprobe,123,0.944444
vit_b16_caltech256_f100_s0_linprobe,vit_b16,caltech256,100,0,linprobe,124,0.5
vit_b16_caltech256_f100_s0_linprobe,vit_b16,caltech256,100,0,linprobe,125,0.625
vit_b16_caltech256_f100_s0_linprobe,vit_b16,caltech256,100,0,linprobe,126,0.961538
vit_b16_caltech256_f100_s0_linprobe,vit_b16,caltech256,100,0,linprobe,127,0.952381
vit_b16_caltech256_f100_s0_linprobe,vit_b16,caltech256,100,0,linprobe,128,1.0
vit_b16_caltech256_f100_s0_linprobe,vit_b16,caltech256,100,0,linprobe,129,0.833333
vit_b16_caltech256_f100_s0_linprobe,vit_b16,caltech256,100,0,linprobe,130,0.777778
vit_b16_caltech256_f100_s0_linprobe,vit_b16,caltech256,100,0,linprobe,131,0.921053
vit_b16_caltech256_f100_s0_linprobe,vit_b16,caltech256,100,0,linprobe,132,0.777778
vit_b16_caltech256_f100_s0_linprobe,vit_b16,caltech256,100,0,linprobe,133,1.0
vit_b16_caltech256_f100_s0_linprobe,vit_b16,caltech256,100,0,linprobe,134,0.684211
vit_b16_caltech256_f100_s0_linprobe,vit_b16,caltech256,100,0,linprobe,135,0.947368
vit_b16_caltech256_f100_s0_linprobe,vit_b16,caltech256,100,0,linprobe,136,0.935484
vit_b16_caltech256_f100_s0_linprobe,vit_b16,caltech256,100,0,linprobe,137,0.947368
vit_b16_caltech256_f100_s0_linprobe,vit_b16,caltech256,100,0,linprobe,138,0.764706
vit_b16_caltech256_f100_s0_linprobe,vit_b16,caltech256,100,0,linprobe,139,0.722222
vit_b16_caltech256_f100_s0_linprobe,vit_b16,caltech256,100,0,linprobe,140,0.913043
vit_b16_caltech256_f100_s0_linprobe,vit_b16,caltech256,100,0,linprobe,141,0.857143
vit_b16_caltech256_f100_s0_linprobe,vit_b16,caltech256,100,0,linprobe,142,0.961538
vit_b16_caltech256_f100_s0_linprobe,vit_b16,caltech256,100,0,linprobe,143,0.75
vit_b16_caltech256_f100_s0_linprobe,vit_b16,caltech256,100,0,linprobe,144,1.0
vit_b16_caltech256_f100_s0_linprobe,vit_b16,caltech256,100,0,linprobe,145,0.875
vit_b16_caltech256_f100_s0_linprobe,vit_b16,caltech256,100,0,linprobe,146,0.85
vit_b16_caltech256_f100_s0_linprobe,vit_b16,caltech256,100,0,linprobe,147,0.742857
vit_b16_caltech256_f100_s0_linprobe,vit_b16,caltech256,100,0,linprobe,148,0.857143
vit_b16_caltech256_f100_s0_linprobe,vit_b16,caltech256,100,0,linprobe,149,0.772727
vit_b16_caltech256_f100_s0_linprobe,vit_b16,caltech256,100,0,linprobe,150,1.0
vit_b16_caltech256_f100_s0_linprobe,vit_b16,caltech256,100,0,linprobe,151,0.958333
vit_b16_caltech256_f100_s0_linprobe,vit_b16,caltech256,100,0,linprobe,152,0.894737
vit_b16_caltech256_f100_s0_linprobe,vit_b16,caltech256,100,0,linprobe,153,0.666667
vit_b16_caltech256_f100_s0_linprobe,vit_b16,caltech256,100,0,linprobe,154,0.333333
vit_b16_caltech256_f100_s0_linprobe,vit_b16,caltech256,100,0,linprobe,155,0.736842
vit_b16_caltech256_f100_s0_linprobe,vit_b16,caltech256,100,0,linprobe,156,0.904762
vit_b16_caltech256_f100_s0_linprobe,vit_b16,caltech256,100,0,linprobe,157,0.966667
vit_b16_caltech256_f100_s0_linprobe,vit_b16,caltech256,100,0,linprobe,158,0.619048
vit_b16_caltech256_f100_s0_linprobe,vit_b16,caltech256,100,0,linprobe,159,0.647059
vit_b16_caltech256_f100_s0_linprobe,vit_b16,caltech256,100,0,linprobe,160,1.0
vit_b16_caltech256_f100_s0_linprobe,vit_b16,caltech256,100,0,linprobe,161,0.555556
vit_b16_caltech256_f100_s0_linprobe,vit_b16,caltech256,100,0,linprobe,162,0.5
vit_b16_caltech256_f100_s0_linprobe,vit_b16,caltech256,100,0,linprobe,163,1.0
vit_b16_caltech256_f100_s0_linprobe,vit_b16,caltech256,100,0,linprobe,164,0.777778
vit_b16_caltech256_f100_s0_linprobe,vit_b16,caltech256,100,0,linprobe,165,0.833333
vit_b16_caltech256_f100_s0_linprobe,vit_b16,caltech256,100,0,linprobe,166,0.647059
vit_b16_caltech256_f100_s0_linprobe,vit_b16,caltech256,100,0,linprobe,167,1.0
vit_b16_caltech256_f100_s0_linprobe,vit_b16,caltech256,100,0,linprobe,168,0.888889
vit_b16_caltech256_f100_s0_linprobe,vit_b16,caltech256,100,0,linprobe,169,0.8
vit_b16_caltech256_f100_s0_linprobe,vit_b16,caltech256,100,0,linprobe,170,0.882353
vit_b16_caltech256_f100_s0_linprobe,vit_b16,caltech256,100,0,linprobe,171,1.0
vit_b16_caltech256_f100_s0_linprobe,vit_b16,caltech256,100,0,linprobe,172,0.666667
vit_b16_caltech256_f100_s0_linprobe,vit_b16,caltech256,100,0,linprobe,173,1.0
vit_b16_caltech256_f100_s0_linprobe,vit_b16,caltech256,100,0,linprobe,174,0.823529
vit_b16_caltech256_f100_s0_linprobe,vit_b16,caltech256,100,0,linprobe,175,0.863636
vit_b16_caltech256_f100_s0_linprobe,vit_b16,caltech256,100,0,linprobe,176,0.947368
vit_b16_caltech256_f100_s0_linprobe,vit_b16,caltech256,100,0,linprobe,177,0.9
vit_b16_caltech256_f100_s0_linprobe,vit_b16,caltech256,100,0,linprobe,178,1.0
vit_b16_caltech256_f100_s0_linprobe,vit_b16,caltech256,100,0,linprobe,179,0.6
vit_b16_caltech256_f100_s0_linprobe,vit_b16,caltech256,100,0,linprobe,180,0.85
vit_b16_caltech256_f100_s0_linprobe,vit_b16,caltech256,100,0,linprobe,181,1.0
vit_b16_caltech256_f100_s0_linprobe,vit_b16,caltech256,100,0,linprobe,182,0.9
vit_b16_caltech256_f100_s0_linprobe,vit_b16,caltech256,100,0,linprobe,183,0.941176
vit_b16_caltech256_f100_s0_linprobe,vit_b16,caltech256,100,0,linprobe,184,0.619048
vit_b16_caltech256_f100_s0_linprobe,vit_b16,caltech256,100,0,linprobe,185,1.0
vit_b16_caltech256_f100_s0_linprobe,vit_b16,caltech256,100,0,linprobe,186,0.894737
vit_b16_caltech256_f100_s0_linprobe,vit_b16,caltech256,100,0,linprobe,187,0.611111
vit_b16_caltech256_f100_s0_linprobe,vit_b16,caltech256,100,0,linprobe,188,0.875
vit_b16_caltech256_f100_s0_linprobe,vit_b16,caltech256,100,0,linprobe,189,1.0
vit_b16_caltech256_f100_s0_linprobe,vit_b16,caltech256,100,0,linprobe,190,0.772727
vit_b16_caltech256_f100_s0_linprobe,vit_b16,caltech256,100,0,linprobe,191,0.909091
vit_b16_caltech256_f100_s0_linprobe,vit_b16,caltech256,100,0,linprobe,192,0.885714
vit_b16_caltech256_f100_s0_linprobe,vit_b16,caltech256,100,0,linprobe,193,0.954545
vit_b16_caltech256_f100_s0_linprobe,vit_b16,caltech256,100,0,linprobe,194,0.588235
vit_b16_caltech256_f100_s0_linprobe,vit_b16,caltech256,100,0,linprobe,195,0.857143
vit_b16_caltech256_f100_s0_linprobe,vit_b16,caltech256,100,0,linprobe,196,0.8
vit_b16_caltech256_f100_s0_linprobe,vit_b16,caltech256,100,0,linprobe,197,0.863636
vit_b16_caltech256_f100_s0_linprobe,vit_b16,caltech256,100,0,linprobe,198,0.571429
vit_b16_caltech256_f100_s0_linprobe,vit_b16,caltech256,100,0,linprobe,199,0.8
vit_b16_caltech256_f100_s0_linprobe,vit_b16,caltech256,100,0,linprobe,200,0.9375
vit_b16_caltech256_f100_s0_linprobe,vit_b16,caltech256,100,0,linprobe,201,0.578947
vit_b16_caltech256_f100_s0_linprobe,vit_b16,caltech256,100,0,linprobe,202,0.722222
vit_b16_caltech256_f100_s0_linprobe,vit_b16,caltech256,100,0,linprobe,203,0.9375
vit_b16_caltech256_f100_s0_linprobe,vit_b16,caltech256,100,0,linprobe,204,0.823529
vit_b16_caltech256_f100_s0_linprobe,vit_b16,caltech256,100,0,linprobe,205,0.7
vit_b16_caltech256_f100_s0_linprobe,vit_b16,caltech256,100,0,linprobe,206,0.826087
vit_b16_caltech256_f100_s0_linprobe,vit_b16,caltech256,100,0,linprobe,207,0.909091
vit_b16_caltech256_f100_s0_linprobe,vit_b16,caltech256,100,0,linprobe,208,0.75
vit_b16_caltech256_f100_s0_linprobe,vit_b16,caltech256,100,0,linprobe,209,0.818182
vit_b16_caltech256_f100_s0_linprobe,vit_b16,caltech256,100,0,linprobe,210,0.842105
vit_b16_caltech256_f100_s0_linprobe,vit_b16,caltech256,100,0,linprobe,211,0.962963
vit_b16_caltech256_f100_s0_linprobe,vit_b16,caltech256,100,0,linprobe,212,0.95
vit_b16_caltech256_f100_s0_linprobe,vit_b16,caltech256,100,0,linprobe,213,0.892857
vit_b16_caltech256_f100_s0_linprobe,vit_b16,caltech256,100,0,linprobe,214,0.764706
vit_b16_caltech256_f100_s0_linprobe,vit_b16,caltech256,100,0,linprobe,215,1.0
vit_b16_caltech256_f100_s0_linprobe,vit_b16,caltech256,100,0,linprobe,216,0.952381
vit_b16_caltech256_f100_s0_linprobe,vit_b16,caltech256,100,0,linprobe,217,0.875
vit_b16_caltech256_f100_s0_linprobe,vit_b16,caltech256,100,0,linprobe,218,0.647059
vit_b16_caltech256_f100_s0_linprobe,vit_b16,caltech256,100,0,linprobe,219,0.894737
vit_b16_caltech256_f100_s0_linprobe,vit_b16,caltech256,100,0,linprobe,220,0.904762
vit_b16_caltech256_f100_s0_linprobe,vit_b16,caltech256,100,0,linprobe,221,0.722222
vit_b16_caltech256_f100_s0_linprobe,vit_b16,caltech256,100,0,linprobe,222,0.6875
vit_b16_caltech256_f100_s0_linprobe,vit_b16,caltech256,100,0,linprobe,223,0.727273
vit_b16_caltech256_f100_s0_linprobe,vit_b16,caltech256,100,0,linprobe,224,0.888889
vit_b16_caltech256_f100_s0_linprobe,vit_b16,caltech256,100,0,linprobe,225,0.8
vit_b16_caltech256_f100_s0_linprobe,vit_b16,caltech256,100,0,linprobe,226,0.931034
vit_b16_caltech256_f100_s0_linprobe,vit_b16,caltech256,100,0,linprobe,227,1.0
vit_b16_caltech256_f100_s0_linprobe,vit_b16,caltech256,100,0,linprobe,228,0.842105
vit_b16_caltech256_f100_s0_linprobe,vit_b16,caltech256,100,0,linprobe,229,1.0
vit_b16_caltech256_f100_s0_linprobe,vit_b16,caltech256,100,0,linprobe,230,0.772727
vit_b16_caltech256_f100_s0_linprobe,vit_b16,caltech256,100,0,linprobe,231,0.930556
vit_b16_caltech256_f100_s0_linprobe,vit_b16,caltech256,100,0,linprobe,232,0.55
vit_b16_caltech256_f100_s0_linprobe,vit_b16,caltech256,100,0,linprobe,233,0.791667
vit_b16_caltech256_f100_s0_linprobe,vit_b16,caltech256,100,0,linprobe,234,0.869565
vit_b16_caltech256_f100_s0_linprobe,vit_b16,caltech256,100,0,linprobe,235,0.736842
vit_b16_caltech256_f100_s0_linprobe,vit_b16,caltech256,100,0,linprobe,236,0.888889
vit_b16_caltech256_f100_s0_linprobe,vit_b16,caltech256,100,0,linprobe,237,0.947368
vit_b16_caltech256_f100_s0_linprobe,vit_b16,caltech256,100,0,linprobe,238,0.823529
vit_b16_caltech256_f100_s0_linprobe,vit_b16,caltech256,100,0,linprobe,239,0.95
vit_b16_caltech256_f100_s0_linprobe,vit_b16,caltech256,100,0,linprobe,240,0.842105
vit_b16_caltech256_f100_s0_linprobe,vit_b16,caltech256,100,0,linprobe,241,0.894737
vit_b16_caltech256_f100_s0_linprobe,vit_b16,caltech256,100,0,linprobe,242,0.944444
vit_b16_caltech256_f100_s0_linprobe,vit_b16,caltech256,100,0,linprobe,243,0.722222
vit_b16_caltech256_f100_s0_linprobe,vit_b16,caltech256,100,0,linprobe,244,0.777778
vit_b16_caltech256_f100_s0_linprobe,vit_b16,caltech256,100,0,linprobe,245,0.85
vit_b16_caltech256_f100_s0_linprobe,vit_b16,caltech256,100,0,linprobe,246,0.722222
vit_b16_caltech256_f100_s0_linprobe,vit_b16,caltech256,100,0,linprobe,247,0.647059
vit_b16_caltech256_f100_s0_linprobe,vit_b16,caltech256,100,0,linprobe,248,0.65
vit_b16_caltech256_f100_s0_linprobe,vit_b16,caltech256,100,0,linprobe,249,1.0
vit_b16_caltech256_f100_s0_linprobe,vit_b16,caltech256,100,0,linprobe,250,0.98125
vit_b16_caltech256_f100_s0_linprobe,vit_b16,caltech256,100,0,linprobe,251,1.0
vit_b16_caltech256_f100_s0_linprobe,vit_b16,caltech256,100,0,linprobe,252,0.988506
vit_b16_caltech256_f100_s0_linprobe,vit_b16,caltech256,100,0,linprobe,253,0.842105
vit_b16_caltech256_f100_s0_linprobe,vit_b16,caltech256,100,0,linprobe,254,0.666667
vit_b16_caltech256_f100_s0_linprobe,vit_b16,caltech256,100,0,linprobe,255,0.909091
vit_b16_caltech256_f100_s1_fullft,vit_b16,caltech256,100,1,fullft,0,0.95
vit_b16_caltech256_f100_s1_fullft,vit_b16,caltech256,100,1,fullft,1,0.947368
vit_b16_caltech256_f100_s1_fullft,vit_b16,caltech256,100,1,fullft,2,0.933333
vit_b16_caltech256_f100_s1_fullft,vit_b16,caltech256,100,1,fullft,3,0.68
vit_b16_caltech256_f100_s1_fullft,vit_b16,caltech256,100,1,fullft,4,0.966667
vit_b16_caltech256_f100_s1_fullft,vit_b16,caltech256,100,1,fullft,5,0.944444
vit_b16_caltech256_f100_s1_fullft,vit_b16,caltech256,100,1,fullft,6,0.904762
vit_b16_caltech256_f100_s1_fullft,vit_b16,caltech256,100,1,fullft,7,0.869565
vit_b16_caltech256_f100_s1_fullft,vit_b16,caltech256,100,1,fullft,8,1.0
vit_b16_caltech256_f100_s1_fullft,vit_b16,caltech256,100,1,fullft,9,0.842105
vit_b16_caltech256_f100_s1_fullft,vit_b16,caltech256,100,1,fullft,10,0.982143
vit_b16_caltech256_f100_s1_fullft,vit_b16,caltech256,100,1,fullft,11,0.976744
vit_b16_caltech256_f100_s1_fullft,vit_b16,caltech256,100,1,fullft,12,0.85
vit_b16_caltech256_f100_s1_fullft,vit_b16,caltech256,100,1,fullft,13,1.0
vit_b16_caltech256_f100_s1_fullft,vit_b16,caltech256,100,1,fullft,14,1.0
vit_b16_caltech256_f100_s1_fullft,vit_b16,caltech256,100,1,fullft,15,0.888889
vit_b16_caltech256_f100_s1_fullft,vit_b16,caltech256,100,1,fullft,16,0.619048
vit_b16_caltech256_f100_s1_fullft,vit_b16,caltech256,100,1,fullft,17,0.7
vit_b16_caltech256_f100_s1_fullft,vit_b16,caltech256,100,1,fullft,18,0.92
vit_b16_caltech256_f100_s1_fullft,vit_b16,caltech256,100,1,fullft,19,0.823529
vit_b16_caltech256_f100_s1_fullft,vit_b16,caltech256,100,1,fullft,20,0.928571
vit_b16_caltech256_f100_s1_fullft,vit_b16,caltech256,100,1,fullft,21,1.0
vit_b16_caltech256_f100_s1_fullft,vit_b16,caltech256,100,1,fullft,22,1.0
vit_b16_caltech256_f100_s1_fullft,vit_b16,caltech256,100,1,fullft,23,1.0
vit_b16_caltech256_f100_s1_fullft,vit_b16,caltech256,100,1,fullft,24,1.0
vit_b16_caltech256_f100_s1_fullft,vit_b16,caltech256,100,1,fullft,25,0.809524
vit_b16_caltech256_f100_s1_fullft,vit_b16,caltech256,100,1,fullft,26,0.9
vit_b16_caltech256_f100_s1_fullft,vit_b16,caltech256,100,1,fullft,27,0.954545
vit_b16_caltech256_f100_s1_fullft,vit_b16,caltech256,100,1,fullft,28,0.952381
vit_b16_caltech256_f100_s1_fullft,vit_b16,caltech256,100,1,fullft,29,0.714286
vit_b16_caltech256_f100_s1_fullft,vit_b16,caltech256,100,1,fullft,30,0.888889
vit_b16_caltech256_f100_s1_fullft,vit_b16,caltech256,100,1,fullft,31,0.8
vit_b16_caltech256_f100_s1_fullft,vit_b16,caltech256,100,1,fullft,32,0.85
vit_b16_caltech256_f100_s1_fullft,vit_b16,caltech256,100,1,fullft,33,1.0
vit_b16_caltech256_f100_s1_fullft,vit_b16,caltech256,100,1,fullft,34,0.882353
vit_b16_caltech256_f100_s1_fullft,vit_b16,caltech256,100,1,fullft,35,0.857143
vit_b16_caltech256_f100_s1_fullft,vit_b16,caltech256,100,1,fullft,36,1.0
vit_b16_caltech256_f100_s1_fullft,vit_b16,caltech256,100,1,fullft,37,0.863636
vit_b16_caltech256_f100_s1_fullft,vit_b16,caltech256,100,1,fullft,38,0.529412
vit_b16_caltech256_f100_s1_fullft,vit_b16,caltech256,100,1,fullft,39,1.0
vit_b16_caltech256_f100_s1_fullft,vit_b16,caltech256,100,1,fullft,40,0.941176
vit_b16_caltech256_f100_s1_fullft,vit_b16,caltech256,100,1,fullft,41,0.764706
vit_b16_caltech256_f100_s1_fullft,vit_b16,caltech256,100,1,fullft,42,0.84
vit_b16_caltech256_f100_s1_fullft,vit_b16,caltech256,100,1,fullft,43,0.75
vit_b16_caltech256_f100_s1_fullft,vit_b16,caltech256,100,1,fullft,44,0.941176
vit_b16_caltech256_f100_s1_fullft,vit_b16,caltech256,100,1,fullft,45,1.0
vit_b16_caltech256_f100_s1_fullft,vit_b16,caltech256,100,1,fullft,46,0.789474
vit_b16_caltech256_f100_s1_fullft,vit_b16,caltech256,100,1,fullft,47,0.809524
vit_b16_caltech256_f100_s1_fullft,vit_b16,caltech256,100,1,fullft,48,0.857143
vit_b16_caltech256_f100_s1_fullft,vit_b16,caltech256,100,1,fullft,49,0.947368
vit_b16_caltech256_f100_s1_fullft,vit_b16,caltech256,100,1,fullft,50,0.913043
vit_b16_caltech256_f100_s1_fullft,vit_b16,caltech256,100,1,fullft,51,0.882353
vit_b16_caltech256_f100_s1_fullft,vit_b16,caltech256,100,1,fullft,52,0.875
vit_b16_caltech256_f100_s1_fullft,vit_b16,caltech256,100,1,fullft,53,1.0
vit_b16_caltech256_f100_s1_fullft,vit_b16,caltech256,100,1,fullft,54,0.8
vit_b16_caltech256_f100_s1_fullft,vit_b16,caltech256,100,1,fullft,55,0.9
vit_b16_caltech256_f100_s1_fullft,vit_b16,caltech256,100,1,fullft,56,0.809524
vit_b16_caltech256_f100_s1_fullft,vit_b16,caltech256,100,1,fullft,57,0.789474
vit_b16_caltech256_f100_s1_fullft,vit_b16,caltech256,100,1,fullft,58,0.529412
vit_b16_caltech256_f100_s1_fullft,vit_b16,caltech256,100,1,fullft,59,0.764706
vit_b16_caltech256_f100_s1_fullft,vit_b16,caltech256,100,1,fullft,60,0.8
vit_b16_caltech256_f100_s1_fullft,vit_b16,caltech256,100,1,fullft,61,0.882353
vit_b16_caltech256_f100_s1_fullft,vit_b16,caltech256,100,1,fullft,62,1.0
vit_b16_caltech256_f100_s1_fullft,vit_b16,caltech256,100,1,fullft,63,0.961538
vit_b16_caltech256_f100_s1_fullft,vit_b16,caltech256,100,1,fullft,64,0.9
vit_b16_caltech256_f100_s1_fullft,vit_b16,caltech256,100,1,fullft,65,0.941176
vit_b16_caltech256_f100_s1_fullft,vit_b16,caltech256,100,1,fullft,66,0.882353
vit_b16_caltech256_f100_s1_fullft,vit_b16,caltech256,100,1,fullft,67,0.909091
vit_b16_caltech256_f100_s1_fullft,vit_b16,caltech256,100,1,fullft,68,0.7
vit_b16_caltech256_f100_s1_fullft,vit_b16,caltech256,100,1,fullft,69,0.588235
vit_b16_caltech256_f100_s1_fullft,vit_b16,caltech256,100,1,fullft,70,0.95
vit_b16_caltech256_f100_s1_fullft,vit_b16,caltech256,100,1,fullft,71,0.958333
vit_b16_caltech256_f100_s1_fullft,vit_b16,caltech256,100,1,fullft,72,0.95
vit_b16_caltech256_f100_s1_fullft,vit_b16,caltech256,100,1,fullft,73,0.73913
vit_b16_caltech256_f100_s1_fullft,vit_b16,caltech256,100,1,fullft,74,0.647059
vit_b16_caltech256_f100_s1_fullft,vit_b16,caltech256,100,1,fullft,75,0.941176
vit_b16_caltech256_f100_s1_fullft,vit_b16,caltech256,100,1,fullft,76,1.0
vit_b16_caltech256_f100_s1_fullft,vit_b16,caltech256,100,1,fullft,77,0.944444
vit_b16_caltech256_f100_s1_fullft,vit_b16,caltech256,100,1,fullft,78,0.75
vit_b16_caltech256_f100_s1_fullft,vit_b16,caltech256,100,1,fullft,79,0.782609
vit_b16_caltech256_f100_s1_fullft,vit_b16,caltech256,100,1,fullft,80,0.947368
vit_b16_caltech256_f100_s1_fullft,vit_b16,caltech256,100,1,fullft,81,0.8125
vit_b16_caltech256_f100_s1_fullft,vit_b16,caltech256,100,1,fullft,82,0.789474
vit_b16_caltech256_f100_s1_fullft,vit_b16,caltech256,100,1,fullft,83,0.882353
vit_b16_caltech256_f100_s1_fullft,vit_b16,caltech256,100,1,fullft,84,0.909091
vit_b16_caltech256_f100_s1_fullft,vit_b16,caltech256,100,1,fullft,85,0.9375
vit_b16_caltech256_f100_s1_fullft,vit_b16,caltech256,100,1,fullft,86,0.947368
vit_b16_caltech256_f100_s1_fullft,vit_b16,caltech256,100,1,fullft,87,1.0
vit_b16_caltech256_f100_s1_fullft,vit_b16,caltech256,100,1,fullft,88,0.818182
vit_b16_caltech256_f100_s1_fullft,vit_b16,caltech256,100,1,fullft,89,1.0
vit_b16_caltech256_f100_s1_fullft,vit_b16,caltech256,100,1,fullft,90,1.0
vit_b16_caltech256_f100_s1_fullft,vit_b16,caltech256,100,1,fullft,91,0.85
vit_b16_caltech256_f100_s1_fullft,vit_b16,caltech256,100,1,fullft,92,0.954545
vit_b16_caltech256_f100_s1_fullft,vit_b16,caltech256,100,1,fullft,93,1.0
vit_b16_caltech256_f100_s1_fullft,vit_b16,caltech256,100,1,fullft,94,0.764706
vit_b16_caltech256_f100_s1_fullft,vit_b16,caltech256,100,1,fullft,95,0.947368
vit_b16_caltech256_f100_s1_fullft,vit_b16,caltech256,100,1,fullft,96,0.777778
vit_b16_caltech256_f100_s1_fullft,vit_b16,caltech256,100,1,fullft,97,1.0
vit_b16_caltech256_f100_s1_fullft,vit_b16,caltech256,100,1,fullft,98,0.875
vit_b16_caltech256_f100_s1_fullft,vit_b16,caltech256,100,1,fullft,99,1.0
vit_b16_caltech256_f100_s1_fullft,vit_b16,caltech256,100,1,fullft,100,0.892857
vit_b16_caltech256_f100_s1_fullft,vit_b16,caltech256,100,1,fullft,101,1.0
vit_b16_caltech256_f100_s1_fullft,vit_b16,caltech256,100,1,fullft,102,1.0
vit_b16_caltech256_f100_s1_fullft,vit_b16,caltech256,100,1,fullft,103,0.894737
vit_b16_caltech256_f100_s1_fullft,vit_b16,caltech256,100,1,fullft,104,0.888889
vit_b16_caltech256_f100_s1_fullft,vit_b16,caltech256,100,1,fullft,105,0.764706
vit_b16_caltech256_f100_s1_fullft,vit_b16,caltech256,100,1,fullft,106,1.0
vit_b16_caltech256_f100_s1_fullft,vit_b16,caltech256,100,1,fullft,107,0.647059
vit_b16_caltech256_f100_s1_fullft,vit_b16,caltech256,100,1,fullft,108,0.935484
vit_b16_caltech256_f100_s1_fullft,vit_b16,caltech256,100,1,fullft,109,0.941176
vit_b16_caltech256_f100_s1_fullft,vit_b16,caltech256,100,1,fullft,110,0.941176
vit_b16_caltech256_f100_s1_fullft,vit_b16,caltech256,100,1,fullft,111,0.823529
vit_b16_caltech256_f100_s1_fullft,vit_b16,caltech256,100,1,fullft,112,0.956522
vit_b16_caltech256_f100_s1_fullft,vit_b16,caltech256,100,1,fullft,113,1.0
vit_b16_caltech256_f100_s1_fullft,vit_b16,caltech256,100,1,fullft,114,0.777778
vit_b16_caltech256_f100_s1_fullft,vit_b16,caltech256,100,1,fullft,115,0.904762
vit_b16_caltech256_f100_s1_fullft,vit_b16,caltech256,100,1,fullft,116,0.958333
vit_b16_caltech256_f100_s1_fullft,vit_b16,caltech256,100,1,fullft,117,0.954545
vit_b16_caltech256_f100_s1_fullft,vit_b16,caltech256,100,1,fullft,118,0.823529
vit_b16_caltech256_f100_s1_fullft,vit_b16,caltech256,100,1,fullft,119,0.846154
vit_b16_caltech256_f100_s1_fullft,vit_b16,caltech256,100,1,fullft,120,1.0
vit_b16_caltech256_f100_s1_fullft,vit_b16,caltech256,100,1,fullft,121,0.904762
vit_b16_caltech256_f100_s1_fullft,vit_b16,caltech256,100,1,fullft,122,1.0
vit_b16_caltech256_f100_s1_fullft,vit_b16,caltech256,100,1,fullft,123,1.0
vit_b16_caltech256_f100_s1_fullft,vit_b16,caltech256,100,1,fullft,124,0.65
vit_b16_caltech256_f100_s1_fullft,vit_b16,caltech256,100,1,fullft,125,0.708333
vit_b16_caltech256_f100_s1_fullft,vit_b16,caltech256,100,1,fullft,126,0.884615
vit_b16_caltech256_f100_s1_fullft,vit_b16,caltech256,100,1,fullft,127,0.904762
vit_b16_caltech256_f100_s1_fullft,vit_b16,caltech256,100,1,fullft,128,1.0
vit_b16_caltech256_f100_s1_fullft,vit_b16,caltech256,100,1,fullft,129,1.0
vit_b16_caltech256_f100_s1_fullft,vit_b16,caltech256,100,1,fullft,130,0.944444
vit_b16_caltech256_f100_s1_fullft,vit_b16,caltech256,100,1,fullft,131,0.947368
vit_b16_caltech256_f100_s1_fullft,vit_b16,caltech256,100,1,fullft,132,0.962963
vit_b16_caltech256_f100_s1_fullft,vit_b16,caltech256,100,1,fullft,133,1.0
vit_b16_caltech256_f100_s1_fullft,vit_b16,caltech256,100,1,fullft,134,0.789474
vit_b16_caltech256_f100_s1_fullft,vit_b16,caltech256,100,1,fullft,135,0.894737
vit_b16_caltech256_f100_s1_fullft,vit_b16,caltech256,100,1,fullft,136,0.935484
vit_b16_caltech256_f100_s1_fullft,vit_b16,caltech256,100,1,fullft,137,0.921053
vit_b16_caltech256_f100_s1_fullft,vit_b16,caltech256,100,1,fullft,138,0.941176
vit_b16_caltech256_f100_s1_fullft,vit_b16,caltech256,100,1,fullft,139,0.722222
vit_b16_caltech256_f100_s1_fullft,vit_b16,caltech256,100,1,fullft,140,1.0
vit_b16_caltech256_f100_s1_fullft,vit_b16,caltech256,100,1,fullft,141,0.952381
vit_b16_caltech256_f100_s1_fullft,vit_b16,caltech256,100,1,fullft,142,0.923077
vit_b16_caltech256_f100_s1_fullft,vit_b16,caltech256,100,1,fullft,143,0.875
vit_b16_caltech256_f100_s1_fullft,vit_b16,caltech256,100,1,fullft,144,1.0
vit_b16_caltech256_f100_s1_fullft,vit_b16,caltech256,100,1,fullft,145,0.8125
vit_b16_caltech256_f100_s1_fullft,vit_b16,caltech256,100,1,fullft,146,0.825
vit_b16_caltech256_f100_s1_fullft,vit_b16,caltech256,100,1,fullft,147,0.857143
vit_b16_caltech256_f100_s1_fullft,vit_b16,caltech256,100,1,fullft,148,0.904762
vit_b16_caltech256_f100_s1_fullft,vit_b16,caltech256,100,1,fullft,149,1.0
vit_b16_caltech256_f100_s1_fullft,vit_b16,caltech256,100,1,fullft,150,1.0
vit_b16_caltech256_f100_s1_fullft,vit_b16,caltech256,100,1,fullft,151,1.0
vit_b16_caltech256_f100_s1_fullft,vit_b16,caltech256,100,1,fullft,152,0.947368
vit_b16_caltech256_f100_s1_fullft,vit_b16,caltech256,100,1,fullft,153,0.857143
vit_b16_caltech256_f100_s1_fullft,vit_b16,caltech256,100,1,fullft,154,0.722222
vit_b16_caltech256_f100_s1_fullft,vit_b16,caltech256,100,1,fullft,155,0.736842
vit_b16_caltech256_f100_s1_fullft,vit_b16,caltech256,100,1,fullft,156,0.952381
vit_b16_caltech256_f100_s1_fullft,vit_b16,caltech256,100,1,fullft,157,1.0
vit_b16_caltech256_f100_s1_fullft,vit_b16,caltech256,100,1,fullft,158,0.738095
vit_b16_caltech256_f100_s1_fullft,vit_b16,caltech256,100,1,fullft,159,0.705882
vit_b16_caltech256_f100_s1_fullft,vit_b16,caltech256,100,1,fullft,160,0.904762
vit_b16_caltech256_f100_s1_fullft,vit_b16,caltech256,100,1,fullft,161,0.666667
vit_b16_caltech256_f100_s1_fullft,vit_b16,caltech256,100,1,fullft,162,0.611111
vit_b16_caltech256_f100_s1_fullft,vit_b16,caltech256,100,1,fullft,163,1.0
vit_b16_caltech256_f100_s1_fullft,vit_b16,caltech256,100,1,fullft,164,0.777778
vit_b16_caltech256_f100_s1_fullft,vit_b16,caltech256,100,1,fullft,165,1.0
vit_b16_caltech256_f100_s1_fullft,vit_b16,caltech256,100,1,fullft,166,0.941176
vit_b16_caltech256_f100_s1_fullft,vit_b16,caltech256,100,1,fullft,167,0.928571
vit_b16_caltech256_f100_s1_fullft,vit_b16,caltech256,100,1,fullft,168,0.944444
vit_b16_caltech256_f100_s1_fullft,vit_b16,caltech256,100,1,fullft,169,0.9
vit_b16_caltech256_f100_s1_fullft,vit_b16,caltech256,100,1,fullft,170,0.823529
vit_b16_caltech256_f100_s1_fullft,vit_b16,caltech256,100,1,fullft,171,0.9
vit_b16_caltech256_f100_s1_fullft,vit_b16,caltech256,100,1,fullft,172,0.666667
vit_b16_caltech256_f100_s1_fullft,vit_b16,caltech256,100,1,fullft,173,1.0
vit_b16_caltech256_f100_s1_fullft,vit_b16,caltech256,100,1,fullft,174,0.941176
vit_b16_caltech256_f100_s1_fullft,vit_b16,caltech256,100,1,fullft,175,0.863636
vit_b16_caltech256_f100_s1_fullft,vit_b16,caltech256,100,1,fullft,176,1.0
vit_b16_caltech256_f100_s1_fullft,vit_b16,caltech256,100,1,fullft,177,0.9
vit_b16_caltech256_f100_s1_fullft,vit_b16,caltech256,100,1,fullft,178,1.0
vit_b16_caltech256_f100_s1_fullft,vit_b16,caltech256,100,1,fullft,179,0.5
vit_b16_caltech256_f100_s1_fullft,vit_b16,caltech256,100,1,fullft,180,0.95
vit_b16_caltech256_f100_s1_fullft,vit_b16,caltech256,100,1,fullft,181,1.0
vit_b16_caltech256_f100_s1_fullft,vit_b16,caltech256,100,1,fullft,182,1.0
vit_b16_caltech256_f100_s1_fullft,vit_b16,caltech256,100,1,fullft,183,1.0
vit_b16_caltech256_f100_s1_fullft,vit_b16,caltech256,100,1,fullft,184,0.571429
vit_b16_caltech256_f100_s1_fullft,vit_b16,caltech256,100,1,fullft,185,1.0
vit_b16_caltech256_f100_s1_fullft,vit_b16,caltech256,100,1,fullft,186,1.0
vit_b16_caltech256_f100_s1_fullft,vit_b16,caltech256,100,1,fullft,187,0.833333
vit_b16_caltech256_f100_s1_fullft,vit_b16,caltech256,100,1,fullft,188,0.916667
vit_b16_caltech256_f100_s1_fullft,vit_b16,caltech256,100,1,fullft,189,0.863636
vit_b16_caltech256_f100_s1_fullft,vit_b16,caltech256,100,1,fullft,190,0.772727
vit_b16_caltech256_f100_s1_fullft,vit_b16,caltech256,100,1,fullft,191,0.954545
vit_b16_caltech256_f100_s1_fullft,vit_b16,caltech256,100,1,fullft,192,0.914286
vit_b16_caltech256_f100_s1_fullft,vit_b16,caltech256,100,1,fullft,193,0.954545
vit_b16_caltech256_f100_s1_fullft,vit_b16,caltech256,100,1,fullft,194,0.470588
vit_b16_caltech256_f100_s1_fullft,vit_b16,caltech256,100,1,fullft,195,0.904762
vit_b16_caltech256_f100_s1_fullft,vit_b16,caltech256,100,1,fullft,196,0.85
vit_b16_caltech256_f100_s1_fullft,vit_b16,caltech256,100,1,fullft,197,0.818182
vit_b16_caltech256_f100_s1_fullft,vit_b16,caltech256,100,1,fullft,198,0.666667
vit_b16_caltech256_f100_s1_fullft,vit_b16,caltech256,100,1,fullft,199,0.8
vit_b16_caltech256_f100_s1_fullft,vit_b16,caltech256,100,1,fullft,200,1.0
vit_b16_caltech256_f100_s1_fullft,vit_b16,caltech256,100,1,fullft,201,0.736842
vit_b16_caltech256_f100_s1_fullft,vit_b16,caltech256,100,1,fullft,202,0.777778
vit_b16_caltech256_f100_s1_fullft,vit_b16,caltech256,100,1,fullft,203,1.0
vit_b16_caltech256_f100_s1_fullft,vit_b16,caltech256,100,1,fullft,204,0.941176
vit_b16_caltech256_f100_s1_fullft,vit_b16,caltech256,100,1,fullft,205,0.85
vit_b16_caltech256_f100_s1_fullft,vit_b16,caltech256,100,1,fullft,206,0.869565
vit_b16_caltech256_f100_s1_fullft,vit_b16,caltech256,100,1,fullft,207,0.954545
vit_b16_caltech256_f100_s1_fullft,vit_b16,caltech256,100,1,fullft,208,0.7
vit_b16_caltech256_f100_s1_fullft,vit_b16,caltech256,100,1,fullft,209,0.863636
vit_b16_caltech256_f100_s1_fullft,vit_b16,caltech256,100,1,fullft,210,0.789474
vit_b16_caltech256_f100_s1_fullft,vit_b16,caltech256,100,1,fullft,211,0.962963
vit_b16_caltech256_f100_s1_fullft,vit_b16,caltech256,100,1,fullft,212,1.0
vit_b16_caltech256_f100_s1_fullft,vit_b16,caltech256,100,1,fullft,213,0.892857
vit_b16_caltech256_f100_s1_fullft,vit_b16,caltech256,100,1,fullft,214,0.941176
vit_b16_caltech256_f100_s1_fullft,vit_b16,caltech256,100,1,fullft,215,0.95
vit_b16_caltech256_f100_s1_fullft,vit_b16,caltech256,100,1,fullft,216,0.952381
vit_b16_caltech256_f100_s1_fullft,vit_b16,caltech256,100,1,fullft,217,0.9375
vit_b16_caltech256_f100_s1_fullft,vit_b16,caltech256,100,1,fullft,218,0.882353
vit_b16_caltech256_f100_s1_fullft,vit_b16,caltech256,100,1,fullft,219,0.894737
vit_b16_caltech256_f100_s1_fullft,vit_b16,caltech256,100,1,fullft,220,1.0
vit_b16_caltech256_f100_s1_fullft,vit_b16,caltech256,100,1,fullft,221,0.777778
vit_b16_caltech256_f100_s1_fullft,vit_b16,caltech256,100,1,fullft,222,0.75
vit_b16_caltech256_f100_s1_fullft,vit_b16,caltech256,100,1,fullft,223,0.954545
vit_b16_caltech256_f100_s1_fullft,vit_b16,caltech256,100,1,fullft,224,0.944444
vit_b16_caltech256_f100_s1_fullft,vit_b16,caltech256,100,1,fullft,225,0.9
vit_b16_caltech256_f100_s1_fullft,vit_b16,caltech256,100,1,fullft,226,1.0
vit_b16_caltech256_f100_s1_fullft,vit_b16,caltech256,100,1,fullft,227,1.0
vit_b16_caltech256_f100_s1_fullft,vit_b16,caltech256,100,1,fullft,228,0.789474
vit_b16_caltech256_f100_s1_fullft,vit_b16,caltech256,100,1,fullft,229,1.0
vit_b16_caltech256_f100_s1_fullft,vit_b16,caltech256,100,1,fullft,230,0.772727
vit_b16_caltech256_f100_s1_fullft,vit_b16,caltech256,100,1,fullft,231,0.930556
vit_b16_caltech256_f100_s1_fullft,vit_b16,caltech256,100,1,fullft,232,0.65
vit_b16_caltech256_f100_s1_fullft,vit_b16,caltech256,100,1,fullft,233,0.791667
vit_b16_caltech256_f100_s1_fullft,vit_b16,caltech256,100,1,fullft,234,0.956522
vit_b16_caltech256_f100_s1_fullft,vit_b16,caltech256,100,1,fullft,235,0.894737
vit_b16_caltech256_f100_s1_fullft,vit_b16,caltech256,100,1,fullft,236,0.888889
vit_b16_caltech256_f100_s1_fullft,vit_b16,caltech256,100,1,fullft,237,1.0
vit_b16_caltech256_f100_s1_fullft,vit_b16,caltech256,100,1,fullft,238,0.764706
vit_b16_caltech256_f100_s1_fullft,vit_b16,caltech256,100,1,fullft,239,0.975
vit_b16_caltech256_f100_s1_fullft,vit_b16,caltech256,100,1,fullft,240,0.894737
vit_b16_caltech256_f100_s1_fullft,vit_b16,caltech256,100,1,fullft,241,1.0
vit_b16_caltech256_f100_s1_fullft,vit_b16,caltech256,100,1,fullft,242,0.833333
vit_b16_caltech256_f100_s1_fullft,vit_b16,caltech256,100,1,fullft,243,0.666667
vit_b16_caltech256_f100_s1_fullft,vit_b16,caltech256,100,1,fullft,244,0.833333
vit_b16_caltech256_f100_s1_fullft,vit_b16,caltech256,100,1,fullft,245,0.9
vit_b16_caltech256_f100_s1_fullft,vit_b16,caltech256,100,1,fullft,246,0.666667
vit_b16_caltech256_f100_s1_fullft,vit_b16,caltech256,100,1,fullft,247,0.882353
vit_b16_caltech256_f100_s1_fullft,vit_b16,caltech256,100,1,fullft,248,0.75
vit_b16_caltech256_f100_s1_fullft,vit_b16,caltech256,100,1,fullft,249,1.0
vit_b16_caltech256_f100_s1_fullft,vit_b16,caltech256,100,1,fullft,250,0.9875
vit_b16_caltech256_f100_s1_fullft,vit_b16,caltech256,100,1,fullft,251,1.0
vit_b16_caltech256_f100_s1_fullft,vit_b16,caltech256,100,1,fullft,252,1.0
vit_b16_caltech256_f100_s1_fullft,vit_b16,caltech256,100,1,fullft,253,1.0
vit_b16_caltech256_f100_s1_fullft,vit_b16,caltech256,100,1,fullft,254,0.666667
vit_b16_caltech256_f100_s1_fullft,vit_b16,caltech256,100,1,fullft,255,0.863636
vit_b16_caltech256_f100_s1_linprobe,vit_b16,caltech256,100,1,linprobe,0,0.9
vit_b16_caltech256_f100_s1_linprobe,vit_b16,caltech256,100,1,linprobe,1,0.842105
vit_b16_caltech256_f100_s1_linprobe,vit_b16,caltech256,100,1,linprobe,2,0.9
vit_b16_caltech256_f100_s1_linprobe,vit_b16,caltech256,100,1,linprobe,3,0.76
vit_b16_caltech256_f100_s1_linprobe,vit_b16,caltech256,100,1,linprobe,4,0.933333
vit_b16_caltech256_f100_s1_linprobe,vit_b16,caltech256,100,1,linprobe,5,0.944444
vit_b16_caltech256_f100_s1_linprobe,vit_b16,caltech256,100,1,linprobe,6,0.904762
vit_b16_caltech256_f100_s1_linprobe,vit_b16,caltech256,100,1,linprobe,7,0.934783
vit_b16_caltech256_f100_s1_linprobe,vit_b16,caltech256,100,1,linprobe,8,1.0
vit_b16_caltech256_f100_s1_linprobe,vit_b16,caltech256,100,1,linprobe,9,0.789474
vit_b16_caltech256_f100_s1_linprobe,vit_b16,caltech256,100,1,linprobe,10,0.982143
vit_b16_caltech256_f100_s1_linprobe,vit_b16,caltech256,100,1,linprobe,11,0.976744
vit_b16_caltech256_f100_s1_linprobe,vit_b16,caltech256,100,1,linprobe,12,0.7
vit_b16_caltech256_f100_s1_linprobe,vit_b16,caltech256,100,1,linprobe,13,0.882353
vit_b16_caltech256_f100_s1_linprobe,vit_b16,caltech256,100,1,linprobe,14,0.958333
vit_b16_caltech256_f100_s1_linprobe,vit_b16,caltech256,100,1,linprobe,15,0.888889
vit_b16_caltech256_f100_s1_linprobe,vit_b16,caltech256,100,1,linprobe,16,0.571429
vit_b16_caltech256_f100_s1_linprobe,vit_b16,caltech256,100,1,linprobe,17,0.55
vit_b16_caltech256_f100_s1_linprobe,vit_b16,caltech256,100,1,linprobe,18,0.76
vit_b16_caltech256_f100_s1_linprobe,vit_b16,caltech256,100,1,linprobe,19,0.941176
vit_b16_caltech256_f100_s1_linprobe,vit_b16,caltech256,100,1,linprobe,20,0.928571
vit_b16_caltech256_f100_s1_linprobe,vit_b16,caltech256,100,1,linprobe,21,0.947368
vit_b16_caltech256_f100_s1_linprobe,vit_b16,caltech256,100,1,linprobe,22,0.954545
vit_b16_caltech256_f100_s1_linprobe,vit_b16,caltech256,100,1,linprobe,23,1.0
vit_b16_caltech256_f100_s1_linprobe,vit_b16,caltech256,100,1,linprobe,24,0.913043
vit_b16_caltech256_f100_s1_linprobe,vit_b16,caltech256,100,1,linprobe,25,0.666667
vit_b16_caltech256_f100_s1_linprobe,vit_b16,caltech256,100,1,linprobe,26,0.95
vit_b16_caltech256_f100_s1_linprobe,vit_b16,caltech256,100,1,linprobe,27,0.954545
vit_b16_caltech256_f100_s1_linprobe,vit_b16,caltech256,100,1,linprobe,28,1.0
vit_b16_caltech256_f100_s1_linprobe,vit_b16,caltech256,100,1,linprobe,29,0.619048
vit_b16_caltech256_f100_s1_linprobe,vit_b16,caltech256,100,1,linprobe,30,0.722222
vit_b16_caltech256_f100_s1_linprobe,vit_b16,caltech256,100,1,linprobe,31,0.8
vit_b16_caltech256_f100_s1_linprobe,vit_b16,caltech256,100,1,linprobe,32,0.85
vit_b16_caltech256_f100_s1_linprobe,vit_b16,caltech256,100,1,linprobe,33,0.95
vit_b16_caltech256_f100_s1_linprobe,vit_b16,caltech256,100,1,linprobe,34,0.882353
vit_b16_caltech256_f100_s1_linprobe,vit_b16,caltech256,100,1,linprobe,35,0.857143
vit_b16_caltech256_f100_s1_linprobe,vit_b16,caltech256,100,1,linprobe,36,0.958333
vit_b16_caltech256_f100_s1_linprobe,vit_b16,caltech256,100,1,linprobe,37,0.909091
vit_b16_caltech256_f100_s1_linprobe,vit_b16,caltech256,100,1,linprobe,38,0.647059
vit_b16_caltech256_f100_s1_linprobe,vit_b16,caltech256,100,1,linprobe,39,0.96
vit_b16_caltech256_f100_s1_linprobe,vit_b16,caltech256,100,1,linprobe,40,0.941176
vit_b16_caltech256_f100_s1_linprobe,vit_b16,caltech256,100,1,linprobe,41,0.529412
vit_b16_caltech256_f100_s1_linprobe,vit_b16,caltech256,100,1,linprobe,42,0.84
vit_b16_caltech256_f100_s1_linprobe,vit_b16,caltech256,100,1,linprobe,43,0.833333
vit_b16_caltech256_f100_s1_linprobe,vit_b16,caltech256,100,1,linprobe,44,0.941176
vit_b16_caltech256_f100_s1_linprobe,vit_b16,caltech256,100,1,linprobe,45,0.962963
vit_b16_caltech256_f100_s1_linprobe,vit_b16,caltech256,100,1,linprobe,46,0.842105
vit_b16_caltech256_f100_s1_linprobe,vit_b16,caltech256,100,1,linprobe,47,0.904762
vit_b16_caltech256_f100_s1_linprobe,vit_b16,caltech256,100,1,linprobe,48,1.0
vit_b16_caltech256_f100_s1_linprobe,vit_b16,caltech256,100,1,linprobe,49,0.789474
vit_b16_caltech256_f100_s1_linprobe,vit_b16,caltech256,100,1,linprobe,50,0.869565
vit_b16_caltech256_f100_s1_linprobe,vit_b16,caltech256,100,1,linprobe,51,0.882353
vit_b16_caltech256_f100_s1_linprobe,vit_b16,caltech256,100,1,linprobe,52,0.875
vit_b16_caltech256_f100_s1_linprobe,vit_b16,caltech256,100,1,linprobe,53,1.0
vit_b16_caltech256_f100_s1_linprobe,vit_b16,caltech256,100,1,linprobe,54,0.75
vit_b16_caltech256_f100_s1_linprobe,vit_b16,caltech256,100,1,linprobe,55,0.8
vit_b16_caltech256_f100_s1_linprobe,vit_b16,caltech256,100,1,linprobe,56,0.809524
vit_b16_caltech256_f100_s1_linprobe,vit_b16,caltech256,100,1,linprobe,57,0.736842
vit_b16_caltech256_f100_s1_linprobe,vit_b16,caltech256,100,1,linprobe,58,0.294118
vit_b16_caltech256_f100_s1_linprobe,vit_b16,caltech256,100,1,linprobe,59,0.647059
vit_b16_caltech256_f100_s1_linprobe,vit_b16,caltech256,100,1,linprobe,60,0.85
vit_b16_caltech256_f100_s1_linprobe,vit_b16,caltech256,100,1,linprobe,61,0.823529
vit_b16_caltech256_f100_s1_linprobe,vit_b16,caltech256,100,1,linprobe,62,0.916667
vit_b16_caltech256_f100_s1_linprobe,vit_b16,caltech256,100,1,linprobe,63,0.961538
vit_b16_caltech256_f100_s1_linprobe,vit_b16,caltech256,100,1,linprobe,64,0.9
vit_b16_caltech256_f100_s1_linprobe,vit_b16,caltech256,100,1,linprobe,65,0.882353
vit_b16_caltech256_f100_s1_linprobe,vit_b16,caltech256,100,1,linprobe,66,0.882353
vit_b16_caltech256_f100_s1_linprobe,vit_b16,caltech256,100,1,linprobe,67,0.909091
vit_b16_caltech256_f100_s1_linprobe,vit_b16,caltech256,100,1,linprobe,68,0.6
vit_b16_caltech256_f100_s1_linprobe,vit_b16,caltech256,100,1,linprobe,69,0.411765
vit_b16_caltech256_f100_s1_linprobe,vit_b16,caltech256,100,1,linprobe,70,0.7
vit_b16_caltech256_f100_s1_linprobe,vit_b16,caltech256,100,1,linprobe,71,0.958333
vit_b16_caltech256_f100_s1_linprobe,vit_b16,caltech256,100,1,linprobe,72,0.9
vit_b16_caltech256_f100_s1_linprobe,vit_b16,caltech256,100,1,linprobe,73,0.652174
vit_b16_caltech256_f100_s1_linprobe,vit_b16,caltech256,100,1,linprobe,74,0.588235
vit_b16_caltech256_f100_s1_linprobe,vit_b16,caltech256,100,1,linprobe,75,1.0
vit_b16_caltech256_f100_s1_linprobe,vit_b16,caltech256,100,1,linprobe,76,1.0
vit_b16_caltech256_f100_s1_linprobe,vit_b16,caltech256,100,1,linprobe,77,0.888889
vit_b16_caltech256_f100_s1_linprobe,vit_b16,caltech256,100,1,linprobe,78,0.8
vit_b16_caltech256_f100_s1_linprobe,vit_b16,caltech256,100,1,linprobe,79,0.782609
vit_b16_caltech256_f100_s1_linprobe,vit_b16,caltech256,100,1,linprobe,80,0.894737
vit_b16_caltech256_f100_s1_linprobe,vit_b16,caltech256,100,1,linprobe,81,0.875
vit_b16_caltech256_f100_s1_linprobe,vit_b16,caltech256,100,1,linprobe,82,0.894737
vit_b16_caltech256_f100_s1_linprobe,vit_b16,caltech256,100,1,linprobe,83,0.941176
vit_b16_caltech256_f100_s1_linprobe,vit_b16,caltech256,100,1,linprobe,84,0.818182
vit_b16_caltech256_f100_s1_linprobe,vit_b16,caltech256,100,1,linprobe,85,0.9375
vit_b16_caltech256_f100_s1_linprobe,vit_b16,caltech256,100,1,linprobe,86,0.894737
vit_b16_caltech256_f100_s1_linprobe,vit_b16,caltech256,100,1,linprobe,87,1.0
vit_b16_caltech256_f100_s1_linprobe,vit_b16,caltech256,100,1,linprobe,88,0.772727
vit_b16_caltech256_f100_s1_linprobe,vit_b16,caltech256,100,1,linprobe,89,1.0
vit_b16_caltech256_f100_s1_linprobe,vit_b16,caltech256,100,1,linprobe,90,0.947368
vit_b16_caltech256_f100_s1_linprobe,vit_b16,caltech256,100,1,linprobe,91,0.8
vit_b16_caltech256_f100_s1_linprobe,vit_b16,caltech256,100,1,linprobe,92,1.0
vit_b16_caltech256_f100_s1_linprobe,vit_b16,caltech256,100,1,linprobe,93,1.0
vit_b16_caltech256_f100_s1_linprobe,vit_b16,caltech256,100,1,linprobe,94,0.764706
vit_b16_caltech256_f100_s1_linprobe,vit_b16,caltech256,100,1,linprobe,95,0.929825
vit_b16_caltech256_f100_s1_linprobe,vit_b16,caltech256,100,1,linprobe,96,0.777778
vit_b16_caltech256_f100_s1_linprobe,vit_b16,caltech256,100,1,linprobe,97,0.95
vit_b16_caltech256_f100_s1_linprobe,vit_b16,caltech256,100,1,linprobe,98,0.8125
vit_b16_caltech256_f100_s1_linprobe,vit_b16,caltech256,100,1,linprobe,99,1.0
vit_b16_caltech256_f100_s1_linprobe,vit_b16,caltech256,100,1,linprobe,100,0.857143
vit_b16_caltech256_f100_s1_linprobe,vit_b16,caltech256,100,1,linprobe,101,0.833333
vit_b16_caltech256_f100_s1_linprobe,vit_b16,caltech256,100,1,linprobe,102,0.954545
vit_b16_caltech256_f100_s1_linprobe,vit_b16,caltech256,100,1,linprobe,103,0.736842
vit_b16_caltech256_f100_s1_linprobe,vit_b16,caltech256,100,1,linprobe,104,0.851852
vit_b16_caltech256_f100_s1_linprobe,vit_b16,caltech256,100,1,linprobe,105,0.764706
vit_b16_caltech256_f100_s1_linprobe,vit_b16,caltech256,100,1,linprobe,106,1.0
vit_b16_caltech256_f100_s1_linprobe,vit_b16,caltech256,100,1,linprobe,107,0.764706
vit_b16_caltech256_f100_s1_linprobe,vit_b16,caltech256,100,1,linprobe,108,0.935484
vit_b16_caltech256_f100_s1_linprobe,vit_b16,caltech256,100,1,linprobe,109,0.941176
vit_b16_caltech256_f100_s1_linprobe,vit_b16,caltech256,100,1,linprobe,110,0.882353
vit_b16_caltech256_f100_s1_linprobe,vit_b16,caltech256,100,1,linprobe,111,0.823529
vit_b16_caltech256_f100_s1_linprobe,vit_b16,caltech256,100,1,linprobe,112,0.956522
vit_b16_caltech256_f100_s1_linprobe,vit_b16,caltech256,100,1,linprobe,113,0.958333
vit_b16_caltech256_f100_s1_linprobe,vit_b16,caltech256,100,1,linprobe,114,0.722222
vit_b16_caltech256_f100_s1_linprobe,vit_b16,caltech256,100,1,linprobe,115,1.0
vit_b16_caltech256_f100_s1_linprobe,vit_b16,caltech256,100,1,linprobe,116,0.958333
vit_b16_caltech256_f100_s1_linprobe,vit_b16,caltech256,100,1,linprobe,117,0.818182
vit_b16_caltech256_f100_s1_linprobe,vit_b16,caltech256,100,1,linprobe,118,0.647059
vit_b16_caltech256_f100_s1_linprobe,vit_b16,caltech256,100,1,linprobe,119,0.884615
vit_b16_caltech256_f100_s1_linprobe,vit_b16,caltech256,100,1,linprobe,120,1.0
vit_b16_caltech256_f100_s1_linprobe,vit_b16,caltech256,100,1,linprobe,121,0.857143
vit_b16_caltech256_f100_s1_linprobe,vit_b16,caltech256,100,1,linprobe,122,1.0
vit_b16_caltech256_f100_s1_linprobe,vit_b16,caltech256,100,1,linprobe,123,0.944444
vit_b16_caltech256_f100_s1_linprobe,vit_b16,caltech256,100,1,linprobe,124,0.4
vit_b16_caltech256_f100_s1_linprobe,vit_b16,caltech256,100,1,linprobe,125,0.625
vit_b16_caltech256_f100_s1_linprobe,vit_b16,caltech256,100,1,linprobe,126,0.961538
vit_b16_caltech256_f100_s1_linprobe,vit_b16,caltech256,100,1,linprobe,127,0.952381
vit_b16_caltech256_f100_s1_linprobe,vit_b16,caltech256,100,1,linprobe,128,1.0
vit_b16_caltech256_f100_s1_linprobe,vit_b16,caltech256,100,1,linprobe,129,0.888889
vit_b16_caltech256_f100_s1_linprobe,vit_b16,caltech256,100,1,linprobe,130,0.777778
vit_b16_caltech256_f100_s1_linprobe,vit_b16,caltech256,100,1,linprobe,131,0.921053
vit_b16_caltech256_f100_s1_linprobe,vit_b16,caltech256,100,1,linprobe,132,0.814815
vit_b16_caltech256_f100_s1_linprobe,vit_b16,caltech256,100,1,linprobe,133,1.0
vit_b16_caltech256_f100_s1_linprobe,vit_b16,caltech256,100,1,linprobe,134,0.684211
vit_b16_caltech256_f100_s1_linprobe,vit_b16,caltech256,100,1,linprobe,135,0.947368
vit_b16_caltech256_f100_s1_linprobe,vit_b16,caltech256,100,1,linprobe,136,0.935484
vit_b16_caltech256_f100_s1_linprobe,vit_b16,caltech256,100,1,linprobe,137,0.921053
vit_b16_caltech256_f100_s1_linprobe,vit_b16,caltech256,100,1,linprobe,138,0.823529
vit_b16_caltech256_f100_s1_linprobe,vit_b16,caltech256,100,1,linprobe,139,0.777778
vit_b16_caltech256_f100_s1_linprobe,vit_b16,caltech256,100,1,linprobe,140,0.869565
vit_b16_caltech256_f100_s1_linprobe,vit_b16,caltech256,100,1,linprobe,141,0.857143
vit_b16_caltech256_f100_s1_linprobe,vit_b16,caltech256,100,1,linprobe,142,1.0
vit_b16_caltech256_f100_s1_linprobe,vit_b16,caltech256,100,1,linprobe,143,0.6875
vit_b16_caltech256_f100_s1_linprobe,vit_b16,caltech256,100,1,linprobe,144,1.0
vit_b16_caltech256_f100_s1_linprobe,vit_b16,caltech256,100,1,linprobe,145,0.75
vit_b16_caltech256_f100_s1_linprobe,vit_b16,caltech256,100,1,linprobe,146,0.825
vit_b16_caltech256_f100_s1_linprobe,vit_b16,caltech256,100,1,linprobe,147,0.657143
vit_b16_caltech256_f100_s1_linprobe,vit_b16,caltech256,100,1,linprobe,148,0.857143
vit_b16_caltech256_f100_s1_linprobe,vit_b16,caltech256,100,1,linprobe,149,0.727273
vit_b16_caltech256_f100_s1_linprobe,vit_b16,caltech256,100,1,linprobe,150,1.0
vit_b16_caltech256_f100_s1_linprobe,vit_b16,caltech256,100,1,linprobe,151,0.916667
vit_b16_caltech256_f100_s1_linprobe,vit_b16,caltech256,100,1,linprobe,152,0.947368
vit_b16_caltech256_f100_s1_linprobe,vit_b16,caltech256,100,1,linprobe,153,0.714286
vit_b16_caltech256_f100_s1_linprobe,vit_b16,caltech256,100,1,linprobe,154,0.444444
vit_b16_caltech256_f100_s1_linprobe,vit_b16,caltech256,100,1,linprobe,155,0.684211
vit_b16_caltech256_f100_s1_linprobe,vit_b16,caltech256,100,1,linprobe,156,0.904762
vit_b16_caltech256_f100_s1_linprobe,vit_b16,caltech256,100,1,linprobe,157,0.933333
vit_b16_caltech256_f100_s1_linprobe,vit_b16,caltech256,100,1,linprobe,158,0.619048
vit_b16_caltech256_f100_s1_linprobe,vit_b16,caltech256,100,1,linprobe,159,0.705882
vit_b16_caltech256_f100_s1_linprobe,vit_b16,caltech256,100,1,linprobe,160,0.904762
vit_b16_caltech256_f100_s1_linprobe,vit_b16,caltech256,100,1,linprobe,161,0.666667
vit_b16_caltech256_f100_s1_linprobe,vit_b16,caltech256,100,1,linprobe,162,0.444444
vit_b16_caltech256_f100_s1_linprobe,vit_b16,caltech256,100,1,linprobe,163,1.0
vit_b16_caltech256_f100_s1_linprobe,vit_b16,caltech256,100,1,linprobe,164,0.722222
vit_b16_caltech256_f100_s1_linprobe,vit_b16,caltech256,100,1,linprobe,165,0.888889
vit_b16_caltech256_f100_s1_linprobe,vit_b16,caltech256,100,1,linprobe,166,0.823529
vit_b16_caltech256_f100_s1_linprobe,vit_b16,caltech256,100,1,linprobe,167,1.0
vit_b16_caltech256_f100_s1_linprobe,vit_b16,caltech256,100,1,linprobe,168,0.888889
vit_b16_caltech256_f100_s1_linprobe,vit_b16,caltech256,100,1,linprobe,169,0.75
vit_b16_caltech256_f100_s1_linprobe,vit_b16,caltech256,100,1,linprobe,170,0.941176
vit_b16_caltech256_f100_s1_linprobe,vit_b16,caltech256,100,1,linprobe,171,1.0
vit_b16_caltech256_f100_s1_linprobe,vit_b16,caltech256,100,1,linprobe,172,0.714286
vit_b16_caltech256_f100_s1_linprobe,vit_b16,caltech256,100,1,linprobe,173,0.941176
vit_b16_caltech256_f100_s1_linprobe,vit_b16,caltech256,100,1,linprobe,174,0.764706
vit_b16_caltech256_f100_s1_linprobe,vit_b16,caltech256,100,1,linprobe,175,0.863636
vit_b16_caltech256_f100_s1_linprobe,vit_b16,caltech256,100,1,linprobe,176,0.947368
vit_b16_caltech256_f100_s1_linprobe,vit_b16,caltech256,100,1,linprobe,177,0.9
vit_b16_caltech256_f100_s1_linprobe,vit_b16,caltech256,100,1,linprobe,178,1.0
vit_b16_caltech256_f100_s1_linprobe,vit_b16,caltech256,100,1,linprobe,179,0.6
vit_b16_caltech256_f100_s1_linprobe,vit_b16,caltech256,100,1,linprobe,180,0.85
vit_b16_caltech256_f100_s1_linprobe,vit_b16,caltech256,100,1,linprobe,181,1.0
vit_b16_caltech256_f100_s1_linprobe,vit_b16,caltech256,100,1,linprobe,182,0.9
vit_b16_caltech256_f100_s1_linprobe,vit_b16,caltech256,100,1,linprobe,183,0.941176
vit_b16_caltech256_f100_s1_linprobe,vit_b16,caltech256,100,1,linprobe,184,0.714286
vit_b16_caltech256_f100_s1_linprobe,vit_b16,caltech256,100,1,linprobe,185,1.0
vit_b16_caltech256_f100_s1_linprobe,vit_b16,caltech256,100,1,linprobe,186,0.894737
vit_b16_caltech256_f100_s1_linprobe,vit_b16,caltech256,100,1,linprobe,187,0.666667
vit_b16_caltech256_f100_s1_linprobe,vit_b16,caltech256,100,1,linprobe,188,0.875
vit_b16_caltech256_f100_s1_linprobe,vit_b16,caltech256,100,1,linprobe,189,1.0
vit_b16_caltech256_f100_s1_linprobe,vit_b16,caltech256,100,1,linprobe,190,0.636364
vit_b16_caltech256_f100_s1_linprobe,vit_b16,caltech256,100,1,linprobe,191,0.909091
vit_b16_caltech256_f100_s1_linprobe,vit_b16,caltech256,100,1,linprobe,192,0.914286
vit_b16_caltech256_f100_s1_linprobe,vit_b16,caltech256,100,1,linprobe,193,0.954545
vit_b16_caltech256_f100_s1_linprobe,vit_b16,caltech256,100,1,linprobe,194,0.588235
vit_b16_caltech256_f100_s1_linprobe,vit_b16,caltech256,100,1,linprobe,195,0.857143
vit_b16_caltech256_f100_s1_linprobe,vit_b16,caltech256,100,1,linprobe,196,0.85
vit_b16_caltech256_f100_s1_linprobe,vit_b16,caltech256,100,1,linprobe,197,0.863636
vit_b16_caltech256_f100_s1_linprobe,vit_b16,caltech256,100,1,linprobe,198,0.571429
vit_b16_caltech256_f100_s1_linprobe,vit_b16,caltech256,100,1,linprobe,199,0.8
vit_b16_caltech256_f100_s1_linprobe,vit_b16,caltech256,100,1,linprobe,200,0.9375
vit_b16_caltech256_f100_s1_linprobe,vit_b16,caltech256,100,1,linprobe,201,0.578947
vit_b16_caltech256_f100_s1_linprobe,vit_b16,caltech256,100,1,linprobe,202,0.777778
vit_b16_caltech256_f100_s1_linprobe,vit_b16,caltech256,100,1,linprobe,203,0.875
vit_b16_caltech256_f100_s1_linprobe,vit_b16,caltech256,100,1,linprobe,204,0.764706
vit_b16_caltech256_f100_s1_linprobe,vit_b16,caltech256,100,1,linprobe,205,0.75
vit_b16_caltech256_f100_s1_linprobe,vit_b16,caltech256,100,1,linprobe,206,0.782609
vit_b16_caltech256_f100_s1_linprobe,vit_b16,caltech256,100,1,linprobe,207,0.954545
vit_b16_caltech256_f100_s1_linprobe,vit_b16,caltech256,100,1,linprobe,208,0.8
vit_b16_caltech256_f100_s1_linprobe,vit_b16,caltech256,100,1,linprobe,209,0.818182
vit_b16_caltech256_f100_s1_linprobe,vit_b16,caltech256,100,1,linprobe,210,0.842105
vit_b16_caltech256_f100_s1_linprobe,vit_b16,caltech256,100,1,linprobe,211,0.962963
vit_b16_caltech256_f100_s1_linprobe,vit_b16,caltech256,100,1,linprobe,212,0.95
vit_b16_caltech256_f100_s1_linprobe,vit_b16,caltech256,100,1,linprobe,213,0.857143
vit_b16_caltech256_f100_s1_linprobe,vit_b16,caltech256,100,1,linprobe,214,0.764706
vit_b16_caltech256_f100_s1_linprobe,vit_b16,caltech256,100,1,linprobe,215,1.0
vit_b16_caltech256_f100_s1_linprobe,vit_b16,caltech256,100,1,linprobe,216,0.952381
vit_b16_caltech256_f100_s1_linprobe,vit_b16,caltech256,100,1,linprobe,217,0.875
vit_b16_caltech256_f100_s1_linprobe,vit_b16,caltech256,100,1,linprobe,218,0.823529
vit_b16_caltech256_f100_s1_linprobe,vit_b16,caltech256,100,1,linprobe,219,0.947368
vit_b16_caltech256_f100_s1_linprobe,vit_b16,caltech256,100,1,linprobe,220,0.857143
vit_b16_caltech256_f100_s1_linprobe,vit_b16,caltech256,100,1,linprobe,221,0.777778
vit_b16_caltech256_f100_s1_linprobe,vit_b16,caltech256,100,1,linprobe,222,0.625
vit_b16_caltech256_f100_s1_linprobe,vit_b16,caltech256,100,1,linprobe,223,0.772727
vit_b16_caltech256_f100_s1_linprobe,vit_b16,caltech256,100,1,linprobe,224,0.888889
vit_b16_caltech256_f100_s1_linprobe,vit_b16,caltech256,100,1,linprobe,225,0.8
vit_b16_caltech256_f100_s1_linprobe,vit_b16,caltech256,100,1,linprobe,226,0.931034
vit_b16_caltech256_f100_s1_linprobe,vit_b16,caltech256,100,1,linprobe,227,1.0
vit_b16_caltech256_f100_s1_linprobe,vit_b16,caltech256,100,1,linprobe,228,0.894737
vit_b16_caltech256_f100_s1_linprobe,vit_b16,caltech256,100,1,linprobe,229,1.0
vit_b16_caltech256_f100_s1_linprobe,vit_b16,caltech256,100,1,linprobe,230,0.863636
vit_b16_caltech256_f100_s1_linprobe,vit_b16,caltech256,100,1,linprobe,231,0.930556
vit_b16_caltech256_f100_s1_linprobe,vit_b16,caltech256,100,1,linprobe,232,0.45
vit_b16_caltech256_f100_s1_linprobe,vit_b16,caltech256,100,1,linprobe,233,0.75
vit_b16_caltech256_f100_s1_linprobe,vit_b16,caltech256,100,1,linprobe,234,0.869565
vit_b16_caltech256_f100_s1_linprobe,vit_b16,caltech256,100,1,linprobe,235,0.789474
vit_b16_caltech256_f100_s1_linprobe,vit_b16,caltech256,100,1,linprobe,236,0.888889
vit_b16_caltech256_f100_s1_linprobe,vit_b16,caltech256,100,1,linprobe,237,0.947368
vit_b16_caltech256_f100_s1_linprobe,vit_b16,caltech256,100,1,linprobe,238,0.823529
vit_b16_caltech256_f100_s1_linprobe,vit_b16,caltech256,100,1,linprobe,239,0.9
vit_b16_caltech256_f100_s1_linprobe,vit_b16,caltech256,100,1,linprobe,240,0.894737
vit_b16_caltech256_f100_s1_linprobe,vit_b16,caltech256,100,1,linprobe,241,0.842105
vit_b16_caltech256_f100_s1_linprobe,vit_b16,caltech256,100,1,linprobe,242,0.944444
vit_b16_caltech256_f100_s1_linprobe,vit_b16,caltech256,100,1,linprobe,243,0.777778
vit_b16_caltech256_f100_s1_linprobe,vit_b16,caltech256,100,1,linprobe,244,0.777778
vit_b16_caltech256_f100_s1_linprobe,vit_b16,caltech256,100,1,linprobe,245,0.85
vit_b16_caltech256_f100_s1_linprobe,vit_b16,caltech256,100,1,linprobe,246,0.722222
vit_b16_caltech256_f100_s1_linprobe,vit_b16,caltech256,100,1,linprobe,247,0.588235
vit_b16_caltech256_f100_s1_linprobe,vit_b16,caltech256,100,1,linprobe,248,0.7
vit_b16_caltech256_f100_s1_linprobe,vit_b16,caltech256,100,1,linprobe,249,1.0
vit_b16_caltech256_f100_s1_linprobe,vit_b16,caltech256,100,1,linprobe,250,0.94375
vit_b16_caltech256_f100_s1_linprobe,vit_b16,caltech256,100,1,linprobe,251,1.0
vit_b16_caltech256_f100_s1_linprobe,vit_b16,caltech256,100,1,linprobe,252,0.988506
vit_b16_caltech256_f100_s1_linprobe,vit_b16,caltech256,100,1,linprobe,253,0.842105
vit_b16_caltech256_f100_s1_linprobe,vit_b16,caltech256,100,1,linprobe,254,0.666667
vit_b16_caltech256_f100_s1_linprobe,vit_b16,caltech256,100,1,linprobe,255,0.863636
vit_b16_caltech256_f100_s2_fullft,vit_b16,caltech256,100,2,fullft,0,1.0
vit_b16_caltech256_f100_s2_fullft,vit_b16,caltech256,100,2,fullft,1,0.947368
vit_b16_caltech256_f100_s2_fullft,vit_b16,caltech256,100,2,fullft,2,0.933333
vit_b16_caltech256_f100_s2_fullft,vit_b16,caltech256,100,2,fullft,3,0.76
vit_b16_caltech256_f100_s2_fullft,vit_b16,caltech256,100,2,fullft,4,1.0
vit_b16_caltech256_f100_s2_fullft,vit_b16,caltech256,100,2,fullft,5,0.888889
vit_b16_caltech256_f100_s2_fullft,vit_b16,caltech256,100,2,fullft,6,0.904762
vit_b16_caltech256_f100_s2_fullft,vit_b16,caltech256,100,2,fullft,7,0.891304
vit_b16_caltech256_f100_s2_fullft,vit_b16,caltech256,100,2,fullft,8,0.9
vit_b16_caltech256_f100_s2_fullft,vit_b16,caltech256,100,2,fullft,9,0.789474
vit_b16_caltech256_f100_s2_fullft,vit_b16,caltech256,100,2,fullft,10,0.982143
vit_b16_caltech256_f100_s2_fullft,vit_b16,caltech256,100,2,fullft,11,0.976744
vit_b16_caltech256_f100_s2_fullft,vit_b16,caltech256,100,2,fullft,12,0.8
vit_b16_caltech256_f100_s2_fullft,vit_b16,caltech256,100,2,fullft,13,1.0
vit_b16_caltech256_f100_s2_fullft,vit_b16,caltech256,100,2,fullft,14,0.958333
vit_b16_caltech256_f100_s2_fullft,vit_b16,caltech256,100,2,fullft,15,0.944444
vit_b16_caltech256_f100_s2_fullft,vit_b16,caltech256,100,2,fullft,16,0.619048
vit_b16_caltech256_f100_s2_fullft,vit_b16,caltech256,100,2,fullft,17,0.7
vit_b16_caltech256_f100_s2_fullft,vit_b16,caltech256,100,2,fullft,18,0.92
vit_b16_caltech256_f100_s2_fullft,vit_b16,caltech256,100,2,fullft,19,1.0
vit_b16_caltech256_f100_s2_fullft,vit_b16,caltech256,100,2,fullft,20,0.928571
vit_b16_caltech256_f100_s2_fullft,vit_b16,caltech256,100,2,fullft,21,1.0
vit_b16_caltech256_f100_s2_fullft,vit_b16,caltech256,100,2,fullft,22,1.0
vit_b16_caltech256_f100_s2_fullft,vit_b16,caltech256,100,2,fullft,23,0.954545
vit_b16_caltech256_f100_s2_fullft,vit_b16,caltech256,100,2,fullft,24,1.0
vit_b16_caltech256_f100_s2_fullft,vit_b16,caltech256,100,2,fullft,25,0.714286
vit_b16_caltech256_f100_s2_fullft,vit_b16,caltech256,100,2,fullft,26,1.0
vit_b16_caltech256_f100_s2_fullft,vit_b16,caltech256,100,2,fullft,27,1.0
vit_b16_caltech256_f100_s2_fullft,vit_b16,caltech256,100,2,fullft,28,1.0
vit_b16_caltech256_f100_s2_fullft,vit_b16,caltech256,100,2,fullft,29,0.714286
vit_b16_caltech256_f100_s2_fullft,vit_b16,caltech256,100,2,fullft,30,0.944444
vit_b16_caltech256_f100_s2_fullft,vit_b16,caltech256,100,2,fullft,31,0.85
vit_b16_caltech256_f100_s2_fullft,vit_b16,caltech256,100,2,fullft,32,0.9
vit_b16_caltech256_f100_s2_fullft,vit_b16,caltech256,100,2,fullft,33,0.95
vit_b16_caltech256_f100_s2_fullft,vit_b16,caltech256,100,2,fullft,34,0.941176
vit_b16_caltech256_f100_s2_fullft,vit_b16,caltech256,100,2,fullft,35,0.857143
vit_b16_caltech256_f100_s2_fullft,vit_b16,caltech256,100,2,fullft,36,1.0
vit_b16_caltech256_f100_s2_fullft,vit_b16,caltech256,100,2,fullft,37,0.909091
vit_b16_caltech256_f100_s2_fullft,vit_b16,caltech256,100,2,fullft,38,0.470588
vit_b16_caltech256_f100_s2_fullft,vit_b16,caltech256,100,2,fullft,39,0.96
vit_b16_caltech256_f100_s2_fullft,vit_b16,caltech256,100,2,fullft,40,0.882353
vit_b16_caltech256_f100_s2_fullft,vit_b16,caltech256,100,2,fullft,41,0.705882
vit_b16_caltech256_f100_s2_fullft,vit_b16,caltech256,100,2,fullft,42,0.8
vit_b16_caltech256_f100_s2_fullft,vit_b16,caltech256,100,2,fullft,43,0.833333
vit_b16_caltech256_f100_s2_fullft,vit_b16,caltech256,100,2,fullft,44,0.882353
vit_b16_caltech256_f100_s2_fullft,vit_b16,caltech256,100,2,fullft,45,0.925926
vit_b16_caltech256_f100_s2_fullft,vit_b16,caltech256,100,2,fullft,46,0.842105
vit_b16_caltech256_f100_s2_fullft,vit_b16,caltech256,100,2,fullft,47,0.857143
vit_b16_caltech256_f100_s2_fullft,vit_b16,caltech256,100,2,fullft,48,0.904762
vit_b16_caltech256_f100_s2_fullft,vit_b16,caltech256,100,2,fullft,49,0.947368
vit_b16_caltech256_f100_s2_fullft,vit_b16,caltech256,100,2,fullft,50,0.956522
vit_b16_caltech256_f100_s2_fullft,vit_b16,caltech256,100,2,fullft,51,0.941176
vit_b16_caltech256_f100_s2_fullft,vit_b16,caltech256,100,2,fullft,52,0.875
vit_b16_caltech256_f100_s2_fullft,vit_b16,caltech256,100,2,fullft,53,0.958333
vit_b16_caltech256_f100_s2_fullft,vit_b16,caltech256,100,2,fullft,54,0.75
vit_b16_caltech256_f100_s2_fullft,vit_b16,caltech256,100,2,fullft,55,0.9
vit_b16_caltech256_f100_s2_fullft,vit_b16,caltech256,100,2,fullft,56,0.952381
vit_b16_caltech256_f100_s2_fullft,vit_b16,caltech256,100,2,fullft,57,0.684211
vit_b16_caltech256_f100_s2_fullft,vit_b16,caltech256,100,2,fullft,58,0.529412
vit_b16_caltech256_f100_s2_fullft,vit_b16,caltech256,100,2,fullft,59,0.764706
vit_b16_caltech256_f100_s2_fullft,vit_b16,caltech256,100,2,fullft,60,0.85
vit_b16_caltech256_f100_s2_fullft,vit_b16,caltech256,100,2,fullft,61,0.882353
vit_b16_caltech256_f100_s2_fullft,vit_b16,caltech256,100,2,fullft,62,0.958333
vit_b16_caltech256_f100_s2_fullft,vit_b16,caltech256,100,2,fullft,63,0.923077
vit_b16_caltech256_f100_s2_fullft,vit_b16,caltech256,100,2,fullft,64,0.95
vit_b16_caltech256_f100_s2_fullft,vit_b16,caltech256,100,2,fullft,65,0.882353
vit_b16_caltech256_f100_s2_fullft,vit_b16,caltech256,100,2,fullft,66,1.0
vit_b16_caltech256_f100_s2_fullft,vit_b16,caltech256,100,2,fullft,67,0.863636
vit_b16_caltech256_f100_s2_fullft,vit_b16,caltech256,100,2,fullft,68,0.7
vit_b16_caltech256_f100_s2_fullft,vit_b16,caltech256,100,2,fullft,69,0.705882
vit_b16_caltech256_f100_s2_fullft,vit_b16,caltech256,100,2,fullft,70,0.9
vit_b16_caltech256_f100_s2_fullft,vit_b16,caltech256,100,2,fullft,71,0.958333
vit_b16_caltech256_f100_s2_fullft,vit_b16,caltech256,100,2,fullft,72,1.0
vit_b16_caltech256_f100_s2_fullft,vit_b16,caltech256,100,2,fullft,73,0.565217
vit_b16_caltech256_f100_s2_fullft,vit_b16,caltech256,100,2,fullft,74,0.647059
vit_b16_caltech256_f100_s2_fullft,vit_b16,caltech256,100,2,fullft,75,0.941176
vit_b16_caltech256_f100_s2_fullft,vit_b16,caltech256,100,2,fullft,76,1.0
vit_b16_caltech256_f100_s2_fullft,vit_b16,caltech256,100,2,fullft,77,0.833333
vit_b16_caltech256_f100_s2_fullft,vit_b16,caltech256,100,2,fullft,78,0.75
vit_b16_caltech256_f100_s2_fullft,vit_b16,caltech256,100,2,fullft,79,0.913043
vit_b16_caltech256_f100_s2_fullft,vit_b16,caltech256,100,2,fullft,80,0.842105
vit_b16_caltech256_f100_s2_fullft,vit_b16,caltech256,100,2,fullft,81,0.9375
vit_b16_caltech256_f100_s2_fullft,vit_b16,caltech256,100,2,fullft,82,0.842105
vit_b16_caltech256_f100_s2_fullft,vit_b16,caltech256,100,2,fullft,83,1.0
vit_b16_caltech256_f100_s2_fullft,vit_b16,caltech256,100,2,fullft,84,0.818182
vit_b16_caltech256_f100_s2_fullft,vit_b16,caltech256,100,2,fullft,85,0.875
vit_b16_caltech256_f100_s2_fullft,vit_b16,caltech256,100,2,fullft,86,0.842105
vit_b16_caltech256_f100_s2_fullft,vit_b16,caltech256,100,2,fullft,87,1.0
vit_b16_caltech256_f100_s2_fullft,vit_b16,caltech256,100,2,fullft,88,0.772727
vit_b16_caltech256_f100_s2_fullft,vit_b16,caltech256,100,2,fullft,89,0.952381
vit_b16_caltech256_f100_s2_fullft,vit_b16,caltech256,100,2,fullft,90,1.0
vit_b16_caltech256_f100_s2_fullft,vit_b16,caltech256,100,2,fullft,91,0.9
vit_b16_caltech256_f100_s2_fullft,vit_b16,caltech256,100,2,fullft,92,1.0
vit_b16_caltech256_f100_s2_fullft,vit_b16,caltech256,100,2,fullft,93,0.952381
vit_b16_caltech256_f100_s2_fullft,vit_b16,caltech256,100,2,fullft,94,0.823529
vit_b16_caltech256_f100_s2_fullft,vit_b16,caltech256,100,2,fullft,95,0.947368
vit_b16_caltech256_f100_s2_fullft,vit_b16,caltech256,100,2,fullft,96,0.833333
vit_b16_caltech256_f100_s2_fullft,vit_b16,caltech256,100,2,fullft,97,1.0
vit_b16_caltech256_f100_s2_fullft,vit_b16,caltech256,100,2,fullft,98,0.8125
vit_b16_caltech256_f100_s2_fullft,vit_b16,caltech256,100,2,fullft,99,1.0
vit_b16_caltech256_f100_s2_fullft,vit_b16,caltech256,100,2,fullft,100,0.928571
vit_b16_caltech256_f100_s2_fullft,vit_b16,caltech256,100,2,fullft,101,0.944444
vit_b16_caltech256_f100_s2_fullft,vit_b16,caltech256,100,2,fullft,102,0.954545
vit_b16_caltech256_f100_s2_fullft,vit_b16,caltech256,100,2,fullft,103,0.894737
vit_b16_caltech256_f100_s2_fullft,vit_b16,caltech256,100,2,fullft,104,0.87037
vit_b16_caltech256_f100_s2_fullft,vit_b16,caltech256,100,2,fullft,105,0.764706
vit_b16_caltech256_f100_s2_fullft,vit_b16,caltech256,100,2,fullft,106,1.0
vit_b16_caltech256_f100_s2_fullft,vit_b16,caltech256,100,2,fullft,107,0.588235
vit_b16_caltech256_f100_s2_fullft,vit_b16,caltech256,100,2,fullft,108,1.0
vit_b16_caltech256_f100_s2_fullft,vit_b16,caltech256,100,2,fullft,109,0.941176
vit_b16_caltech256_f100_s2_fullft,vit_b16,caltech256,100,2,fullft,110,0.941176
vit_b16_caltech256_f100_s2_fullft,vit_b16,caltech256,100,2,fullft,111,0.941176
vit_b16_caltech256_f100_s2_fullft,vit_b16,caltech256,100,2,fullft,112,1.0
vit_b16_caltech256_f100_s2_fullft,vit_b16,caltech256,100,2,fullft,113,0.916667
vit_b16_caltech256_f100_s2_fullft,vit_b16,caltech256,100,2,fullft,114,0.722222
vit_b16_caltech256_f100_s2_fullft,vit_b16,caltech256,100,2,fullft,115,0.904762
vit_b16_caltech256_f100_s2_fullft,vit_b16,caltech256,100,2,fullft,116,0.958333
vit_b16_caltech256_f100_s2_fullft,vit_b16,caltech256,100,2,fullft,117,0.954545
vit_b16_caltech256_f100_s2_fullft,vit_b16,caltech256,100,2,fullft,118,0.823529
vit_b16_caltech256_f100_s2_fullft,vit_b16,caltech256,100,2,fullft,119,0.769231
vit_b16_caltech256_f100_s2_fullft,vit_b16,caltech256,100,2,fullft,120,1.0
vit_b16_caltech256_f100_s2_fullft,vit_b16,caltech256,100,2,fullft,121,0.904762
vit_b16_caltech256_f100_s2_fullft,vit_b16,caltech256,100,2,fullft,122,1.0
vit_b16_caltech256_f100_s2_fullft,vit_b16,caltech256,100,2,fullft,123,1.0
vit_b16_caltech256_f100_s2_fullft,vit_b16,caltech256,100,2,fullft,124,0.75
vit_b16_caltech256_f100_s2_fullft,vit_b16,caltech256,100,2,fullft,125,0.75
vit_b16_caltech256_f100_s2_fullft,vit_b16,caltech256,100,2,fullft,126,0.961538
vit_b16_caltech256_f100_s2_fullft,vit_b16,caltech256,100,2,fullft,127,0.952381
vit_b16_caltech256_f100_s2_fullft,vit_b16,caltech256,100,2,fullft,128,1.0
vit_b16_caltech256_f100_s2_fullft,vit_b16,caltech256,100,2,fullft,129,0.944444
vit_b16_caltech256_f100_s2_fullft,vit_b16,caltech256,100,2,fullft,130,1.0
vit_b16_caltech256_f100_s2_fullft,vit_b16,caltech256,100,2,fullft,131,0.921053
vit_b16_caltech256_f100_s2_fullft,vit_b16,caltech256,100,2,fullft,132,0.962963
vit_b16_caltech256_f100_s2_fullft,vit_b16,caltech256,100,2,fullft,133,1.0
vit_b16_caltech256_f100_s2_fullft,vit_b16,caltech256,100,2,fullft,134,0.842105
vit_b16_caltech256_f100_s2_fullft,vit_b16,caltech256,100,2,fullft,135,0.894737
vit_b16_caltech256_f100_s2_fullft,vit_b16,caltech256,100,2,fullft,136,0.967742
vit_b16_caltech256_f100_s2_fullft,vit_b16,caltech256,100,2,fullft,137,0.894737
vit_b16_caltech256_f100_s2_fullft,vit_b16,caltech256,100,2,fullft,138,0.941176
vit_b16_caltech256_f100_s2_fullft,vit_b16,caltech256,100,2,fullft,139,0.888889
vit_b16_caltech256_f100_s2_fullft,vit_b16,caltech256,100,2,fullft,140,0.956522
vit_b16_caltech256_f100_s2_fullft,vit_b16,caltech256,100,2,fullft,141,0.952381
vit_b16_caltech256_f100_s2_fullft,vit_b16,caltech256,100,2,fullft,142,0.923077
vit_b16_caltech256_f100_s2_fullft,vit_b16,caltech256,100,2,fullft,143,0.8125
vit_b16_caltech256_f100_s2_fullft,vit_b16,caltech256,100,2,fullft,144,1.0
vit_b16_caltech256_f100_s2_fullft,vit_b16,caltech256,100,2,fullft,145,0.75
vit_b16_caltech256_f100_s2_fullft,vit_b16,caltech256,100,2,fullft,146,0.875
vit_b16_caltech256_f100_s2_fullft,vit_b16,caltech256,100,2,fullft,147,0.771429
vit_b16_caltech256_f100_s2_fullft,vit_b16,caltech256,100,2,fullft,148,0.904762
vit_b16_caltech256_f100_s2_fullft,vit_b16,caltech256,100,2,fullft,149,0.909091
vit_b16_caltech256_f100_s2_fullft,vit_b16,caltech256,100,2,fullft,150,0.954545
vit_b16_caltech256_f100_s2_fullft,vit_b16,caltech256,100,2,fullft,151,1.0
vit_b16_caltech256_f100_s2_fullft,vit_b16,caltech256,100,2,fullft,152,1.0
vit_b16_caltech256_f100_s2_fullft,vit_b16,caltech256,100,2,fullft,153,0.904762
vit_b16_caltech256_f100_s2_fullft,vit_b16,caltech256,100,2,fullft,154,0.666667
vit_b16_caltech256_f100_s2_fullft,vit_b16,caltech256,100,2,fullft,155,0.684211
vit_b16_caltech256_f100_s2_fullft,vit_b16,caltech256,100,2,fullft,156,0.952381
vit_b16_caltech256_f100_s2_fullft,vit_b16,caltech256,100,2,fullft,157,0.933333
vit_b16_caltech256_f100_s2_fullft,vit_b16,caltech256,100,2,fullft,158,0.666667
vit_b16_caltech256_f100_s2_fullft,vit_b16,caltech256,100,2,fullft,159,0.647059
vit_b16_caltech256_f100_s2_fullft,vit_b16,caltech256,100,2,fullft,160,0.952381
vit_b16_caltech256_f100_s2_fullft,vit_b16,caltech256,100,2,fullft,161,0.666667
vit_b16_caltech256_f100_s2_fullft,vit_b16,caltech256,100,2,fullft,162,0.611111
vit_b16_caltech256_f100_s2_fullft,vit_b16,caltech256,100,2,fullft,163,1.0
vit_b16_caltech256_f100_s2_fullft,vit_b16,caltech256,100,2,fullft,164,0.722222
vit_b16_caltech256_f100_s2_fullft,vit_b16,caltech256,100,2,fullft,165,1.0
vit_b16_caltech256_f100_s2_fullft,vit_b16,caltech256,100,2,fullft,166,1.0
vit_b16_caltech256_f100_s2_fullft,vit_b16,caltech256,100,2,fullft,167,0.964286
vit_b16_caltech256_f100_s2_fullft,vit_b16,caltech256,100,2,fullft,168,1.0
vit_b16_caltech256_f100_s2_fullft,vit_b16,caltech256,100,2,fullft,169,1.0
vit_b16_caltech256_f100_s2_fullft,vit_b16,caltech256,100,2,fullft,170,0.941176
vit_b16_caltech256_f100_s2_fullft,vit_b16,caltech256,100,2,fullft,171,0.9
vit_b16_caltech256_f100_s2_fullft,vit_b16,caltech256,100,2,fullft,172,0.761905
vit_b16_caltech256_f100_s2_fullft,vit_b16,caltech256,100,2,fullft,173,1.0
vit_b16_caltech256_f100_s2_fullft,vit_b16,caltech256,100,2,fullft,174,0.941176
vit_b16_caltech256_f100_s2_fullft,vit_b16,caltech256,100,2,fullft,175,0.863636
vit_b16_caltech256_f100_s2_fullft,vit_b16,caltech256,100,2,fullft,176,1.0
vit_b16_caltech256_f100_s2_fullft,vit_b16,caltech256,100,2,fullft,177,1.0
vit_b16_caltech256_f100_s2_fullft,vit_b16,caltech256,100,2,fullft,178,1.0
vit_b16_caltech256_f100_s2_fullft,vit_b16,caltech256,100,2,fullft,179,0.7
vit_b16_caltech256_f100_s2_fullft,vit_b16,caltech256,100,2,fullft,180,0.95
vit_b16_caltech256_f100_s2_fullft,vit_b16,caltech256,100,2,fullft,181,1.0
vit_b16_caltech256_f100_s2_fullft,vit_b16,caltech256,100,2,fullft,182,1.0
vit_b16_caltech256_f100_s2_fullft,vit_b16,caltech256,100,2,fullft,183,0.941176
vit_b16_caltech256_f100_s2_fullft,vit_b16,caltech256,100,2,fullft,184,0.714286
vit_b16_caltech256_f100_s2_fullft,vit_b16,caltech256,100,2,fullft,185,1.0
vit_b16_caltech256_f100_s2_fullft,vit_b16,caltech256,100,2,fullft,186,1.0
vit_b16_caltech256_f100_s2_fullft,vit_b16,caltech256,100,2,fullft,187,0.888889
vit_b16_caltech256_f100_s2_fullft,vit_b16,caltech256,100,2,fullft,188,1.0
vit_b16_caltech256_f100_s2_fullft,vit_b16,caltech256,100,2,fullft,189,0.909091
vit_b16_caltech256_f100_s2_fullft,vit_b16,caltech256,100,2,fullft,190,0.590909
vit_b16_caltech256_f100_s2_fullft,vit_b16,caltech256,100,2,fullft,191,0.954545
vit_b16_caltech256_f100_s2_fullft,vit_b16,caltech256,100,2,fullft,192,0.828571
vit_b16_caltech256_f100_s2_fullft,vit_b16,caltech256,100,2,fullft,193,1.0
vit_b16_caltech256_f100_s2_fullft,vit_b16,caltech256,100,2,fullft,194,0.647059
vit_b16_caltech256_f100_s2_fullft,vit_b16,caltech256,100,2,fullft,195,1.0
vit_b16_caltech256_f100_s2_fullft,vit_b16,caltech256,100,2,fullft,196,0.85
vit_b16_caltech256_f100_s2_fullft,vit_b16,caltech256,100,2,fullft,197,0.818182
vit_b16_caltech256_f100_s2_fullft,vit_b16,caltech256,100,2,fullft,198,0.571429
vit_b16_caltech256_f100_s2_fullft,vit_b16,caltech256,100,2,fullft,199,0.9
vit_b16_caltech256_f100_s2_fullft,vit_b16,caltech256,100,2,fullft,200,1.0
vit_b16_caltech256_f100_s2_fullft,vit_b16,caltech256,100,2,fullft,201,0.684211
vit_b16_caltech256_f100_s2_fullft,vit_b16,caltech256,100,2,fullft,202,0.944444
vit_b16_caltech256_f100_s2_fullft,vit_b16,caltech256,100,2,fullft,203,1.0
vit_b16_caltech256_f100_s2_fullft,vit_b16,caltech256,100,2,fullft,204,0.941176
vit_b16_caltech256_f100_s2_fullft,vit_b16,caltech256,100,2,fullft,205,0.75
vit_b16_caltech256_f100_s2_fullft,vit_b16,caltech256,100,2,fullft,206,0.913043
vit_b16_caltech256_f100_s2_fullft,vit_b16,caltech256,100,2,fullft,207,0.954545
vit_b16_caltech256_f100_s2_fullft,vit_b16,caltech256,100,2,fullft,208,0.75
vit_b16_caltech256_f100_s2_fullft,vit_b16,caltech256,100,2,fullft,209,0.863636
vit_b16_caltech256_f100_s2_fullft,vit_b16,caltech256,100,2,fullft,210,0.842105
vit_b16_caltech256_f100_s2_fullft,vit_b16,caltech256,100,2,fullft,211,0.962963
vit_b16_caltech256_f100_s2_fullft,vit_b16,caltech256,100,2,fullft,212,1.0
vit_b16_caltech256_f100_s2_fullft,vit_b16,caltech256,100,2,fullft,213,0.964286
vit_b16_caltech256_f100_s2_fullft,vit_b16,caltech256,100,2,fullft,214,1.0
vit_b16_caltech256_f100_s2_fullft,vit_b16,caltech256,100,2,fullft,215,1.0
vit_b16_caltech256_f100_s2_fullft,vit_b16,caltech256,100,2,fullft,216,1.0
vit_b16_caltech256_f100_s2_fullft,vit_b16,caltech256,100,2,fullft,217,0.875
vit_b16_caltech256_f100_s2_fullft,vit_b16,caltech256,100,2,fullft,218,0.823529
vit_b16_caltech256_f100_s2_fullft,vit_b16,caltech256,100,2,fullft,219,0.894737
vit_b16_caltech256_f100_s2_fullft,vit_b16,caltech256,100,2,fullft,220,1.0
vit_b16_caltech256_f100_s2_fullft,vit_b16,caltech256,100,2,fullft,221,0.777778
vit_b16_caltech256_f100_s2_fullft,vit_b16,caltech256,100,2,fullft,222,0.75
vit_b16_caltech256_f100_s2_fullft,vit_b16,caltech256,100,2,fullft,223,1.0
vit_b16_caltech256_f100_s2_fullft,vit_b16,caltech256,100,2,fullft,224,0.944444
vit_b16_caltech256_f100_s2_fullft,vit_b16,caltech256,100,2,fullft,225,0.9
vit_b16_caltech256_f100_s2_fullft,vit_b16,caltech256,100,2,fullft,226,0.931034
vit_b16_caltech256_f100_s2_fullft,vit_b16,caltech256,100,2,fullft,227,1.0
vit_b16_caltech256_f100_s2_fullft,vit_b16,caltech256,100,2,fullft,228,0.894737
vit_b16_caltech256_f100_s2_fullft,vit_b16,caltech256,100,2,fullft,229,1.0
vit_b16_caltech256_f100_s2_fullft,vit_b16,caltech256,100,2,fullft,230,0.772727
vit_b16_caltech256_f100_s2_fullft,vit_b16,caltech256,100,2,fullft,231,0.916667
vit_b16_caltech256_f100_s2_fullft,vit_b16,caltech256,100,2,fullft,232,0.6
vit_b16_caltech256_f100_s2_fullft,vit_b16,caltech256,100,2,fullft,233,0.916667
vit_b16_caltech256_f100_s2_fullft,vit_b16,caltech256,100,2,fullft,234,0.956522
vit_b16_caltech256_f100_s2_fullft,vit_b16,caltech256,100,2,fullft,235,0.789474
vit_b16_caltech256_f100_s2_fullft,vit_b16,caltech256,100,2,fullft,236,0.888889
vit_b16_caltech256_f100_s2_fullft,vit_b16,caltech256,100,2,fullft,237,1.0
vit_b16_caltech256_f100_s2_fullft,vit_b16,caltech256,100,2,fullft,238,0.823529
vit_b16_caltech256_f100_s2_fullft,vit_b16,caltech256,100,2,fullft,239,1.0
vit_b16_caltech256_f100_s2_fullft,vit_b16,caltech256,100,2,fullft,240,0.842105
vit_b16_caltech256_f100_s2_fullft,vit_b16,caltech256,100,2,fullft,241,1.0
vit_b16_caltech256_f100_s2_fullft,vit_b16,caltech256,100,2,fullft,242,0.944444
vit_b16_caltech256_f100_s2_fullft,vit_b16,caltech256,100,2,fullft,243,0.666667
vit_b16_caltech256_f100_s2_fullft,vit_b16,caltech256,100,2,fullft,244,0.944444
vit_b16_caltech256_f100_s2_fullft,vit_b16,caltech256,100,2,fullft,245,0.95
vit_b16_caltech256_f100_s2_fullft,vit_b16,caltech256,100,2,fullft,246,0.777778
vit_b16_caltech256_f100_s2_fullft,vit_b16,caltech256,100,2,fullft,247,0.941176
vit_b16_caltech256_f100_s2_fullft,vit_b16,caltech256,100,2,fullft,248,0.8
vit_b16_caltech256_f100_s2_fullft,vit_b16,caltech256,100,2,fullft,249,1.0
vit_b16_caltech256_f100_s2_fullft,vit_b16,caltech256,100,2,fullft,250,0.98125
vit_b16_caltech256_f100_s2_fullft,vit_b16,caltech256,100,2,fullft,251,1.0
vit_b16_caltech256_f100_s2_fullft,vit_b16,caltech256,100,2,fullft,252,1.0
vit_b16_caltech256_f100_s2_fullft,vit_b16,caltech256,100,2,fullft,253,0.947368
vit_b16_caltech256_f100_s2_fullft,vit_b16,caltech256,100,2,fullft,254,0.666667
vit_b16_caltech256_f100_s2_fullft,vit_b16,caltech256,100,2,fullft,255,0.909091
vit_b16_caltech256_f100_s2_linprobe,vit_b16,caltech256,100,2,linprobe,0,1.0
vit_b16_caltech256_f100_s2_linprobe,vit_b16,caltech256,100,2,linprobe,1,0.894737
vit_b16_caltech256_f100_s2_linprobe,vit_b16,caltech256,100,2,linprobe,2,0.9
vit_b16_caltech256_f100_s2_linprobe,vit_b16,caltech256,100,2,linprobe,3,0.72
vit_b16_caltech256_f100_s2_linprobe,vit_b16,caltech256,100,2,linprobe,4,0.9
vit_b16_caltech256_f100_s2_linprobe,vit_b16,caltech256,100,2,linprobe,5,0.944444
vit_b16_caltech256_f100_s2_linprobe,vit_b16,caltech256,100,2,linprobe,6,0.904762
vit_b16_caltech256_f100_s2_linprobe,vit_b16,caltech256,100,2,linprobe,7,0.913043
vit_b16_caltech256_f100_s2_linprobe,vit_b16,caltech256,100,2,linprobe,8,0.95
vit_b16_caltech256_f100_s2_linprobe,vit_b16,caltech256,100,2,linprobe,9,0.789474
vit_b16_caltech256_f100_s2_linprobe,vit_b16,caltech256,100,2,linprobe,10,0.964286
vit_b16_caltech256_f100_s2_linprobe,vit_b16,caltech256,100,2,linprobe,11,0.976744
vit_b16_caltech256_f100_s2_linprobe,vit_b16,caltech256,100,2,linprobe,12,0.65
vit_b16_caltech256_f100_s2_linprobe,vit_b16,caltech256,100,2,linprobe,13,0.823529
vit_b16_caltech256_f100_s2_linprobe,vit_b16,caltech256,100,2,linprobe,14,0.958333
vit_b16_caltech256_f100_s2_linprobe,vit_b16,caltech256,100,2,linprobe,15,0.944444
vit_b16_caltech256_f100_s2_linprobe,vit_b16,caltech256,100,2,linprobe,16,0.619048
vit_b16_caltech256_f100_s2_linprobe,vit_b16,caltech256,100,2,linprobe,17,0.6
vit_b16_caltech256_f100_s2_linprobe,vit_b16,caltech256,100,2,linprobe,18,0.72
vit_b16_caltech256_f100_s2_linprobe,vit_b16,caltech256,100,2,linprobe,19,0.941176
vit_b16_caltech256_f100_s2_linprobe,vit_b16,caltech256,100,2,linprobe,20,0.892857
vit_b16_caltech256_f100_s2_linprobe,vit_b16,caltech256,100,2,linprobe,21,1.0
vit_b16_caltech256_f100_s2_linprobe,vit_b16,caltech256,100,2,linprobe,22,1.0
vit_b16_caltech256_f100_s2_linprobe,vit_b16,caltech256,100,2,linprobe,23,0.954545
vit_b16_caltech256_f100_s2_linprobe,vit_b16,caltech256,100,2,linprobe,24,0.869565
vit_b16_caltech256_f100_s2_linprobe,vit_b16,caltech256,100,2,linprobe,25,0.666667
vit_b16_caltech256_f100_s2_linprobe,vit_b16,caltech256,100,2,linprobe,26,0.95
vit_b16_caltech256_f100_s2_linprobe,vit_b16,caltech256,100,2,linprobe,27,0.954545
vit_b16_caltech256_f100_s2_linprobe,vit_b16,caltech256,100,2,linprobe,28,1.0
vit_b16_caltech256_f100_s2_linprobe,vit_b16,caltech256,100,2,linprobe,29,0.619048
vit_b16_caltech256_f100_s2_linprobe,vit_b16,caltech256,100,2,linprobe,30,0.722222
vit_b16_caltech256_f100_s2_linprobe,vit_b16,caltech256,100,2,linprobe,31,0.8
vit_b16_caltech256_f100_s2_linprobe,vit_b16,caltech256,100,2,linprobe,32,0.85
vit_b16_caltech256_f100_s2_linprobe,vit_b16,caltech256,100,2,linprobe,33,0.95
vit_b16_caltech256_f100_s2_linprobe,vit_b16,caltech256,100,2,linprobe,34,0.882353
vit_b16_caltech256_f100_s2_linprobe,vit_b16,caltech256,100,2,linprobe,35,0.857143
vit_b16_caltech256_f100_s2_linprobe,vit_b16,caltech256,100,2,linprobe,36,0.958333
vit_b16_caltech256_f100_s2_linprobe,vit_b16,caltech256,100,2,linprobe,37,0.909091
vit_b16_caltech256_f100_s2_linprobe,vit_b16,caltech256,100,2,linprobe,38,0.411765
vit_b16_caltech256_f100_s2_linprobe,vit_b16,caltech256,100,2,linprobe,39,0.96
vit_b16_caltech256_f100_s2_linprobe,vit_b16,caltech256,100,2,linprobe,40,0.941176
vit_b16_caltech256_f100_s2_linprobe,vit_b16,caltech256,100,2,linprobe,41,0.529412
vit_b16_caltech256_f100_s2_linprobe,vit_b16,caltech256,100,2,linprobe,42,0.8
vit_b16_caltech256_f100_s2_linprobe,vit_b16,caltech256,100,2,linprobe,43,0.833333
vit_b16_caltech256_f100_s2_linprobe,vit_b16,caltech256,100,2,linprobe,44,0.941176
vit_b16_caltech256_f100_s2_linprobe,vit_b16,caltech256,100,2,linprobe,45,0.962963
vit_b16_caltech256_f100_s2_linprobe,vit_b16,caltech256,100,2,linprobe,46,0.842105
vit_b16_caltech256_f100_s2_linprobe,vit_b16,caltech256,100,2,linprobe,47,0.857143
vit_b16_caltech256_f100_s2_linprobe,vit_b16,caltech256,100,2,linprobe,48,0.857143
vit_b16_caltech256_f100_s2_linprobe,vit_b16,caltech256,100,2,linprobe,49,0.631579
vit_b16_caltech256_f100_s2_linprobe,vit_b16,caltech256,100,2,linprobe,50,0.826087
vit_b16_caltech256_f100_s2_linprobe,vit_b16,caltech256,100,2,linprobe,51,0.882353
vit_b16_caltech256_f100_s2_linprobe,vit_b16,caltech256,100,2,linprobe,52,0.9375
vit_b16_caltech256_f100_s2_linprobe,vit_b16,caltech256,100,2,linprobe,53,1.0
vit_b16_caltech256_f100_s2_linprobe,vit_b16,caltech256,100,2,linprobe,54,0.7
vit_b16_caltech256_f100_s2_linprobe,vit_b16,caltech256,100,2,linprobe,55,0.8
vit_b16_caltech256_f100_s2_linprobe,vit_b16,caltech256,100,2,linprobe,56,0.857143
vit_b16_caltech256_f100_s2_linprobe,vit_b16,caltech256,100,2,linprobe,57,0.684211
vit_b16_caltech256_f100_s2_linprobe,vit_b16,caltech256,100,2,linprobe,58,0.470588
vit_b16_caltech256_f100_s2_linprobe,vit_b16,caltech256,100,2,linprobe,59,0.705882
vit_b16_caltech256_f100_s2_linprobe,vit_b16,caltech256,100,2,linprobe,60,0.8
vit_b16_caltech256_f100_s2_linprobe,vit_b16,caltech256,100,2,linprobe,61,0.823529
vit_b16_caltech256_f100_s2_linprobe,vit_b16,caltech256,100,2,linprobe,62,0.958333
vit_b16_caltech256_f100_s2_linprobe,vit_b16,caltech256,100,2,linprobe,63,0.961538
vit_b16_caltech256_f100_s2_linprobe,vit_b16,caltech256,100,2,linprobe,64,0.9
vit_b16_caltech256_f100_s2_linprobe,vit_b16,caltech256,100,2,linprobe,65,0.882353
vit_b16_caltech256_f100_s2_linprobe,vit_b16,caltech256,100,2,linprobe,66,0.882353
vit_b16_caltech256_f100_s2_linprobe,vit_b16,caltech256,100,2,linprobe,67,0.863636
vit_b16_caltech256_f100_s2_linprobe,vit_b16,caltech256,100,2,linprobe,68,0.6
vit_b16_caltech256_f100_s2_linprobe,vit_b16,caltech256,100,2,linprobe,69,0.294118
vit_b16_caltech256_f100_s2_linprobe,vit_b16,caltech256,100,2,linprobe,70,0.8
vit_b16_caltech256_f100_s2_linprobe,vit_b16,caltech256,100,2,linprobe,71,0.958333
vit_b16_caltech256_f100_s2_linprobe,vit_b16,caltech256,100,2,linprobe,72,0.95
vit_b16_caltech256_f100_s2_linprobe,vit_b16,caltech256,100,2,linprobe,73,0.695652
vit_b16_caltech256_f100_s2_linprobe,vit_b16,caltech256,100,2,linprobe,74,0.647059
vit_b16_caltech256_f100_s2_linprobe,vit_b16,caltech256,100,2,linprobe,75,1.0
vit_b16_caltech256_f100_s2_linprobe,vit_b16,caltech256,100,2,linprobe,76,1.0
vit_b16_caltech256_f100_s2_linprobe,vit_b16,caltech256,100,2,linprobe,77,0.888889
vit_b16_caltech256_f100_s2_linprobe,vit_b16,caltech256,100,2,linprobe,78,0.7
vit_b16_caltech256_f100_s2_linprobe,vit_b16,caltech256,100,2,linprobe,79,0.608696
vit_b16_caltech256_f100_s2_linprobe,vit_b16,caltech256,100,2,linprobe,80,0.947368
vit_b16_caltech256_f100_s2_linprobe,vit_b16,caltech256,100,2,linprobe,81,0.9375
vit_b16_caltech256_f100_s2_linprobe,vit_b16,caltech256,100,2,linprobe,82,0.894737
vit_b16_caltech256_f100_s2_linprobe,vit_b16,caltech256,100,2,linprobe,83,0.941176
vit_b16_caltech256_f100_s2_linprobe,vit_b16,caltech256,100,2,linprobe,84,0.772727
vit_b16_caltech256_f100_s2_linprobe,vit_b16,caltech256,100,2,linprobe,85,0.9375
vit_b16_caltech256_f100_s2_linprobe,vit_b16,caltech256,100,2,linprobe,86,0.894737
vit_b16_caltech256_f100_s2_linprobe,vit_b16,caltech256,100,2,linprobe,87,1.0
vit_b16_caltech256_f100_s2_linprobe,vit_b16,caltech256,100,2,linprobe,88,0.772727
vit_b16_caltech256_f100_s2_linprobe,vit_b16,caltech256,100,2,linprobe,89,1.0
vit_b16_caltech256_f100_s2_linprobe,vit_b16,caltech256,100,2,linprobe,90,0.947368
vit_b16_caltech256_f100_s2_linprobe,vit_b16,caltech256,100,2,linprobe,91,0.8
vit_b16_caltech256_f100_s2_linprobe,vit_b16,caltech256,100,2,linprobe,92,1.0
vit_b16_caltech256_f100_s2_linprobe,vit_b16,caltech256,100,2,linprobe,93,1.0
vit_b16_caltech256_f100_s2_linprobe,vit_b16,caltech256,100,2,linprobe,94,0.882353
vit_b16_caltech256_f100_s2_linprobe,vit_b16,caltech256,100,2,linprobe,95,0.912281
vit_b16_caltech256_f100_s2_linprobe,vit_b16,caltech256,100,2,linprobe,96,0.777778
vit_b16_caltech256_f100_s2_linprobe,vit_b16,caltech256,100,2,linprobe,97,0.95
vit_b16_caltech256_f100_s2_linprobe,vit_b16,caltech256,100,2,linprobe,98,0.8125
vit_b16_caltech256_f100_s2_linprobe,vit_b16,caltech256,100,2,linprobe,99,1.0
vit_b16_caltech256_f100_s2_linprobe,vit_b16,caltech256,100,2,linprobe,100,0.821429
vit_b16_caltech256_f100_s2_linprobe,vit_b16,caltech256,100,2,linprobe,101,0.888889
vit_b16_caltech256_f100_s2_linprobe,vit_b16,caltech256,100,2,linprobe,102,1.0
vit_b16_caltech256_f100_s2_linprobe,vit_b16,caltech256,100,2,linprobe,103,0.684211
vit_b16_caltech256_f100_s2_linprobe,vit_b16,caltech256,100,2,linprobe,104,0.851852
vit_b16_caltech256_f100_s2_linprobe,vit_b16,caltech256,100,2,linprobe,105,0.823529
vit_b16_caltech256_f100_s2_linprobe,vit_b16,caltech256,100,2,linprobe,106,1.0
vit_b16_caltech256_f100_s2_linprobe,vit_b16,caltech256,100,2,linprobe,107,0.764706
vit_b16_caltech256_f100_s2_linprobe,vit_b16,caltech256,100,2,linprobe,108,0.903226
vit_b16_caltech256_f100_s2_linprobe,vit_b16,caltech256,100,2,linprobe,109,0.941176
vit_b16_caltech256_f100_s2_linprobe,vit_b16,caltech256,100,2,linprobe,110,0.941176
vit_b16_caltech256_f100_s2_linprobe,vit_b16,caltech256,100,2,linprobe,111,0.823529
vit_b16_caltech256_f100_s2_linprobe,vit_b16,caltech256,100,2,linprobe,112,0.956522
vit_b16_caltech256_f100_s2_linprobe,vit_b16,caltech256,100,2,linprobe,113,0.958333
vit_b16_caltech256_f100_s2_linprobe,vit_b16,caltech256,100,2,linprobe,114,0.777778
vit_b16_caltech256_f100_s2_linprobe,vit_b16,caltech256,100,2,linprobe,115,1.0
vit_b16_caltech256_f100_s2_linprobe,vit_b16,caltech256,100,2,linprobe,116,0.916667
vit_b16_caltech256_f100_s2_linprobe,vit_b16,caltech256,100,2,linprobe,117,0.818182
vit_b16_caltech256_f100_s2_linprobe,vit_b16,caltech256,100,2,linprobe,118,0.705882
vit_b16_caltech256_f100_s2_linprobe,vit_b16,caltech256,100,2,linprobe,119,0.884615
vit_b16_caltech256_f100_s2_linprobe,vit_b16,caltech256,100,2,linprobe,120,1.0
vit_b16_caltech256_f100_s2_linprobe,vit_b16,caltech256,100,2,linprobe,121,0.857143
vit_b16_caltech256_f100_s2_linprobe,vit_b16,caltech256,100,2,linprobe,122,1.0
vit_b16_caltech256_f100_s2_linprobe,vit_b16,caltech256,100,2,linprobe,123,0.944444
vit_b16_caltech256_f100_s2_linprobe,vit_b16,caltech256,100,2,linprobe,124,0.45
vit_b16_caltech256_f100_s2_linprobe,vit_b16,caltech256,100,2,linprobe,125,0.604167
vit_b16_caltech256_f100_s2_linprobe,vit_b16,caltech256,100,2,linprobe,126,0.961538
vit_b16_caltech256_f100_s2_linprobe,vit_b16,caltech256,100,2,linprobe,127,0.952381
vit_b16_caltech256_f100_s2_linprobe,vit_b16,caltech256,100,2,linprobe,128,1.0
vit_b16_caltech256_f100_s2_linprobe,vit_b16,caltech256,100,2,linprobe,129,0.888889
vit_b16_caltech256_f100_s2_linprobe,vit_b16,caltech256,100,2,linprobe,130,0.833333
vit_b16_caltech256_f100_s2_linprobe,vit_b16,caltech256,100,2,linprobe,131,0.894737
vit_b16_caltech256_f100_s2_linprobe,vit_b16,caltech256,100,2,linprobe,132,0.814815
vit_b16_caltech256_f100_s2_linprobe,vit_b16,caltech256,100,2,linprobe,133,1.0
vit_b16_caltech256_f100_s2_linprobe,vit_b16,caltech256,100,2,linprobe,134,0.684211
vit_b16_caltech256_f100_s2_linprobe,vit_b16,caltech256,100,2,linprobe,135,0.894737
vit_b16_caltech256_f100_s2_linprobe,vit_b16,caltech256,100,2,linprobe,136,0.935484
vit_b16_caltech256_f100_s2_linprobe,vit_b16,caltech256,100,2,linprobe,137,0.868421
vit_b16_caltech256_f100_s2_linprobe,vit_b16,caltech256,100,2,linprobe,138,0.882353
vit_b16_caltech256_f100_s2_linprobe,vit_b16,caltech256,100,2,linprobe,139,0.722222
vit_b16_caltech256_f100_s2_linprobe,vit_b16,caltech256,100,2,linprobe,140,0.869565
vit_b16_caltech256_f100_s2_linprobe,vit_b16,caltech256,100,2,linprobe,141,0.857143
vit_b16_caltech256_f100_s2_linprobe,vit_b16,caltech256,100,2,linprobe,142,0.961538
vit_b16_caltech256_f100_s2_linprobe,vit_b16,caltech256,100,2,linprobe,143,0.6875
vit_b16_caltech256_f100_s2_linprobe,vit_b16,caltech256,100,2,linprobe,144,1.0
vit_b16_caltech256_f100_s2_linprobe,vit_b16,caltech256,100,2,linprobe,145,0.875
vit_b16_caltech256_f100_s2_linprobe,vit_b16,caltech256,100,2,linprobe,146,0.825
vit_b16_caltech256_f100_s2_linprobe,vit_b16,caltech256,100,2,linprobe,147,0.628571
vit_b16_caltech256_f100_s2_linprobe,vit_b16,caltech256,100,2,linprobe,148,0.904762
vit_b16_caltech256_f100_s2_linprobe,vit_b16,caltech256,100,2,linprobe,149,0.727273
vit_b16_caltech256_f100_s2_linprobe,vit_b16,caltech256,100,2,linprobe,150,1.0
vit_b16_caltech256_f100_s2_linprobe,vit_b16,caltech256,100,2,linprobe,151,0.916667
vit_b16_caltech256_f100_s2_linprobe,vit_b16,caltech256,100,2,linprobe,152,0.947368
vit_b16_caltech256_f100_s2_linprobe,vit_b16,caltech256,100,2,linprobe,153,0.857143
vit_b16_caltech256_f100_s2_linprobe,vit_b16,caltech256,100,2,linprobe,154,0.388889
vit_b16_caltech256_f100_s2_linprobe,vit_b16,caltech256,100,2,linprobe,155,0.736842
vit_b16_caltech256_f100_s2_linprobe,vit_b16,caltech256,100,2,linprobe,156,0.904762
vit_b16_caltech256_f100_s2_linprobe,vit_b16,caltech256,100,2,linprobe,157,0.933333
vit_b16_caltech256_f100_s2_linprobe,vit_b16,caltech256,100,2,linprobe,158,0.642857
vit_b16_caltech256_f100_s2_linprobe,vit_b16,caltech256,100,2,linprobe,159,0.705882
vit_b16_caltech256_f100_s2_linprobe,vit_b16,caltech256,100,2,linprobe,160,0.904762
vit_b16_caltech256_f100_s2_linprobe,vit_b16,caltech256,100,2,linprobe,161,0.555556
vit_b16_caltech256_f100_s2_linprobe,vit_b16,caltech256,100,2,linprobe,162,0.444444
vit_b16_caltech256_f100_s2_linprobe,vit_b16,caltech256,100,2,linprobe,163,1.0
vit_b16_caltech256_f100_s2_linprobe,vit_b16,caltech256,100,2,linprobe,164,0.666667
vit_b16_caltech256_f100_s2_linprobe,vit_b16,caltech256,100,2,linprobe,165,0.833333
vit_b16_caltech256_f100_s2_linprobe,vit_b16,caltech256,100,2,linprobe,166,0.764706
vit_b16_caltech256_f100_s2_linprobe,vit_b16,caltech256,100,2,linprobe,167,1.0
vit_b16_caltech256_f100_s2_linprobe,vit_b16,caltech256,100,2,linprobe,168,0.888889
vit_b16_caltech256_f100_s2_linprobe,vit_b16,caltech256,100,2,linprobe,169,0.85
vit_b16_caltech256_f100_s2_linprobe,vit_b16,caltech256,100,2,linprobe,170,0.882353
vit_b16_caltech256_f100_s2_linprobe,vit_b16,caltech256,100,2,linprobe,171,1.0
vit_b16_caltech256_f100_s2_linprobe,vit_b16,caltech256,100,2,linprobe,172,0.714286
vit_b16_caltech256_f100_s2_linprobe,vit_b16,caltech256,100,2,linprobe,173,1.0
vit_b16_caltech256_f100_s2_linprobe,vit_b16,caltech256,100,2,linprobe,174,0.764706
vit_b16_caltech256_f100_s2_linprobe,vit_b16,caltech256,100,2,linprobe,175,0.863636
vit_b16_caltech256_f100_s2_linprobe,vit_b16,caltech256,100,2,linprobe,176,0.947368
vit_b16_caltech256_f100_s2_linprobe,vit_b16,caltech256,100,2,linprobe,177,0.9
vit_b16_caltech256_f100_s2_linprobe,vit_b16,caltech256,100,2,linprobe,178,1.0
vit_b16_caltech256_f100_s2_linprobe,vit_b16,caltech256,100,2,linprobe,179,0.6
vit_b16_caltech256_f100_s2_linprobe,vit_b16,caltech256,100,2,linprobe,180,0.85
vit_b16_caltech256_f100_s2_linprobe,vit_b16,caltech256,100,2,linprobe,181,0.958333
vit_b16_caltech256_f100_s2_linprobe,vit_b16,caltech256,100,2,linprobe,182,0.9
vit_b16_caltech256_f100_s2_linprobe,vit_b16,caltech256,100,2,linprobe,183,0.941176
vit_b16_caltech256_f100_s2_linprobe,vit_b16,caltech256,100,2,linprobe,184,0.666667
vit_b16_caltech256_f100_s2_linprobe,vit_b16,caltech256,100,2,linprobe,185,1.0
vit_b16_caltech256_f100_s2_linprobe,vit_b16,caltech256,100,2,linprobe,186,0.947368
vit_b16_caltech256_f100_s2_linprobe,vit_b16,caltech256,100,2,linprobe,187,0.666667
vit_b16_caltech256_f100_s2_linprobe,vit_b16,caltech256,100,2,linprobe,188,0.833333
vit_b16_caltech256_f100_s2_linprobe,vit_b16,caltech256,100,2,linprobe,189,1.0
vit_b16_caltech256_f100_s2_linprobe,vit_b16,caltech256,100,2,linprobe,190,0.818182
vit_b16_caltech256_f100_s2_linprobe,vit_b16,caltech256,100,2,linprobe,191,0.909091
vit_b16_caltech256_f100_s2_linprobe,vit_b16,caltech256,100,2,linprobe,192,0.857143
vit_b16_caltech256_f100_s2_linprobe,vit_b16,caltech256,100,2,linprobe,193,0.954545
vit_b16_caltech256_f100_s2_linprobe,vit_b16,caltech256,100,2,linprobe,194,0.588235
vit_b16_caltech256_f100_s2_linprobe,vit_b16,caltech256,100,2,linprobe,195,0.904762
vit_b16_caltech256_f100_s2_linprobe,vit_b16,caltech256,100,2,linprobe,196,0.8
vit_b16_caltech256_f100_s2_linprobe,vit_b16,caltech256,100,2,linprobe,197,0.863636
vit_b16_caltech256_f100_s2_linprobe,vit_b16,caltech256,100,2,linprobe,198,0.619048
vit_b16_caltech256_f100_s2_linprobe,vit_b16,caltech256,100,2,linprobe,199,0.75
vit_b16_caltech256_f100_s2_linprobe,vit_b16,caltech256,100,2,linprobe,200,0.9375
vit_b16_caltech256_f100_s2_linprobe,vit_b16,caltech256,100,2,linprobe,201,0.526316
vit_b16_caltech256_f100_s2_linprobe,vit_b16,caltech256,100,2,linprobe,202,0.722222
vit_b16_caltech256_f100_s2_linprobe,vit_b16,caltech256,100,2,linprobe,203,1.0
vit_b16_caltech256_f100_s2_linprobe,vit_b16,caltech256,100,2,linprobe,204,0.823529
vit_b16_caltech256_f100_s2_linprobe,vit_b16,caltech256,100,2,linprobe,205,0.75
vit_b16_caltech256_f100_s2_linprobe,vit_b16,caltech256,100,2,linprobe,206,0.826087
vit_b16_caltech256_f100_s2_linprobe,vit_b16,caltech256,100,2,linprobe,207,0.909091
vit_b16_caltech256_f100_s2_linprobe,vit_b16,caltech256,100,2,linprobe,208,0.75
vit_b16_caltech256_f100_s2_linprobe,vit_b16,caltech256,100,2,linprobe,209,0.772727
vit_b16_caltech256_f100_s2_linprobe,vit_b16,caltech256,100,2,linprobe,210,0.842105
vit_b16_caltech256_f100_s2_linprobe,vit_b16,caltech256,100,2,linprobe,211,0.962963
vit_b16_caltech256_f100_s2_linprobe,vit_b16,caltech256,100,2,linprobe,212,0.95
vit_b16_caltech256_f100_s2_linprobe,vit_b16,caltech256,100,2,linprobe,213,0.892857
vit_b16_caltech256_f100_s2_linprobe,vit_b16,caltech256,100,2,linprobe,214,0.764706
vit_b16_caltech256_f100_s2_linprobe,vit_b16,caltech256,100,2,linprobe,215,1.0
vit_b16_caltech256_f100_s2_linprobe,vit_b16,caltech256,100,2,linprobe,216,0.952381
vit_b16_caltech256_f100_s2_linprobe,vit_b16,caltech256,100,2,linprobe,217,0.875
vit_b16_caltech256_f100_s2_linprobe,vit_b16,caltech256,100,2,linprobe,218,0.823529
vit_b16_caltech256_f100_s2_linprobe,vit_b16,caltech256,100,2,linprobe,219,0.947368
vit_b16_caltech256_f100_s2_linprobe,vit_b16,caltech256,100,2,linprobe,220,0.857143
vit_b16_caltech256_f100_s2_linprobe,vit_b16,caltech256,100,2,linprobe,221,0.666667
vit_b16_caltech256_f100_s2_linprobe,vit_b16,caltech256,100,2,linprobe,222,0.625
vit_b16_caltech256_f100_s2_linprobe,vit_b16,caltech256,100,2,linprobe,223,0.636364
vit_b16_caltech256_f100_s2_linprobe,vit_b16,caltech256,100,2,linprobe,224,0.888889
vit_b16_caltech256_f100_s2_linprobe,vit_b16,caltech256,100,2,linprobe,225,0.85
vit_b16_caltech256_f100_s2_linprobe,vit_b16,caltech256,100,2,linprobe,226,0.931034
vit_b16_caltech256_f100_s2_linprobe,vit_b16,caltech256,100,2,linprobe,227,1.0
vit_b16_caltech256_f100_s2_linprobe,vit_b16,caltech256,100,2,linprobe,228,0.789474
vit_b16_caltech256_f100_s2_linprobe,vit_b16,caltech256,100,2,linprobe,229,1.0
vit_b16_caltech256_f100_s2_linprobe,vit_b16,caltech256,100,2,linprobe,230,0.772727
vit_b16_caltech256_f100_s2_linprobe,vit_b16,caltech256,100,2,linprobe,231,0.930556
vit_b16_caltech256_f100_s2_linprobe,vit_b16,caltech256,100,2,linprobe,232,0.4
vit_b16_caltech256_f100_s2_linprobe,vit_b16,caltech256,100,2,linprobe,233,0.708333
vit_b16_caltech256_f100_s2_linprobe,vit_b16,caltech256,100,2,linprobe,234,0.869565
vit_b16_caltech256_f100_s2_linprobe,vit_b16,caltech256,100,2,linprobe,235,0.789474
vit_b16_caltech256_f100_s2_linprobe,vit_b16,caltech256,100,2,linprobe,236,0.888889
vit_b16_caltech256_f100_s2_linprobe,vit_b16,caltech256,100,2,linprobe,237,0.947368
vit_b16_caltech256_f100_s2_linprobe,vit_b16,caltech256,100,2,linprobe,238,0.823529
vit_b16_caltech256_f100_s2_linprobe,vit_b16,caltech256,100,2,linprobe,239,0.95
vit_b16_caltech256_f100_s2_linprobe,vit_b16,caltech256,100,2,linprobe,240,0.842105
vit_b16_caltech256_f100_s2_linprobe,vit_b16,caltech256,100,2,linprobe,241,0.842105
vit_b16_caltech256_f100_s2_linprobe,vit_b16,caltech256,100,2,linprobe,242,0.888889
vit_b16_caltech256_f100_s2_linprobe,vit_b16,caltech256,100,2,linprobe,243,0.777778
vit_b16_caltech256_f100_s2_linprobe,vit_b16,caltech256,100,2,linprobe,244,0.888889
vit_b16_caltech256_f100_s2_linprobe,vit_b16,caltech256,100,2,linprobe,245,0.85
vit_b16_caltech256_f100_s2_linprobe,vit_b16,caltech256,100,2,linprobe,246,0.777778
vit_b16_caltech256_f100_s2_linprobe,vit_b16,caltech256,100,2,linprobe,247,0.647059
vit_b16_caltech256_f100_s2_linprobe,vit_b16,caltech256,100,2,linprobe,248,0.65
vit_b16_caltech256_f100_s2_linprobe,vit_b16,caltech256,100,2,linprobe,249,1.0
vit_b16_caltech256_f100_s2_linprobe,vit_b16,caltech256,100,2,linprobe,250,0.94375
vit_b16_caltech256_f100_s2_linprobe,vit_b16,caltech256,100,2,linprobe,251,1.0
vit_b16_caltech256_f100_s2_linprobe,vit_b16,caltech256,100,2,linprobe,252,0.988506
vit_b16_caltech256_f100_s2_linprobe,vit_b16,caltech256,100,2,linprobe,253,0.842105
vit_b16_caltech256_f100_s2_linprobe,vit_b16,caltech256,100,2,linprobe,254,0.619048
vit_b16_caltech256_f100_s2_linprobe,vit_b16,caltech256,100,2,linprobe,255,0.954545
vit_b16_caltech256_f10_s0_fullft,vit_b16,caltech256,10,0,fullft,0,0.6
vit_b16_caltech256_f10_s0_fullft,vit_b16,caltech256,10,0,fullft,1,0.894737
vit_b16_caltech256_f10_s0_fullft,vit_b16,caltech256,10,0,fullft,2,0.966667
vit_b16_caltech256_f10_s0_fullft,vit_b16,caltech256,10,0,fullft,3,0.56
vit_b16_caltech256_f10_s0_fullft,vit_b16,caltech256,10,0,fullft,4,0.933333
vit_b16_caltech256_f10_s0_fullft,vit_b16,caltech256,10,0,fullft,5,0.666667
vit_b16_caltech256_f10_s0_fullft,vit_b16,caltech256,10,0,fullft,6,0.666667
vit_b16_caltech256_f10_s0_fullft,vit_b16,caltech256,10,0,fullft,7,0.804348
vit_b16_caltech256_f10_s0_fullft,vit_b16,caltech256,10,0,fullft,8,0.85
vit_b16_caltech256_f10_s0_fullft,vit_b16,caltech256,10,0,fullft,9,0.631579
vit_b16_caltech256_f10_s0_fullft,vit_b16,caltech256,10,0,fullft,10,0.946429
vit_b16_caltech256_f10_s0_fullft,vit_b16,caltech256,10,0,fullft,11,0.976744
vit_b16_caltech256_f10_s0_fullft,vit_b16,caltech256,10,0,fullft,12,0.4
vit_b16_caltech256_f10_s0_fullft,vit_b16,caltech256,10,0,fullft,13,0.882353
vit_b16_caltech256_f10_s0_fullft,vit_b16,caltech256,10,0,fullft,14,1.0
vit_b16_caltech256_f10_s0_fullft,vit_b16,caltech256,10,0,fullft,15,0.666667
vit_b16_caltech256_f10_s0_fullft,vit_b16,caltech256,10,0,fullft,16,0.380952
vit_b16_caltech256_f10_s0_fullft,vit_b16,caltech256,10,0,fullft,17,0.5
vit_b16_caltech256_f10_s0_fullft,vit_b16,caltech256,10,0,fullft,18,0.64
vit_b16_caltech256_f10_s0_fullft,vit_b16,caltech256,10,0,fullft,19,0.529412
vit_b16_caltech256_f10_s0_fullft,vit_b16,caltech256,10,0,fullft,20,0.857143
vit_b16_caltech256_f10_s0_fullft,vit_b16,caltech256,10,0,fullft,21,0.842105
vit_b16_caltech256_f10_s0_fullft,vit_b16,caltech256,10,0,fullft,22,0.727273
vit_b16_caltech256_f10_s0_fullft,vit_b16,caltech256,10,0,fullft,23,0.772727
vit_b16_caltech256_f10_s0_fullft,vit_b16,caltech256,10,0,fullft,24,0.565217
vit_b16_caltech256_f10_s0_fullft,vit_b16,caltech256,10,0,fullft,25,0.285714
vit_b16_caltech256_f10_s0_fullft,vit_b16,caltech256,10,0,fullft,26,0.8
vit_b16_caltech256_f10_s0_fullft,vit_b16,caltech256,10,0,fullft,27,0.863636
vit_b16_caltech256_f10_s0_fullft,vit_b16,caltech256,10,0,fullft,28,0.809524
vit_b16_caltech256_f10_s0_fullft,vit_b16,caltech256,10,0,fullft,29,0.571429
vit_b16_caltech256_f10_s0_fullft,vit_b16,caltech256,10,0,fullft,30,0.722222
vit_b16_caltech256_f10_s0_fullft,vit_b16,caltech256,10,0,fullft,31,0.8
vit_b16_caltech256_f10_s0_fullft,vit_b16,caltech256,10,0,fullft,32,0.7
vit_b16_caltech256_f10_s0_fullft,vit_b16,caltech256,10,0,fullft,33,0.85
vit_b16_caltech256_f10_s0_fullft,vit_b16,caltech256,10,0,fullft,34,0.705882
vit_b16_caltech256_f10_s0_fullft,vit_b16,caltech256,10,0,fullft,35,0.809524
vit_b16_caltech256_f10_s0_fullft,vit_b16,caltech256,10,0,fullft,36,1.0
vit_b16_caltech256_f10_s0_fullft,vit_b16,caltech256,10,0,fullft,37,0.909091
vit_b16_caltech256_f10_s0_fullft,vit_b16,caltech256,10,0,fullft,38,0.294118
vit_b16_caltech256_f10_s0_fullft,vit_b16,caltech256,10,0,fullft,39,0.96
vit_b16_caltech256_f10_s0_fullft,vit_b16,caltech256,10,0,fullft,40,0.882353
vit_b16_caltech256_f10_s0_fullft,vit_b16,caltech256,10,0,fullft,41,0.235294
vit_b16_caltech256_f10_s0_fullft,vit_b16,caltech256,10,0,fullft,42,0.64
vit_b16_caltech256_f10_s0_fullft,vit_b16,caltech256,10,0,fullft,43,0.791667
vit_b16_caltech256_f10_s0_fullft,vit_b16,caltech256,10,0,fullft,44,0.764706
vit_b16_caltech256_f10_s0_fullft,vit_b16,caltech256,10,0,fullft,45,0.925926
vit_b16_caltech256_f10_s0_fullft,vit_b16,caltech256,10,0,fullft,46,0.736842
vit_b16_caltech256_f10_s0_fullft,vit_b16,caltech256,10,0,fullft,47,0.809524
vit_b16_caltech256_f10_s0_fullft,vit_b16,caltech256,10,0,fullft,48,0.904762
vit_b16_caltech256_f10_s0_fullft,vit_b16,caltech256,10,0,fullft,49,0.421053
vit_b16_caltech256_f10_s0_fullft,vit_b16,caltech256,10,0,fullft,50,0.826087
vit_b16_caltech256_f10_s0_fullft,vit_b16,caltech256,10,0,fullft,51,0.705882
vit_b16_caltech256_f10_s0_fullft,vit_b16,caltech256,10,0,fullft,52,0.9375
vit_b16_caltech256_f10_s0_fullft,vit_b16,caltech256,10,0,fullft,53,0.75
vit_b16_caltech256_f10_s0_fullft,vit_b16,caltech256,10,0,fullft,54,0.35
vit_b16_caltech256_f10_s0_fullft,vit_b16,caltech256,10,0,fullft,55,0.75
vit_b16_caltech256_f10_s0_fullft,vit_b16,caltech256,10,0,fullft,56,0.761905
vit_b16_caltech256_f10_s0_fullft,vit_b16,caltech256,10,0,fullft,57,0.263158
vit_b16_caltech256_f10_s0_fullft,vit_b16,caltech256,10,0,fullft,58,0.058824
vit_b16_caltech256_f10_s0_fullft,vit_b16,caltech256,10,0,fullft,59,0.411765
vit_b16_caltech256_f10_s0_fullft,vit_b16,caltech256,10,0,fullft,60,0.75
vit_b16_caltech256_f10_s0_fullft,vit_b16,caltech256,10,0,fullft,61,0.823529
vit_b16_caltech256_f10_s0_fullft,vit_b16,caltech256,10,0,fullft,62,1.0
vit_b16_caltech256_f10_s0_fullft,vit_b16,caltech256,10,0,fullft,63,0.961538
vit_b16_caltech256_f10_s0_fullft,vit_b16,caltech256,10,0,fullft,64,0.8
vit_b16_caltech256_f10_s0_fullft,vit_b16,caltech256,10,0,fullft,65,0.882353
vit_b16_caltech256_f10_s0_fullft,vit_b16,caltech256,10,0,fullft,66,0.647059
vit_b16_caltech256_f10_s0_fullft,vit_b16,caltech256,10,0,fullft,67,0.863636
vit_b16_caltech256_f10_s0_fullft,vit_b16,caltech256,10,0,fullft,68,0.45
vit_b16_caltech256_f10_s0_fullft,vit_b16,caltech256,10,0,fullft,69,0.294118
vit_b16_caltech256_f10_s0_fullft,vit_b16,caltech256,10,0,fullft,70,0.8
vit_b16_caltech256_f10_s0_fullft,vit_b16,caltech256,10,0,fullft,71,1.0
vit_b16_caltech256_f10_s0_fullft,vit_b16,caltech256,10,0,fullft,72,0.9
vit_b16_caltech256_f10_s0_fullft,vit_b16,caltech256,10,0,fullft,73,0.347826
vit_b16_caltech256_f10_s0_fullft,vit_b16,caltech256,10,0,fullft,74,0.529412
vit_b16_caltech256_f10_s0_fullft,vit_b16,caltech256,10,0,fullft,75,0.823529
vit_b16_caltech256_f10_s0_fullft,vit_b16,caltech256,10,0,fullft,76,1.0
vit_b16_caltech256_f10_s0_fullft,vit_b16,caltech256,10,0,fullft,77,0.833333
vit_b16_caltech256_f10_s0_fullft,vit_b16,caltech256,10,0,fullft,78,0.6
vit_b16_caltech256_f10_s0_fullft,vit_b16,caltech256,10,0,fullft,79,0.478261
vit_b16_caltech256_f10_s0_fullft,vit_b16,caltech256,10,0,fullft,80,0.736842
vit_b16_caltech256_f10_s0_fullft,vit_b16,caltech256,10,0,fullft,81,0.8125
vit_b16_caltech256_f10_s0_fullft,vit_b16,caltech256,10,0,fullft,82,0.842105
vit_b16_caltech256_f10_s0_fullft,vit_b16,caltech256,10,0,fullft,83,0.764706
vit_b16_caltech256_f10_s0_fullft,vit_b16,caltech256,10,0,fullft,84,0.681818
vit_b16_caltech256_f10_s0_fullft,vit_b16,caltech256,10,0,fullft,85,0.875
vit_b16_caltech256_f10_s0_fullft,vit_b16,caltech256,10,0,fullft,86,0.894737
vit_b16_caltech256_f10_s0_fullft,vit_b16,caltech256,10,0,fullft,87,0.95
vit_b16_caltech256_f10_s0_fullft,vit_b16,caltech256,10,0,fullft,88,0.772727
vit_b16_caltech256_f10_s0_fullft,vit_b16,caltech256,10,0,fullft,89,0.97619
vit_b16_caltech256_f10_s0_fullft,vit_b16,caltech256,10,0,fullft,90,0.894737
vit_b16_caltech256_f10_s0_fullft,vit_b16,caltech256,10,0,fullft,91,0.825
vit_b16_caltech256_f10_s0_fullft,vit_b16,caltech256,10,0,fullft,92,1.0
vit_b16_caltech256_f10_s0_fullft,vit_b16,caltech256,10,0,fullft,93,0.904762
vit_b16_caltech256_f10_s0_fullft,vit_b16,caltech256,10,0,fullft,94,0.823529
vit_b16_caltech256_f10_s0_fullft,vit_b16,caltech256,10,0,fullft,95,0.947368
vit_b16_caltech256_f10_s0_fullft,vit_b16,caltech256,10,0,fullft,96,0.833333
vit_b16_caltech256_f10_s0_fullft,vit_b16,caltech256,10,0,fullft,97,0.95
vit_b16_caltech256_f10_s0_fullft,vit_b16,caltech256,10,0,fullft,98,0.8125
vit_b16_caltech256_f10_s0_fullft,vit_b16,caltech256,10,0,fullft,99,1.0
vit_b16_caltech256_f10_s0_fullft,vit_b16,caltech256,10,0,fullft,100,0.785714
vit_b16_caltech256_f10_s0_fullft,vit_b16,caltech256,10,0,fullft,101,0.833333
vit_b16_caltech256_f10_s0_fullft,vit_b16,caltech256,10,0,fullft,102,0.909091
vit_b16_caltech256_f10_s0_fullft,vit_b16,caltech256,10,0,fullft,103,0.842105
vit_b16_caltech256_f10_s0_fullft,vit_b16,caltech256,10,0,fullft,104,0.907407
vit_b16_caltech256_f10_s0_fullft,vit_b16,caltech256,10,0,fullft,105,0.529412
vit_b16_caltech256_f10_s0_fullft,vit_b16,caltech256,10,0,fullft,106,0.944444
vit_b16_caltech256_f10_s0_fullft,vit_b16,caltech256,10,0,fullft,107,0.470588
vit_b16_caltech256_f10_s0_fullft,vit_b16,caltech256,10,0,fullft,108,0.903226
vit_b16_caltech256_f10_s0_fullft,vit_b16,caltech256,10,0,fullft,109,0.882353
vit_b16_caltech256_f10_s0_fullft,vit_b16,caltech256,10,0,fullft,110,0.882353
vit_b16_caltech256_f10_s0_fullft,vit_b16,caltech256,10,0,fullft,111,0.647059
vit_b16_caltech256_f10_s0_fullft,vit_b16,caltech256,10,0,fullft,112,0.956522
vit_b16_caltech256_f10_s0_fullft,vit_b16,caltech256,10,0,fullft,113,0.875
vit_b16_caltech256_f10_s0_fullft,vit_b16,caltech256,10,0,fullft,114,0.555556
vit_b16_caltech256_f10_s0_fullft,vit_b16,caltech256,10,0,fullft,115,0.952381
vit_b16_caltech256_f10_s0_fullft,vit_b16,caltech256,10,0,fullft,116,0.833333
vit_b16_caltech256_f10_s0_fullft,vit_b16,caltech256,10,0,fullft,117,0.772727
vit_b16_caltech256_f10_s0_fullft,vit_b16,caltech256,10,0,fullft,118,0.352941
vit_b16_caltech256_f10_s0_fullft,vit_b16,caltech256,10,0,fullft,119,0.769231
vit_b16_caltech256_f10_s0_fullft,vit_b16,caltech256,10,0,fullft,120,1.0
vit_b16_caltech256_f10_s0_fullft,vit_b16,caltech256,10,0,fullft,121,0.52381
vit_b16_caltech256_f10_s0_fullft,vit_b16,caltech256,10,0,fullft,122,1.0
vit_b16_caltech256_f10_s0_fullft,vit_b16,caltech256,10,0,fullft,123,1.0
vit_b16_caltech256_f10_s0_fullft,vit_b16,caltech256,10,0,fullft,124,0.3
vit_b16_caltech256_f10_s0_fullft,vit_b16,caltech256,10,0,fullft,125,0.666667
vit_b16_caltech256_f10_s0_fullft,vit_b16,caltech256,10,0,fullft,126,0.923077
vit_b16_caltech256_f10_s0_fullft,vit_b16,caltech256,10,0,fullft,127,0.666667
vit_b16_caltech256_f10_s0_fullft,vit_b16,caltech256,10,0,fullft,128,1.0
vit_b16_caltech256_f10_s0_fullft,vit_b16,caltech256,10,0,fullft,129,0.888889
vit_b16_caltech256_f10_s0_fullft,vit_b16,caltech256,10,0,fullft,130,0.833333
vit_b16_caltech256_f10_s0_fullft,vit_b16,caltech256,10,0,fullft,131,0.868421
vit_b16_caltech256_f10_s0_fullft,vit_b16,caltech256,10,0,fullft,132,0.814815
vit_b16_caltech256_f10_s0_fullft,vit_b16,caltech256,10,0,fullft,133,1.0
vit_b16_caltech256_f10_s0_fullft,vit_b16,caltech256,10,0,fullft,134,0.578947
vit_b16_caltech256_f10_s0_fullft,vit_b16,caltech256,10,0,fullft,135,0.947368
vit_b16_caltech256_f10_s0_fullft,vit_b16,caltech256,10,0,fullft,136,0.741935
vit_b16_caltech256_f10_s0_fullft,vit_b16,caltech256,10,0,fullft,137,0.789474
vit_b16_caltech256_f10_s0_fullft,vit_b16,caltech256,10,0,fullft,138,0.647059
vit_b16_caltech256_f10_s0_fullft,vit_b16,caltech256,10,0,fullft,139,0.555556
vit_b16_caltech256_f10_s0_fullft,vit_b16,caltech256,10,0,fullft,140,0.826087
vit_b16_caltech256_f10_s0_fullft,vit_b16,caltech256,10,0,fullft,141,0.809524
vit_b16_caltech256_f10_s0_fullft,vit_b16,caltech256,10,0,fullft,142,0.884615
vit_b16_caltech256_f10_s0_fullft,vit_b16,caltech256,10,0,fullft,143,0.25
vit_b16_caltech256_f10_s0_fullft,vit_b16,caltech256,10,0,fullft,144,1.0
vit_b16_caltech256_f10_s0_fullft,vit_b16,caltech256,10,0,fullft,145,0.625
vit_b16_caltech256_f10_s0_fullft,vit_b16,caltech256,10,0,fullft,146,0.775
vit_b16_caltech256_f10_s0_fullft,vit_b16,caltech256,10,0,fullft,147,0.685714
vit_b16_caltech256_f10_s0_fullft,vit_b16,caltech256,10,0,fullft,148,0.714286
vit_b16_caltech256_f10_s0_fullft,vit_b16,caltech256,10,0,fullft,149,0.727273
vit_b16_caltech256_f10_s0_fullft,vit_b16,caltech256,10,0,fullft,150,0.818182
vit_b16_caltech256_f10_s0_fullft,vit_b16,caltech256,10,0,fullft,151,0.958333
vit_b16_caltech256_f10_s0_fullft,vit_b16,caltech256,10,0,fullft,152,0.684211
vit_b16_caltech256_f10_s0_fullft,vit_b16,caltech256,10,0,fullft,153,0.761905
vit_b16_caltech256_f10_s0_fullft,vit_b16,caltech256,10,0,fullft,154,0.444444
vit_b16_caltech256_f10_s0_fullft,vit_b16,caltech256,10,0,fullft,155,0.578947
vit_b16_caltech256_f10_s0_fullft,vit_b16,caltech256,10,0,fullft,156,0.904762
vit_b16_caltech256_f10_s0_fullft,vit_b16,caltech256,10,0,fullft,157,0.833333
vit_b16_caltech256_f10_s0_fullft,vit_b16,caltech256,10,0,fullft,158,0.619048
vit_b16_caltech256_f10_s0_fullft,vit_b16,caltech256,10,0,fullft,159,0.470588
vit_b16_caltech256_f10_s0_fullft,vit_b16,caltech256,10,0,fullft,160,0.904762
vit_b16_caltech256_f10_s0_fullft,vit_b16,caltech256,10,0,fullft,161,0.388889
vit_b16_caltech256_f10_s0_fullft,vit_b16,caltech256,10,0,fullft,162,0.277778
vit_b16_caltech256_f10_s0_fullft,vit_b16,caltech256,10,0,fullft,163,0.9
vit_b16_caltech256_f10_s0_fullft,vit_b16,caltech256,10,0,fullft,164,0.555556
vit_b16_caltech256_f10_s0_fullft,vit_b16,caltech256,10,0,fullft,165,0.833333
vit_b16_caltech256_f10_s0_fullft,vit_b16,caltech256,10,0,fullft,166,0.411765
vit_b16_caltech256_f10_s0_fullft,vit_b16,caltech256,10,0,fullft,167,0.964286
vit_b16_caltech256_f10_s0_fullft,vit_b16,caltech256,10,0,fullft,168,0.833333
vit_b16_caltech256_f10_s0_fullft,vit_b16,caltech256,10,0,fullft,169,0.8
vit_b16_caltech256_f10_s0_fullft,vit_b16,caltech256,10,0,fullft,170,0.470588
vit_b16_caltech256_f10_s0_fullft,vit_b16,caltech256,10,0,fullft,171,0.95
vit_b16_caltech256_f10_s0_fullft,vit_b16,caltech256,10,0,fullft,172,0.333333
vit_b16_caltech256_f10_s0_fullft,vit_b16,caltech256,10,0,fullft,173,0.882353
vit_b16_caltech256_f10_s0_fullft,vit_b16,caltech256,10,0,fullft,174,0.764706
vit_b16_caltech256_f10_s0_fullft,vit_b16,caltech256,10,0,fullft,175,0.772727
vit_b16_caltech256_f10_s0_fullft,vit_b16,caltech256,10,0,fullft,176,0.789474
vit_b16_caltech256_f10_s0_fullft,vit_b16,caltech256,10,0,fullft,177,0.9
vit_b16_caltech256_f10_s0_fullft,vit_b16,caltech256,10,0,fullft,178,1.0
vit_b16_caltech256_f10_s0_fullft,vit_b16,caltech256,10,0,fullft,179,0.3
vit_b16_caltech256_f10_s0_fullft,vit_b16,caltech256,10,0,fullft,180,0.65
vit_b16_caltech256_f10_s0_fullft,vit_b16,caltech256,10,0,fullft,181,0.958333
vit_b16_caltech256_f10_s0_fullft,vit_b16,caltech256,10,0,fullft,182,0.8
vit_b16_caltech256_f10_s0_fullft,vit_b16,caltech256,10,0,fullft,183,0.882353
vit_b16_caltech256_f10_s0_fullft,vit_b16,caltech256,10,0,fullft,184,0.238095
vit_b16_caltech256_f10_s0_fullft,vit_b16,caltech256,10,0,fullft,185,0.9375
vit_b16_caltech256_f10_s0_fullft,vit_b16,caltech256,10,0,fullft,186,0.684211
vit_b16_caltech256_f10_s0_fullft,vit_b16,caltech256,10,0,fullft,187,0.666667
vit_b16_caltech256_f10_s0_fullft,vit_b16,caltech256,10,0,fullft,188,0.875
vit_b16_caltech256_f10_s0_fullft,vit_b16,caltech256,10,0,fullft,189,0.909091
vit_b16_caltech256_f10_s0_fullft,vit_b16,caltech256,10,0,fullft,190,0.363636
vit_b16_caltech256_f10_s0_fullft,vit_b16,caltech256,10,0,fullft,191,0.909091
vit_b16_caltech256_f10_s0_fullft,vit_b16,caltech256,10,0,fullft,192,0.8
vit_b16_caltech256_f10_s0_fullft,vit_b16,caltech256,10,0,fullft,193,0.909091
vit_b16_caltech256_f10_s0_fullft,vit_b16,caltech256,10,0,fullft,194,0.176471
vit_b16_caltech256_f10_s0_fullft,vit_b16,caltech256,10,0,fullft,195,0.857143
vit_b16_caltech256_f10_s0_fullft,vit_b16,caltech256,10,0,fullft,196,0.75
vit_b16_caltech256_f10_s0_fullft,vit_b16,caltech256,10,0,fullft,197,0.772727
vit_b16_caltech256_f10_s0_fullft,vit_b16,caltech256,10,0,fullft,198,0.47619
vit_b16_caltech256_f10_s0_fullft,vit_b16,caltech256,10,0,fullft,199,0.7
vit_b16_caltech256_f10_s0_fullft,vit_b16,caltech256,10,0,fullft,200,1.0
vit_b16_caltech256_f10_s0_fullft,vit_b16,caltech256,10,0,fullft,201,0.578947
vit_b16_caltech256_f10_s0_fullft,vit_b16,caltech256,10,0,fullft,202,0.666667
vit_b16_caltech256_f10_s0_fullft,vit_b16,caltech256,10,0,fullft,203,0.9375
vit_b16_caltech256_f10_s0_fullft,vit_b16,caltech256,10,0,fullft,204,0.588235
vit_b16_caltech256_f10_s0_fullft,vit_b16,caltech256,10,0,fullft,205,0.75
vit_b16_caltech256_f10_s0_fullft,vit_b16,caltech256,10,0,fullft,206,0.869565
vit_b16_caltech256_f10_s0_fullft,vit_b16,caltech256,10,0,fullft,207,0.909091
vit_b16_caltech256_f10_s0_fullft,vit_b16,caltech256,10,0,fullft,208,0.6
vit_b16_caltech256_f10_s0_fullft,vit_b16,caltech256,10,0,fullft,209,0.590909
vit_b16_caltech256_f10_s0_fullft,vit_b16,caltech256,10,0,fullft,210,0.157895
vit_b16_caltech256_f10_s0_fullft,vit_b16,caltech256,10,0,fullft,211,0.962963
vit_b16_caltech256_f10_s0_fullft,vit_b16,caltech256,10,0,fullft,212,1.0
vit_b16_caltech256_f10_s0_fullft,vit_b16,caltech256,10,0,fullft,213,0.928571
vit_b16_caltech256_f10_s0_fullft,vit_b16,caltech256,10,0,fullft,214,0.764706
vit_b16_caltech256_f10_s0_fullft,vit_b16,caltech256,10,0,fullft,215,0.95
vit_b16_caltech256_f10_s0_fullft,vit_b16,caltech256,10,0,fullft,216,0.904762
vit_b16_caltech256_f10_s0_fullft,vit_b16,caltech256,10,0,fullft,217,0.875
vit_b16_caltech256_f10_s0_fullft,vit_b16,caltech256,10,0,fullft,218,0.647059
vit_b16_caltech256_f10_s0_fullft,vit_b16,caltech256,10,0,fullft,219,0.631579
vit_b16_caltech256_f10_s0_fullft,vit_b16,caltech256,10,0,fullft,220,0.952381
vit_b16_caltech256_f10_s0_fullft,vit_b16,caltech256,10,0,fullft,221,0.777778
vit_b16_caltech256_f10_s0_fullft,vit_b16,caltech256,10,0,fullft,222,0.5
vit_b16_caltech256_f10_s0_fullft,vit_b16,caltech256,10,0,fullft,223,0.772727
vit_b16_caltech256_f10_s0_fullft,vit_b16,caltech256,10,0,fullft,224,0.944444
vit_b16_caltech256_f10_s0_fullft,vit_b16,caltech256,10,0,fullft,225,0.55
vit_b16_caltech256_f10_s0_fullft,vit_b16,caltech256,10,0,fullft,226,0.862069
vit_b16_caltech256_f10_s0_fullft,vit_b16,caltech256,10,0,fullft,227,1.0
vit_b16_caltech256_f10_s0_fullft,vit_b16,caltech256,10,0,fullft,228,0.684211
vit_b16_caltech256_f10_s0_fullft,vit_b16,caltech256,10,0,fullft,229,1.0
vit_b16_caltech256_f10_s0_fullft,vit_b16,caltech256,10,0,fullft,230,0.863636
vit_b16_caltech256_f10_s0_fullft,vit_b16,caltech256,10,0,fullft,231,0.888889
vit_b16_caltech256_f10_s0_fullft,vit_b16,caltech256,10,0,fullft,232,0.35
vit_b16_caltech256_f10_s0_fullft,vit_b16,caltech256,10,0,fullft,233,0.791667
vit_b16_caltech256_f10_s0_fullft,vit_b16,caltech256,10,0,fullft,234,0.73913
vit_b16_caltech256_f10_s0_fullft,vit_b16,caltech256,10,0,fullft,235,0.684211
vit_b16_caltech256_f10_s0_fullft,vit_b16,caltech256,10,0,fullft,236,0.777778
vit_b16_caltech256_f10_s0_fullft,vit_b16,caltech256,10,0,fullft,237,1.0
vit_b16_caltech256_f10_s0_fullft,vit_b16,caltech256,10,0,fullft,238,0.411765
vit_b16_caltech256_f10_s0_fullft,vit_b16,caltech256,10,0,fullft,239,1.0
vit_b16_caltech256_f10_s0_fullft,vit_b16,caltech256,10,0,fullft,240,0.789474
vit_b16_caltech256_f10_s0_fullft,vit_b16,caltech256,10,0,fullft,241,0.736842
vit_b16_caltech256_f10_s0_fullft,vit_b16,caltech256,10,0,fullft,242,0.5
vit_b16_caltech256_f10_s0_fullft,vit_b16,caltech256,10,0,fullft,243,0.666667
vit_b16_caltech256_f10_s0_fullft,vit_b16,caltech256,10,0,fullft,244,0.611111
vit_b16_caltech256_f10_s0_fullft,vit_b16,caltech256,10,0,fullft,245,0.9
vit_b16_caltech256_f10_s0_fullft,vit_b16,caltech256,10,0,fullft,246,0.444444
vit_b16_caltech256_f10_s0_fullft,vit_b16,caltech256,10,0,fullft,247,0.470588
vit_b16_caltech256_f10_s0_fullft,vit_b16,caltech256,10,0,fullft,248,0.55
vit_b16_caltech256_f10_s0_fullft,vit_b16,caltech256,10,0,fullft,249,1.0
vit_b16_caltech256_f10_s0_fullft,vit_b16,caltech256,10,0,fullft,250,0.96875
vit_b16_caltech256_f10_s0_fullft,vit_b16,caltech256,10,0,fullft,251,1.0
vit_b16_caltech256_f10_s0_fullft,vit_b16,caltech256,10,0,fullft,252,0.988506
vit_b16_caltech256_f10_s0_fullft,vit_b16,caltech256,10,0,fullft,253,0.842105
vit_b16_caltech256_f10_s0_fullft,vit_b16,caltech256,10,0,fullft,254,0.52381
vit_b16_caltech256_f10_s0_fullft,vit_b16,caltech256,10,0,fullft,255,0.863636
vit_b16_caltech256_f10_s0_linprobe,vit_b16,caltech256,10,0,linprobe,0,0.75
vit_b16_caltech256_f10_s0_linprobe,vit_b16,caltech256,10,0,linprobe,1,0.842105
vit_b16_caltech256_f10_s0_linprobe,vit_b16,caltech256,10,0,linprobe,2,0.933333
vit_b16_caltech256_f10_s0_linprobe,vit_b16,caltech256,10,0,linprobe,3,0.48
vit_b16_caltech256_f10_s0_linprobe,vit_b16,caltech256,10,0,linprobe,4,0.9
vit_b16_caltech256_f10_s0_linprobe,vit_b16,caltech256,10,0,linprobe,5,0.611111
vit_b16_caltech256_f10_s0_linprobe,vit_b16,caltech256,10,0,linprobe,6,0.380952
vit_b16_caltech256_f10_s0_linprobe,vit_b16,caltech256,10,0,linprobe,7,0.869565
vit_b16_caltech256_f10_s0_linprobe,vit_b16,caltech256,10,0,linprobe,8,0.95
vit_b16_caltech256_f10_s0_linprobe,vit_b16,caltech256,10,0,linprobe,9,0.684211
vit_b16_caltech256_f10_s0_linprobe,vit_b16,caltech256,10,0,linprobe,10,0.964286
vit_b16_caltech256_f10_s0_linprobe,vit_b16,caltech256,10,0,linprobe,11,0.976744
vit_b16_caltech256_f10_s0_linprobe,vit_b16,caltech256,10,0,linprobe,12,0.4
vit_b16_caltech256_f10_s0_linprobe,vit_b16,caltech256,10,0,linprobe,13,0.823529
vit_b16_caltech256_f10_s0_linprobe,vit_b16,caltech256,10,0,linprobe,14,1.0
vit_b16_caltech256_f10_s0_linprobe,vit_b16,caltech256,10,0,linprobe,15,0.888889
vit_b16_caltech256_f10_s0_linprobe,vit_b16,caltech256,10,0,linprobe,16,0.333333
vit_b16_caltech256_f10_s0_linprobe,vit_b16,caltech256,10,0,linprobe,17,0.5
vit_b16_caltech256_f10_s0_linprobe,vit_b16,caltech256,10,0,linprobe,18,0.64
vit_b16_caltech256_f10_s0_linprobe,vit_b16,caltech256,10,0,linprobe,19,0.529412
vit_b16_caltech256_f10_s0_linprobe,vit_b16,caltech256,10,0,linprobe,20,0.714286
vit_b16_caltech256_f10_s0_linprobe,vit_b16,caltech256,10,0,linprobe,21,0.789474
vit_b16_caltech256_f10_s0_linprobe,vit_b16,caltech256,10,0,linprobe,22,0.909091
vit_b16_caltech256_f10_s0_linprobe,vit_b16,caltech256,10,0,linprobe,23,1.0
vit_b16_caltech256_f10_s0_linprobe,vit_b16,caltech256,10,0,linprobe,24,0.478261
vit_b16_caltech256_f10_s0_linprobe,vit_b16,caltech256,10,0,linprobe,25,0.333333
vit_b16_caltech256_f10_s0_linprobe,vit_b16,caltech256,10,0,linprobe,26,0.65
vit_b16_caltech256_f10_s0_linprobe,vit_b16,caltech256,10,0,linprobe,27,0.954545
vit_b16_caltech256_f10_s0_linprobe,vit_b16,caltech256,10,0,linprobe,28,0.904762
vit_b16_caltech256_f10_s0_linprobe,vit_b16,caltech256,10,0,linprobe,29,0.47619
vit_b16_caltech256_f10_s0_linprobe,vit_b16,caltech256,10,0,linprobe,30,0.722222
vit_b16_caltech256_f10_s0_linprobe,vit_b16,caltech256,10,0,linprobe,31,0.65
vit_b16_caltech256_f10_s0_linprobe,vit_b16,caltech256,10,0,linprobe,32,0.45
vit_b16_caltech256_f10_s0_linprobe,vit_b16,caltech256,10,0,linprobe,33,0.95
vit_b16_caltech256_f10_s0_linprobe,vit_b16,caltech256,10,0,linprobe,34,0.823529
vit_b16_caltech256_f10_s0_linprobe,vit_b16,caltech256,10,0,linprobe,35,0.714286
vit_b16_caltech256_f10_s0_linprobe,vit_b16,caltech256,10,0,linprobe,36,0.916667
vit_b16_caltech256_f10_s0_linprobe,vit_b16,caltech256,10,0,linprobe,37,0.909091
vit_b16_caltech256_f10_s0_linprobe,vit_b16,caltech256,10,0,linprobe,38,0.470588
vit_b16_caltech256_f10_s0_linprobe,vit_b16,caltech256,10,0,linprobe,39,0.96
vit_b16_caltech256_f10_s0_linprobe,vit_b16,caltech256,10,0,linprobe,40,0.941176
vit_b16_caltech256_f10_s0_linprobe,vit_b16,caltech256,10,0,linprobe,41,0.117647
vit_b16_caltech256_f10_s0_linprobe,vit_b16,caltech256,10,0,linprobe,42,0.56
vit_b16_caltech256_f10_s0_linprobe,vit_b16,caltech256,10,0,linprobe,43,0.833333
vit_b16_caltech256_f10_s0_linprobe,vit_b16,caltech256,10,0,linprobe,44,0.941176
vit_b16_caltech256_f10_s0_linprobe,vit_b16,caltech256,10,0,linprobe,45,1.0
vit_b16_caltech256_f10_s0_linprobe,vit_b16,caltech256,10,0,linprobe,46,0.842105
vit_b16_caltech256_f10_s0_linprobe,vit_b16,caltech256,10,0,linprobe,47,0.857143
vit_b16_caltech256_f10_s0_linprobe,vit_b16,caltech256,10,0,linprobe,48,0.857143
vit_b16_caltech256_f10_s0_linprobe,vit_b16,caltech256,10,0,linprobe,49,0.421053
vit_b16_caltech256_f10_s0_linprobe,vit_b16,caltech256,10,0,linprobe,50,0.913043
vit_b16_caltech256_f10_s0_linprobe,vit_b16,caltech256,10,0,linprobe,51,0.882353
vit_b16_caltech256_f10_s0_linprobe,vit_b16,caltech256,10,0,linprobe,52,0.6875
vit_b16_caltech256_f10_s0_linprobe,vit_b16,caltech256,10,0,linprobe,53,0.958333
vit_b16_caltech256_f10_s0_linprobe,vit_b16,caltech256,10,0,linprobe,54,0.5
vit_b16_caltech256_f10_s0_linprobe,vit_b16,caltech256,10,0,linprobe,55,0.7
vit_b16_caltech256_f10_s0_linprobe,vit_b16,caltech256,10,0,linprobe,56,0.857143
vit_b16_caltech256_f10_s0_linprobe,vit_b16,caltech256,10,0,linprobe,57,0.421053
vit_b16_caltech256_f10_s0_linprobe,vit_b16,caltech256,10,0,linprobe,58,0.117647
vit_b16_caltech256_f10_s0_linprobe,vit_b16,caltech256,10,0,linprobe,59,0.529412
vit_b16_caltech256_f10_s0_linprobe,vit_b16,caltech256,10,0,linprobe,60,0.8
vit_b16_caltech256_f10_s0_linprobe,vit_b16,caltech256,10,0,linprobe,61,0.647059
vit_b16_caltech256_f10_s0_linprobe,vit_b16,caltech256,10,0,linprobe,62,0.875
vit_b16_caltech256_f10_s0_linprobe,vit_b16,caltech256,10,0,linprobe,63,0.961538
vit_b16_caltech256_f10_s0_linprobe,vit_b16,caltech256,10,0,linprobe,64,0.85
vit_b16_caltech256_f10_s0_linprobe,vit_b16,caltech256,10,0,linprobe,65,0.882353
vit_b16_caltech256_f10_s0_linprobe,vit_b16,caltech256,10,0,linprobe,66,0.764706
vit_b16_caltech256_f10_s0_linprobe,vit_b16,caltech256,10,0,linprobe,67,0.590909
vit_b16_caltech256_f10_s0_linprobe,vit_b16,caltech256,10,0,linprobe,68,0.55
vit_b16_caltech256_f10_s0_linprobe,vit_b16,caltech256,10,0,linprobe,69,0.117647
vit_b16_caltech256_f10_s0_linprobe,vit_b16,caltech256,10,0,linprobe,70,0.4
vit_b16_caltech256_f10_s0_linprobe,vit_b16,caltech256,10,0,linprobe,71,0.958333
vit_b16_caltech256_f10_s0_linprobe,vit_b16,caltech256,10,0,linprobe,72,0.7
vit_b16_caltech256_f10_s0_linprobe,vit_b16,caltech256,10,0,linprobe,73,0.434783
vit_b16_caltech256_f10_s0_linprobe,vit_b16,caltech256,10,0,linprobe,74,0.352941
vit_b16_caltech256_f10_s0_linprobe,vit_b16,caltech256,10,0,linprobe,75,0.941176
vit_b16_caltech256_f10_s0_linprobe,vit_b16,caltech256,10,0,linprobe,76,1.0
vit_b16_caltech256_f10_s0_linprobe,vit_b16,caltech256,10,0,linprobe,77,0.777778
vit_b16_caltech256_f10_s0_linprobe,vit_b16,caltech256,10,0,linprobe,78,0.6
vit_b16_caltech256_f10_s0_linprobe,vit_b16,caltech256,10,0,linprobe,79,0.565217
vit_b16_caltech256_f10_s0_linprobe,vit_b16,caltech256,10,0,linprobe,80,0.842105
vit_b16_caltech256_f10_s0_linprobe,vit_b16,caltech256,10,0,linprobe,81,0.375
vit_b16_caltech256_f10_s0_linprobe,vit_b16,caltech256,10,0,linprobe,82,0.842105
vit_b16_caltech256_f10_s0_linprobe,vit_b16,caltech256,10,0,linprobe,83,0.470588
vit_b16_caltech256_f10_s0_linprobe,vit_b16,caltech256,10,0,linprobe,84,0.727273
vit_b16_caltech256_f10_s0_linprobe,vit_b16,caltech256,10,0,linprobe,85,0.9375
vit_b16_caltech256_f10_s0_linprobe,vit_b16,caltech256,10,0,linprobe,86,0.894737
vit_b16_caltech256_f10_s0_linprobe,vit_b16,caltech256,10,0,linprobe,87,0.95
vit_b16_caltech256_f10_s0_linprobe,vit_b16,caltech256,10,0,linprobe,88,0.772727
vit_b16_caltech256_f10_s0_linprobe,vit_b16,caltech256,10,0,linprobe,89,0.97619
vit_b16_caltech256_f10_s0_linprobe,vit_b16,caltech256,10,0,linprobe,90,1.0
vit_b16_caltech256_f10_s0_linprobe,vit_b16,caltech256,10,0,linprobe,91,0.725
vit_b16_caltech256_f10_s0_linprobe,vit_b16,caltech256,10,0,linprobe,92,1.0
vit_b16_caltech256_f10_s0_linprobe,vit_b16,caltech256,10,0,linprobe,93,1.0
vit_b16_caltech256_f10_s0_linprobe,vit_b16,caltech256,10,0,linprobe,94,0.823529
vit_b16_caltech256_f10_s0_linprobe,vit_b16,caltech256,10,0,linprobe,95,0.807018
vit_b16_caltech256_f10_s0_linprobe,vit_b16,caltech256,10,0,linprobe,96,0.777778
vit_b16_caltech256_f10_s0_linprobe,vit_b16,caltech256,10,0,linprobe,97,0.95
vit_b16_caltech256_f10_s0_linprobe,vit_b16,caltech256,10,0,linprobe,98,0.5
vit_b16_caltech256_f10_s0_linprobe,vit_b16,caltech256,10,0,linprobe,99,0.947368
vit_b16_caltech256_f10_s0_linprobe,vit_b16,caltech256,10,0,linprobe,100,0.642857
vit_b16_caltech256_f10_s0_linprobe,vit_b16,caltech256,10,0,linprobe,101,0.5
vit_b16_caltech256_f10_s0_linprobe,vit_b16,caltech256,10,0,linprobe,102,0.954545
vit_b16_caltech256_f10_s0_linprobe,vit_b16,caltech256,10,0,linprobe,103,0.473684
vit_b16_caltech256_f10_s0_linprobe,vit_b16,caltech256,10,0,linprobe,104,0.814815
vit_b16_caltech256_f10_s0_linprobe,vit_b16,caltech256,10,0,linprobe,105,0.705882
vit_b16_caltech256_f10_s0_linprobe,vit_b16,caltech256,10,0,linprobe,106,0.944444
vit_b16_caltech256_f10_s0_linprobe,vit_b16,caltech256,10,0,linprobe,107,0.647059
vit_b16_caltech256_f10_s0_linprobe,vit_b16,caltech256,10,0,linprobe,108,0.903226
vit_b16_caltech256_f10_s0_linprobe,vit_b16,caltech256,10,0,linprobe,109,0.941176
vit_b16_caltech256_f10_s0_linprobe,vit_b16,caltech256,10,0,linprobe,110,0.882353
vit_b16_caltech256_f10_s0_linprobe,vit_b16,caltech256,10,0,linprobe,111,0.588235
vit_b16_caltech256_f10_s0_linprobe,vit_b16,caltech256,10,0,linprobe,112,0.956522
vit_b16_caltech256_f10_s0_linprobe,vit_b16,caltech256,10,0,linprobe,113,0.916667
vit_b16_caltech256_f10_s0_linprobe,vit_b16,caltech256,10,0,linprobe,114,0.555556
vit_b16_caltech256_f10_s0_linprobe,vit_b16,caltech256,10,0,linprobe,115,1.0
vit_b16_caltech256_f10_s0_linprobe,vit_b16,caltech256,10,0,linprobe,116,0.916667
vit_b16_caltech256_f10_s0_linprobe,vit_b16,caltech256,10,0,linprobe,117,0.727273
vit_b16_caltech256_f10_s0_linprobe,vit_b16,caltech256,10,0,linprobe,118,0.588235
vit_b16_caltech256_f10_s0_linprobe,vit_b16,caltech256,10,0,linprobe,119,0.884615
vit_b16_caltech256_f10_s0_linprobe,vit_b16,caltech256,10,0,linprobe,120,1.0
vit_b16_caltech256_f10_s0_linprobe,vit_b16,caltech256,10,0,linprobe,121,0.666667
vit_b16_caltech256_f10_s0_linprobe,vit_b16,caltech256,10,0,linprobe,122,1.0
vit_b16_caltech256_f10_s0_linprobe,vit_b16,caltech256,10,0,linprobe,123,0.833333
vit_b16_caltech256_f10_s0_linprobe,vit_b16,caltech256,10,0,linprobe,124,0.3
vit_b16_caltech256_f10_s0_linprobe,vit_b16,caltech256,10,0,linprobe,125,0.520833
vit_b16_caltech256_f10_s0_linprobe,vit_b16,caltech256,10,0,linprobe,126,0.961538
vit_b16_caltech256_f10_s0_linprobe,vit_b16,caltech256,10,0,linprobe,127,0.666667
vit_b16_caltech256_f10_s0_linprobe,vit_b16,caltech256,10,0,linprobe,128,1.0
vit_b16_caltech256_f10_s0_linprobe,vit_b16,caltech256,10,0,linprobe,129,0.611111
vit_b16_caltech256_f10_s0_linprobe,vit_b16,caltech256,10,0,linprobe,130,0.444444
vit_b16_caltech256_f10_s0_linprobe,vit_b16,caltech256,10,0,linprobe,131,0.868421
vit_b16_caltech256_f10_s0_linprobe,vit_b16,caltech256,10,0,linprobe,132,0.666667
vit_b16_caltech256_f10_s0_linprobe,vit_b16,caltech256,10,0,linprobe,133,1.0
vit_b16_caltech256_f10_s0_linprobe,vit_b16,caltech256,10,0,linprobe,134,0.578947
vit_b16_caltech256_f10_s0_linprobe,vit_b16,caltech256,10,0,linprobe,135,0.842105
vit_b16_caltech256_f10_s0_linprobe,vit_b16,caltech256,10,0,linprobe,136,0.774194
vit_b16_caltech256_f10_s0_linprobe,vit_b16,caltech256,10,0,linprobe,137,0.815789
vit_b16_caltech256_f10_s0_linprobe,vit_b16,caltech256,10,0,linprobe,138,0.705882
vit_b16_caltech256_f10_s0_linprobe,vit_b16,caltech256,10,0,linprobe,139,0.611111
vit_b16_caltech256_f10_s0_linprobe,vit_b16,caltech256,10,0,linprobe,140,0.826087
vit_b16_caltech256_f10_s0_linprobe,vit_b16,caltech256,10,0,linprobe,141,0.809524
vit_b16_caltech256_f10_s0_linprobe,vit_b16,caltech256,10,0,linprobe,142,0.923077
vit_b16_caltech256_f10_s0_linprobe,vit_b16,caltech256,10,0,linprobe,143,0.3125
vit_b16_caltech256_f10_s0_linprobe,vit_b16,caltech256,10,0,linprobe,144,1.0
vit_b16_caltech256_f10_s0_linprobe,vit_b16,caltech256,10,0,linprobe,145,0.5
vit_b16_caltech256_f10_s0_linprobe,vit_b16,caltech256,10,0,linprobe,146,0.85
vit_b16_caltech256_f10_s0_linprobe,vit_b16,caltech256,10,0,linprobe,147,0.514286
vit_b16_caltech256_f10_s0_linprobe,vit_b16,caltech256,10,0,linprobe,148,0.809524
vit_b16_caltech256_f10_s0_linprobe,vit_b16,caltech256,10,0,linprobe,149,0.727273
vit_b16_caltech256_f10_s0_linprobe,vit_b16,caltech256,10,0,linprobe,150,1.0
vit_b16_caltech256_f10_s0_linprobe,vit_b16,caltech256,10,0,linprobe,151,0.875
vit_b16_caltech256_f10_s0_linprobe,vit_b16,caltech256,10,0,linprobe,152,0.894737
vit_b16_caltech256_f10_s0_linprobe,vit_b16,caltech256,10,0,linprobe,153,0.52381
vit_b16_caltech256_f10_s0_linprobe,vit_b16,caltech256,10,0,linprobe,154,0.388889
vit_b16_caltech256_f10_s0_linprobe,vit_b16,caltech256,10,0,linprobe,155,0.578947
vit_b16_caltech256_f10_s0_linprobe,vit_b16,caltech256,10,0,linprobe,156,0.904762
vit_b16_caltech256_f10_s0_linprobe,vit_b16,caltech256,10,0,linprobe,157,0.8
vit_b16_caltech256_f10_s0_linprobe,vit_b16,caltech256,10,0,linprobe,158,0.5
vit_b16_caltech256_f10_s0_linprobe,vit_b16,caltech256,10,0,linprobe,159,0.470588
vit_b16_caltech256_f10_s0_linprobe,vit_b16,caltech256,10,0,linprobe,160,1.0
vit_b16_caltech256_f10_s0_linprobe,vit_b16,caltech256,10,0,linprobe,161,0.166667
vit_b16_caltech256_f10_s0_linprobe,vit_b16,caltech256,10,0,linprobe,162,0.222222
vit_b16_caltech256_f10_s0_linprobe,vit_b16,caltech256,10,0,linprobe,163,1.0
vit_b16_caltech256_f10_s0_linprobe,vit_b16,caltech256,10,0,linprobe,164,0.611111
vit_b16_caltech256_f10_s0_linprobe,vit_b16,caltech256,10,0,linprobe,165,0.833333
vit_b16_caltech256_f10_s0_linprobe,vit_b16,caltech256,10,0,linprobe,166,0.176471
vit_b16_caltech256_f10_s0_linprobe,vit_b16,caltech256,10,0,linprobe,167,0.928571
vit_b16_caltech256_f10_s0_linprobe,vit_b16,caltech256,10,0,linprobe,168,0.944444
vit_b16_caltech256_f10_s0_linprobe,vit_b16,caltech256,10,0,linprobe,169,0.75
vit_b16_caltech256_f10_s0_linprobe,vit_b16,caltech256,10,0,linprobe,170,0.823529
vit_b16_caltech256_f10_s0_linprobe,vit_b16,caltech256,10,0,linprobe,171,1.0
vit_b16_caltech256_f10_s0_linprobe,vit_b16,caltech256,10,0,linprobe,172,0.619048
vit_b16_caltech256_f10_s0_linprobe,vit_b16,caltech256,10,0,linprobe,173,0.941176
vit_b16_caltech256_f10_s0_linprobe,vit_b16,caltech256,10,0,linprobe,174,0.764706
vit_b16_caltech256_f10_s0_linprobe,vit_b16,caltech256,10,0,linprobe,175,0.681818
vit_b16_caltech256_f10_s0_linprobe,vit_b16,caltech256,10,0,linprobe,176,0.894737
vit_b16_caltech256_f10_s0_linprobe,vit_b16,caltech256,10,0,linprobe,177,0.9
vit_b16_caltech256_f10_s0_linprobe,vit_b16,caltech256,10,0,linprobe,178,1.0
vit_b16_caltech256_f10_s0_linprobe,vit_b16,caltech256,10,0,linprobe,179,0.7
vit_b16_caltech256_f10_s0_linprobe,vit_b16,caltech256,10,0,linprobe,180,0.65
vit_b16_caltech256_f10_s0_linprobe,vit_b16,caltech256,10,0,linprobe,181,0.958333
vit_b16_caltech256_f10_s0_linprobe,vit_b16,caltech256,10,0,linprobe,182,0.65
vit_b16_caltech256_f10_s0_linprobe,vit_b16,caltech256,10,0,linprobe,183,0.882353
vit_b16_caltech256_f10_s0_linprobe,vit_b16,caltech256,10,0,linprobe,184,0.380952
vit_b16_caltech256_f10_s0_linprobe,vit_b16,caltech256,10,0,linprobe,185,1.0
vit_b16_caltech256_f10_s0_linprobe,vit_b16,caltech256,10,0,linprobe,186,0.842105
vit_b16_caltech256_f10_s0_linprobe,vit_b16,caltech256,10,0,linprobe,187,0.555556
vit_b16_caltech256_f10_s0_linprobe,vit_b16,caltech256,10,0,linprobe,188,0.833333
vit_b16_caltech256_f10_s0_linprobe,vit_b16,caltech256,10,0,linprobe,189,0.954545
vit_b16_caltech256_f10_s0_linprobe,vit_b16,caltech256,10,0,linprobe,190,0.681818
vit_b16_caltech256_f10_s0_linprobe,vit_b16,caltech256,10,0,linprobe,191,0.909091
vit_b16_caltech256_f10_s0_linprobe,vit_b16,caltech256,10,0,linprobe,192,0.828571
vit_b16_caltech256_f10_s0_linprobe,vit_b16,caltech256,10,0,linprobe,193,0.909091
vit_b16_caltech256_f10_s0_linprobe,vit_b16,caltech256,10,0,linprobe,194,0.411765
vit_b16_caltech256_f10_s0_linprobe,vit_b16,caltech256,10,0,linprobe,195,0.809524
vit_b16_caltech256_f10_s0_linprobe,vit_b16,caltech256,10,0,linprobe,196,0.8
vit_b16_caltech256_f10_s0_linprobe,vit_b16,caltech256,10,0,linprobe,197,0.818182
vit_b16_caltech256_f10_s0_linprobe,vit_b16,caltech256,10,0,linprobe,198,0.571429
vit_b16_caltech256_f10_s0_linprobe,vit_b16,caltech256,10,0,linprobe,199,0.75
vit_b16_caltech256_f10_s0_linprobe,vit_b16,caltech256,10,0,linprobe,200,0.9375
vit_b16_caltech256_f10_s0_linprobe,vit_b16,caltech256,10,0,linprobe,201,0.315789
vit_b16_caltech256_f10_s0_linprobe,vit_b16,caltech256,10,0,linprobe,202,0.611111
vit_b16_caltech256_f10_s0_linprobe,vit_b16,caltech256,10,0,linprobe,203,0.875
vit_b16_caltech256_f10_s0_linprobe,vit_b16,caltech256,10,0,linprobe,204,0.588235
vit_b16_caltech256_f10_s0_linprobe,vit_b16,caltech256,10,0,linprobe,205,0.35
vit_b16_caltech256_f10_s0_linprobe,vit_b16,caltech256,10,0,linprobe,206,0.782609
vit_b16_caltech256_f10_s0_linprobe,vit_b16,caltech256,10,0,linprobe,207,0.863636
vit_b16_caltech256_f10_s0_linprobe,vit_b16,caltech256,10,0,linprobe,208,0.65
vit_b16_caltech256_f10_s0_linprobe,vit_b16,caltech256,10,0,linprobe,209,0.727273
vit_b16_caltech256_f10_s0_linprobe,vit_b16,caltech256,10,0,linprobe,210,0.526316
vit_b16_caltech256_f10_s0_linprobe,vit_b16,caltech256,10,0,linprobe,211,0.962963
vit_b16_caltech256_f10_s0_linprobe,vit_b16,caltech256,10,0,linprobe,212,0.95
vit_b16_caltech256_f10_s0_linprobe,vit_b16,caltech256,10,0,linprobe,213,0.857143
vit_b16_caltech256_f10_s0_linprobe,vit_b16,caltech256,10,0,linprobe,214,0.764706
vit_b16_caltech256_f10_s0_linprobe,vit_b16,caltech256,10,0,linprobe,215,1.0
vit_b16_caltech256_f10_s0_linprobe,vit_b16,caltech256,10,0,linprobe,216,0.809524
vit_b16_caltech256_f10_s0_linprobe,vit_b16,caltech256,10,0,linprobe,217,0.8125
vit_b16_caltech256_f10_s0_linprobe,vit_b16,caltech256,10,0,linprobe,218,0.529412
vit_b16_caltech256_f10_s0_linprobe,vit_b16,caltech256,10,0,linprobe,219,0.842105
vit_b16_caltech256_f10_s0_linprobe,vit_b16,caltech256,10,0,linprobe,220,0.761905
vit_b16_caltech256_f10_s0_linprobe,vit_b16,caltech256,10,0,linprobe,221,0.722222
vit_b16_caltech256_f10_s0_linprobe,vit_b16,caltech256,10,0,linprobe,222,0.5625
vit_b16_caltech256_f10_s0_linprobe,vit_b16,caltech256,10,0,linprobe,223,0.863636
vit_b16_caltech256_f10_s0_linprobe,vit_b16,caltech256,10,0,linprobe,224,0.944444
vit_b16_caltech256_f10_s0_linprobe,vit_b16,caltech256,10,0,linprobe,225,0.75
vit_b16_caltech256_f10_s0_linprobe,vit_b16,caltech256,10,0,linprobe,226,0.655172
vit_b16_caltech256_f10_s0_linprobe,vit_b16,caltech256,10,0,linprobe,227,1.0
vit_b16_caltech256_f10_s0_linprobe,vit_b16,caltech256,10,0,linprobe,228,0.842105
vit_b16_caltech256_f10_s0_linprobe,vit_b16,caltech256,10,0,linprobe,229,1.0
vit_b16_caltech256_f10_s0_linprobe,vit_b16,caltech256,10,0,linprobe,230,0.772727
vit_b16_caltech256_f10_s0_linprobe,vit_b16,caltech256,10,0,linprobe,231,0.916667
vit_b16_caltech256_f10_s0_linprobe,vit_b16,caltech256,10,0,linprobe,232,0.3
vit_b16_caltech256_f10_s0_linprobe,vit_b16,caltech256,10,0,linprobe,233,0.583333
vit_b16_caltech256_f10_s0_linprobe,vit_b16,caltech256,10,0,linprobe,234,0.782609
vit_b16_caltech256_f10_s0_linprobe,vit_b16,caltech256,10,0,linprobe,235,0.526316
vit_b16_caltech256_f10_s0_linprobe,vit_b16,caltech256,10,0,linprobe,236,0.888889
vit_b16_caltech256_f10_s0_linprobe,vit_b16,caltech256,10,0,linprobe,237,0.947368
vit_b16_caltech256_f10_s0_linprobe,vit_b16,caltech256,10,0,linprobe,238,0.764706
vit_b16_caltech256_f10_s0_linprobe,vit_b16,caltech256,10,0,linprobe,239,0.925
vit_b16_caltech256_f10_s0_linprobe,vit_b16,caltech256,10,0,linprobe,240,0.842105
vit_b16_caltech256_f10_s0_linprobe,vit_b16,caltech256,10,0,linprobe,241,0.684211
vit_b16_caltech256_f10_s0_linprobe,vit_b16,caltech256,10,0,linprobe,242,0.611111
vit_b16_caltech256_f10_s0_linprobe,vit_b16,caltech256,10,0,linprobe,243,0.722222
vit_b16_caltech256_f10_s0_linprobe,vit_b16,caltech256,10,0,linprobe,244,0.555556
vit_b16_caltech256_f10_s0_linprobe,vit_b16,caltech256,10,0,linprobe,245,0.9
vit_b16_caltech256_f10_s0_linprobe,vit_b16,caltech256,10,0,linprobe,246,0.611111
vit_b16_caltech256_f10_s0_linprobe,vit_b16,caltech256,10,0,linprobe,247,0.352941
vit_b16_caltech256_f10_s0_linprobe,vit_b16,caltech256,10,0,linprobe,248,0.5
vit_b16_caltech256_f10_s0_linprobe,vit_b16,caltech256,10,0,linprobe,249,1.0
vit_b16_caltech256_f10_s0_linprobe,vit_b16,caltech256,10,0,linprobe,250,0.925
vit_b16_caltech256_f10_s0_linprobe,vit_b16,caltech256,10,0,linprobe,251,1.0
vit_b16_caltech256_f10_s0_linprobe,vit_b16,caltech256,10,0,linprobe,252,0.988506
vit_b16_caltech256_f10_s0_linprobe,vit_b16,caltech256,10,0,linprobe,253,0.842105
vit_b16_caltech256_f10_s0_linprobe,vit_b16,caltech256,10,0,linprobe,254,0.333333
vit_b16_caltech256_f10_s0_linprobe,vit_b16,caltech256,10,0,linprobe,255,0.681818
vit_b16_caltech256_f10_s1_fullft,vit_b16,caltech256,10,1,fullft,0,0.95
vit_b16_caltech256_f10_s1_fullft,vit_b16,caltech256,10,1,fullft,1,0.842105
vit_b16_caltech256_f10_s1_fullft,vit_b16,caltech256,10,1,fullft,2,0.9
vit_b16_caltech256_f10_s1_fullft,vit_b16,caltech256,10,1,fullft,3,0.52
vit_b16_caltech256_f10_s1_fullft,vit_b16,caltech256,10,1,fullft,4,0.833333
vit_b16_caltech256_f10_s1_fullft,vit_b16,caltech256,10,1,fullft,5,0.666667
vit_b16_caltech256_f10_s1_fullft,vit_b16,caltech256,10,1,fullft,6,0.714286
vit_b16_caltech256_f10_s1_fullft,vit_b16,caltech256,10,1,fullft,7,0.804348
vit_b16_caltech256_f10_s1_fullft,vit_b16,caltech256,10,1,fullft,8,0.95
vit_b16_caltech256_f10_s1_fullft,vit_b16,caltech256,10,1,fullft,9,0.684211
vit_b16_caltech256_f10_s1_fullft,vit_b16,caltech256,10,1,fullft,10,0.982143
vit_b16_caltech256_f10_s1_fullft,vit_b16,caltech256,10,1,fullft,11,0.976744
vit_b16_caltech256_f10_s1_fullft,vit_b16,caltech256,10,1,fullft,12,0.55
vit_b16_caltech256_f10_s1_fullft,vit_b16,caltech256,10,1,fullft,13,0.882353
vit_b16_caltech256_f10_s1_fullft,vit_b16,caltech256,10,1,fullft,14,1.0
vit_b16_caltech256_f10_s1_fullft,vit_b16,caltech256,10,1,fullft,15,0.611111
vit_b16_caltech256_f10_s1_fullft,vit_b16,caltech256,10,1,fullft,16,0.52381
vit_b16_caltech256_f10_s1_fullft,vit_b16,caltech256,10,1,fullft,17,0.65
vit_b16_caltech256_f10_s1_fullft,vit_b16,caltech256,10,1,fullft,18,0.8
vit_b16_caltech256_f10_s1_fullft,vit_b16,caltech256,10,1,fullft,19,0.470588
vit_b16_caltech256_f10_s1_fullft,vit_b16,caltech256,10,1,fullft,20,0.892857
vit_b16_caltech256_f10_s1_fullft,vit_b16,caltech256,10,1,fullft,21,0.631579
vit_b16_caltech256_f10_s1_fullft,vit_b16,caltech256,10,1,fullft,22,0.727273
vit_b16_caltech256_f10_s1_fullft,vit_b16,caltech256,10,1,fullft,23,0.954545
vit_b16_caltech256_f10_s1_fullft,vit_b16,caltech256,10,1,fullft,24,0.347826
vit_b16_caltech256_f10_s1_fullft,vit_b16,caltech256,10,1,fullft,25,0.333333
vit_b16_caltech256_f10_s1_fullft,vit_b16,caltech256,10,1,fullft,26,0.85
vit_b16_caltech256_f10_s1_fullft,vit_b16,caltech256,10,1,fullft,27,0.954545
vit_b16_caltech256_f10_s1_fullft,vit_b16,caltech256,10,1,fullft,28,0.952381
vit_b16_caltech256_f10_s1_fullft,vit_b16,caltech256,10,1,fullft,29,0.52381
vit_b16_caltech256_f10_s1_fullft,vit_b16,caltech256,10,1,fullft,30,0.722222
vit_b16_caltech256_f10_s1_fullft,vit_b16,caltech256,10,1,fullft,31,0.75
vit_b16_caltech256_f10_s1_fullft,vit_b16,caltech256,10,1,fullft,32,0.4
vit_b16_caltech256_f10_s1_fullft,vit_b16,caltech256,10,1,fullft,33,1.0
vit_b16_caltech256_f10_s1_fullft,vit_b16,caltech256,10,1,fullft,34,0.764706
vit_b16_caltech256_f10_s1_fullft,vit_b16,caltech256,10,1,fullft,35,0.761905
vit_b16_caltech256_f10_s1_fullft,vit_b16,caltech256,10,1,fullft,36,1.0
vit_b16_caltech256_f10_s1_fullft,vit_b16,caltech256,10,1,fullft,37,0.863636
vit_b16_caltech256_f10_s1_fullft,vit_b16,caltech256,10,1,fullft,38,0.176471
vit_b16_caltech256_f10_s1_fullft,vit_b16,caltech256,10,1,fullft,39,0.88
vit_b16_caltech256_f10_s1_fullft,vit_b16,caltech256,10,1,fullft,40,0.941176
vit_b16_caltech256_f10_s1_fullft,vit_b16,caltech256,10,1,fullft,41,0.294118
vit_b16_caltech256_f10_s1_fullft,vit_b16,caltech256,10,1,fullft,42,0.64
vit_b16_caltech256_f10_s1_fullft,vit_b16,caltech256,10,1,fullft,43,0.708333
vit_b16_caltech256_f10_s1_fullft,vit_b16,caltech256,10,1,fullft,44,0.882353
vit_b16_caltech256_f10_s1_fullft,vit_b16,caltech256,10,1,fullft,45,0.962963
vit_b16_caltech256_f10_s1_fullft,vit_b16,caltech256,10,1,fullft,46,0.842105
vit_b16_caltech256_f10_s1_fullft,vit_b16,caltech256,10,1,fullft,47,0.904762
vit_b16_caltech256_f10_s1_fullft,vit_b16,caltech256,10,1,fullft,48,0.809524
vit_b16_caltech256_f10_s1_fullft,vit_b16,caltech256,10,1,fullft,49,0.684211
vit_b16_caltech256_f10_s1_fullft,vit_b16,caltech256,10,1,fullft,50,0.782609
vit_b16_caltech256_f10_s1_fullft,vit_b16,caltech256,10,1,fullft,51,0.705882
vit_b16_caltech256_f10_s1_fullft,vit_b16,caltech256,10,1,fullft,52,0.75
vit_b16_caltech256_f10_s1_fullft,vit_b16,caltech256,10,1,fullft,53,0.875
vit_b16_caltech256_f10_s1_fullft,vit_b16,caltech256,10,1,fullft,54,0.5
vit_b16_caltech256_f10_s1_fullft,vit_b16,caltech256,10,1,fullft,55,0.6
vit_b16_caltech256_f10_s1_fullft,vit_b16,caltech256,10,1,fullft,56,0.666667
vit_b16_caltech256_f10_s1_fullft,vit_b16,caltech256,10,1,fullft,57,0.578947
vit_b16_caltech256_f10_s1_fullft,vit_b16,caltech256,10,1,fullft,58,0.117647
vit_b16_caltech256_f10_s1_fullft,vit_b16,caltech256,10,1,fullft,59,0.647059
vit_b16_caltech256_f10_s1_fullft,vit_b16,caltech256,10,1,fullft,60,0.7
vit_b16_caltech256_f10_s1_fullft,vit_b16,caltech256,10,1,fullft,61,0.764706
vit_b16_caltech256_f10_s1_fullft,vit_b16,caltech256,10,1,fullft,62,0.833333
vit_b16_caltech256_f10_s1_fullft,vit_b16,caltech256,10,1,fullft,63,0.884615
vit_b16_caltech256_f10_s1_fullft,vit_b16,caltech256,10,1,fullft,64,1.0
vit_b16_caltech256_f10_s1_fullft,vit_b16,caltech256,10,1,fullft,65,0.823529
vit_b16_caltech256_f10_s1_fullft,vit_b16,caltech256,10,1,fullft,66,0.823529
vit_b16_caltech256_f10_s1_fullft,vit_b16,caltech256,10,1,fullft,67,0.909091
vit_b16_caltech256_f10_s1_fullft,vit_b16,caltech256,10,1,fullft,68,0.45
vit_b16_caltech256_f10_s1_fullft,vit_b16,caltech256,10,1,fullft,69,0.470588
vit_b16_caltech256_f10_s1_fullft,vit_b16,caltech256,10,1,fullft,70,0.55
vit_b16_caltech256_f10_s1_fullft,vit_b16,caltech256,10,1,fullft,71,0.958333
vit_b16_caltech256_f10_s1_fullft,vit_b16,caltech256,10,1,fullft,72,0.95
vit_b16_caltech256_f10_s1_fullft,vit_b16,caltech256,10,1,fullft,73,0.391304
vit_b16_caltech256_f10_s1_fullft,vit_b16,caltech256,10,1,fullft,74,0.529412
vit_b16_caltech256_f10_s1_fullft,vit_b16,caltech256,10,1,fullft,75,0.882353
vit_b16_caltech256_f10_s1_fullft,vit_b16,caltech256,10,1,fullft,76,1.0
vit_b16_caltech256_f10_s1_fullft,vit_b16,caltech256,10,1,fullft,77,0.5
vit_b16_caltech256_f10_s1_fullft,vit_b16,caltech256,10,1,fullft,78,0.5
vit_b16_caltech256_f10_s1_fullft,vit_b16,caltech256,10,1,fullft,79,0.652174
vit_b16_caltech256_f10_s1_fullft,vit_b16,caltech256,10,1,fullft,80,0.789474
vit_b16_caltech256_f10_s1_fullft,vit_b16,caltech256,10,1,fullft,81,0.8125
vit_b16_caltech256_f10_s1_fullft,vit_b16,caltech256,10,1,fullft,82,0.789474
vit_b16_caltech256_f10_s1_fullft,vit_b16,caltech256,10,1,fullft,83,0.470588
vit_b16_caltech256_f10_s1_fullft,vit_b16,caltech256,10,1,fullft,84,0.681818
vit_b16_caltech256_f10_s1_fullft,vit_b16,caltech256,10,1,fullft,85,0.9375
vit_b16_caltech256_f10_s1_fullft,vit_b16,caltech256,10,1,fullft,86,0.894737
vit_b16_caltech256_f10_s1_fullft,vit_b16,caltech256,10,1,fullft,87,0.95
vit_b16_caltech256_f10_s1_fullft,vit_b16,caltech256,10,1,fullft,88,0.818182
vit_b16_caltech256_f10_s1_fullft,vit_b16,caltech256,10,1,fullft,89,0.97619
vit_b16_caltech256_f10_s1_fullft,vit_b16,caltech256,10,1,fullft,90,0.894737
vit_b16_caltech256_f10_s1_fullft,vit_b16,caltech256,10,1,fullft,91,0.775
vit_b16_caltech256_f10_s1_fullft,vit_b16,caltech256,10,1,fullft,92,1.0
vit_b16_caltech256_f10_s1_fullft,vit_b16,caltech256,10,1,fullft,93,0.952381
vit_b16_caltech256_f10_s1_fullft,vit_b16,caltech256,10,1,fullft,94,0.823529
vit_b16_caltech256_f10_s1_fullft,vit_b16,caltech256,10,1,fullft,95,0.964912
vit_b16_caltech256_f10_s1_fullft,vit_b16,caltech256,10,1,fullft,96,0.722222
vit_b16_caltech256_f10_s1_fullft,vit_b16,caltech256,10,1,fullft,97,0.95
vit_b16_caltech256_f10_s1_fullft,vit_b16,caltech256,10,1,fullft,98,0.8125
vit_b16_caltech256_f10_s1_fullft,vit_b16,caltech256,10,1,fullft,99,1.0
vit_b16_caltech256_f10_s1_fullft,vit_b16,caltech256,10,1,fullft,100,0.857143
vit_b16_caltech256_f10_s1_fullft,vit_b16,caltech256,10,1,fullft,101,0.722222
vit_b16_caltech256_f10_s1_fullft,vit_b16,caltech256,10,1,fullft,102,0.909091
vit_b16_caltech256_f10_s1_fullft,vit_b16,caltech256,10,1,fullft,103,0.842105
vit_b16_caltech256_f10_s1_fullft,vit_b16,caltech256,10,1,fullft,104,0.851852
vit_b16_caltech256_f10_s1_fullft,vit_b16,caltech256,10,1,fullft,105,0.411765
vit_b16_caltech256_f10_s1_fullft,vit_b16,caltech256,10,1,fullft,106,1.0
vit_b16_caltech256_f10_s1_fullft,vit_b16,caltech256,10,1,fullft,107,0.647059
vit_b16_caltech256_f10_s1_fullft,vit_b16,caltech256,10,1,fullft,108,0.903226
vit_b16_caltech256_f10_s1_fullft,vit_b16,caltech256,10,1,fullft,109,0.941176
vit_b16_caltech256_f10_s1_fullft,vit_b16,caltech256,10,1,fullft,110,0.941176
vit_b16_caltech256_f10_s1_fullft,vit_b16,caltech256,10,1,fullft,111,0.588235
vit_b16_caltech256_f10_s1_fullft,vit_b16,caltech256,10,1,fullft,112,0.956522
vit_b16_caltech256_f10_s1_fullft,vit_b16,caltech256,10,1,fullft,113,0.958333
vit_b16_caltech256_f10_s1_fullft,vit_b16,caltech256,10,1,fullft,114,0.555556
vit_b16_caltech256_f10_s1_fullft,vit_b16,caltech256,10,1,fullft,115,0.952381
vit_b16_caltech256_f10_s1_fullft,vit_b16,caltech256,10,1,fullft,116,0.916667
vit_b16_caltech256_f10_s1_fullft,vit_b16,caltech256,10,1,fullft,117,0.818182
vit_b16_caltech256_f10_s1_fullft,vit_b16,caltech256,10,1,fullft,118,0.529412
vit_b16_caltech256_f10_s1_fullft,vit_b16,caltech256,10,1,fullft,119,0.730769
vit_b16_caltech256_f10_s1_fullft,vit_b16,caltech256,10,1,fullft,120,1.0
vit_b16_caltech256_f10_s1_fullft,vit_b16,caltech256,10,1,fullft,121,0.714286
vit_b16_caltech256_f10_s1_fullft,vit_b16,caltech256,10,1,fullft,122,1.0
vit_b16_caltech256_f10_s1_fullft,vit_b16,caltech256,10,1,fullft,123,1.0
vit_b16_caltech256_f10_s1_fullft,vit_b16,caltech256,10,1,fullft,124,0.1
vit_b16_caltech256_f10_s1_fullft,vit_b16,caltech256,10,1,fullft,125,0.604167
vit_b16_caltech256_f10_s1_fullft,vit_b16,caltech256,10,1,fullft,126,0.923077
vit_b16_caltech256_f10_s1_fullft,vit_b16,caltech256,10,1,fullft,127,0.761905
vit_b16_caltech256_f10_s1_fullft,vit_b16,caltech256,10,1,fullft,128,1.0
vit_b16_caltech256_f10_s1_fullft,vit_b16,caltech256,10,1,fullft,129,0.888889
vit_b16_caltech256_f10_s1_fullft,vit_b16,caltech256,10,1,fullft,130,0.722222
vit_b16_caltech256_f10_s1_fullft,vit_b16,caltech256,10,1,fullft,131,0.894737
vit_b16_caltech256_f10_s1_fullft,vit_b16,caltech256,10,1,fullft,132,0.814815
vit_b16_caltech256_f10_s1_fullft,vit_b16,caltech256,10,1,fullft,133,1.0
vit_b16_caltech256_f10_s1_fullft,vit_b16,caltech256,10,1,fullft,134,0.263158
vit_b16_caltech256_f10_s1_fullft,vit_b16,caltech256,10,1,fullft,135,0.842105
vit_b16_caltech256_f10_s1_fullft,vit_b16,caltech256,10,1,fullft,136,0.935484
vit_b16_caltech256_f10_s1_fullft,vit_b16,caltech256,10,1,fullft,137,0.763158
vit_b16_caltech256_f10_s1_fullft,vit_b16,caltech256,10,1,fullft,138,0.764706
vit_b16_caltech256_f10_s1_fullft,vit_b16,caltech256,10,1,fullft,139,0.722222
vit_b16_caltech256_f10_s1_fullft,vit_b16,caltech256,10,1,fullft,140,0.73913
vit_b16_caltech256_f10_s1_fullft,vit_b16,caltech256,10,1,fullft,141,0.952381
vit_b16_caltech256_f10_s1_fullft,vit_b16,caltech256,10,1,fullft,142,0.884615
vit_b16_caltech256_f10_s1_fullft,vit_b16,caltech256,10,1,fullft,143,0.8125
vit_b16_caltech256_f10_s1_fullft,vit_b16,caltech256,10,1,fullft,144,1.0
vit_b16_caltech256_f10_s1_fullft,vit_b16,caltech256,10,1,fullft,145,0.625
vit_b16_caltech256_f10_s1_fullft,vit_b16,caltech256,10,1,fullft,146,0.85
vit_b16_caltech256_f10_s1_fullft,vit_b16,caltech256,10,1,fullft,147,0.714286
vit_b16_caltech256_f10_s1_fullft,vit_b16,caltech256,10,1,fullft,148,0.761905
vit_b16_caltech256_f10_s1_fullft,vit_b16,caltech256,10,1,fullft,149,0.818182
vit_b16_caltech256_f10_s1_fullft,vit_b16,caltech256,10,1,fullft,150,0.909091
vit_b16_caltech256_f10_s1_fullft,vit_b16,caltech256,10,1,fullft,151,0.875
vit_b16_caltech256_f10_s1_fullft,vit_b16,caltech256,10,1,fullft,152,0.789474
vit_b16_caltech256_f10_s1_fullft,vit_b16,caltech256,10,1,fullft,153,0.619048
vit_b16_caltech256_f10_s1_fullft,vit_b16,caltech256,10,1,fullft,154,0.333333
vit_b16_caltech256_f10_s1_fullft,vit_b16,caltech256,10,1,fullft,155,0.473684
vit_b16_caltech256_f10_s1_fullft,vit_b16,caltech256,10,1,fullft,156,0.857143
vit_b16_caltech256_f10_s1_fullft,vit_b16,caltech256,10,1,fullft,157,0.9
vit_b16_caltech256_f10_s1_fullft,vit_b16,caltech256,10,1,fullft,158,0.666667
vit_b16_caltech256_f10_s1_fullft,vit_b16,caltech256,10,1,fullft,159,0.176471
vit_b16_caltech256_f10_s1_fullft,vit_b16,caltech256,10,1,fullft,160,0.809524
vit_b16_caltech256_f10_s1_fullft,vit_b16,caltech256,10,1,fullft,161,0.5
vit_b16_caltech256_f10_s1_fullft,vit_b16,caltech256,10,1,fullft,162,0.333333
vit_b16_caltech256_f10_s1_fullft,vit_b16,caltech256,10,1,fullft,163,1.0
vit_b16_caltech256_f10_s1_fullft,vit_b16,caltech256,10,1,fullft,164,0.222222
vit_b16_caltech256_f10_s1_fullft,vit_b16,caltech256,10,1,fullft,165,0.944444
vit_b16_caltech256_f10_s1_fullft,vit_b16,caltech256,10,1,fullft,166,0.529412
vit_b16_caltech256_f10_s1_fullft,vit_b16,caltech256,10,1,fullft,167,0.928571
vit_b16_caltech256_f10_s1_fullft,vit_b16,caltech256,10,1,fullft,168,0.944444
vit_b16_caltech256_f10_s1_fullft,vit_b16,caltech256,10,1,fullft,169,0.85
vit_b16_caltech256_f10_s1_fullft,vit_b16,caltech256,10,1,fullft,170,0.352941
vit_b16_caltech256_f10_s1_fullft,vit_b16,caltech256,10,1,fullft,171,1.0
vit_b16_caltech256_f10_s1_fullft,vit_b16,caltech256,10,1,fullft,172,0.47619
vit_b16_caltech256_f10_s1_fullft,vit_b16,caltech256,10,1,fullft,173,1.0
vit_b16_caltech256_f10_s1_fullft,vit_b16,caltech256,10,1,fullft,174,0.647059
vit_b16_caltech256_f10_s1_fullft,vit_b16,caltech256,10,1,fullft,175,0.772727
vit_b16_caltech256_f10_s1_fullft,vit_b16,caltech256,10,1,fullft,176,0.631579
vit_b16_caltech256_f10_s1_fullft,vit_b16,caltech256,10,1,fullft,177,0.95
vit_b16_caltech256_f10_s1_fullft,vit_b16,caltech256,10,1,fullft,178,1.0
vit_b16_caltech256_f10_s1_fullft,vit_b16,caltech256,10,1,fullft,179,0.55
vit_b16_caltech256_f10_s1_fullft,vit_b16,caltech256,10,1,fullft,180,0.85
vit_b16_caltech256_f10_s1_fullft,vit_b16,caltech256,10,1,fullft,181,1.0
vit_b16_caltech256_f10_s1_fullft,vit_b16,caltech256,10,1,fullft,182,0.55
vit_b16_caltech256_f10_s1_fullft,vit_b16,caltech256,10,1,fullft,183,0.882353
vit_b16_caltech256_f10_s1_fullft,vit_b16,caltech256,10,1,fullft,184,0.095238
vit_b16_caltech256_f10_s1_fullft,vit_b16,caltech256,10,1,fullft,185,1.0
vit_b16_caltech256_f10_s1_fullft,vit_b16,caltech256,10,1,fullft,186,0.947368
vit_b16_caltech256_f10_s1_fullft,vit_b16,caltech256,10,1,fullft,187,0.444444
vit_b16_caltech256_f10_s1_fullft,vit_b16,caltech256,10,1,fullft,188,0.875
vit_b16_caltech256_f10_s1_fullft,vit_b16,caltech256,10,1,fullft,189,0.954545
vit_b16_caltech256_f10_s1_fullft,vit_b16,caltech256,10,1,fullft,190,0.818182
vit_b16_caltech256_f10_s1_fullft,vit_b16,caltech256,10,1,fullft,191,0.863636
vit_b16_caltech256_f10_s1_fullft,vit_b16,caltech256,10,1,fullft,192,0.828571
vit_b16_caltech256_f10_s1_fullft,vit_b16,caltech256,10,1,fullft,193,0.909091
vit_b16_caltech256_f10_s1_fullft,vit_b16,caltech256,10,1,fullft,194,0.235294
vit_b16_caltech256_f10_s1_fullft,vit_b16,caltech256,10,1,fullft,195,0.761905
vit_b16_caltech256_f10_s1_fullft,vit_b16,caltech256,10,1,fullft,196,0.7
vit_b16_caltech256_f10_s1_fullft,vit_b16,caltech256,10,1,fullft,197,0.863636
vit_b16_caltech256_f10_s1_fullft,vit_b16,caltech256,10,1,fullft,198,0.428571
vit_b16_caltech256_f10_s1_fullft,vit_b16,caltech256,10,1,fullft,199,0.3
vit_b16_caltech256_f10_s1_fullft,vit_b16,caltech256,10,1,fullft,200,0.9375
vit_b16_caltech256_f10_s1_fullft,vit_b16,caltech256,10,1,fullft,201,0.421053
vit_b16_caltech256_f10_s1_fullft,vit_b16,caltech256,10,1,fullft,202,0.666667
vit_b16_caltech256_f10_s1_fullft,vit_b16,caltech256,10,1,fullft,203,1.0
vit_b16_caltech256_f10_s1_fullft,vit_b16,caltech256,10,1,fullft,204,0.470588
vit_b16_caltech256_f10_s1_fullft,vit_b16,caltech256,10,1,fullft,205,0.55
vit_b16_caltech256_f10_s1_fullft,vit_b16,caltech256,10,1,fullft,206,0.826087
vit_b16_caltech256_f10_s1_fullft,vit_b16,caltech256,10,1,fullft,207,0.818182
vit_b16_caltech256_f10_s1_fullft,vit_b16,caltech256,10,1,fullft,208,0.4
vit_b16_caltech256_f10_s1_fullft,vit_b16,caltech256,10,1,fullft,209,0.545455
vit_b16_caltech256_f10_s1_fullft,vit_b16,caltech256,10,1,fullft,210,0.526316
vit_b16_caltech256_f10_s1_fullft,vit_b16,caltech256,10,1,fullft,211,0.925926
vit_b16_caltech256_f10_s1_fullft,vit_b16,caltech256,10,1,fullft,212,0.95
vit_b16_caltech256_f10_s1_fullft,vit_b16,caltech256,10,1,fullft,213,0.928571
vit_b16_caltech256_f10_s1_fullft,vit_b16,caltech256,10,1,fullft,214,0.705882
vit_b16_caltech256_f10_s1_fullft,vit_b16,caltech256,10,1,fullft,215,0.9
vit_b16_caltech256_f10_s1_fullft,vit_b16,caltech256,10,1,fullft,216,0.809524
vit_b16_caltech256_f10_s1_fullft,vit_b16,caltech256,10,1,fullft,217,0.9375
vit_b16_caltech256_f10_s1_fullft,vit_b16,caltech256,10,1,fullft,218,0.294118
vit_b16_caltech256_f10_s1_fullft,vit_b16,caltech256,10,1,fullft,219,0.736842
vit_b16_caltech256_f10_s1_fullft,vit_b16,caltech256,10,1,fullft,220,0.904762
vit_b16_caltech256_f10_s1_fullft,vit_b16,caltech256,10,1,fullft,221,0.666667
vit_b16_caltech256_f10_s1_fullft,vit_b16,caltech256,10,1,fullft,222,0.4375
vit_b16_caltech256_f10_s1_fullft,vit_b16,caltech256,10,1,fullft,223,0.727273
vit_b16_caltech256_f10_s1_fullft,vit_b16,caltech256,10,1,fullft,224,0.944444
vit_b16_caltech256_f10_s1_fullft,vit_b16,caltech256,10,1,fullft,225,0.65
vit_b16_caltech256_f10_s1_fullft,vit_b16,caltech256,10,1,fullft,226,0.931034
vit_b16_caltech256_f10_s1_fullft,vit_b16,caltech256,10,1,fullft,227,0.947368
vit_b16_caltech256_f10_s1_fullft,vit_b16,caltech256,10,1,fullft,228,0.736842
vit_b16_caltech256_f10_s1_fullft,vit_b16,caltech256,10,1,fullft,229,1.0
vit_b16_caltech256_f10_s1_fullft,vit_b16,caltech256,10,1,fullft,230,0.681818
vit_b16_caltech256_f10_s1_fullft,vit_b16,caltech256,10,1,fullft,231,0.958333
vit_b16_caltech256_f10_s1_fullft,vit_b16,caltech256,10,1,fullft,232,0.25
vit_b16_caltech256_f10_s1_fullft,vit_b16,caltech256,10,1,fullft,233,0.875
vit_b16_caltech256_f10_s1_fullft,vit_b16,caltech256,10,1,fullft,234,0.782609
vit_b16_caltech256_f10_s1_fullft,vit_b16,caltech256,10,1,fullft,235,0.684211
vit_b16_caltech256_f10_s1_fullft,vit_b16,caltech256,10,1,fullft,236,0.777778
vit_b16_caltech256_f10_s1_fullft,vit_b16,caltech256,10,1,fullft,237,0.947368
vit_b16_caltech256_f10_s1_fullft,vit_b16,caltech256,10,1,fullft,238,0.823529
vit_b16_caltech256_f10_s1_fullft,vit_b16,caltech256,10,1,fullft,239,0.95
vit_b16_caltech256_f10_s1_fullft,vit_b16,caltech256,10,1,fullft,240,0.842105
vit_b16_caltech256_f10_s1_fullft,vit_b16,caltech256,10,1,fullft,241,0.947368
vit_b16_caltech256_f10_s1_fullft,vit_b16,caltech256,10,1,fullft,242,0.611111
vit_b16_caltech256_f10_s1_fullft,vit_b16,caltech256,10,1,fullft,243,0.611111
vit_b16_caltech256_f10_s1_fullft,vit_b16,caltech256,10,1,fullft,244,0.388889
vit_b16_caltech256_f10_s1_fullft,vit_b16,caltech256,10,1,fullft,245,0.8
vit_b16_caltech256_f10_s1_fullft,vit_b16,caltech256,10,1,fullft,246,0.611111
vit_b16_caltech256_f10_s1_fullft,vit_b16,caltech256,10,1,fullft,247,0.588235
vit_b16_caltech256_f10_s1_fullft,vit_b16,caltech256,10,1,fullft,248,0.5
vit_b16_caltech256_f10_s1_fullft,vit_b16,caltech256,10,1,fullft,249,1.0
vit_b16_caltech256_f10_s1_fullft,vit_b16,caltech256,10,1,fullft,250,0.98125
vit_b16_caltech256_f10_s1_fullft,vit_b16,caltech256,10,1,fullft,251,1.0
vit_b16_caltech256_f10_s1_fullft,vit_b16,caltech256,10,1,fullft,252,0.988506
vit_b16_caltech256_f10_s1_fullft,vit_b16,caltech256,10,1,fullft,253,0.684211
vit_b16_caltech256_f10_s1_fullft,vit_b16,caltech256,10,1,fullft,254,0.52381
vit_b16_caltech256_f10_s1_fullft,vit_b16,caltech256,10,1,fullft,255,0.772727
vit_b16_caltech256_f10_s1_linprobe,vit_b16,caltech256,10,1,linprobe,0,1.0
vit_b16_caltech256_f10_s1_linprobe,vit_b16,caltech256,10,1,linprobe,1,0.842105
vit_b16_caltech256_f10_s1_linprobe,vit_b16,caltech256,10,1,linprobe,2,0.866667
vit_b16_caltech256_f10_s1_linprobe,vit_b16,caltech256,10,1,linprobe,3,0.52
vit_b16_caltech256_f10_s1_linprobe,vit_b16,caltech256,10,1,linprobe,4,0.866667
vit_b16_caltech256_f10_s1_linprobe,vit_b16,caltech256,10,1,linprobe,5,0.722222
vit_b16_caltech256_f10_s1_linprobe,vit_b16,caltech256,10,1,linprobe,6,0.52381
vit_b16_caltech256_f10_s1_linprobe,vit_b16,caltech256,10,1,linprobe,7,0.847826
vit_b16_caltech256_f10_s1_linprobe,vit_b16,caltech256,10,1,linprobe,8,1.0
vit_b16_caltech256_f10_s1_linprobe,vit_b16,caltech256,10,1,linprobe,9,0.578947
vit_b16_caltech256_f10_s1_linprobe,vit_b16,caltech256,10,1,linprobe,10,0.982143
vit_b16_caltech256_f10_s1_linprobe,vit_b16,caltech256,10,1,linprobe,11,0.976744
vit_b16_caltech256_f10_s1_linprobe,vit_b16,caltech256,10,1,linprobe,12,0.7
vit_b16_caltech256_f10_s1_linprobe,vit_b16,caltech256,10,1,linprobe,13,0.823529
vit_b16_caltech256_f10_s1_linprobe,vit_b16,caltech256,10,1,linprobe,14,1.0
vit_b16_caltech256_f10_s1_linprobe,vit_b16,caltech256,10,1,linprobe,15,0.666667
vit_b16_caltech256_f10_s1_linprobe,vit_b16,caltech256,10,1,linprobe,16,0.47619
vit_b16_caltech256_f10_s1_linprobe,vit_b16,caltech256,10,1,linprobe,17,0.55
vit_b16_caltech256_f10_s1_linprobe,vit_b16,caltech256,10,1,linprobe,18,0.68
vit_b16_caltech256_f10_s1_linprobe,vit_b16,caltech256,10,1,linprobe,19,0.705882
vit_b16_caltech256_f10_s1_linprobe,vit_b16,caltech256,10,1,linprobe,20,0.892857
vit_b16_caltech256_f10_s1_linprobe,vit_b16,caltech256,10,1,linprobe,21,0.631579
vit_b16_caltech256_f10_s1_linprobe,vit_b16,caltech256,10,1,linprobe,22,0.954545
vit_b16_caltech256_f10_s1_linprobe,vit_b16,caltech256,10,1,linprobe,23,0.818182
vit_b16_caltech256_f10_s1_linprobe,vit_b16,caltech256,10,1,linprobe,24,0.347826
vit_b16_caltech256_f10_s1_linprobe,vit_b16,caltech256,10,1,linprobe,25,0.142857
vit_b16_caltech256_f10_s1_linprobe,vit_b16,caltech256,10,1,linprobe,26,0.7
vit_b16_caltech256_f10_s1_linprobe,vit_b16,caltech256,10,1,linprobe,27,0.954545
vit_b16_caltech256_f10_s1_linprobe,vit_b16,caltech256,10,1,linprobe,28,1.0
vit_b16_caltech256_f10_s1_linprobe,vit_b16,caltech256,10,1,linprobe,29,0.52381
vit_b16_caltech256_f10_s1_linprobe,vit_b16,caltech256,10,1,linprobe,30,0.777778
vit_b16_caltech256_f10_s1_linprobe,vit_b16,caltech256,10,1,linprobe,31,0.7
vit_b16_caltech256_f10_s1_linprobe,vit_b16,caltech256,10,1,linprobe,32,0.45
vit_b16_caltech256_f10_s1_linprobe,vit_b16,caltech256,10,1,linprobe,33,0.95
vit_b16_caltech256_f10_s1_linprobe,vit_b16,caltech256,10,1,linprobe,34,0.705882
vit_b16_caltech256_f10_s1_linprobe,vit_b16,caltech256,10,1,linprobe,35,0.714286
vit_b16_caltech256_f10_s1_linprobe,vit_b16,caltech256,10,1,linprobe,36,0.708333
vit_b16_caltech256_f10_s1_linprobe,vit_b16,caltech256,10,1,linprobe,37,0.863636
vit_b16_caltech256_f10_s1_linprobe,vit_b16,caltech256,10,1,linprobe,38,0.294118
vit_b16_caltech256_f10_s1_linprobe,vit_b16,caltech256,10,1,linprobe,39,0.96
vit_b16_caltech256_f10_s1_linprobe,vit_b16,caltech256,10,1,linprobe,40,1.0
vit_b16_caltech256_f10_s1_linprobe,vit_b16,caltech256,10,1,linprobe,41,0.176471
vit_b16_caltech256_f10_s1_linprobe,vit_b16,caltech256,10,1,linprobe,42,0.6
vit_b16_caltech256_f10_s1_linprobe,vit_b16,caltech256,10,1,linprobe,43,0.708333
vit_b16_caltech256_f10_s1_linprobe,vit_b16,caltech256,10,1,linprobe,44,0.941176
vit_b16_caltech256_f10_s1_linprobe,vit_b16,caltech256,10,1,linprobe,45,0.962963
vit_b16_caltech256_f10_s1_linprobe,vit_b16,caltech256,10,1,linprobe,46,0.894737
vit_b16_caltech256_f10_s1_linprobe,vit_b16,caltech256,10,1,linprobe,47,0.857143
vit_b16_caltech256_f10_s1_linprobe,vit_b16,caltech256,10,1,linprobe,48,0.809524
vit_b16_caltech256_f10_s1_linprobe,vit_b16,caltech256,10,1,linprobe,49,0.631579
vit_b16_caltech256_f10_s1_linprobe,vit_b16,caltech256,10,1,linprobe,50,0.782609
vit_b16_caltech256_f10_s1_linprobe,vit_b16,caltech256,10,1,linprobe,51,0.823529
vit_b16_caltech256_f10_s1_linprobe,vit_b16,caltech256,10,1,linprobe,52,0.625
vit_b16_caltech256_f10_s1_linprobe,vit_b16,caltech256,10,1,linprobe,53,0.875
vit_b16_caltech256_f10_s1_linprobe,vit_b16,caltech256,10,1,linprobe,54,0.4
vit_b16_caltech256_f10_s1_linprobe,vit_b16,caltech256,10,1,linprobe,55,0.45
vit_b16_caltech256_f10_s1_linprobe,vit_b16,caltech256,10,1,linprobe,56,0.714286
vit_b16_caltech256_f10_s1_linprobe,vit_b16,caltech256,10,1,linprobe,57,0.368421
vit_b16_caltech256_f10_s1_linprobe,vit_b16,caltech256,10,1,linprobe,58,0.176471
vit_b16_caltech256_f10_s1_linprobe,vit_b16,caltech256,10,1,linprobe,59,0.647059
vit_b16_caltech256_f10_s1_linprobe,vit_b16,caltech256,10,1,linprobe,60,0.85
vit_b16_caltech256_f10_s1_linprobe,vit_b16,caltech256,10,1,linprobe,61,0.529412
vit_b16_caltech256_f10_s1_linprobe,vit_b16,caltech256,10,1,linprobe,62,0.833333
vit_b16_caltech256_f10_s1_linprobe,vit_b16,caltech256,10,1,linprobe,63,0.923077
vit_b16_caltech256_f10_s1_linprobe,vit_b16,caltech256,10,1,linprobe,64,0.9
vit_b16_caltech256_f10_s1_linprobe,vit_b16,caltech256,10,1,linprobe,65,0.823529
vit_b16_caltech256_f10_s1_linprobe,vit_b16,caltech256,10,1,linprobe,66,0.823529
vit_b16_caltech256_f10_s1_linprobe,vit_b16,caltech256,10,1,linprobe,67,0.681818
vit_b16_caltech256_f10_s1_linprobe,vit_b16,caltech256,10,1,linprobe,68,0.5
vit_b16_caltech256_f10_s1_linprobe,vit_b16,caltech256,10,1,linprobe,69,0.352941
vit_b16_caltech256_f10_s1_linprobe,vit_b16,caltech256,10,1,linprobe,70,0.25
vit_b16_caltech256_f10_s1_linprobe,vit_b16,caltech256,10,1,linprobe,71,0.958333
vit_b16_caltech256_f10_s1_linprobe,vit_b16,caltech256,10,1,linprobe,72,0.8
vit_b16_caltech256_f10_s1_linprobe,vit_b16,caltech256,10,1,linprobe,73,0.347826
vit_b16_caltech256_f10_s1_linprobe,vit_b16,caltech256,10,1,linprobe,74,0.352941
vit_b16_caltech256_f10_s1_linprobe,vit_b16,caltech256,10,1,linprobe,75,0.941176
vit_b16_caltech256_f10_s1_linprobe,vit_b16,caltech256,10,1,linprobe,76,1.0
vit_b16_caltech256_f10_s1_linprobe,vit_b16,caltech256,10,1,linprobe,77,0.722222
vit_b16_caltech256_f10_s1_linprobe,vit_b16,caltech256,10,1,linprobe,78,0.35
vit_b16_caltech256_f10_s1_linprobe,vit_b16,caltech256,10,1,linprobe,79,0.478261
vit_b16_caltech256_f10_s1_linprobe,vit_b16,caltech256,10,1,linprobe,80,0.789474
vit_b16_caltech256_f10_s1_linprobe,vit_b16,caltech256,10,1,linprobe,81,0.875
vit_b16_caltech256_f10_s1_linprobe,vit_b16,caltech256,10,1,linprobe,82,0.894737
vit_b16_caltech256_f10_s1_linprobe,vit_b16,caltech256,10,1,linprobe,83,0.588235
vit_b16_caltech256_f10_s1_linprobe,vit_b16,caltech256,10,1,linprobe,84,0.5
vit_b16_caltech256_f10_s1_linprobe,vit_b16,caltech256,10,1,linprobe,85,0.9375
vit_b16_caltech256_f10_s1_linprobe,vit_b16,caltech256,10,1,linprobe,86,0.894737
vit_b16_caltech256_f10_s1_linprobe,vit_b16,caltech256,10,1,linprobe,87,1.0
vit_b16_caltech256_f10_s1_linprobe,vit_b16,caltech256,10,1,linprobe,88,0.590909
vit_b16_caltech256_f10_s1_linprobe,vit_b16,caltech256,10,1,linprobe,89,0.97619
vit_b16_caltech256_f10_s1_linprobe,vit_b16,caltech256,10,1,linprobe,90,0.947368
vit_b16_caltech256_f10_s1_linprobe,vit_b16,caltech256,10,1,linprobe,91,0.75
vit_b16_caltech256_f10_s1_linprobe,vit_b16,caltech256,10,1,linprobe,92,1.0
vit_b16_caltech256_f10_s1_linprobe,vit_b16,caltech256,10,1,linprobe,93,1.0
vit_b16_caltech256_f10_s1_linprobe,vit_b16,caltech256,10,1,linprobe,94,0.764706
vit_b16_caltech256_f10_s1_linprobe,vit_b16,caltech256,10,1,linprobe,95,0.824561
vit_b16_caltech256_f10_s1_linprobe,vit_b16,caltech256,10,1,linprobe,96,0.777778
vit_b16_caltech256_f10_s1_linprobe,vit_b16,caltech256,10,1,linprobe,97,0.95
vit_b16_caltech256_f10_s1_linprobe,vit_b16,caltech256,10,1,linprobe,98,0.6875
vit_b16_caltech256_f10_s1_linprobe,vit_b16,caltech256,10,1,linprobe,99,1.0
vit_b16_caltech256_f10_s1_linprobe,vit_b16,caltech256,10,1,linprobe,100,0.678571
vit_b16_caltech256_f10_s1_linprobe,vit_b16,caltech256,10,1,linprobe,101,0.611111
vit_b16_caltech256_f10_s1_linprobe,vit_b16,caltech256,10,1,linprobe,102,0.954545
vit_b16_caltech256_f10_s1_linprobe,vit_b16,caltech256,10,1,linprobe,103,0.473684
vit_b16_caltech256_f10_s1_linprobe,vit_b16,caltech256,10,1,linprobe,104,0.833333
vit_b16_caltech256_f10_s1_linprobe,vit_b16,caltech256,10,1,linprobe,105,0.352941
vit_b16_caltech256_f10_s1_linprobe,vit_b16,caltech256,10,1,linprobe,106,1.0
vit_b16_caltech256_f10_s1_linprobe,vit_b16,caltech256,10,1,linprobe,107,0.705882
vit_b16_caltech256_f10_s1_linprobe,vit_b16,caltech256,10,1,linprobe,108,0.903226
vit_b16_caltech256_f10_s1_linprobe,vit_b16,caltech256,10,1,linprobe,109,0.882353
vit_b16_caltech256_f10_s1_linprobe,vit_b16,caltech256,10,1,linprobe,110,0.941176
vit_b16_caltech256_f10_s1_linprobe,vit_b16,caltech256,10,1,linprobe,111,0.647059
vit_b16_caltech256_f10_s1_linprobe,vit_b16,caltech256,10,1,linprobe,112,0.956522
vit_b16_caltech256_f10_s1_linprobe,vit_b16,caltech256,10,1,linprobe,113,0.916667
vit_b16_caltech256_f10_s1_linprobe,vit_b16,caltech256,10,1,linprobe,114,0.722222
vit_b16_caltech256_f10_s1_linprobe,vit_b16,caltech256,10,1,linprobe,115,1.0
vit_b16_caltech256_f10_s1_linprobe,vit_b16,caltech256,10,1,linprobe,116,0.958333
vit_b16_caltech256_f10_s1_linprobe,vit_b16,caltech256,10,1,linprobe,117,0.727273
vit_b16_caltech256_f10_s1_linprobe,vit_b16,caltech256,10,1,linprobe,118,0.529412
vit_b16_caltech256_f10_s1_linprobe,vit_b16,caltech256,10,1,linprobe,119,0.884615
vit_b16_caltech256_f10_s1_linprobe,vit_b16,caltech256,10,1,linprobe,120,1.0
vit_b16_caltech256_f10_s1_linprobe,vit_b16,caltech256,10,1,linprobe,121,0.714286
vit_b16_caltech256_f10_s1_linprobe,vit_b16,caltech256,10,1,linprobe,122,1.0
vit_b16_caltech256_f10_s1_linprobe,vit_b16,caltech256,10,1,linprobe,123,1.0
vit_b16_caltech256_f10_s1_linprobe,vit_b16,caltech256,10,1,linprobe,124,0.15
vit_b16_caltech256_f10_s1_linprobe,vit_b16,caltech256,10,1,linprobe,125,0.458333
vit_b16_caltech256_f10_s1_linprobe,vit_b16,caltech256,10,1,linprobe,126,0.961538
vit_b16_caltech256_f10_s1_linprobe,vit_b16,caltech256,10,1,linprobe,127,0.809524
vit_b16_caltech256_f10_s1_linprobe,vit_b16,caltech256,10,1,linprobe,128,1.0
vit_b16_caltech256_f10_s1_linprobe,vit_b16,caltech256,10,1,linprobe,129,0.722222
vit_b16_caltech256_f10_s1_linprobe,vit_b16,caltech256,10,1,linprobe,130,0.5
vit_b16_caltech256_f10_s1_linprobe,vit_b16,caltech256,10,1,linprobe,131,0.921053
vit_b16_caltech256_f10_s1_linprobe,vit_b16,caltech256,10,1,linprobe,132,0.666667
vit_b16_caltech256_f10_s1_linprobe,vit_b16,caltech256,10,1,linprobe,133,1.0
vit_b16_caltech256_f10_s1_linprobe,vit_b16,caltech256,10,1,linprobe,134,0.315789
vit_b16_caltech256_f10_s1_linprobe,vit_b16,caltech256,10,1,linprobe,135,0.842105
vit_b16_caltech256_f10_s1_linprobe,vit_b16,caltech256,10,1,linprobe,136,0.83871
vit_b16_caltech256_f10_s1_linprobe,vit_b16,caltech256,10,1,linprobe,137,0.763158
vit_b16_caltech256_f10_s1_linprobe,vit_b16,caltech256,10,1,linprobe,138,0.647059
vit_b16_caltech256_f10_s1_linprobe,vit_b16,caltech256,10,1,linprobe,139,0.555556
vit_b16_caltech256_f10_s1_linprobe,vit_b16,caltech256,10,1,linprobe,140,0.608696
vit_b16_caltech256_f10_s1_linprobe,vit_b16,caltech256,10,1,linprobe,141,0.809524
vit_b16_caltech256_f10_s1_linprobe,vit_b16,caltech256,10,1,linprobe,142,0.923077
vit_b16_caltech256_f10_s1_linprobe,vit_b16,caltech256,10,1,linprobe,143,0.5
vit_b16_caltech256_f10_s1_linprobe,vit_b16,caltech256,10,1,linprobe,144,1.0
vit_b16_caltech256_f10_s1_linprobe,vit_b16,caltech256,10,1,linprobe,145,0.5
vit_b16_caltech256_f10_s1_linprobe,vit_b16,caltech256,10,1,linprobe,146,0.825
vit_b16_caltech256_f10_s1_linprobe,vit_b16,caltech256,10,1,linprobe,147,0.6
vit_b16_caltech256_f10_s1_linprobe,vit_b16,caltech256,10,1,linprobe,148,0.857143
vit_b16_caltech256_f10_s1_linprobe,vit_b16,caltech256,10,1,linprobe,149,0.636364
vit_b16_caltech256_f10_s1_linprobe,vit_b16,caltech256,10,1,linprobe,150,0.954545
vit_b16_caltech256_f10_s1_linprobe,vit_b16,caltech256,10,1,linprobe,151,0.833333
vit_b16_caltech256_f10_s1_linprobe,vit_b16,caltech256,10,1,linprobe,152,0.947368
vit_b16_caltech256_f10_s1_linprobe,vit_b16,caltech256,10,1,linprobe,153,0.714286
vit_b16_caltech256_f10_s1_linprobe,vit_b16,caltech256,10,1,linprobe,154,0.222222
vit_b16_caltech256_f10_s1_linprobe,vit_b16,caltech256,10,1,linprobe,155,0.421053
vit_b16_caltech256_f10_s1_linprobe,vit_b16,caltech256,10,1,linprobe,156,0.904762
vit_b16_caltech256_f10_s1_linprobe,vit_b16,caltech256,10,1,linprobe,157,0.8
vit_b16_caltech256_f10_s1_linprobe,vit_b16,caltech256,10,1,linprobe,158,0.452381
vit_b16_caltech256_f10_s1_linprobe,vit_b16,caltech256,10,1,linprobe,159,0.117647
vit_b16_caltech256_f10_s1_linprobe,vit_b16,caltech256,10,1,linprobe,160,0.666667
vit_b16_caltech256_f10_s1_linprobe,vit_b16,caltech256,10,1,linprobe,161,0.388889
vit_b16_caltech256_f10_s1_linprobe,vit_b16,caltech256,10,1,linprobe,162,0.388889
vit_b16_caltech256_f10_s1_linprobe,vit_b16,caltech256,10,1,linprobe,163,1.0
vit_b16_caltech256_f10_s1_linprobe,vit_b16,caltech256,10,1,linprobe,164,0.777778
vit_b16_caltech256_f10_s1_linprobe,vit_b16,caltech256,10,1,linprobe,165,0.833333
vit_b16_caltech256_f10_s1_linprobe,vit_b16,caltech256,10,1,linprobe,166,0.117647
vit_b16_caltech256_f10_s1_linprobe,vit_b16,caltech256,10,1,linprobe,167,0.892857
vit_b16_caltech256_f10_s1_linprobe,vit_b16,caltech256,10,1,linprobe,168,0.944444
vit_b16_caltech256_f10_s1_linprobe,vit_b16,caltech256,10,1,linprobe,169,0.75
vit_b16_caltech256_f10_s1_linprobe,vit_b16,caltech256,10,1,linprobe,170,0.588235
vit_b16_caltech256_f10_s1_linprobe,vit_b16,caltech256,10,1,linprobe,171,1.0
vit_b16_caltech256_f10_s1_linprobe,vit_b16,caltech256,10,1,linprobe,172,0.428571
vit_b16_caltech256_f10_s1_linprobe,vit_b16,caltech256,10,1,linprobe,173,0.882353
vit_b16_caltech256_f10_s1_linprobe,vit_b16,caltech256,10,1,linprobe,174,0.470588
vit_b16_caltech256_f10_s1_linprobe,vit_b16,caltech256,10,1,linprobe,175,0.545455
vit_b16_caltech256_f10_s1_linprobe,vit_b16,caltech256,10,1,linprobe,176,0.736842
vit_b16_caltech256_f10_s1_linprobe,vit_b16,caltech256,10,1,linprobe,177,0.9
vit_b16_caltech256_f10_s1_linprobe,vit_b16,caltech256,10,1,linprobe,178,1.0
vit_b16_caltech256_f10_s1_linprobe,vit_b16,caltech256,10,1,linprobe,179,0.65
vit_b16_caltech256_f10_s1_linprobe,vit_b16,caltech256,10,1,linprobe,180,0.65
vit_b16_caltech256_f10_s1_linprobe,vit_b16,caltech256,10,1,linprobe,181,0.958333
vit_b16_caltech256_f10_s1_linprobe,vit_b16,caltech256,10,1,linprobe,182,0.5
vit_b16_caltech256_f10_s1_linprobe,vit_b16,caltech256,10,1,linprobe,183,0.941176
vit_b16_caltech256_f10_s1_linprobe,vit_b16,caltech256,10,1,linprobe,184,0.285714
vit_b16_caltech256_f10_s1_linprobe,vit_b16,caltech256,10,1,linprobe,185,1.0
vit_b16_caltech256_f10_s1_linprobe,vit_b16,caltech256,10,1,linprobe,186,0.789474
vit_b16_caltech256_f10_s1_linprobe,vit_b16,caltech256,10,1,linprobe,187,0.388889
vit_b16_caltech256_f10_s1_linprobe,vit_b16,caltech256,10,1,linprobe,188,0.791667
vit_b16_caltech256_f10_s1_linprobe,vit_b16,caltech256,10,1,linprobe,189,0.954545
vit_b16_caltech256_f10_s1_linprobe,vit_b16,caltech256,10,1,linprobe,190,0.636364
vit_b16_caltech256_f10_s1_linprobe,vit_b16,caltech256,10,1,linprobe,191,0.863636
vit_b16_caltech256_f10_s1_linprobe,vit_b16,caltech256,10,1,linprobe,192,0.857143
vit_b16_caltech256_f10_s1_linprobe,vit_b16,caltech256,10,1,linprobe,193,0.909091
vit_b16_caltech256_f10_s1_linprobe,vit_b16,caltech256,10,1,linprobe,194,0.352941
vit_b16_caltech256_f10_s1_linprobe,vit_b16,caltech256,10,1,linprobe,195,0.761905
vit_b16_caltech256_f10_s1_linprobe,vit_b16,caltech256,10,1,linprobe,196,0.8
vit_b16_caltech256_f10_s1_linprobe,vit_b16,caltech256,10,1,linprobe,197,0.863636
vit_b16_caltech256_f10_s1_linprobe,vit_b16,caltech256,10,1,linprobe,198,0.571429
vit_b16_caltech256_f10_s1_linprobe,vit_b16,caltech256,10,1,linprobe,199,0.7
vit_b16_caltech256_f10_s1_linprobe,vit_b16,caltech256,10,1,linprobe,200,0.9375
vit_b16_caltech256_f10_s1_linprobe,vit_b16,caltech256,10,1,linprobe,201,0.473684
vit_b16_caltech256_f10_s1_linprobe,vit_b16,caltech256,10,1,linprobe,202,0.444444
vit_b16_caltech256_f10_s1_linprobe,vit_b16,caltech256,10,1,linprobe,203,0.8125
vit_b16_caltech256_f10_s1_linprobe,vit_b16,caltech256,10,1,linprobe,204,0.647059
vit_b16_caltech256_f10_s1_linprobe,vit_b16,caltech256,10,1,linprobe,205,0.4
vit_b16_caltech256_f10_s1_linprobe,vit_b16,caltech256,10,1,linprobe,206,0.826087
vit_b16_caltech256_f10_s1_linprobe,vit_b16,caltech256,10,1,linprobe,207,0.909091
vit_b16_caltech256_f10_s1_linprobe,vit_b16,caltech256,10,1,linprobe,208,0.55
vit_b16_caltech256_f10_s1_linprobe,vit_b16,caltech256,10,1,linprobe,209,0.772727
vit_b16_caltech256_f10_s1_linprobe,vit_b16,caltech256,10,1,linprobe,210,0.631579
vit_b16_caltech256_f10_s1_linprobe,vit_b16,caltech256,10,1,linprobe,211,0.925926
vit_b16_caltech256_f10_s1_linprobe,vit_b16,caltech256,10,1,linprobe,212,1.0
vit_b16_caltech256_f10_s1_linprobe,vit_b16,caltech256,10,1,linprobe,213,0.785714
vit_b16_caltech256_f10_s1_linprobe,vit_b16,caltech256,10,1,linprobe,214,0.764706
vit_b16_caltech256_f10_s1_linprobe,vit_b16,caltech256,10,1,linprobe,215,0.95
vit_b16_caltech256_f10_s1_linprobe,vit_b16,caltech256,10,1,linprobe,216,0.761905
vit_b16_caltech256_f10_s1_linprobe,vit_b16,caltech256,10,1,linprobe,217,0.875
vit_b16_caltech256_f10_s1_linprobe,vit_b16,caltech256,10,1,linprobe,218,0.352941
vit_b16_caltech256_f10_s1_linprobe,vit_b16,caltech256,10,1,linprobe,219,0.894737
vit_b16_caltech256_f10_s1_linprobe,vit_b16,caltech256,10,1,linprobe,220,0.809524
vit_b16_caltech256_f10_s1_linprobe,vit_b16,caltech256,10,1,linprobe,221,0.666667
vit_b16_caltech256_f10_s1_linprobe,vit_b16,caltech256,10,1,linprobe,222,0.5
vit_b16_caltech256_f10_s1_linprobe,vit_b16,caltech256,10,1,linprobe,223,0.727273
vit_b16_caltech256_f10_s1_linprobe,vit_b16,caltech256,10,1,linprobe,224,1.0
vit_b16_caltech256_f10_s1_linprobe,vit_b16,caltech256,10,1,linprobe,225,0.7
vit_b16_caltech256_f10_s1_linprobe,vit_b16,caltech256,10,1,linprobe,226,0.862069
vit_b16_caltech256_f10_s1_linprobe,vit_b16,caltech256,10,1,linprobe,227,1.0
vit_b16_caltech256_f10_s1_linprobe,vit_b16,caltech256,10,1,linprobe,228,0.842105
vit_b16_caltech256_f10_s1_linprobe,vit_b16,caltech256,10,1,linprobe,229,1.0
vit_b16_caltech256_f10_s1_linprobe,vit_b16,caltech256,10,1,linprobe,230,0.681818
vit_b16_caltech256_f10_s1_linprobe,vit_b16,caltech256,10,1,linprobe,231,0.916667
vit_b16_caltech256_f10_s1_linprobe,vit_b16,caltech256,10,1,linprobe,232,0.35
vit_b16_caltech256_f10_s1_linprobe,vit_b16,caltech256,10,1,linprobe,233,0.708333
vit_b16_caltech256_f10_s1_linprobe,vit_b16,caltech256,10,1,linprobe,234,0.782609
vit_b16_caltech256_f10_s1_linprobe,vit_b16,caltech256,10,1,linprobe,235,0.578947
vit_b16_caltech256_f10_s1_linprobe,vit_b16,caltech256,10,1,linprobe,236,0.833333
vit_b16_caltech256_f10_s1_linprobe,vit_b16,caltech256,10,1,linprobe,237,0.947368
vit_b16_caltech256_f10_s1_linprobe,vit_b16,caltech256,10,1,linprobe,238,0.823529
vit_b16_caltech256_f10_s1_linprobe,vit_b16,caltech256,10,1,linprobe,239,0.95
vit_b16_caltech256_f10_s1_linprobe,vit_b16,caltech256,10,1,linprobe,240,0.736842
vit_b16_caltech256_f10_s1_linprobe,vit_b16,caltech256,10,1,linprobe,241,0.736842
vit_b16_caltech256_f10_s1_linprobe,vit_b16,caltech256,10,1,linprobe,242,0.722222
vit_b16_caltech256_f10_s1_linprobe,vit_b16,caltech256,10,1,linprobe,243,0.722222
vit_b16_caltech256_f10_s1_linprobe,vit_b16,caltech256,10,1,linprobe,244,0.444444
vit_b16_caltech256_f10_s1_linprobe,vit_b16,caltech256,10,1,linprobe,245,0.9
vit_b16_caltech256_f10_s1_linprobe,vit_b16,caltech256,10,1,linprobe,246,0.5
vit_b16_caltech256_f10_s1_linprobe,vit_b16,caltech256,10,1,linprobe,247,0.470588
vit_b16_caltech256_f10_s1_linprobe,vit_b16,caltech256,10,1,linprobe,248,0.35
vit_b16_caltech256_f10_s1_linprobe,vit_b16,caltech256,10,1,linprobe,249,1.0
vit_b16_caltech256_f10_s1_linprobe,vit_b16,caltech256,10,1,linprobe,250,0.95
vit_b16_caltech256_f10_s1_linprobe,vit_b16,caltech256,10,1,linprobe,251,1.0
vit_b16_caltech256_f10_s1_linprobe,vit_b16,caltech256,10,1,linprobe,252,0.988506
vit_b16_caltech256_f10_s1_linprobe,vit_b16,caltech256,10,1,linprobe,253,0.894737
vit_b16_caltech256_f10_s1_linprobe,vit_b16,caltech256,10,1,linprobe,254,0.619048
vit_b16_caltech256_f10_s1_linprobe,vit_b16,caltech256,10,1,linprobe,255,0.954545
vit_b16_caltech256_f10_s2_fullft,vit_b16,caltech256,10,2,fullft,0,1.0
vit_b16_caltech256_f10_s2_fullft,vit_b16,caltech256,10,2,fullft,1,0.947368
vit_b16_caltech256_f10_s2_fullft,vit_b16,caltech256,10,2,fullft,2,0.933333
vit_b16_caltech256_f10_s2_fullft,vit_b16,caltech256,10,2,fullft,3,0.44
vit_b16_caltech256_f10_s2_fullft,vit_b16,caltech256,10,2,fullft,4,0.933333
vit_b16_caltech256_f10_s2_fullft,vit_b16,caltech256,10,2,fullft,5,0.833333
vit_b16_caltech256_f10_s2_fullft,vit_b16,caltech256,10,2,fullft,6,0.238095
vit_b16_caltech256_f10_s2_fullft,vit_b16,caltech256,10,2,fullft,7,0.869565
vit_b16_caltech256_f10_s2_fullft,vit_b16,caltech256,10,2,fullft,8,0.9
vit_b16_caltech256_f10_s2_fullft,vit_b16,caltech256,10,2,fullft,9,0.684211
vit_b16_caltech256_f10_s2_fullft,vit_b16,caltech256,10,2,fullft,10,0.964286
vit_b16_caltech256_f10_s2_fullft,vit_b16,caltech256,10,2,fullft,11,0.976744
vit_b16_caltech256_f10_s2_fullft,vit_b16,caltech256,10,2,fullft,12,0.7
vit_b16_caltech256_f10_s2_fullft,vit_b16,caltech256,10,2,fullft,13,0.882353
vit_b16_caltech256_f10_s2_fullft,vit_b16,caltech256,10,2,fullft,14,0.916667
vit_b16_caltech256_f10_s2_fullft,vit_b16,caltech256,10,2,fullft,15,0.833333
vit_b16_caltech256_f10_s2_fullft,vit_b16,caltech256,10,2,fullft,16,0.52381
vit_b16_caltech256_f10_s2_fullft,vit_b16,caltech256,10,2,fullft,17,0.6
vit_b16_caltech256_f10_s2_fullft,vit_b16,caltech256,10,2,fullft,18,0.68
vit_b16_caltech256_f10_s2_fullft,vit_b16,caltech256,10,2,fullft,19,0.588235
vit_b16_caltech256_f10_s2_fullft,vit_b16,caltech256,10,2,fullft,20,0.821429
vit_b16_caltech256_f10_s2_fullft,vit_b16,caltech256,10,2,fullft,21,0.947368
vit_b16_caltech256_f10_s2_fullft,vit_b16,caltech256,10,2,fullft,22,0.954545
vit_b16_caltech256_f10_s2_fullft,vit_b16,caltech256,10,2,fullft,23,0.954545
vit_b16_caltech256_f10_s2_fullft,vit_b16,caltech256,10,2,fullft,24,0.434783
vit_b16_caltech256_f10_s2_fullft,vit_b16,caltech256,10,2,fullft,25,0.333333
vit_b16_caltech256_f10_s2_fullft,vit_b16,caltech256,10,2,fullft,26,0.75
vit_b16_caltech256_f10_s2_fullft,vit_b16,caltech256,10,2,fullft,27,0.863636
vit_b16_caltech256_f10_s2_fullft,vit_b16,caltech256,10,2,fullft,28,0.857143
vit_b16_caltech256_f10_s2_fullft,vit_b16,caltech256,10,2,fullft,29,0.761905
vit_b16_caltech256_f10_s2_fullft,vit_b16,caltech256,10,2,fullft,30,0.722222
vit_b16_caltech256_f10_s2_fullft,vit_b16,caltech256,10,2,fullft,31,0.8
vit_b16_caltech256_f10_s2_fullft,vit_b16,caltech256,10,2,fullft,32,0.7
vit_b16_caltech256_f10_s2_fullft,vit_b16,caltech256,10,2,fullft,33,0.9
vit_b16_caltech256_f10_s2_fullft,vit_b16,caltech256,10,2,fullft,34,0.882353
vit_b16_caltech256_f10_s2_fullft,vit_b16,caltech256,10,2,fullft,35,0.761905
vit_b16_caltech256_f10_s2_fullft,vit_b16,caltech256,10,2,fullft,36,1.0
vit_b16_caltech256_f10_s2_fullft,vit_b16,caltech256,10,2,fullft,37,0.818182
vit_b16_caltech256_f10_s2_fullft,vit_b16,caltech256,10,2,fullft,38,0.058824
vit_b16_caltech256_f10_s2_fullft,vit_b16,caltech256,10,2,fullft,39,0.96
vit_b16_caltech256_f10_s2_fullft,vit_b16,caltech256,10,2,fullft,40,0.882353
vit_b16_caltech256_f10_s2_fullft,vit_b16,caltech256,10,2,fullft,41,0.235294
vit_b16_caltech256_f10_s2_fullft,vit_b16,caltech256,10,2,fullft,42,0.6
vit_b16_caltech256_f10_s2_fullft,vit_b16,caltech256,10,2,fullft,43,0.75
vit_b16_caltech256_f10_s2_fullft,vit_b16,caltech256,10,2,fullft,44,0.882353
vit_b16_caltech256_f10_s2_fullft,vit_b16,caltech256,10,2,fullft,45,0.962963
vit_b16_caltech256_f10_s2_fullft,vit_b16,caltech256,10,2,fullft,46,0.789474
vit_b16_caltech256_f10_s2_fullft,vit_b16,caltech256,10,2,fullft,47,0.809524
vit_b16_caltech256_f10_s2_fullft,vit_b16,caltech256,10,2,fullft,48,0.809524
vit_b16_caltech256_f10_s2_fullft,vit_b16,caltech256,10,2,fullft,49,0.578947
vit_b16_caltech256_f10_s2_fullft,vit_b16,caltech256,10,2,fullft,50,0.913043
vit_b16_caltech256_f10_s2_fullft,vit_b16,caltech256,10,2,fullft,51,0.882353
vit_b16_caltech256_f10_s2_fullft,vit_b16,caltech256,10,2,fullft,52,0.8125
vit_b16_caltech256_f10_s2_fullft,vit_b16,caltech256,10,2,fullft,53,0.958333
vit_b16_caltech256_f10_s2_fullft,vit_b16,caltech256,10,2,fullft,54,0.6
vit_b16_caltech256_f10_s2_fullft,vit_b16,caltech256,10,2,fullft,55,0.65
vit_b16_caltech256_f10_s2_fullft,vit_b16,caltech256,10,2,fullft,56,0.571429
vit_b16_caltech256_f10_s2_fullft,vit_b16,caltech256,10,2,fullft,57,0.473684
vit_b16_caltech256_f10_s2_fullft,vit_b16,caltech256,10,2,fullft,58,0.058824
vit_b16_caltech256_f10_s2_fullft,vit_b16,caltech256,10,2,fullft,59,0.647059
vit_b16_caltech256_f10_s2_fullft,vit_b16,caltech256,10,2,fullft,60,0.85
vit_b16_caltech256_f10_s2_fullft,vit_b16,caltech256,10,2,fullft,61,0.882353
vit_b16_caltech256_f10_s2_fullft,vit_b16,caltech256,10,2,fullft,62,0.875
vit_b16_caltech256_f10_s2_fullft,vit_b16,caltech256,10,2,fullft,63,0.961538
vit_b16_caltech256_f10_s2_fullft,vit_b16,caltech256,10,2,fullft,64,0.85
vit_b16_caltech256_f10_s2_fullft,vit_b16,caltech256,10,2,fullft,65,0.882353
vit_b16_caltech256_f10_s2_fullft,vit_b16,caltech256,10,2,fullft,66,0.823529
vit_b16_caltech256_f10_s2_fullft,vit_b16,caltech256,10,2,fullft,67,0.863636
vit_b16_caltech256_f10_s2_fullft,vit_b16,caltech256,10,2,fullft,68,0.4
vit_b16_caltech256_f10_s2_fullft,vit_b16,caltech256,10,2,fullft,69,0.352941
vit_b16_caltech256_f10_s2_fullft,vit_b16,caltech256,10,2,fullft,70,0.65
vit_b16_caltech256_f10_s2_fullft,vit_b16,caltech256,10,2,fullft,71,1.0
vit_b16_caltech256_f10_s2_fullft,vit_b16,caltech256,10,2,fullft,72,0.85
vit_b16_caltech256_f10_s2_fullft,vit_b16,caltech256,10,2,fullft,73,0.391304
vit_b16_caltech256_f10_s2_fullft,vit_b16,caltech256,10,2,fullft,74,0.529412
vit_b16_caltech256_f10_s2_fullft,vit_b16,caltech256,10,2,fullft,75,0.823529
vit_b16_caltech256_f10_s2_fullft,vit_b16,caltech256,10,2,fullft,76,1.0
vit_b16_caltech256_f10_s2_fullft,vit_b16,caltech256,10,2,fullft,77,0.833333
vit_b16_caltech256_f10_s2_fullft,vit_b16,caltech256,10,2,fullft,78,0.65
vit_b16_caltech256_f10_s2_fullft,vit_b16,caltech256,10,2,fullft,79,0.304348
vit_b16_caltech256_f10_s2_fullft,vit_b16,caltech256,10,2,fullft,80,0.842105
vit_b16_caltech256_f10_s2_fullft,vit_b16,caltech256,10,2,fullft,81,0.8125
vit_b16_caltech256_f10_s2_fullft,vit_b16,caltech256,10,2,fullft,82,0.842105
vit_b16_caltech256_f10_s2_fullft,vit_b16,caltech256,10,2,fullft,83,0.764706
vit_b16_caltech256_f10_s2_fullft,vit_b16,caltech256,10,2,fullft,84,0.681818
vit_b16_caltech256_f10_s2_fullft,vit_b16,caltech256,10,2,fullft,85,0.875
vit_b16_caltech256_f10_s2_fullft,vit_b16,caltech256,10,2,fullft,86,0.894737
vit_b16_caltech256_f10_s2_fullft,vit_b16,caltech256,10,2,fullft,87,1.0
vit_b16_caltech256_f10_s2_fullft,vit_b16,caltech256,10,2,fullft,88,0.772727
vit_b16_caltech256_f10_s2_fullft,vit_b16,caltech256,10,2,fullft,89,0.952381
vit_b16_caltech256_f10_s2_fullft,vit_b16,caltech256,10,2,fullft,90,0.947368
vit_b16_caltech256_f10_s2_fullft,vit_b16,caltech256,10,2,fullft,91,0.825
vit_b16_caltech256_f10_s2_fullft,vit_b16,caltech256,10,2,fullft,92,1.0
vit_b16_caltech256_f10_s2_fullft,vit_b16,caltech256,10,2,fullft,93,0.952381
vit_b16_caltech256_f10_s2_fullft,vit_b16,caltech256,10,2,fullft,94,0.823529
vit_b16_caltech256_f10_s2_fullft,vit_b16,caltech256,10,2,fullft,95,0.894737
vit_b16_caltech256_f10_s2_fullft,vit_b16,caltech256,10,2,fullft,96,0.833333
vit_b16_caltech256_f10_s2_fullft,vit_b16,caltech256,10,2,fullft,97,0.95
vit_b16_caltech256_f10_s2_fullft,vit_b16,caltech256,10,2,fullft,98,0.8125
vit_b16_caltech256_f10_s2_fullft,vit_b16,caltech256,10,2,fullft,99,1.0
vit_b16_caltech256_f10_s2_fullft,vit_b16,caltech256,10,2,fullft,100,0.821429
vit_b16_caltech256_f10_s2_fullft,vit_b16,caltech256,10,2,fullft,101,0.5
vit_b16_caltech256_f10_s2_fullft,vit_b16,caltech256,10,2,fullft,102,1.0
vit_b16_caltech256_f10_s2_fullft,vit_b16,caltech256,10,2,fullft,103,0.894737
vit_b16_caltech256_f10_s2_fullft,vit_b16,caltech256,10,2,fullft,104,0.87037
vit_b16_caltech256_f10_s2_fullft,vit_b16,caltech256,10,2,fullft,105,0.588235
vit_b16_caltech256_f10_s2_fullft,vit_b16,caltech256,10,2,fullft,106,1.0
vit_b16_caltech256_f10_s2_fullft,vit_b16,caltech256,10,2,fullft,107,0.647059
vit_b16_caltech256_f10_s2_fullft,vit_b16,caltech256,10,2,fullft,108,0.870968
vit_b16_caltech256_f10_s2_fullft,vit_b16,caltech256,10,2,fullft,109,0.941176
vit_b16_caltech256_f10_s2_fullft,vit_b16,caltech256,10,2,fullft,110,0.941176
vit_b16_caltech256_f10_s2_fullft,vit_b16,caltech256,10,2,fullft,111,0.588235
vit_b16_caltech256_f10_s2_fullft,vit_b16,caltech256,10,2,fullft,112,0.956522
vit_b16_caltech256_f10_s2_fullft,vit_b16,caltech256,10,2,fullft,113,1.0
vit_b16_caltech256_f10_s2_fullft,vit_b16,caltech256,10,2,fullft,114,0.777778
vit_b16_caltech256_f10_s2_fullft,vit_b16,caltech256,10,2,fullft,115,0.952381
vit_b16_caltech256_f10_s2_fullft,vit_b16,caltech256,10,2,fullft,116,0.875
vit_b16_caltech256_f10_s2_fullft,vit_b16,caltech256,10,2,fullft,117,0.772727
vit_b16_caltech256_f10_s2_fullft,vit_b16,caltech256,10,2,fullft,118,0.352941
vit_b16_caltech256_f10_s2_fullft,vit_b16,caltech256,10,2,fullft,119,0.692308
vit_b16_caltech256_f10_s2_fullft,vit_b16,caltech256,10,2,fullft,120,1.0
vit_b16_caltech256_f10_s2_fullft,vit_b16,caltech256,10,2,fullft,121,0.428571
vit_b16_caltech256_f10_s2_fullft,vit_b16,caltech256,10,2,fullft,122,1.0
vit_b16_caltech256_f10_s2_fullft,vit_b16,caltech256,10,2,fullft,123,1.0
vit_b16_caltech256_f10_s2_fullft,vit_b16,caltech256,10,2,fullft,124,0.35
vit_b16_caltech256_f10_s2_fullft,vit_b16,caltech256,10,2,fullft,125,0.625
vit_b16_caltech256_f10_s2_fullft,vit_b16,caltech256,10,2,fullft,126,0.923077
vit_b16_caltech256_f10_s2_fullft,vit_b16,caltech256,10,2,fullft,127,0.761905
vit_b16_caltech256_f10_s2_fullft,vit_b16,caltech256,10,2,fullft,128,1.0
vit_b16_caltech256_f10_s2_fullft,vit_b16,caltech256,10,2,fullft,129,0.833333
vit_b16_caltech256_f10_s2_fullft,vit_b16,caltech256,10,2,fullft,130,0.444444
vit_b16_caltech256_f10_s2_fullft,vit_b16,caltech256,10,2,fullft,131,0.921053
vit_b16_caltech256_f10_s2_fullft,vit_b16,caltech256,10,2,fullft,132,0.888889
vit_b16_caltech256_f10_s2_fullft,vit_b16,caltech256,10,2,fullft,133,1.0
vit_b16_caltech256_f10_s2_fullft,vit_b16,caltech256,10,2,fullft,134,0.210526
vit_b16_caltech256_f10_s2_fullft,vit_b16,caltech256,10,2,fullft,135,0.789474
vit_b16_caltech256_f10_s2_fullft,vit_b16,caltech256,10,2,fullft,136,0.870968
vit_b16_caltech256_f10_s2_fullft,vit_b16,caltech256,10,2,fullft,137,0.815789
vit_b16_caltech256_f10_s2_fullft,vit_b16,caltech256,10,2,fullft,138,0.411765
vit_b16_caltech256_f10_s2_fullft,vit_b16,caltech256,10,2,fullft,139,0.666667
vit_b16_caltech256_f10_s2_fullft,vit_b16,caltech256,10,2,fullft,140,0.826087
vit_b16_caltech256_f10_s2_fullft,vit_b16,caltech256,10,2,fullft,141,0.857143
vit_b16_caltech256_f10_s2_fullft,vit_b16,caltech256,10,2,fullft,142,0.923077
vit_b16_caltech256_f10_s2_fullft,vit_b16,caltech256,10,2,fullft,143,0.25
vit_b16_caltech256_f10_s2_fullft,vit_b16,caltech256,10,2,fullft,144,1.0
vit_b16_caltech256_f10_s2_fullft,vit_b16,caltech256,10,2,fullft,145,0.4375
vit_b16_caltech256_f10_s2_fullft,vit_b16,caltech256,10,2,fullft,146,0.825
vit_b16_caltech256_f10_s2_fullft,vit_b16,caltech256,10,2,fullft,147,0.714286
vit_b16_caltech256_f10_s2_fullft,vit_b16,caltech256,10,2,fullft,148,0.809524
vit_b16_caltech256_f10_s2_fullft,vit_b16,caltech256,10,2,fullft,149,0.636364
vit_b16_caltech256_f10_s2_fullft,vit_b16,caltech256,10,2,fullft,150,0.909091
vit_b16_caltech256_f10_s2_fullft,vit_b16,caltech256,10,2,fullft,151,0.958333
vit_b16_caltech256_f10_s2_fullft,vit_b16,caltech256,10,2,fullft,152,0.842105
vit_b16_caltech256_f10_s2_fullft,vit_b16,caltech256,10,2,fullft,153,0.857143
vit_b16_caltech256_f10_s2_fullft,vit_b16,caltech256,10,2,fullft,154,0.388889
vit_b16_caltech256_f10_s2_fullft,vit_b16,caltech256,10,2,fullft,155,0.631579
vit_b16_caltech256_f10_s2_fullft,vit_b16,caltech256,10,2,fullft,156,0.904762
vit_b16_caltech256_f10_s2_fullft,vit_b16,caltech256,10,2,fullft,157,0.933333
vit_b16_caltech256_f10_s2_fullft,vit_b16,caltech256,10,2,fullft,158,0.642857
vit_b16_caltech256_f10_s2_fullft,vit_b16,caltech256,10,2,fullft,159,0.352941
vit_b16_caltech256_f10_s2_fullft,vit_b16,caltech256,10,2,fullft,160,1.0
vit_b16_caltech256_f10_s2_fullft,vit_b16,caltech256,10,2,fullft,161,0.555556
vit_b16_caltech256_f10_s2_fullft,vit_b16,caltech256,10,2,fullft,162,0.388889
vit_b16_caltech256_f10_s2_fullft,vit_b16,caltech256,10,2,fullft,163,1.0
vit_b16_caltech256_f10_s2_fullft,vit_b16,caltech256,10,2,fullft,164,0.611111
vit_b16_caltech256_f10_s2_fullft,vit_b16,caltech256,10,2,fullft,165,0.888889
vit_b16_caltech256_f10_s2_fullft,vit_b16,caltech256,10,2,fullft,166,0.470588
vit_b16_caltech256_f10_s2_fullft,vit_b16,caltech256,10,2,fullft,167,0.964286
vit_b16_caltech256_f10_s2_fullft,vit_b16,caltech256,10,2,fullft,168,0.888889
vit_b16_caltech256_f10_s2_fullft,vit_b16,caltech256,10,2,fullft,169,0.8
vit_b16_caltech256_f10_s2_fullft,vit_b16,caltech256,10,2,fullft,170,0.470588
vit_b16_caltech256_f10_s2_fullft,vit_b16,caltech256,10,2,fullft,171,0.95
vit_b16_caltech256_f10_s2_fullft,vit_b16,caltech256,10,2,fullft,172,0.238095
vit_b16_caltech256_f10_s2_fullft,vit_b16,caltech256,10,2,fullft,173,0.882353
vit_b16_caltech256_f10_s2_fullft,vit_b16,caltech256,10,2,fullft,174,0.764706
vit_b16_caltech256_f10_s2_fullft,vit_b16,caltech256,10,2,fullft,175,0.545455
vit_b16_caltech256_f10_s2_fullft,vit_b16,caltech256,10,2,fullft,176,0.842105
vit_b16_caltech256_f10_s2_fullft,vit_b16,caltech256,10,2,fullft,177,0.9
vit_b16_caltech256_f10_s2_fullft,vit_b16,caltech256,10,2,fullft,178,1.0
vit_b16_caltech256_f10_s2_fullft,vit_b16,caltech256,10,2,fullft,179,0.5
vit_b16_caltech256_f10_s2_fullft,vit_b16,caltech256,10,2,fullft,180,0.5
vit_b16_caltech256_f10_s2_fullft,vit_b16,caltech256,10,2,fullft,181,0.958333
vit_b16_caltech256_f10_s2_fullft,vit_b16,caltech256,10,2,fullft,182,0.8
vit_b16_caltech256_f10_s2_fullft,vit_b16,caltech256,10,2,fullft,183,0.941176
vit_b16_caltech256_f10_s2_fullft,vit_b16,caltech256,10,2,fullft,184,0.238095
vit_b16_caltech256_f10_s2_fullft,vit_b16,caltech256,10,2,fullft,185,1.0
vit_b16_caltech256_f10_s2_fullft,vit_b16,caltech256,10,2,fullft,186,0.894737
vit_b16_caltech256_f10_s2_fullft,vit_b16,caltech256,10,2,fullft,187,0.444444
vit_b16_caltech256_f10_s2_fullft,vit_b16,caltech256,10,2,fullft,188,0.916667
vit_b16_caltech256_f10_s2_fullft,vit_b16,caltech256,10,2,fullft,189,0.863636
vit_b16_caltech256_f10_s2_fullft,vit_b16,caltech256,10,2,fullft,190,0.636364
vit_b16_caltech256_f10_s2_fullft,vit_b16,caltech256,10,2,fullft,191,0.954545
vit_b16_caltech256_f10_s2_fullft,vit_b16,caltech256,10,2,fullft,192,0.857143
vit_b16_caltech256_f10_s2_fullft,vit_b16,caltech256,10,2,fullft,193,0.863636
vit_b16_caltech256_f10_s2_fullft,vit_b16,caltech256,10,2,fullft,194,0.235294
vit_b16_caltech256_f10_s2_fullft,vit_b16,caltech256,10,2,fullft,195,0.857143
vit_b16_caltech256_f10_s2_fullft,vit_b16,caltech256,10,2,fullft,196,0.85
vit_b16_caltech256_f10_s2_fullft,vit_b16,caltech256,10,2,fullft,197,0.863636
vit_b16_caltech256_f10_s2_fullft,vit_b16,caltech256,10,2,fullft,198,0.52381
vit_b16_caltech256_f10_s2_fullft,vit_b16,caltech256,10,2,fullft,199,0.6
vit_b16_caltech256_f10_s2_fullft,vit_b16,caltech256,10,2,fullft,200,1.0
vit_b16_caltech256_f10_s2_fullft,vit_b16,caltech256,10,2,fullft,201,0.684211
vit_b16_caltech256_f10_s2_fullft,vit_b16,caltech256,10,2,fullft,202,0.277778
vit_b16_caltech256_f10_s2_fullft,vit_b16,caltech256,10,2,fullft,203,1.0
vit_b16_caltech256_f10_s2_fullft,vit_b16,caltech256,10,2,fullft,204,0.647059
vit_b16_caltech256_f10_s2_fullft,vit_b16,caltech256,10,2,fullft,205,0.6
vit_b16_caltech256_f10_s2_fullft,vit_b16,caltech256,10,2,fullft,206,0.695652
vit_b16_caltech256_f10_s2_fullft,vit_b16,caltech256,10,2,fullft,207,0.909091
vit_b16_caltech256_f10_s2_fullft,vit_b16,caltech256,10,2,fullft,208,0.6
vit_b16_caltech256_f10_s2_fullft,vit_b16,caltech256,10,2,fullft,209,0.772727
vit_b16_caltech256_f10_s2_fullft,vit_b16,caltech256,10,2,fullft,210,0.631579
vit_b16_caltech256_f10_s2_fullft,vit_b16,caltech256,10,2,fullft,211,0.777778
vit_b16_caltech256_f10_s2_fullft,vit_b16,caltech256,10,2,fullft,212,0.95
vit_b16_caltech256_f10_s2_fullft,vit_b16,caltech256,10,2,fullft,213,0.857143
vit_b16_caltech256_f10_s2_fullft,vit_b16,caltech256,10,2,fullft,214,0.823529
vit_b16_caltech256_f10_s2_fullft,vit_b16,caltech256,10,2,fullft,215,0.9
vit_b16_caltech256_f10_s2_fullft,vit_b16,caltech256,10,2,fullft,216,0.857143
vit_b16_caltech256_f10_s2_fullft,vit_b16,caltech256,10,2,fullft,217,0.9375
vit_b16_caltech256_f10_s2_fullft,vit_b16,caltech256,10,2,fullft,218,0.411765
vit_b16_caltech256_f10_s2_fullft,vit_b16,caltech256,10,2,fullft,219,0.894737
vit_b16_caltech256_f10_s2_fullft,vit_b16,caltech256,10,2,fullft,220,0.761905
vit_b16_caltech256_f10_s2_fullft,vit_b16,caltech256,10,2,fullft,221,0.777778
vit_b16_caltech256_f10_s2_fullft,vit_b16,caltech256,10,2,fullft,222,0.5625
vit_b16_caltech256_f10_s2_fullft,vit_b16,caltech256,10,2,fullft,223,0.636364
vit_b16_caltech256_f10_s2_fullft,vit_b16,caltech256,10,2,fullft,224,0.944444
vit_b16_caltech256_f10_s2_fullft,vit_b16,caltech256,10,2,fullft,225,0.75
vit_b16_caltech256_f10_s2_fullft,vit_b16,caltech256,10,2,fullft,226,0.862069
vit_b16_caltech256_f10_s2_fullft,vit_b16,caltech256,10,2,fullft,227,1.0
vit_b16_caltech256_f10_s2_fullft,vit_b16,caltech256,10,2,fullft,228,0.578947
vit_b16_caltech256_f10_s2_fullft,vit_b16,caltech256,10,2,fullft,229,1.0
vit_b16_caltech256_f10_s2_fullft,vit_b16,caltech256,10,2,fullft,230,0.818182
vit_b16_caltech256_f10_s2_fullft,vit_b16,caltech256,10,2,fullft,231,0.888889
vit_b16_caltech256_f10_s2_fullft,vit_b16,caltech256,10,2,fullft,232,0.35
vit_b16_caltech256_f10_s2_fullft,vit_b16,caltech256,10,2,fullft,233,0.833333
vit_b16_caltech256_f10_s2_fullft,vit_b16,caltech256,10,2,fullft,234,0.869565
vit_b16_caltech256_f10_s2_fullft,vit_b16,caltech256,10,2,fullft,235,0.631579
vit_b16_caltech256_f10_s2_fullft,vit_b16,caltech256,10,2,fullft,236,0.777778
vit_b16_caltech256_f10_s2_fullft,vit_b16,caltech256,10,2,fullft,237,0.947368
vit_b16_caltech256_f10_s2_fullft,vit_b16,caltech256,10,2,fullft,238,0.647059
vit_b16_caltech256_f10_s2_fullft,vit_b16,caltech256,10,2,fullft,239,1.0
vit_b16_caltech256_f10_s2_fullft,vit_b16,caltech256,10,2,fullft,240,0.789474
vit_b16_caltech256_f10_s2_fullft,vit_b16,caltech256,10,2,fullft,241,0.473684
vit_b16_caltech256_f10_s2_fullft,vit_b16,caltech256,10,2,fullft,242,0.555556
vit_b16_caltech256_f10_s2_fullft,vit_b16,caltech256,10,2,fullft,243,0.611111
vit_b16_caltech256_f10_s2_fullft,vit_b16,caltech256,10,2,fullft,244,0.444444
vit_b16_caltech256_f10_s2_fullft,vit_b16,caltech256,10,2,fullft,245,0.9
vit_b16_caltech256_f10_s2_fullft,vit_b16,caltech256,10,2,fullft,246,0.5
vit_b16_caltech256_f10_s2_fullft,vit_b16,caltech256,10,2,fullft,247,0.588235
vit_b16_caltech256_f10_s2_fullft,vit_b16,caltech256,10,2,fullft,248,0.4
vit_b16_caltech256_f10_s2_fullft,vit_b16,caltech256,10,2,fullft,249,1.0
vit_b16_caltech256_f10_s2_fullft,vit_b16,caltech256,10,2,fullft,250,1.0
vit_b16_caltech256_f10_s2_fullft,vit_b16,caltech256,10,2,fullft,251,1.0
vit_b16_caltech256_f10_s2_fullft,vit_b16,caltech256,10,2,fullft,252,0.988506
vit_b16_caltech256_f10_s2_fullft,vit_b16,caltech256,10,2,fullft,253,0.842105
vit_b16_caltech256_f10_s2_fullft,vit_b16,caltech256,10,2,fullft,254,0.47619
vit_b16_caltech256_f10_s2_fullft,vit_b16,caltech256,10,2,fullft,255,0.863636
vit_b16_caltech256_f10_s2_linprobe,vit_b16,caltech256,10,2,linprobe,0,0.95
vit_b16_caltech256_f10_s2_linprobe,vit_b16,caltech256,10,2,linprobe,1,0.947368
vit_b16_caltech256_f10_s2_linprobe,vit_b16,caltech256,10,2,linprobe,2,0.9
vit_b16_caltech256_f10_s2_linprobe,vit_b16,caltech256,10,2,linprobe,3,0.6
vit_b16_caltech256_f10_s2_linprobe,vit_b16,caltech256,10,2,linprobe,4,0.866667
vit_b16_caltech256_f10_s2_linprobe,vit_b16,caltech256,10,2,linprobe,5,0.722222
vit_b16_caltech256_f10_s2_linprobe,vit_b16,caltech256,10,2,linprobe,6,0.428571
vit_b16_caltech256_f10_s2_linprobe,vit_b16,caltech256,10,2,linprobe,7,0.869565
vit_b16_caltech256_f10_s2_linprobe,vit_b16,caltech256,10,2,linprobe,8,0.9
vit_b16_caltech256_f10_s2_linprobe,vit_b16,caltech256,10,2,linprobe,9,0.684211
vit_b16_caltech256_f10_s2_linprobe,vit_b16,caltech256,10,2,linprobe,10,0.982143
vit_b16_caltech256_f10_s2_linprobe,vit_b16,caltech256,10,2,linprobe,11,1.0
vit_b16_caltech256_f10_s2_linprobe,vit_b16,caltech256,10,2,linprobe,12,0.55
vit_b16_caltech256_f10_s2_linprobe,vit_b16,caltech256,10,2,linprobe,13,0.764706
vit_b16_caltech256_f10_s2_linprobe,vit_b16,caltech256,10,2,linprobe,14,0.875
vit_b16_caltech256_f10_s2_linprobe,vit_b16,caltech256,10,2,linprobe,15,0.944444
vit_b16_caltech256_f10_s2_linprobe,vit_b16,caltech256,10,2,linprobe,16,0.238095
vit_b16_caltech256_f10_s2_linprobe,vit_b16,caltech256,10,2,linprobe,17,0.4
vit_b16_caltech256_f10_s2_linprobe,vit_b16,caltech256,10,2,linprobe,18,0.64
vit_b16_caltech256_f10_s2_linprobe,vit_b16,caltech256,10,2,linprobe,19,0.705882
vit_b16_caltech256_f10_s2_linprobe,vit_b16,caltech256,10,2,linprobe,20,0.857143
vit_b16_caltech256_f10_s2_linprobe,vit_b16,caltech256,10,2,linprobe,21,0.842105
vit_b16_caltech256_f10_s2_linprobe,vit_b16,caltech256,10,2,linprobe,22,1.0
vit_b16_caltech256_f10_s2_linprobe,vit_b16,caltech256,10,2,linprobe,23,0.863636
vit_b16_caltech256_f10_s2_linprobe,vit_b16,caltech256,10,2,linprobe,24,0.521739
vit_b16_caltech256_f10_s2_linprobe,vit_b16,caltech256,10,2,linprobe,25,0.666667
vit_b16_caltech256_f10_s2_linprobe,vit_b16,caltech256,10,2,linprobe,26,0.75
vit_b16_caltech256_f10_s2_linprobe,vit_b16,caltech256,10,2,linprobe,27,0.954545
vit_b16_caltech256_f10_s2_linprobe,vit_b16,caltech256,10,2,linprobe,28,0.952381
vit_b16_caltech256_f10_s2_linprobe,vit_b16,caltech256,10,2,linprobe,29,0.571429
vit_b16_caltech256_f10_s2_linprobe,vit_b16,caltech256,10,2,linprobe,30,0.777778
vit_b16_caltech256_f10_s2_linprobe,vit_b16,caltech256,10,2,linprobe,31,0.6
vit_b16_caltech256_f10_s2_linprobe,vit_b16,caltech256,10,2,linprobe,32,0.65
vit_b16_caltech256_f10_s2_linprobe,vit_b16,caltech256,10,2,linprobe,33,1.0
vit_b16_caltech256_f10_s2_linprobe,vit_b16,caltech256,10,2,linprobe,34,0.882353
vit_b16_caltech256_f10_s2_linprobe,vit_b16,caltech256,10,2,linprobe,35,0.761905
vit_b16_caltech256_f10_s2_linprobe,vit_b16,caltech256,10,2,linprobe,36,0.75
vit_b16_caltech256_f10_s2_linprobe,vit_b16,caltech256,10,2,linprobe,37,0.909091
vit_b16_caltech256_f10_s2_linprobe,vit_b16,caltech256,10,2,linprobe,38,0.058824
vit_b16_caltech256_f10_s2_linprobe,vit_b16,caltech256,10,2,linprobe,39,0.96
vit_b16_caltech256_f10_s2_linprobe,vit_b16,caltech256,10,2,linprobe,40,0.941176
vit_b16_caltech256_f10_s2_linprobe,vit_b16,caltech256,10,2,linprobe,41,0.176471
vit_b16_caltech256_f10_s2_linprobe,vit_b16,caltech256,10,2,linprobe,42,0.64
vit_b16_caltech256_f10_s2_linprobe,vit_b16,caltech256,10,2,linprobe,43,0.791667
vit_b16_caltech256_f10_s2_linprobe,vit_b16,caltech256,10,2,linprobe,44,0.882353
vit_b16_caltech256_f10_s2_linprobe,vit_b16,caltech256,10,2,linprobe,45,1.0
vit_b16_caltech256_f10_s2_linprobe,vit_b16,caltech256,10,2,linprobe,46,0.789474
vit_b16_caltech256_f10_s2_linprobe,vit_b16,caltech256,10,2,linprobe,47,0.857143
vit_b16_caltech256_f10_s2_linprobe,vit_b16,caltech256,10,2,linprobe,48,0.666667
vit_b16_caltech256_f10_s2_linprobe,vit_b16,caltech256,10,2,linprobe,49,0.578947
vit_b16_caltech256_f10_s2_linprobe,vit_b16,caltech256,10,2,linprobe,50,0.869565
vit_b16_caltech256_f10_s2_linprobe,vit_b16,caltech256,10,2,linprobe,51,0.882353
vit_b16_caltech256_f10_s2_linprobe,vit_b16,caltech256,10,2,linprobe,52,0.75
vit_b16_caltech256_f10_s2_linprobe,vit_b16,caltech256,10,2,linprobe,53,0.958333
vit_b16_caltech256_f10_s2_linprobe,vit_b16,caltech256,10,2,linprobe,54,0.45
vit_b16_caltech256_f10_s2_linprobe,vit_b16,caltech256,10,2,linprobe,55,0.85
vit_b16_caltech256_f10_s2_linprobe,vit_b16,caltech256,10,2,linprobe,56,0.666667
vit_b16_caltech256_f10_s2_linprobe,vit_b16,caltech256,10,2,linprobe,57,0.473684
vit_b16_caltech256_f10_s2_linprobe,vit_b16,caltech256,10,2,linprobe,58,0.058824
vit_b16_caltech256_f10_s2_linprobe,vit_b16,caltech256,10,2,linprobe,59,0.705882
vit_b16_caltech256_f10_s2_linprobe,vit_b16,caltech256,10,2,linprobe,60,0.9
vit_b16_caltech256_f10_s2_linprobe,vit_b16,caltech256,10,2,linprobe,61,0.705882
vit_b16_caltech256_f10_s2_linprobe,vit_b16,caltech256,10,2,linprobe,62,0.875
vit_b16_caltech256_f10_s2_linprobe,vit_b16,caltech256,10,2,linprobe,63,0.884615
vit_b16_caltech256_f10_s2_linprobe,vit_b16,caltech256,10,2,linprobe,64,0.85
vit_b16_caltech256_f10_s2_linprobe,vit_b16,caltech256,10,2,linprobe,65,0.823529
vit_b16_caltech256_f10_s2_linprobe,vit_b16,caltech256,10,2,linprobe,66,0.823529
vit_b16_caltech256_f10_s2_linprobe,vit_b16,caltech256,10,2,linprobe,67,0.681818
vit_b16_caltech256_f10_s2_linprobe,vit_b16,caltech256,10,2,linprobe,68,0.25
vit_b16_caltech256_f10_s2_linprobe,vit_b16,caltech256,10,2,linprobe,69,0.235294
vit_b16_caltech256_f10_s2_linprobe,vit_b16,caltech256,10,2,linprobe,70,0.25
vit_b16_caltech256_f10_s2_linprobe,vit_b16,caltech256,10,2,linprobe,71,0.958333
vit_b16_caltech256_f10_s2_linprobe,vit_b16,caltech256,10,2,linprobe,72,0.75
vit_b16_caltech256_f10_s2_linprobe,vit_b16,caltech256,10,2,linprobe,73,0.478261
vit_b16_caltech256_f10_s2_linprobe,vit_b16,caltech256,10,2,linprobe,74,0.352941
vit_b16_caltech256_f10_s2_linprobe,vit_b16,caltech256,10,2,linprobe,75,0.941176
vit_b16_caltech256_f10_s2_linprobe,vit_b16,caltech256,10,2,linprobe,76,1.0
vit_b16_caltech256_f10_s2_linprobe,vit_b16,caltech256,10,2,linprobe,77,0.833333
vit_b16_caltech256_f10_s2_linprobe,vit_b16,caltech256,10,2,linprobe,78,0.65
vit_b16_caltech256_f10_s2_linprobe,vit_b16,caltech256,10,2,linprobe,79,0.478261
vit_b16_caltech256_f10_s2_linprobe,vit_b16,caltech256,10,2,linprobe,80,0.842105
vit_b16_caltech256_f10_s2_linprobe,vit_b16,caltech256,10,2,linprobe,81,0.8125
vit_b16_caltech256_f10_s2_linprobe,vit_b16,caltech256,10,2,linprobe,82,0.947368
vit_b16_caltech256_f10_s2_linprobe,vit_b16,caltech256,10,2,linprobe,83,0.588235
vit_b16_caltech256_f10_s2_linprobe,vit_b16,caltech256,10,2,linprobe,84,0.772727
vit_b16_caltech256_f10_s2_linprobe,vit_b16,caltech256,10,2,linprobe,85,0.9375
vit_b16_caltech256_f10_s2_linprobe,vit_b16,caltech256,10,2,linprobe,86,0.894737
vit_b16_caltech256_f10_s2_linprobe,vit_b16,caltech256,10,2,linprobe,87,1.0
vit_b16_caltech256_f10_s2_linprobe,vit_b16,caltech256,10,2,linprobe,88,0.772727
vit_b16_caltech256_f10_s2_linprobe,vit_b16,caltech256,10,2,linprobe,89,0.809524
vit_b16_caltech256_f10_s2_linprobe,vit_b16,caltech256,10,2,linprobe,90,0.894737
vit_b16_caltech256_f10_s2_linprobe,vit_b16,caltech256,10,2,linprobe,91,0.775
vit_b16_caltech256_f10_s2_linprobe,vit_b16,caltech256,10,2,linprobe,92,1.0
vit_b16_caltech256_f10_s2_linprobe,vit_b16,caltech256,10,2,linprobe,93,1.0
vit_b16_caltech256_f10_s2_linprobe,vit_b16,caltech256,10,2,linprobe,94,0.764706
vit_b16_caltech256_f10_s2_linprobe,vit_b16,caltech256,10,2,linprobe,95,0.789474
vit_b16_caltech256_f10_s2_linprobe,vit_b16,caltech256,10,2,linprobe,96,0.777778
vit_b16_caltech256_f10_s2_linprobe,vit_b16,caltech256,10,2,linprobe,97,0.95
vit_b16_caltech256_f10_s2_linprobe,vit_b16,caltech256,10,2,linprobe,98,0.9375
vit_b16_caltech256_f10_s2_linprobe,vit_b16,caltech256,10,2,linprobe,99,0.947368
vit_b16_caltech256_f10_s2_linprobe,vit_b16,caltech256,10,2,linprobe,100,0.714286
vit_b16_caltech256_f10_s2_linprobe,vit_b16,caltech256,10,2,linprobe,101,0.611111
vit_b16_caltech256_f10_s2_linprobe,vit_b16,caltech256,10,2,linprobe,102,0.954545
vit_b16_caltech256_f10_s2_linprobe,vit_b16,caltech256,10,2,linprobe,103,0.684211
vit_b16_caltech256_f10_s2_linprobe,vit_b16,caltech256,10,2,linprobe,104,0.722222
vit_b16_caltech256_f10_s2_linprobe,vit_b16,caltech256,10,2,linprobe,105,0.647059
vit_b16_caltech256_f10_s2_linprobe,vit_b16,caltech256,10,2,linprobe,106,1.0
vit_b16_caltech256_f10_s2_linprobe,vit_b16,caltech256,10,2,linprobe,107,0.647059
vit_b16_caltech256_f10_s2_linprobe,vit_b16,caltech256,10,2,linprobe,108,0.83871
vit_b16_caltech256_f10_s2_linprobe,vit_b16,caltech256,10,2,linprobe,109,0.941176
vit_b16_caltech256_f10_s2_linprobe,vit_b16,caltech256,10,2,linprobe,110,0.941176
vit_b16_caltech256_f10_s2_linprobe,vit_b16,caltech256,10,2,linprobe,111,0.529412
vit_b16_caltech256_f10_s2_linprobe,vit_b16,caltech256,10,2,linprobe,112,0.956522
vit_b16_caltech256_f10_s2_linprobe,vit_b16,caltech256,10,2,linprobe,113,0.791667
vit_b16_caltech256_f10_s2_linprobe,vit_b16,caltech256,10,2,linprobe,114,0.555556
vit_b16_caltech256_f10_s2_linprobe,vit_b16,caltech256,10,2,linprobe,115,1.0
vit_b16_caltech256_f10_s2_linprobe,vit_b16,caltech256,10,2,linprobe,116,0.833333
vit_b16_caltech256_f10_s2_linprobe,vit_b16,caltech256,10,2,linprobe,117,0.5
vit_b16_caltech256_f10_s2_linprobe,vit_b16,caltech256,10,2,linprobe,118,0.411765
vit_b16_caltech256_f10_s2_linprobe,vit_b16,caltech256,10,2,linprobe,119,0.807692
vit_b16_caltech256_f10_s2_linprobe,vit_b16,caltech256,10,2,linprobe,120,1.0
vit_b16_caltech256_f10_s2_linprobe,vit_b16,caltech256,10,2,linprobe,121,0.666667
vit_b16_caltech256_f10_s2_linprobe,vit_b16,caltech256,10,2,linprobe,122,1.0
vit_b16_caltech256_f10_s2_linprobe,vit_b16,caltech256,10,2,linprobe,123,1.0
vit_b16_caltech256_f10_s2_linprobe,vit_b16,caltech256,10,2,linprobe,124,0.5
vit_b16_caltech256_f10_s2_linprobe,vit_b16,caltech256,10,2,linprobe,125,0.5
vit_b16_caltech256_f10_s2_linprobe,vit_b16,caltech256,10,2,linprobe,126,1.0
vit_b16_caltech256_f10_s2_linprobe,vit_b16,caltech256,10,2,linprobe,127,0.809524
vit_b16_caltech256_f10_s2_linprobe,vit_b16,caltech256,10,2,linprobe,128,1.0
vit_b16_caltech256_f10_s2_linprobe,vit_b16,caltech256,10,2,linprobe,129,0.833333
vit_b16_caltech256_f10_s2_linprobe,vit_b16,caltech256,10,2,linprobe,130,0.777778
vit_b16_caltech256_f10_s2_linprobe,vit_b16,caltech256,10,2,linprobe,131,0.868421
vit_b16_caltech256_f10_s2_linprobe,vit_b16,caltech256,10,2,linprobe,132,0.666667
vit_b16_caltech256_f10_s2_linprobe,vit_b16,caltech256,10,2,linprobe,133,1.0
vit_b16_caltech256_f10_s2_linprobe,vit_b16,caltech256,10,2,linprobe,134,0.263158
vit_b16_caltech256_f10_s2_linprobe,vit_b16,caltech256,10,2,linprobe,135,0.684211
vit_b16_caltech256_f10_s2_linprobe,vit_b16,caltech256,10,2,linprobe,136,0.870968
vit_b16_caltech256_f10_s2_linprobe,vit_b16,caltech256,10,2,linprobe,137,0.842105
vit_b16_caltech256_f10_s2_linprobe,vit_b16,caltech256,10,2,linprobe,138,0.588235
vit_b16_caltech256_f10_s2_linprobe,vit_b16,caltech256,10,2,linprobe,139,0.611111
vit_b16_caltech256_f10_s2_linprobe,vit_b16,caltech256,10,2,linprobe,140,0.652174
vit_b16_caltech256_f10_s2_linprobe,vit_b16,caltech256,10,2,linprobe,141,0.809524
vit_b16_caltech256_f10_s2_linprobe,vit_b16,caltech256,10,2,linprobe,142,0.923077
vit_b16_caltech256_f10_s2_linprobe,vit_b16,caltech256,10,2,linprobe,143,0.3125
vit_b16_caltech256_f10_s2_linprobe,vit_b16,caltech256,10,2,linprobe,144,1.0
vit_b16_caltech256_f10_s2_linprobe,vit_b16,caltech256,10,2,linprobe,145,0.6875
vit_b16_caltech256_f10_s2_linprobe,vit_b16,caltech256,10,2,linprobe,146,0.85
vit_b16_caltech256_f10_s2_linprobe,vit_b16,caltech256,10,2,linprobe,147,0.571429
vit_b16_caltech256_f10_s2_linprobe,vit_b16,caltech256,10,2,linprobe,148,0.714286
vit_b16_caltech256_f10_s2_linprobe,vit_b16,caltech256,10,2,linprobe,149,0.545455
vit_b16_caltech256_f10_s2_linprobe,vit_b16,caltech256,10,2,linprobe,150,0.954545
vit_b16_caltech256_f10_s2_linprobe,vit_b16,caltech256,10,2,linprobe,151,0.875
vit_b16_caltech256_f10_s2_linprobe,vit_b16,caltech256,10,2,linprobe,152,0.947368
vit_b16_caltech256_f10_s2_linprobe,vit_b16,caltech256,10,2,linprobe,153,0.571429
vit_b16_caltech256_f10_s2_linprobe,vit_b16,caltech256,10,2,linprobe,154,0.222222
vit_b16_caltech256_f10_s2_linprobe,vit_b16,caltech256,10,2,linprobe,155,0.421053
vit_b16_caltech256_f10_s2_linprobe,vit_b16,caltech256,10,2,linprobe,156,0.857143
vit_b16_caltech256_f10_s2_linprobe,vit_b16,caltech256,10,2,linprobe,157,0.833333
vit_b16_caltech256_f10_s2_linprobe,vit_b16,caltech256,10,2,linprobe,158,0.452381
vit_b16_caltech256_f10_s2_linprobe,vit_b16,caltech256,10,2,linprobe,159,0.235294
vit_b16_caltech256_f10_s2_linprobe,vit_b16,caltech256,10,2,linprobe,160,0.952381
vit_b16_caltech256_f10_s2_linprobe,vit_b16,caltech256,10,2,linprobe,161,0.388889
vit_b16_caltech256_f10_s2_linprobe,vit_b16,caltech256,10,2,linprobe,162,0.333333
vit_b16_caltech256_f10_s2_linprobe,vit_b16,caltech256,10,2,linprobe,163,0.95
vit_b16_caltech256_f10_s2_linprobe,vit_b16,caltech256,10,2,linprobe,164,0.5
vit_b16_caltech256_f10_s2_linprobe,vit_b16,caltech256,10,2,linprobe,165,0.833333
vit_b16_caltech256_f10_s2_linprobe,vit_b16,caltech256,10,2,linprobe,166,0.294118
vit_b16_caltech256_f10_s2_linprobe,vit_b16,caltech256,10,2,linprobe,167,0.928571
vit_b16_caltech256_f10_s2_linprobe,vit_b16,caltech256,10,2,linprobe,168,0.944444
vit_b16_caltech256_f10_s2_linprobe,vit_b16,caltech256,10,2,linprobe,169,0.75
vit_b16_caltech256_f10_s2_linprobe,vit_b16,caltech256,10,2,linprobe,170,0.529412
vit_b16_caltech256_f10_s2_linprobe,vit_b16,caltech256,10,2,linprobe,171,1.0
vit_b16_caltech256_f10_s2_linprobe,vit_b16,caltech256,10,2,linprobe,172,0.619048
vit_b16_caltech256_f10_s2_linprobe,vit_b16,caltech256,10,2,linprobe,173,0.941176
vit_b16_caltech256_f10_s2_linprobe,vit_b16,caltech256,10,2,linprobe,174,0.764706
vit_b16_caltech256_f10_s2_linprobe,vit_b16,caltech256,10,2,linprobe,175,0.5
vit_b16_caltech256_f10_s2_linprobe,vit_b16,caltech256,10,2,linprobe,176,0.684211
vit_b16_caltech256_f10_s2_linprobe,vit_b16,caltech256,10,2,linprobe,177,0.95
vit_b16_caltech256_f10_s2_linprobe,vit_b16,caltech256,10,2,linprobe,178,1.0
vit_b16_caltech256_f10_s2_linprobe,vit_b16,caltech256,10,2,linprobe,179,0.6
vit_b16_caltech256_f10_s2_linprobe,vit_b16,caltech256,10,2,linprobe,180,0.4
vit_b16_caltech256_f10_s2_linprobe,vit_b16,caltech256,10,2,linprobe,181,0.958333
vit_b16_caltech256_f10_s2_linprobe,vit_b16,caltech256,10,2,linprobe,182,0.65
vit_b16_caltech256_f10_s2_linprobe,vit_b16,caltech256,10,2,linprobe,183,0.941176
vit_b16_caltech256_f10_s2_linprobe,vit_b16,caltech256,10,2,linprobe,184,0.238095
vit_b16_caltech256_f10_s2_linprobe,vit_b16,caltech256,10,2,linprobe,185,1.0
vit_b16_caltech256_f10_s2_linprobe,vit_b16,caltech256,10,2,linprobe,186,0.789474
vit_b16_caltech256_f10_s2_linprobe,vit_b16,caltech256,10,2,linprobe,187,0.555556
vit_b16_caltech256_f10_s2_linprobe,vit_b16,caltech256,10,2,linprobe,188,0.916667
vit_b16_caltech256_f10_s2_linprobe,vit_b16,caltech256,10,2,linprobe,189,0.909091
vit_b16_caltech256_f10_s2_linprobe,vit_b16,caltech256,10,2,linprobe,190,0.454545
vit_b16_caltech256_f10_s2_linprobe,vit_b16,caltech256,10,2,linprobe,191,0.909091
vit_b16_caltech256_f10_s2_linprobe,vit_b16,caltech256,10,2,linprobe,192,0.857143
vit_b16_caltech256_f10_s2_linprobe,vit_b16,caltech256,10,2,linprobe,193,0.909091
vit_b16_caltech256_f10_s2_linprobe,vit_b16,caltech256,10,2,linprobe,194,0.352941
vit_b16_caltech256_f10_s2_linprobe,vit_b16,caltech256,10,2,linprobe,195,0.809524
vit_b16_caltech256_f10_s2_linprobe,vit_b16,caltech256,10,2,linprobe,196,0.75
vit_b16_caltech256_f10_s2_linprobe,vit_b16,caltech256,10,2,linprobe,197,0.863636
vit_b16_caltech256_f10_s2_linprobe,vit_b16,caltech256,10,2,linprobe,198,0.666667
vit_b16_caltech256_f10_s2_linprobe,vit_b16,caltech256,10,2,linprobe,199,0.65
vit_b16_caltech256_f10_s2_linprobe,vit_b16,caltech256,10,2,linprobe,200,0.9375
vit_b16_caltech256_f10_s2_linprobe,vit_b16,caltech256,10,2,linprobe,201,0.421053
vit_b16_caltech256_f10_s2_linprobe,vit_b16,caltech256,10,2,linprobe,202,0.5
vit_b16_caltech256_f10_s2_linprobe,vit_b16,caltech256,10,2,linprobe,203,0.8125
vit_b16_caltech256_f10_s2_linprobe,vit_b16,caltech256,10,2,linprobe,204,0.705882
vit_b16_caltech256_f10_s2_linprobe,vit_b16,caltech256,10,2,linprobe,205,0.4
vit_b16_caltech256_f10_s2_linprobe,vit_b16,caltech256,10,2,linprobe,206,0.782609
vit_b16_caltech256_f10_s2_linprobe,vit_b16,caltech256,10,2,linprobe,207,0.863636
vit_b16_caltech256_f10_s2_linprobe,vit_b16,caltech256,10,2,linprobe,208,0.75
vit_b16_caltech256_f10_s2_linprobe,vit_b16,caltech256,10,2,linprobe,209,0.863636
vit_b16_caltech256_f10_s2_linprobe,vit_b16,caltech256,10,2,linprobe,210,0.631579
vit_b16_caltech256_f10_s2_linprobe,vit_b16,caltech256,10,2,linprobe,211,0.925926
vit_b16_caltech256_f10_s2_linprobe,vit_b16,caltech256,10,2,linprobe,212,0.95
vit_b16_caltech256_f10_s2_linprobe,vit_b16,caltech256,10,2,linprobe,213,0.678571
vit_b16_caltech256_f10_s2_linprobe,vit_b16,caltech256,10,2,linprobe,214,0.705882
vit_b16_caltech256_f10_s2_linprobe,vit_b16,caltech256,10,2,linprobe,215,1.0
vit_b16_caltech256_f10_s2_linprobe,vit_b16,caltech256,10,2,linprobe,216,0.809524
vit_b16_caltech256_f10_s2_linprobe,vit_b16,caltech256,10,2,linprobe,217,0.8125
vit_b16_caltech256_f10_s2_linprobe,vit_b16,caltech256,10,2,linprobe,218,0.352941
vit_b16_caltech256_f10_s2_linprobe,vit_b16,caltech256,10,2,linprobe,219,0.947368
vit_b16_caltech256_f10_s2_linprobe,vit_b16,caltech256,10,2,linprobe,220,0.571429
vit_b16_caltech256_f10_s2_linprobe,vit_b16,caltech256,10,2,linprobe,221,0.611111
vit_b16_caltech256_f10_s2_linprobe,vit_b16,caltech256,10,2,linprobe,222,0.5
vit_b16_caltech256_f10_s2_linprobe,vit_b16,caltech256,10,2,linprobe,223,0.636364
vit_b16_caltech256_f10_s2_linprobe,vit_b16,caltech256,10,2,linprobe,224,0.944444
vit_b16_caltech256_f10_s2_linprobe,vit_b16,caltech256,10,2,linprobe,225,0.7
vit_b16_caltech256_f10_s2_linprobe,vit_b16,caltech256,10,2,linprobe,226,0.793103
vit_b16_caltech256_f10_s2_linprobe,vit_b16,caltech256,10,2,linprobe,227,1.0
vit_b16_caltech256_f10_s2_linprobe,vit_b16,caltech256,10,2,linprobe,228,0.894737
vit_b16_caltech256_f10_s2_linprobe,vit_b16,caltech256,10,2,linprobe,229,1.0
vit_b16_caltech256_f10_s2_linprobe,vit_b16,caltech256,10,2,linprobe,230,0.772727
vit_b16_caltech256_f10_s2_linprobe,vit_b16,caltech256,10,2,linprobe,231,0.916667
vit_b16_caltech256_f10_s2_linprobe,vit_b16,caltech256,10,2,linprobe,232,0.35
vit_b16_caltech256_f10_s2_linprobe,vit_b16,caltech256,10,2,linprobe,233,0.666667
vit_b16_caltech256_f10_s2_linprobe,vit_b16,caltech256,10,2,linprobe,234,0.826087
vit_b16_caltech256_f10_s2_linprobe,vit_b16,caltech256,10,2,linprobe,235,0.684211
vit_b16_caltech256_f10_s2_linprobe,vit_b16,caltech256,10,2,linprobe,236,0.833333
vit_b16_caltech256_f10_s2_linprobe,vit_b16,caltech256,10,2,linprobe,237,0.947368
vit_b16_caltech256_f10_s2_linprobe,vit_b16,caltech256,10,2,linprobe,238,0.823529
vit_b16_caltech256_f10_s2_linprobe,vit_b16,caltech256,10,2,linprobe,239,0.9
vit_b16_caltech256_f10_s2_linprobe,vit_b16,caltech256,10,2,linprobe,240,0.842105
vit_b16_caltech256_f10_s2_linprobe,vit_b16,caltech256,10,2,linprobe,241,0.368421
vit_b16_caltech256_f10_s2_linprobe,vit_b16,caltech256,10,2,linprobe,242,0.722222
vit_b16_caltech256_f10_s2_linprobe,vit_b16,caltech256,10,2,linprobe,243,0.833333
vit_b16_caltech256_f10_s2_linprobe,vit_b16,caltech256,10,2,linprobe,244,0.222222
vit_b16_caltech256_f10_s2_linprobe,vit_b16,caltech256,10,2,linprobe,245,0.85
vit_b16_caltech256_f10_s2_linprobe,vit_b16,caltech256,10,2,linprobe,246,0.555556
vit_b16_caltech256_f10_s2_linprobe,vit_b16,caltech256,10,2,linprobe,247,0.588235
vit_b16_caltech256_f10_s2_linprobe,vit_b16,caltech256,10,2,linprobe,248,0.2
vit_b16_caltech256_f10_s2_linprobe,vit_b16,caltech256,10,2,linprobe,249,1.0
vit_b16_caltech256_f10_s2_linprobe,vit_b16,caltech256,10,2,linprobe,250,0.99375
vit_b16_caltech256_f10_s2_linprobe,vit_b16,caltech256,10,2,linprobe,251,1.0
vit_b16_caltech256_f10_s2_linprobe,vit_b16,caltech256,10,2,linprobe,252,1.0
vit_b16_caltech256_f10_s2_linprobe,vit_b16,caltech256,10,2,linprobe,253,0.894737
vit_b16_caltech256_f10_s2_linprobe,vit_b16,caltech256,10,2,linprobe,254,0.761905
vit_b16_caltech256_f10_s2_linprobe,vit_b16,caltech256,10,2,linprobe,255,0.818182
vit_b16_caltech256_f25_s0_fullft,vit_b16,caltech256,25,0,fullft,0,0.95
vit_b16_caltech256_f25_s0_fullft,vit_b16,caltech256,25,0,fullft,1,0.947368
vit_b16_caltech256_f25_s0_fullft,vit_b16,caltech256,25,0,fullft,2,0.966667
vit_b16_caltech256_f25_s0_fullft,vit_b16,caltech256,25,0,fullft,3,0.56
vit_b16_caltech256_f25_s0_fullft,vit_b16,caltech256,25,0,fullft,4,0.966667
vit_b16_caltech256_f25_s0_fullft,vit_b16,caltech256,25,0,fullft,5,0.833333
vit_b16_caltech256_f25_s0_fullft,vit_b16,caltech256,25,0,fullft,6,0.857143
vit_b16_caltech256_f25_s0_fullft,vit_b16,caltech256,25,0,fullft,7,0.826087
vit_b16_caltech256_f25_s0_fullft,vit_b16,caltech256,25,0,fullft,8,0.95
vit_b16_caltech256_f25_s0_fullft,vit_b16,caltech256,25,0,fullft,9,0.736842
vit_b16_caltech256_f25_s0_fullft,vit_b16,caltech256,25,0,fullft,10,0.982143
vit_b16_caltech256_f25_s0_fullft,vit_b16,caltech256,25,0,fullft,11,1.0
vit_b16_caltech256_f25_s0_fullft,vit_b16,caltech256,25,0,fullft,12,0.8
vit_b16_caltech256_f25_s0_fullft,vit_b16,caltech256,25,0,fullft,13,0.882353
vit_b16_caltech256_f25_s0_fullft,vit_b16,caltech256,25,0,fullft,14,1.0
vit_b16_caltech256_f25_s0_fullft,vit_b16,caltech256,25,0,fullft,15,0.888889
vit_b16_caltech256_f25_s0_fullft,vit_b16,caltech256,25,0,fullft,16,0.619048
vit_b16_caltech256_f25_s0_fullft,vit_b16,caltech256,25,0,fullft,17,0.65
vit_b16_caltech256_f25_s0_fullft,vit_b16,caltech256,25,0,fullft,18,0.72
vit_b16_caltech256_f25_s0_fullft,vit_b16,caltech256,25,0,fullft,19,0.823529
vit_b16_caltech256_f25_s0_fullft,vit_b16,caltech256,25,0,fullft,20,0.928571
vit_b16_caltech256_f25_s0_fullft,vit_b16,caltech256,25,0,fullft,21,0.842105
vit_b16_caltech256_f25_s0_fullft,vit_b16,caltech256,25,0,fullft,22,0.863636
vit_b16_caltech256_f25_s0_fullft,vit_b16,caltech256,25,0,fullft,23,1.0
vit_b16_caltech256_f25_s0_fullft,vit_b16,caltech256,25,0,fullft,24,0.782609
vit_b16_caltech256_f25_s0_fullft,vit_b16,caltech256,25,0,fullft,25,0.52381
vit_b16_caltech256_f25_s0_fullft,vit_b16,caltech256,25,0,fullft,26,1.0
vit_b16_caltech256_f25_s0_fullft,vit_b16,caltech256,25,0,fullft,27,0.909091
vit_b16_caltech256_f25_s0_fullft,vit_b16,caltech256,25,0,fullft,28,0.809524
vit_b16_caltech256_f25_s0_fullft,vit_b16,caltech256,25,0,fullft,29,0.666667
vit_b16_caltech256_f25_s0_fullft,vit_b16,caltech256,25,0,fullft,30,0.888889
vit_b16_caltech256_f25_s0_fullft,vit_b16,caltech256,25,0,fullft,31,0.85
vit_b16_caltech256_f25_s0_fullft,vit_b16,caltech256,25,0,fullft,32,0.75
vit_b16_caltech256_f25_s0_fullft,vit_b16,caltech256,25,0,fullft,33,1.0
vit_b16_caltech256_f25_s0_fullft,vit_b16,caltech256,25,0,fullft,34,0.882353
vit_b16_caltech256_f25_s0_fullft,vit_b16,caltech256,25,0,fullft,35,0.857143
vit_b16_caltech256_f25_s0_fullft,vit_b16,caltech256,25,0,fullft,36,0.958333
vit_b16_caltech256_f25_s0_fullft,vit_b16,caltech256,25,0,fullft,37,0.909091
vit_b16_caltech256_f25_s0_fullft,vit_b16,caltech256,25,0,fullft,38,0.411765
vit_b16_caltech256_f25_s0_fullft,vit_b16,caltech256,25,0,fullft,39,0.96
vit_b16_caltech256_f25_s0_fullft,vit_b16,caltech256,25,0,fullft,40,0.941176
vit_b16_caltech256_f25_s0_fullft,vit_b16,caltech256,25,0,fullft,41,0.411765
vit_b16_caltech256_f25_s0_fullft,vit_b16,caltech256,25,0,fullft,42,0.72
vit_b16_caltech256_f25_s0_fullft,vit_b16,caltech256,25,0,fullft,43,0.875
vit_b16_caltech256_f25_s0_fullft,vit_b16,caltech256,25,0,fullft,44,0.764706
vit_b16_caltech256_f25_s0_fullft,vit_b16,caltech256,25,0,fullft,45,0.962963
vit_b16_caltech256_f25_s0_fullft,vit_b16,caltech256,25,0,fullft,46,0.894737
vit_b16_caltech256_f25_s0_fullft,vit_b16,caltech256,25,0,fullft,47,0.857143
vit_b16_caltech256_f25_s0_fullft,vit_b16,caltech256,25,0,fullft,48,0.904762
vit_b16_caltech256_f25_s0_fullft,vit_b16,caltech256,25,0,fullft,49,0.631579
vit_b16_caltech256_f25_s0_fullft,vit_b16,caltech256,25,0,fullft,50,0.913043
vit_b16_caltech256_f25_s0_fullft,vit_b16,caltech256,25,0,fullft,51,1.0
vit_b16_caltech256_f25_s0_fullft,vit_b16,caltech256,25,0,fullft,52,0.9375
vit_b16_caltech256_f25_s0_fullft,vit_b16,caltech256,25,0,fullft,53,0.916667
vit_b16_caltech256_f25_s0_fullft,vit_b16,caltech256,25,0,fullft,54,0.6
vit_b16_caltech256_f25_s0_fullft,vit_b16,caltech256,25,0,fullft,55,0.85
vit_b16_caltech256_f25_s0_fullft,vit_b16,caltech256,25,0,fullft,56,0.666667
vit_b16_caltech256_f25_s0_fullft,vit_b16,caltech256,25,0,fullft,57,0.578947
vit_b16_caltech256_f25_s0_fullft,vit_b16,caltech256,25,0,fullft,58,0.411765
vit_b16_caltech256_f25_s0_fullft,vit_b16,caltech256,25,0,fullft,59,0.588235
vit_b16_caltech256_f25_s0_fullft,vit_b16,caltech256,25,0,fullft,60,0.75
vit_b16_caltech256_f25_s0_fullft,vit_b16,caltech256,25,0,fullft,61,0.941176
vit_b16_caltech256_f25_s0_fullft,vit_b16,caltech256,25,0,fullft,62,1.0
vit_b16_caltech256_f25_s0_fullft,vit_b16,caltech256,25,0,fullft,63,0.961538
vit_b16_caltech256_f25_s0_fullft,vit_b16,caltech256,25,0,fullft,64,0.85
vit_b16_caltech256_f25_s0_fullft,vit_b16,caltech256,25,0,fullft,65,0.882353
vit_b16_caltech256_f25_s0_fullft,vit_b16,caltech256,25,0,fullft,66,1.0
vit_b16_caltech256_f25_s0_fullft,vit_b16,caltech256,25,0,fullft,67,0.818182
vit_b16_caltech256_f25_s0_fullft,vit_b16,caltech256,25,0,fullft,68,0.65
vit_b16_caltech256_f25_s0_fullft,vit_b16,caltech256,25,0,fullft,69,0.470588
vit_b16_caltech256_f25_s0_fullft,vit_b16,caltech256,25,0,fullft,70,0.8
vit_b16_caltech256_f25_s0_fullft,vit_b16,caltech256,25,0,fullft,71,0.958333
vit_b16_caltech256_f25_s0_fullft,vit_b16,caltech256,25,0,fullft,72,0.95
vit_b16_caltech256_f25_s0_fullft,vit_b16,caltech256,25,0,fullft,73,0.565217
vit_b16_caltech256_f25_s0_fullft,vit_b16,caltech256,25,0,fullft,74,0.705882
vit_b16_caltech256_f25_s0_fullft,vit_b16,caltech256,25,0,fullft,75,0.882353
vit_b16_caltech256_f25_s0_fullft,vit_b16,caltech256,25,0,fullft,76,1.0
vit_b16_caltech256_f25_s0_fullft,vit_b16,caltech256,25,0,fullft,77,0.833333
vit_b16_caltech256_f25_s0_fullft,vit_b16,caltech256,25,0,fullft,78,0.7
vit_b16_caltech256_f25_s0_fullft,vit_b16,caltech256,25,0,fullft,79,0.652174
vit_b16_caltech256_f25_s0_fullft,vit_b16,caltech256,25,0,fullft,80,0.842105
vit_b16_caltech256_f25_s0_fullft,vit_b16,caltech256,25,0,fullft,81,0.8125
vit_b16_caltech256_f25_s0_fullft,vit_b16,caltech256,25,0,fullft,82,0.842105
vit_b16_caltech256_f25_s0_fullft,vit_b16,caltech256,25,0,fullft,83,0.941176
vit_b16_caltech256_f25_s0_fullft,vit_b16,caltech256,25,0,fullft,84,0.954545
vit_b16_caltech256_f25_s0_fullft,vit_b16,caltech256,25,0,fullft,85,0.9375
vit_b16_caltech256_f25_s0_fullft,vit_b16,caltech256,25,0,fullft,86,0.894737
vit_b16_caltech256_f25_s0_fullft,vit_b16,caltech256,25,0,fullft,87,1.0
vit_b16_caltech256_f25_s0_fullft,vit_b16,caltech256,25,0,fullft,88,0.863636
vit_b16_caltech256_f25_s0_fullft,vit_b16,caltech256,25,0,fullft,89,0.97619
vit_b16_caltech256_f25_s0_fullft,vit_b16,caltech256,25,0,fullft,90,0.894737
vit_b16_caltech256_f25_s0_fullft,vit_b16,caltech256,25,0,fullft,91,0.825
vit_b16_caltech256_f25_s0_fullft,vit_b16,caltech256,25,0,fullft,92,1.0
vit_b16_caltech256_f25_s0_fullft,vit_b16,caltech256,25,0,fullft,93,1.0
vit_b16_caltech256_f25_s0_fullft,vit_b16,caltech256,25,0,fullft,94,0.764706
vit_b16_caltech256_f25_s0_fullft,vit_b16,caltech256,25,0,fullft,95,0.929825
vit_b16_caltech256_f25_s0_fullft,vit_b16,caltech256,25,0,fullft,96,0.833333
vit_b16_caltech256_f25_s0_fullft,vit_b16,caltech256,25,0,fullft,97,0.95
vit_b16_caltech256_f25_s0_fullft,vit_b16,caltech256,25,0,fullft,98,0.8125
vit_b16_caltech256_f25_s0_fullft,vit_b16,caltech256,25,0,fullft,99,1.0
vit_b16_caltech256_f25_s0_fullft,vit_b16,caltech256,25,0,fullft,100,0.821429
vit_b16_caltech256_f25_s0_fullft,vit_b16,caltech256,25,0,fullft,101,0.833333
vit_b16_caltech256_f25_s0_fullft,vit_b16,caltech256,25,0,fullft,102,0.954545
vit_b16_caltech256_f25_s0_fullft,vit_b16,caltech256,25,0,fullft,103,0.894737
vit_b16_caltech256_f25_s0_fullft,vit_b16,caltech256,25,0,fullft,104,0.888889
vit_b16_caltech256_f25_s0_fullft,vit_b16,caltech256,25,0,fullft,105,0.470588
vit_b16_caltech256_f25_s0_fullft,vit_b16,caltech256,25,0,fullft,106,1.0
vit_b16_caltech256_f25_s0_fullft,vit_b16,caltech256,25,0,fullft,107,0.705882
vit_b16_caltech256_f25_s0_fullft,vit_b16,caltech256,25,0,fullft,108,0.935484
vit_b16_caltech256_f25_s0_fullft,vit_b16,caltech256,25,0,fullft,109,0.941176
vit_b16_caltech256_f25_s0_fullft,vit_b16,caltech256,25,0,fullft,110,0.941176
vit_b16_caltech256_f25_s0_fullft,vit_b16,caltech256,25,0,fullft,111,0.764706
vit_b16_caltech256_f25_s0_fullft,vit_b16,caltech256,25,0,fullft,112,1.0
vit_b16_caltech256_f25_s0_fullft,vit_b16,caltech256,25,0,fullft,113,1.0
vit_b16_caltech256_f25_s0_fullft,vit_b16,caltech256,25,0,fullft,114,0.722222
vit_b16_caltech256_f25_s0_fullft,vit_b16,caltech256,25,0,fullft,115,0.952381
vit_b16_caltech256_f25_s0_fullft,vit_b16,caltech256,25,0,fullft,116,0.875
vit_b16_caltech256_f25_s0_fullft,vit_b16,caltech256,25,0,fullft,117,0.863636
vit_b16_caltech256_f25_s0_fullft,vit_b16,caltech256,25,0,fullft,118,0.588235
vit_b16_caltech256_f25_s0_fullft,vit_b16,caltech256,25,0,fullft,119,0.769231
vit_b16_caltech256_f25_s0_fullft,vit_b16,caltech256,25,0,fullft,120,1.0
vit_b16_caltech256_f25_s0_fullft,vit_b16,caltech256,25,0,fullft,121,0.952381
vit_b16_caltech256_f25_s0_fullft,vit_b16,caltech256,25,0,fullft,122,1.0
vit_b16_caltech256_f25_s0_fullft,vit_b16,caltech256,25,0,fullft,123,1.0
vit_b16_caltech256_f25_s0_fullft,vit_b16,caltech256,25,0,fullft,124,0.3
vit_b16_caltech256_f25_s0_fullft,vit_b16,caltech256,25,0,fullft,125,0.708333
vit_b16_caltech256_f25_s0_fullft,vit_b16,caltech256,25,0,fullft,126,0.923077
vit_b16_caltech256_f25_s0_fullft,vit_b16,caltech256,25,0,fullft,127,0.857143
vit_b16_caltech256_f25_s0_fullft,vit_b16,caltech256,25,0,fullft,128,1.0
vit_b16_caltech256_f25_s0_fullft,vit_b16,caltech256,25,0,fullft,129,0.944444
vit_b16_caltech256_f25_s0_fullft,vit_b16,caltech256,25,0,fullft,130,0.833333
vit_b16_caltech256_f25_s0_fullft,vit_b16,caltech256,25,0,fullft,131,0.921053
vit_b16_caltech256_f25_s0_fullft,vit_b16,caltech256,25,0,fullft,132,0.888889
vit_b16_caltech256_f25_s0_fullft,vit_b16,caltech256,25,0,fullft,133,0.958333
vit_b16_caltech256_f25_s0_fullft,vit_b16,caltech256,25,0,fullft,134,0.736842
vit_b16_caltech256_f25_s0_fullft,vit_b16,caltech256,25,0,fullft,135,0.842105
vit_b16_caltech256_f25_s0_fullft,vit_b16,caltech256,25,0,fullft,136,0.935484
vit_b16_caltech256_f25_s0_fullft,vit_b16,caltech256,25,0,fullft,137,0.868421
vit_b16_caltech256_f25_s0_fullft,vit_b16,caltech256,25,0,fullft,138,0.823529
vit_b16_caltech256_f25_s0_fullft,vit_b16,caltech256,25,0,fullft,139,0.666667
vit_b16_caltech256_f25_s0_fullft,vit_b16,caltech256,25,0,fullft,140,1.0
vit_b16_caltech256_f25_s0_fullft,vit_b16,caltech256,25,0,fullft,141,0.857143
vit_b16_caltech256_f25_s0_fullft,vit_b16,caltech256,25,0,fullft,142,0.884615
vit_b16_caltech256_f25_s0_fullft,vit_b16,caltech256,25,0,fullft,143,0.625
vit_b16_caltech256_f25_s0_fullft,vit_b16,caltech256,25,0,fullft,144,1.0
vit_b16_caltech256_f25_s0_fullft,vit_b16,caltech256,25,0,fullft,145,0.6875
vit_b16_caltech256_f25_s0_fullft,vit_b16,caltech256,25,0,fullft,146,0.8
vit_b16_caltech256_f25_s0_fullft,vit_b16,caltech256,25,0,fullft,147,0.771429
vit_b16_caltech256_f25_s0_fullft,vit_b16,caltech256,25,0,fullft,148,0.904762
vit_b16_caltech256_f25_s0_fullft,vit_b16,caltech256,25,0,fullft,149,0.863636
vit_b16_caltech256_f25_s0_fullft,vit_b16,caltech256,25,0,fullft,150,0.954545
vit_b16_caltech256_f25_s0_fullft,vit_b16,caltech256,25,0,fullft,151,0.958333
vit_b16_caltech256_f25_s0_fullft,vit_b16,caltech256,25,0,fullft,152,0.894737
vit_b16_caltech256_f25_s0_fullft,vit_b16,caltech256,25,0,fullft,153,0.904762
vit_b16_caltech256_f25_s0_fullft,vit_b16,caltech256,25,0,fullft,154,0.5
vit_b16_caltech256_f25_s0_fullft,vit_b16,caltech256,25,0,fullft,155,0.789474
vit_b16_caltech256_f25_s0_fullft,vit_b16,caltech256,25,0,fullft,156,0.952381
vit_b16_caltech256_f25_s0_fullft,vit_b16,caltech256,25,0,fullft,157,0.866667
vit_b16_caltech256_f25_s0_fullft,vit_b16,caltech256,25,0,fullft,158,0.690476
vit_b16_caltech256_f25_s0_fullft,vit_b16,caltech256,25,0,fullft,159,0.588235
vit_b16_caltech256_f25_s0_fullft,vit_b16,caltech256,25,0,fullft,160,0.904762
vit_b16_caltech256_f25_s0_fullft,vit_b16,caltech256,25,0,fullft,161,0.611111
vit_b16_caltech256_f25_s0_fullft,vit_b16,caltech256,25,0,fullft,162,0.388889
vit_b16_caltech256_f25_s0_fullft,vit_b16,caltech256,25,0,fullft,163,0.95
vit_b16_caltech256_f25_s0_fullft,vit_b16,caltech256,25,0,fullft,164,0.722222
vit_b16_caltech256_f25_s0_fullft,vit_b16,caltech256,25,0,fullft,165,0.888889
vit_b16_caltech256_f25_s0_fullft,vit_b16,caltech256,25,0,fullft,166,0.882353
vit_b16_caltech256_f25_s0_fullft,vit_b16,caltech256,25,0,fullft,167,0.964286
vit_b16_caltech256_f25_s0_fullft,vit_b16,caltech256,25,0,fullft,168,0.888889
vit_b16_caltech256_f25_s0_fullft,vit_b16,caltech256,25,0,fullft,169,0.85
vit_b16_caltech256_f25_s0_fullft,vit_b16,caltech256,25,0,fullft,170,0.764706
vit_b16_caltech256_f25_s0_fullft,vit_b16,caltech256,25,0,fullft,171,0.9
vit_b16_caltech256_f25_s0_fullft,vit_b16,caltech256,25,0,fullft,172,0.619048
vit_b16_caltech256_f25_s0_fullft,vit_b16,caltech256,25,0,fullft,173,1.0
vit_b16_caltech256_f25_s0_fullft,vit_b16,caltech256,25,0,fullft,174,0.882353
vit_b16_caltech256_f25_s0_fullft,vit_b16,caltech256,25,0,fullft,175,0.818182
vit_b16_caltech256_f25_s0_fullft,vit_b16,caltech256,25,0,fullft,176,0.947368
vit_b16_caltech256_f25_s0_fullft,vit_b16,caltech256,25,0,fullft,177,0.9
vit_b16_caltech256_f25_s0_fullft,vit_b16,caltech256,25,0,fullft,178,1.0
vit_b16_caltech256_f25_s0_fullft,vit_b16,caltech256,25,0,fullft,179,0.6
vit_b16_caltech256_f25_s0_fullft,vit_b16,caltech256,25,0,fullft,180,0.75
vit_b16_caltech256_f25_s0_fullft,vit_b16,caltech256,25,0,fullft,181,1.0
vit_b16_caltech256_f25_s0_fullft,vit_b16,caltech256,25,0,fullft,182,0.9
vit_b16_caltech256_f25_s0_fullft,vit_b16,caltech256,25,0,fullft,183,0.941176
vit_b16_caltech256_f25_s0_fullft,vit_b16,caltech256,25,0,fullft,184,0.428571
vit_b16_caltech256_f25_s0_fullft,vit_b16,caltech256,25,0,fullft,185,1.0
vit_b16_caltech256_f25_s0_fullft,vit_b16,caltech256,25,0,fullft,186,0.894737
vit_b16_caltech256_f25_s0_fullft,vit_b16,caltech256,25,0,fullft,187,0.888889
vit_b16_caltech256_f25_s0_fullft,vit_b16,caltech256,25,0,fullft,188,0.958333
vit_b16_caltech256_f25_s0_fullft,vit_b16,caltech256,25,0,fullft,189,0.909091
vit_b16_caltech256_f25_s0_fullft,vit_b16,caltech256,25,0,fullft,190,0.545455
vit_b16_caltech256_f25_s0_fullft,vit_b16,caltech256,25,0,fullft,191,0.909091
vit_b16_caltech256_f25_s0_fullft,vit_b16,caltech256,25,0,fullft,192,0.857143
vit_b16_caltech256_f25_s0_fullft,vit_b16,caltech256,25,0,fullft,193,1.0
vit_b16_caltech256_f25_s0_fullft,vit_b16,caltech256,25,0,fullft,194,0.294118
vit_b16_caltech256_f25_s0_fullft,vit_b16,caltech256,25,0,fullft,195,0.952381
vit_b16_caltech256_f25_s0_fullft,vit_b16,caltech256,25,0,fullft,196,0.9
vit_b16_caltech256_f25_s0_fullft,vit_b16,caltech256,25,0,fullft,197,0.818182
vit_b16_caltech256_f25_s0_fullft,vit_b16,caltech256,25,0,fullft,198,0.571429
vit_b16_caltech256_f25_s0_fullft,vit_b16,caltech256,25,0,fullft,199,0.85
vit_b16_caltech256_f25_s0_fullft,vit_b16,caltech256,25,0,fullft,200,1.0
vit_b16_caltech256_f25_s0_fullft,vit_b16,caltech256,25,0,fullft,201,0.631579
vit_b16_caltech256_f25_s0_fullft,vit_b16,caltech256,25,0,fullft,202,0.666667
vit_b16_caltech256_f25_s0_fullft,vit_b16,caltech256,25,0,fullft,203,1.0
vit_b16_caltech256_f25_s0_fullft,vit_b16,caltech256,25,0,fullft,204,0.764706
vit_b16_caltech256_f25_s0_fullft,vit_b16,caltech256,25,0,fullft,205,0.75
vit_b16_caltech256_f25_s0_fullft,vit_b16,caltech256,25,0,fullft,206,0.913043
vit_b16_caltech256_f25_s0_fullft,vit_b16,caltech256,25,0,fullft,207,0.909091
vit_b16_caltech256_f25_s0_fullft,vit_b16,caltech256,25,0,fullft,208,0.85
vit_b16_caltech256_f25_s0_fullft,vit_b16,caltech256,25,0,fullft,209,0.818182
vit_b16_caltech256_f25_s0_fullft,vit_b16,caltech256,25,0,fullft,210,0.736842
vit_b16_caltech256_f25_s0_fullft,vit_b16,caltech256,25,0,fullft,211,0.888889
vit_b16_caltech256_f25_s0_fullft,vit_b16,caltech256,25,0,fullft,212,1.0
vit_b16_caltech256_f25_s0_fullft,vit_b16,caltech256,25,0,fullft,213,0.928571
vit_b16_caltech256_f25_s0_fullft,vit_b16,caltech256,25,0,fullft,214,0.882353
vit_b16_caltech256_f25_s0_fullft,vit_b16,caltech256,25,0,fullft,215,1.0
vit_b16_caltech256_f25_s0_fullft,vit_b16,caltech256,25,0,fullft,216,0.952381
vit_b16_caltech256_f25_s0_fullft,vit_b16,caltech256,25,0,fullft,217,0.9375
vit_b16_caltech256_f25_s0_fullft,vit_b16,caltech256,25,0,fullft,218,0.764706
vit_b16_caltech256_f25_s0_fullft,vit_b16,caltech256,25,0,fullft,219,0.789474
vit_b16_caltech256_f25_s0_fullft,vit_b16,caltech256,25,0,fullft,220,0.904762
vit_b16_caltech256_f25_s0_fullft,vit_b16,caltech256,25,0,fullft,221,0.777778
vit_b16_caltech256_f25_s0_fullft,vit_b16,caltech256,25,0,fullft,222,0.5
vit_b16_caltech256_f25_s0_fullft,vit_b16,caltech256,25,0,fullft,223,0.772727
vit_b16_caltech256_f25_s0_fullft,vit_b16,caltech256,25,0,fullft,224,0.944444
vit_b16_caltech256_f25_s0_fullft,vit_b16,caltech256,25,0,fullft,225,0.8
vit_b16_caltech256_f25_s0_fullft,vit_b16,caltech256,25,0,fullft,226,0.931034
vit_b16_caltech256_f25_s0_fullft,vit_b16,caltech256,25,0,fullft,227,1.0
vit_b16_caltech256_f25_s0_fullft,vit_b16,caltech256,25,0,fullft,228,0.736842
vit_b16_caltech256_f25_s0_fullft,vit_b16,caltech256,25,0,fullft,229,1.0
vit_b16_caltech256_f25_s0_fullft,vit_b16,caltech256,25,0,fullft,230,0.818182
vit_b16_caltech256_f25_s0_fullft,vit_b16,caltech256,25,0,fullft,231,0.930556
vit_b16_caltech256_f25_s0_fullft,vit_b16,caltech256,25,0,fullft,232,0.6
vit_b16_caltech256_f25_s0_fullft,vit_b16,caltech256,25,0,fullft,233,0.791667
vit_b16_caltech256_f25_s0_fullft,vit_b16,caltech256,25,0,fullft,234,0.782609
vit_b16_caltech256_f25_s0_fullft,vit_b16,caltech256,25,0,fullft,235,0.789474
vit_b16_caltech256_f25_s0_fullft,vit_b16,caltech256,25,0,fullft,236,0.833333
vit_b16_caltech256_f25_s0_fullft,vit_b16,caltech256,25,0,fullft,237,1.0
vit_b16_caltech256_f25_s0_fullft,vit_b16,caltech256,25,0,fullft,238,0.588235
vit_b16_caltech256_f25_s0_fullft,vit_b16,caltech256,25,0,fullft,239,0.975
vit_b16_caltech256_f25_s0_fullft,vit_b16,caltech256,25,0,fullft,240,0.842105
vit_b16_caltech256_f25_s0_fullft,vit_b16,caltech256,25,0,fullft,241,0.894737
vit_b16_caltech256_f25_s0_fullft,vit_b16,caltech256,25,0,fullft,242,0.777778
vit_b16_caltech256_f25_s0_fullft,vit_b16,caltech256,25,0,fullft,243,0.833333
vit_b16_caltech256_f25_s0_fullft,vit_b16,caltech256,25,0,fullft,244,0.777778
vit_b16_caltech256_f25_s0_fullft,vit_b16,caltech256,25,0,fullft,245,0.85
vit_b16_caltech256_f25_s0_fullft,vit_b16,caltech256,25,0,fullft,246,0.777778
vit_b16_caltech256_f25_s0_fullft,vit_b16,caltech256,25,0,fullft,247,0.764706
vit_b16_caltech256_f25_s0_fullft,vit_b16,caltech256,25,0,fullft,248,0.7
vit_b16_caltech256_f25_s0_fullft,vit_b16,caltech256,25,0,fullft,249,1.0
vit_b16_caltech256_f25_s0_fullft,vit_b16,caltech256,25,0,fullft,250,0.96875
vit_b16_caltech256_f25_s0_fullft,vit_b16,caltech256,25,0,fullft,251,1.0
vit_b16_caltech256_f25_s0_fullft,vit_b16,caltech256,25,0,fullft,252,0.988506
vit_b16_caltech256_f25_s0_fullft,vit_b16,caltech256,25,0,fullft,253,0.842105
vit_b16_caltech256_f25_s0_fullft,vit_b16,caltech256,25,0,fullft,254,0.666667
vit_b16_caltech256_f25_s0_fullft,vit_b16,caltech256,25,0,fullft,255,0.863636
vit_b16_caltech256_f25_s0_linprobe,vit_b16,caltech256,25,0,linprobe,0,0.9
vit_b16_caltech256_f25_s0_linprobe,vit_b16,caltech256,25,0,linprobe,1,0.842105
vit_b16_caltech256_f25_s0_linprobe,vit_b16,caltech256,25,0,linprobe,2,0.933333
vit_b16_caltech256_f25_s0_linprobe,vit_b16,caltech256,25,0,linprobe,3,0.68
vit_b16_caltech256_f25_s0_linprobe,vit_b16,caltech256,25,0,linprobe,4,0.866667
vit_b16_caltech256_f25_s0_linprobe,vit_b16,caltech256,25,0,linprobe,5,0.777778
vit_b16_caltech256_f25_s0_linprobe,vit_b16,caltech256,25,0,linprobe,6,0.809524
vit_b16_caltech256_f25_s0_linprobe,vit_b16,caltech256,25,0,linprobe,7,0.869565
vit_b16_caltech256_f25_s0_linprobe,vit_b16,caltech256,25,0,linprobe,8,0.95
vit_b16_caltech256_f25_s0_linprobe,vit_b16,caltech256,25,0,linprobe,9,0.842105
vit_b16_caltech256_f25_s0_linprobe,vit_b16,caltech256,25,0,linprobe,10,0.964286
vit_b16_caltech256_f25_s0_linprobe,vit_b16,caltech256,25,0,linprobe,11,0.976744
vit_b16_caltech256_f25_s0_linprobe,vit_b16,caltech256,25,0,linprobe,12,0.6
vit_b16_caltech256_f25_s0_linprobe,vit_b16,caltech256,25,0,linprobe,13,0.764706
vit_b16_caltech256_f25_s0_linprobe,vit_b16,caltech256,25,0,linprobe,14,0.958333
vit_b16_caltech256_f25_s0_linprobe,vit_b16,caltech256,25,0,linprobe,15,0.833333
vit_b16_caltech256_f25_s0_linprobe,vit_b16,caltech256,25,0,linprobe,16,0.666667
vit_b16_caltech256_f25_s0_linprobe,vit_b16,caltech256,25,0,linprobe,17,0.55
vit_b16_caltech256_f25_s0_linprobe,vit_b16,caltech256,25,0,linprobe,18,0.72
vit_b16_caltech256_f25_s0_linprobe,vit_b16,caltech256,25,0,linprobe,19,0.882353
vit_b16_caltech256_f25_s0_linprobe,vit_b16,caltech256,25,0,linprobe,20,0.857143
vit_b16_caltech256_f25_s0_linprobe,vit_b16,caltech256,25,0,linprobe,21,0.789474
vit_b16_caltech256_f25_s0_linprobe,vit_b16,caltech256,25,0,linprobe,22,0.954545
vit_b16_caltech256_f25_s0_linprobe,vit_b16,caltech256,25,0,linprobe,23,1.0
vit_b16_caltech256_f25_s0_linprobe,vit_b16,caltech256,25,0,linprobe,24,0.652174
vit_b16_caltech256_f25_s0_linprobe,vit_b16,caltech256,25,0,linprobe,25,0.619048
vit_b16_caltech256_f25_s0_linprobe,vit_b16,caltech256,25,0,linprobe,26,0.75
vit_b16_caltech256_f25_s0_linprobe,vit_b16,caltech256,25,0,linprobe,27,0.954545
vit_b16_caltech256_f25_s0_linprobe,vit_b16,caltech256,25,0,linprobe,28,0.952381
vit_b16_caltech256_f25_s0_linprobe,vit_b16,caltech256,25,0,linprobe,29,0.571429
vit_b16_caltech256_f25_s0_linprobe,vit_b16,caltech256,25,0,linprobe,30,0.777778
vit_b16_caltech256_f25_s0_linprobe,vit_b16,caltech256,25,0,linprobe,31,0.7
vit_b16_caltech256_f25_s0_linprobe,vit_b16,caltech256,25,0,linprobe,32,0.65
vit_b16_caltech256_f25_s0_linprobe,vit_b16,caltech256,25,0,linprobe,33,0.95
vit_b16_caltech256_f25_s0_linprobe,vit_b16,caltech256,25,0,linprobe,34,0.882353
vit_b16_caltech256_f25_s0_linprobe,vit_b16,caltech256,25,0,linprobe,35,0.619048
vit_b16_caltech256_f25_s0_linprobe,vit_b16,caltech256,25,0,linprobe,36,0.958333
vit_b16_caltech256_f25_s0_linprobe,vit_b16,caltech256,25,0,linprobe,37,0.909091
vit_b16_caltech256_f25_s0_linprobe,vit_b16,caltech256,25,0,linprobe,38,0.352941
vit_b16_caltech256_f25_s0_linprobe,vit_b16,caltech256,25,0,linprobe,39,0.96
vit_b16_caltech256_f25_s0_linprobe,vit_b16,caltech256,25,0,linprobe,40,0.882353
vit_b16_caltech256_f25_s0_linprobe,vit_b16,caltech256,25,0,linprobe,41,0.411765
vit_b16_caltech256_f25_s0_linprobe,vit_b16,caltech256,25,0,linprobe,42,0.68
vit_b16_caltech256_f25_s0_linprobe,vit_b16,caltech256,25,0,linprobe,43,0.833333
vit_b16_caltech256_f25_s0_linprobe,vit_b16,caltech256,25,0,linprobe,44,0.941176
vit_b16_caltech256_f25_s0_linprobe,vit_b16,caltech256,25,0,linprobe,45,1.0
vit_b16_caltech256_f25_s0_linprobe,vit_b16,caltech256,25,0,linprobe,46,0.842105
vit_b16_caltech256_f25_s0_linprobe,vit_b16,caltech256,25,0,linprobe,47,0.857143
vit_b16_caltech256_f25_s0_linprobe,vit_b16,caltech256,25,0,linprobe,48,0.857143
vit_b16_caltech256_f25_s0_linprobe,vit_b16,caltech256,25,0,linprobe,49,0.578947
vit_b16_caltech256_f25_s0_linprobe,vit_b16,caltech256,25,0,linprobe,50,0.869565
vit_b16_caltech256_f25_s0_linprobe,vit_b16,caltech256,25,0,linprobe,51,0.882353
vit_b16_caltech256_f25_s0_linprobe,vit_b16,caltech256,25,0,linprobe,52,0.8125
vit_b16_caltech256_f25_s0_linprobe,vit_b16,caltech256,25,0,linprobe,53,1.0
vit_b16_caltech256_f25_s0_linprobe,vit_b16,caltech256,25,0,linprobe,54,0.65
vit_b16_caltech256_f25_s0_linprobe,vit_b16,caltech256,25,0,linprobe,55,0.8
vit_b16_caltech256_f25_s0_linprobe,vit_b16,caltech256,25,0,linprobe,56,0.857143
vit_b16_caltech256_f25_s0_linprobe,vit_b16,caltech256,25,0,linprobe,57,0.526316
vit_b16_caltech256_f25_s0_linprobe,vit_b16,caltech256,25,0,linprobe,58,0.352941
vit_b16_caltech256_f25_s0_linprobe,vit_b16,caltech256,25,0,linprobe,59,0.529412
vit_b16_caltech256_f25_s0_linprobe,vit_b16,caltech256,25,0,linprobe,60,0.8
vit_b16_caltech256_f25_s0_linprobe,vit_b16,caltech256,25,0,linprobe,61,0.941176
vit_b16_caltech256_f25_s0_linprobe,vit_b16,caltech256,25,0,linprobe,62,0.875
vit_b16_caltech256_f25_s0_linprobe,vit_b16,caltech256,25,0,linprobe,63,0.961538
vit_b16_caltech256_f25_s0_linprobe,vit_b16,caltech256,25,0,linprobe,64,0.8
vit_b16_caltech256_f25_s0_linprobe,vit_b16,caltech256,25,0,linprobe,65,0.882353
vit_b16_caltech256_f25_s0_linprobe,vit_b16,caltech256,25,0,linprobe,66,0.764706
vit_b16_caltech256_f25_s0_linprobe,vit_b16,caltech256,25,0,linprobe,67,0.909091
vit_b16_caltech256_f25_s0_linprobe,vit_b16,caltech256,25,0,linprobe,68,0.5
vit_b16_caltech256_f25_s0_linprobe,vit_b16,caltech256,25,0,linprobe,69,0.411765
vit_b16_caltech256_f25_s0_linprobe,vit_b16,caltech256,25,0,linprobe,70,0.7
vit_b16_caltech256_f25_s0_linprobe,vit_b16,caltech256,25,0,linprobe,71,0.958333
vit_b16_caltech256_f25_s0_linprobe,vit_b16,caltech256,25,0,linprobe,72,0.75
vit_b16_caltech256_f25_s0_linprobe,vit_b16,caltech256,25,0,linprobe,73,0.608696
vit_b16_caltech256_f25_s0_linprobe,vit_b16,caltech256,25,0,linprobe,74,0.470588
vit_b16_caltech256_f25_s0_linprobe,vit_b16,caltech256,25,0,linprobe,75,0.941176
vit_b16_caltech256_f25_s0_linprobe,vit_b16,caltech256,25,0,linprobe,76,1.0
vit_b16_caltech256_f25_s0_linprobe,vit_b16,caltech256,25,0,linprobe,77,0.777778
vit_b16_caltech256_f25_s0_linprobe,vit_b16,caltech256,25,0,linprobe,78,0.45
vit_b16_caltech256_f25_s0_linprobe,vit_b16,caltech256,25,0,linprobe,79,0.521739
vit_b16_caltech256_f25_s0_linprobe,vit_b16,caltech256,25,0,linprobe,80,0.894737
vit_b16_caltech256_f25_s0_linprobe,vit_b16,caltech256,25,0,linprobe,81,0.6875
vit_b16_caltech256_f25_s0_linprobe,vit_b16,caltech256,25,0,linprobe,82,0.894737
vit_b16_caltech256_f25_s0_linprobe,vit_b16,caltech256,25,0,linprobe,83,0.647059
vit_b16_caltech256_f25_s0_linprobe,vit_b16,caltech256,25,0,linprobe,84,0.727273
vit_b16_caltech256_f25_s0_linprobe,vit_b16,caltech256,25,0,linprobe,85,0.9375
vit_b16_caltech256_f25_s0_linprobe,vit_b16,caltech256,25,0,linprobe,86,0.894737
vit_b16_caltech256_f25_s0_linprobe,vit_b16,caltech256,25,0,linprobe,87,0.95
vit_b16_caltech256_f25_s0_linprobe,vit_b16,caltech256,25,0,linprobe,88,0.727273
vit_b16_caltech256_f25_s0_linprobe,vit_b16,caltech256,25,0,linprobe,89,1.0
vit_b16_caltech256_f25_s0_linprobe,vit_b16,caltech256,25,0,linprobe,90,1.0
vit_b16_caltech256_f25_s0_linprobe,vit_b16,caltech256,25,0,linprobe,91,0.75
vit_b16_caltech256_f25_s0_linprobe,vit_b16,caltech256,25,0,linprobe,92,1.0
vit_b16_caltech256_f25_s0_linprobe,vit_b16,caltech256,25,0,linprobe,93,1.0
vit_b16_caltech256_f25_s0_linprobe,vit_b16,caltech256,25,0,linprobe,94,0.823529
vit_b16_caltech256_f25_s0_linprobe,vit_b16,caltech256,25,0,linprobe,95,0.824561
vit_b16_caltech256_f25_s0_linprobe,vit_b16,caltech256,25,0,linprobe,96,0.833333
vit_b16_caltech256_f25_s0_linprobe,vit_b16,caltech256,25,0,linprobe,97,0.95
vit_b16_caltech256_f25_s0_linprobe,vit_b16,caltech256,25,0,linprobe,98,0.6875
vit_b16_caltech256_f25_s0_linprobe,vit_b16,caltech256,25,0,linprobe,99,0.947368
vit_b16_caltech256_f25_s0_linprobe,vit_b16,caltech256,25,0,linprobe,100,0.642857
vit_b16_caltech256_f25_s0_linprobe,vit_b16,caltech256,25,0,linprobe,101,0.722222
vit_b16_caltech256_f25_s0_linprobe,vit_b16,caltech256,25,0,linprobe,102,0.954545
vit_b16_caltech256_f25_s0_linprobe,vit_b16,caltech256,25,0,linprobe,103,0.526316
vit_b16_caltech256_f25_s0_linprobe,vit_b16,caltech256,25,0,linprobe,104,0.833333
vit_b16_caltech256_f25_s0_linprobe,vit_b16,caltech256,25,0,linprobe,105,0.705882
vit_b16_caltech256_f25_s0_linprobe,vit_b16,caltech256,25,0,linprobe,106,1.0
vit_b16_caltech256_f25_s0_linprobe,vit_b16,caltech256,25,0,linprobe,107,0.705882
vit_b16_caltech256_f25_s0_linprobe,vit_b16,caltech256,25,0,linprobe,108,0.935484
vit_b16_caltech256_f25_s0_linprobe,vit_b16,caltech256,25,0,linprobe,109,0.882353
vit_b16_caltech256_f25_s0_linprobe,vit_b16,caltech256,25,0,linprobe,110,0.941176
vit_b16_caltech256_f25_s0_linprobe,vit_b16,caltech256,25,0,linprobe,111,0.647059
vit_b16_caltech256_f25_s0_linprobe,vit_b16,caltech256,25,0,linprobe,112,0.956522
vit_b16_caltech256_f25_s0_linprobe,vit_b16,caltech256,25,0,linprobe,113,0.916667
vit_b16_caltech256_f25_s0_linprobe,vit_b16,caltech256,25,0,linprobe,114,0.555556
vit_b16_caltech256_f25_s0_linprobe,vit_b16,caltech256,25,0,linprobe,115,1.0
vit_b16_caltech256_f25_s0_linprobe,vit_b16,caltech256,25,0,linprobe,116,0.958333
vit_b16_caltech256_f25_s0_linprobe,vit_b16,caltech256,25,0,linprobe,117,0.818182
vit_b16_caltech256_f25_s0_linprobe,vit_b16,caltech256,25,0,linprobe,118,0.588235
vit_b16_caltech256_f25_s0_linprobe,vit_b16,caltech256,25,0,linprobe,119,0.884615
vit_b16_caltech256_f25_s0_linprobe,vit_b16,caltech256,25,0,linprobe,120,1.0
vit_b16_caltech256_f25_s0_linprobe,vit_b16,caltech256,25,0,linprobe,121,0.761905
vit_b16_caltech256_f25_s0_linprobe,vit_b16,caltech256,25,0,linprobe,122,1.0
vit_b16_caltech256_f25_s0_linprobe,vit_b16,caltech256,25,0,linprobe,123,0.888889
vit_b16_caltech256_f25_s0_linprobe,vit_b16,caltech256,25,0,linprobe,124,0.25
vit_b16_caltech256_f25_s0_linprobe,vit_b16,caltech256,25,0,linprobe,125,0.604167
vit_b16_caltech256_f25_s0_linprobe,vit_b16,caltech256,25,0,linprobe,126,0.884615
vit_b16_caltech256_f25_s0_linprobe,vit_b16,caltech256,25,0,linprobe,127,0.809524
vit_b16_caltech256_f25_s0_linprobe,vit_b16,caltech256,25,0,linprobe,128,1.0
vit_b16_caltech256_f25_s0_linprobe,vit_b16,caltech256,25,0,linprobe,129,0.777778
vit_b16_caltech256_f25_s0_linprobe,vit_b16,caltech256,25,0,linprobe,130,0.722222
vit_b16_caltech256_f25_s0_linprobe,vit_b16,caltech256,25,0,linprobe,131,0.894737
vit_b16_caltech256_f25_s0_linprobe,vit_b16,caltech256,25,0,linprobe,132,0.740741
vit_b16_caltech256_f25_s0_linprobe,vit_b16,caltech256,25,0,linprobe,133,1.0
vit_b16_caltech256_f25_s0_linprobe,vit_b16,caltech256,25,0,linprobe,134,0.684211
vit_b16_caltech256_f25_s0_linprobe,vit_b16,caltech256,25,0,linprobe,135,0.736842
vit_b16_caltech256_f25_s0_linprobe,vit_b16,caltech256,25,0,linprobe,136,0.903226
vit_b16_caltech256_f25_s0_linprobe,vit_b16,caltech256,25,0,linprobe,137,0.868421
vit_b16_caltech256_f25_s0_linprobe,vit_b16,caltech256,25,0,linprobe,138,0.764706
vit_b16_caltech256_f25_s0_linprobe,vit_b16,caltech256,25,0,linprobe,139,0.611111
vit_b16_caltech256_f25_s0_linprobe,vit_b16,caltech256,25,0,linprobe,140,0.913043
vit_b16_caltech256_f25_s0_linprobe,vit_b16,caltech256,25,0,linprobe,141,0.857143
vit_b16_caltech256_f25_s0_linprobe,vit_b16,caltech256,25,0,linprobe,142,1.0
vit_b16_caltech256_f25_s0_linprobe,vit_b16,caltech256,25,0,linprobe,143,0.5625
vit_b16_caltech256_f25_s0_linprobe,vit_b16,caltech256,25,0,linprobe,144,1.0
vit_b16_caltech256_f25_s0_linprobe,vit_b16,caltech256,25,0,linprobe,145,0.5625
vit_b16_caltech256_f25_s0_linprobe,vit_b16,caltech256,25,0,linprobe,146,0.8
vit_b16_caltech256_f25_s0_linprobe,vit_b16,caltech256,25,0,linprobe,147,0.571429
vit_b16_caltech256_f25_s0_linprobe,vit_b16,caltech256,25,0,linprobe,148,0.809524
vit_b16_caltech256_f25_s0_linprobe,vit_b16,caltech256,25,0,linprobe,149,0.772727
vit_b16_caltech256_f25_s0_linprobe,vit_b16,caltech256,25,0,linprobe,150,1.0
vit_b16_caltech256_f25_s0_linprobe,vit_b16,caltech256,25,0,linprobe,151,0.916667
vit_b16_caltech256_f25_s0_linprobe,vit_b16,caltech256,25,0,linprobe,152,0.894737
vit_b16_caltech256_f25_s0_linprobe,vit_b16,caltech256,25,0,linprobe,153,0.619048
vit_b16_caltech256_f25_s0_linprobe,vit_b16,caltech256,25,0,linprobe,154,0.388889
vit_b16_caltech256_f25_s0_linprobe,vit_b16,caltech256,25,0,linprobe,155,0.473684
vit_b16_caltech256_f25_s0_linprobe,vit_b16,caltech256,25,0,linprobe,156,0.904762
vit_b16_caltech256_f25_s0_linprobe,vit_b16,caltech256,25,0,linprobe,157,0.9
vit_b16_caltech256_f25_s0_linprobe,vit_b16,caltech256,25,0,linprobe,158,0.666667
vit_b16_caltech256_f25_s0_linprobe,vit_b16,caltech256,25,0,linprobe,159,0.470588
vit_b16_caltech256_f25_s0_linprobe,vit_b16,caltech256,25,0,linprobe,160,1.0
vit_b16_caltech256_f25_s0_linprobe,vit_b16,caltech256,25,0,linprobe,161,0.388889
vit_b16_caltech256_f25_s0_linprobe,vit_b16,caltech256,25,0,linprobe,162,0.111111
vit_b16_caltech256_f25_s0_linprobe,vit_b16,caltech256,25,0,linprobe,163,1.0
vit_b16_caltech256_f25_s0_linprobe,vit_b16,caltech256,25,0,linprobe,164,0.611111
vit_b16_caltech256_f25_s0_linprobe,vit_b16,caltech256,25,0,linprobe,165,0.833333
vit_b16_caltech256_f25_s0_linprobe,vit_b16,caltech256,25,0,linprobe,166,0.588235
vit_b16_caltech256_f25_s0_linprobe,vit_b16,caltech256,25,0,linprobe,167,0.928571
vit_b16_caltech256_f25_s0_linprobe,vit_b16,caltech256,25,0,linprobe,168,0.944444
vit_b16_caltech256_f25_s0_linprobe,vit_b16,caltech256,25,0,linprobe,169,0.7
vit_b16_caltech256_f25_s0_linprobe,vit_b16,caltech256,25,0,linprobe,170,0.882353
vit_b16_caltech256_f25_s0_linprobe,vit_b16,caltech256,25,0,linprobe,171,1.0
vit_b16_caltech256_f25_s0_linprobe,vit_b16,caltech256,25,0,linprobe,172,0.666667
vit_b16_caltech256_f25_s0_linprobe,vit_b16,caltech256,25,0,linprobe,173,0.941176
vit_b16_caltech256_f25_s0_linprobe,vit_b16,caltech256,25,0,linprobe,174,0.823529
vit_b16_caltech256_f25_s0_linprobe,vit_b16,caltech256,25,0,linprobe,175,0.772727
vit_b16_caltech256_f25_s0_linprobe,vit_b16,caltech256,25,0,linprobe,176,0.894737
vit_b16_caltech256_f25_s0_linprobe,vit_b16,caltech256,25,0,linprobe,177,0.9
vit_b16_caltech256_f25_s0_linprobe,vit_b16,caltech256,25,0,linprobe,178,0.875
vit_b16_caltech256_f25_s0_linprobe,vit_b16,caltech256,25,0,linprobe,179,0.6
vit_b16_caltech256_f25_s0_linprobe,vit_b16,caltech256,25,0,linprobe,180,0.75
vit_b16_caltech256_f25_s0_linprobe,vit_b16,caltech256,25,0,linprobe,181,0.958333
vit_b16_caltech256_f25_s0_linprobe,vit_b16,caltech256,25,0,linprobe,182,0.85
vit_b16_caltech256_f25_s0_linprobe,vit_b16,caltech256,25,0,linprobe,183,0.941176
vit_b16_caltech256_f25_s0_linprobe,vit_b16,caltech256,25,0,linprobe,184,0.428571
vit_b16_caltech256_f25_s0_linprobe,vit_b16,caltech256,25,0,linprobe,185,1.0
vit_b16_caltech256_f25_s0_linprobe,vit_b16,caltech256,25,0,linprobe,186,0.736842
vit_b16_caltech256_f25_s0_linprobe,vit_b16,caltech256,25,0,linprobe,187,0.611111
vit_b16_caltech256_f25_s0_linprobe,vit_b16,caltech256,25,0,linprobe,188,0.833333
vit_b16_caltech256_f25_s0_linprobe,vit_b16,caltech256,25,0,linprobe,189,0.954545
vit_b16_caltech256_f25_s0_linprobe,vit_b16,caltech256,25,0,linprobe,190,0.727273
vit_b16_caltech256_f25_s0_linprobe,vit_b16,caltech256,25,0,linprobe,191,0.909091
vit_b16_caltech256_f25_s0_linprobe,vit_b16,caltech256,25,0,linprobe,192,0.828571
vit_b16_caltech256_f25_s0_linprobe,vit_b16,caltech256,25,0,linprobe,193,0.954545
vit_b16_caltech256_f25_s0_linprobe,vit_b16,caltech256,25,0,linprobe,194,0.294118
vit_b16_caltech256_f25_s0_linprobe,vit_b16,caltech256,25,0,linprobe,195,0.809524
vit_b16_caltech256_f25_s0_linprobe,vit_b16,caltech256,25,0,linprobe,196,0.75
vit_b16_caltech256_f25_s0_linprobe,vit_b16,caltech256,25,0,linprobe,197,0.818182
vit_b16_caltech256_f25_s0_linprobe,vit_b16,caltech256,25,0,linprobe,198,0.619048
vit_b16_caltech256_f25_s0_linprobe,vit_b16,caltech256,25,0,linprobe,199,0.75
vit_b16_caltech256_f25_s0_linprobe,vit_b16,caltech256,25,0,linprobe,200,0.9375
vit_b16_caltech256_f25_s0_linprobe,vit_b16,caltech256,25,0,linprobe,201,0.473684
vit_b16_caltech256_f25_s0_linprobe,vit_b16,caltech256,25,0,linprobe,202,0.722222
vit_b16_caltech256_f25_s0_linprobe,vit_b16,caltech256,25,0,linprobe,203,0.875
vit_b16_caltech256_f25_s0_linprobe,vit_b16,caltech256,25,0,linprobe,204,0.647059
vit_b16_caltech256_f25_s0_linprobe,vit_b16,caltech256,25,0,linprobe,205,0.55
vit_b16_caltech256_f25_s0_linprobe,vit_b16,caltech256,25,0,linprobe,206,0.826087
vit_b16_caltech256_f25_s0_linprobe,vit_b16,caltech256,25,0,linprobe,207,0.909091
vit_b16_caltech256_f25_s0_linprobe,vit_b16,caltech256,25,0,linprobe,208,0.8
vit_b16_caltech256_f25_s0_linprobe,vit_b16,caltech256,25,0,linprobe,209,0.818182
vit_b16_caltech256_f25_s0_linprobe,vit_b16,caltech256,25,0,linprobe,210,0.736842
vit_b16_caltech256_f25_s0_linprobe,vit_b16,caltech256,25,0,linprobe,211,0.962963
vit_b16_caltech256_f25_s0_linprobe,vit_b16,caltech256,25,0,linprobe,212,0.95
vit_b16_caltech256_f25_s0_linprobe,vit_b16,caltech256,25,0,linprobe,213,0.785714
vit_b16_caltech256_f25_s0_linprobe,vit_b16,caltech256,25,0,linprobe,214,0.823529
vit_b16_caltech256_f25_s0_linprobe,vit_b16,caltech256,25,0,linprobe,215,1.0
vit_b16_caltech256_f25_s0_linprobe,vit_b16,caltech256,25,0,linprobe,216,0.809524
vit_b16_caltech256_f25_s0_linprobe,vit_b16,caltech256,25,0,linprobe,217,0.875
vit_b16_caltech256_f25_s0_linprobe,vit_b16,caltech256,25,0,linprobe,218,0.588235
vit_b16_caltech256_f25_s0_linprobe,vit_b16,caltech256,25,0,linprobe,219,0.894737
vit_b16_caltech256_f25_s0_linprobe,vit_b16,caltech256,25,0,linprobe,220,0.857143
vit_b16_caltech256_f25_s0_linprobe,vit_b16,caltech256,25,0,linprobe,221,0.777778
vit_b16_caltech256_f25_s0_linprobe,vit_b16,caltech256,25,0,linprobe,222,0.625
vit_b16_caltech256_f25_s0_linprobe,vit_b16,caltech256,25,0,linprobe,223,0.772727
vit_b16_caltech256_f25_s0_linprobe,vit_b16,caltech256,25,0,linprobe,224,0.888889
vit_b16_caltech256_f25_s0_linprobe,vit_b16,caltech256,25,0,linprobe,225,0.8
vit_b16_caltech256_f25_s0_linprobe,vit_b16,caltech256,25,0,linprobe,226,0.827586
vit_b16_caltech256_f25_s0_linprobe,vit_b16,caltech256,25,0,linprobe,227,1.0
vit_b16_caltech256_f25_s0_linprobe,vit_b16,caltech256,25,0,linprobe,228,0.789474
vit_b16_caltech256_f25_s0_linprobe,vit_b16,caltech256,25,0,linprobe,229,1.0
vit_b16_caltech256_f25_s0_linprobe,vit_b16,caltech256,25,0,linprobe,230,0.818182
vit_b16_caltech256_f25_s0_linprobe,vit_b16,caltech256,25,0,linprobe,231,0.944444
vit_b16_caltech256_f25_s0_linprobe,vit_b16,caltech256,25,0,linprobe,232,0.4
vit_b16_caltech256_f25_s0_linprobe,vit_b16,caltech256,25,0,linprobe,233,0.75
vit_b16_caltech256_f25_s0_linprobe,vit_b16,caltech256,25,0,linprobe,234,0.73913
vit_b16_caltech256_f25_s0_linprobe,vit_b16,caltech256,25,0,linprobe,235,0.736842
vit_b16_caltech256_f25_s0_linprobe,vit_b16,caltech256,25,0,linprobe,236,0.888889
vit_b16_caltech256_f25_s0_linprobe,vit_b16,caltech256,25,0,linprobe,237,0.947368
vit_b16_caltech256_f25_s0_linprobe,vit_b16,caltech256,25,0,linprobe,238,0.764706
vit_b16_caltech256_f25_s0_linprobe,vit_b16,caltech256,25,0,linprobe,239,0.95
vit_b16_caltech256_f25_s0_linprobe,vit_b16,caltech256,25,0,linprobe,240,0.789474
vit_b16_caltech256_f25_s0_linprobe,vit_b16,caltech256,25,0,linprobe,241,0.684211
vit_b16_caltech256_f25_s0_linprobe,vit_b16,caltech256,25,0,linprobe,242,0.777778
vit_b16_caltech256_f25_s0_linprobe,vit_b16,caltech256,25,0,linprobe,243,0.666667
vit_b16_caltech256_f25_s0_linprobe,vit_b16,caltech256,25,0,linprobe,244,0.777778
vit_b16_caltech256_f25_s0_linprobe,vit_b16,caltech256,25,0,linprobe,245,0.85
vit_b16_caltech256_f25_s0_linprobe,vit_b16,caltech256,25,0,linprobe,246,0.611111
vit_b16_caltech256_f25_s0_linprobe,vit_b16,caltech256,25,0,linprobe,247,0.529412
vit_b16_caltech256_f25_s0_linprobe,vit_b16,caltech256,25,0,linprobe,248,0.65
vit_b16_caltech256_f25_s0_linprobe,vit_b16,caltech256,25,0,linprobe,249,1.0
vit_b16_caltech256_f25_s0_linprobe,vit_b16,caltech256,25,0,linprobe,250,0.94375
vit_b16_caltech256_f25_s0_linprobe,vit_b16,caltech256,25,0,linprobe,251,1.0
vit_b16_caltech256_f25_s0_linprobe,vit_b16,caltech256,25,0,linprobe,252,0.988506
vit_b16_caltech256_f25_s0_linprobe,vit_b16,caltech256,25,0,linprobe,253,0.842105
vit_b16_caltech256_f25_s0_linprobe,vit_b16,caltech256,25,0,linprobe,254,0.571429
vit_b16_caltech256_f25_s0_linprobe,vit_b16,caltech256,25,0,linprobe,255,0.772727
vit_b16_caltech256_f25_s1_fullft,vit_b16,caltech256,25,1,fullft,0,1.0
vit_b16_caltech256_f25_s1_fullft,vit_b16,caltech256,25,1,fullft,1,0.947368
vit_b16_caltech256_f25_s1_fullft,vit_b16,caltech256,25,1,fullft,2,0.933333
vit_b16_caltech256_f25_s1_fullft,vit_b16,caltech256,25,1,fullft,3,0.64
vit_b16_caltech256_f25_s1_fullft,vit_b16,caltech256,25,1,fullft,4,0.933333
vit_b16_caltech256_f25_s1_fullft,vit_b16,caltech256,25,1,fullft,5,0.666667
vit_b16_caltech256_f25_s1_fullft,vit_b16,caltech256,25,1,fullft,6,0.904762
vit_b16_caltech256_f25_s1_fullft,vit_b16,caltech256,25,1,fullft,7,0.869565
vit_b16_caltech256_f25_s1_fullft,vit_b16,caltech256,25,1,fullft,8,0.95
vit_b16_caltech256_f25_s1_fullft,vit_b16,caltech256,25,1,fullft,9,0.789474
vit_b16_caltech256_f25_s1_fullft,vit_b16,caltech256,25,1,fullft,10,0.964286
vit_b16_caltech256_f25_s1_fullft,vit_b16,caltech256,25,1,fullft,11,1.0
vit_b16_caltech256_f25_s1_fullft,vit_b16,caltech256,25,1,fullft,12,0.8
vit_b16_caltech256_f25_s1_fullft,vit_b16,caltech256,25,1,fullft,13,0.882353
vit_b16_caltech256_f25_s1_fullft,vit_b16,caltech256,25,1,fullft,14,1.0
vit_b16_caltech256_f25_s1_fullft,vit_b16,caltech256,25,1,fullft,15,0.666667
vit_b16_caltech256_f25_s1_fullft,vit_b16,caltech256,25,1,fullft,16,0.619048
vit_b16_caltech256_f25_s1_fullft,vit_b16,caltech256,25,1,fullft,17,0.65
vit_b16_caltech256_f25_s1_fullft,vit_b16,caltech256,25,1,fullft,18,0.84
vit_b16_caltech256_f25_s1_fullft,vit_b16,caltech256,25,1,fullft,19,0.764706
vit_b16_caltech256_f25_s1_fullft,vit_b16,caltech256,25,1,fullft,20,0.892857
vit_b16_caltech256_f25_s1_fullft,vit_b16,caltech256,25,1,fullft,21,0.894737
vit_b16_caltech256_f25_s1_fullft,vit_b16,caltech256,25,1,fullft,22,0.954545
vit_b16_caltech256_f25_s1_fullft,vit_b16,caltech256,25,1,fullft,23,1.0
vit_b16_caltech256_f25_s1_fullft,vit_b16,caltech256,25,1,fullft,24,0.73913
vit_b16_caltech256_f25_s1_fullft,vit_b16,caltech256,25,1,fullft,25,0.666667
vit_b16_caltech256_f25_s1_fullft,vit_b16,caltech256,25,1,fullft,26,0.95
vit_b16_caltech256_f25_s1_fullft,vit_b16,caltech256,25,1,fullft,27,0.909091
vit_b16_caltech256_f25_s1_fullft,vit_b16,caltech256,25,1,fullft,28,0.857143
vit_b16_caltech256_f25_s1_fullft,vit_b16,caltech256,25,1,fullft,29,0.619048
vit_b16_caltech256_f25_s1_fullft,vit_b16,caltech256,25,1,fullft,30,0.777778
vit_b16_caltech256_f25_s1_fullft,vit_b16,caltech256,25,1,fullft,31,0.8
vit_b16_caltech256_f25_s1_fullft,vit_b16,caltech256,25,1,fullft,32,0.9
vit_b16_caltech256_f25_s1_fullft,vit_b16,caltech256,25,1,fullft,33,1.0
vit_b16_caltech256_f25_s1_fullft,vit_b16,caltech256,25,1,fullft,34,0.823529
vit_b16_caltech256_f25_s1_fullft,vit_b16,caltech256,25,1,fullft,35,0.857143
vit_b16_caltech256_f25_s1_fullft,vit_b16,caltech256,25,1,fullft,36,1.0
vit_b16_caltech256_f25_s1_fullft,vit_b16,caltech256,25,1,fullft,37,0.863636
vit_b16_caltech256_f25_s1_fullft,vit_b16,caltech256,25,1,fullft,38,0.294118
vit_b16_caltech256_f25_s1_fullft,vit_b16,caltech256,25,1,fullft,39,0.96
vit_b16_caltech256_f25_s1_fullft,vit_b16,caltech256,25,1,fullft,40,0.941176
vit_b16_caltech256_f25_s1_fullft,vit_b16,caltech256,25,1,fullft,41,0.352941
vit_b16_caltech256_f25_s1_fullft,vit_b16,caltech256,25,1,fullft,42,0.64
vit_b16_caltech256_f25_s1_fullft,vit_b16,caltech256,25,1,fullft,43,0.833333
vit_b16_caltech256_f25_s1_fullft,vit_b16,caltech256,25,1,fullft,44,0.941176
vit_b16_caltech256_f25_s1_fullft,vit_b16,caltech256,25,1,fullft,45,1.0
vit_b16_caltech256_f25_s1_fullft,vit_b16,caltech256,25,1,fullft,46,0.842105
vit_b16_caltech256_f25_s1_fullft,vit_b16,caltech256,25,1,fullft,47,0.857143
vit_b16_caltech256_f25_s1_fullft,vit_b16,caltech256,25,1,fullft,48,0.761905
vit_b16_caltech256_f25_s1_fullft,vit_b16,caltech256,25,1,fullft,49,0.894737
vit_b16_caltech256_f25_s1_fullft,vit_b16,caltech256,25,1,fullft,50,0.913043
vit_b16_caltech256_f25_s1_fullft,vit_b16,caltech256,25,1,fullft,51,0.882353
vit_b16_caltech256_f25_s1_fullft,vit_b16,caltech256,25,1,fullft,52,0.9375
vit_b16_caltech256_f25_s1_fullft,vit_b16,caltech256,25,1,fullft,53,0.958333
vit_b16_caltech256_f25_s1_fullft,vit_b16,caltech256,25,1,fullft,54,0.55
vit_b16_caltech256_f25_s1_fullft,vit_b16,caltech256,25,1,fullft,55,0.8
vit_b16_caltech256_f25_s1_fullft,vit_b16,caltech256,25,1,fullft,56,0.857143
vit_b16_caltech256_f25_s1_fullft,vit_b16,caltech256,25,1,fullft,57,0.736842
vit_b16_caltech256_f25_s1_fullft,vit_b16,caltech256,25,1,fullft,58,0.529412
vit_b16_caltech256_f25_s1_fullft,vit_b16,caltech256,25,1,fullft,59,0.764706
vit_b16_caltech256_f25_s1_fullft,vit_b16,caltech256,25,1,fullft,60,0.8
vit_b16_caltech256_f25_s1_fullft,vit_b16,caltech256,25,1,fullft,61,0.941176
vit_b16_caltech256_f25_s1_fullft,vit_b16,caltech256,25,1,fullft,62,0.916667
vit_b16_caltech256_f25_s1_fullft,vit_b16,caltech256,25,1,fullft,63,0.923077
vit_b16_caltech256_f25_s1_fullft,vit_b16,caltech256,25,1,fullft,64,0.95
vit_b16_caltech256_f25_s1_fullft,vit_b16,caltech256,25,1,fullft,65,0.882353
vit_b16_caltech256_f25_s1_fullft,vit_b16,caltech256,25,1,fullft,66,0.764706
vit_b16_caltech256_f25_s1_fullft,vit_b16,caltech256,25,1,fullft,67,0.818182
vit_b16_caltech256_f25_s1_fullft,vit_b16,caltech256,25,1,fullft,68,0.6
vit_b16_caltech256_f25_s1_fullft,vit_b16,caltech256,25,1,fullft,69,0.588235
vit_b16_caltech256_f25_s1_fullft,vit_b16,caltech256,25,1,fullft,70,0.7
vit_b16_caltech256_f25_s1_fullft,vit_b16,caltech256,25,1,fullft,71,0.958333
vit_b16_caltech256_f25_s1_fullft,vit_b16,caltech256,25,1,fullft,72,0.9
vit_b16_caltech256_f25_s1_fullft,vit_b16,caltech256,25,1,fullft,73,0.652174
vit_b16_caltech256_f25_s1_fullft,vit_b16,caltech256,25,1,fullft,74,0.529412
vit_b16_caltech256_f25_s1_fullft,vit_b16,caltech256,25,1,fullft,75,0.941176
vit_b16_caltech256_f25_s1_fullft,vit_b16,caltech256,25,1,fullft,76,1.0
vit_b16_caltech256_f25_s1_fullft,vit_b16,caltech256,25,1,fullft,77,0.888889
vit_b16_caltech256_f25_s1_fullft,vit_b16,caltech256,25,1,fullft,78,0.25
vit_b16_caltech256_f25_s1_fullft,vit_b16,caltech256,25,1,fullft,79,0.391304
vit_b16_caltech256_f25_s1_fullft,vit_b16,caltech256,25,1,fullft,80,0.894737
vit_b16_caltech256_f25_s1_fullft,vit_b16,caltech256,25,1,fullft,81,0.9375
vit_b16_caltech256_f25_s1_fullft,vit_b16,caltech256,25,1,fullft,82,0.842105
vit_b16_caltech256_f25_s1_fullft,vit_b16,caltech256,25,1,fullft,83,0.941176
vit_b16_caltech256_f25_s1_fullft,vit_b16,caltech256,25,1,fullft,84,0.818182
vit_b16_caltech256_f25_s1_fullft,vit_b16,caltech256,25,1,fullft,85,0.9375
vit_b16_caltech256_f25_s1_fullft,vit_b16,caltech256,25,1,fullft,86,0.894737
vit_b16_caltech256_f25_s1_fullft,vit_b16,caltech256,25,1,fullft,87,0.95
vit_b16_caltech256_f25_s1_fullft,vit_b16,caltech256,25,1,fullft,88,0.772727
vit_b16_caltech256_f25_s1_fullft,vit_b16,caltech256,25,1,fullft,89,0.97619
vit_b16_caltech256_f25_s1_fullft,vit_b16,caltech256,25,1,fullft,90,0.947368
vit_b16_caltech256_f25_s1_fullft,vit_b16,caltech256,25,1,fullft,91,0.875
vit_b16_caltech256_f25_s1_fullft,vit_b16,caltech256,25,1,fullft,92,1.0
vit_b16_caltech256_f25_s1_fullft,vit_b16,caltech256,25,1,fullft,93,0.904762
vit_b16_caltech256_f25_s1_fullft,vit_b16,caltech256,25,1,fullft,94,0.882353
vit_b16_caltech256_f25_s1_fullft,vit_b16,caltech256,25,1,fullft,95,0.964912
vit_b16_caltech256_f25_s1_fullft,vit_b16,caltech256,25,1,fullft,96,0.833333
vit_b16_caltech256_f25_s1_fullft,vit_b16,caltech256,25,1,fullft,97,0.95
vit_b16_caltech256_f25_s1_fullft,vit_b16,caltech256,25,1,fullft,98,0.75
vit_b16_caltech256_f25_s1_fullft,vit_b16,caltech256,25,1,fullft,99,1.0
vit_b16_caltech256_f25_s1_fullft,vit_b16,caltech256,25,1,fullft,100,0.892857
vit_b16_caltech256_f25_s1_fullft,vit_b16,caltech256,25,1,fullft,101,0.888889
vit_b16_caltech256_f25_s1_fullft,vit_b16,caltech256,25,1,fullft,102,0.954545
vit_b16_caltech256_f25_s1_fullft,vit_b16,caltech256,25,1,fullft,103,0.842105
vit_b16_caltech256_f25_s1_fullft,vit_b16,caltech256,25,1,fullft,104,0.925926
vit_b16_caltech256_f25_s1_fullft,vit_b16,caltech256,25,1,fullft,105,0.529412
vit_b16_caltech256_f25_s1_fullft,vit_b16,caltech256,25,1,fullft,106,1.0
vit_b16_caltech256_f25_s1_fullft,vit_b16,caltech256,25,1,fullft,107,0.705882
vit_b16_caltech256_f25_s1_fullft,vit_b16,caltech256,25,1,fullft,108,0.967742
vit_b16_caltech256_f25_s1_fullft,vit_b16,caltech256,25,1,fullft,109,0.823529
vit_b16_caltech256_f25_s1_fullft,vit_b16,caltech256,25,1,fullft,110,0.941176
vit_b16_caltech256_f25_s1_fullft,vit_b16,caltech256,25,1,fullft,111,0.823529
vit_b16_caltech256_f25_s1_fullft,vit_b16,caltech256,25,1,fullft,112,0.956522
vit_b16_caltech256_f25_s1_fullft,vit_b16,caltech256,25,1,fullft,113,0.916667
vit_b16_caltech256_f25_s1_fullft,vit_b16,caltech256,25,1,fullft,114,0.666667
vit_b16_caltech256_f25_s1_fullft,vit_b16,caltech256,25,1,fullft,115,0.904762
vit_b16_caltech256_f25_s1_fullft,vit_b16,caltech256,25,1,fullft,116,0.916667
vit_b16_caltech256_f25_s1_fullft,vit_b16,caltech256,25,1,fullft,117,0.954545
vit_b16_caltech256_f25_s1_fullft,vit_b16,caltech256,25,1,fullft,118,0.529412
vit_b16_caltech256_f25_s1_fullft,vit_b16,caltech256,25,1,fullft,119,0.807692
vit_b16_caltech256_f25_s1_fullft,vit_b16,caltech256,25,1,fullft,120,1.0
vit_b16_caltech256_f25_s1_fullft,vit_b16,caltech256,25,1,fullft,121,0.809524
vit_b16_caltech256_f25_s1_fullft,vit_b16,caltech256,25,1,fullft,122,1.0
vit_b16_caltech256_f25_s1_fullft,vit_b16,caltech256,25,1,fullft,123,0.944444
vit_b16_caltech256_f25_s1_fullft,vit_b16,caltech256,25,1,fullft,124,0.15
vit_b16_caltech256_f25_s1_fullft,vit_b16,caltech256,25,1,fullft,125,0.708333
vit_b16_caltech256_f25_s1_fullft,vit_b16,caltech256,25,1,fullft,126,0.884615
vit_b16_caltech256_f25_s1_fullft,vit_b16,caltech256,25,1,fullft,127,0.857143
vit_b16_caltech256_f25_s1_fullft,vit_b16,caltech256,25,1,fullft,128,1.0
vit_b16_caltech256_f25_s1_fullft,vit_b16,caltech256,25,1,fullft,129,0.888889
vit_b16_caltech256_f25_s1_fullft,vit_b16,caltech256,25,1,fullft,130,0.777778
vit_b16_caltech256_f25_s1_fullft,vit_b16,caltech256,25,1,fullft,131,0.868421
vit_b16_caltech256_f25_s1_fullft,vit_b16,caltech256,25,1,fullft,132,0.703704
vit_b16_caltech256_f25_s1_fullft,vit_b16,caltech256,25,1,fullft,133,0.958333
vit_b16_caltech256_f25_s1_fullft,vit_b16,caltech256,25,1,fullft,134,0.736842
vit_b16_caltech256_f25_s1_fullft,vit_b16,caltech256,25,1,fullft,135,0.842105
vit_b16_caltech256_f25_s1_fullft,vit_b16,caltech256,25,1,fullft,136,0.967742
vit_b16_caltech256_f25_s1_fullft,vit_b16,caltech256,25,1,fullft,137,0.894737
vit_b16_caltech256_f25_s1_fullft,vit_b16,caltech256,25,1,fullft,138,0.882353
vit_b16_caltech256_f25_s1_fullft,vit_b16,caltech256,25,1,fullft,139,0.722222
vit_b16_caltech256_f25_s1_fullft,vit_b16,caltech256,25,1,fullft,140,0.913043
vit_b16_caltech256_f25_s1_fullft,vit_b16,caltech256,25,1,fullft,141,0.857143
vit_b16_caltech256_f25_s1_fullft,vit_b16,caltech256,25,1,fullft,142,0.923077
vit_b16_caltech256_f25_s1_fullft,vit_b16,caltech256,25,1,fullft,143,0.8125
vit_b16_caltech256_f25_s1_fullft,vit_b16,caltech256,25,1,fullft,144,1.0
vit_b16_caltech256_f25_s1_fullft,vit_b16,caltech256,25,1,fullft,145,0.625
vit_b16_caltech256_f25_s1_fullft,vit_b16,caltech256,25,1,fullft,146,0.775
vit_b16_caltech256_f25_s1_fullft,vit_b16,caltech256,25,1,fullft,147,0.742857
vit_b16_caltech256_f25_s1_fullft,vit_b16,caltech256,25,1,fullft,148,0.857143
vit_b16_caltech256_f25_s1_fullft,vit_b16,caltech256,25,1,fullft,149,0.954545
vit_b16_caltech256_f25_s1_fullft,vit_b16,caltech256,25,1,fullft,150,0.954545
vit_b16_caltech256_f25_s1_fullft,vit_b16,caltech256,25,1,fullft,151,0.958333
vit_b16_caltech256_f25_s1_fullft,vit_b16,caltech256,25,1,fullft,152,0.842105
vit_b16_caltech256_f25_s1_fullft,vit_b16,caltech256,25,1,fullft,153,0.714286
vit_b16_caltech256_f25_s1_fullft,vit_b16,caltech256,25,1,fullft,154,0.444444
vit_b16_caltech256_f25_s1_fullft,vit_b16,caltech256,25,1,fullft,155,0.631579
vit_b16_caltech256_f25_s1_fullft,vit_b16,caltech256,25,1,fullft,156,0.904762
vit_b16_caltech256_f25_s1_fullft,vit_b16,caltech256,25,1,fullft,157,1.0
vit_b16_caltech256_f25_s1_fullft,vit_b16,caltech256,25,1,fullft,158,0.785714
vit_b16_caltech256_f25_s1_fullft,vit_b16,caltech256,25,1,fullft,159,0.529412
vit_b16_caltech256_f25_s1_fullft,vit_b16,caltech256,25,1,fullft,160,0.904762
vit_b16_caltech256_f25_s1_fullft,vit_b16,caltech256,25,1,fullft,161,0.555556
vit_b16_caltech256_f25_s1_fullft,vit_b16,caltech256,25,1,fullft,162,0.333333
vit_b16_caltech256_f25_s1_fullft,vit_b16,caltech256,25,1,fullft,163,1.0
vit_b16_caltech256_f25_s1_fullft,vit_b16,caltech256,25,1,fullft,164,0.666667
vit_b16_caltech256_f25_s1_fullft,vit_b16,caltech256,25,1,fullft,165,0.888889
vit_b16_caltech256_f25_s1_fullft,vit_b16,caltech256,25,1,fullft,166,0.705882
vit_b16_caltech256_f25_s1_fullft,vit_b16,caltech256,25,1,fullft,167,0.928571
vit_b16_caltech256_f25_s1_fullft,vit_b16,caltech256,25,1,fullft,168,1.0
vit_b16_caltech256_f25_s1_fullft,vit_b16,caltech256,25,1,fullft,169,0.8
vit_b16_caltech256_f25_s1_fullft,vit_b16,caltech256,25,1,fullft,170,0.705882
vit_b16_caltech256_f25_s1_fullft,vit_b16,caltech256,25,1,fullft,171,0.95
vit_b16_caltech256_f25_s1_fullft,vit_b16,caltech256,25,1,fullft,172,0.619048
vit_b16_caltech256_f25_s1_fullft,vit_b16,caltech256,25,1,fullft,173,1.0
vit_b16_caltech256_f25_s1_fullft,vit_b16,caltech256,25,1,fullft,174,0.941176
vit_b16_caltech256_f25_s1_fullft,vit_b16,caltech256,25,1,fullft,175,0.772727
vit_b16_caltech256_f25_s1_fullft,vit_b16,caltech256,25,1,fullft,176,1.0
vit_b16_caltech256_f25_s1_fullft,vit_b16,caltech256,25,1,fullft,177,0.9
vit_b16_caltech256_f25_s1_fullft,vit_b16,caltech256,25,1,fullft,178,1.0
vit_b16_caltech256_f25_s1_fullft,vit_b16,caltech256,25,1,fullft,179,0.6
vit_b16_caltech256_f25_s1_fullft,vit_b16,caltech256,25,1,fullft,180,0.85
vit_b16_caltech256_f25_s1_fullft,vit_b16,caltech256,25,1,fullft,181,1.0
vit_b16_caltech256_f25_s1_fullft,vit_b16,caltech256,25,1,fullft,182,0.85
vit_b16_caltech256_f25_s1_fullft,vit_b16,caltech256,25,1,fullft,183,0.941176
vit_b16_caltech256_f25_s1_fullft,vit_b16,caltech256,25,1,fullft,184,0.571429
vit_b16_caltech256_f25_s1_fullft,vit_b16,caltech256,25,1,fullft,185,1.0
vit_b16_caltech256_f25_s1_fullft,vit_b16,caltech256,25,1,fullft,186,1.0
vit_b16_caltech256_f25_s1_fullft,vit_b16,caltech256,25,1,fullft,187,0.833333
vit_b16_caltech256_f25_s1_fullft,vit_b16,caltech256,25,1,fullft,188,0.875
vit_b16_caltech256_f25_s1_fullft,vit_b16,caltech256,25,1,fullft,189,0.954545
vit_b16_caltech256_f25_s1_fullft,vit_b16,caltech256,25,1,fullft,190,0.863636
vit_b16_caltech256_f25_s1_fullft,vit_b16,caltech256,25,1,fullft,191,0.954545
vit_b16_caltech256_f25_s1_fullft,vit_b16,caltech256,25,1,fullft,192,0.885714
vit_b16_caltech256_f25_s1_fullft,vit_b16,caltech256,25,1,fullft,193,0.954545
vit_b16_caltech256_f25_s1_fullft,vit_b16,caltech256,25,1,fullft,194,0.411765
vit_b16_caltech256_f25_s1_fullft,vit_b16,caltech256,25,1,fullft,195,0.857143
vit_b16_caltech256_f25_s1_fullft,vit_b16,caltech256,25,1,fullft,196,0.7
vit_b16_caltech256_f25_s1_fullft,vit_b16,caltech256,25,1,fullft,197,0.818182
vit_b16_caltech256_f25_s1_fullft,vit_b16,caltech256,25,1,fullft,198,0.571429
vit_b16_caltech256_f25_s1_fullft,vit_b16,caltech256,25,1,fullft,199,0.9
vit_b16_caltech256_f25_s1_fullft,vit_b16,caltech256,25,1,fullft,200,1.0
vit_b16_caltech256_f25_s1_fullft,vit_b16,caltech256,25,1,fullft,201,0.684211
vit_b16_caltech256_f25_s1_fullft,vit_b16,caltech256,25,1,fullft,202,0.777778
vit_b16_caltech256_f25_s1_fullft,vit_b16,caltech256,25,1,fullft,203,1.0
vit_b16_caltech256_f25_s1_fullft,vit_b16,caltech256,25,1,fullft,204,0.882353
vit_b16_caltech256_f25_s1_fullft,vit_b16,caltech256,25,1,fullft,205,0.7
vit_b16_caltech256_f25_s1_fullft,vit_b16,caltech256,25,1,fullft,206,0.913043
vit_b16_caltech256_f25_s1_fullft,vit_b16,caltech256,25,1,fullft,207,0.954545
vit_b16_caltech256_f25_s1_fullft,vit_b16,caltech256,25,1,fullft,208,0.8
vit_b16_caltech256_f25_s1_fullft,vit_b16,caltech256,25,1,fullft,209,0.727273
vit_b16_caltech256_f25_s1_fullft,vit_b16,caltech256,25,1,fullft,210,0.789474
vit_b16_caltech256_f25_s1_fullft,vit_b16,caltech256,25,1,fullft,211,0.925926
vit_b16_caltech256_f25_s1_fullft,vit_b16,caltech256,25,1,fullft,212,1.0
vit_b16_caltech256_f25_s1_fullft,vit_b16,caltech256,25,1,fullft,213,0.892857
vit_b16_caltech256_f25_s1_fullft,vit_b16,caltech256,25,1,fullft,214,0.823529
vit_b16_caltech256_f25_s1_fullft,vit_b16,caltech256,25,1,fullft,215,0.95
vit_b16_caltech256_f25_s1_fullft,vit_b16,caltech256,25,1,fullft,216,0.714286
vit_b16_caltech256_f25_s1_fullft,vit_b16,caltech256,25,1,fullft,217,1.0
vit_b16_caltech256_f25_s1_fullft,vit_b16,caltech256,25,1,fullft,218,0.647059
vit_b16_caltech256_f25_s1_fullft,vit_b16,caltech256,25,1,fullft,219,0.842105
vit_b16_caltech256_f25_s1_fullft,vit_b16,caltech256,25,1,fullft,220,0.904762
vit_b16_caltech256_f25_s1_fullft,vit_b16,caltech256,25,1,fullft,221,0.777778
vit_b16_caltech256_f25_s1_fullft,vit_b16,caltech256,25,1,fullft,222,0.5625
vit_b16_caltech256_f25_s1_fullft,vit_b16,caltech256,25,1,fullft,223,0.818182
vit_b16_caltech256_f25_s1_fullft,vit_b16,caltech256,25,1,fullft,224,0.944444
vit_b16_caltech256_f25_s1_fullft,vit_b16,caltech256,25,1,fullft,225,0.75
vit_b16_caltech256_f25_s1_fullft,vit_b16,caltech256,25,1,fullft,226,0.896552
vit_b16_caltech256_f25_s1_fullft,vit_b16,caltech256,25,1,fullft,227,1.0
vit_b16_caltech256_f25_s1_fullft,vit_b16,caltech256,25,1,fullft,228,0.842105
vit_b16_caltech256_f25_s1_fullft,vit_b16,caltech256,25,1,fullft,229,1.0
vit_b16_caltech256_f25_s1_fullft,vit_b16,caltech256,25,1,fullft,230,0.681818
vit_b16_caltech256_f25_s1_fullft,vit_b16,caltech256,25,1,fullft,231,0.916667
vit_b16_caltech256_f25_s1_fullft,vit_b16,caltech256,25,1,fullft,232,0.6
vit_b16_caltech256_f25_s1_fullft,vit_b16,caltech256,25,1,fullft,233,0.875
vit_b16_caltech256_f25_s1_fullft,vit_b16,caltech256,25,1,fullft,234,0.869565
vit_b16_caltech256_f25_s1_fullft,vit_b16,caltech256,25,1,fullft,235,0.736842
vit_b16_caltech256_f25_s1_fullft,vit_b16,caltech256,25,1,fullft,236,0.888889
vit_b16_caltech256_f25_s1_fullft,vit_b16,caltech256,25,1,fullft,237,0.947368
vit_b16_caltech256_f25_s1_fullft,vit_b16,caltech256,25,1,fullft,238,0.705882
vit_b16_caltech256_f25_s1_fullft,vit_b16,caltech256,25,1,fullft,239,0.95
vit_b16_caltech256_f25_s1_fullft,vit_b16,caltech256,25,1,fullft,240,0.894737
vit_b16_caltech256_f25_s1_fullft,vit_b16,caltech256,25,1,fullft,241,0.947368
vit_b16_caltech256_f25_s1_fullft,vit_b16,caltech256,25,1,fullft,242,0.888889
vit_b16_caltech256_f25_s1_fullft,vit_b16,caltech256,25,1,fullft,243,0.722222
vit_b16_caltech256_f25_s1_fullft,vit_b16,caltech256,25,1,fullft,244,0.777778
vit_b16_caltech256_f25_s1_fullft,vit_b16,caltech256,25,1,fullft,245,0.85
vit_b16_caltech256_f25_s1_fullft,vit_b16,caltech256,25,1,fullft,246,0.666667
vit_b16_caltech256_f25_s1_fullft,vit_b16,caltech256,25,1,fullft,247,0.705882
vit_b16_caltech256_f25_s1_fullft,vit_b16,caltech256,25,1,fullft,248,0.55
vit_b16_caltech256_f25_s1_fullft,vit_b16,caltech256,25,1,fullft,249,1.0
vit_b16_caltech256_f25_s1_fullft,vit_b16,caltech256,25,1,fullft,250,0.9875
vit_b16_caltech256_f25_s1_fullft,vit_b16,caltech256,25,1,fullft,251,1.0
vit_b16_caltech256_f25_s1_fullft,vit_b16,caltech256,25,1,fullft,252,0.988506
vit_b16_caltech256_f25_s1_fullft,vit_b16,caltech256,25,1,fullft,253,0.842105
vit_b16_caltech256_f25_s1_fullft,vit_b16,caltech256,25,1,fullft,254,0.571429
vit_b16_caltech256_f25_s1_fullft,vit_b16,caltech256,25,1,fullft,255,1.0
vit_b16_caltech256_f25_s1_linprobe,vit_b16,caltech256,25,1,linprobe,0,1.0
vit_b16_caltech256_f25_s1_linprobe,vit_b16,caltech256,25,1,linprobe,1,0.894737
vit_b16_caltech256_f25_s1_linprobe,vit_b16,caltech256,25,1,linprobe,2,0.9
vit_b16_caltech256_f25_s1_linprobe,vit_b16,caltech256,25,1,linprobe,3,0.6
vit_b16_caltech256_f25_s1_linprobe,vit_b16,caltech256,25,1,linprobe,4,0.866667
vit_b16_caltech256_f25_s1_linprobe,vit_b16,caltech256,25,1,linprobe,5,0.722222
vit_b16_caltech256_f25_s1_linprobe,vit_b16,caltech256,25,1,linprobe,6,0.809524
vit_b16_caltech256_f25_s1_linprobe,vit_b16,caltech256,25,1,linprobe,7,0.913043
vit_b16_caltech256_f25_s1_linprobe,vit_b16,caltech256,25,1,linprobe,8,1.0
vit_b16_caltech256_f25_s1_linprobe,vit_b16,caltech256,25,1,linprobe,9,0.789474
vit_b16_caltech256_f25_s1_linprobe,vit_b16,caltech256,25,1,linprobe,10,0.982143
vit_b16_caltech256_f25_s1_linprobe,vit_b16,caltech256,25,1,linprobe,11,0.976744
vit_b16_caltech256_f25_s1_linprobe,vit_b16,caltech256,25,1,linprobe,12,0.65
vit_b16_caltech256_f25_s1_linprobe,vit_b16,caltech256,25,1,linprobe,13,0.764706
vit_b16_caltech256_f25_s1_linprobe,vit_b16,caltech256,25,1,linprobe,14,1.0
vit_b16_caltech256_f25_s1_linprobe,vit_b16,caltech256,25,1,linprobe,15,0.888889
vit_b16_caltech256_f25_s1_linprobe,vit_b16,caltech256,25,1,linprobe,16,0.571429
vit_b16_caltech256_f25_s1_linprobe,vit_b16,caltech256,25,1,linprobe,17,0.5
vit_b16_caltech256_f25_s1_linprobe,vit_b16,caltech256,25,1,linprobe,18,0.68
vit_b16_caltech256_f25_s1_linprobe,vit_b16,caltech256,25,1,linprobe,19,0.588235
vit_b16_caltech256_f25_s1_linprobe,vit_b16,caltech256,25,1,linprobe,20,0.821429
vit_b16_caltech256_f25_s1_linprobe,vit_b16,caltech256,25,1,linprobe,21,0.842105
vit_b16_caltech256_f25_s1_linprobe,vit_b16,caltech256,25,1,linprobe,22,0.954545
vit_b16_caltech256_f25_s1_linprobe,vit_b16,caltech256,25,1,linprobe,23,0.954545
vit_b16_caltech256_f25_s1_linprobe,vit_b16,caltech256,25,1,linprobe,24,0.652174
vit_b16_caltech256_f25_s1_linprobe,vit_b16,caltech256,25,1,linprobe,25,0.666667
vit_b16_caltech256_f25_s1_linprobe,vit_b16,caltech256,25,1,linprobe,26,0.9
vit_b16_caltech256_f25_s1_linprobe,vit_b16,caltech256,25,1,linprobe,27,0.954545
vit_b16_caltech256_f25_s1_linprobe,vit_b16,caltech256,25,1,linprobe,28,1.0
vit_b16_caltech256_f25_s1_linprobe,vit_b16,caltech256,25,1,linprobe,29,0.571429
vit_b16_caltech256_f25_s1_linprobe,vit_b16,caltech256,25,1,linprobe,30,0.777778
vit_b16_caltech256_f25_s1_linprobe,vit_b16,caltech256,25,1,linprobe,31,0.65
vit_b16_caltech256_f25_s1_linprobe,vit_b16,caltech256,25,1,linprobe,32,0.75
vit_b16_caltech256_f25_s1_linprobe,vit_b16,caltech256,25,1,linprobe,33,0.9
vit_b16_caltech256_f25_s1_linprobe,vit_b16,caltech256,25,1,linprobe,34,0.823529
vit_b16_caltech256_f25_s1_linprobe,vit_b16,caltech256,25,1,linprobe,35,0.809524
vit_b16_caltech256_f25_s1_linprobe,vit_b16,caltech256,25,1,linprobe,36,0.958333
vit_b16_caltech256_f25_s1_linprobe,vit_b16,caltech256,25,1,linprobe,37,0.863636
vit_b16_caltech256_f25_s1_linprobe,vit_b16,caltech256,25,1,linprobe,38,0.294118
vit_b16_caltech256_f25_s1_linprobe,vit_b16,caltech256,25,1,linprobe,39,0.96
vit_b16_caltech256_f25_s1_linprobe,vit_b16,caltech256,25,1,linprobe,40,0.941176
vit_b16_caltech256_f25_s1_linprobe,vit_b16,caltech256,25,1,linprobe,41,0.352941
vit_b16_caltech256_f25_s1_linprobe,vit_b16,caltech256,25,1,linprobe,42,0.68
vit_b16_caltech256_f25_s1_linprobe,vit_b16,caltech256,25,1,linprobe,43,0.75
vit_b16_caltech256_f25_s1_linprobe,vit_b16,caltech256,25,1,linprobe,44,0.941176
vit_b16_caltech256_f25_s1_linprobe,vit_b16,caltech256,25,1,linprobe,45,1.0
vit_b16_caltech256_f25_s1_linprobe,vit_b16,caltech256,25,1,linprobe,46,0.842105
vit_b16_caltech256_f25_s1_linprobe,vit_b16,caltech256,25,1,linprobe,47,0.857143
vit_b16_caltech256_f25_s1_linprobe,vit_b16,caltech256,25,1,linprobe,48,0.857143
vit_b16_caltech256_f25_s1_linprobe,vit_b16,caltech256,25,1,linprobe,49,0.684211
vit_b16_caltech256_f25_s1_linprobe,vit_b16,caltech256,25,1,linprobe,50,0.869565
vit_b16_caltech256_f25_s1_linprobe,vit_b16,caltech256,25,1,linprobe,51,0.941176
vit_b16_caltech256_f25_s1_linprobe,vit_b16,caltech256,25,1,linprobe,52,0.8125
vit_b16_caltech256_f25_s1_linprobe,vit_b16,caltech256,25,1,linprobe,53,1.0
vit_b16_caltech256_f25_s1_linprobe,vit_b16,caltech256,25,1,linprobe,54,0.45
vit_b16_caltech256_f25_s1_linprobe,vit_b16,caltech256,25,1,linprobe,55,0.8
vit_b16_caltech256_f25_s1_linprobe,vit_b16,caltech256,25,1,linprobe,56,0.761905
vit_b16_caltech256_f25_s1_linprobe,vit_b16,caltech256,25,1,linprobe,57,0.578947
vit_b16_caltech256_f25_s1_linprobe,vit_b16,caltech256,25,1,linprobe,58,0.176471
vit_b16_caltech256_f25_s1_linprobe,vit_b16,caltech256,25,1,linprobe,59,0.588235
vit_b16_caltech256_f25_s1_linprobe,vit_b16,caltech256,25,1,linprobe,60,0.85
vit_b16_caltech256_f25_s1_linprobe,vit_b16,caltech256,25,1,linprobe,61,0.823529
vit_b16_caltech256_f25_s1_linprobe,vit_b16,caltech256,25,1,linprobe,62,0.916667
vit_b16_caltech256_f25_s1_linprobe,vit_b16,caltech256,25,1,linprobe,63,0.923077
vit_b16_caltech256_f25_s1_linprobe,vit_b16,caltech256,25,1,linprobe,64,0.85
vit_b16_caltech256_f25_s1_linprobe,vit_b16,caltech256,25,1,linprobe,65,0.882353
vit_b16_caltech256_f25_s1_linprobe,vit_b16,caltech256,25,1,linprobe,66,0.882353
vit_b16_caltech256_f25_s1_linprobe,vit_b16,caltech256,25,1,linprobe,67,0.909091
vit_b16_caltech256_f25_s1_linprobe,vit_b16,caltech256,25,1,linprobe,68,0.6
vit_b16_caltech256_f25_s1_linprobe,vit_b16,caltech256,25,1,linprobe,69,0.411765
vit_b16_caltech256_f25_s1_linprobe,vit_b16,caltech256,25,1,linprobe,70,0.5
vit_b16_caltech256_f25_s1_linprobe,vit_b16,caltech256,25,1,linprobe,71,0.958333
vit_b16_caltech256_f25_s1_linprobe,vit_b16,caltech256,25,1,linprobe,72,0.9
vit_b16_caltech256_f25_s1_linprobe,vit_b16,caltech256,25,1,linprobe,73,0.521739
vit_b16_caltech256_f25_s1_linprobe,vit_b16,caltech256,25,1,linprobe,74,0.529412
vit_b16_caltech256_f25_s1_linprobe,vit_b16,caltech256,25,1,linprobe,75,0.941176
vit_b16_caltech256_f25_s1_linprobe,vit_b16,caltech256,25,1,linprobe,76,1.0
vit_b16_caltech256_f25_s1_linprobe,vit_b16,caltech256,25,1,linprobe,77,0.833333
vit_b16_caltech256_f25_s1_linprobe,vit_b16,caltech256,25,1,linprobe,78,0.25
vit_b16_caltech256_f25_s1_linprobe,vit_b16,caltech256,25,1,linprobe,79,0.478261
vit_b16_caltech256_f25_s1_linprobe,vit_b16,caltech256,25,1,linprobe,80,0.842105
vit_b16_caltech256_f25_s1_linprobe,vit_b16,caltech256,25,1,linprobe,81,0.875
vit_b16_caltech256_f25_s1_linprobe,vit_b16,caltech256,25,1,linprobe,82,0.894737
vit_b16_caltech256_f25_s1_linprobe,vit_b16,caltech256,25,1,linprobe,83,0.705882
vit_b16_caltech256_f25_s1_linprobe,vit_b16,caltech256,25,1,linprobe,84,0.636364
vit_b16_caltech256_f25_s1_linprobe,vit_b16,caltech256,25,1,linprobe,85,0.875
vit_b16_caltech256_f25_s1_linprobe,vit_b16,caltech256,25,1,linprobe,86,0.894737
vit_b16_caltech256_f25_s1_linprobe,vit_b16,caltech256,25,1,linprobe,87,0.95
vit_b16_caltech256_f25_s1_linprobe,vit_b16,caltech256,25,1,linprobe,88,0.772727
vit_b16_caltech256_f25_s1_linprobe,vit_b16,caltech256,25,1,linprobe,89,0.952381
vit_b16_caltech256_f25_s1_linprobe,vit_b16,caltech256,25,1,linprobe,90,0.947368
vit_b16_caltech256_f25_s1_linprobe,vit_b16,caltech256,25,1,linprobe,91,0.825
vit_b16_caltech256_f25_s1_linprobe,vit_b16,caltech256,25,1,linprobe,92,1.0
vit_b16_caltech256_f25_s1_linprobe,vit_b16,caltech256,25,1,linprobe,93,1.0
vit_b16_caltech256_f25_s1_linprobe,vit_b16,caltech256,25,1,linprobe,94,0.764706
vit_b16_caltech256_f25_s1_linprobe,vit_b16,caltech256,25,1,linprobe,95,0.842105
vit_b16_caltech256_f25_s1_linprobe,vit_b16,caltech256,25,1,linprobe,96,0.777778
vit_b16_caltech256_f25_s1_linprobe,vit_b16,caltech256,25,1,linprobe,97,0.95
vit_b16_caltech256_f25_s1_linprobe,vit_b16,caltech256,25,1,linprobe,98,1.0
vit_b16_caltech256_f25_s1_linprobe,vit_b16,caltech256,25,1,linprobe,99,1.0
vit_b16_caltech256_f25_s1_linprobe,vit_b16,caltech256,25,1,linprobe,100,0.821429
vit_b16_caltech256_f25_s1_linprobe,vit_b16,caltech256,25,1,linprobe,101,0.5
vit_b16_caltech256_f25_s1_linprobe,vit_b16,caltech256,25,1,linprobe,102,0.863636
vit_b16_caltech256_f25_s1_linprobe,vit_b16,caltech256,25,1,linprobe,103,0.736842
vit_b16_caltech256_f25_s1_linprobe,vit_b16,caltech256,25,1,linprobe,104,0.814815
vit_b16_caltech256_f25_s1_linprobe,vit_b16,caltech256,25,1,linprobe,105,0.705882
vit_b16_caltech256_f25_s1_linprobe,vit_b16,caltech256,25,1,linprobe,106,1.0
vit_b16_caltech256_f25_s1_linprobe,vit_b16,caltech256,25,1,linprobe,107,0.764706
vit_b16_caltech256_f25_s1_linprobe,vit_b16,caltech256,25,1,linprobe,108,0.935484
vit_b16_caltech256_f25_s1_linprobe,vit_b16,caltech256,25,1,linprobe,109,0.882353
vit_b16_caltech256_f25_s1_linprobe,vit_b16,caltech256,25,1,linprobe,110,0.941176
vit_b16_caltech256_f25_s1_linprobe,vit_b16,caltech256,25,1,linprobe,111,0.705882
vit_b16_caltech256_f25_s1_linprobe,vit_b16,caltech256,25,1,linprobe,112,0.956522
vit_b16_caltech256_f25_s1_linprobe,vit_b16,caltech256,25,1,linprobe,113,0.916667
vit_b16_caltech256_f25_s1_linprobe,vit_b16,caltech256,25,1,linprobe,114,0.555556
vit_b16_caltech256_f25_s1_linprobe,vit_b16,caltech256,25,1,linprobe,115,1.0
vit_b16_caltech256_f25_s1_linprobe,vit_b16,caltech256,25,1,linprobe,116,0.958333
vit_b16_caltech256_f25_s1_linprobe,vit_b16,caltech256,25,1,linprobe,117,0.818182
vit_b16_caltech256_f25_s1_linprobe,vit_b16,caltech256,25,1,linprobe,118,0.470588
vit_b16_caltech256_f25_s1_linprobe,vit_b16,caltech256,25,1,linprobe,119,0.884615
vit_b16_caltech256_f25_s1_linprobe,vit_b16,caltech256,25,1,linprobe,120,1.0
vit_b16_caltech256_f25_s1_linprobe,vit_b16,caltech256,25,1,linprobe,121,0.714286
vit_b16_caltech256_f25_s1_linprobe,vit_b16,caltech256,25,1,linprobe,122,1.0
vit_b16_caltech256_f25_s1_linprobe,vit_b16,caltech256,25,1,linprobe,123,1.0
vit_b16_caltech256_f25_s1_linprobe,vit_b16,caltech256,25,1,linprobe,124,0.3
vit_b16_caltech256_f25_s1_linprobe,vit_b16,caltech256,25,1,linprobe,125,0.541667
vit_b16_caltech256_f25_s1_linprobe,vit_b16,caltech256,25,1,linprobe,126,0.961538
vit_b16_caltech256_f25_s1_linprobe,vit_b16,caltech256,25,1,linprobe,127,0.904762
vit_b16_caltech256_f25_s1_linprobe,vit_b16,caltech256,25,1,linprobe,128,1.0
vit_b16_caltech256_f25_s1_linprobe,vit_b16,caltech256,25,1,linprobe,129,0.777778
vit_b16_caltech256_f25_s1_linprobe,vit_b16,caltech256,25,1,linprobe,130,0.722222
vit_b16_caltech256_f25_s1_linprobe,vit_b16,caltech256,25,1,linprobe,131,0.921053
vit_b16_caltech256_f25_s1_linprobe,vit_b16,caltech256,25,1,linprobe,132,0.740741
vit_b16_caltech256_f25_s1_linprobe,vit_b16,caltech256,25,1,linprobe,133,1.0
vit_b16_caltech256_f25_s1_linprobe,vit_b16,caltech256,25,1,linprobe,134,0.578947
vit_b16_caltech256_f25_s1_linprobe,vit_b16,caltech256,25,1,linprobe,135,0.842105
vit_b16_caltech256_f25_s1_linprobe,vit_b16,caltech256,25,1,linprobe,136,0.903226
vit_b16_caltech256_f25_s1_linprobe,vit_b16,caltech256,25,1,linprobe,137,0.842105
vit_b16_caltech256_f25_s1_linprobe,vit_b16,caltech256,25,1,linprobe,138,0.705882
vit_b16_caltech256_f25_s1_linprobe,vit_b16,caltech256,25,1,linprobe,139,0.611111
vit_b16_caltech256_f25_s1_linprobe,vit_b16,caltech256,25,1,linprobe,140,0.869565
vit_b16_caltech256_f25_s1_linprobe,vit_b16,caltech256,25,1,linprobe,141,0.809524
vit_b16_caltech256_f25_s1_linprobe,vit_b16,caltech256,25,1,linprobe,142,0.961538
vit_b16_caltech256_f25_s1_linprobe,vit_b16,caltech256,25,1,linprobe,143,0.5
vit_b16_caltech256_f25_s1_linprobe,vit_b16,caltech256,25,1,linprobe,144,1.0
vit_b16_caltech256_f25_s1_linprobe,vit_b16,caltech256,25,1,linprobe,145,0.6875
vit_b16_caltech256_f25_s1_linprobe,vit_b16,caltech256,25,1,linprobe,146,0.8
vit_b16_caltech256_f25_s1_linprobe,vit_b16,caltech256,25,1,linprobe,147,0.6
vit_b16_caltech256_f25_s1_linprobe,vit_b16,caltech256,25,1,linprobe,148,0.761905
vit_b16_caltech256_f25_s1_linprobe,vit_b16,caltech256,25,1,linprobe,149,0.772727
vit_b16_caltech256_f25_s1_linprobe,vit_b16,caltech256,25,1,linprobe,150,1.0
vit_b16_caltech256_f25_s1_linprobe,vit_b16,caltech256,25,1,linprobe,151,0.875
vit_b16_caltech256_f25_s1_linprobe,vit_b16,caltech256,25,1,linprobe,152,0.894737
vit_b16_caltech256_f25_s1_linprobe,vit_b16,caltech256,25,1,linprobe,153,0.714286
vit_b16_caltech256_f25_s1_linprobe,vit_b16,caltech256,25,1,linprobe,154,0.333333
vit_b16_caltech256_f25_s1_linprobe,vit_b16,caltech256,25,1,linprobe,155,0.526316
vit_b16_caltech256_f25_s1_linprobe,vit_b16,caltech256,25,1,linprobe,156,0.904762
vit_b16_caltech256_f25_s1_linprobe,vit_b16,caltech256,25,1,linprobe,157,0.8
vit_b16_caltech256_f25_s1_linprobe,vit_b16,caltech256,25,1,linprobe,158,0.595238
vit_b16_caltech256_f25_s1_linprobe,vit_b16,caltech256,25,1,linprobe,159,0.647059
vit_b16_caltech256_f25_s1_linprobe,vit_b16,caltech256,25,1,linprobe,160,1.0
vit_b16_caltech256_f25_s1_linprobe,vit_b16,caltech256,25,1,linprobe,161,0.611111
vit_b16_caltech256_f25_s1_linprobe,vit_b16,caltech256,25,1,linprobe,162,0.388889
vit_b16_caltech256_f25_s1_linprobe,vit_b16,caltech256,25,1,linprobe,163,0.95
vit_b16_caltech256_f25_s1_linprobe,vit_b16,caltech256,25,1,linprobe,164,0.666667
vit_b16_caltech256_f25_s1_linprobe,vit_b16,caltech256,25,1,linprobe,165,0.833333
vit_b16_caltech256_f25_s1_linprobe,vit_b16,caltech256,25,1,linprobe,166,0.588235
vit_b16_caltech256_f25_s1_linprobe,vit_b16,caltech256,25,1,linprobe,167,0.928571
vit_b16_caltech256_f25_s1_linprobe,vit_b16,caltech256,25,1,linprobe,168,0.944444
vit_b16_caltech256_f25_s1_linprobe,vit_b16,caltech256,25,1,linprobe,169,0.8
vit_b16_caltech256_f25_s1_linprobe,vit_b16,caltech256,25,1,linprobe,170,0.588235
vit_b16_caltech256_f25_s1_linprobe,vit_b16,caltech256,25,1,linprobe,171,1.0
vit_b16_caltech256_f25_s1_linprobe,vit_b16,caltech256,25,1,linprobe,172,0.47619
vit_b16_caltech256_f25_s1_linprobe,vit_b16,caltech256,25,1,linprobe,173,0.941176
vit_b16_caltech256_f25_s1_linprobe,vit_b16,caltech256,25,1,linprobe,174,0.823529
vit_b16_caltech256_f25_s1_linprobe,vit_b16,caltech256,25,1,linprobe,175,0.772727
vit_b16_caltech256_f25_s1_linprobe,vit_b16,caltech256,25,1,linprobe,176,0.842105
vit_b16_caltech256_f25_s1_linprobe,vit_b16,caltech256,25,1,linprobe,177,0.9
vit_b16_caltech256_f25_s1_linprobe,vit_b16,caltech256,25,1,linprobe,178,1.0
vit_b16_caltech256_f25_s1_linprobe,vit_b16,caltech256,25,1,linprobe,179,0.6
vit_b16_caltech256_f25_s1_linprobe,vit_b16,caltech256,25,1,linprobe,180,0.8
vit_b16_caltech256_f25_s1_linprobe,vit_b16,caltech256,25,1,linprobe,181,0.958333
vit_b16_caltech256_f25_s1_linprobe,vit_b16,caltech256,25,1,linprobe,182,0.85
vit_b16_caltech256_f25_s1_linprobe,vit_b16,caltech256,25,1,linprobe,183,1.0
vit_b16_caltech256_f25_s1_linprobe,vit_b16,caltech256,25,1,linprobe,184,0.47619
vit_b16_caltech256_f25_s1_linprobe,vit_b16,caltech256,25,1,linprobe,185,1.0
vit_b16_caltech256_f25_s1_linprobe,vit_b16,caltech256,25,1,linprobe,186,0.789474
vit_b16_caltech256_f25_s1_linprobe,vit_b16,caltech256,25,1,linprobe,187,0.5
vit_b16_caltech256_f25_s1_linprobe,vit_b16,caltech256,25,1,linprobe,188,0.833333
vit_b16_caltech256_f25_s1_linprobe,vit_b16,caltech256,25,1,linprobe,189,0.954545
vit_b16_caltech256_f25_s1_linprobe,vit_b16,caltech256,25,1,linprobe,190,0.727273
vit_b16_caltech256_f25_s1_linprobe,vit_b16,caltech256,25,1,linprobe,191,0.863636
vit_b16_caltech256_f25_s1_linprobe,vit_b16,caltech256,25,1,linprobe,192,0.857143
vit_b16_caltech256_f25_s1_linprobe,vit_b16,caltech256,25,1,linprobe,193,0.954545
vit_b16_caltech256_f25_s1_linprobe,vit_b16,caltech256,25,1,linprobe,194,0.529412
vit_b16_caltech256_f25_s1_linprobe,vit_b16,caltech256,25,1,linprobe,195,0.761905
vit_b16_caltech256_f25_s1_linprobe,vit_b16,caltech256,25,1,linprobe,196,0.8
vit_b16_caltech256_f25_s1_linprobe,vit_b16,caltech256,25,1,linprobe,197,0.863636
vit_b16_caltech256_f25_s1_linprobe,vit_b16,caltech256,25,1,linprobe,198,0.571429
vit_b16_caltech256_f25_s1_linprobe,vit_b16,caltech256,25,1,linprobe,199,0.8
vit_b16_caltech256_f25_s1_linprobe,vit_b16,caltech256,25,1,linprobe,200,0.9375
vit_b16_caltech256_f25_s1_linprobe,vit_b16,caltech256,25,1,linprobe,201,0.631579
vit_b16_caltech256_f25_s1_linprobe,vit_b16,caltech256,25,1,linprobe,202,0.611111
vit_b16_caltech256_f25_s1_linprobe,vit_b16,caltech256,25,1,linprobe,203,0.875
vit_b16_caltech256_f25_s1_linprobe,vit_b16,caltech256,25,1,linprobe,204,0.764706
vit_b16_caltech256_f25_s1_linprobe,vit_b16,caltech256,25,1,linprobe,205,0.6
vit_b16_caltech256_f25_s1_linprobe,vit_b16,caltech256,25,1,linprobe,206,0.782609
vit_b16_caltech256_f25_s1_linprobe,vit_b16,caltech256,25,1,linprobe,207,0.909091
vit_b16_caltech256_f25_s1_linprobe,vit_b16,caltech256,25,1,linprobe,208,0.75
vit_b16_caltech256_f25_s1_linprobe,vit_b16,caltech256,25,1,linprobe,209,0.772727
vit_b16_caltech256_f25_s1_linprobe,vit_b16,caltech256,25,1,linprobe,210,0.578947
vit_b16_caltech256_f25_s1_linprobe,vit_b16,caltech256,25,1,linprobe,211,0.925926
vit_b16_caltech256_f25_s1_linprobe,vit_b16,caltech256,25,1,linprobe,212,1.0
vit_b16_caltech256_f25_s1_linprobe,vit_b16,caltech256,25,1,linprobe,213,0.821429
vit_b16_caltech256_f25_s1_linprobe,vit_b16,caltech256,25,1,linprobe,214,0.764706
vit_b16_caltech256_f25_s1_linprobe,vit_b16,caltech256,25,1,linprobe,215,1.0
vit_b16_caltech256_f25_s1_linprobe,vit_b16,caltech256,25,1,linprobe,216,0.761905
vit_b16_caltech256_f25_s1_linprobe,vit_b16,caltech256,25,1,linprobe,217,0.9375
vit_b16_caltech256_f25_s1_linprobe,vit_b16,caltech256,25,1,linprobe,218,0.411765
vit_b16_caltech256_f25_s1_linprobe,vit_b16,caltech256,25,1,linprobe,219,0.894737
vit_b16_caltech256_f25_s1_linprobe,vit_b16,caltech256,25,1,linprobe,220,0.666667
vit_b16_caltech256_f25_s1_linprobe,vit_b16,caltech256,25,1,linprobe,221,0.666667
vit_b16_caltech256_f25_s1_linprobe,vit_b16,caltech256,25,1,linprobe,222,0.5625
vit_b16_caltech256_f25_s1_linprobe,vit_b16,caltech256,25,1,linprobe,223,0.727273
vit_b16_caltech256_f25_s1_linprobe,vit_b16,caltech256,25,1,linprobe,224,0.944444
vit_b16_caltech256_f25_s1_linprobe,vit_b16,caltech256,25,1,linprobe,225,0.8
vit_b16_caltech256_f25_s1_linprobe,vit_b16,caltech256,25,1,linprobe,226,0.896552
vit_b16_caltech256_f25_s1_linprobe,vit_b16,caltech256,25,1,linprobe,227,1.0
vit_b16_caltech256_f25_s1_linprobe,vit_b16,caltech256,25,1,linprobe,228,0.894737
vit_b16_caltech256_f25_s1_linprobe,vit_b16,caltech256,25,1,linprobe,229,1.0
vit_b16_caltech256_f25_s1_linprobe,vit_b16,caltech256,25,1,linprobe,230,0.681818
vit_b16_caltech256_f25_s1_linprobe,vit_b16,caltech256,25,1,linprobe,231,0.930556
vit_b16_caltech256_f25_s1_linprobe,vit_b16,caltech256,25,1,linprobe,232,0.55
vit_b16_caltech256_f25_s1_linprobe,vit_b16,caltech256,25,1,linprobe,233,0.833333
vit_b16_caltech256_f25_s1_linprobe,vit_b16,caltech256,25,1,linprobe,234,0.826087
vit_b16_caltech256_f25_s1_linprobe,vit_b16,caltech256,25,1,linprobe,235,0.789474
vit_b16_caltech256_f25_s1_linprobe,vit_b16,caltech256,25,1,linprobe,236,0.888889
vit_b16_caltech256_f25_s1_linprobe,vit_b16,caltech256,25,1,linprobe,237,0.947368
vit_b16_caltech256_f25_s1_linprobe,vit_b16,caltech256,25,1,linprobe,238,0.764706
vit_b16_caltech256_f25_s1_linprobe,vit_b16,caltech256,25,1,linprobe,239,0.95
vit_b16_caltech256_f25_s1_linprobe,vit_b16,caltech256,25,1,linprobe,240,0.842105
vit_b16_caltech256_f25_s1_linprobe,vit_b16,caltech256,25,1,linprobe,241,0.789474
vit_b16_caltech256_f25_s1_linprobe,vit_b16,caltech256,25,1,linprobe,242,0.722222
vit_b16_caltech256_f25_s1_linprobe,vit_b16,caltech256,25,1,linprobe,243,0.833333
vit_b16_caltech256_f25_s1_linprobe,vit_b16,caltech256,25,1,linprobe,244,0.722222
vit_b16_caltech256_f25_s1_linprobe,vit_b16,caltech256,25,1,linprobe,245,0.9
vit_b16_caltech256_f25_s1_linprobe,vit_b16,caltech256,25,1,linprobe,246,0.555556
vit_b16_caltech256_f25_s1_linprobe,vit_b16,caltech256,25,1,linprobe,247,0.588235
vit_b16_caltech256_f25_s1_linprobe,vit_b16,caltech256,25,1,linprobe,248,0.65
vit_b16_caltech256_f25_s1_linprobe,vit_b16,caltech256,25,1,linprobe,249,1.0
vit_b16_caltech256_f25_s1_linprobe,vit_b16,caltech256,25,1,linprobe,250,0.925
vit_b16_caltech256_f25_s1_linprobe,vit_b16,caltech256,25,1,linprobe,251,1.0
vit_b16_caltech256_f25_s1_linprobe,vit_b16,caltech256,25,1,linprobe,252,0.988506
vit_b16_caltech256_f25_s1_linprobe,vit_b16,caltech256,25,1,linprobe,253,0.894737
vit_b16_caltech256_f25_s1_linprobe,vit_b16,caltech256,25,1,linprobe,254,0.619048
vit_b16_caltech256_f25_s1_linprobe,vit_b16,caltech256,25,1,linprobe,255,0.909091
vit_b16_caltech256_f25_s2_fullft,vit_b16,caltech256,25,2,fullft,0,0.9
vit_b16_caltech256_f25_s2_fullft,vit_b16,caltech256,25,2,fullft,1,0.894737
vit_b16_caltech256_f25_s2_fullft,vit_b16,caltech256,25,2,fullft,2,0.933333
vit_b16_caltech256_f25_s2_fullft,vit_b16,caltech256,25,2,fullft,3,0.64
vit_b16_caltech256_f25_s2_fullft,vit_b16,caltech256,25,2,fullft,4,0.966667
vit_b16_caltech256_f25_s2_fullft,vit_b16,caltech256,25,2,fullft,5,0.888889
vit_b16_caltech256_f25_s2_fullft,vit_b16,caltech256,25,2,fullft,6,0.714286
vit_b16_caltech256_f25_s2_fullft,vit_b16,caltech256,25,2,fullft,7,0.782609
vit_b16_caltech256_f25_s2_fullft,vit_b16,caltech256,25,2,fullft,8,0.95
vit_b16_caltech256_f25_s2_fullft,vit_b16,caltech256,25,2,fullft,9,0.736842
vit_b16_caltech256_f25_s2_fullft,vit_b16,caltech256,25,2,fullft,10,0.946429
vit_b16_caltech256_f25_s2_fullft,vit_b16,caltech256,25,2,fullft,11,0.953488
vit_b16_caltech256_f25_s2_fullft,vit_b16,caltech256,25,2,fullft,12,0.75
vit_b16_caltech256_f25_s2_fullft,vit_b16,caltech256,25,2,fullft,13,1.0
vit_b16_caltech256_f25_s2_fullft,vit_b16,caltech256,25,2,fullft,14,1.0
vit_b16_caltech256_f25_s2_fullft,vit_b16,caltech256,25,2,fullft,15,0.833333
vit_b16_caltech256_f25_s2_fullft,vit_b16,caltech256,25,2,fullft,16,0.761905
vit_b16_caltech256_f25_s2_fullft,vit_b16,caltech256,25,2,fullft,17,0.55
vit_b16_caltech256_f25_s2_fullft,vit_b16,caltech256,25,2,fullft,18,0.92
vit_b16_caltech256_f25_s2_fullft,vit_b16,caltech256,25,2,fullft,19,0.882353
vit_b16_caltech256_f25_s2_fullft,vit_b16,caltech256,25,2,fullft,20,0.928571
vit_b16_caltech256_f25_s2_fullft,vit_b16,caltech256,25,2,fullft,21,1.0
vit_b16_caltech256_f25_s2_fullft,vit_b16,caltech256,25,2,fullft,22,1.0
vit_b16_caltech256_f25_s2_fullft,vit_b16,caltech256,25,2,fullft,23,1.0
vit_b16_caltech256_f25_s2_fullft,vit_b16,caltech256,25,2,fullft,24,0.73913
vit_b16_caltech256_f25_s2_fullft,vit_b16,caltech256,25,2,fullft,25,0.714286
vit_b16_caltech256_f25_s2_fullft,vit_b16,caltech256,25,2,fullft,26,0.95
vit_b16_caltech256_f25_s2_fullft,vit_b16,caltech256,25,2,fullft,27,0.909091
vit_b16_caltech256_f25_s2_fullft,vit_b16,caltech256,25,2,fullft,28,0.952381
vit_b16_caltech256_f25_s2_fullft,vit_b16,caltech256,25,2,fullft,29,0.714286
vit_b16_caltech256_f25_s2_fullft,vit_b16,caltech256,25,2,fullft,30,0.722222
vit_b16_caltech256_f25_s2_fullft,vit_b16,caltech256,25,2,fullft,31,0.8
vit_b16_caltech256_f25_s2_fullft,vit_b16,caltech256,25,2,fullft,32,0.85
vit_b16_caltech256_f25_s2_fullft,vit_b16,caltech256,25,2,fullft,33,0.95
vit_b16_caltech256_f25_s2_fullft,vit_b16,caltech256,25,2,fullft,34,0.882353
vit_b16_caltech256_f25_s2_fullft,vit_b16,caltech256,25,2,fullft,35,0.857143
vit_b16_caltech256_f25_s2_fullft,vit_b16,caltech256,25,2,fullft,36,1.0
vit_b16_caltech256_f25_s2_fullft,vit_b16,caltech256,25,2,fullft,37,0.863636
vit_b16_caltech256_f25_s2_fullft,vit_b16,caltech256,25,2,fullft,38,0.588235
vit_b16_caltech256_f25_s2_fullft,vit_b16,caltech256,25,2,fullft,39,0.96
vit_b16_caltech256_f25_s2_fullft,vit_b16,caltech256,25,2,fullft,40,0.941176
vit_b16_caltech256_f25_s2_fullft,vit_b16,caltech256,25,2,fullft,41,0.588235
vit_b16_caltech256_f25_s2_fullft,vit_b16,caltech256,25,2,fullft,42,0.64
vit_b16_caltech256_f25_s2_fullft,vit_b16,caltech256,25,2,fullft,43,0.708333
vit_b16_caltech256_f25_s2_fullft,vit_b16,caltech256,25,2,fullft,44,0.882353
vit_b16_caltech256_f25_s2_fullft,vit_b16,caltech256,25,2,fullft,45,0.925926
vit_b16_caltech256_f25_s2_fullft,vit_b16,caltech256,25,2,fullft,46,0.842105
vit_b16_caltech256_f25_s2_fullft,vit_b16,caltech256,25,2,fullft,47,0.904762
vit_b16_caltech256_f25_s2_fullft,vit_b16,caltech256,25,2,fullft,48,0.857143
vit_b16_caltech256_f25_s2_fullft,vit_b16,caltech256,25,2,fullft,49,0.631579
vit_b16_caltech256_f25_s2_fullft,vit_b16,caltech256,25,2,fullft,50,0.782609
vit_b16_caltech256_f25_s2_fullft,vit_b16,caltech256,25,2,fullft,51,0.941176
vit_b16_caltech256_f25_s2_fullft,vit_b16,caltech256,25,2,fullft,52,0.9375
vit_b16_caltech256_f25_s2_fullft,vit_b16,caltech256,25,2,fullft,53,0.958333
vit_b16_caltech256_f25_s2_fullft,vit_b16,caltech256,25,2,fullft,54,0.65
vit_b16_caltech256_f25_s2_fullft,vit_b16,caltech256,25,2,fullft,55,0.8
vit_b16_caltech256_f25_s2_fullft,vit_b16,caltech256,25,2,fullft,56,0.809524
vit_b16_caltech256_f25_s2_fullft,vit_b16,caltech256,25,2,fullft,57,0.736842
vit_b16_caltech256_f25_s2_fullft,vit_b16,caltech256,25,2,fullft,58,0.352941
vit_b16_caltech256_f25_s2_fullft,vit_b16,caltech256,25,2,fullft,59,0.647059
vit_b16_caltech256_f25_s2_fullft,vit_b16,caltech256,25,2,fullft,60,0.75
vit_b16_caltech256_f25_s2_fullft,vit_b16,caltech256,25,2,fullft,61,0.941176
vit_b16_caltech256_f25_s2_fullft,vit_b16,caltech256,25,2,fullft,62,0.875
vit_b16_caltech256_f25_s2_fullft,vit_b16,caltech256,25,2,fullft,63,0.923077
vit_b16_caltech256_f25_s2_fullft,vit_b16,caltech256,25,2,fullft,64,0.9
vit_b16_caltech256_f25_s2_fullft,vit_b16,caltech256,25,2,fullft,65,0.941176
vit_b16_caltech256_f25_s2_fullft,vit_b16,caltech256,25,2,fullft,66,0.941176
vit_b16_caltech256_f25_s2_fullft,vit_b16,caltech256,25,2,fullft,67,0.863636
vit_b16_caltech256_f25_s2_fullft,vit_b16,caltech256,25,2,fullft,68,0.35
vit_b16_caltech256_f25_s2_fullft,vit_b16,caltech256,25,2,fullft,69,0.588235
vit_b16_caltech256_f25_s2_fullft,vit_b16,caltech256,25,2,fullft,70,0.95
vit_b16_caltech256_f25_s2_fullft,vit_b16,caltech256,25,2,fullft,71,0.958333
vit_b16_caltech256_f25_s2_fullft,vit_b16,caltech256,25,2,fullft,72,0.95
vit_b16_caltech256_f25_s2_fullft,vit_b16,caltech256,25,2,fullft,73,0.521739
vit_b16_caltech256_f25_s2_fullft,vit_b16,caltech256,25,2,fullft,74,0.588235
vit_b16_caltech256_f25_s2_fullft,vit_b16,caltech256,25,2,fullft,75,0.823529
vit_b16_caltech256_f25_s2_fullft,vit_b16,caltech256,25,2,fullft,76,1.0
vit_b16_caltech256_f25_s2_fullft,vit_b16,caltech256,25,2,fullft,77,0.666667
vit_b16_caltech256_f25_s2_fullft,vit_b16,caltech256,25,2,fullft,78,0.85
vit_b16_caltech256_f25_s2_fullft,vit_b16,caltech256,25,2,fullft,79,0.608696
vit_b16_caltech256_f25_s2_fullft,vit_b16,caltech256,25,2,fullft,80,0.894737
vit_b16_caltech256_f25_s2_fullft,vit_b16,caltech256,25,2,fullft,81,0.875
vit_b16_caltech256_f25_s2_fullft,vit_b16,caltech256,25,2,fullft,82,0.894737
vit_b16_caltech256_f25_s2_fullft,vit_b16,caltech256,25,2,fullft,83,0.764706
vit_b16_caltech256_f25_s2_fullft,vit_b16,caltech256,25,2,fullft,84,0.954545
vit_b16_caltech256_f25_s2_fullft,vit_b16,caltech256,25,2,fullft,85,0.9375
vit_b16_caltech256_f25_s2_fullft,vit_b16,caltech256,25,2,fullft,86,0.894737
vit_b16_caltech256_f25_s2_fullft,vit_b16,caltech256,25,2,fullft,87,0.95
vit_b16_caltech256_f25_s2_fullft,vit_b16,caltech256,25,2,fullft,88,0.863636
vit_b16_caltech256_f25_s2_fullft,vit_b16,caltech256,25,2,fullft,89,0.97619
vit_b16_caltech256_f25_s2_fullft,vit_b16,caltech256,25,2,fullft,90,0.947368
vit_b16_caltech256_f25_s2_fullft,vit_b16,caltech256,25,2,fullft,91,0.85
vit_b16_caltech256_f25_s2_fullft,vit_b16,caltech256,25,2,fullft,92,1.0
vit_b16_caltech256_f25_s2_fullft,vit_b16,caltech256,25,2,fullft,93,1.0
vit_b16_caltech256_f25_s2_fullft,vit_b16,caltech256,25,2,fullft,94,0.764706
vit_b16_caltech256_f25_s2_fullft,vit_b16,caltech256,25,2,fullft,95,0.947368
vit_b16_caltech256_f25_s2_fullft,vit_b16,caltech256,25,2,fullft,96,0.722222
vit_b16_caltech256_f25_s2_fullft,vit_b16,caltech256,25,2,fullft,97,0.95
vit_b16_caltech256_f25_s2_fullft,vit_b16,caltech256,25,2,fullft,98,0.9375
vit_b16_caltech256_f25_s2_fullft,vit_b16,caltech256,25,2,fullft,99,1.0
vit_b16_caltech256_f25_s2_fullft,vit_b16,caltech256,25,2,fullft,100,0.821429
vit_b16_caltech256_f25_s2_fullft,vit_b16,caltech256,25,2,fullft,101,1.0
vit_b16_caltech256_f25_s2_fullft,vit_b16,caltech256,25,2,fullft,102,1.0
vit_b16_caltech256_f25_s2_fullft,vit_b16,caltech256,25,2,fullft,103,0.842105
vit_b16_caltech256_f25_s2_fullft,vit_b16,caltech256,25,2,fullft,104,0.907407
vit_b16_caltech256_f25_s2_fullft,vit_b16,caltech256,25,2,fullft,105,0.529412
vit_b16_caltech256_f25_s2_fullft,vit_b16,caltech256,25,2,fullft,106,1.0
vit_b16_caltech256_f25_s2_fullft,vit_b16,caltech256,25,2,fullft,107,0.823529
vit_b16_caltech256_f25_s2_fullft,vit_b16,caltech256,25,2,fullft,108,0.870968
vit_b16_caltech256_f25_s2_fullft,vit_b16,caltech256,25,2,fullft,109,0.941176
vit_b16_caltech256_f25_s2_fullft,vit_b16,caltech256,25,2,fullft,110,0.941176
vit_b16_caltech256_f25_s2_fullft,vit_b16,caltech256,25,2,fullft,111,0.705882
vit_b16_caltech256_f25_s2_fullft,vit_b16,caltech256,25,2,fullft,112,0.956522
vit_b16_caltech256_f25_s2_fullft,vit_b16,caltech256,25,2,fullft,113,0.916667
vit_b16_caltech256_f25_s2_fullft,vit_b16,caltech256,25,2,fullft,114,0.944444
vit_b16_caltech256_f25_s2_fullft,vit_b16,caltech256,25,2,fullft,115,0.952381
vit_b16_caltech256_f25_s2_fullft,vit_b16,caltech256,25,2,fullft,116,0.916667
vit_b16_caltech256_f25_s2_fullft,vit_b16,caltech256,25,2,fullft,117,0.863636
vit_b16_caltech256_f25_s2_fullft,vit_b16,caltech256,25,2,fullft,118,0.705882
vit_b16_caltech256_f25_s2_fullft,vit_b16,caltech256,25,2,fullft,119,0.807692
vit_b16_caltech256_f25_s2_fullft,vit_b16,caltech256,25,2,fullft,120,1.0
vit_b16_caltech256_f25_s2_fullft,vit_b16,caltech256,25,2,fullft,121,0.666667
vit_b16_caltech256_f25_s2_fullft,vit_b16,caltech256,25,2,fullft,122,1.0
vit_b16_caltech256_f25_s2_fullft,vit_b16,caltech256,25,2,fullft,123,0.888889
vit_b16_caltech256_f25_s2_fullft,vit_b16,caltech256,25,2,fullft,124,0.4
vit_b16_caltech256_f25_s2_fullft,vit_b16,caltech256,25,2,fullft,125,0.666667
vit_b16_caltech256_f25_s2_fullft,vit_b16,caltech256,25,2,fullft,126,0.923077
vit_b16_caltech256_f25_s2_fullft,vit_b16,caltech256,25,2,fullft,127,0.904762
vit_b16_caltech256_f25_s2_fullft,vit_b16,caltech256,25,2,fullft,128,1.0
vit_b16_caltech256_f25_s2_fullft,vit_b16,caltech256,25,2,fullft,129,0.944444
vit_b16_caltech256_f25_s2_fullft,vit_b16,caltech256,25,2,fullft,130,0.777778
vit_b16_caltech256_f25_s2_fullft,vit_b16,caltech256,25,2,fullft,131,0.921053
vit_b16_caltech256_f25_s2_fullft,vit_b16,caltech256,25,2,fullft,132,0.925926
vit_b16_caltech256_f25_s2_fullft,vit_b16,caltech256,25,2,fullft,133,1.0
vit_b16_caltech256_f25_s2_fullft,vit_b16,caltech256,25,2,fullft,134,0.684211
vit_b16_caltech256_f25_s2_fullft,vit_b16,caltech256,25,2,fullft,135,0.894737
vit_b16_caltech256_f25_s2_fullft,vit_b16,caltech256,25,2,fullft,136,0.935484
vit_b16_caltech256_f25_s2_fullft,vit_b16,caltech256,25,2,fullft,137,0.789474
vit_b16_caltech256_f25_s2_fullft,vit_b16,caltech256,25,2,fullft,138,0.882353
vit_b16_caltech256_f25_s2_fullft,vit_b16,caltech256,25,2,fullft,139,0.777778
vit_b16_caltech256_f25_s2_fullft,vit_b16,caltech256,25,2,fullft,140,0.913043
vit_b16_caltech256_f25_s2_fullft,vit_b16,caltech256,25,2,fullft,141,0.904762
vit_b16_caltech256_f25_s2_fullft,vit_b16,caltech256,25,2,fullft,142,0.884615
vit_b16_caltech256_f25_s2_fullft,vit_b16,caltech256,25,2,fullft,143,0.8125
vit_b16_caltech256_f25_s2_fullft,vit_b16,caltech256,25,2,fullft,144,1.0
vit_b16_caltech256_f25_s2_fullft,vit_b16,caltech256,25,2,fullft,145,0.5625
vit_b16_caltech256_f25_s2_fullft,vit_b16,caltech256,25,2,fullft,146,0.8
vit_b16_caltech256_f25_s2_fullft,vit_b16,caltech256,25,2,fullft,147,0.771429
vit_b16_caltech256_f25_s2_fullft,vit_b16,caltech256,25,2,fullft,148,0.809524
vit_b16_caltech256_f25_s2_fullft,vit_b16,caltech256,25,2,fullft,149,0.909091
vit_b16_caltech256_f25_s2_fullft,vit_b16,caltech256,25,2,fullft,150,0.909091
vit_b16_caltech256_f25_s2_fullft,vit_b16,caltech256,25,2,fullft,151,1.0
vit_b16_caltech256_f25_s2_fullft,vit_b16,caltech256,25,2,fullft,152,0.789474
vit_b16_caltech256_f25_s2_fullft,vit_b16,caltech256,25,2,fullft,153,0.904762
vit_b16_caltech256_f25_s2_fullft,vit_b16,caltech256,25,2,fullft,154,0.444444
vit_b16_caltech256_f25_s2_fullft,vit_b16,caltech256,25,2,fullft,155,0.684211
vit_b16_caltech256_f25_s2_fullft,vit_b16,caltech256,25,2,fullft,156,0.904762
vit_b16_caltech256_f25_s2_fullft,vit_b16,caltech256,25,2,fullft,157,0.933333
vit_b16_caltech256_f25_s2_fullft,vit_b16,caltech256,25,2,fullft,158,0.619048
vit_b16_caltech256_f25_s2_fullft,vit_b16,caltech256,25,2,fullft,159,0.529412
vit_b16_caltech256_f25_s2_fullft,vit_b16,caltech256,25,2,fullft,160,0.952381
vit_b16_caltech256_f25_s2_fullft,vit_b16,caltech256,25,2,fullft,161,0.5
vit_b16_caltech256_f25_s2_fullft,vit_b16,caltech256,25,2,fullft,162,0.611111
vit_b16_caltech256_f25_s2_fullft,vit_b16,caltech256,25,2,fullft,163,1.0
vit_b16_caltech256_f25_s2_fullft,vit_b16,caltech256,25,2,fullft,164,0.833333
vit_b16_caltech256_f25_s2_fullft,vit_b16,caltech256,25,2,fullft,165,0.944444
vit_b16_caltech256_f25_s2_fullft,vit_b16,caltech256,25,2,fullft,166,0.705882
vit_b16_caltech256_f25_s2_fullft,vit_b16,caltech256,25,2,fullft,167,0.964286
vit_b16_caltech256_f25_s2_fullft,vit_b16,caltech256,25,2,fullft,168,0.833333
vit_b16_caltech256_f25_s2_fullft,vit_b16,caltech256,25,2,fullft,169,0.8
vit_b16_caltech256_f25_s2_fullft,vit_b16,caltech256,25,2,fullft,170,0.588235
vit_b16_caltech256_f25_s2_fullft,vit_b16,caltech256,25,2,fullft,171,0.95
vit_b16_caltech256_f25_s2_fullft,vit_b16,caltech256,25,2,fullft,172,0.619048
vit_b16_caltech256_f25_s2_fullft,vit_b16,caltech256,25,2,fullft,173,1.0
vit_b16_caltech256_f25_s2_fullft,vit_b16,caltech256,25,2,fullft,174,0.941176
vit_b16_caltech256_f25_s2_fullft,vit_b16,caltech256,25,2,fullft,175,0.818182
vit_b16_caltech256_f25_s2_fullft,vit_b16,caltech256,25,2,fullft,176,0.894737
vit_b16_caltech256_f25_s2_fullft,vit_b16,caltech256,25,2,fullft,177,0.9
vit_b16_caltech256_f25_s2_fullft,vit_b16,caltech256,25,2,fullft,178,1.0
vit_b16_caltech256_f25_s2_fullft,vit_b16,caltech256,25,2,fullft,179,0.5
vit_b16_caltech256_f25_s2_fullft,vit_b16,caltech256,25,2,fullft,180,0.85
vit_b16_caltech256_f25_s2_fullft,vit_b16,caltech256,25,2,fullft,181,1.0
vit_b16_caltech256_f25_s2_fullft,vit_b16,caltech256,25,2,fullft,182,0.9
vit_b16_caltech256_f25_s2_fullft,vit_b16,caltech256,25,2,fullft,183,0.941176
vit_b16_caltech256_f25_s2_fullft,vit_b16,caltech256,25,2,fullft,184,0.52381
vit_b16_caltech256_f25_s2_fullft,vit_b16,caltech256,25,2,fullft,185,1.0
vit_b16_caltech256_f25_s2_fullft,vit_b16,caltech256,25,2,fullft,186,1.0
vit_b16_caltech256_f25_s2_fullft,vit_b16,caltech256,25,2,fullft,187,0.833333
vit_b16_caltech256_f25_s2_fullft,vit_b16,caltech256,25,2,fullft,188,0.958333
vit_b16_caltech256_f25_s2_fullft,vit_b16,caltech256,25,2,fullft,189,0.909091
vit_b16_caltech256_f25_s2_fullft,vit_b16,caltech256,25,2,fullft,190,0.590909
vit_b16_caltech256_f25_s2_fullft,vit_b16,caltech256,25,2,fullft,191,0.909091
vit_b16_caltech256_f25_s2_fullft,vit_b16,caltech256,25,2,fullft,192,0.8
vit_b16_caltech256_f25_s2_fullft,vit_b16,caltech256,25,2,fullft,193,0.909091
vit_b16_caltech256_f25_s2_fullft,vit_b16,caltech256,25,2,fullft,194,0.411765
vit_b16_caltech256_f25_s2_fullft,vit_b16,caltech256,25,2,fullft,195,0.857143
vit_b16_caltech256_f25_s2_fullft,vit_b16,caltech256,25,2,fullft,196,0.9
vit_b16_caltech256_f25_s2_fullft,vit_b16,caltech256,25,2,fullft,197,0.818182
vit_b16_caltech256_f25_s2_fullft,vit_b16,caltech256,25,2,fullft,198,0.619048
vit_b16_caltech256_f25_s2_fullft,vit_b16,caltech256,25,2,fullft,199,0.75
vit_b16_caltech256_f25_s2_fullft,vit_b16,caltech256,25,2,fullft,200,1.0
vit_b16_caltech256_f25_s2_fullft,vit_b16,caltech256,25,2,fullft,201,0.684211
vit_b16_caltech256_f25_s2_fullft,vit_b16,caltech256,25,2,fullft,202,0.722222
vit_b16_caltech256_f25_s2_fullft,vit_b16,caltech256,25,2,fullft,203,1.0
vit_b16_caltech256_f25_s2_fullft,vit_b16,caltech256,25,2,fullft,204,0.764706
vit_b16_caltech256_f25_s2_fullft,vit_b16,caltech256,25,2,fullft,205,0.7
vit_b16_caltech256_f25_s2_fullft,vit_b16,caltech256,25,2,fullft,206,1.0
vit_b16_caltech256_f25_s2_fullft,vit_b16,caltech256,25,2,fullft,207,0.863636
vit_b16_caltech256_f25_s2_fullft,vit_b16,caltech256,25,2,fullft,208,0.8
vit_b16_caltech256_f25_s2_fullft,vit_b16,caltech256,25,2,fullft,209,0.818182
vit_b16_caltech256_f25_s2_fullft,vit_b16,caltech256,25,2,fullft,210,0.736842
vit_b16_caltech256_f25_s2_fullft,vit_b16,caltech256,25,2,fullft,211,0.962963
vit_b16_caltech256_f25_s2_fullft,vit_b16,caltech256,25,2,fullft,212,0.95
vit_b16_caltech256_f25_s2_fullft,vit_b16,caltech256,25,2,fullft,213,0.892857
vit_b16_caltech256_f25_s2_fullft,vit_b16,caltech256,25,2,fullft,214,0.941176
vit_b16_caltech256_f25_s2_fullft,vit_b16,caltech256,25,2,fullft,215,0.95
vit_b16_caltech256_f25_s2_fullft,vit_b16,caltech256,25,2,fullft,216,0.809524
vit_b16_caltech256_f25_s2_fullft,vit_b16,caltech256,25,2,fullft,217,1.0
vit_b16_caltech256_f25_s2_fullft,vit_b16,caltech256,25,2,fullft,218,0.647059
vit_b16_caltech256_f25_s2_fullft,vit_b16,caltech256,25,2,fullft,219,0.894737
vit_b16_caltech256_f25_s2_fullft,vit_b16,caltech256,25,2,fullft,220,0.952381
vit_b16_caltech256_f25_s2_fullft,vit_b16,caltech256,25,2,fullft,221,0.777778
vit_b16_caltech256_f25_s2_fullft,vit_b16,caltech256,25,2,fullft,222,0.75
vit_b16_caltech256_f25_s2_fullft,vit_b16,caltech256,25,2,fullft,223,0.727273
vit_b16_caltech256_f25_s2_fullft,vit_b16,caltech256,25,2,fullft,224,0.944444
vit_b16_caltech256_f25_s2_fullft,vit_b16,caltech256,25,2,fullft,225,0.75
vit_b16_caltech256_f25_s2_fullft,vit_b16,caltech256,25,2,fullft,226,0.896552
vit_b16_caltech256_f25_s2_fullft,vit_b16,caltech256,25,2,fullft,227,1.0
vit_b16_caltech256_f25_s2_fullft,vit_b16,caltech256,25,2,fullft,228,0.894737
vit_b16_caltech256_f25_s2_fullft,vit_b16,caltech256,25,2,fullft,229,1.0
vit_b16_caltech256_f25_s2_fullft,vit_b16,caltech256,25,2,fullft,230,0.863636
vit_b16_caltech256_f25_s2_fullft,vit_b16,caltech256,25,2,fullft,231,0.916667
vit_b16_caltech256_f25_s2_fullft,vit_b16,caltech256,25,2,fullft,232,0.3
vit_b16_caltech256_f25_s2_fullft,vit_b16,caltech256,25,2,fullft,233,0.833333
vit_b16_caltech256_f25_s2_fullft,vit_b16,caltech256,25,2,fullft,234,0.956522
vit_b16_caltech256_f25_s2_fullft,vit_b16,caltech256,25,2,fullft,235,0.789474
vit_b16_caltech256_f25_s2_fullft,vit_b16,caltech256,25,2,fullft,236,0.833333
vit_b16_caltech256_f25_s2_fullft,vit_b16,caltech256,25,2,fullft,237,0.947368
vit_b16_caltech256_f25_s2_fullft,vit_b16,caltech256,25,2,fullft,238,0.764706
vit_b16_caltech256_f25_s2_fullft,vit_b16,caltech256,25,2,fullft,239,1.0
vit_b16_caltech256_f25_s2_fullft,vit_b16,caltech256,25,2,fullft,240,0.894737
vit_b16_caltech256_f25_s2_fullft,vit_b16,caltech256,25,2,fullft,241,0.789474
vit_b16_caltech256_f25_s2_fullft,vit_b16,caltech256,25,2,fullft,242,0.777778
vit_b16_caltech256_f25_s2_fullft,vit_b16,caltech256,25,2,fullft,243,0.777778
vit_b16_caltech256_f25_s2_fullft,vit_b16,caltech256,25,2,fullft,244,0.722222
vit_b16_caltech256_f25_s2_fullft,vit_b16,caltech256,25,2,fullft,245,0.85
vit_b16_caltech256_f25_s2_fullft,vit_b16,caltech256,25,2,fullft,246,0.555556
vit_b16_caltech256_f25_s2_fullft,vit_b16,caltech256,25,2,fullft,247,0.764706
vit_b16_caltech256_f25_s2_fullft,vit_b16,caltech256,25,2,fullft,248,0.55
vit_b16_caltech256_f25_s2_fullft,vit_b16,caltech256,25,2,fullft,249,1.0
vit_b16_caltech256_f25_s2_fullft,vit_b16,caltech256,25,2,fullft,250,0.99375
vit_b16_caltech256_f25_s2_fullft,vit_b16,caltech256,25,2,fullft,251,1.0
vit_b16_caltech256_f25_s2_fullft,vit_b16,caltech256,25,2,fullft,252,0.988506
vit_b16_caltech256_f25_s2_fullft,vit_b16,caltech256,25,2,fullft,253,0.789474
vit_b16_caltech256_f25_s2_fullft,vit_b16,caltech256,25,2,fullft,254,0.52381
vit_b16_caltech256_f25_s2_fullft,vit_b16,caltech256,25,2,fullft,255,0.909091
vit_b16_caltech256_f25_s2_linprobe,vit_b16,caltech256,25,2,linprobe,0,0.95
vit_b16_caltech256_f25_s2_linprobe,vit_b16,caltech256,25,2,linprobe,1,0.894737
vit_b16_caltech256_f25_s2_linprobe,vit_b16,caltech256,25,2,linprobe,2,0.933333
vit_b16_caltech256_f25_s2_linprobe,vit_b16,caltech256,25,2,linprobe,3,0.68
vit_b16_caltech256_f25_s2_linprobe,vit_b16,caltech256,25,2,linprobe,4,0.866667
vit_b16_caltech256_f25_s2_linprobe,vit_b16,caltech256,25,2,linprobe,5,0.833333
vit_b16_caltech256_f25_s2_linprobe,vit_b16,caltech256,25,2,linprobe,6,0.857143
vit_b16_caltech256_f25_s2_linprobe,vit_b16,caltech256,25,2,linprobe,7,0.891304
vit_b16_caltech256_f25_s2_linprobe,vit_b16,caltech256,25,2,linprobe,8,0.95
vit_b16_caltech256_f25_s2_linprobe,vit_b16,caltech256,25,2,linprobe,9,0.736842
vit_b16_caltech256_f25_s2_linprobe,vit_b16,caltech256,25,2,linprobe,10,0.964286
vit_b16_caltech256_f25_s2_linprobe,vit_b16,caltech256,25,2,linprobe,11,0.976744
vit_b16_caltech256_f25_s2_linprobe,vit_b16,caltech256,25,2,linprobe,12,0.65
vit_b16_caltech256_f25_s2_linprobe,vit_b16,caltech256,25,2,linprobe,13,0.764706
vit_b16_caltech256_f25_s2_linprobe,vit_b16,caltech256,25,2,linprobe,14,0.958333
vit_b16_caltech256_f25_s2_linprobe,vit_b16,caltech256,25,2,linprobe,15,0.777778
vit_b16_caltech256_f25_s2_linprobe,vit_b16,caltech256,25,2,linprobe,16,0.285714
vit_b16_caltech256_f25_s2_linprobe,vit_b16,caltech256,25,2,linprobe,17,0.55
vit_b16_caltech256_f25_s2_linprobe,vit_b16,caltech256,25,2,linprobe,18,0.68
vit_b16_caltech256_f25_s2_linprobe,vit_b16,caltech256,25,2,linprobe,19,0.823529
vit_b16_caltech256_f25_s2_linprobe,vit_b16,caltech256,25,2,linprobe,20,0.857143
vit_b16_caltech256_f25_s2_linprobe,vit_b16,caltech256,25,2,linprobe,21,0.894737
vit_b16_caltech256_f25_s2_linprobe,vit_b16,caltech256,25,2,linprobe,22,0.954545
vit_b16_caltech256_f25_s2_linprobe,vit_b16,caltech256,25,2,linprobe,23,0.954545
vit_b16_caltech256_f25_s2_linprobe,vit_b16,caltech256,25,2,linprobe,24,0.826087
vit_b16_caltech256_f25_s2_linprobe,vit_b16,caltech256,25,2,linprobe,25,0.619048
vit_b16_caltech256_f25_s2_linprobe,vit_b16,caltech256,25,2,linprobe,26,0.9
vit_b16_caltech256_f25_s2_linprobe,vit_b16,caltech256,25,2,linprobe,27,0.954545
vit_b16_caltech256_f25_s2_linprobe,vit_b16,caltech256,25,2,linprobe,28,1.0
vit_b16_caltech256_f25_s2_linprobe,vit_b16,caltech256,25,2,linprobe,29,0.619048
vit_b16_caltech256_f25_s2_linprobe,vit_b16,caltech256,25,2,linprobe,30,0.777778
vit_b16_caltech256_f25_s2_linprobe,vit_b16,caltech256,25,2,linprobe,31,0.65
vit_b16_caltech256_f25_s2_linprobe,vit_b16,caltech256,25,2,linprobe,32,0.75
vit_b16_caltech256_f25_s2_linprobe,vit_b16,caltech256,25,2,linprobe,33,1.0
vit_b16_caltech256_f25_s2_linprobe,vit_b16,caltech256,25,2,linprobe,34,0.823529
vit_b16_caltech256_f25_s2_linprobe,vit_b16,caltech256,25,2,linprobe,35,0.666667
vit_b16_caltech256_f25_s2_linprobe,vit_b16,caltech256,25,2,linprobe,36,0.916667
vit_b16_caltech256_f25_s2_linprobe,vit_b16,caltech256,25,2,linprobe,37,0.909091
vit_b16_caltech256_f25_s2_linprobe,vit_b16,caltech256,25,2,linprobe,38,0.352941
vit_b16_caltech256_f25_s2_linprobe,vit_b16,caltech256,25,2,linprobe,39,0.96
vit_b16_caltech256_f25_s2_linprobe,vit_b16,caltech256,25,2,linprobe,40,0.941176
vit_b16_caltech256_f25_s2_linprobe,vit_b16,caltech256,25,2,linprobe,41,0.529412
vit_b16_caltech256_f25_s2_linprobe,vit_b16,caltech256,25,2,linprobe,42,0.8
vit_b16_caltech256_f25_s2_linprobe,vit_b16,caltech256,25,2,linprobe,43,0.791667
vit_b16_caltech256_f25_s2_linprobe,vit_b16,caltech256,25,2,linprobe,44,0.941176
vit_b16_caltech256_f25_s2_linprobe,vit_b16,caltech256,25,2,linprobe,45,0.962963
vit_b16_caltech256_f25_s2_linprobe,vit_b16,caltech256,25,2,linprobe,46,0.842105
vit_b16_caltech256_f25_s2_linprobe,vit_b16,caltech256,25,2,linprobe,47,0.857143
vit_b16_caltech256_f25_s2_linprobe,vit_b16,caltech256,25,2,linprobe,48,0.857143
vit_b16_caltech256_f25_s2_linprobe,vit_b16,caltech256,25,2,linprobe,49,0.631579
vit_b16_caltech256_f25_s2_linprobe,vit_b16,caltech256,25,2,linprobe,50,0.826087
vit_b16_caltech256_f25_s2_linprobe,vit_b16,caltech256,25,2,linprobe,51,0.823529
vit_b16_caltech256_f25_s2_linprobe,vit_b16,caltech256,25,2,linprobe,52,0.8125
vit_b16_caltech256_f25_s2_linprobe,vit_b16,caltech256,25,2,linprobe,53,1.0
vit_b16_caltech256_f25_s2_linprobe,vit_b16,caltech256,25,2,linprobe,54,0.65
vit_b16_caltech256_f25_s2_linprobe,vit_b16,caltech256,25,2,linprobe,55,0.95
vit_b16_caltech256_f25_s2_linprobe,vit_b16,caltech256,25,2,linprobe,56,0.809524
vit_b16_caltech256_f25_s2_linprobe,vit_b16,caltech256,25,2,linprobe,57,0.578947
vit_b16_caltech256_f25_s2_linprobe,vit_b16,caltech256,25,2,linprobe,58,0.294118
vit_b16_caltech256_f25_s2_linprobe,vit_b16,caltech256,25,2,linprobe,59,0.705882
vit_b16_caltech256_f25_s2_linprobe,vit_b16,caltech256,25,2,linprobe,60,0.9
vit_b16_caltech256_f25_s2_linprobe,vit_b16,caltech256,25,2,linprobe,61,0.823529
vit_b16_caltech256_f25_s2_linprobe,vit_b16,caltech256,25,2,linprobe,62,0.875
vit_b16_caltech256_f25_s2_linprobe,vit_b16,caltech256,25,2,linprobe,63,0.884615
vit_b16_caltech256_f25_s2_linprobe,vit_b16,caltech256,25,2,linprobe,64,0.85
vit_b16_caltech256_f25_s2_linprobe,vit_b16,caltech256,25,2,linprobe,65,0.882353
vit_b16_caltech256_f25_s2_linprobe,vit_b16,caltech256,25,2,linprobe,66,0.882353
vit_b16_caltech256_f25_s2_linprobe,vit_b16,caltech256,25,2,linprobe,67,0.863636
vit_b16_caltech256_f25_s2_linprobe,vit_b16,caltech256,25,2,linprobe,68,0.5
vit_b16_caltech256_f25_s2_linprobe,vit_b16,caltech256,25,2,linprobe,69,0.294118
vit_b16_caltech256_f25_s2_linprobe,vit_b16,caltech256,25,2,linprobe,70,0.65
vit_b16_caltech256_f25_s2_linprobe,vit_b16,caltech256,25,2,linprobe,71,0.958333
vit_b16_caltech256_f25_s2_linprobe,vit_b16,caltech256,25,2,linprobe,72,0.9
vit_b16_caltech256_f25_s2_linprobe,vit_b16,caltech256,25,2,linprobe,73,0.478261
vit_b16_caltech256_f25_s2_linprobe,vit_b16,caltech256,25,2,linprobe,74,0.470588
vit_b16_caltech256_f25_s2_linprobe,vit_b16,caltech256,25,2,linprobe,75,0.882353
vit_b16_caltech256_f25_s2_linprobe,vit_b16,caltech256,25,2,linprobe,76,1.0
vit_b16_caltech256_f25_s2_linprobe,vit_b16,caltech256,25,2,linprobe,77,0.777778
vit_b16_caltech256_f25_s2_linprobe,vit_b16,caltech256,25,2,linprobe,78,0.8
vit_b16_caltech256_f25_s2_linprobe,vit_b16,caltech256,25,2,linprobe,79,0.521739
vit_b16_caltech256_f25_s2_linprobe,vit_b16,caltech256,25,2,linprobe,80,0.894737
vit_b16_caltech256_f25_s2_linprobe,vit_b16,caltech256,25,2,linprobe,81,0.875
vit_b16_caltech256_f25_s2_linprobe,vit_b16,caltech256,25,2,linprobe,82,0.894737
vit_b16_caltech256_f25_s2_linprobe,vit_b16,caltech256,25,2,linprobe,83,0.705882
vit_b16_caltech256_f25_s2_linprobe,vit_b16,caltech256,25,2,linprobe,84,0.681818
vit_b16_caltech256_f25_s2_linprobe,vit_b16,caltech256,25,2,linprobe,85,0.9375
vit_b16_caltech256_f25_s2_linprobe,vit_b16,caltech256,25,2,linprobe,86,0.894737
vit_b16_caltech256_f25_s2_linprobe,vit_b16,caltech256,25,2,linprobe,87,1.0
vit_b16_caltech256_f25_s2_linprobe,vit_b16,caltech256,25,2,linprobe,88,0.772727
vit_b16_caltech256_f25_s2_linprobe,vit_b16,caltech256,25,2,linprobe,89,1.0
vit_b16_caltech256_f25_s2_linprobe,vit_b16,caltech256,25,2,linprobe,90,0.947368
vit_b16_caltech256_f25_s2_linprobe,vit_b16,caltech256,25,2,linprobe,91,0.75
vit_b16_caltech256_f25_s2_linprobe,vit_b16,caltech256,25,2,linprobe,92,1.0
vit_b16_caltech256_f25_s2_linprobe,vit_b16,caltech256,25,2,linprobe,93,1.0
vit_b16_caltech256_f25_s2_linprobe,vit_b16,caltech256,25,2,linprobe,94,0.764706
vit_b16_caltech256_f25_s2_linprobe,vit_b16,caltech256,25,2,linprobe,95,0.877193
vit_b16_caltech256_f25_s2_linprobe,vit_b16,caltech256,25,2,linprobe,96,0.777778
vit_b16_caltech256_f25_s2_linprobe,vit_b16,caltech256,25,2,linprobe,97,0.95
vit_b16_caltech256_f25_s2_linprobe,vit_b16,caltech256,25,2,linprobe,98,0.875
vit_b16_caltech256_f25_s2_linprobe,vit_b16,caltech256,25,2,linprobe,99,0.947368
vit_b16_caltech256_f25_s2_linprobe,vit_b16,caltech256,25,2,linprobe,100,0.75
vit_b16_caltech256_f25_s2_linprobe,vit_b16,caltech256,25,2,linprobe,101,0.777778
vit_b16_caltech256_f25_s2_linprobe,vit_b16,caltech256,25,2,linprobe,102,0.954545
vit_b16_caltech256_f25_s2_linprobe,vit_b16,caltech256,25,2,linprobe,103,0.789474
vit_b16_caltech256_f25_s2_linprobe,vit_b16,caltech256,25,2,linprobe,104,0.888889
vit_b16_caltech256_f25_s2_linprobe,vit_b16,caltech256,25,2,linprobe,105,0.764706
vit_b16_caltech256_f25_s2_linprobe,vit_b16,caltech256,25,2,linprobe,106,1.0
vit_b16_caltech256_f25_s2_linprobe,vit_b16,caltech256,25,2,linprobe,107,0.705882
vit_b16_caltech256_f25_s2_linprobe,vit_b16,caltech256,25,2,linprobe,108,0.903226
vit_b16_caltech256_f25_s2_linprobe,vit_b16,caltech256,25,2,linprobe,109,0.941176
vit_b16_caltech256_f25_s2_linprobe,vit_b16,caltech256,25,2,linprobe,110,0.941176
vit_b16_caltech256_f25_s2_linprobe,vit_b16,caltech256,25,2,linprobe,111,0.764706
vit_b16_caltech256_f25_s2_linprobe,vit_b16,caltech256,25,2,linprobe,112,0.956522
vit_b16_caltech256_f25_s2_linprobe,vit_b16,caltech256,25,2,linprobe,113,0.875
vit_b16_caltech256_f25_s2_linprobe,vit_b16,caltech256,25,2,linprobe,114,0.611111
vit_b16_caltech256_f25_s2_linprobe,vit_b16,caltech256,25,2,linprobe,115,1.0
vit_b16_caltech256_f25_s2_linprobe,vit_b16,caltech256,25,2,linprobe,116,0.875
vit_b16_caltech256_f25_s2_linprobe,vit_b16,caltech256,25,2,linprobe,117,0.818182
vit_b16_caltech256_f25_s2_linprobe,vit_b16,caltech256,25,2,linprobe,118,0.588235
vit_b16_caltech256_f25_s2_linprobe,vit_b16,caltech256,25,2,linprobe,119,0.884615
vit_b16_caltech256_f25_s2_linprobe,vit_b16,caltech256,25,2,linprobe,120,1.0
vit_b16_caltech256_f25_s2_linprobe,vit_b16,caltech256,25,2,linprobe,121,0.714286
vit_b16_caltech256_f25_s2_linprobe,vit_b16,caltech256,25,2,linprobe,122,1.0
vit_b16_caltech256_f25_s2_linprobe,vit_b16,caltech256,25,2,linprobe,123,1.0
vit_b16_caltech256_f25_s2_linprobe,vit_b16,caltech256,25,2,linprobe,124,0.3
vit_b16_caltech256_f25_s2_linprobe,vit_b16,caltech256,25,2,linprobe,125,0.479167
vit_b16_caltech256_f25_s2_linprobe,vit_b16,caltech256,25,2,linprobe,126,0.961538
vit_b16_caltech256_f25_s2_linprobe,vit_b16,caltech256,25,2,linprobe,127,0.857143
vit_b16_caltech256_f25_s2_linprobe,vit_b16,caltech256,25,2,linprobe,128,1.0
vit_b16_caltech256_f25_s2_linprobe,vit_b16,caltech256,25,2,linprobe,129,0.833333
vit_b16_caltech256_f25_s2_linprobe,vit_b16,caltech256,25,2,linprobe,130,0.833333
vit_b16_caltech256_f25_s2_linprobe,vit_b16,caltech256,25,2,linprobe,131,0.921053
vit_b16_caltech256_f25_s2_linprobe,vit_b16,caltech256,25,2,linprobe,132,0.740741
vit_b16_caltech256_f25_s2_linprobe,vit_b16,caltech256,25,2,linprobe,133,1.0
vit_b16_caltech256_f25_s2_linprobe,vit_b16,caltech256,25,2,linprobe,134,0.526316
vit_b16_caltech256_f25_s2_linprobe,vit_b16,caltech256,25,2,linprobe,135,0.789474
vit_b16_caltech256_f25_s2_linprobe,vit_b16,caltech256,25,2,linprobe,136,0.903226
vit_b16_caltech256_f25_s2_linprobe,vit_b16,caltech256,25,2,linprobe,137,0.763158
vit_b16_caltech256_f25_s2_linprobe,vit_b16,caltech256,25,2,linprobe,138,0.823529
vit_b16_caltech256_f25_s2_linprobe,vit_b16,caltech256,25,2,linprobe,139,0.611111
vit_b16_caltech256_f25_s2_linprobe,vit_b16,caltech256,25,2,linprobe,140,0.695652
vit_b16_caltech256_f25_s2_linprobe,vit_b16,caltech256,25,2,linprobe,141,0.809524
vit_b16_caltech256_f25_s2_linprobe,vit_b16,caltech256,25,2,linprobe,142,0.961538
vit_b16_caltech256_f25_s2_linprobe,vit_b16,caltech256,25,2,linprobe,143,0.5625
vit_b16_caltech256_f25_s2_linprobe,vit_b16,caltech256,25,2,linprobe,144,1.0
vit_b16_caltech256_f25_s2_linprobe,vit_b16,caltech256,25,2,linprobe,145,0.75
vit_b16_caltech256_f25_s2_linprobe,vit_b16,caltech256,25,2,linprobe,146,0.85
vit_b16_caltech256_f25_s2_linprobe,vit_b16,caltech256,25,2,linprobe,147,0.6
vit_b16_caltech256_f25_s2_linprobe,vit_b16,caltech256,25,2,linprobe,148,0.857143
vit_b16_caltech256_f25_s2_linprobe,vit_b16,caltech256,25,2,linprobe,149,0.727273
vit_b16_caltech256_f25_s2_linprobe,vit_b16,caltech256,25,2,linprobe,150,0.954545
vit_b16_caltech256_f25_s2_linprobe,vit_b16,caltech256,25,2,linprobe,151,0.833333
vit_b16_caltech256_f25_s2_linprobe,vit_b16,caltech256,25,2,linprobe,152,0.894737
vit_b16_caltech256_f25_s2_linprobe,vit_b16,caltech256,25,2,linprobe,153,0.714286
vit_b16_caltech256_f25_s2_linprobe,vit_b16,caltech256,25,2,linprobe,154,0.333333
vit_b16_caltech256_f25_s2_linprobe,vit_b16,caltech256,25,2,linprobe,155,0.684211
vit_b16_caltech256_f25_s2_linprobe,vit_b16,caltech256,25,2,linprobe,156,0.904762
vit_b16_caltech256_f25_s2_linprobe,vit_b16,caltech256,25,2,linprobe,157,0.833333
vit_b16_caltech256_f25_s2_linprobe,vit_b16,caltech256,25,2,linprobe,158,0.547619
vit_b16_caltech256_f25_s2_linprobe,vit_b16,caltech256,25,2,linprobe,159,0.764706
vit_b16_caltech256_f25_s2_linprobe,vit_b16,caltech256,25,2,linprobe,160,0.952381
vit_b16_caltech256_f25_s2_linprobe,vit_b16,caltech256,25,2,linprobe,161,0.444444
vit_b16_caltech256_f25_s2_linprobe,vit_b16,caltech256,25,2,linprobe,162,0.388889
vit_b16_caltech256_f25_s2_linprobe,vit_b16,caltech256,25,2,linprobe,163,1.0
vit_b16_caltech256_f25_s2_linprobe,vit_b16,caltech256,25,2,linprobe,164,0.666667
vit_b16_caltech256_f25_s2_linprobe,vit_b16,caltech256,25,2,linprobe,165,0.777778
vit_b16_caltech256_f25_s2_linprobe,vit_b16,caltech256,25,2,linprobe,166,0.588235
vit_b16_caltech256_f25_s2_linprobe,vit_b16,caltech256,25,2,linprobe,167,0.928571
vit_b16_caltech256_f25_s2_linprobe,vit_b16,caltech256,25,2,linprobe,168,0.944444
vit_b16_caltech256_f25_s2_linprobe,vit_b16,caltech256,25,2,linprobe,169,0.65
vit_b16_caltech256_f25_s2_linprobe,vit_b16,caltech256,25,2,linprobe,170,0.588235
vit_b16_caltech256_f25_s2_linprobe,vit_b16,caltech256,25,2,linprobe,171,1.0
vit_b16_caltech256_f25_s2_linprobe,vit_b16,caltech256,25,2,linprobe,172,0.52381
vit_b16_caltech256_f25_s2_linprobe,vit_b16,caltech256,25,2,linprobe,173,0.941176
vit_b16_caltech256_f25_s2_linprobe,vit_b16,caltech256,25,2,linprobe,174,0.764706
vit_b16_caltech256_f25_s2_linprobe,vit_b16,caltech256,25,2,linprobe,175,0.727273
vit_b16_caltech256_f25_s2_linprobe,vit_b16,caltech256,25,2,linprobe,176,0.842105
vit_b16_caltech256_f25_s2_linprobe,vit_b16,caltech256,25,2,linprobe,177,0.95
vit_b16_caltech256_f25_s2_linprobe,vit_b16,caltech256,25,2,linprobe,178,1.0
vit_b16_caltech256_f25_s2_linprobe,vit_b16,caltech256,25,2,linprobe,179,0.6
vit_b16_caltech256_f25_s2_linprobe,vit_b16,caltech256,25,2,linprobe,180,0.75
vit_b16_caltech256_f25_s2_linprobe,vit_b16,caltech256,25,2,linprobe,181,0.958333
vit_b16_caltech256_f25_s2_linprobe,vit_b16,caltech256,25,2,linprobe,182,0.75
vit_b16_caltech256_f25_s2_linprobe,vit_b16,caltech256,25,2,linprobe,183,0.941176
vit_b16_caltech256_f25_s2_linprobe,vit_b16,caltech256,25,2,linprobe,184,0.380952
vit_b16_caltech256_f25_s2_linprobe,vit_b16,caltech256,25,2,linprobe,185,1.0
vit_b16_caltech256_f25_s2_linprobe,vit_b16,caltech256,25,2,linprobe,186,0.842105
vit_b16_caltech256_f25_s2_linprobe,vit_b16,caltech256,25,2,linprobe,187,0.611111
vit_b16_caltech256_f25_s2_linprobe,vit_b16,caltech256,25,2,linprobe,188,0.833333
vit_b16_caltech256_f25_s2_linprobe,vit_b16,caltech256,25,2,linprobe,189,0.954545
vit_b16_caltech256_f25_s2_linprobe,vit_b16,caltech256,25,2,linprobe,190,0.590909
vit_b16_caltech256_f25_s2_linprobe,vit_b16,caltech256,25,2,linprobe,191,0.909091
vit_b16_caltech256_f25_s2_linprobe,vit_b16,caltech256,25,2,linprobe,192,0.885714
vit_b16_caltech256_f25_s2_linprobe,vit_b16,caltech256,25,2,linprobe,193,0.954545
vit_b16_caltech256_f25_s2_linprobe,vit_b16,caltech256,25,2,linprobe,194,0.411765
vit_b16_caltech256_f25_s2_linprobe,vit_b16,caltech256,25,2,linprobe,195,0.857143
vit_b16_caltech256_f25_s2_linprobe,vit_b16,caltech256,25,2,linprobe,196,0.8
vit_b16_caltech256_f25_s2_linprobe,vit_b16,caltech256,25,2,linprobe,197,0.863636
vit_b16_caltech256_f25_s2_linprobe,vit_b16,caltech256,25,2,linprobe,198,0.571429
vit_b16_caltech256_f25_s2_linprobe,vit_b16,caltech256,25,2,linprobe,199,0.7
vit_b16_caltech256_f25_s2_linprobe,vit_b16,caltech256,25,2,linprobe,200,0.9375
vit_b16_caltech256_f25_s2_linprobe,vit_b16,caltech256,25,2,linprobe,201,0.473684
vit_b16_caltech256_f25_s2_linprobe,vit_b16,caltech256,25,2,linprobe,202,0.611111
vit_b16_caltech256_f25_s2_linprobe,vit_b16,caltech256,25,2,linprobe,203,0.875
vit_b16_caltech256_f25_s2_linprobe,vit_b16,caltech256,25,2,linprobe,204,0.764706
vit_b16_caltech256_f25_s2_linprobe,vit_b16,caltech256,25,2,linprobe,205,0.5
vit_b16_caltech256_f25_s2_linprobe,vit_b16,caltech256,25,2,linprobe,206,0.782609
vit_b16_caltech256_f25_s2_linprobe,vit_b16,caltech256,25,2,linprobe,207,0.863636
vit_b16_caltech256_f25_s2_linprobe,vit_b16,caltech256,25,2,linprobe,208,0.8
vit_b16_caltech256_f25_s2_linprobe,vit_b16,caltech256,25,2,linprobe,209,0.772727
vit_b16_caltech256_f25_s2_linprobe,vit_b16,caltech256,25,2,linprobe,210,0.736842
vit_b16_caltech256_f25_s2_linprobe,vit_b16,caltech256,25,2,linprobe,211,0.925926
vit_b16_caltech256_f25_s2_linprobe,vit_b16,caltech256,25,2,linprobe,212,0.95
vit_b16_caltech256_f25_s2_linprobe,vit_b16,caltech256,25,2,linprobe,213,0.75
vit_b16_caltech256_f25_s2_linprobe,vit_b16,caltech256,25,2,linprobe,214,0.764706
vit_b16_caltech256_f25_s2_linprobe,vit_b16,caltech256,25,2,linprobe,215,1.0
vit_b16_caltech256_f25_s2_linprobe,vit_b16,caltech256,25,2,linprobe,216,0.809524
vit_b16_caltech256_f25_s2_linprobe,vit_b16,caltech256,25,2,linprobe,217,0.8125
vit_b16_caltech256_f25_s2_linprobe,vit_b16,caltech256,25,2,linprobe,218,0.647059
vit_b16_caltech256_f25_s2_linprobe,vit_b16,caltech256,25,2,linprobe,219,0.947368
vit_b16_caltech256_f25_s2_linprobe,vit_b16,caltech256,25,2,linprobe,220,0.857143
vit_b16_caltech256_f25_s2_linprobe,vit_b16,caltech256,25,2,linprobe,221,0.666667
vit_b16_caltech256_f25_s2_linprobe,vit_b16,caltech256,25,2,linprobe,222,0.5625
vit_b16_caltech256_f25_s2_linprobe,vit_b16,caltech256,25,2,linprobe,223,0.636364
vit_b16_caltech256_f25_s2_linprobe,vit_b16,caltech256,25,2,linprobe,224,0.888889
vit_b16_caltech256_f25_s2_linprobe,vit_b16,caltech256,25,2,linprobe,225,0.85
vit_b16_caltech256_f25_s2_linprobe,vit_b16,caltech256,25,2,linprobe,226,0.827586
vit_b16_caltech256_f25_s2_linprobe,vit_b16,caltech256,25,2,linprobe,227,1.0
vit_b16_caltech256_f25_s2_linprobe,vit_b16,caltech256,25,2,linprobe,228,0.736842
vit_b16_caltech256_f25_s2_linprobe,vit_b16,caltech256,25,2,linprobe,229,1.0
vit_b16_caltech256_f25_s2_linprobe,vit_b16,caltech256,25,2,linprobe,230,0.727273
vit_b16_caltech256_f25_s2_linprobe,vit_b16,caltech256,25,2,linprobe,231,0.944444
vit_b16_caltech256_f25_s2_linprobe,vit_b16,caltech256,25,2,linprobe,232,0.55
vit_b16_caltech256_f25_s2_linprobe,vit_b16,caltech256,25,2,linprobe,233,0.708333
vit_b16_caltech256_f25_s2_linprobe,vit_b16,caltech256,25,2,linprobe,234,0.782609
vit_b16_caltech256_f25_s2_linprobe,vit_b16,caltech256,25,2,linprobe,235,0.842105
vit_b16_caltech256_f25_s2_linprobe,vit_b16,caltech256,25,2,linprobe,236,0.888889
vit_b16_caltech256_f25_s2_linprobe,vit_b16,caltech256,25,2,linprobe,237,0.947368
vit_b16_caltech256_f25_s2_linprobe,vit_b16,caltech256,25,2,linprobe,238,0.823529
vit_b16_caltech256_f25_s2_linprobe,vit_b16,caltech256,25,2,linprobe,239,0.95
vit_b16_caltech256_f25_s2_linprobe,vit_b16,caltech256,25,2,linprobe,240,0.842105
vit_b16_caltech256_f25_s2_linprobe,vit_b16,caltech256,25,2,linprobe,241,0.631579
vit_b16_caltech256_f25_s2_linprobe,vit_b16,caltech256,25,2,linprobe,242,0.666667
vit_b16_caltech256_f25_s2_linprobe,vit_b16,caltech256,25,2,linprobe,243,0.722222
vit_b16_caltech256_f25_s2_linprobe,vit_b16,caltech256,25,2,linprobe,244,0.444444
vit_b16_caltech256_f25_s2_linprobe,vit_b16,caltech256,25,2,linprobe,245,0.85
vit_b16_caltech256_f25_s2_linprobe,vit_b16,caltech256,25,2,linprobe,246,0.555556
vit_b16_caltech256_f25_s2_linprobe,vit_b16,caltech256,25,2,linprobe,247,0.588235
vit_b16_caltech256_f25_s2_linprobe,vit_b16,caltech256,25,2,linprobe,248,0.55
vit_b16_caltech256_f25_s2_linprobe,vit_b16,caltech256,25,2,linprobe,249,1.0
vit_b16_caltech256_f25_s2_linprobe,vit_b16,caltech256,25,2,linprobe,250,0.96875
vit_b16_caltech256_f25_s2_linprobe,vit_b16,caltech256,25,2,linprobe,251,1.0
vit_b16_caltech256_f25_s2_linprobe,vit_b16,caltech256,25,2,linprobe,252,0.988506
vit_b16_caltech256_f25_s2_linprobe,vit_b16,caltech256,25,2,linprobe,253,0.842105
vit_b16_caltech256_f25_s2_linprobe,vit_b16,caltech256,25,2,linprobe,254,0.619048
vit_b16_caltech256_f25_s2_linprobe,vit_b16,caltech256,25,2,linprobe,255,0.909091
vit_b16_caltech256_f50_s0_fullft,vit_b16,caltech256,50,0,fullft,0,0.95
vit_b16_caltech256_f50_s0_fullft,vit_b16,caltech256,50,0,fullft,1,0.894737
vit_b16_caltech256_f50_s0_fullft,vit_b16,caltech256,50,0,fullft,2,0.966667
vit_b16_caltech256_f50_s0_fullft,vit_b16,caltech256,50,0,fullft,3,0.64
vit_b16_caltech256_f50_s0_fullft,vit_b16,caltech256,50,0,fullft,4,0.966667
vit_b16_caltech256_f50_s0_fullft,vit_b16,caltech256,50,0,fullft,5,0.888889
vit_b16_caltech256_f50_s0_fullft,vit_b16,caltech256,50,0,fullft,6,0.904762
vit_b16_caltech256_f50_s0_fullft,vit_b16,caltech256,50,0,fullft,7,0.847826
vit_b16_caltech256_f50_s0_fullft,vit_b16,caltech256,50,0,fullft,8,0.95
vit_b16_caltech256_f50_s0_fullft,vit_b16,caltech256,50,0,fullft,9,0.684211
vit_b16_caltech256_f50_s0_fullft,vit_b16,caltech256,50,0,fullft,10,0.964286
vit_b16_caltech256_f50_s0_fullft,vit_b16,caltech256,50,0,fullft,11,1.0
vit_b16_caltech256_f50_s0_fullft,vit_b16,caltech256,50,0,fullft,12,0.85
vit_b16_caltech256_f50_s0_fullft,vit_b16,caltech256,50,0,fullft,13,0.941176
vit_b16_caltech256_f50_s0_fullft,vit_b16,caltech256,50,0,fullft,14,1.0
vit_b16_caltech256_f50_s0_fullft,vit_b16,caltech256,50,0,fullft,15,0.888889
vit_b16_caltech256_f50_s0_fullft,vit_b16,caltech256,50,0,fullft,16,0.714286
vit_b16_caltech256_f50_s0_fullft,vit_b16,caltech256,50,0,fullft,17,0.8
vit_b16_caltech256_f50_s0_fullft,vit_b16,caltech256,50,0,fullft,18,0.76
vit_b16_caltech256_f50_s0_fullft,vit_b16,caltech256,50,0,fullft,19,0.882353
vit_b16_caltech256_f50_s0_fullft,vit_b16,caltech256,50,0,fullft,20,0.928571
vit_b16_caltech256_f50_s0_fullft,vit_b16,caltech256,50,0,fullft,21,1.0
vit_b16_caltech256_f50_s0_fullft,vit_b16,caltech256,50,0,fullft,22,0.863636
vit_b16_caltech256_f50_s0_fullft,vit_b16,caltech256,50,0,fullft,23,1.0
vit_b16_caltech256_f50_s0_fullft,vit_b16,caltech256,50,0,fullft,24,0.913043
vit_b16_caltech256_f50_s0_fullft,vit_b16,caltech256,50,0,fullft,25,0.714286
vit_b16_caltech256_f50_s0_fullft,vit_b16,caltech256,50,0,fullft,26,0.9
vit_b16_caltech256_f50_s0_fullft,vit_b16,caltech256,50,0,fullft,27,0.954545
vit_b16_caltech256_f50_s0_fullft,vit_b16,caltech256,50,0,fullft,28,0.952381
vit_b16_caltech256_f50_s0_fullft,vit_b16,caltech256,50,0,fullft,29,0.714286
vit_b16_caltech256_f50_s0_fullft,vit_b16,caltech256,50,0,fullft,30,0.944444
vit_b16_caltech256_f50_s0_fullft,vit_b16,caltech256,50,0,fullft,31,0.8
vit_b16_caltech256_f50_s0_fullft,vit_b16,caltech256,50,0,fullft,32,0.9
vit_b16_caltech256_f50_s0_fullft,vit_b16,caltech256,50,0,fullft,33,0.95
vit_b16_caltech256_f50_s0_fullft,vit_b16,caltech256,50,0,fullft,34,0.882353
vit_b16_caltech256_f50_s0_fullft,vit_b16,caltech256,50,0,fullft,35,0.857143
vit_b16_caltech256_f50_s0_fullft,vit_b16,caltech256,50,0,fullft,36,1.0
vit_b16_caltech256_f50_s0_fullft,vit_b16,caltech256,50,0,fullft,37,0.909091
vit_b16_caltech256_f50_s0_fullft,vit_b16,caltech256,50,0,fullft,38,0.352941
vit_b16_caltech256_f50_s0_fullft,vit_b16,caltech256,50,0,fullft,39,1.0
vit_b16_caltech256_f50_s0_fullft,vit_b16,caltech256,50,0,fullft,40,0.941176
vit_b16_caltech256_f50_s0_fullft,vit_b16,caltech256,50,0,fullft,41,0.529412
vit_b16_caltech256_f50_s0_fullft,vit_b16,caltech256,50,0,fullft,42,0.84
vit_b16_caltech256_f50_s0_fullft,vit_b16,caltech256,50,0,fullft,43,0.791667
vit_b16_caltech256_f50_s0_fullft,vit_b16,caltech256,50,0,fullft,44,0.941176
vit_b16_caltech256_f50_s0_fullft,vit_b16,caltech256,50,0,fullft,45,0.962963
vit_b16_caltech256_f50_s0_fullft,vit_b16,caltech256,50,0,fullft,46,0.736842
vit_b16_caltech256_f50_s0_fullft,vit_b16,caltech256,50,0,fullft,47,0.904762
vit_b16_caltech256_f50_s0_fullft,vit_b16,caltech256,50,0,fullft,48,0.857143
vit_b16_caltech256_f50_s0_fullft,vit_b16,caltech256,50,0,fullft,49,0.736842
vit_b16_caltech256_f50_s0_fullft,vit_b16,caltech256,50,0,fullft,50,0.913043
vit_b16_caltech256_f50_s0_fullft,vit_b16,caltech256,50,0,fullft,51,0.882353
vit_b16_caltech256_f50_s0_fullft,vit_b16,caltech256,50,0,fullft,52,0.9375
vit_b16_caltech256_f50_s0_fullft,vit_b16,caltech256,50,0,fullft,53,1.0
vit_b16_caltech256_f50_s0_fullft,vit_b16,caltech256,50,0,fullft,54,0.8
vit_b16_caltech256_f50_s0_fullft,vit_b16,caltech256,50,0,fullft,55,0.8
vit_b16_caltech256_f50_s0_fullft,vit_b16,caltech256,50,0,fullft,56,0.857143
vit_b16_caltech256_f50_s0_fullft,vit_b16,caltech256,50,0,fullft,57,0.684211
vit_b16_caltech256_f50_s0_fullft,vit_b16,caltech256,50,0,fullft,58,0.647059
vit_b16_caltech256_f50_s0_fullft,vit_b16,caltech256,50,0,fullft,59,0.705882
vit_b16_caltech256_f50_s0_fullft,vit_b16,caltech256,50,0,fullft,60,0.7
vit_b16_caltech256_f50_s0_fullft,vit_b16,caltech256,50,0,fullft,61,0.882353
vit_b16_caltech256_f50_s0_fullft,vit_b16,caltech256,50,0,fullft,62,1.0
vit_b16_caltech256_f50_s0_fullft,vit_b16,caltech256,50,0,fullft,63,0.884615
vit_b16_caltech256_f50_s0_fullft,vit_b16,caltech256,50,0,fullft,64,0.9
vit_b16_caltech256_f50_s0_fullft,vit_b16,caltech256,50,0,fullft,65,0.941176
vit_b16_caltech256_f50_s0_fullft,vit_b16,caltech256,50,0,fullft,66,0.823529
vit_b16_caltech256_f50_s0_fullft,vit_b16,caltech256,50,0,fullft,67,0.863636
vit_b16_caltech256_f50_s0_fullft,vit_b16,caltech256,50,0,fullft,68,0.8
vit_b16_caltech256_f50_s0_fullft,vit_b16,caltech256,50,0,fullft,69,0.588235
vit_b16_caltech256_f50_s0_fullft,vit_b16,caltech256,50,0,fullft,70,0.85
vit_b16_caltech256_f50_s0_fullft,vit_b16,caltech256,50,0,fullft,71,1.0
vit_b16_caltech256_f50_s0_fullft,vit_b16,caltech256,50,0,fullft,72,0.95
vit_b16_caltech256_f50_s0_fullft,vit_b16,caltech256,50,0,fullft,73,0.73913
vit_b16_caltech256_f50_s0_fullft,vit_b16,caltech256,50,0,fullft,74,0.647059
vit_b16_caltech256_f50_s0_fullft,vit_b16,caltech256,50,0,fullft,75,0.941176
vit_b16_caltech256_f50_s0_fullft,vit_b16,caltech256,50,0,fullft,76,1.0
vit_b16_caltech256_f50_s0_fullft,vit_b16,caltech256,50,0,fullft,77,0.777778
vit_b16_caltech256_f50_s0_fullft,vit_b16,caltech256,50,0,fullft,78,0.75
vit_b16_caltech256_f50_s0_fullft,vit_b16,caltech256,50,0,fullft,79,0.608696
vit_b16_caltech256_f50_s0_fullft,vit_b16,caltech256,50,0,fullft,80,0.842105
vit_b16_caltech256_f50_s0_fullft,vit_b16,caltech256,50,0,fullft,81,0.875
vit_b16_caltech256_f50_s0_fullft,vit_b16,caltech256,50,0,fullft,82,0.789474
vit_b16_caltech256_f50_s0_fullft,vit_b16,caltech256,50,0,fullft,83,1.0
vit_b16_caltech256_f50_s0_fullft,vit_b16,caltech256,50,0,fullft,84,0.818182
vit_b16_caltech256_f50_s0_fullft,vit_b16,caltech256,50,0,fullft,85,0.9375
vit_b16_caltech256_f50_s0_fullft,vit_b16,caltech256,50,0,fullft,86,0.894737
vit_b16_caltech256_f50_s0_fullft,vit_b16,caltech256,50,0,fullft,87,1.0
vit_b16_caltech256_f50_s0_fullft,vit_b16,caltech256,50,0,fullft,88,0.909091
vit_b16_caltech256_f50_s0_fullft,vit_b16,caltech256,50,0,fullft,89,0.952381
vit_b16_caltech256_f50_s0_fullft,vit_b16,caltech256,50,0,fullft,90,0.894737
vit_b16_caltech256_f50_s0_fullft,vit_b16,caltech256,50,0,fullft,91,0.85
vit_b16_caltech256_f50_s0_fullft,vit_b16,caltech256,50,0,fullft,92,1.0
vit_b16_caltech256_f50_s0_fullft,vit_b16,caltech256,50,0,fullft,93,1.0
vit_b16_caltech256_f50_s0_fullft,vit_b16,caltech256,50,0,fullft,94,0.823529
vit_b16_caltech256_f50_s0_fullft,vit_b16,caltech256,50,0,fullft,95,0.964912
vit_b16_caltech256_f50_s0_fullft,vit_b16,caltech256,50,0,fullft,96,0.722222
vit_b16_caltech256_f50_s0_fullft,vit_b16,caltech256,50,0,fullft,97,1.0
vit_b16_caltech256_f50_s0_fullft,vit_b16,caltech256,50,0,fullft,98,0.9375
vit_b16_caltech256_f50_s0_fullft,vit_b16,caltech256,50,0,fullft,99,1.0
vit_b16_caltech256_f50_s0_fullft,vit_b16,caltech256,50,0,fullft,100,0.892857
vit_b16_caltech256_f50_s0_fullft,vit_b16,caltech256,50,0,fullft,101,0.944444
vit_b16_caltech256_f50_s0_fullft,vit_b16,caltech256,50,0,fullft,102,0.954545
vit_b16_caltech256_f50_s0_fullft,vit_b16,caltech256,50,0,fullft,103,0.894737
vit_b16_caltech256_f50_s0_fullft,vit_b16,caltech256,50,0,fullft,104,0.925926
vit_b16_caltech256_f50_s0_fullft,vit_b16,caltech256,50,0,fullft,105,0.470588
vit_b16_caltech256_f50_s0_fullft,vit_b16,caltech256,50,0,fullft,106,1.0
vit_b16_caltech256_f50_s0_fullft,vit_b16,caltech256,50,0,fullft,107,0.647059
vit_b16_caltech256_f50_s0_fullft,vit_b16,caltech256,50,0,fullft,108,0.935484
vit_b16_caltech256_f50_s0_fullft,vit_b16,caltech256,50,0,fullft,109,0.882353
vit_b16_caltech256_f50_s0_fullft,vit_b16,caltech256,50,0,fullft,110,0.941176
vit_b16_caltech256_f50_s0_fullft,vit_b16,caltech256,50,0,fullft,111,0.823529
vit_b16_caltech256_f50_s0_fullft,vit_b16,caltech256,50,0,fullft,112,1.0
vit_b16_caltech256_f50_s0_fullft,vit_b16,caltech256,50,0,fullft,113,1.0
vit_b16_caltech256_f50_s0_fullft,vit_b16,caltech256,50,0,fullft,114,0.833333
vit_b16_caltech256_f50_s0_fullft,vit_b16,caltech256,50,0,fullft,115,0.952381
vit_b16_caltech256_f50_s0_fullft,vit_b16,caltech256,50,0,fullft,116,1.0
vit_b16_caltech256_f50_s0_fullft,vit_b16,caltech256,50,0,fullft,117,0.909091
vit_b16_caltech256_f50_s0_fullft,vit_b16,caltech256,50,0,fullft,118,0.647059
vit_b16_caltech256_f50_s0_fullft,vit_b16,caltech256,50,0,fullft,119,0.846154
vit_b16_caltech256_f50_s0_fullft,vit_b16,caltech256,50,0,fullft,120,1.0
vit_b16_caltech256_f50_s0_fullft,vit_b16,caltech256,50,0,fullft,121,0.857143
vit_b16_caltech256_f50_s0_fullft,vit_b16,caltech256,50,0,fullft,122,1.0
vit_b16_caltech256_f50_s0_fullft,vit_b16,caltech256,50,0,fullft,123,1.0
vit_b16_caltech256_f50_s0_fullft,vit_b16,caltech256,50,0,fullft,124,0.45
vit_b16_caltech256_f50_s0_fullft,vit_b16,caltech256,50,0,fullft,125,0.75
vit_b16_caltech256_f50_s0_fullft,vit_b16,caltech256,50,0,fullft,126,0.961538
vit_b16_caltech256_f50_s0_fullft,vit_b16,caltech256,50,0,fullft,127,0.809524
vit_b16_caltech256_f50_s0_fullft,vit_b16,caltech256,50,0,fullft,128,1.0
vit_b16_caltech256_f50_s0_fullft,vit_b16,caltech256,50,0,fullft,129,0.944444
vit_b16_caltech256_f50_s0_fullft,vit_b16,caltech256,50,0,fullft,130,0.833333
vit_b16_caltech256_f50_s0_fullft,vit_b16,caltech256,50,0,fullft,131,0.894737
vit_b16_caltech256_f50_s0_fullft,vit_b16,caltech256,50,0,fullft,132,1.0
vit_b16_caltech256_f50_s0_fullft,vit_b16,caltech256,50,0,fullft,133,1.0
vit_b16_caltech256_f50_s0_fullft,vit_b16,caltech256,50,0,fullft,134,0.789474
vit_b16_caltech256_f50_s0_fullft,vit_b16,caltech256,50,0,fullft,135,0.894737
vit_b16_caltech256_f50_s0_fullft,vit_b16,caltech256,50,0,fullft,136,0.935484
vit_b16_caltech256_f50_s0_fullft,vit_b16,caltech256,50,0,fullft,137,0.789474
vit_b16_caltech256_f50_s0_fullft,vit_b16,caltech256,50,0,fullft,138,0.882353
vit_b16_caltech256_f50_s0_fullft,vit_b16,caltech256,50,0,fullft,139,0.722222
vit_b16_caltech256_f50_s0_fullft,vit_b16,caltech256,50,0,fullft,140,1.0
vit_b16_caltech256_f50_s0_fullft,vit_b16,caltech256,50,0,fullft,141,0.904762
vit_b16_caltech256_f50_s0_fullft,vit_b16,caltech256,50,0,fullft,142,0.923077
vit_b16_caltech256_f50_s0_fullft,vit_b16,caltech256,50,0,fullft,143,0.8125
vit_b16_caltech256_f50_s0_fullft,vit_b16,caltech256,50,0,fullft,144,1.0
vit_b16_caltech256_f50_s0_fullft,vit_b16,caltech256,50,0,fullft,145,0.8125
vit_b16_caltech256_f50_s0_fullft,vit_b16,caltech256,50,0,fullft,146,0.775
vit_b16_caltech256_f50_s0_fullft,vit_b16,caltech256,50,0,fullft,147,0.8
vit_b16_caltech256_f50_s0_fullft,vit_b16,caltech256,50,0,fullft,148,0.952381
vit_b16_caltech256_f50_s0_fullft,vit_b16,caltech256,50,0,fullft,149,1.0
vit_b16_caltech256_f50_s0_fullft,vit_b16,caltech256,50,0,fullft,150,1.0
vit_b16_caltech256_f50_s0_fullft,vit_b16,caltech256,50,0,fullft,151,1.0
vit_b16_caltech256_f50_s0_fullft,vit_b16,caltech256,50,0,fullft,152,0.947368
vit_b16_caltech256_f50_s0_fullft,vit_b16,caltech256,50,0,fullft,153,0.761905
vit_b16_caltech256_f50_s0_fullft,vit_b16,caltech256,50,0,fullft,154,0.5
vit_b16_caltech256_f50_s0_fullft,vit_b16,caltech256,50,0,fullft,155,0.736842
vit_b16_caltech256_f50_s0_fullft,vit_b16,caltech256,50,0,fullft,156,0.952381
vit_b16_caltech256_f50_s0_fullft,vit_b16,caltech256,50,0,fullft,157,0.9
vit_b16_caltech256_f50_s0_fullft,vit_b16,caltech256,50,0,fullft,158,0.690476
vit_b16_caltech256_f50_s0_fullft,vit_b16,caltech256,50,0,fullft,159,0.647059
vit_b16_caltech256_f50_s0_fullft,vit_b16,caltech256,50,0,fullft,160,0.904762
vit_b16_caltech256_f50_s0_fullft,vit_b16,caltech256,50,0,fullft,161,0.555556
vit_b16_caltech256_f50_s0_fullft,vit_b16,caltech256,50,0,fullft,162,0.5
vit_b16_caltech256_f50_s0_fullft,vit_b16,caltech256,50,0,fullft,163,1.0
vit_b16_caltech256_f50_s0_fullft,vit_b16,caltech256,50,0,fullft,164,0.833333
vit_b16_caltech256_f50_s0_fullft,vit_b16,caltech256,50,0,fullft,165,0.888889
vit_b16_caltech256_f50_s0_fullft,vit_b16,caltech256,50,0,fullft,166,0.941176
vit_b16_caltech256_f50_s0_fullft,vit_b16,caltech256,50,0,fullft,167,0.964286
vit_b16_caltech256_f50_s0_fullft,vit_b16,caltech256,50,0,fullft,168,1.0
vit_b16_caltech256_f50_s0_fullft,vit_b16,caltech256,50,0,fullft,169,0.85
vit_b16_caltech256_f50_s0_fullft,vit_b16,caltech256,50,0,fullft,170,0.882353
vit_b16_caltech256_f50_s0_fullft,vit_b16,caltech256,50,0,fullft,171,0.9
vit_b16_caltech256_f50_s0_fullft,vit_b16,caltech256,50,0,fullft,172,0.666667
vit_b16_caltech256_f50_s0_fullft,vit_b16,caltech256,50,0,fullft,173,1.0
vit_b16_caltech256_f50_s0_fullft,vit_b16,caltech256,50,0,fullft,174,0.882353
vit_b16_caltech256_f50_s0_fullft,vit_b16,caltech256,50,0,fullft,175,0.954545
vit_b16_caltech256_f50_s0_fullft,vit_b16,caltech256,50,0,fullft,176,1.0
vit_b16_caltech256_f50_s0_fullft,vit_b16,caltech256,50,0,fullft,177,0.9
vit_b16_caltech256_f50_s0_fullft,vit_b16,caltech256,50,0,fullft,178,1.0
vit_b16_caltech256_f50_s0_fullft,vit_b16,caltech256,50,0,fullft,179,0.65
vit_b16_caltech256_f50_s0_fullft,vit_b16,caltech256,50,0,fullft,180,0.75
vit_b16_caltech256_f50_s0_fullft,vit_b16,caltech256,50,0,fullft,181,1.0
vit_b16_caltech256_f50_s0_fullft,vit_b16,caltech256,50,0,fullft,182,0.8
vit_b16_caltech256_f50_s0_fullft,vit_b16,caltech256,50,0,fullft,183,1.0
vit_b16_caltech256_f50_s0_fullft,vit_b16,caltech256,50,0,fullft,184,0.47619
vit_b16_caltech256_f50_s0_fullft,vit_b16,caltech256,50,0,fullft,185,1.0
vit_b16_caltech256_f50_s0_fullft,vit_b16,caltech256,50,0,fullft,186,1.0
vit_b16_caltech256_f50_s0_fullft,vit_b16,caltech256,50,0,fullft,187,0.833333
vit_b16_caltech256_f50_s0_fullft,vit_b16,caltech256,50,0,fullft,188,0.958333
vit_b16_caltech256_f50_s0_fullft,vit_b16,caltech256,50,0,fullft,189,0.863636
vit_b16_caltech256_f50_s0_fullft,vit_b16,caltech256,50,0,fullft,190,0.363636
vit_b16_caltech256_f50_s0_fullft,vit_b16,caltech256,50,0,fullft,191,0.954545
vit_b16_caltech256_f50_s0_fullft,vit_b16,caltech256,50,0,fullft,192,0.828571
vit_b16_caltech256_f50_s0_fullft,vit_b16,caltech256,50,0,fullft,193,1.0
vit_b16_caltech256_f50_s0_fullft,vit_b16,caltech256,50,0,fullft,194,0.411765
vit_b16_caltech256_f50_s0_fullft,vit_b16,caltech256,50,0,fullft,195,0.952381
vit_b16_caltech256_f50_s0_fullft,vit_b16,caltech256,50,0,fullft,196,0.9
vit_b16_caltech256_f50_s0_fullft,vit_b16,caltech256,50,0,fullft,197,0.863636
vit_b16_caltech256_f50_s0_fullft,vit_b16,caltech256,50,0,fullft,198,0.619048
vit_b16_caltech256_f50_s0_fullft,vit_b16,caltech256,50,0,fullft,199,0.9
vit_b16_caltech256_f50_s0_fullft,vit_b16,caltech256,50,0,fullft,200,1.0
vit_b16_caltech256_f50_s0_fullft,vit_b16,caltech256,50,0,fullft,201,0.736842
vit_b16_caltech256_f50_s0_fullft,vit_b16,caltech256,50,0,fullft,202,0.722222
vit_b16_caltech256_f50_s0_fullft,vit_b16,caltech256,50,0,fullft,203,1.0
vit_b16_caltech256_f50_s0_fullft,vit_b16,caltech256,50,0,fullft,204,0.764706
vit_b16_caltech256_f50_s0_fullft,vit_b16,caltech256,50,0,fullft,205,0.75
vit_b16_caltech256_f50_s0_fullft,vit_b16,caltech256,50,0,fullft,206,0.913043
vit_b16_caltech256_f50_s0_fullft,vit_b16,caltech256,50,0,fullft,207,0.954545
vit_b16_caltech256_f50_s0_fullft,vit_b16,caltech256,50,0,fullft,208,0.75
vit_b16_caltech256_f50_s0_fullft,vit_b16,caltech256,50,0,fullft,209,0.909091
vit_b16_caltech256_f50_s0_fullft,vit_b16,caltech256,50,0,fullft,210,0.842105
vit_b16_caltech256_f50_s0_fullft,vit_b16,caltech256,50,0,fullft,211,1.0
vit_b16_caltech256_f50_s0_fullft,vit_b16,caltech256,50,0,fullft,212,1.0
vit_b16_caltech256_f50_s0_fullft,vit_b16,caltech256,50,0,fullft,213,0.928571
vit_b16_caltech256_f50_s0_fullft,vit_b16,caltech256,50,0,fullft,214,0.882353
vit_b16_caltech256_f50_s0_fullft,vit_b16,caltech256,50,0,fullft,215,0.95
vit_b16_caltech256_f50_s0_fullft,vit_b16,caltech256,50,0,fullft,216,0.952381
vit_b16_caltech256_f50_s0_fullft,vit_b16,caltech256,50,0,fullft,217,0.9375
vit_b16_caltech256_f50_s0_fullft,vit_b16,caltech256,50,0,fullft,218,0.823529
vit_b16_caltech256_f50_s0_fullft,vit_b16,caltech256,50,0,fullft,219,0.894737
vit_b16_caltech256_f50_s0_fullft,vit_b16,caltech256,50,0,fullft,220,0.904762
vit_b16_caltech256_f50_s0_fullft,vit_b16,caltech256,50,0,fullft,221,0.833333
vit_b16_caltech256_f50_s0_fullft,vit_b16,caltech256,50,0,fullft,222,0.6875
vit_b16_caltech256_f50_s0_fullft,vit_b16,caltech256,50,0,fullft,223,0.772727
vit_b16_caltech256_f50_s0_fullft,vit_b16,caltech256,50,0,fullft,224,0.944444
vit_b16_caltech256_f50_s0_fullft,vit_b16,caltech256,50,0,fullft,225,0.85
vit_b16_caltech256_f50_s0_fullft,vit_b16,caltech256,50,0,fullft,226,0.931034
vit_b16_caltech256_f50_s0_fullft,vit_b16,caltech256,50,0,fullft,227,1.0
vit_b16_caltech256_f50_s0_fullft,vit_b16,caltech256,50,0,fullft,228,0.842105
vit_b16_caltech256_f50_s0_fullft,vit_b16,caltech256,50,0,fullft,229,0.947368
vit_b16_caltech256_f50_s0_fullft,vit_b16,caltech256,50,0,fullft,230,0.909091
vit_b16_caltech256_f50_s0_fullft,vit_b16,caltech256,50,0,fullft,231,0.916667
vit_b16_caltech256_f50_s0_fullft,vit_b16,caltech256,50,0,fullft,232,0.75
vit_b16_caltech256_f50_s0_fullft,vit_b16,caltech256,50,0,fullft,233,0.791667
vit_b16_caltech256_f50_s0_fullft,vit_b16,caltech256,50,0,fullft,234,0.913043
vit_b16_caltech256_f50_s0_fullft,vit_b16,caltech256,50,0,fullft,235,0.842105
vit_b16_caltech256_f50_s0_fullft,vit_b16,caltech256,50,0,fullft,236,0.888889
vit_b16_caltech256_f50_s0_fullft,vit_b16,caltech256,50,0,fullft,237,1.0
vit_b16_caltech256_f50_s0_fullft,vit_b16,caltech256,50,0,fullft,238,0.823529
vit_b16_caltech256_f50_s0_fullft,vit_b16,caltech256,50,0,fullft,239,1.0
vit_b16_caltech256_f50_s0_fullft,vit_b16,caltech256,50,0,fullft,240,0.736842
vit_b16_caltech256_f50_s0_fullft,vit_b16,caltech256,50,0,fullft,241,0.947368
vit_b16_caltech256_f50_s0_fullft,vit_b16,caltech256,50,0,fullft,242,0.722222
vit_b16_caltech256_f50_s0_fullft,vit_b16,caltech256,50,0,fullft,243,0.777778
vit_b16_caltech256_f50_s0_fullft,vit_b16,caltech256,50,0,fullft,244,0.722222
vit_b16_caltech256_f50_s0_fullft,vit_b16,caltech256,50,0,fullft,245,0.8
vit_b16_caltech256_f50_s0_fullft,vit_b16,caltech256,50,0,fullft,246,0.722222
vit_b16_caltech256_f50_s0_fullft,vit_b16,caltech256,50,0,fullft,247,0.823529
vit_b16_caltech256_f50_s0_fullft,vit_b16,caltech256,50,0,fullft,248,0.7
vit_b16_caltech256_f50_s0_fullft,vit_b16,caltech256,50,0,fullft,249,1.0
vit_b16_caltech256_f50_s0_fullft,vit_b16,caltech256,50,0,fullft,250,0.96875
vit_b16_caltech256_f50_s0_fullft,vit_b16,caltech256,50,0,fullft,251,1.0
vit_b16_caltech256_f50_s0_fullft,vit_b16,caltech256,50,0,fullft,252,1.0
vit_b16_caltech256_f50_s0_fullft,vit_b16,caltech256,50,0,fullft,253,0.894737
vit_b16_caltech256_f50_s0_fullft,vit_b16,caltech256,50,0,fullft,254,0.666667
vit_b16_caltech256_f50_s0_fullft,vit_b16,caltech256,50,0,fullft,255,0.863636
vit_b16_caltech256_f50_s0_linprobe,vit_b16,caltech256,50,0,linprobe,0,0.9
vit_b16_caltech256_f50_s0_linprobe,vit_b16,caltech256,50,0,linprobe,1,0.947368
vit_b16_caltech256_f50_s0_linprobe,vit_b16,caltech256,50,0,linprobe,2,0.933333
vit_b16_caltech256_f50_s0_linprobe,vit_b16,caltech256,50,0,linprobe,3,0.84
vit_b16_caltech256_f50_s0_linprobe,vit_b16,caltech256,50,0,linprobe,4,0.933333
vit_b16_caltech256_f50_s0_linprobe,vit_b16,caltech256,50,0,linprobe,5,0.888889
vit_b16_caltech256_f50_s0_linprobe,vit_b16,caltech256,50,0,linprobe,6,0.761905
vit_b16_caltech256_f50_s0_linprobe,vit_b16,caltech256,50,0,linprobe,7,0.869565
vit_b16_caltech256_f50_s0_linprobe,vit_b16,caltech256,50,0,linprobe,8,0.95
vit_b16_caltech256_f50_s0_linprobe,vit_b16,caltech256,50,0,linprobe,9,0.789474
vit_b16_caltech256_f50_s0_linprobe,vit_b16,caltech256,50,0,linprobe,10,0.964286
vit_b16_caltech256_f50_s0_linprobe,vit_b16,caltech256,50,0,linprobe,11,0.953488
vit_b16_caltech256_f50_s0_linprobe,vit_b16,caltech256,50,0,linprobe,12,0.7
vit_b16_caltech256_f50_s0_linprobe,vit_b16,caltech256,50,0,linprobe,13,0.882353
vit_b16_caltech256_f50_s0_linprobe,vit_b16,caltech256,50,0,linprobe,14,0.916667
vit_b16_caltech256_f50_s0_linprobe,vit_b16,caltech256,50,0,linprobe,15,0.777778
vit_b16_caltech256_f50_s0_linprobe,vit_b16,caltech256,50,0,linprobe,16,0.52381
vit_b16_caltech256_f50_s0_linprobe,vit_b16,caltech256,50,0,linprobe,17,0.55
vit_b16_caltech256_f50_s0_linprobe,vit_b16,caltech256,50,0,linprobe,18,0.76
vit_b16_caltech256_f50_s0_linprobe,vit_b16,caltech256,50,0,linprobe,19,0.941176
vit_b16_caltech256_f50_s0_linprobe,vit_b16,caltech256,50,0,linprobe,20,0.892857
vit_b16_caltech256_f50_s0_linprobe,vit_b16,caltech256,50,0,linprobe,21,1.0
vit_b16_caltech256_f50_s0_linprobe,vit_b16,caltech256,50,0,linprobe,22,1.0
vit_b16_caltech256_f50_s0_linprobe,vit_b16,caltech256,50,0,linprobe,23,1.0
vit_b16_caltech256_f50_s0_linprobe,vit_b16,caltech256,50,0,linprobe,24,0.782609
vit_b16_caltech256_f50_s0_linprobe,vit_b16,caltech256,50,0,linprobe,25,0.52381
vit_b16_caltech256_f50_s0_linprobe,vit_b16,caltech256,50,0,linprobe,26,0.9
vit_b16_caltech256_f50_s0_linprobe,vit_b16,caltech256,50,0,linprobe,27,0.954545
vit_b16_caltech256_f50_s0_linprobe,vit_b16,caltech256,50,0,linprobe,28,1.0
vit_b16_caltech256_f50_s0_linprobe,vit_b16,caltech256,50,0,linprobe,29,0.666667
vit_b16_caltech256_f50_s0_linprobe,vit_b16,caltech256,50,0,linprobe,30,0.722222
vit_b16_caltech256_f50_s0_linprobe,vit_b16,caltech256,50,0,linprobe,31,0.75
vit_b16_caltech256_f50_s0_linprobe,vit_b16,caltech256,50,0,linprobe,32,0.8
vit_b16_caltech256_f50_s0_linprobe,vit_b16,caltech256,50,0,linprobe,33,0.95
vit_b16_caltech256_f50_s0_linprobe,vit_b16,caltech256,50,0,linprobe,34,0.882353
vit_b16_caltech256_f50_s0_linprobe,vit_b16,caltech256,50,0,linprobe,35,0.809524
vit_b16_caltech256_f50_s0_linprobe,vit_b16,caltech256,50,0,linprobe,36,0.958333
vit_b16_caltech256_f50_s0_linprobe,vit_b16,caltech256,50,0,linprobe,37,0.909091
vit_b16_caltech256_f50_s0_linprobe,vit_b16,caltech256,50,0,linprobe,38,0.470588
vit_b16_caltech256_f50_s0_linprobe,vit_b16,caltech256,50,0,linprobe,39,0.96
vit_b16_caltech256_f50_s0_linprobe,vit_b16,caltech256,50,0,linprobe,40,0.941176
vit_b16_caltech256_f50_s0_linprobe,vit_b16,caltech256,50,0,linprobe,41,0.588235
vit_b16_caltech256_f50_s0_linprobe,vit_b16,caltech256,50,0,linprobe,42,0.84
vit_b16_caltech256_f50_s0_linprobe,vit_b16,caltech256,50,0,linprobe,43,0.833333
vit_b16_caltech256_f50_s0_linprobe,vit_b16,caltech256,50,0,linprobe,44,0.941176
vit_b16_caltech256_f50_s0_linprobe,vit_b16,caltech256,50,0,linprobe,45,1.0
vit_b16_caltech256_f50_s0_linprobe,vit_b16,caltech256,50,0,linprobe,46,0.842105
vit_b16_caltech256_f50_s0_linprobe,vit_b16,caltech256,50,0,linprobe,47,0.857143
vit_b16_caltech256_f50_s0_linprobe,vit_b16,caltech256,50,0,linprobe,48,0.857143
vit_b16_caltech256_f50_s0_linprobe,vit_b16,caltech256,50,0,linprobe,49,0.578947
vit_b16_caltech256_f50_s0_linprobe,vit_b16,caltech256,50,0,linprobe,50,0.869565
vit_b16_caltech256_f50_s0_linprobe,vit_b16,caltech256,50,0,linprobe,51,0.941176
vit_b16_caltech256_f50_s0_linprobe,vit_b16,caltech256,50,0,linprobe,52,0.8125
vit_b16_caltech256_f50_s0_linprobe,vit_b16,caltech256,50,0,linprobe,53,1.0
vit_b16_caltech256_f50_s0_linprobe,vit_b16,caltech256,50,0,linprobe,54,0.8
vit_b16_caltech256_f50_s0_linprobe,vit_b16,caltech256,50,0,linprobe,55,0.65
vit_b16_caltech256_f50_s0_linprobe,vit_b16,caltech256,50,0,linprobe,56,0.809524
vit_b16_caltech256_f50_s0_linprobe,vit_b16,caltech256,50,0,linprobe,57,0.684211
vit_b16_caltech256_f50_s0_linprobe,vit_b16,caltech256,50,0,linprobe,58,0.411765
vit_b16_caltech256_f50_s0_linprobe,vit_b16,caltech256,50,0,linprobe,59,0.647059
vit_b16_caltech256_f50_s0_linprobe,vit_b16,caltech256,50,0,linprobe,60,0.8
vit_b16_caltech256_f50_s0_linprobe,vit_b16,caltech256,50,0,linprobe,61,0.941176
vit_b16_caltech256_f50_s0_linprobe,vit_b16,caltech256,50,0,linprobe,62,0.875
vit_b16_caltech256_f50_s0_linprobe,vit_b16,caltech256,50,0,linprobe,63,0.961538
vit_b16_caltech256_f50_s0_linprobe,vit_b16,caltech256,50,0,linprobe,64,0.85
vit_b16_caltech256_f50_s0_linprobe,vit_b16,caltech256,50,0,linprobe,65,0.882353
vit_b16_caltech256_f50_s0_linprobe,vit_b16,caltech256,50,0,linprobe,66,0.823529
vit_b16_caltech256_f50_s0_linprobe,vit_b16,caltech256,50,0,linprobe,67,0.909091
vit_b16_caltech256_f50_s0_linprobe,vit_b16,caltech256,50,0,linprobe,68,0.6
vit_b16_caltech256_f50_s0_linprobe,vit_b16,caltech256,50,0,linprobe,69,0.529412
vit_b16_caltech256_f50_s0_linprobe,vit_b16,caltech256,50,0,linprobe,70,0.8
vit_b16_caltech256_f50_s0_linprobe,vit_b16,caltech256,50,0,linprobe,71,0.958333
vit_b16_caltech256_f50_s0_linprobe,vit_b16,caltech256,50,0,linprobe,72,0.9
vit_b16_caltech256_f50_s0_linprobe,vit_b16,caltech256,50,0,linprobe,73,0.565217
vit_b16_caltech256_f50_s0_linprobe,vit_b16,caltech256,50,0,linprobe,74,0.588235
vit_b16_caltech256_f50_s0_linprobe,vit_b16,caltech256,50,0,linprobe,75,0.941176
vit_b16_caltech256_f50_s0_linprobe,vit_b16,caltech256,50,0,linprobe,76,1.0
vit_b16_caltech256_f50_s0_linprobe,vit_b16,caltech256,50,0,linprobe,77,0.777778
vit_b16_caltech256_f50_s0_linprobe,vit_b16,caltech256,50,0,linprobe,78,0.6
vit_b16_caltech256_f50_s0_linprobe,vit_b16,caltech256,50,0,linprobe,79,0.608696
vit_b16_caltech256_f50_s0_linprobe,vit_b16,caltech256,50,0,linprobe,80,0.894737
vit_b16_caltech256_f50_s0_linprobe,vit_b16,caltech256,50,0,linprobe,81,0.9375
vit_b16_caltech256_f50_s0_linprobe,vit_b16,caltech256,50,0,linprobe,82,0.894737
vit_b16_caltech256_f50_s0_linprobe,vit_b16,caltech256,50,0,linprobe,83,0.823529
vit_b16_caltech256_f50_s0_linprobe,vit_b16,caltech256,50,0,linprobe,84,0.772727
vit_b16_caltech256_f50_s0_linprobe,vit_b16,caltech256,50,0,linprobe,85,0.875
vit_b16_caltech256_f50_s0_linprobe,vit_b16,caltech256,50,0,linprobe,86,0.894737
vit_b16_caltech256_f50_s0_linprobe,vit_b16,caltech256,50,0,linprobe,87,0.95
vit_b16_caltech256_f50_s0_linprobe,vit_b16,caltech256,50,0,linprobe,88,0.681818
vit_b16_caltech256_f50_s0_linprobe,vit_b16,caltech256,50,0,linprobe,89,1.0
vit_b16_caltech256_f50_s0_linprobe,vit_b16,caltech256,50,0,linprobe,90,0.947368
vit_b16_caltech256_f50_s0_linprobe,vit_b16,caltech256,50,0,linprobe,91,0.775
vit_b16_caltech256_f50_s0_linprobe,vit_b16,caltech256,50,0,linprobe,92,1.0
vit_b16_caltech256_f50_s0_linprobe,vit_b16,caltech256,50,0,linprobe,93,1.0
vit_b16_caltech256_f50_s0_linprobe,vit_b16,caltech256,50,0,linprobe,94,0.764706
vit_b16_caltech256_f50_s0_linprobe,vit_b16,caltech256,50,0,linprobe,95,0.877193
vit_b16_caltech256_f50_s0_linprobe,vit_b16,caltech256,50,0,linprobe,96,0.722222
vit_b16_caltech256_f50_s0_linprobe,vit_b16,caltech256,50,0,linprobe,97,0.95
vit_b16_caltech256_f50_s0_linprobe,vit_b16,caltech256,50,0,linprobe,98,0.75
vit_b16_caltech256_f50_s0_linprobe,vit_b16,caltech256,50,0,linprobe,99,0.947368
vit_b16_caltech256_f50_s0_linprobe,vit_b16,caltech256,50,0,linprobe,100,0.821429
vit_b16_caltech256_f50_s0_linprobe,vit_b16,caltech256,50,0,linprobe,101,0.777778
vit_b16_caltech256_f50_s0_linprobe,vit_b16,caltech256,50,0,linprobe,102,0.954545
vit_b16_caltech256_f50_s0_linprobe,vit_b16,caltech256,50,0,linprobe,103,0.684211
vit_b16_caltech256_f50_s0_linprobe,vit_b16,caltech256,50,0,linprobe,104,0.833333
vit_b16_caltech256_f50_s0_linprobe,vit_b16,caltech256,50,0,linprobe,105,0.705882
vit_b16_caltech256_f50_s0_linprobe,vit_b16,caltech256,50,0,linprobe,106,1.0
vit_b16_caltech256_f50_s0_linprobe,vit_b16,caltech256,50,0,linprobe,107,0.705882
vit_b16_caltech256_f50_s0_linprobe,vit_b16,caltech256,50,0,linprobe,108,0.870968
vit_b16_caltech256_f50_s0_linprobe,vit_b16,caltech256,50,0,linprobe,109,0.882353
vit_b16_caltech256_f50_s0_linprobe,vit_b16,caltech256,50,0,linprobe,110,0.941176
vit_b16_caltech256_f50_s0_linprobe,vit_b16,caltech256,50,0,linprobe,111,0.764706
vit_b16_caltech256_f50_s0_linprobe,vit_b16,caltech256,50,0,linprobe,112,0.956522
vit_b16_caltech256_f50_s0_linprobe,vit_b16,caltech256,50,0,linprobe,113,0.916667
vit_b16_caltech256_f50_s0_linprobe,vit_b16,caltech256,50,0,linprobe,114,0.666667
vit_b16_caltech256_f50_s0_linprobe,vit_b16,caltech256,50,0,linprobe,115,1.0
vit_b16_caltech256_f50_s0_linprobe,vit_b16,caltech256,50,0,linprobe,116,0.958333
vit_b16_caltech256_f50_s0_linprobe,vit_b16,caltech256,50,0,linprobe,117,0.818182
vit_b16_caltech256_f50_s0_linprobe,vit_b16,caltech256,50,0,linprobe,118,0.588235
vit_b16_caltech256_f50_s0_linprobe,vit_b16,caltech256,50,0,linprobe,119,0.884615
vit_b16_caltech256_f50_s0_linprobe,vit_b16,caltech256,50,0,linprobe,120,1.0
vit_b16_caltech256_f50_s0_linprobe,vit_b16,caltech256,50,0,linprobe,121,0.666667
vit_b16_caltech256_f50_s0_linprobe,vit_b16,caltech256,50,0,linprobe,122,1.0
vit_b16_caltech256_f50_s0_linprobe,vit_b16,caltech256,50,0,linprobe,123,0.944444
vit_b16_caltech256_f50_s0_linprobe,vit_b16,caltech256,50,0,linprobe,124,0.5
vit_b16_caltech256_f50_s0_linprobe,vit_b16,caltech256,50,0,linprobe,125,0.604167
vit_b16_caltech256_f50_s0_linprobe,vit_b16,caltech256,50,0,linprobe,126,0.923077
vit_b16_caltech256_f50_s0_linprobe,vit_b16,caltech256,50,0,linprobe,127,0.857143
vit_b16_caltech256_f50_s0_linprobe,vit_b16,caltech256,50,0,linprobe,128,1.0
vit_b16_caltech256_f50_s0_linprobe,vit_b16,caltech256,50,0,linprobe,129,0.888889
vit_b16_caltech256_f50_s0_linprobe,vit_b16,caltech256,50,0,linprobe,130,0.777778
vit_b16_caltech256_f50_s0_linprobe,vit_b16,caltech256,50,0,linprobe,131,0.921053
vit_b16_caltech256_f50_s0_linprobe,vit_b16,caltech256,50,0,linprobe,132,0.777778
vit_b16_caltech256_f50_s0_linprobe,vit_b16,caltech256,50,0,linprobe,133,1.0
vit_b16_caltech256_f50_s0_linprobe,vit_b16,caltech256,50,0,linprobe,134,0.631579
vit_b16_caltech256_f50_s0_linprobe,vit_b16,caltech256,50,0,linprobe,135,0.947368
vit_b16_caltech256_f50_s0_linprobe,vit_b16,caltech256,50,0,linprobe,136,0.935484
vit_b16_caltech256_f50_s0_linprobe,vit_b16,caltech256,50,0,linprobe,137,0.842105
vit_b16_caltech256_f50_s0_linprobe,vit_b16,caltech256,50,0,linprobe,138,0.764706
vit_b16_caltech256_f50_s0_linprobe,vit_b16,caltech256,50,0,linprobe,139,0.666667
vit_b16_caltech256_f50_s0_linprobe,vit_b16,caltech256,50,0,linprobe,140,0.826087
vit_b16_caltech256_f50_s0_linprobe,vit_b16,caltech256,50,0,linprobe,141,0.809524
vit_b16_caltech256_f50_s0_linprobe,vit_b16,caltech256,50,0,linprobe,142,0.961538
vit_b16_caltech256_f50_s0_linprobe,vit_b16,caltech256,50,0,linprobe,143,0.6875
vit_b16_caltech256_f50_s0_linprobe,vit_b16,caltech256,50,0,linprobe,144,1.0
vit_b16_caltech256_f50_s0_linprobe,vit_b16,caltech256,50,0,linprobe,145,0.6875
vit_b16_caltech256_f50_s0_linprobe,vit_b16,caltech256,50,0,linprobe,146,0.85
vit_b16_caltech256_f50_s0_linprobe,vit_b16,caltech256,50,0,linprobe,147,0.685714
vit_b16_caltech256_f50_s0_linprobe,vit_b16,caltech256,50,0,linprobe,148,0.857143
vit_b16_caltech256_f50_s0_linprobe,vit_b16,caltech256,50,0,linprobe,149,0.818182
vit_b16_caltech256_f50_s0_linprobe,vit_b16,caltech256,50,0,linprobe,150,1.0
vit_b16_caltech256_f50_s0_linprobe,vit_b16,caltech256,50,0,linprobe,151,0.916667
vit_b16_caltech256_f50_s0_linprobe,vit_b16,caltech256,50,0,linprobe,152,0.842105
vit_b16_caltech256_f50_s0_linprobe,vit_b16,caltech256,50,0,linprobe,153,0.714286
vit_b16_caltech256_f50_s0_linprobe,vit_b16,caltech256,50,0,linprobe,154,0.388889
vit_b16_caltech256_f50_s0_linprobe,vit_b16,caltech256,50,0,linprobe,155,0.578947
vit_b16_caltech256_f50_s0_linprobe,vit_b16,caltech256,50,0,linprobe,156,0.904762
vit_b16_caltech256_f50_s0_linprobe,vit_b16,caltech256,50,0,linprobe,157,0.866667
vit_b16_caltech256_f50_s0_linprobe,vit_b16,caltech256,50,0,linprobe,158,0.666667
vit_b16_caltech256_f50_s0_linprobe,vit_b16,caltech256,50,0,linprobe,159,0.588235
vit_b16_caltech256_f50_s0_linprobe,vit_b16,caltech256,50,0,linprobe,160,1.0
vit_b16_caltech256_f50_s0_linprobe,vit_b16,caltech256,50,0,linprobe,161,0.444444
vit_b16_caltech256_f50_s0_linprobe,vit_b16,caltech256,50,0,linprobe,162,0.277778
vit_b16_caltech256_f50_s0_linprobe,vit_b16,caltech256,50,0,linprobe,163,1.0
vit_b16_caltech256_f50_s0_linprobe,vit_b16,caltech256,50,0,linprobe,164,0.722222
vit_b16_caltech256_f50_s0_linprobe,vit_b16,caltech256,50,0,linprobe,165,0.833333
vit_b16_caltech256_f50_s0_linprobe,vit_b16,caltech256,50,0,linprobe,166,0.764706
vit_b16_caltech256_f50_s0_linprobe,vit_b16,caltech256,50,0,linprobe,167,1.0
vit_b16_caltech256_f50_s0_linprobe,vit_b16,caltech256,50,0,linprobe,168,0.944444
vit_b16_caltech256_f50_s0_linprobe,vit_b16,caltech256,50,0,linprobe,169,0.75
vit_b16_caltech256_f50_s0_linprobe,vit_b16,caltech256,50,0,linprobe,170,0.941176
vit_b16_caltech256_f50_s0_linprobe,vit_b16,caltech256,50,0,linprobe,171,1.0
vit_b16_caltech256_f50_s0_linprobe,vit_b16,caltech256,50,0,linprobe,172,0.666667
vit_b16_caltech256_f50_s0_linprobe,vit_b16,caltech256,50,0,linprobe,173,1.0
vit_b16_caltech256_f50_s0_linprobe,vit_b16,caltech256,50,0,linprobe,174,0.882353
vit_b16_caltech256_f50_s0_linprobe,vit_b16,caltech256,50,0,linprobe,175,0.818182
vit_b16_caltech256_f50_s0_linprobe,vit_b16,caltech256,50,0,linprobe,176,0.894737
vit_b16_caltech256_f50_s0_linprobe,vit_b16,caltech256,50,0,linprobe,177,0.9
vit_b16_caltech256_f50_s0_linprobe,vit_b16,caltech256,50,0,linprobe,178,1.0
vit_b16_caltech256_f50_s0_linprobe,vit_b16,caltech256,50,0,linprobe,179,0.65
vit_b16_caltech256_f50_s0_linprobe,vit_b16,caltech256,50,0,linprobe,180,0.9
vit_b16_caltech256_f50_s0_linprobe,vit_b16,caltech256,50,0,linprobe,181,1.0
vit_b16_caltech256_f50_s0_linprobe,vit_b16,caltech256,50,0,linprobe,182,0.75
vit_b16_caltech256_f50_s0_linprobe,vit_b16,caltech256,50,0,linprobe,183,0.941176
vit_b16_caltech256_f50_s0_linprobe,vit_b16,caltech256,50,0,linprobe,184,0.52381
vit_b16_caltech256_f50_s0_linprobe,vit_b16,caltech256,50,0,linprobe,185,1.0
vit_b16_caltech256_f50_s0_linprobe,vit_b16,caltech256,50,0,linprobe,186,0.789474
vit_b16_caltech256_f50_s0_linprobe,vit_b16,caltech256,50,0,linprobe,187,0.666667
vit_b16_caltech256_f50_s0_linprobe,vit_b16,caltech256,50,0,linprobe,188,0.916667
vit_b16_caltech256_f50_s0_linprobe,vit_b16,caltech256,50,0,linprobe,189,1.0
vit_b16_caltech256_f50_s0_linprobe,vit_b16,caltech256,50,0,linprobe,190,0.772727
vit_b16_caltech256_f50_s0_linprobe,vit_b16,caltech256,50,0,linprobe,191,0.909091
vit_b16_caltech256_f50_s0_linprobe,vit_b16,caltech256,50,0,linprobe,192,0.857143
vit_b16_caltech256_f50_s0_linprobe,vit_b16,caltech256,50,0,linprobe,193,0.954545
vit_b16_caltech256_f50_s0_linprobe,vit_b16,caltech256,50,0,linprobe,194,0.411765
vit_b16_caltech256_f50_s0_linprobe,vit_b16,caltech256,50,0,linprobe,195,0.857143
vit_b16_caltech256_f50_s0_linprobe,vit_b16,caltech256,50,0,linprobe,196,0.8
vit_b16_caltech256_f50_s0_linprobe,vit_b16,caltech256,50,0,linprobe,197,0.863636
vit_b16_caltech256_f50_s0_linprobe,vit_b16,caltech256,50,0,linprobe,198,0.571429
vit_b16_caltech256_f50_s0_linprobe,vit_b16,caltech256,50,0,linprobe,199,0.75
vit_b16_caltech256_f50_s0_linprobe,vit_b16,caltech256,50,0,linprobe,200,0.9375
vit_b16_caltech256_f50_s0_linprobe,vit_b16,caltech256,50,0,linprobe,201,0.473684
vit_b16_caltech256_f50_s0_linprobe,vit_b16,caltech256,50,0,linprobe,202,0.777778
vit_b16_caltech256_f50_s0_linprobe,vit_b16,caltech256,50,0,linprobe,203,0.875
vit_b16_caltech256_f50_s0_linprobe,vit_b16,caltech256,50,0,linprobe,204,0.764706
vit_b16_caltech256_f50_s0_linprobe,vit_b16,caltech256,50,0,linprobe,205,0.7
vit_b16_caltech256_f50_s0_linprobe,vit_b16,caltech256,50,0,linprobe,206,0.782609
vit_b16_caltech256_f50_s0_linprobe,vit_b16,caltech256,50,0,linprobe,207,0.863636
vit_b16_caltech256_f50_s0_linprobe,vit_b16,caltech256,50,0,linprobe,208,0.8
vit_b16_caltech256_f50_s0_linprobe,vit_b16,caltech256,50,0,linprobe,209,0.772727
vit_b16_caltech256_f50_s0_linprobe,vit_b16,caltech256,50,0,linprobe,210,0.842105
vit_b16_caltech256_f50_s0_linprobe,vit_b16,caltech256,50,0,linprobe,211,0.962963
vit_b16_caltech256_f50_s0_linprobe,vit_b16,caltech256,50,0,linprobe,212,0.95
vit_b16_caltech256_f50_s0_linprobe,vit_b16,caltech256,50,0,linprobe,213,0.892857
vit_b16_caltech256_f50_s0_linprobe,vit_b16,caltech256,50,0,linprobe,214,0.764706
vit_b16_caltech256_f50_s0_linprobe,vit_b16,caltech256,50,0,linprobe,215,1.0
vit_b16_caltech256_f50_s0_linprobe,vit_b16,caltech256,50,0,linprobe,216,0.904762
vit_b16_caltech256_f50_s0_linprobe,vit_b16,caltech256,50,0,linprobe,217,0.875
vit_b16_caltech256_f50_s0_linprobe,vit_b16,caltech256,50,0,linprobe,218,0.588235
vit_b16_caltech256_f50_s0_linprobe,vit_b16,caltech256,50,0,linprobe,219,0.842105
vit_b16_caltech256_f50_s0_linprobe,vit_b16,caltech256,50,0,linprobe,220,0.857143
vit_b16_caltech256_f50_s0_linprobe,vit_b16,caltech256,50,0,linprobe,221,0.777778
vit_b16_caltech256_f50_s0_linprobe,vit_b16,caltech256,50,0,linprobe,222,0.6875
vit_b16_caltech256_f50_s0_linprobe,vit_b16,caltech256,50,0,linprobe,223,0.772727
vit_b16_caltech256_f50_s0_linprobe,vit_b16,caltech256,50,0,linprobe,224,0.888889
vit_b16_caltech256_f50_s0_linprobe,vit_b16,caltech256,50,0,linprobe,225,0.8
vit_b16_caltech256_f50_s0_linprobe,vit_b16,caltech256,50,0,linprobe,226,0.793103
vit_b16_caltech256_f50_s0_linprobe,vit_b16,caltech256,50,0,linprobe,227,1.0
vit_b16_caltech256_f50_s0_linprobe,vit_b16,caltech256,50,0,linprobe,228,0.789474
vit_b16_caltech256_f50_s0_linprobe,vit_b16,caltech256,50,0,linprobe,229,1.0
vit_b16_caltech256_f50_s0_linprobe,vit_b16,caltech256,50,0,linprobe,230,0.818182
vit_b16_caltech256_f50_s0_linprobe,vit_b16,caltech256,50,0,linprobe,231,0.916667
vit_b16_caltech256_f50_s0_linprobe,vit_b16,caltech256,50,0,linprobe,232,0.6
vit_b16_caltech256_f50_s0_linprobe,vit_b16,caltech256,50,0,linprobe,233,0.708333
vit_b16_caltech256_f50_s0_linprobe,vit_b16,caltech256,50,0,linprobe,234,0.826087
vit_b16_caltech256_f50_s0_linprobe,vit_b16,caltech256,50,0,linprobe,235,0.684211
vit_b16_caltech256_f50_s0_linprobe,vit_b16,caltech256,50,0,linprobe,236,0.888889
vit_b16_caltech256_f50_s0_linprobe,vit_b16,caltech256,50,0,linprobe,237,0.947368
vit_b16_caltech256_f50_s0_linprobe,vit_b16,caltech256,50,0,linprobe,238,0.823529
vit_b16_caltech256_f50_s0_linprobe,vit_b16,caltech256,50,0,linprobe,239,0.95
vit_b16_caltech256_f50_s0_linprobe,vit_b16,caltech256,50,0,linprobe,240,0.842105
vit_b16_caltech256_f50_s0_linprobe,vit_b16,caltech256,50,0,linprobe,241,0.842105
vit_b16_caltech256_f50_s0_linprobe,vit_b16,caltech256,50,0,linprobe,242,0.888889
vit_b16_caltech256_f50_s0_linprobe,vit_b16,caltech256,50,0,linprobe,243,0.777778
vit_b16_caltech256_f50_s0_linprobe,vit_b16,caltech256,50,0,linprobe,244,0.666667
vit_b16_caltech256_f50_s0_linprobe,vit_b16,caltech256,50,0,linprobe,245,0.85
vit_b16_caltech256_f50_s0_linprobe,vit_b16,caltech256,50,0,linprobe,246,0.611111
vit_b16_caltech256_f50_s0_linprobe,vit_b16,caltech256,50,0,linprobe,247,0.647059
vit_b16_caltech256_f50_s0_linprobe,vit_b16,caltech256,50,0,linprobe,248,0.6
vit_b16_caltech256_f50_s0_linprobe,vit_b16,caltech256,50,0,linprobe,249,1.0
vit_b16_caltech256_f50_s0_linprobe,vit_b16,caltech256,50,0,linprobe,250,0.98125
vit_b16_caltech256_f50_s0_linprobe,vit_b16,caltech256,50,0,linprobe,251,1.0
vit_b16_caltech256_f50_s0_linprobe,vit_b16,caltech256,50,0,linprobe,252,0.988506
vit_b16_caltech256_f50_s0_linprobe,vit_b16,caltech256,50,0,linprobe,253,0.842105
vit_b16_caltech256_f50_s0_linprobe,vit_b16,caltech256,50,0,linprobe,254,0.52381
vit_b16_caltech256_f50_s0_linprobe,vit_b16,caltech256,50,0,linprobe,255,0.954545
vit_b16_caltech256_f50_s1_fullft,vit_b16,caltech256,50,1,fullft,0,0.95
vit_b16_caltech256_f50_s1_fullft,vit_b16,caltech256,50,1,fullft,1,0.947368
vit_b16_caltech256_f50_s1_fullft,vit_b16,caltech256,50,1,fullft,2,0.966667
vit_b16_caltech256_f50_s1_fullft,vit_b16,caltech256,50,1,fullft,3,0.76
vit_b16_caltech256_f50_s1_fullft,vit_b16,caltech256,50,1,fullft,4,0.966667
vit_b16_caltech256_f50_s1_fullft,vit_b16,caltech256,50,1,fullft,5,0.944444
vit_b16_caltech256_f50_s1_fullft,vit_b16,caltech256,50,1,fullft,6,0.904762
vit_b16_caltech256_f50_s1_fullft,vit_b16,caltech256,50,1,fullft,7,0.891304
vit_b16_caltech256_f50_s1_fullft,vit_b16,caltech256,50,1,fullft,8,0.95
vit_b16_caltech256_f50_s1_fullft,vit_b16,caltech256,50,1,fullft,9,0.736842
vit_b16_caltech256_f50_s1_fullft,vit_b16,caltech256,50,1,fullft,10,0.964286
vit_b16_caltech256_f50_s1_fullft,vit_b16,caltech256,50,1,fullft,11,0.976744
vit_b16_caltech256_f50_s1_fullft,vit_b16,caltech256,50,1,fullft,12,0.9
vit_b16_caltech256_f50_s1_fullft,vit_b16,caltech256,50,1,fullft,13,1.0
vit_b16_caltech256_f50_s1_fullft,vit_b16,caltech256,50,1,fullft,14,1.0
vit_b16_caltech256_f50_s1_fullft,vit_b16,caltech256,50,1,fullft,15,0.777778
vit_b16_caltech256_f50_s1_fullft,vit_b16,caltech256,50,1,fullft,16,0.714286
vit_b16_caltech256_f50_s1_fullft,vit_b16,caltech256,50,1,fullft,17,0.65
vit_b16_caltech256_f50_s1_fullft,vit_b16,caltech256,50,1,fullft,18,0.92
vit_b16_caltech256_f50_s1_fullft,vit_b16,caltech256,50,1,fullft,19,0.823529
vit_b16_caltech256_f50_s1_fullft,vit_b16,caltech256,50,1,fullft,20,0.964286
vit_b16_caltech256_f50_s1_fullft,vit_b16,caltech256,50,1,fullft,21,0.894737
vit_b16_caltech256_f50_s1_fullft,vit_b16,caltech256,50,1,fullft,22,1.0
vit_b16_caltech256_f50_s1_fullft,vit_b16,caltech256,50,1,fullft,23,1.0
vit_b16_caltech256_f50_s1_fullft,vit_b16,caltech256,50,1,fullft,24,0.913043
vit_b16_caltech256_f50_s1_fullft,vit_b16,caltech256,50,1,fullft,25,0.761905
vit_b16_caltech256_f50_s1_fullft,vit_b16,caltech256,50,1,fullft,26,0.95
vit_b16_caltech256_f50_s1_fullft,vit_b16,caltech256,50,1,fullft,27,0.909091
vit_b16_caltech256_f50_s1_fullft,vit_b16,caltech256,50,1,fullft,28,0.952381
vit_b16_caltech256_f50_s1_fullft,vit_b16,caltech256,50,1,fullft,29,0.619048
vit_b16_caltech256_f50_s1_fullft,vit_b16,caltech256,50,1,fullft,30,0.833333
vit_b16_caltech256_f50_s1_fullft,vit_b16,caltech256,50,1,fullft,31,0.8
vit_b16_caltech256_f50_s1_fullft,vit_b16,caltech256,50,1,fullft,32,0.95
vit_b16_caltech256_f50_s1_fullft,vit_b16,caltech256,50,1,fullft,33,0.9
vit_b16_caltech256_f50_s1_fullft,vit_b16,caltech256,50,1,fullft,34,0.823529
vit_b16_caltech256_f50_s1_fullft,vit_b16,caltech256,50,1,fullft,35,0.857143
vit_b16_caltech256_f50_s1_fullft,vit_b16,caltech256,50,1,fullft,36,1.0
vit_b16_caltech256_f50_s1_fullft,vit_b16,caltech256,50,1,fullft,37,0.909091
vit_b16_caltech256_f50_s1_fullft,vit_b16,caltech256,50,1,fullft,38,0.529412
vit_b16_caltech256_f50_s1_fullft,vit_b16,caltech256,50,1,fullft,39,0.92
vit_b16_caltech256_f50_s1_fullft,vit_b16,caltech256,50,1,fullft,40,0.882353
vit_b16_caltech256_f50_s1_fullft,vit_b16,caltech256,50,1,fullft,41,0.470588
vit_b16_caltech256_f50_s1_fullft,vit_b16,caltech256,50,1,fullft,42,0.76
vit_b16_caltech256_f50_s1_fullft,vit_b16,caltech256,50,1,fullft,43,0.833333
vit_b16_caltech256_f50_s1_fullft,vit_b16,caltech256,50,1,fullft,44,0.941176
vit_b16_caltech256_f50_s1_fullft,vit_b16,caltech256,50,1,fullft,45,1.0
vit_b16_caltech256_f50_s1_fullft,vit_b16,caltech256,50,1,fullft,46,0.684211
vit_b16_caltech256_f50_s1_fullft,vit_b16,caltech256,50,1,fullft,47,0.904762
vit_b16_caltech256_f50_s1_fullft,vit_b16,caltech256,50,1,fullft,48,0.809524
vit_b16_caltech256_f50_s1_fullft,vit_b16,caltech256,50,1,fullft,49,0.789474
vit_b16_caltech256_f50_s1_fullft,vit_b16,caltech256,50,1,fullft,50,0.869565
vit_b16_caltech256_f50_s1_fullft,vit_b16,caltech256,50,1,fullft,51,0.941176
vit_b16_caltech256_f50_s1_fullft,vit_b16,caltech256,50,1,fullft,52,0.875
vit_b16_caltech256_f50_s1_fullft,vit_b16,caltech256,50,1,fullft,53,0.958333
vit_b16_caltech256_f50_s1_fullft,vit_b16,caltech256,50,1,fullft,54,0.65
vit_b16_caltech256_f50_s1_fullft,vit_b16,caltech256,50,1,fullft,55,0.75
vit_b16_caltech256_f50_s1_fullft,vit_b16,caltech256,50,1,fullft,56,0.809524
vit_b16_caltech256_f50_s1_fullft,vit_b16,caltech256,50,1,fullft,57,0.842105
vit_b16_caltech256_f50_s1_fullft,vit_b16,caltech256,50,1,fullft,58,0.470588
vit_b16_caltech256_f50_s1_fullft,vit_b16,caltech256,50,1,fullft,59,0.764706
vit_b16_caltech256_f50_s1_fullft,vit_b16,caltech256,50,1,fullft,60,0.9
vit_b16_caltech256_f50_s1_fullft,vit_b16,caltech256,50,1,fullft,61,1.0
vit_b16_caltech256_f50_s1_fullft,vit_b16,caltech256,50,1,fullft,62,0.916667
vit_b16_caltech256_f50_s1_fullft,vit_b16,caltech256,50,1,fullft,63,0.961538
vit_b16_caltech256_f50_s1_fullft,vit_b16,caltech256,50,1,fullft,64,0.9
vit_b16_caltech256_f50_s1_fullft,vit_b16,caltech256,50,1,fullft,65,0.882353
vit_b16_caltech256_f50_s1_fullft,vit_b16,caltech256,50,1,fullft,66,0.882353
vit_b16_caltech256_f50_s1_fullft,vit_b16,caltech256,50,1,fullft,67,0.863636
vit_b16_caltech256_f50_s1_fullft,vit_b16,caltech256,50,1,fullft,68,0.8
vit_b16_caltech256_f50_s1_fullft,vit_b16,caltech256,50,1,fullft,69,0.529412
vit_b16_caltech256_f50_s1_fullft,vit_b16,caltech256,50,1,fullft,70,0.85
vit_b16_caltech256_f50_s1_fullft,vit_b16,caltech256,50,1,fullft,71,0.958333
vit_b16_caltech256_f50_s1_fullft,vit_b16,caltech256,50,1,fullft,72,0.95
vit_b16_caltech256_f50_s1_fullft,vit_b16,caltech256,50,1,fullft,73,0.652174
vit_b16_caltech256_f50_s1_fullft,vit_b16,caltech256,50,1,fullft,74,0.647059
vit_b16_caltech256_f50_s1_fullft,vit_b16,caltech256,50,1,fullft,75,1.0
vit_b16_caltech256_f50_s1_fullft,vit_b16,caltech256,50,1,fullft,76,1.0
vit_b16_caltech256_f50_s1_fullft,vit_b16,caltech256,50,1,fullft,77,1.0
vit_b16_caltech256_f50_s1_fullft,vit_b16,caltech256,50,1,fullft,78,0.6
vit_b16_caltech256_f50_s1_fullft,vit_b16,caltech256,50,1,fullft,79,0.695652
vit_b16_caltech256_f50_s1_fullft,vit_b16,caltech256,50,1,fullft,80,0.894737
vit_b16_caltech256_f50_s1_fullft,vit_b16,caltech256,50,1,fullft,81,0.75
vit_b16_caltech256_f50_s1_fullft,vit_b16,caltech256,50,1,fullft,82,0.894737
vit_b16_caltech256_f50_s1_fullft,vit_b16,caltech256,50,1,fullft,83,1.0
vit_b16_caltech256_f50_s1_fullft,vit_b16,caltech256,50,1,fullft,84,0.909091
vit_b16_caltech256_f50_s1_fullft,vit_b16,caltech256,50,1,fullft,85,0.9375
vit_b16_caltech256_f50_s1_fullft,vit_b16,caltech256,50,1,fullft,86,0.894737
vit_b16_caltech256_f50_s1_fullft,vit_b16,caltech256,50,1,fullft,87,1.0
vit_b16_caltech256_f50_s1_fullft,vit_b16,caltech256,50,1,fullft,88,0.727273
vit_b16_caltech256_f50_s1_fullft,vit_b16,caltech256,50,1,fullft,89,0.952381
vit_b16_caltech256_f50_s1_fullft,vit_b16,caltech256,50,1,fullft,90,1.0
vit_b16_caltech256_f50_s1_fullft,vit_b16,caltech256,50,1,fullft,91,0.825
vit_b16_caltech256_f50_s1_fullft,vit_b16,caltech256,50,1,fullft,92,1.0
vit_b16_caltech256_f50_s1_fullft,vit_b16,caltech256,50,1,fullft,93,1.0
vit_b16_caltech256_f50_s1_fullft,vit_b16,caltech256,50,1,fullft,94,0.882353
vit_b16_caltech256_f50_s1_fullft,vit_b16,caltech256,50,1,fullft,95,0.964912
vit_b16_caltech256_f50_s1_fullft,vit_b16,caltech256,50,1,fullft,96,0.666667
vit_b16_caltech256_f50_s1_fullft,vit_b16,caltech256,50,1,fullft,97,0.95
vit_b16_caltech256_f50_s1_fullft,vit_b16,caltech256,50,1,fullft,98,0.9375
vit_b16_caltech256_f50_s1_fullft,vit_b16,caltech256,50,1,fullft,99,1.0
vit_b16_caltech256_f50_s1_fullft,vit_b16,caltech256,50,1,fullft,100,0.857143
vit_b16_caltech256_f50_s1_fullft,vit_b16,caltech256,50,1,fullft,101,1.0
vit_b16_caltech256_f50_s1_fullft,vit_b16,caltech256,50,1,fullft,102,0.954545
vit_b16_caltech256_f50_s1_fullft,vit_b16,caltech256,50,1,fullft,103,0.894737
vit_b16_caltech256_f50_s1_fullft,vit_b16,caltech256,50,1,fullft,104,0.87037
vit_b16_caltech256_f50_s1_fullft,vit_b16,caltech256,50,1,fullft,105,0.705882
vit_b16_caltech256_f50_s1_fullft,vit_b16,caltech256,50,1,fullft,106,0.944444
vit_b16_caltech256_f50_s1_fullft,vit_b16,caltech256,50,1,fullft,107,0.588235
vit_b16_caltech256_f50_s1_fullft,vit_b16,caltech256,50,1,fullft,108,0.935484
vit_b16_caltech256_f50_s1_fullft,vit_b16,caltech256,50,1,fullft,109,0.941176
vit_b16_caltech256_f50_s1_fullft,vit_b16,caltech256,50,1,fullft,110,0.941176
vit_b16_caltech256_f50_s1_fullft,vit_b16,caltech256,50,1,fullft,111,0.882353
vit_b16_caltech256_f50_s1_fullft,vit_b16,caltech256,50,1,fullft,112,1.0
vit_b16_caltech256_f50_s1_fullft,vit_b16,caltech256,50,1,fullft,113,1.0
vit_b16_caltech256_f50_s1_fullft,vit_b16,caltech256,50,1,fullft,114,0.666667
vit_b16_caltech256_f50_s1_fullft,vit_b16,caltech256,50,1,fullft,115,0.904762
vit_b16_caltech256_f50_s1_fullft,vit_b16,caltech256,50,1,fullft,116,0.958333
vit_b16_caltech256_f50_s1_fullft,vit_b16,caltech256,50,1,fullft,117,0.954545
vit_b16_caltech256_f50_s1_fullft,vit_b16,caltech256,50,1,fullft,118,0.647059
vit_b16_caltech256_f50_s1_fullft,vit_b16,caltech256,50,1,fullft,119,0.846154
vit_b16_caltech256_f50_s1_fullft,vit_b16,caltech256,50,1,fullft,120,1.0
vit_b16_caltech256_f50_s1_fullft,vit_b16,caltech256,50,1,fullft,121,0.857143
vit_b16_caltech256_f50_s1_fullft,vit_b16,caltech256,50,1,fullft,122,1.0
vit_b16_caltech256_f50_s1_fullft,vit_b16,caltech256,50,1,fullft,123,1.0
vit_b16_caltech256_f50_s1_fullft,vit_b16,caltech256,50,1,fullft,124,0.35
vit_b16_caltech256_f50_s1_fullft,vit_b16,caltech256,50,1,fullft,125,0.6875
vit_b16_caltech256_f50_s1_fullft,vit_b16,caltech256,50,1,fullft,126,0.884615
vit_b16_caltech256_f50_s1_fullft,vit_b16,caltech256,50,1,fullft,127,0.761905
vit_b16_caltech256_f50_s1_fullft,vit_b16,caltech256,50,1,fullft,128,1.0
vit_b16_caltech256_f50_s1_fullft,vit_b16,caltech256,50,1,fullft,129,0.888889
vit_b16_caltech256_f50_s1_fullft,vit_b16,caltech256,50,1,fullft,130,0.888889
vit_b16_caltech256_f50_s1_fullft,vit_b16,caltech256,50,1,fullft,131,0.894737
vit_b16_caltech256_f50_s1_fullft,vit_b16,caltech256,50,1,fullft,132,0.777778
vit_b16_caltech256_f50_s1_fullft,vit_b16,caltech256,50,1,fullft,133,1.0
vit_b16_caltech256_f50_s1_fullft,vit_b16,caltech256,50,1,fullft,134,0.684211
vit_b16_caltech256_f50_s1_fullft,vit_b16,caltech256,50,1,fullft,135,0.894737
vit_b16_caltech256_f50_s1_fullft,vit_b16,caltech256,50,1,fullft,136,0.935484
vit_b16_caltech256_f50_s1_fullft,vit_b16,caltech256,50,1,fullft,137,0.815789
vit_b16_caltech256_f50_s1_fullft,vit_b16,caltech256,50,1,fullft,138,0.941176
vit_b16_caltech256_f50_s1_fullft,vit_b16,caltech256,50,1,fullft,139,0.722222
vit_b16_caltech256_f50_s1_fullft,vit_b16,caltech256,50,1,fullft,140,0.869565
vit_b16_caltech256_f50_s1_fullft,vit_b16,caltech256,50,1,fullft,141,1.0
vit_b16_caltech256_f50_s1_fullft,vit_b16,caltech256,50,1,fullft,142,0.961538
vit_b16_caltech256_f50_s1_fullft,vit_b16,caltech256,50,1,fullft,143,0.875
vit_b16_caltech256_f50_s1_fullft,vit_b16,caltech256,50,1,fullft,144,1.0
vit_b16_caltech256_f50_s1_fullft,vit_b16,caltech256,50,1,fullft,145,0.75
vit_b16_caltech256_f50_s1_fullft,vit_b16,caltech256,50,1,fullft,146,0.875
vit_b16_caltech256_f50_s1_fullft,vit_b16,caltech256,50,1,fullft,147,0.771429
vit_b16_caltech256_f50_s1_fullft,vit_b16,caltech256,50,1,fullft,148,0.857143
vit_b16_caltech256_f50_s1_fullft,vit_b16,caltech256,50,1,fullft,149,0.909091
vit_b16_caltech256_f50_s1_fullft,vit_b16,caltech256,50,1,fullft,150,0.954545
vit_b16_caltech256_f50_s1_fullft,vit_b16,caltech256,50,1,fullft,151,1.0
vit_b16_caltech256_f50_s1_fullft,vit_b16,caltech256,50,1,fullft,152,0.947368
vit_b16_caltech256_f50_s1_fullft,vit_b16,caltech256,50,1,fullft,153,0.857143
vit_b16_caltech256_f50_s1_fullft,vit_b16,caltech256,50,1,fullft,154,0.666667
vit_b16_caltech256_f50_s1_fullft,vit_b16,caltech256,50,1,fullft,155,0.789474
vit_b16_caltech256_f50_s1_fullft,vit_b16,caltech256,50,1,fullft,156,0.904762
vit_b16_caltech256_f50_s1_fullft,vit_b16,caltech256,50,1,fullft,157,0.966667
vit_b16_caltech256_f50_s1_fullft,vit_b16,caltech256,50,1,fullft,158,0.571429
vit_b16_caltech256_f50_s1_fullft,vit_b16,caltech256,50,1,fullft,159,0.588235
vit_b16_caltech256_f50_s1_fullft,vit_b16,caltech256,50,1,fullft,160,0.904762
vit_b16_caltech256_f50_s1_fullft,vit_b16,caltech256,50,1,fullft,161,0.611111
vit_b16_caltech256_f50_s1_fullft,vit_b16,caltech256,50,1,fullft,162,0.555556
vit_b16_caltech256_f50_s1_fullft,vit_b16,caltech256,50,1,fullft,163,1.0
vit_b16_caltech256_f50_s1_fullft,vit_b16,caltech256,50,1,fullft,164,0.722222
vit_b16_caltech256_f50_s1_fullft,vit_b16,caltech256,50,1,fullft,165,0.944444
vit_b16_caltech256_f50_s1_fullft,vit_b16,caltech256,50,1,fullft,166,0.882353
vit_b16_caltech256_f50_s1_fullft,vit_b16,caltech256,50,1,fullft,167,0.928571
vit_b16_caltech256_f50_s1_fullft,vit_b16,caltech256,50,1,fullft,168,1.0
vit_b16_caltech256_f50_s1_fullft,vit_b16,caltech256,50,1,fullft,169,0.9
vit_b16_caltech256_f50_s1_fullft,vit_b16,caltech256,50,1,fullft,170,0.705882
vit_b16_caltech256_f50_s1_fullft,vit_b16,caltech256,50,1,fullft,171,0.9
vit_b16_caltech256_f50_s1_fullft,vit_b16,caltech256,50,1,fullft,172,0.666667
vit_b16_caltech256_f50_s1_fullft,vit_b16,caltech256,50,1,fullft,173,0.941176
vit_b16_caltech256_f50_s1_fullft,vit_b16,caltech256,50,1,fullft,174,1.0
vit_b16_caltech256_f50_s1_fullft,vit_b16,caltech256,50,1,fullft,175,0.909091
vit_b16_caltech256_f50_s1_fullft,vit_b16,caltech256,50,1,fullft,176,1.0
vit_b16_caltech256_f50_s1_fullft,vit_b16,caltech256,50,1,fullft,177,0.9
vit_b16_caltech256_f50_s1_fullft,vit_b16,caltech256,50,1,fullft,178,1.0
vit_b16_caltech256_f50_s1_fullft,vit_b16,caltech256,50,1,fullft,179,0.55
vit_b16_caltech256_f50_s1_fullft,vit_b16,caltech256,50,1,fullft,180,0.8
vit_b16_caltech256_f50_s1_fullft,vit_b16,caltech256,50,1,fullft,181,1.0
vit_b16_caltech256_f50_s1_fullft,vit_b16,caltech256,50,1,fullft,182,0.85
vit_b16_caltech256_f50_s1_fullft,vit_b16,caltech256,50,1,fullft,183,1.0
vit_b16_caltech256_f50_s1_fullft,vit_b16,caltech256,50,1,fullft,184,0.571429
vit_b16_caltech256_f50_s1_fullft,vit_b16,caltech256,50,1,fullft,185,1.0
vit_b16_caltech256_f50_s1_fullft,vit_b16,caltech256,50,1,fullft,186,1.0
vit_b16_caltech256_f50_s1_fullft,vit_b16,caltech256,50,1,fullft,187,0.888889
vit_b16_caltech256_f50_s1_fullft,vit_b16,caltech256,50,1,fullft,188,0.916667
vit_b16_caltech256_f50_s1_fullft,vit_b16,caltech256,50,1,fullft,189,0.909091
vit_b16_caltech256_f50_s1_fullft,vit_b16,caltech256,50,1,fullft,190,0.636364
vit_b16_caltech256_f50_s1_fullft,vit_b16,caltech256,50,1,fullft,191,1.0
vit_b16_caltech256_f50_s1_fullft,vit_b16,caltech256,50,1,fullft,192,0.885714
vit_b16_caltech256_f50_s1_fullft,vit_b16,caltech256,50,1,fullft,193,0.954545
vit_b16_caltech256_f50_s1_fullft,vit_b16,caltech256,50,1,fullft,194,0.470588
vit_b16_caltech256_f50_s1_fullft,vit_b16,caltech256,50,1,fullft,195,1.0
vit_b16_caltech256_f50_s1_fullft,vit_b16,caltech256,50,1,fullft,196,0.85
vit_b16_caltech256_f50_s1_fullft,vit_b16,caltech256,50,1,fullft,197,0.863636
vit_b16_caltech256_f50_s1_fullft,vit_b16,caltech256,50,1,fullft,198,0.619048
vit_b16_caltech256_f50_s1_fullft,vit_b16,caltech256,50,1,fullft,199,0.95
vit_b16_caltech256_f50_s1_fullft,vit_b16,caltech256,50,1,fullft,200,1.0
vit_b16_caltech256_f50_s1_fullft,vit_b16,caltech256,50,1,fullft,201,0.736842
vit_b16_caltech256_f50_s1_fullft,vit_b16,caltech256,50,1,fullft,202,0.833333
vit_b16_caltech256_f50_s1_fullft,vit_b16,caltech256,50,1,fullft,203,1.0
vit_b16_caltech256_f50_s1_fullft,vit_b16,caltech256,50,1,fullft,204,0.882353
vit_b16_caltech256_f50_s1_fullft,vit_b16,caltech256,50,1,fullft,205,0.8
vit_b16_caltech256_f50_s1_fullft,vit_b16,caltech256,50,1,fullft,206,1.0
vit_b16_caltech256_f50_s1_fullft,vit_b16,caltech256,50,1,fullft,207,0.954545
vit_b16_caltech256_f50_s1_fullft,vit_b16,caltech256,50,1,fullft,208,0.8
vit_b16_caltech256_f50_s1_fullft,vit_b16,caltech256,50,1,fullft,209,0.818182
vit_b16_caltech256_f50_s1_fullft,vit_b16,caltech256,50,1,fullft,210,0.789474
vit_b16_caltech256_f50_s1_fullft,vit_b16,caltech256,50,1,fullft,211,1.0
vit_b16_caltech256_f50_s1_fullft,vit_b16,caltech256,50,1,fullft,212,1.0
vit_b16_caltech256_f50_s1_fullft,vit_b16,caltech256,50,1,fullft,213,0.892857
vit_b16_caltech256_f50_s1_fullft,vit_b16,caltech256,50,1,fullft,214,0.941176
vit_b16_caltech256_f50_s1_fullft,vit_b16,caltech256,50,1,fullft,215,1.0
vit_b16_caltech256_f50_s1_fullft,vit_b16,caltech256,50,1,fullft,216,0.904762
vit_b16_caltech256_f50_s1_fullft,vit_b16,caltech256,50,1,fullft,217,1.0
vit_b16_caltech256_f50_s1_fullft,vit_b16,caltech256,50,1,fullft,218,0.705882
vit_b16_caltech256_f50_s1_fullft,vit_b16,caltech256,50,1,fullft,219,0.947368
vit_b16_caltech256_f50_s1_fullft,vit_b16,caltech256,50,1,fullft,220,0.904762
vit_b16_caltech256_f50_s1_fullft,vit_b16,caltech256,50,1,fullft,221,0.833333
vit_b16_caltech256_f50_s1_fullft,vit_b16,caltech256,50,1,fullft,222,0.6875
vit_b16_caltech256_f50_s1_fullft,vit_b16,caltech256,50,1,fullft,223,1.0
vit_b16_caltech256_f50_s1_fullft,vit_b16,caltech256,50,1,fullft,224,0.944444
vit_b16_caltech256_f50_s1_fullft,vit_b16,caltech256,50,1,fullft,225,0.85
vit_b16_caltech256_f50_s1_fullft,vit_b16,caltech256,50,1,fullft,226,0.931034
vit_b16_caltech256_f50_s1_fullft,vit_b16,caltech256,50,1,fullft,227,1.0
vit_b16_caltech256_f50_s1_fullft,vit_b16,caltech256,50,1,fullft,228,0.842105
vit_b16_caltech256_f50_s1_fullft,vit_b16,caltech256,50,1,fullft,229,1.0
vit_b16_caltech256_f50_s1_fullft,vit_b16,caltech256,50,1,fullft,230,0.863636
vit_b16_caltech256_f50_s1_fullft,vit_b16,caltech256,50,1,fullft,231,0.930556
vit_b16_caltech256_f50_s1_fullft,vit_b16,caltech256,50,1,fullft,232,0.6
vit_b16_caltech256_f50_s1_fullft,vit_b16,caltech256,50,1,fullft,233,0.916667
vit_b16_caltech256_f50_s1_fullft,vit_b16,caltech256,50,1,fullft,234,1.0
vit_b16_caltech256_f50_s1_fullft,vit_b16,caltech256,50,1,fullft,235,0.842105
vit_b16_caltech256_f50_s1_fullft,vit_b16,caltech256,50,1,fullft,236,0.833333
vit_b16_caltech256_f50_s1_fullft,vit_b16,caltech256,50,1,fullft,237,1.0
vit_b16_caltech256_f50_s1_fullft,vit_b16,caltech256,50,1,fullft,238,0.764706
vit_b16_caltech256_f50_s1_fullft,vit_b16,caltech256,50,1,fullft,239,0.975
vit_b16_caltech256_f50_s1_fullft,vit_b16,caltech256,50,1,fullft,240,0.894737
vit_b16_caltech256_f50_s1_fullft,vit_b16,caltech256,50,1,fullft,241,1.0
vit_b16_caltech256_f50_s1_fullft,vit_b16,caltech256,50,1,fullft,242,0.777778
vit_b16_caltech256_f50_s1_fullft,vit_b16,caltech256,50,1,fullft,243,0.777778
vit_b16_caltech256_f50_s1_fullft,vit_b16,caltech256,50,1,fullft,244,0.722222
vit_b16_caltech256_f50_s1_fullft,vit_b16,caltech256,50,1,fullft,245,0.8
vit_b16_caltech256_f50_s1_fullft,vit_b16,caltech256,50,1,fullft,246,0.722222
vit_b16_caltech256_f50_s1_fullft,vit_b16,caltech256,50,1,fullft,247,0.823529
vit_b16_caltech256_f50_s1_fullft,vit_b16,caltech256,50,1,fullft,248,0.55
vit_b16_caltech256_f50_s1_fullft,vit_b16,caltech256,50,1,fullft,249,1.0
vit_b16_caltech256_f50_s1_fullft,vit_b16,caltech256,50,1,fullft,250,0.9875
vit_b16_caltech256_f50_s1_fullft,vit_b16,caltech256,50,1,fullft,251,1.0
vit_b16_caltech256_f50_s1_fullft,vit_b16,caltech256,50,1,fullft,252,0.988506
vit_b16_caltech256_f50_s1_fullft,vit_b16,caltech256,50,1,fullft,253,0.894737
vit_b16_caltech256_f50_s1_fullft,vit_b16,caltech256,50,1,fullft,254,0.714286
vit_b16_caltech256_f50_s1_fullft,vit_b16,caltech256,50,1,fullft,255,0.863636
vit_b16_caltech256_f50_s1_linprobe,vit_b16,caltech256,50,1,linprobe,0,0.95
vit_b16_caltech256_f50_s1_linprobe,vit_b16,caltech256,50,1,linprobe,1,0.789474
vit_b16_caltech256_f50_s1_linprobe,vit_b16,caltech256,50,1,linprobe,2,0.9
vit_b16_caltech256_f50_s1_linprobe,vit_b16,caltech256,50,1,linprobe,3,0.6
vit_b16_caltech256_f50_s1_linprobe,vit_b16,caltech256,50,1,linprobe,4,0.933333
vit_b16_caltech256_f50_s1_linprobe,vit_b16,caltech256,50,1,linprobe,5,0.888889
vit_b16_caltech256_f50_s1_linprobe,vit_b16,caltech256,50,1,linprobe,6,0.904762
vit_b16_caltech256_f50_s1_linprobe,vit_b16,caltech256,50,1,linprobe,7,0.891304
vit_b16_caltech256_f50_s1_linprobe,vit_b16,caltech256,50,1,linprobe,8,1.0
vit_b16_caltech256_f50_s1_linprobe,vit_b16,caltech256,50,1,linprobe,9,0.789474
vit_b16_caltech256_f50_s1_linprobe,vit_b16,caltech256,50,1,linprobe,10,0.964286
vit_b16_caltech256_f50_s1_linprobe,vit_b16,caltech256,50,1,linprobe,11,0.976744
vit_b16_caltech256_f50_s1_linprobe,vit_b16,caltech256,50,1,linprobe,12,0.65
vit_b16_caltech256_f50_s1_linprobe,vit_b16,caltech256,50,1,linprobe,13,0.764706
vit_b16_caltech256_f50_s1_linprobe,vit_b16,caltech256,50,1,linprobe,14,1.0
vit_b16_caltech256_f50_s1_linprobe,vit_b16,caltech256,50,1,linprobe,15,0.833333
vit_b16_caltech256_f50_s1_linprobe,vit_b16,caltech256,50,1,linprobe,16,0.571429
vit_b16_caltech256_f50_s1_linprobe,vit_b16,caltech256,50,1,linprobe,17,0.55
vit_b16_caltech256_f50_s1_linprobe,vit_b16,caltech256,50,1,linprobe,18,0.72
vit_b16_caltech256_f50_s1_linprobe,vit_b16,caltech256,50,1,linprobe,19,1.0
vit_b16_caltech256_f50_s1_linprobe,vit_b16,caltech256,50,1,linprobe,20,0.857143
vit_b16_caltech256_f50_s1_linprobe,vit_b16,caltech256,50,1,linprobe,21,0.947368
vit_b16_caltech256_f50_s1_linprobe,vit_b16,caltech256,50,1,linprobe,22,0.954545
vit_b16_caltech256_f50_s1_linprobe,vit_b16,caltech256,50,1,linprobe,23,0.909091
vit_b16_caltech256_f50_s1_linprobe,vit_b16,caltech256,50,1,linprobe,24,0.826087
vit_b16_caltech256_f50_s1_linprobe,vit_b16,caltech256,50,1,linprobe,25,0.619048
vit_b16_caltech256_f50_s1_linprobe,vit_b16,caltech256,50,1,linprobe,26,0.95
vit_b16_caltech256_f50_s1_linprobe,vit_b16,caltech256,50,1,linprobe,27,0.954545
vit_b16_caltech256_f50_s1_linprobe,vit_b16,caltech256,50,1,linprobe,28,1.0
vit_b16_caltech256_f50_s1_linprobe,vit_b16,caltech256,50,1,linprobe,29,0.619048
vit_b16_caltech256_f50_s1_linprobe,vit_b16,caltech256,50,1,linprobe,30,0.722222
vit_b16_caltech256_f50_s1_linprobe,vit_b16,caltech256,50,1,linprobe,31,0.7
vit_b16_caltech256_f50_s1_linprobe,vit_b16,caltech256,50,1,linprobe,32,0.85
vit_b16_caltech256_f50_s1_linprobe,vit_b16,caltech256,50,1,linprobe,33,0.95
vit_b16_caltech256_f50_s1_linprobe,vit_b16,caltech256,50,1,linprobe,34,0.882353
vit_b16_caltech256_f50_s1_linprobe,vit_b16,caltech256,50,1,linprobe,35,0.761905
vit_b16_caltech256_f50_s1_linprobe,vit_b16,caltech256,50,1,linprobe,36,0.958333
vit_b16_caltech256_f50_s1_linprobe,vit_b16,caltech256,50,1,linprobe,37,0.909091
vit_b16_caltech256_f50_s1_linprobe,vit_b16,caltech256,50,1,linprobe,38,0.588235
vit_b16_caltech256_f50_s1_linprobe,vit_b16,caltech256,50,1,linprobe,39,0.96
vit_b16_caltech256_f50_s1_linprobe,vit_b16,caltech256,50,1,linprobe,40,0.941176
vit_b16_caltech256_f50_s1_linprobe,vit_b16,caltech256,50,1,linprobe,41,0.411765
vit_b16_caltech256_f50_s1_linprobe,vit_b16,caltech256,50,1,linprobe,42,0.68
vit_b16_caltech256_f50_s1_linprobe,vit_b16,caltech256,50,1,linprobe,43,0.791667
vit_b16_caltech256_f50_s1_linprobe,vit_b16,caltech256,50,1,linprobe,44,0.941176
vit_b16_caltech256_f50_s1_linprobe,vit_b16,caltech256,50,1,linprobe,45,1.0
vit_b16_caltech256_f50_s1_linprobe,vit_b16,caltech256,50,1,linprobe,46,0.842105
vit_b16_caltech256_f50_s1_linprobe,vit_b16,caltech256,50,1,linprobe,47,0.857143
vit_b16_caltech256_f50_s1_linprobe,vit_b16,caltech256,50,1,linprobe,48,0.904762
vit_b16_caltech256_f50_s1_linprobe,vit_b16,caltech256,50,1,linprobe,49,0.789474
vit_b16_caltech256_f50_s1_linprobe,vit_b16,caltech256,50,1,linprobe,50,0.869565
vit_b16_caltech256_f50_s1_linprobe,vit_b16,caltech256,50,1,linprobe,51,0.882353
vit_b16_caltech256_f50_s1_linprobe,vit_b16,caltech256,50,1,linprobe,52,0.875
vit_b16_caltech256_f50_s1_linprobe,vit_b16,caltech256,50,1,linprobe,53,1.0
vit_b16_caltech256_f50_s1_linprobe,vit_b16,caltech256,50,1,linprobe,54,0.5
vit_b16_caltech256_f50_s1_linprobe,vit_b16,caltech256,50,1,linprobe,55,0.85
vit_b16_caltech256_f50_s1_linprobe,vit_b16,caltech256,50,1,linprobe,56,0.761905
vit_b16_caltech256_f50_s1_linprobe,vit_b16,caltech256,50,1,linprobe,57,0.736842
vit_b16_caltech256_f50_s1_linprobe,vit_b16,caltech256,50,1,linprobe,58,0.352941
vit_b16_caltech256_f50_s1_linprobe,vit_b16,caltech256,50,1,linprobe,59,0.647059
vit_b16_caltech256_f50_s1_linprobe,vit_b16,caltech256,50,1,linprobe,60,0.8
vit_b16_caltech256_f50_s1_linprobe,vit_b16,caltech256,50,1,linprobe,61,0.823529
vit_b16_caltech256_f50_s1_linprobe,vit_b16,caltech256,50,1,linprobe,62,0.875
vit_b16_caltech256_f50_s1_linprobe,vit_b16,caltech256,50,1,linprobe,63,0.961538
vit_b16_caltech256_f50_s1_linprobe,vit_b16,caltech256,50,1,linprobe,64,0.9
vit_b16_caltech256_f50_s1_linprobe,vit_b16,caltech256,50,1,linprobe,65,0.941176
vit_b16_caltech256_f50_s1_linprobe,vit_b16,caltech256,50,1,linprobe,66,0.882353
vit_b16_caltech256_f50_s1_linprobe,vit_b16,caltech256,50,1,linprobe,67,0.909091
vit_b16_caltech256_f50_s1_linprobe,vit_b16,caltech256,50,1,linprobe,68,0.65
vit_b16_caltech256_f50_s1_linprobe,vit_b16,caltech256,50,1,linprobe,69,0.470588
vit_b16_caltech256_f50_s1_linprobe,vit_b16,caltech256,50,1,linprobe,70,0.7
vit_b16_caltech256_f50_s1_linprobe,vit_b16,caltech256,50,1,linprobe,71,0.958333
vit_b16_caltech256_f50_s1_linprobe,vit_b16,caltech256,50,1,linprobe,72,0.9
vit_b16_caltech256_f50_s1_linprobe,vit_b16,caltech256,50,1,linprobe,73,0.521739
vit_b16_caltech256_f50_s1_linprobe,vit_b16,caltech256,50,1,linprobe,74,0.470588
vit_b16_caltech256_f50_s1_linprobe,vit_b16,caltech256,50,1,linprobe,75,0.941176
vit_b16_caltech256_f50_s1_linprobe,vit_b16,caltech256,50,1,linprobe,76,1.0
vit_b16_caltech256_f50_s1_linprobe,vit_b16,caltech256,50,1,linprobe,77,0.777778
vit_b16_caltech256_f50_s1_linprobe,vit_b16,caltech256,50,1,linprobe,78,0.5
vit_b16_caltech256_f50_s1_linprobe,vit_b16,caltech256,50,1,linprobe,79,0.565217
vit_b16_caltech256_f50_s1_linprobe,vit_b16,caltech256,50,1,linprobe,80,0.894737
vit_b16_caltech256_f50_s1_linprobe,vit_b16,caltech256,50,1,linprobe,81,0.9375
vit_b16_caltech256_f50_s1_linprobe,vit_b16,caltech256,50,1,linprobe,82,0.842105
vit_b16_caltech256_f50_s1_linprobe,vit_b16,caltech256,50,1,linprobe,83,0.941176
vit_b16_caltech256_f50_s1_linprobe,vit_b16,caltech256,50,1,linprobe,84,0.772727
vit_b16_caltech256_f50_s1_linprobe,vit_b16,caltech256,50,1,linprobe,85,0.9375
vit_b16_caltech256_f50_s1_linprobe,vit_b16,caltech256,50,1,linprobe,86,0.894737
vit_b16_caltech256_f50_s1_linprobe,vit_b16,caltech256,50,1,linprobe,87,1.0
vit_b16_caltech256_f50_s1_linprobe,vit_b16,caltech256,50,1,linprobe,88,0.727273
vit_b16_caltech256_f50_s1_linprobe,vit_b16,caltech256,50,1,linprobe,89,1.0
vit_b16_caltech256_f50_s1_linprobe,vit_b16,caltech256,50,1,linprobe,90,0.947368
vit_b16_caltech256_f50_s1_linprobe,vit_b16,caltech256,50,1,linprobe,91,0.8
vit_b16_caltech256_f50_s1_linprobe,vit_b16,caltech256,50,1,linprobe,92,1.0
vit_b16_caltech256_f50_s1_linprobe,vit_b16,caltech256,50,1,linprobe,93,1.0
vit_b16_caltech256_f50_s1_linprobe,vit_b16,caltech256,50,1,linprobe,94,0.764706
vit_b16_caltech256_f50_s1_linprobe,vit_b16,caltech256,50,1,linprobe,95,0.929825
vit_b16_caltech256_f50_s1_linprobe,vit_b16,caltech256,50,1,linprobe,96,0.777778
vit_b16_caltech256_f50_s1_linprobe,vit_b16,caltech256,50,1,linprobe,97,0.95
vit_b16_caltech256_f50_s1_linprobe,vit_b16,caltech256,50,1,linprobe,98,0.8125
vit_b16_caltech256_f50_s1_linprobe,vit_b16,caltech256,50,1,linprobe,99,1.0
vit_b16_caltech256_f50_s1_linprobe,vit_b16,caltech256,50,1,linprobe,100,0.75
vit_b16_caltech256_f50_s1_linprobe,vit_b16,caltech256,50,1,linprobe,101,0.777778
vit_b16_caltech256_f50_s1_linprobe,vit_b16,caltech256,50,1,linprobe,102,0.909091
vit_b16_caltech256_f50_s1_linprobe,vit_b16,caltech256,50,1,linprobe,103,0.842105
vit_b16_caltech256_f50_s1_linprobe,vit_b16,caltech256,50,1,linprobe,104,0.833333
vit_b16_caltech256_f50_s1_linprobe,vit_b16,caltech256,50,1,linprobe,105,0.823529
vit_b16_caltech256_f50_s1_linprobe,vit_b16,caltech256,50,1,linprobe,106,1.0
vit_b16_caltech256_f50_s1_linprobe,vit_b16,caltech256,50,1,linprobe,107,0.823529
vit_b16_caltech256_f50_s1_linprobe,vit_b16,caltech256,50,1,linprobe,108,0.903226
vit_b16_caltech256_f50_s1_linprobe,vit_b16,caltech256,50,1,linprobe,109,0.882353
vit_b16_caltech256_f50_s1_linprobe,vit_b16,caltech256,50,1,linprobe,110,0.941176
vit_b16_caltech256_f50_s1_linprobe,vit_b16,caltech256,50,1,linprobe,111,0.764706
vit_b16_caltech256_f50_s1_linprobe,vit_b16,caltech256,50,1,linprobe,112,0.956522
vit_b16_caltech256_f50_s1_linprobe,vit_b16,caltech256,50,1,linprobe,113,0.958333
vit_b16_caltech256_f50_s1_linprobe,vit_b16,caltech256,50,1,linprobe,114,0.666667
vit_b16_caltech256_f50_s1_linprobe,vit_b16,caltech256,50,1,linprobe,115,1.0
vit_b16_caltech256_f50_s1_linprobe,vit_b16,caltech256,50,1,linprobe,116,0.958333
vit_b16_caltech256_f50_s1_linprobe,vit_b16,caltech256,50,1,linprobe,117,0.818182
vit_b16_caltech256_f50_s1_linprobe,vit_b16,caltech256,50,1,linprobe,118,0.588235
vit_b16_caltech256_f50_s1_linprobe,vit_b16,caltech256,50,1,linprobe,119,0.884615
vit_b16_caltech256_f50_s1_linprobe,vit_b16,caltech256,50,1,linprobe,120,1.0
vit_b16_caltech256_f50_s1_linprobe,vit_b16,caltech256,50,1,linprobe,121,0.761905
vit_b16_caltech256_f50_s1_linprobe,vit_b16,caltech256,50,1,linprobe,122,1.0
vit_b16_caltech256_f50_s1_linprobe,vit_b16,caltech256,50,1,linprobe,123,0.944444
vit_b16_caltech256_f50_s1_linprobe,vit_b16,caltech256,50,1,linprobe,124,0.45
vit_b16_caltech256_f50_s1_linprobe,vit_b16,caltech256,50,1,linprobe,125,0.604167
vit_b16_caltech256_f50_s1_linprobe,vit_b16,caltech256,50,1,linprobe,126,0.961538
vit_b16_caltech256_f50_s1_linprobe,vit_b16,caltech256,50,1,linprobe,127,0.904762
vit_b16_caltech256_f50_s1_linprobe,vit_b16,caltech256,50,1,linprobe,128,1.0
vit_b16_caltech256_f50_s1_linprobe,vit_b16,caltech256,50,1,linprobe,129,0.833333
vit_b16_caltech256_f50_s1_linprobe,vit_b16,caltech256,50,1,linprobe,130,0.777778
vit_b16_caltech256_f50_s1_linprobe,vit_b16,caltech256,50,1,linprobe,131,0.921053
vit_b16_caltech256_f50_s1_linprobe,vit_b16,caltech256,50,1,linprobe,132,0.666667
vit_b16_caltech256_f50_s1_linprobe,vit_b16,caltech256,50,1,linprobe,133,0.958333
vit_b16_caltech256_f50_s1_linprobe,vit_b16,caltech256,50,1,linprobe,134,0.631579
vit_b16_caltech256_f50_s1_linprobe,vit_b16,caltech256,50,1,linprobe,135,0.894737
vit_b16_caltech256_f50_s1_linprobe,vit_b16,caltech256,50,1,linprobe,136,0.935484
vit_b16_caltech256_f50_s1_linprobe,vit_b16,caltech256,50,1,linprobe,137,0.894737
vit_b16_caltech256_f50_s1_linprobe,vit_b16,caltech256,50,1,linprobe,138,0.823529
vit_b16_caltech256_f50_s1_linprobe,vit_b16,caltech256,50,1,linprobe,139,0.555556
vit_b16_caltech256_f50_s1_linprobe,vit_b16,caltech256,50,1,linprobe,140,0.869565
vit_b16_caltech256_f50_s1_linprobe,vit_b16,caltech256,50,1,linprobe,141,0.809524
vit_b16_caltech256_f50_s1_linprobe,vit_b16,caltech256,50,1,linprobe,142,0.923077
vit_b16_caltech256_f50_s1_linprobe,vit_b16,caltech256,50,1,linprobe,143,0.625
vit_b16_caltech256_f50_s1_linprobe,vit_b16,caltech256,50,1,linprobe,144,1.0
vit_b16_caltech256_f50_s1_linprobe,vit_b16,caltech256,50,1,linprobe,145,0.6875
vit_b16_caltech256_f50_s1_linprobe,vit_b16,caltech256,50,1,linprobe,146,0.825
vit_b16_caltech256_f50_s1_linprobe,vit_b16,caltech256,50,1,linprobe,147,0.685714
vit_b16_caltech256_f50_s1_linprobe,vit_b16,caltech256,50,1,linprobe,148,0.857143
vit_b16_caltech256_f50_s1_linprobe,vit_b16,caltech256,50,1,linprobe,149,0.772727
vit_b16_caltech256_f50_s1_linprobe,vit_b16,caltech256,50,1,linprobe,150,1.0
vit_b16_caltech256_f50_s1_linprobe,vit_b16,caltech256,50,1,linprobe,151,0.916667
vit_b16_caltech256_f50_s1_linprobe,vit_b16,caltech256,50,1,linprobe,152,0.894737
vit_b16_caltech256_f50_s1_linprobe,vit_b16,caltech256,50,1,linprobe,153,0.809524
vit_b16_caltech256_f50_s1_linprobe,vit_b16,caltech256,50,1,linprobe,154,0.388889
vit_b16_caltech256_f50_s1_linprobe,vit_b16,caltech256,50,1,linprobe,155,0.631579
vit_b16_caltech256_f50_s1_linprobe,vit_b16,caltech256,50,1,linprobe,156,0.952381
vit_b16_caltech256_f50_s1_linprobe,vit_b16,caltech256,50,1,linprobe,157,0.9
vit_b16_caltech256_f50_s1_linprobe,vit_b16,caltech256,50,1,linprobe,158,0.571429
vit_b16_caltech256_f50_s1_linprobe,vit_b16,caltech256,50,1,linprobe,159,0.647059
vit_b16_caltech256_f50_s1_linprobe,vit_b16,caltech256,50,1,linprobe,160,0.952381
vit_b16_caltech256_f50_s1_linprobe,vit_b16,caltech256,50,1,linprobe,161,0.666667
vit_b16_caltech256_f50_s1_linprobe,vit_b16,caltech256,50,1,linprobe,162,0.333333
vit_b16_caltech256_f50_s1_linprobe,vit_b16,caltech256,50,1,linprobe,163,1.0
vit_b16_caltech256_f50_s1_linprobe,vit_b16,caltech256,50,1,linprobe,164,0.611111
vit_b16_caltech256_f50_s1_linprobe,vit_b16,caltech256,50,1,linprobe,165,0.833333
vit_b16_caltech256_f50_s1_linprobe,vit_b16,caltech256,50,1,linprobe,166,0.705882
vit_b16_caltech256_f50_s1_linprobe,vit_b16,caltech256,50,1,linprobe,167,0.964286
vit_b16_caltech256_f50_s1_linprobe,vit_b16,caltech256,50,1,linprobe,168,0.944444
vit_b16_caltech256_f50_s1_linprobe,vit_b16,caltech256,50,1,linprobe,169,0.8
vit_b16_caltech256_f50_s1_linprobe,vit_b16,caltech256,50,1,linprobe,170,0.588235
vit_b16_caltech256_f50_s1_linprobe,vit_b16,caltech256,50,1,linprobe,171,1.0
vit_b16_caltech256_f50_s1_linprobe,vit_b16,caltech256,50,1,linprobe,172,0.666667
vit_b16_caltech256_f50_s1_linprobe,vit_b16,caltech256,50,1,linprobe,173,0.941176
vit_b16_caltech256_f50_s1_linprobe,vit_b16,caltech256,50,1,linprobe,174,0.764706
vit_b16_caltech256_f50_s1_linprobe,vit_b16,caltech256,50,1,linprobe,175,0.863636
vit_b16_caltech256_f50_s1_linprobe,vit_b16,caltech256,50,1,linprobe,176,0.947368
vit_b16_caltech256_f50_s1_linprobe,vit_b16,caltech256,50,1,linprobe,177,0.9
vit_b16_caltech256_f50_s1_linprobe,vit_b16,caltech256,50,1,linprobe,178,1.0
vit_b16_caltech256_f50_s1_linprobe,vit_b16,caltech256,50,1,linprobe,179,0.65
vit_b16_caltech256_f50_s1_linprobe,vit_b16,caltech256,50,1,linprobe,180,0.8
vit_b16_caltech256_f50_s1_linprobe,vit_b16,caltech256,50,1,linprobe,181,0.958333
vit_b16_caltech256_f50_s1_linprobe,vit_b16,caltech256,50,1,linprobe,182,0.85
vit_b16_caltech256_f50_s1_linprobe,vit_b16,caltech256,50,1,linprobe,183,0.941176
vit_b16_caltech256_f50_s1_linprobe,vit_b16,caltech256,50,1,linprobe,184,0.619048
vit_b16_caltech256_f50_s1_linprobe,vit_b16,caltech256,50,1,linprobe,185,1.0
vit_b16_caltech256_f50_s1_linprobe,vit_b16,caltech256,50,1,linprobe,186,0.842105
vit_b16_caltech256_f50_s1_linprobe,vit_b16,caltech256,50,1,linprobe,187,0.611111
vit_b16_caltech256_f50_s1_linprobe,vit_b16,caltech256,50,1,linprobe,188,0.833333
vit_b16_caltech256_f50_s1_linprobe,vit_b16,caltech256,50,1,linprobe,189,0.954545
vit_b16_caltech256_f50_s1_linprobe,vit_b16,caltech256,50,1,linprobe,190,0.590909
vit_b16_caltech256_f50_s1_linprobe,vit_b16,caltech256,50,1,linprobe,191,0.909091
vit_b16_caltech256_f50_s1_linprobe,vit_b16,caltech256,50,1,linprobe,192,0.914286
vit_b16_caltech256_f50_s1_linprobe,vit_b16,caltech256,50,1,linprobe,193,0.954545
vit_b16_caltech256_f50_s1_linprobe,vit_b16,caltech256,50,1,linprobe,194,0.705882
vit_b16_caltech256_f50_s1_linprobe,vit_b16,caltech256,50,1,linprobe,195,0.761905
vit_b16_caltech256_f50_s1_linprobe,vit_b16,caltech256,50,1,linprobe,196,0.8
vit_b16_caltech256_f50_s1_linprobe,vit_b16,caltech256,50,1,linprobe,197,0.863636
vit_b16_caltech256_f50_s1_linprobe,vit_b16,caltech256,50,1,linprobe,198,0.619048
vit_b16_caltech256_f50_s1_linprobe,vit_b16,caltech256,50,1,linprobe,199,0.8
vit_b16_caltech256_f50_s1_linprobe,vit_b16,caltech256,50,1,linprobe,200,0.9375
vit_b16_caltech256_f50_s1_linprobe,vit_b16,caltech256,50,1,linprobe,201,0.578947
vit_b16_caltech256_f50_s1_linprobe,vit_b16,caltech256,50,1,linprobe,202,0.722222
vit_b16_caltech256_f50_s1_linprobe,vit_b16,caltech256,50,1,linprobe,203,0.9375
vit_b16_caltech256_f50_s1_linprobe,vit_b16,caltech256,50,1,linprobe,204,0.705882
vit_b16_caltech256_f50_s1_linprobe,vit_b16,caltech256,50,1,linprobe,205,0.7
vit_b16_caltech256_f50_s1_linprobe,vit_b16,caltech256,50,1,linprobe,206,0.782609
vit_b16_caltech256_f50_s1_linprobe,vit_b16,caltech256,50,1,linprobe,207,0.954545
vit_b16_caltech256_f50_s1_linprobe,vit_b16,caltech256,50,1,linprobe,208,0.75
vit_b16_caltech256_f50_s1_linprobe,vit_b16,caltech256,50,1,linprobe,209,0.818182
vit_b16_caltech256_f50_s1_linprobe,vit_b16,caltech256,50,1,linprobe,210,0.789474
vit_b16_caltech256_f50_s1_linprobe,vit_b16,caltech256,50,1,linprobe,211,0.962963
vit_b16_caltech256_f50_s1_linprobe,vit_b16,caltech256,50,1,linprobe,212,0.95
vit_b16_caltech256_f50_s1_linprobe,vit_b16,caltech256,50,1,linprobe,213,0.821429
vit_b16_caltech256_f50_s1_linprobe,vit_b16,caltech256,50,1,linprobe,214,0.764706
vit_b16_caltech256_f50_s1_linprobe,vit_b16,caltech256,50,1,linprobe,215,1.0
vit_b16_caltech256_f50_s1_linprobe,vit_b16,caltech256,50,1,linprobe,216,0.952381
vit_b16_caltech256_f50_s1_linprobe,vit_b16,caltech256,50,1,linprobe,217,0.875
vit_b16_caltech256_f50_s1_linprobe,vit_b16,caltech256,50,1,linprobe,218,0.764706
vit_b16_caltech256_f50_s1_linprobe,vit_b16,caltech256,50,1,linprobe,219,0.894737
vit_b16_caltech256_f50_s1_linprobe,vit_b16,caltech256,50,1,linprobe,220,0.904762
vit_b16_caltech256_f50_s1_linprobe,vit_b16,caltech256,50,1,linprobe,221,0.666667
vit_b16_caltech256_f50_s1_linprobe,vit_b16,caltech256,50,1,linprobe,222,0.5625
vit_b16_caltech256_f50_s1_linprobe,vit_b16,caltech256,50,1,linprobe,223,0.727273
vit_b16_caltech256_f50_s1_linprobe,vit_b16,caltech256,50,1,linprobe,224,0.888889
vit_b16_caltech256_f50_s1_linprobe,vit_b16,caltech256,50,1,linprobe,225,0.8
vit_b16_caltech256_f50_s1_linprobe,vit_b16,caltech256,50,1,linprobe,226,0.827586
vit_b16_caltech256_f50_s1_linprobe,vit_b16,caltech256,50,1,linprobe,227,1.0
vit_b16_caltech256_f50_s1_linprobe,vit_b16,caltech256,50,1,linprobe,228,0.894737
vit_b16_caltech256_f50_s1_linprobe,vit_b16,caltech256,50,1,linprobe,229,1.0
vit_b16_caltech256_f50_s1_linprobe,vit_b16,caltech256,50,1,linprobe,230,0.772727
vit_b16_caltech256_f50_s1_linprobe,vit_b16,caltech256,50,1,linprobe,231,0.930556
vit_b16_caltech256_f50_s1_linprobe,vit_b16,caltech256,50,1,linprobe,232,0.65
vit_b16_caltech256_f50_s1_linprobe,vit_b16,caltech256,50,1,linprobe,233,0.791667
vit_b16_caltech256_f50_s1_linprobe,vit_b16,caltech256,50,1,linprobe,234,0.826087
vit_b16_caltech256_f50_s1_linprobe,vit_b16,caltech256,50,1,linprobe,235,0.789474
vit_b16_caltech256_f50_s1_linprobe,vit_b16,caltech256,50,1,linprobe,236,0.888889
vit_b16_caltech256_f50_s1_linprobe,vit_b16,caltech256,50,1,linprobe,237,0.947368
vit_b16_caltech256_f50_s1_linprobe,vit_b16,caltech256,50,1,linprobe,238,0.882353
vit_b16_caltech256_f50_s1_linprobe,vit_b16,caltech256,50,1,linprobe,239,0.925
vit_b16_caltech256_f50_s1_linprobe,vit_b16,caltech256,50,1,linprobe,240,0.842105
vit_b16_caltech256_f50_s1_linprobe,vit_b16,caltech256,50,1,linprobe,241,0.842105
vit_b16_caltech256_f50_s1_linprobe,vit_b16,caltech256,50,1,linprobe,242,0.833333
vit_b16_caltech256_f50_s1_linprobe,vit_b16,caltech256,50,1,linprobe,243,0.777778
vit_b16_caltech256_f50_s1_linprobe,vit_b16,caltech256,50,1,linprobe,244,0.666667
vit_b16_caltech256_f50_s1_linprobe,vit_b16,caltech256,50,1,linprobe,245,0.85
vit_b16_caltech256_f50_s1_linprobe,vit_b16,caltech256,50,1,linprobe,246,0.666667
vit_b16_caltech256_f50_s1_linprobe,vit_b16,caltech256,50,1,linprobe,247,0.588235
vit_b16_caltech256_f50_s1_linprobe,vit_b16,caltech256,50,1,linprobe,248,0.65
vit_b16_caltech256_f50_s1_linprobe,vit_b16,caltech256,50,1,linprobe,249,1.0
vit_b16_caltech256_f50_s1_linprobe,vit_b16,caltech256,50,1,linprobe,250,0.95625
vit_b16_caltech256_f50_s1_linprobe,vit_b16,caltech256,50,1,linprobe,251,1.0
vit_b16_caltech256_f50_s1_linprobe,vit_b16,caltech256,50,1,linprobe,252,0.988506
vit_b16_caltech256_f50_s1_linprobe,vit_b16,caltech256,50,1,linprobe,253,0.842105
vit_b16_caltech256_f50_s1_linprobe,vit_b16,caltech256,50,1,linprobe,254,0.619048
vit_b16_caltech256_f50_s1_linprobe,vit_b16,caltech256,50,1,linprobe,255,0.863636
vit_b16_caltech256_f50_s2_fullft,vit_b16,caltech256,50,2,fullft,0,0.95
vit_b16_caltech256_f50_s2_fullft,vit_b16,caltech256,50,2,fullft,1,0.947368
vit_b16_caltech256_f50_s2_fullft,vit_b16,caltech256,50,2,fullft,2,0.933333
vit_b16_caltech256_f50_s2_fullft,vit_b16,caltech256,50,2,fullft,3,0.64
vit_b16_caltech256_f50_s2_fullft,vit_b16,caltech256,50,2,fullft,4,0.966667
vit_b16_caltech256_f50_s2_fullft,vit_b16,caltech256,50,2,fullft,5,0.944444
vit_b16_caltech256_f50_s2_fullft,vit_b16,caltech256,50,2,fullft,6,0.857143
vit_b16_caltech256_f50_s2_fullft,vit_b16,caltech256,50,2,fullft,7,0.934783
vit_b16_caltech256_f50_s2_fullft,vit_b16,caltech256,50,2,fullft,8,0.9
vit_b16_caltech256_f50_s2_fullft,vit_b16,caltech256,50,2,fullft,9,0.736842
vit_b16_caltech256_f50_s2_fullft,vit_b16,caltech256,50,2,fullft,10,0.946429
vit_b16_caltech256_f50_s2_fullft,vit_b16,caltech256,50,2,fullft,11,0.930233
vit_b16_caltech256_f50_s2_fullft,vit_b16,caltech256,50,2,fullft,12,0.8
vit_b16_caltech256_f50_s2_fullft,vit_b16,caltech256,50,2,fullft,13,0.882353
vit_b16_caltech256_f50_s2_fullft,vit_b16,caltech256,50,2,fullft,14,1.0
vit_b16_caltech256_f50_s2_fullft,vit_b16,caltech256,50,2,fullft,15,0.944444
vit_b16_caltech256_f50_s2_fullft,vit_b16,caltech256,50,2,fullft,16,0.761905
vit_b16_caltech256_f50_s2_fullft,vit_b16,caltech256,50,2,fullft,17,0.65
vit_b16_caltech256_f50_s2_fullft,vit_b16,caltech256,50,2,fullft,18,0.88
vit_b16_caltech256_f50_s2_fullft,vit_b16,caltech256,50,2,fullft,19,0.882353
vit_b16_caltech256_f50_s2_fullft,vit_b16,caltech256,50,2,fullft,20,0.964286
vit_b16_caltech256_f50_s2_fullft,vit_b16,caltech256,50,2,fullft,21,1.0
vit_b16_caltech256_f50_s2_fullft,vit_b16,caltech256,50,2,fullft,22,0.909091
vit_b16_caltech256_f50_s2_fullft,vit_b16,caltech256,50,2,fullft,23,0.909091
vit_b16_caltech256_f50_s2_fullft,vit_b16,caltech256,50,2,fullft,24,0.782609
vit_b16_caltech256_f50_s2_fullft,vit_b16,caltech256,50,2,fullft,25,0.571429
vit_b16_caltech256_f50_s2_fullft,vit_b16,caltech256,50,2,fullft,26,0.9
vit_b16_caltech256_f50_s2_fullft,vit_b16,caltech256,50,2,fullft,27,0.863636
vit_b16_caltech256_f50_s2_fullft,vit_b16,caltech256,50,2,fullft,28,0.904762
vit_b16_caltech256_f50_s2_fullft,vit_b16,caltech256,50,2,fullft,29,0.666667
vit_b16_caltech256_f50_s2_fullft,vit_b16,caltech256,50,2,fullft,30,0.888889
vit_b16_caltech256_f50_s2_fullft,vit_b16,caltech256,50,2,fullft,31,0.85
vit_b16_caltech256_f50_s2_fullft,vit_b16,caltech256,50,2,fullft,32,0.9
vit_b16_caltech256_f50_s2_fullft,vit_b16,caltech256,50,2,fullft,33,0.95
vit_b16_caltech256_f50_s2_fullft,vit_b16,caltech256,50,2,fullft,34,0.882353
vit_b16_caltech256_f50_s2_fullft,vit_b16,caltech256,50,2,fullft,35,0.904762
vit_b16_caltech256_f50_s2_fullft,vit_b16,caltech256,50,2,fullft,36,1.0
vit_b16_caltech256_f50_s2_fullft,vit_b16,caltech256,50,2,fullft,37,0.863636
vit_b16_caltech256_f50_s2_fullft,vit_b16,caltech256,50,2,fullft,38,0.529412
vit_b16_caltech256_f50_s2_fullft,vit_b16,caltech256,50,2,fullft,39,0.96
vit_b16_caltech256_f50_s2_fullft,vit_b16,caltech256,50,2,fullft,40,0.882353
vit_b16_caltech256_f50_s2_fullft,vit_b16,caltech256,50,2,fullft,41,0.352941
vit_b16_caltech256_f50_s2_fullft,vit_b16,caltech256,50,2,fullft,42,0.72
vit_b16_caltech256_f50_s2_fullft,vit_b16,caltech256,50,2,fullft,43,0.791667
vit_b16_caltech256_f50_s2_fullft,vit_b16,caltech256,50,2,fullft,44,0.882353
vit_b16_caltech256_f50_s2_fullft,vit_b16,caltech256,50,2,fullft,45,1.0
vit_b16_caltech256_f50_s2_fullft,vit_b16,caltech256,50,2,fullft,46,0.684211
vit_b16_caltech256_f50_s2_fullft,vit_b16,caltech256,50,2,fullft,47,0.904762
vit_b16_caltech256_f50_s2_fullft,vit_b16,caltech256,50,2,fullft,48,0.857143
vit_b16_caltech256_f50_s2_fullft,vit_b16,caltech256,50,2,fullft,49,0.842105
vit_b16_caltech256_f50_s2_fullft,vit_b16,caltech256,50,2,fullft,50,0.913043
vit_b16_caltech256_f50_s2_fullft,vit_b16,caltech256,50,2,fullft,51,0.941176
vit_b16_caltech256_f50_s2_fullft,vit_b16,caltech256,50,2,fullft,52,0.875
vit_b16_caltech256_f50_s2_fullft,vit_b16,caltech256,50,2,fullft,53,1.0
vit_b16_caltech256_f50_s2_fullft,vit_b16,caltech256,50,2,fullft,54,0.8
vit_b16_caltech256_f50_s2_fullft,vit_b16,caltech256,50,2,fullft,55,0.8
vit_b16_caltech256_f50_s2_fullft,vit_b16,caltech256,50,2,fullft,56,0.904762
vit_b16_caltech256_f50_s2_fullft,vit_b16,caltech256,50,2,fullft,57,0.736842
vit_b16_caltech256_f50_s2_fullft,vit_b16,caltech256,50,2,fullft,58,0.352941
vit_b16_caltech256_f50_s2_fullft,vit_b16,caltech256,50,2,fullft,59,0.823529
vit_b16_caltech256_f50_s2_fullft,vit_b16,caltech256,50,2,fullft,60,0.7
vit_b16_caltech256_f50_s2_fullft,vit_b16,caltech256,50,2,fullft,61,0.882353
vit_b16_caltech256_f50_s2_fullft,vit_b16,caltech256,50,2,fullft,62,0.958333
vit_b16_caltech256_f50_s2_fullft,vit_b16,caltech256,50,2,fullft,63,0.923077
vit_b16_caltech256_f50_s2_fullft,vit_b16,caltech256,50,2,fullft,64,0.95
vit_b16_caltech256_f50_s2_fullft,vit_b16,caltech256,50,2,fullft,65,0.941176
vit_b16_caltech256_f50_s2_fullft,vit_b16,caltech256,50,2,fullft,66,0.941176
vit_b16_caltech256_f50_s2_fullft,vit_b16,caltech256,50,2,fullft,67,0.863636
vit_b16_caltech256_f50_s2_fullft,vit_b16,caltech256,50,2,fullft,68,0.75
vit_b16_caltech256_f50_s2_fullft,vit_b16,caltech256,50,2,fullft,69,0.705882
vit_b16_caltech256_f50_s2_fullft,vit_b16,caltech256,50,2,fullft,70,0.85
vit_b16_caltech256_f50_s2_fullft,vit_b16,caltech256,50,2,fullft,71,1.0
vit_b16_caltech256_f50_s2_fullft,vit_b16,caltech256,50,2,fullft,72,0.95
vit_b16_caltech256_f50_s2_fullft,vit_b16,caltech256,50,2,fullft,73,0.695652
vit_b16_caltech256_f50_s2_fullft,vit_b16,caltech256,50,2,fullft,74,0.470588
vit_b16_caltech256_f50_s2_fullft,vit_b16,caltech256,50,2,fullft,75,0.882353
vit_b16_caltech256_f50_s2_fullft,vit_b16,caltech256,50,2,fullft,76,1.0
vit_b16_caltech256_f50_s2_fullft,vit_b16,caltech256,50,2,fullft,77,0.833333
vit_b16_caltech256_f50_s2_fullft,vit_b16,caltech256,50,2,fullft,78,0.65
vit_b16_caltech256_f50_s2_fullft,vit_b16,caltech256,50,2,fullft,79,0.826087
vit_b16_caltech256_f50_s2_fullft,vit_b16,caltech256,50,2,fullft,80,0.894737
vit_b16_caltech256_f50_s2_fullft,vit_b16,caltech256,50,2,fullft,81,0.875
vit_b16_caltech256_f50_s2_fullft,vit_b16,caltech256,50,2,fullft,82,0.894737
vit_b16_caltech256_f50_s2_fullft,vit_b16,caltech256,50,2,fullft,83,1.0
vit_b16_caltech256_f50_s2_fullft,vit_b16,caltech256,50,2,fullft,84,0.727273
vit_b16_caltech256_f50_s2_fullft,vit_b16,caltech256,50,2,fullft,85,0.9375
vit_b16_caltech256_f50_s2_fullft,vit_b16,caltech256,50,2,fullft,86,0.894737
vit_b16_caltech256_f50_s2_fullft,vit_b16,caltech256,50,2,fullft,87,1.0
vit_b16_caltech256_f50_s2_fullft,vit_b16,caltech256,50,2,fullft,88,0.772727
vit_b16_caltech256_f50_s2_fullft,vit_b16,caltech256,50,2,fullft,89,0.97619
vit_b16_caltech256_f50_s2_fullft,vit_b16,caltech256,50,2,fullft,90,0.947368
vit_b16_caltech256_f50_s2_fullft,vit_b16,caltech256,50,2,fullft,91,0.825
vit_b16_caltech256_f50_s2_fullft,vit_b16,caltech256,50,2,fullft,92,1.0
vit_b16_caltech256_f50_s2_fullft,vit_b16,caltech256,50,2,fullft,93,1.0
vit_b16_caltech256_f50_s2_fullft,vit_b16,caltech256,50,2,fullft,94,0.823529
vit_b16_caltech256_f50_s2_fullft,vit_b16,caltech256,50,2,fullft,95,0.964912
vit_b16_caltech256_f50_s2_fullft,vit_b16,caltech256,50,2,fullft,96,0.888889
vit_b16_caltech256_f50_s2_fullft,vit_b16,caltech256,50,2,fullft,97,0.9
vit_b16_caltech256_f50_s2_fullft,vit_b16,caltech256,50,2,fullft,98,0.9375
vit_b16_caltech256_f50_s2_fullft,vit_b16,caltech256,50,2,fullft,99,1.0
vit_b16_caltech256_f50_s2_fullft,vit_b16,caltech256,50,2,fullft,100,0.857143
vit_b16_caltech256_f50_s2_fullft,vit_b16,caltech256,50,2,fullft,101,0.944444
vit_b16_caltech256_f50_s2_fullft,vit_b16,caltech256,50,2,fullft,102,1.0
vit_b16_caltech256_f50_s2_fullft,vit_b16,caltech256,50,2,fullft,103,0.842105
vit_b16_caltech256_f50_s2_fullft,vit_b16,caltech256,50,2,fullft,104,0.907407
vit_b16_caltech256_f50_s2_fullft,vit_b16,caltech256,50,2,fullft,105,0.588235
vit_b16_caltech256_f50_s2_fullft,vit_b16,caltech256,50,2,fullft,106,1.0
vit_b16_caltech256_f50_s2_fullft,vit_b16,caltech256,50,2,fullft,107,0.647059
vit_b16_caltech256_f50_s2_fullft,vit_b16,caltech256,50,2,fullft,108,0.967742
vit_b16_caltech256_f50_s2_fullft,vit_b16,caltech256,50,2,fullft,109,0.941176
vit_b16_caltech256_f50_s2_fullft,vit_b16,caltech256,50,2,fullft,110,0.941176
vit_b16_caltech256_f50_s2_fullft,vit_b16,caltech256,50,2,fullft,111,0.941176
vit_b16_caltech256_f50_s2_fullft,vit_b16,caltech256,50,2,fullft,112,0.956522
vit_b16_caltech256_f50_s2_fullft,vit_b16,caltech256,50,2,fullft,113,0.958333
vit_b16_caltech256_f50_s2_fullft,vit_b16,caltech256,50,2,fullft,114,0.833333
vit_b16_caltech256_f50_s2_fullft,vit_b16,caltech256,50,2,fullft,115,0.952381
vit_b16_caltech256_f50_s2_fullft,vit_b16,caltech256,50,2,fullft,116,0.958333
vit_b16_caltech256_f50_s2_fullft,vit_b16,caltech256,50,2,fullft,117,0.909091
vit_b16_caltech256_f50_s2_fullft,vit_b16,caltech256,50,2,fullft,118,0.705882
vit_b16_caltech256_f50_s2_fullft,vit_b16,caltech256,50,2,fullft,119,0.730769
vit_b16_caltech256_f50_s2_fullft,vit_b16,caltech256,50,2,fullft,120,1.0
vit_b16_caltech256_f50_s2_fullft,vit_b16,caltech256,50,2,fullft,121,0.857143
vit_b16_caltech256_f50_s2_fullft,vit_b16,caltech256,50,2,fullft,122,1.0
vit_b16_caltech256_f50_s2_fullft,vit_b16,caltech256,50,2,fullft,123,0.944444
vit_b16_caltech256_f50_s2_fullft,vit_b16,caltech256,50,2,fullft,124,0.6
vit_b16_caltech256_f50_s2_fullft,vit_b16,caltech256,50,2,fullft,125,0.75
vit_b16_caltech256_f50_s2_fullft,vit_b16,caltech256,50,2,fullft,126,0.884615
vit_b16_caltech256_f50_s2_fullft,vit_b16,caltech256,50,2,fullft,127,0.904762
vit_b16_caltech256_f50_s2_fullft,vit_b16,caltech256,50,2,fullft,128,1.0
vit_b16_caltech256_f50_s2_fullft,vit_b16,caltech256,50,2,fullft,129,0.944444
vit_b16_caltech256_f50_s2_fullft,vit_b16,caltech256,50,2,fullft,130,0.944444
vit_b16_caltech256_f50_s2_fullft,vit_b16,caltech256,50,2,fullft,131,0.973684
vit_b16_caltech256_f50_s2_fullft,vit_b16,caltech256,50,2,fullft,132,0.962963
vit_b16_caltech256_f50_s2_fullft,vit_b16,caltech256,50,2,fullft,133,1.0
vit_b16_caltech256_f50_s2_fullft,vit_b16,caltech256,50,2,fullft,134,0.842105
vit_b16_caltech256_f50_s2_fullft,vit_b16,caltech256,50,2,fullft,135,0.894737
vit_b16_caltech256_f50_s2_fullft,vit_b16,caltech256,50,2,fullft,136,0.967742
vit_b16_caltech256_f50_s2_fullft,vit_b16,caltech256,50,2,fullft,137,0.842105
vit_b16_caltech256_f50_s2_fullft,vit_b16,caltech256,50,2,fullft,138,0.882353
vit_b16_caltech256_f50_s2_fullft,vit_b16,caltech256,50,2,fullft,139,0.777778
vit_b16_caltech256_f50_s2_fullft,vit_b16,caltech256,50,2,fullft,140,0.913043
vit_b16_caltech256_f50_s2_fullft,vit_b16,caltech256,50,2,fullft,141,0.904762
vit_b16_caltech256_f50_s2_fullft,vit_b16,caltech256,50,2,fullft,142,0.846154
vit_b16_caltech256_f50_s2_fullft,vit_b16,caltech256,50,2,fullft,143,0.8125
vit_b16_caltech256_f50_s2_fullft,vit_b16,caltech256,50,2,fullft,144,1.0
vit_b16_caltech256_f50_s2_fullft,vit_b16,caltech256,50,2,fullft,145,0.6875
vit_b16_caltech256_f50_s2_fullft,vit_b16,caltech256,50,2,fullft,146,0.775
vit_b16_caltech256_f50_s2_fullft,vit_b16,caltech256,50,2,fullft,147,0.8
vit_b16_caltech256_f50_s2_fullft,vit_b16,caltech256,50,2,fullft,148,0.809524
vit_b16_caltech256_f50_s2_fullft,vit_b16,caltech256,50,2,fullft,149,0.863636
vit_b16_caltech256_f50_s2_fullft,vit_b16,caltech256,50,2,fullft,150,0.954545
vit_b16_caltech256_f50_s2_fullft,vit_b16,caltech256,50,2,fullft,151,1.0
vit_b16_caltech256_f50_s2_fullft,vit_b16,caltech256,50,2,fullft,152,0.947368
vit_b16_caltech256_f50_s2_fullft,vit_b16,caltech256,50,2,fullft,153,0.904762
vit_b16_caltech256_f50_s2_fullft,vit_b16,caltech256,50,2,fullft,154,0.611111
vit_b16_caltech256_f50_s2_fullft,vit_b16,caltech256,50,2,fullft,155,0.736842
vit_b16_caltech256_f50_s2_fullft,vit_b16,caltech256,50,2,fullft,156,0.904762
vit_b16_caltech256_f50_s2_fullft,vit_b16,caltech256,50,2,fullft,157,1.0
vit_b16_caltech256_f50_s2_fullft,vit_b16,caltech256,50,2,fullft,158,0.690476
vit_b16_caltech256_f50_s2_fullft,vit_b16,caltech256,50,2,fullft,159,0.588235
vit_b16_caltech256_f50_s2_fullft,vit_b16,caltech256,50,2,fullft,160,0.904762
vit_b16_caltech256_f50_s2_fullft,vit_b16,caltech256,50,2,fullft,161,0.444444
vit_b16_caltech256_f50_s2_fullft,vit_b16,caltech256,50,2,fullft,162,0.5
vit_b16_caltech256_f50_s2_fullft,vit_b16,caltech256,50,2,fullft,163,0.95
vit_b16_caltech256_f50_s2_fullft,vit_b16,caltech256,50,2,fullft,164,0.944444
vit_b16_caltech256_f50_s2_fullft,vit_b16,caltech256,50,2,fullft,165,0.944444
vit_b16_caltech256_f50_s2_fullft,vit_b16,caltech256,50,2,fullft,166,0.882353
vit_b16_caltech256_f50_s2_fullft,vit_b16,caltech256,50,2,fullft,167,0.892857
vit_b16_caltech256_f50_s2_fullft,vit_b16,caltech256,50,2,fullft,168,0.888889
vit_b16_caltech256_f50_s2_fullft,vit_b16,caltech256,50,2,fullft,169,0.9
vit_b16_caltech256_f50_s2_fullft,vit_b16,caltech256,50,2,fullft,170,0.764706
vit_b16_caltech256_f50_s2_fullft,vit_b16,caltech256,50,2,fullft,171,0.9
vit_b16_caltech256_f50_s2_fullft,vit_b16,caltech256,50,2,fullft,172,0.666667
vit_b16_caltech256_f50_s2_fullft,vit_b16,caltech256,50,2,fullft,173,0.941176
vit_b16_caltech256_f50_s2_fullft,vit_b16,caltech256,50,2,fullft,174,1.0
vit_b16_caltech256_f50_s2_fullft,vit_b16,caltech256,50,2,fullft,175,0.863636
vit_b16_caltech256_f50_s2_fullft,vit_b16,caltech256,50,2,fullft,176,1.0
vit_b16_caltech256_f50_s2_fullft,vit_b16,caltech256,50,2,fullft,177,0.9
vit_b16_caltech256_f50_s2_fullft,vit_b16,caltech256,50,2,fullft,178,1.0
vit_b16_caltech256_f50_s2_fullft,vit_b16,caltech256,50,2,fullft,179,0.5
vit_b16_caltech256_f50_s2_fullft,vit_b16,caltech256,50,2,fullft,180,0.9
vit_b16_caltech256_f50_s2_fullft,vit_b16,caltech256,50,2,fullft,181,1.0
vit_b16_caltech256_f50_s2_fullft,vit_b16,caltech256,50,2,fullft,182,1.0
vit_b16_caltech256_f50_s2_fullft,vit_b16,caltech256,50,2,fullft,183,0.941176
vit_b16_caltech256_f50_s2_fullft,vit_b16,caltech256,50,2,fullft,184,0.52381
vit_b16_caltech256_f50_s2_fullft,vit_b16,caltech256,50,2,fullft,185,1.0
vit_b16_caltech256_f50_s2_fullft,vit_b16,caltech256,50,2,fullft,186,1.0
vit_b16_caltech256_f50_s2_fullft,vit_b16,caltech256,50,2,fullft,187,0.888889
vit_b16_caltech256_f50_s2_fullft,vit_b16,caltech256,50,2,fullft,188,0.958333
vit_b16_caltech256_f50_s2_fullft,vit_b16,caltech256,50,2,fullft,189,0.863636
vit_b16_caltech256_f50_s2_fullft,vit_b16,caltech256,50,2,fullft,190,0.5
vit_b16_caltech256_f50_s2_fullft,vit_b16,caltech256,50,2,fullft,191,0.954545
vit_b16_caltech256_f50_s2_fullft,vit_b16,caltech256,50,2,fullft,192,0.914286
vit_b16_caltech256_f50_s2_fullft,vit_b16,caltech256,50,2,fullft,193,0.909091
vit_b16_caltech256_f50_s2_fullft,vit_b16,caltech256,50,2,fullft,194,0.470588
vit_b16_caltech256_f50_s2_fullft,vit_b16,caltech256,50,2,fullft,195,0.904762
vit_b16_caltech256_f50_s2_fullft,vit_b16,caltech256,50,2,fullft,196,0.9
vit_b16_caltech256_f50_s2_fullft,vit_b16,caltech256,50,2,fullft,197,0.772727
vit_b16_caltech256_f50_s2_fullft,vit_b16,caltech256,50,2,fullft,198,0.571429
vit_b16_caltech256_f50_s2_fullft,vit_b16,caltech256,50,2,fullft,199,0.85
vit_b16_caltech256_f50_s2_fullft,vit_b16,caltech256,50,2,fullft,200,1.0
vit_b16_caltech256_f50_s2_fullft,vit_b16,caltech256,50,2,fullft,201,0.736842
vit_b16_caltech256_f50_s2_fullft,vit_b16,caltech256,50,2,fullft,202,0.722222
vit_b16_caltech256_f50_s2_fullft,vit_b16,caltech256,50,2,fullft,203,1.0
vit_b16_caltech256_f50_s2_fullft,vit_b16,caltech256,50,2,fullft,204,0.941176
vit_b16_caltech256_f50_s2_fullft,vit_b16,caltech256,50,2,fullft,205,0.7
vit_b16_caltech256_f50_s2_fullft,vit_b16,caltech256,50,2,fullft,206,0.956522
vit_b16_caltech256_f50_s2_fullft,vit_b16,caltech256,50,2,fullft,207,0.954545
vit_b16_caltech256_f50_s2_fullft,vit_b16,caltech256,50,2,fullft,208,0.75
vit_b16_caltech256_f50_s2_fullft,vit_b16,caltech256,50,2,fullft,209,0.681818
vit_b16_caltech256_f50_s2_fullft,vit_b16,caltech256,50,2,fullft,210,0.789474
vit_b16_caltech256_f50_s2_fullft,vit_b16,caltech256,50,2,fullft,211,0.888889
vit_b16_caltech256_f50_s2_fullft,vit_b16,caltech256,50,2,fullft,212,1.0
vit_b16_caltech256_f50_s2_fullft,vit_b16,caltech256,50,2,fullft,213,0.928571
vit_b16_caltech256_f50_s2_fullft,vit_b16,caltech256,50,2,fullft,214,0.941176
vit_b16_caltech256_f50_s2_fullft,vit_b16,caltech256,50,2,fullft,215,1.0
vit_b16_caltech256_f50_s2_fullft,vit_b16,caltech256,50,2,fullft,216,0.904762
vit_b16_caltech256_f50_s2_fullft,vit_b16,caltech256,50,2,fullft,217,0.9375
vit_b16_caltech256_f50_s2_fullft,vit_b16,caltech256,50,2,fullft,218,0.764706
vit_b16_caltech256_f50_s2_fullft,vit_b16,caltech256,50,2,fullft,219,0.894737
vit_b16_caltech256_f50_s2_fullft,vit_b16,caltech256,50,2,fullft,220,0.904762
vit_b16_caltech256_f50_s2_fullft,vit_b16,caltech256,50,2,fullft,221,0.833333
vit_b16_caltech256_f50_s2_fullft,vit_b16,caltech256,50,2,fullft,222,0.75
vit_b16_caltech256_f50_s2_fullft,vit_b16,caltech256,50,2,fullft,223,0.772727
vit_b16_caltech256_f50_s2_fullft,vit_b16,caltech256,50,2,fullft,224,1.0
vit_b16_caltech256_f50_s2_fullft,vit_b16,caltech256,50,2,fullft,225,0.8
vit_b16_caltech256_f50_s2_fullft,vit_b16,caltech256,50,2,fullft,226,0.931034
vit_b16_caltech256_f50_s2_fullft,vit_b16,caltech256,50,2,fullft,227,1.0
vit_b16_caltech256_f50_s2_fullft,vit_b16,caltech256,50,2,fullft,228,0.842105
vit_b16_caltech256_f50_s2_fullft,vit_b16,caltech256,50,2,fullft,229,1.0
vit_b16_caltech256_f50_s2_fullft,vit_b16,caltech256,50,2,fullft,230,0.909091
vit_b16_caltech256_f50_s2_fullft,vit_b16,caltech256,50,2,fullft,231,0.944444
vit_b16_caltech256_f50_s2_fullft,vit_b16,caltech256,50,2,fullft,232,0.6
vit_b16_caltech256_f50_s2_fullft,vit_b16,caltech256,50,2,fullft,233,0.791667
vit_b16_caltech256_f50_s2_fullft,vit_b16,caltech256,50,2,fullft,234,0.956522
vit_b16_caltech256_f50_s2_fullft,vit_b16,caltech256,50,2,fullft,235,0.842105
vit_b16_caltech256_f50_s2_fullft,vit_b16,caltech256,50,2,fullft,236,0.888889
vit_b16_caltech256_f50_s2_fullft,vit_b16,caltech256,50,2,fullft,237,0.947368
vit_b16_caltech256_f50_s2_fullft,vit_b16,caltech256,50,2,fullft,238,0.647059
vit_b16_caltech256_f50_s2_fullft,vit_b16,caltech256,50,2,fullft,239,0.975
vit_b16_caltech256_f50_s2_fullft,vit_b16,caltech256,50,2,fullft,240,0.842105
vit_b16_caltech256_f50_s2_fullft,vit_b16,caltech256,50,2,fullft,241,0.947368
vit_b16_caltech256_f50_s2_fullft,vit_b16,caltech256,50,2,fullft,242,0.888889
vit_b16_caltech256_f50_s2_fullft,vit_b16,caltech256,50,2,fullft,243,0.722222
vit_b16_caltech256_f50_s2_fullft,vit_b16,caltech256,50,2,fullft,244,0.777778
vit_b16_caltech256_f50_s2_fullft,vit_b16,caltech256,50,2,fullft,245,0.8
vit_b16_caltech256_f50_s2_fullft,vit_b16,caltech256,50,2,fullft,246,0.722222
vit_b16_caltech256_f50_s2_fullft,vit_b16,caltech256,50,2,fullft,247,0.764706
vit_b16_caltech256_f50_s2_fullft,vit_b16,caltech256,50,2,fullft,248,0.75
vit_b16_caltech256_f50_s2_fullft,vit_b16,caltech256,50,2,fullft,249,1.0
vit_b16_caltech256_f50_s2_fullft,vit_b16,caltech256,50,2,fullft,250,0.96875
vit_b16_caltech256_f50_s2_fullft,vit_b16,caltech256,50,2,fullft,251,1.0
vit_b16_caltech256_f50_s2_fullft,vit_b16,caltech256,50,2,fullft,252,0.988506
vit_b16_caltech256_f50_s2_fullft,vit_b16,caltech256,50,2,fullft,253,0.842105
vit_b16_caltech256_f50_s2_fullft,vit_b16,caltech256,50,2,fullft,254,0.666667
vit_b16_caltech256_f50_s2_fullft,vit_b16,caltech256,50,2,fullft,255,0.863636
vit_b16_caltech256_f50_s2_linprobe,vit_b16,caltech256,50,2,linprobe,0,0.95
vit_b16_caltech256_f50_s2_linprobe,vit_b16,caltech256,50,2,linprobe,1,0.947368
vit_b16_caltech256_f50_s2_linprobe,vit_b16,caltech256,50,2,linprobe,2,0.933333
vit_b16_caltech256_f50_s2_linprobe,vit_b16,caltech256,50,2,linprobe,3,0.68
vit_b16_caltech256_f50_s2_linprobe,vit_b16,caltech256,50,2,linprobe,4,0.9
vit_b16_caltech256_f50_s2_linprobe,vit_b16,caltech256,50,2,linprobe,5,0.888889
vit_b16_caltech256_f50_s2_linprobe,vit_b16,caltech256,50,2,linprobe,6,0.904762
vit_b16_caltech256_f50_s2_linprobe,vit_b16,caltech256,50,2,linprobe,7,0.891304
vit_b16_caltech256_f50_s2_linprobe,vit_b16,caltech256,50,2,linprobe,8,0.95
vit_b16_caltech256_f50_s2_linprobe,vit_b16,caltech256,50,2,linprobe,9,0.736842
vit_b16_caltech256_f50_s2_linprobe,vit_b16,caltech256,50,2,linprobe,10,0.964286
vit_b16_caltech256_f50_s2_linprobe,vit_b16,caltech256,50,2,linprobe,11,0.976744
vit_b16_caltech256_f50_s2_linprobe,vit_b16,caltech256,50,2,linprobe,12,0.65
vit_b16_caltech256_f50_s2_linprobe,vit_b16,caltech256,50,2,linprobe,13,0.764706
vit_b16_caltech256_f50_s2_linprobe,vit_b16,caltech256,50,2,linprobe,14,0.916667
vit_b16_caltech256_f50_s2_linprobe,vit_b16,caltech256,50,2,linprobe,15,0.888889
vit_b16_caltech256_f50_s2_linprobe,vit_b16,caltech256,50,2,linprobe,16,0.571429
vit_b16_caltech256_f50_s2_linprobe,vit_b16,caltech256,50,2,linprobe,17,0.55
vit_b16_caltech256_f50_s2_linprobe,vit_b16,caltech256,50,2,linprobe,18,0.72
vit_b16_caltech256_f50_s2_linprobe,vit_b16,caltech256,50,2,linprobe,19,0.882353
vit_b16_caltech256_f50_s2_linprobe,vit_b16,caltech256,50,2,linprobe,20,0.928571
vit_b16_caltech256_f50_s2_linprobe,vit_b16,caltech256,50,2,linprobe,21,1.0
vit_b16_caltech256_f50_s2_linprobe,vit_b16,caltech256,50,2,linprobe,22,0.954545
vit_b16_caltech256_f50_s2_linprobe,vit_b16,caltech256,50,2,linprobe,23,0.954545
vit_b16_caltech256_f50_s2_linprobe,vit_b16,caltech256,50,2,linprobe,24,0.826087
vit_b16_caltech256_f50_s2_linprobe,vit_b16,caltech256,50,2,linprobe,25,0.619048
vit_b16_caltech256_f50_s2_linprobe,vit_b16,caltech256,50,2,linprobe,26,0.95
vit_b16_caltech256_f50_s2_linprobe,vit_b16,caltech256,50,2,linprobe,27,0.954545
vit_b16_caltech256_f50_s2_linprobe,vit_b16,caltech256,50,2,linprobe,28,1.0
vit_b16_caltech256_f50_s2_linprobe,vit_b16,caltech256,50,2,linprobe,29,0.666667
vit_b16_caltech256_f50_s2_linprobe,vit_b16,caltech256,50,2,linprobe,30,0.722222
vit_b16_caltech256_f50_s2_linprobe,vit_b16,caltech256,50,2,linprobe,31,0.8
vit_b16_caltech256_f50_s2_linprobe,vit_b16,caltech256,50,2,linprobe,32,0.8
vit_b16_caltech256_f50_s2_linprobe,vit_b16,caltech256,50,2,linprobe,33,0.95
vit_b16_caltech256_f50_s2_linprobe,vit_b16,caltech256,50,2,linprobe,34,0.823529
vit_b16_caltech256_f50_s2_linprobe,vit_b16,caltech256,50,2,linprobe,35,0.761905
vit_b16_caltech256_f50_s2_linprobe,vit_b16,caltech256,50,2,linprobe,36,0.958333
vit_b16_caltech256_f50_s2_linprobe,vit_b16,caltech256,50,2,linprobe,37,0.909091
vit_b16_caltech256_f50_s2_linprobe,vit_b16,caltech256,50,2,linprobe,38,0.352941
vit_b16_caltech256_f50_s2_linprobe,vit_b16,caltech256,50,2,linprobe,39,0.96
vit_b16_caltech256_f50_s2_linprobe,vit_b16,caltech256,50,2,linprobe,40,0.941176
vit_b16_caltech256_f50_s2_linprobe,vit_b16,caltech256,50,2,linprobe,41,0.411765
vit_b16_caltech256_f50_s2_linprobe,vit_b16,caltech256,50,2,linprobe,42,0.72
vit_b16_caltech256_f50_s2_linprobe,vit_b16,caltech256,50,2,linprobe,43,0.833333
vit_b16_caltech256_f50_s2_linprobe,vit_b16,caltech256,50,2,linprobe,44,0.941176
vit_b16_caltech256_f50_s2_linprobe,vit_b16,caltech256,50,2,linprobe,45,0.962963
vit_b16_caltech256_f50_s2_linprobe,vit_b16,caltech256,50,2,linprobe,46,0.842105
vit_b16_caltech256_f50_s2_linprobe,vit_b16,caltech256,50,2,linprobe,47,0.857143
vit_b16_caltech256_f50_s2_linprobe,vit_b16,caltech256,50,2,linprobe,48,0.809524
vit_b16_caltech256_f50_s2_linprobe,vit_b16,caltech256,50,2,linprobe,49,0.578947
vit_b16_caltech256_f50_s2_linprobe,vit_b16,caltech256,50,2,linprobe,50,0.869565
vit_b16_caltech256_f50_s2_linprobe,vit_b16,caltech256,50,2,linprobe,51,0.823529
vit_b16_caltech256_f50_s2_linprobe,vit_b16,caltech256,50,2,linprobe,52,0.875
vit_b16_caltech256_f50_s2_linprobe,vit_b16,caltech256,50,2,linprobe,53,1.0
vit_b16_caltech256_f50_s2_linprobe,vit_b16,caltech256,50,2,linprobe,54,0.65
vit_b16_caltech256_f50_s2_linprobe,vit_b16,caltech256,50,2,linprobe,55,0.9
vit_b16_caltech256_f50_s2_linprobe,vit_b16,caltech256,50,2,linprobe,56,0.761905
vit_b16_caltech256_f50_s2_linprobe,vit_b16,caltech256,50,2,linprobe,57,0.526316
vit_b16_caltech256_f50_s2_linprobe,vit_b16,caltech256,50,2,linprobe,58,0.352941
vit_b16_caltech256_f50_s2_linprobe,vit_b16,caltech256,50,2,linprobe,59,0.705882
vit_b16_caltech256_f50_s2_linprobe,vit_b16,caltech256,50,2,linprobe,60,0.8
vit_b16_caltech256_f50_s2_linprobe,vit_b16,caltech256,50,2,linprobe,61,0.823529
vit_b16_caltech256_f50_s2_linprobe,vit_b16,caltech256,50,2,linprobe,62,0.875
vit_b16_caltech256_f50_s2_linprobe,vit_b16,caltech256,50,2,linprobe,63,0.884615
vit_b16_caltech256_f50_s2_linprobe,vit_b16,caltech256,50,2,linprobe,64,0.9
vit_b16_caltech256_f50_s2_linprobe,vit_b16,caltech256,50,2,linprobe,65,0.882353
vit_b16_caltech256_f50_s2_linprobe,vit_b16,caltech256,50,2,linprobe,66,0.941176
vit_b16_caltech256_f50_s2_linprobe,vit_b16,caltech256,50,2,linprobe,67,0.863636
vit_b16_caltech256_f50_s2_linprobe,vit_b16,caltech256,50,2,linprobe,68,0.65
vit_b16_caltech256_f50_s2_linprobe,vit_b16,caltech256,50,2,linprobe,69,0.294118
vit_b16_caltech256_f50_s2_linprobe,vit_b16,caltech256,50,2,linprobe,70,0.75
vit_b16_caltech256_f50_s2_linprobe,vit_b16,caltech256,50,2,linprobe,71,0.958333
vit_b16_caltech256_f50_s2_linprobe,vit_b16,caltech256,50,2,linprobe,72,0.95
vit_b16_caltech256_f50_s2_linprobe,vit_b16,caltech256,50,2,linprobe,73,0.652174
vit_b16_caltech256_f50_s2_linprobe,vit_b16,caltech256,50,2,linprobe,74,0.647059
vit_b16_caltech256_f50_s2_linprobe,vit_b16,caltech256,50,2,linprobe,75,0.941176
vit_b16_caltech256_f50_s2_linprobe,vit_b16,caltech256,50,2,linprobe,76,1.0
vit_b16_caltech256_f50_s2_linprobe,vit_b16,caltech256,50,2,linprobe,77,0.833333
vit_b16_caltech256_f50_s2_linprobe,vit_b16,caltech256,50,2,linprobe,78,0.7
vit_b16_caltech256_f50_s2_linprobe,vit_b16,caltech256,50,2,linprobe,79,0.565217
vit_b16_caltech256_f50_s2_linprobe,vit_b16,caltech256,50,2,linprobe,80,0.894737
vit_b16_caltech256_f50_s2_linprobe,vit_b16,caltech256,50,2,linprobe,81,0.875
vit_b16_caltech256_f50_s2_linprobe,vit_b16,caltech256,50,2,linprobe,82,0.894737
vit_b16_caltech256_f50_s2_linprobe,vit_b16,caltech256,50,2,linprobe,83,0.823529
vit_b16_caltech256_f50_s2_linprobe,vit_b16,caltech256,50,2,linprobe,84,0.681818
vit_b16_caltech256_f50_s2_linprobe,vit_b16,caltech256,50,2,linprobe,85,0.9375
vit_b16_caltech256_f50_s2_linprobe,vit_b16,caltech256,50,2,linprobe,86,0.894737
vit_b16_caltech256_f50_s2_linprobe,vit_b16,caltech256,50,2,linprobe,87,1.0
vit_b16_caltech256_f50_s2_linprobe,vit_b16,caltech256,50,2,linprobe,88,0.772727
vit_b16_caltech256_f50_s2_linprobe,vit_b16,caltech256,50,2,linprobe,89,1.0
vit_b16_caltech256_f50_s2_linprobe,vit_b16,caltech256,50,2,linprobe,90,0.947368
vit_b16_caltech256_f50_s2_linprobe,vit_b16,caltech256,50,2,linprobe,91,0.75
vit_b16_caltech256_f50_s2_linprobe,vit_b16,caltech256,50,2,linprobe,92,1.0
vit_b16_caltech256_f50_s2_linprobe,vit_b16,caltech256,50,2,linprobe,93,1.0
vit_b16_caltech256_f50_s2_linprobe,vit_b16,caltech256,50,2,linprobe,94,0.882353
vit_b16_caltech256_f50_s2_linprobe,vit_b16,caltech256,50,2,linprobe,95,0.824561
vit_b16_caltech256_f50_s2_linprobe,vit_b16,caltech256,50,2,linprobe,96,0.833333
vit_b16_caltech256_f50_s2_linprobe,vit_b16,caltech256,50,2,linprobe,97,0.95
vit_b16_caltech256_f50_s2_linprobe,vit_b16,caltech256,50,2,linprobe,98,0.75
vit_b16_caltech256_f50_s2_linprobe,vit_b16,caltech256,50,2,linprobe,99,0.947368
vit_b16_caltech256_f50_s2_linprobe,vit_b16,caltech256,50,2,linprobe,100,0.714286
vit_b16_caltech256_f50_s2_linprobe,vit_b16,caltech256,50,2,linprobe,101,0.833333
vit_b16_caltech256_f50_s2_linprobe,vit_b16,caltech256,50,2,linprobe,102,0.909091
vit_b16_caltech256_f50_s2_linprobe,vit_b16,caltech256,50,2,linprobe,103,0.684211
vit_b16_caltech256_f50_s2_linprobe,vit_b16,caltech256,50,2,linprobe,104,0.851852
vit_b16_caltech256_f50_s2_linprobe,vit_b16,caltech256,50,2,linprobe,105,0.705882
vit_b16_caltech256_f50_s2_linprobe,vit_b16,caltech256,50,2,linprobe,106,1.0
vit_b16_caltech256_f50_s2_linprobe,vit_b16,caltech256,50,2,linprobe,107,0.647059
vit_b16_caltech256_f50_s2_linprobe,vit_b16,caltech256,50,2,linprobe,108,0.903226
vit_b16_caltech256_f50_s2_linprobe,vit_b16,caltech256,50,2,linprobe,109,0.941176
vit_b16_caltech256_f50_s2_linprobe,vit_b16,caltech256,50,2,linprobe,110,0.941176
vit_b16_caltech256_f50_s2_linprobe,vit_b16,caltech256,50,2,linprobe,111,0.823529
vit_b16_caltech256_f50_s2_linprobe,vit_b16,caltech256,50,2,linprobe,112,0.956522
vit_b16_caltech256_f50_s2_linprobe,vit_b16,caltech256,50,2,linprobe,113,0.916667
vit_b16_caltech256_f50_s2_linprobe,vit_b16,caltech256,50,2,linprobe,114,0.777778
vit_b16_caltech256_f50_s2_linprobe,vit_b16,caltech256,50,2,linprobe,115,1.0
vit_b16_caltech256_f50_s2_linprobe,vit_b16,caltech256,50,2,linprobe,116,0.916667
vit_b16_caltech256_f50_s2_linprobe,vit_b16,caltech256,50,2,linprobe,117,0.818182
vit_b16_caltech256_f50_s2_linprobe,vit_b16,caltech256,50,2,linprobe,118,0.647059
vit_b16_caltech256_f50_s2_linprobe,vit_b16,caltech256,50,2,linprobe,119,0.884615
vit_b16_caltech256_f50_s2_linprobe,vit_b16,caltech256,50,2,linprobe,120,1.0
vit_b16_caltech256_f50_s2_linprobe,vit_b16,caltech256,50,2,linprobe,121,0.714286
vit_b16_caltech256_f50_s2_linprobe,vit_b16,caltech256,50,2,linprobe,122,1.0
vit_b16_caltech256_f50_s2_linprobe,vit_b16,caltech256,50,2,linprobe,123,1.0
vit_b16_caltech256_f50_s2_linprobe,vit_b16,caltech256,50,2,linprobe,124,0.3
vit_b16_caltech256_f50_s2_linprobe,vit_b16,caltech256,50,2,linprobe,125,0.541667
vit_b16_caltech256_f50_s2_linprobe,vit_b16,caltech256,50,2,linprobe,126,0.961538
vit_b16_caltech256_f50_s2_linprobe,vit_b16,caltech256,50,2,linprobe,127,1.0
vit_b16_caltech256_f50_s2_linprobe,vit_b16,caltech256,50,2,linprobe,128,1.0
vit_b16_caltech256_f50_s2_linprobe,vit_b16,caltech256,50,2,linprobe,129,0.888889
vit_b16_caltech256_f50_s2_linprobe,vit_b16,caltech256,50,2,linprobe,130,0.777778
vit_b16_caltech256_f50_s2_linprobe,vit_b16,caltech256,50,2,linprobe,131,0.947368
vit_b16_caltech256_f50_s2_linprobe,vit_b16,caltech256,50,2,linprobe,132,0.814815
vit_b16_caltech256_f50_s2_linprobe,vit_b16,caltech256,50,2,linprobe,133,1.0
vit_b16_caltech256_f50_s2_linprobe,vit_b16,caltech256,50,2,linprobe,134,0.526316
vit_b16_caltech256_f50_s2_linprobe,vit_b16,caltech256,50,2,linprobe,135,0.894737
vit_b16_caltech256_f50_s2_linprobe,vit_b16,caltech256,50,2,linprobe,136,0.935484
vit_b16_caltech256_f50_s2_linprobe,vit_b16,caltech256,50,2,linprobe,137,0.842105
vit_b16_caltech256_f50_s2_linprobe,vit_b16,caltech256,50,2,linprobe,138,0.823529
vit_b16_caltech256_f50_s2_linprobe,vit_b16,caltech256,50,2,linprobe,139,0.666667
vit_b16_caltech256_f50_s2_linprobe,vit_b16,caltech256,50,2,linprobe,140,0.73913
vit_b16_caltech256_f50_s2_linprobe,vit_b16,caltech256,50,2,linprobe,141,0.809524
vit_b16_caltech256_f50_s2_linprobe,vit_b16,caltech256,50,2,linprobe,142,0.923077
vit_b16_caltech256_f50_s2_linprobe,vit_b16,caltech256,50,2,linprobe,143,0.625
vit_b16_caltech256_f50_s2_linprobe,vit_b16,caltech256,50,2,linprobe,144,1.0
vit_b16_caltech256_f50_s2_linprobe,vit_b16,caltech256,50,2,linprobe,145,0.75
vit_b16_caltech256_f50_s2_linprobe,vit_b16,caltech256,50,2,linprobe,146,0.85
vit_b16_caltech256_f50_s2_linprobe,vit_b16,caltech256,50,2,linprobe,147,0.657143
vit_b16_caltech256_f50_s2_linprobe,vit_b16,caltech256,50,2,linprobe,148,0.809524
vit_b16_caltech256_f50_s2_linprobe,vit_b16,caltech256,50,2,linprobe,149,0.727273
vit_b16_caltech256_f50_s2_linprobe,vit_b16,caltech256,50,2,linprobe,150,1.0
vit_b16_caltech256_f50_s2_linprobe,vit_b16,caltech256,50,2,linprobe,151,0.833333
vit_b16_caltech256_f50_s2_linprobe,vit_b16,caltech256,50,2,linprobe,152,0.894737
vit_b16_caltech256_f50_s2_linprobe,vit_b16,caltech256,50,2,linprobe,153,0.857143
vit_b16_caltech256_f50_s2_linprobe,vit_b16,caltech256,50,2,linprobe,154,0.333333
vit_b16_caltech256_f50_s2_linprobe,vit_b16,caltech256,50,2,linprobe,155,0.684211
vit_b16_caltech256_f50_s2_linprobe,vit_b16,caltech256,50,2,linprobe,156,0.904762
vit_b16_caltech256_f50_s2_linprobe,vit_b16,caltech256,50,2,linprobe,157,0.933333
vit_b16_caltech256_f50_s2_linprobe,vit_b16,caltech256,50,2,linprobe,158,0.571429
vit_b16_caltech256_f50_s2_linprobe,vit_b16,caltech256,50,2,linprobe,159,0.764706
vit_b16_caltech256_f50_s2_linprobe,vit_b16,caltech256,50,2,linprobe,160,0.904762
vit_b16_caltech256_f50_s2_linprobe,vit_b16,caltech256,50,2,linprobe,161,0.611111
vit_b16_caltech256_f50_s2_linprobe,vit_b16,caltech256,50,2,linprobe,162,0.388889
vit_b16_caltech256_f50_s2_linprobe,vit_b16,caltech256,50,2,linprobe,163,0.95
vit_b16_caltech256_f50_s2_linprobe,vit_b16,caltech256,50,2,linprobe,164,0.611111
vit_b16_caltech256_f50_s2_linprobe,vit_b16,caltech256,50,2,linprobe,165,0.833333
vit_b16_caltech256_f50_s2_linprobe,vit_b16,caltech256,50,2,linprobe,166,0.764706
vit_b16_caltech256_f50_s2_linprobe,vit_b16,caltech256,50,2,linprobe,167,0.928571
vit_b16_caltech256_f50_s2_linprobe,vit_b16,caltech256,50,2,linprobe,168,0.944444
vit_b16_caltech256_f50_s2_linprobe,vit_b16,caltech256,50,2,linprobe,169,0.75
vit_b16_caltech256_f50_s2_linprobe,vit_b16,caltech256,50,2,linprobe,170,0.882353
vit_b16_caltech256_f50_s2_linprobe,vit_b16,caltech256,50,2,linprobe,171,1.0
vit_b16_caltech256_f50_s2_linprobe,vit_b16,caltech256,50,2,linprobe,172,0.571429
vit_b16_caltech256_f50_s2_linprobe,vit_b16,caltech256,50,2,linprobe,173,0.941176
vit_b16_caltech256_f50_s2_linprobe,vit_b16,caltech256,50,2,linprobe,174,0.764706
vit_b16_caltech256_f50_s2_linprobe,vit_b16,caltech256,50,2,linprobe,175,0.727273
vit_b16_caltech256_f50_s2_linprobe,vit_b16,caltech256,50,2,linprobe,176,0.894737
vit_b16_caltech256_f50_s2_linprobe,vit_b16,caltech256,50,2,linprobe,177,0.9
vit_b16_caltech256_f50_s2_linprobe,vit_b16,caltech256,50,2,linprobe,178,1.0
vit_b16_caltech256_f50_s2_linprobe,vit_b16,caltech256,50,2,linprobe,179,0.65
vit_b16_caltech256_f50_s2_linprobe,vit_b16,caltech256,50,2,linprobe,180,0.75
vit_b16_caltech256_f50_s2_linprobe,vit_b16,caltech256,50,2,linprobe,181,1.0
vit_b16_caltech256_f50_s2_linprobe,vit_b16,caltech256,50,2,linprobe,182,0.9
vit_b16_caltech256_f50_s2_linprobe,vit_b16,caltech256,50,2,linprobe,183,0.941176
vit_b16_caltech256_f50_s2_linprobe,vit_b16,caltech256,50,2,linprobe,184,0.571429
vit_b16_caltech256_f50_s2_linprobe,vit_b16,caltech256,50,2,linprobe,185,1.0
vit_b16_caltech256_f50_s2_linprobe,vit_b16,caltech256,50,2,linprobe,186,0.842105
vit_b16_caltech256_f50_s2_linprobe,vit_b16,caltech256,50,2,linprobe,187,0.611111
vit_b16_caltech256_f50_s2_linprobe,vit_b16,caltech256,50,2,linprobe,188,0.791667
vit_b16_caltech256_f50_s2_linprobe,vit_b16,caltech256,50,2,linprobe,189,1.0
vit_b16_caltech256_f50_s2_linprobe,vit_b16,caltech256,50,2,linprobe,190,0.590909
vit_b16_caltech256_f50_s2_linprobe,vit_b16,caltech256,50,2,linprobe,191,0.909091
vit_b16_caltech256_f50_s2_linprobe,vit_b16,caltech256,50,2,linprobe,192,0.857143
vit_b16_caltech256_f50_s2_linprobe,vit_b16,caltech256,50,2,linprobe,193,0.954545
vit_b16_caltech256_f50_s2_linprobe,vit_b16,caltech256,50,2,linprobe,194,0.588235
vit_b16_caltech256_f50_s2_linprobe,vit_b16,caltech256,50,2,linprobe,195,0.857143
vit_b16_caltech256_f50_s2_linprobe,vit_b16,caltech256,50,2,linprobe,196,0.8
vit_b16_caltech256_f50_s2_linprobe,vit_b16,caltech256,50,2,linprobe,197,0.863636
vit_b16_caltech256_f50_s2_linprobe,vit_b16,caltech256,50,2,linprobe,198,0.619048
vit_b16_caltech256_f50_s2_linprobe,vit_b16,caltech256,50,2,linprobe,199,0.7
vit_b16_caltech256_f50_s2_linprobe,vit_b16,caltech256,50,2,linprobe,200,0.9375
vit_b16_caltech256_f50_s2_linprobe,vit_b16,caltech256,50,2,linprobe,201,0.526316
vit_b16_caltech256_f50_s2_linprobe,vit_b16,caltech256,50,2,linprobe,202,0.722222
vit_b16_caltech256_f50_s2_linprobe,vit_b16,caltech256,50,2,linprobe,203,0.9375
vit_b16_caltech256_f50_s2_linprobe,vit_b16,caltech256,50,2,linprobe,204,0.764706
vit_b16_caltech256_f50_s2_linprobe,vit_b16,caltech256,50,2,linprobe,205,0.7
vit_b16_caltech256_f50_s2_linprobe,vit_b16,caltech256,50,2,linprobe,206,0.826087
vit_b16_caltech256_f50_s2_linprobe,vit_b16,caltech256,50,2,linprobe,207,0.954545
vit_b16_caltech256_f50_s2_linprobe,vit_b16,caltech256,50,2,linprobe,208,0.8
vit_b16_caltech256_f50_s2_linprobe,vit_b16,caltech256,50,2,linprobe,209,0.818182
vit_b16_caltech256_f50_s2_linprobe,vit_b16,caltech256,50,2,linprobe,210,0.789474
vit_b16_caltech256_f50_s2_linprobe,vit_b16,caltech256,50,2,linprobe,211,0.962963
vit_b16_caltech256_f50_s2_linprobe,vit_b16,caltech256,50,2,linprobe,212,0.95
vit_b16_caltech256_f50_s2_linprobe,vit_b16,caltech256,50,2,linprobe,213,0.785714
vit_b16_caltech256_f50_s2_linprobe,vit_b16,caltech256,50,2,linprobe,214,0.764706
vit_b16_caltech256_f50_s2_linprobe,vit_b16,caltech256,50,2,linprobe,215,1.0
vit_b16_caltech256_f50_s2_linprobe,vit_b16,caltech256,50,2,linprobe,216,0.904762
vit_b16_caltech256_f50_s2_linprobe,vit_b16,caltech256,50,2,linprobe,217,0.875
vit_b16_caltech256_f50_s2_linprobe,vit_b16,caltech256,50,2,linprobe,218,0.588235
vit_b16_caltech256_f50_s2_linprobe,vit_b16,caltech256,50,2,linprobe,219,0.947368
vit_b16_caltech256_f50_s2_linprobe,vit_b16,caltech256,50,2,linprobe,220,0.857143
vit_b16_caltech256_f50_s2_linprobe,vit_b16,caltech256,50,2,linprobe,221,0.666667
vit_b16_caltech256_f50_s2_linprobe,vit_b16,caltech256,50,2,linprobe,222,0.5625
vit_b16_caltech256_f50_s2_linprobe,vit_b16,caltech256,50,2,linprobe,223,0.636364
vit_b16_caltech256_f50_s2_linprobe,vit_b16,caltech256,50,2,linprobe,224,0.888889
vit_b16_caltech256_f50_s2_linprobe,vit_b16,caltech256,50,2,linprobe,225,0.85
vit_b16_caltech256_f50_s2_linprobe,vit_b16,caltech256,50,2,linprobe,226,0.896552
vit_b16_caltech256_f50_s2_linprobe,vit_b16,caltech256,50,2,linprobe,227,1.0
vit_b16_caltech256_f50_s2_linprobe,vit_b16,caltech256,50,2,linprobe,228,0.736842
vit_b16_caltech256_f50_s2_linprobe,vit_b16,caltech256,50,2,linprobe,229,1.0
vit_b16_caltech256_f50_s2_linprobe,vit_b16,caltech256,50,2,linprobe,230,0.727273
vit_b16_caltech256_f50_s2_linprobe,vit_b16,caltech256,50,2,linprobe,231,0.944444
vit_b16_caltech256_f50_s2_linprobe,vit_b16,caltech256,50,2,linprobe,232,0.35
vit_b16_caltech256_f50_s2_linprobe,vit_b16,caltech256,50,2,linprobe,233,0.791667
vit_b16_caltech256_f50_s2_linprobe,vit_b16,caltech256,50,2,linprobe,234,0.826087
vit_b16_caltech256_f50_s2_linprobe,vit_b16,caltech256,50,2,linprobe,235,0.736842
vit_b16_caltech256_f50_s2_linprobe,vit_b16,caltech256,50,2,linprobe,236,0.888889
vit_b16_caltech256_f50_s2_linprobe,vit_b16,caltech256,50,2,linprobe,237,0.947368
vit_b16_caltech256_f50_s2_linprobe,vit_b16,caltech256,50,2,linprobe,238,0.823529
vit_b16_caltech256_f50_s2_linprobe,vit_b16,caltech256,50,2,linprobe,239,0.95
vit_b16_caltech256_f50_s2_linprobe,vit_b16,caltech256,50,2,linprobe,240,0.789474
vit_b16_caltech256_f50_s2_linprobe,vit_b16,caltech256,50,2,linprobe,241,0.842105
vit_b16_caltech256_f50_s2_linprobe,vit_b16,caltech256,50,2,linprobe,242,0.777778
vit_b16_caltech256_f50_s2_linprobe,vit_b16,caltech256,50,2,linprobe,243,0.777778
vit_b16_caltech256_f50_s2_linprobe,vit_b16,caltech256,50,2,linprobe,244,0.722222
vit_b16_caltech256_f50_s2_linprobe,vit_b16,caltech256,50,2,linprobe,245,0.85
vit_b16_caltech256_f50_s2_linprobe,vit_b16,caltech256,50,2,linprobe,246,0.555556
vit_b16_caltech256_f50_s2_linprobe,vit_b16,caltech256,50,2,linprobe,247,0.588235
vit_b16_caltech256_f50_s2_linprobe,vit_b16,caltech256,50,2,linprobe,248,0.6
vit_b16_caltech256_f50_s2_linprobe,vit_b16,caltech256,50,2,linprobe,249,1.0
vit_b16_caltech256_f50_s2_linprobe,vit_b16,caltech256,50,2,linprobe,250,0.9625
vit_b16_caltech256_f50_s2_linprobe,vit_b16,caltech256,50,2,linprobe,251,1.0
vit_b16_caltech256_f50_s2_linprobe,vit_b16,caltech256,50,2,linprobe,252,0.988506
vit_b16_caltech256_f50_s2_linprobe,vit_b16,caltech256,50,2,linprobe,253,0.842105
vit_b16_caltech256_f50_s2_linprobe,vit_b16,caltech256,50,2,linprobe,254,0.809524
vit_b16_caltech256_f50_s2_linprobe,vit_b16,caltech256,50,2,linprobe,255,0.863636
