filepath,label,class_name
data/raw/caltech256/256_ObjectCategories/001.ak47/001_0032.jpg,0,001.ak47
data/raw/caltech256/256_ObjectCategories/001.ak47/001_0076.jpg,0,001.ak47
data/raw/caltech256/256_ObjectCategories/001.ak47/001_0053.jpg,0,001.ak47
data/raw/caltech256/256_ObjectCategories/001.ak47/001_0061.jpg,0,001.ak47
data/raw/caltech256/256_ObjectCategories/001.ak47/001_0005.jpg,0,001.ak47
data/raw/caltech256/256_ObjectCategories/001.ak47/001_0013.jpg,0,001.ak47
data/raw/caltech256/256_ObjectCategories/001.ak47/001_0072.jpg,0,001.ak47
data/raw/caltech256/256_ObjectCategories/002.american-flag/002_0085.jpg,1,002.american-flag
data/raw/caltech256/256_ObjectCategories/002.american-flag/002_0062.jpg,1,002.american-flag
data/raw/caltech256/256_ObjectCategories/002.american-flag/002_0056.jpg,1,002.american-flag
data/raw/caltech256/256_ObjectCategories/002.american-flag/002_0035.jpg,1,002.american-flag
data/raw/caltech256/256_ObjectCategories/002.american-flag/002_0063.jpg,1,002.american-flag
data/raw/caltech256/256_ObjectCategories/002.american-flag/002_0005.jpg,1,002.american-flag
data/raw/caltech256/256_ObjectCategories/002.american-flag/002_0009.jpg,1,002.american-flag
data/raw/caltech256/256_ObjectCategories/003.backpack/003_0058.jpg,2,003.backpack
data/raw/caltech256/256_ObjectCategories/003.backpack/003_0142.jpg,2,003.backpack
data/raw/caltech256/256_ObjectCategories/003.backpack/003_0073.jpg,2,003.backpack
data/raw/caltech256/256_ObjectCategories/003.backpack/003_0094.jpg,2,003.backpack
data/raw/caltech256/256_ObjectCategories/003.backpack/003_0090.jpg,2,003.backpack
data/raw/caltech256/256_ObjectCategories/003.backpack/003_0070.jpg,2,003.backpack
data/raw/caltech256/256_ObjectCategories/003.backpack/003_0122.jpg,2,003.backpack
data/raw/caltech256/256_ObjectCategories/003.backpack/003_0050.jpg,2,003.backpack
data/raw/caltech256/256_ObjectCategories/003.backpack/003_0113.jpg,2,003.backpack
data/raw/caltech256/256_ObjectCategories/003.backpack/003_0127.jpg,2,003.backpack
data/raw/caltech256/256_ObjectCategories/003.backpack/003_0011.jpg,2,003.backpack
data/raw/caltech256/256_ObjectCategories/004.baseball-bat/004_0012.jpg,3,004.baseball-bat
data/raw/caltech256/256_ObjectCategories/004.baseball-bat/004_0106.jpg,3,004.baseball-bat
data/raw/caltech256/256_ObjectCategories/004.baseball-bat/004_0013.jpg,3,004.baseball-bat
data/raw/caltech256/256_ObjectCategories/004.baseball-bat/004_0004.jpg,3,004.baseball-bat
data/raw/caltech256/256_ObjectCategories/004.baseball-bat/004_0120.jpg,3,004.baseball-bat
data/raw/caltech256/256_ObjectCategories/004.baseball-bat/004_0123.jpg,3,004.baseball-bat
data/raw/caltech256/256_ObjectCategories/004.baseball-bat/004_0003.jpg,3,004.baseball-bat
data/raw/caltech256/256_ObjectCategories/004.baseball-bat/004_0001.jpg,3,004.baseball-bat
data/raw/caltech256/256_ObjectCategories/004.baseball-bat/004_0006.jpg,3,004.baseball-bat
data/raw/caltech256/256_ObjectCategories/005.baseball-glove/005_0038.jpg,4,005.baseball-glove
data/raw/caltech256/256_ObjectCategories/005.baseball-glove/005_0123.jpg,4,005.baseball-glove
data/raw/caltech256/256_ObjectCategories/005.baseball-glove/005_0063.jpg,4,005.baseball-glove
data/raw/caltech256/256_ObjectCategories/005.baseball-glove/005_0001.jpg,4,005.baseball-glove
data/raw/caltech256/256_ObjectCategories/005.baseball-glove/005_0139.jpg,4,005.baseball-glove
data/raw/caltech256/256_ObjectCategories/005.baseball-glove/005_0024.jpg,4,005.baseball-glove
data/raw/caltech256/256_ObjectCategories/005.baseball-glove/005_0034.jpg,4,005.baseball-glove
data/raw/caltech256/256_ObjectCategories/005.baseball-glove/005_0036.jpg,4,005.baseball-glove
data/raw/caltech256/256_ObjectCategories/005.baseball-glove/005_0006.jpg,4,005.baseball-glove
data/raw/caltech256/256_ObjectCategories/005.baseball-glove/005_0032.jpg,4,005.baseball-glove
data/raw/caltech256/256_ObjectCategories/005.baseball-glove/005_0086.jpg,4,005.baseball-glove
data/raw/caltech256/256_ObjectCategories/006.basketball-hoop/006_0077.jpg,5,006.basketball-hoop
data/raw/caltech256/256_ObjectCategories/006.basketball-hoop/006_0038.jpg,5,006.basketball-hoop
data/raw/caltech256/256_ObjectCategories/006.basketball-hoop/006_0067.jpg,5,006.basketball-hoop
data/raw/caltech256/256_ObjectCategories/006.basketball-hoop/006_0076.jpg,5,006.basketball-hoop
data/raw/caltech256/256_ObjectCategories/006.basketball-hoop/006_0082.jpg,5,006.basketball-hoop
data/raw/caltech256/256_ObjectCategories/006.basketball-hoop/006_0046.jpg,5,006.basketball-hoop
data/raw/caltech256/256_ObjectCategories/006.basketball-hoop/006_0088.jpg,5,006.basketball-hoop
data/raw/caltech256/256_ObjectCategories/007.bat/007_0037.jpg,6,007.bat
data/raw/caltech256/256_ObjectCategories/007.bat/007_0098.jpg,6,007.bat
data/raw/caltech256/256_ObjectCategories/007.bat/007_0090.jpg,6,007.bat
data/raw/caltech256/256_ObjectCategories/007.bat/007_0045.jpg,6,007.bat
data/raw/caltech256/256_ObjectCategories/007.bat/007_0048.jpg,6,007.bat
data/raw/caltech256/256_ObjectCategories/007.bat/007_0017.jpg,6,007.bat
data/raw/caltech256/256_ObjectCategories/007.bat/007_0040.jpg,6,007.bat
data/raw/caltech256/256_ObjectCategories/007.bat/007_0015.jpg,6,007.bat
data/raw/caltech256/256_ObjectCategories/008.bathtub/008_0148.jpg,7,008.bathtub
data/raw/caltech256/256_ObjectCategories/008.bathtub/008_0104.jpg,7,008.bathtub
data/raw/caltech256/256_ObjectCategories/008.bathtub/008_0118.jpg,7,008.bathtub
data/raw/caltech256/256_ObjectCategories/008.bathtub/008_0092.jpg,7,008.bathtub
data/raw/caltech256/256_ObjectCategories/008.bathtub/008_0194.jpg,7,008.bathtub
data/raw/caltech256/256_ObjectCategories/008.bathtub/008_0107.jpg,7,008.bathtub
data/raw/caltech256/256_ObjectCategories/008.bathtub/008_0197.jpg,7,008.bathtub
data/raw/caltech256/256_ObjectCategories/008.bathtub/008_0013.jpg,7,008.bathtub
data/raw/caltech256/256_ObjectCategories/008.bathtub/008_0203.jpg,7,008.bathtub
data/raw/caltech256/256_ObjectCategories/008.bathtub/008_0196.jpg,7,008.bathtub
data/raw/caltech256/256_ObjectCategories/008.bathtub/008_0021.jpg,7,008.bathtub
data/raw/caltech256/256_ObjectCategories/008.bathtub/008_0024.jpg,7,008.bathtub
data/raw/caltech256/256_ObjectCategories/008.bathtub/008_0050.jpg,7,008.bathtub
data/raw/caltech256/256_ObjectCategories/008.bathtub/008_0023.jpg,7,008.bathtub
data/raw/caltech256/256_ObjectCategories/008.bathtub/008_0140.jpg,7,008.bathtub
data/raw/caltech256/256_ObjectCategories/008.bathtub/008_0167.jpg,7,008.bathtub
data/raw/caltech256/256_ObjectCategories/008.bathtub/008_0198.jpg,7,008.bathtub
data/raw/caltech256/256_ObjectCategories/009.bear/009_0102.jpg,8,009.bear
data/raw/caltech256/256_ObjectCategories/009.bear/009_0054.jpg,8,009.bear
data/raw/caltech256/256_ObjectCategories/009.bear/009_0005.jpg,8,009.bear
data/raw/caltech256/256_ObjectCategories/009.bear/009_0036.jpg,8,009.bear
data/raw/caltech256/256_ObjectCategories/009.bear/009_0043.jpg,8,009.bear
data/raw/caltech256/256_ObjectCategories/009.bear/009_0001.jpg,8,009.bear
data/raw/caltech256/256_ObjectCategories/009.bear/009_0100.jpg,8,009.bear
data/raw/caltech256/256_ObjectCategories/009.bear/009_0016.jpg,8,009.bear
data/raw/caltech256/256_ObjectCategories/010.beer-mug/010_0073.jpg,9,010.beer-mug
data/raw/caltech256/256_ObjectCategories/010.beer-mug/010_0038.jpg,9,010.beer-mug
data/raw/caltech256/256_ObjectCategories/010.beer-mug/010_0072.jpg,9,010.beer-mug
data/raw/caltech256/256_ObjectCategories/010.beer-mug/010_0026.jpg,9,010.beer-mug
data/raw/caltech256/256_ObjectCategories/010.beer-mug/010_0051.jpg,9,010.beer-mug
data/raw/caltech256/256_ObjectCategories/010.beer-mug/010_0039.jpg,9,010.beer-mug
data/raw/caltech256/256_ObjectCategories/010.beer-mug/010_0075.jpg,9,010.beer-mug
data/raw/caltech256/256_ObjectCategories/011.billiards/011_0242.jpg,10,011.billiards
data/raw/caltech256/256_ObjectCategories/011.billiards/011_0062.jpg,10,011.billiards
data/raw/caltech256/256_ObjectCategories/011.billiards/011_0032.jpg,10,011.billiards
data/raw/caltech256/256_ObjectCategories/011.billiards/011_0258.jpg,10,011.billiards
data/raw/caltech256/256_ObjectCategories/011.billiards/011_0039.jpg,10,011.billiards
data/raw/caltech256/256_ObjectCategories/011.billiards/011_0152.jpg,10,011.billiards
data/raw/caltech256/256_ObjectCategories/011.billiards/011_0084.jpg,10,011.billiards
data/raw/caltech256/256_ObjectCategories/011.billiards/011_0231.jpg,10,011.billiards
data/raw/caltech256/256_ObjectCategories/011.billiards/011_0058.jpg,10,011.billiards
data/raw/caltech256/256_ObjectCategories/011.billiards/011_0256.jpg,10,011.billiards
data/raw/caltech256/256_ObjectCategories/011.billiards/011_0015.jpg,10,011.billiards
data/raw/caltech256/256_ObjectCategories/011.billiards/011_0113.jpg,10,011.billiards
data/raw/caltech256/256_ObjectCategories/011.billiards/011_0050.jpg,10,011.billiards
data/raw/caltech256/256_ObjectCategories/011.billiards/011_0095.jpg,10,011.billiards
data/raw/caltech256/256_ObjectCategories/011.billiards/011_0120.jpg,10,011.billiards
data/raw/caltech256/256_ObjectCategories/011.billiards/011_0233.jpg,10,011.billiards
data/raw/caltech256/256_ObjectCategories/011.billiards/011_0171.jpg,10,011.billiards
data/raw/caltech256/256_ObjectCategories/011.billiards/011_0017.jpg,10,011.billiards
data/raw/caltech256/256_ObjectCategories/011.billiards/011_0153.jpg,10,011.billiards
data/raw/caltech256/256_ObjectCategories/011.billiards/011_0214.jpg,10,011.billiards
data/raw/caltech256/256_ObjectCategories/012.binoculars/012_0022.jpg,11,012.binoculars
data/raw/caltech256/256_ObjectCategories/012.binoculars/012_0181.jpg,11,012.binoculars
data/raw/caltech256/256_ObjectCategories/012.binoculars/012_0043.jpg,11,012.binoculars
data/raw/caltech256/256_ObjectCategories/012.binoculars/012_0177.jpg,11,012.binoculars
data/raw/caltech256/256_ObjectCategories/012.binoculars/012_0208.jpg,11,012.binoculars
data/raw/caltech256/256_ObjectCategories/012.binoculars/012_0069.jpg,11,012.binoculars
data/raw/caltech256/256_ObjectCategories/012.binoculars/012_0113.jpg,11,012.binoculars
data/raw/caltech256/256_ObjectCategories/012.binoculars/012_0007.jpg,11,012.binoculars
data/raw/caltech256/256_ObjectCategories/012.binoculars/012_0090.jpg,11,012.binoculars
data/raw/caltech256/256_ObjectCategories/012.binoculars/012_0155.jpg,11,012.binoculars
data/raw/caltech256/256_ObjectCategories/012.binoculars/012_0046.jpg,11,012.binoculars
data/raw/caltech256/256_ObjectCategories/012.binoculars/012_0012.jpg,11,012.binoculars
data/raw/caltech256/256_ObjectCategories/012.binoculars/012_0054.jpg,11,012.binoculars
data/raw/caltech256/256_ObjectCategories/012.binoculars/012_0210.jpg,11,012.binoculars
data/raw/caltech256/256_ObjectCategories/012.binoculars/012_0008.jpg,11,012.binoculars
data/raw/caltech256/256_ObjectCategories/012.binoculars/012_0076.jpg,11,012.binoculars
data/raw/caltech256/256_ObjectCategories/013.birdbath/013_0052.jpg,12,013.birdbath
data/raw/caltech256/256_ObjectCategories/013.birdbath/013_0039.jpg,12,013.birdbath
data/raw/caltech256/256_ObjectCategories/013.birdbath/013_0067.jpg,12,013.birdbath
data/raw/caltech256/256_ObjectCategories/013.birdbath/013_0016.jpg,12,013.birdbath
data/raw/caltech256/256_ObjectCategories/013.birdbath/013_0031.jpg,12,013.birdbath
data/raw/caltech256/256_ObjectCategories/013.birdbath/013_0023.jpg,12,013.birdbath
data/raw/caltech256/256_ObjectCategories/013.birdbath/013_0074.jpg,12,013.birdbath
data/raw/caltech256/256_ObjectCategories/014.blimp/014_0083.jpg,13,014.blimp
data/raw/caltech256/256_ObjectCategories/014.blimp/014_0031.jpg,13,014.blimp
data/raw/caltech256/256_ObjectCategories/014.blimp/014_0013.jpg,13,014.blimp
data/raw/caltech256/256_ObjectCategories/014.blimp/014_0009.jpg,13,014.blimp
data/raw/caltech256/256_ObjectCategories/014.blimp/014_0039.jpg,13,014.blimp
data/raw/caltech256/256_ObjectCategories/014.blimp/014_0003.jpg,13,014.blimp
data/raw/caltech256/256_ObjectCategories/015.bonsai-101/015_0013.jpg,14,015.bonsai-101
data/raw/caltech256/256_ObjectCategories/015.bonsai-101/015_0008.jpg,14,015.bonsai-101
data/raw/caltech256/256_ObjectCategories/015.bonsai-101/015_0067.jpg,14,015.bonsai-101
data/raw/caltech256/256_ObjectCategories/015.bonsai-101/015_0122.jpg,14,015.bonsai-101
data/raw/caltech256/256_ObjectCategories/015.bonsai-101/015_0121.jpg,14,015.bonsai-101
data/raw/caltech256/256_ObjectCategories/015.bonsai-101/015_0066.jpg,14,015.bonsai-101
data/raw/caltech256/256_ObjectCategories/015.bonsai-101/015_0011.jpg,14,015.bonsai-101
data/raw/caltech256/256_ObjectCategories/015.bonsai-101/015_0061.jpg,14,015.bonsai-101
data/raw/caltech256/256_ObjectCategories/015.bonsai-101/015_0023.jpg,14,015.bonsai-101
data/raw/caltech256/256_ObjectCategories/016.boom-box/016_0091.jpg,15,016.boom-box
data/raw/caltech256/256_ObjectCategories/016.boom-box/016_0081.jpg,15,016.boom-box
data/raw/caltech256/256_ObjectCategories/016.boom-box/016_0082.jpg,15,016.boom-box
data/raw/caltech256/256_ObjectCategories/016.boom-box/016_0025.jpg,15,016.boom-box
data/raw/caltech256/256_ObjectCategories/016.boom-box/016_0039.jpg,15,016.boom-box
data/raw/caltech256/256_ObjectCategories/016.boom-box/016_0049.jpg,15,016.boom-box
data/raw/caltech256/256_ObjectCategories/016.boom-box/016_0054.jpg,15,016.boom-box
data/raw/caltech256/256_ObjectCategories/017.bowling-ball/017_0066.jpg,16,017.bowling-ball
data/raw/caltech256/256_ObjectCategories/017.bowling-ball/017_0053.jpg,16,017.bowling-ball
data/raw/caltech256/256_ObjectCategories/017.bowling-ball/017_0103.jpg,16,017.bowling-ball
data/raw/caltech256/256_ObjectCategories/017.bowling-ball/017_0085.jpg,16,017.bowling-ball
data/raw/caltech256/256_ObjectCategories/017.bowling-ball/017_0013.jpg,16,017.bowling-ball
data/raw/caltech256/256_ObjectCategories/017.bowling-ball/017_0011.jpg,16,017.bowling-ball
data/raw/caltech256/256_ObjectCategories/017.bowling-ball/017_0074.jpg,16,017.bowling-ball
data/raw/caltech256/256_ObjectCategories/017.bowling-ball/017_0060.jpg,16,017.bowling-ball
data/raw/caltech256/256_ObjectCategories/018.bowling-pin/018_0054.jpg,17,018.bowling-pin
data/raw/caltech256/256_ObjectCategories/018.bowling-pin/018_0028.jpg,17,018.bowling-pin
data/raw/caltech256/256_ObjectCategories/018.bowling-pin/018_0019.jpg,17,018.bowling-pin
data/raw/caltech256/256_ObjectCategories/018.bowling-pin/018_0035.jpg,17,018.bowling-pin
data/raw/caltech256/256_ObjectCategories/018.bowling-pin/018_0079.jpg,17,018.bowling-pin
data/raw/caltech256/256_ObjectCategories/018.bowling-pin/018_0017.jpg,17,018.bowling-pin
data/raw/caltech256/256_ObjectCategories/018.bowling-pin/018_0072.jpg,17,018.bowling-pin
data/raw/caltech256/256_ObjectCategories/018.bowling-pin/018_0003.jpg,17,018.bowling-pin
data/raw/caltech256/256_ObjectCategories/019.boxing-glove/019_0022.jpg,18,019.boxing-glove
data/raw/caltech256/256_ObjectCategories/019.boxing-glove/019_0077.jpg,18,019.boxing-glove
data/raw/caltech256/256_ObjectCategories/019.boxing-glove/019_0076.jpg,18,019.boxing-glove
data/raw/caltech256/256_ObjectCategories/019.boxing-glove/019_0043.jpg,18,019.boxing-glove
data/raw/caltech256/256_ObjectCategories/019.boxing-glove/019_0065.jpg,18,019.boxing-glove
data/raw/caltech256/256_ObjectCategories/019.boxing-glove/019_0052.jpg,18,019.boxing-glove
data/raw/caltech256/256_ObjectCategories/019.boxing-glove/019_0087.jpg,18,019.boxing-glove
data/raw/caltech256/256_ObjectCategories/019.boxing-glove/019_0100.jpg,18,019.boxing-glove
data/raw/caltech256/256_ObjectCategories/019.boxing-glove/019_0010.jpg,18,019.boxing-glove
data/raw/caltech256/256_ObjectCategories/020.brain-101/020_0034.jpg,19,020.brain-101
data/raw/caltech256/256_ObjectCategories/020.brain-101/020_0046.jpg,19,020.brain-101
data/raw/caltech256/256_ObjectCategories/020.brain-101/020_0011.jpg,19,020.brain-101
data/raw/caltech256/256_ObjectCategories/020.brain-101/020_0054.jpg,19,020.brain-101
data/raw/caltech256/256_ObjectCategories/020.brain-101/020_0025.jpg,19,020.brain-101
data/raw/caltech256/256_ObjectCategories/020.brain-101/020_0013.jpg,19,020.brain-101
data/raw/caltech256/256_ObjectCategories/021.breadmaker/021_0094.jpg,20,021.breadmaker
data/raw/caltech256/256_ObjectCategories/021.breadmaker/021_0141.jpg,20,021.breadmaker
data/raw/caltech256/256_ObjectCategories/021.breadmaker/021_0090.jpg,20,021.breadmaker
data/raw/caltech256/256_ObjectCategories/021.breadmaker/021_0051.jpg,20,021.breadmaker
data/raw/caltech256/256_ObjectCategories/021.breadmaker/021_0065.jpg,20,021.breadmaker
data/raw/caltech256/256_ObjectCategories/021.breadmaker/021_0041.jpg,20,021.breadmaker
data/raw/caltech256/256_ObjectCategories/021.breadmaker/021_0069.jpg,20,021.breadmaker
data/raw/caltech256/256_ObjectCategories/021.breadmaker/021_0093.jpg,20,021.breadmaker
data/raw/caltech256/256_ObjectCategories/021.breadmaker/021_0085.jpg,20,021.breadmaker
data/raw/caltech256/256_ObjectCategories/021.breadmaker/021_0101.jpg,20,021.breadmaker
data/raw/caltech256/256_ObjectCategories/022.buddha-101/022_0011.jpg,21,022.buddha-101
data/raw/caltech256/256_ObjectCategories/022.buddha-101/022_0046.jpg,21,022.buddha-101
data/raw/caltech256/256_ObjectCategories/022.buddha-101/022_0016.jpg,21,022.buddha-101
data/raw/caltech256/256_ObjectCategories/022.buddha-101/022_0041.jpg,21,022.buddha-101
data/raw/caltech256/256_ObjectCategories/022.buddha-101/022_0022.jpg,21,022.buddha-101
data/raw/caltech256/256_ObjectCategories/022.buddha-101/022_0077.jpg,21,022.buddha-101
data/raw/caltech256/256_ObjectCategories/022.buddha-101/022_0029.jpg,21,022.buddha-101
data/raw/caltech256/256_ObjectCategories/023.bulldozer/023_0093.jpg,22,023.bulldozer
data/raw/caltech256/256_ObjectCategories/023.bulldozer/023_0020.jpg,22,023.bulldozer
data/raw/caltech256/256_ObjectCategories/023.bulldozer/023_0002.jpg,22,023.bulldozer
data/raw/caltech256/256_ObjectCategories/023.bulldozer/023_0054.jpg,22,023.bulldozer
data/raw/caltech256/256_ObjectCategories/023.bulldozer/023_0030.jpg,22,023.bulldozer
data/raw/caltech256/256_ObjectCategories/023.bulldozer/023_0094.jpg,22,023.bulldozer
data/raw/caltech256/256_ObjectCategories/023.bulldozer/023_0092.jpg,22,023.bulldozer
data/raw/caltech256/256_ObjectCategories/023.bulldozer/023_0008.jpg,22,023.bulldozer
data/raw/caltech256/256_ObjectCategories/024.butterfly/024_0070.jpg,23,024.butterfly
data/raw/caltech256/256_ObjectCategories/024.butterfly/024_0054.jpg,23,024.butterfly
data/raw/caltech256/256_ObjectCategories/024.butterfly/024_0108.jpg,23,024.butterfly
data/raw/caltech256/256_ObjectCategories/024.butterfly/024_0095.jpg,23,024.butterfly
data/raw/caltech256/256_ObjectCategories/024.butterfly/024_0016.jpg,23,024.butterfly
data/raw/caltech256/256_ObjectCategories/024.butterfly/024_0106.jpg,23,024.butterfly
data/raw/caltech256/256_ObjectCategories/024.butterfly/024_0015.jpg,23,024.butterfly
data/raw/caltech256/256_ObjectCategories/024.butterfly/024_0048.jpg,23,024.butterfly
data/raw/caltech256/256_ObjectCategories/025.cactus/025_0083.jpg,24,025.cactus
data/raw/caltech256/256_ObjectCategories/025.cactus/025_0036.jpg,24,025.cactus
data/raw/caltech256/256_ObjectCategories/025.cactus/025_0063.jpg,24,025.cactus
data/raw/caltech256/256_ObjectCategories/025.cactus/025_0053.jpg,24,025.cactus
data/raw/caltech256/256_ObjectCategories/025.cactus/025_0007.jpg,24,025.cactus
data/raw/caltech256/256_ObjectCategories/025.cactus/025_0039.jpg,24,025.cactus
data/raw/caltech256/256_ObjectCategories/025.cactus/025_0103.jpg,24,025.cactus
data/raw/caltech256/256_ObjectCategories/025.cactus/025_0044.jpg,24,025.cactus
data/raw/caltech256/256_ObjectCategories/026.cake/026_0089.jpg,25,026.cake
data/raw/caltech256/256_ObjectCategories/026.cake/026_0035.jpg,25,026.cake
data/raw/caltech256/256_ObjectCategories/026.cake/026_0092.jpg,25,026.cake
data/raw/caltech256/256_ObjectCategories/026.cake/026_0020.jpg,25,026.cake
data/raw/caltech256/256_ObjectCategories/026.cake/026_0073.jpg,25,026.cake
data/raw/caltech256/256_ObjectCategories/026.cake/026_0084.jpg,25,026.cake
data/raw/caltech256/256_ObjectCategories/026.cake/026_0101.jpg,25,026.cake
data/raw/caltech256/256_ObjectCategories/026.cake/026_0091.jpg,25,026.cake
data/raw/caltech256/256_ObjectCategories/027.calculator/027_0055.jpg,26,027.calculator
data/raw/caltech256/256_ObjectCategories/027.calculator/027_0066.jpg,26,027.calculator
data/raw/caltech256/256_ObjectCategories/027.calculator/027_0088.jpg,26,027.calculator
data/raw/caltech256/256_ObjectCategories/027.calculator/027_0018.jpg,26,027.calculator
data/raw/caltech256/256_ObjectCategories/027.calculator/027_0008.jpg,26,027.calculator
data/raw/caltech256/256_ObjectCategories/027.calculator/027_0038.jpg,26,027.calculator
data/raw/caltech256/256_ObjectCategories/027.calculator/027_0019.jpg,26,027.calculator
data/raw/caltech256/256_ObjectCategories/028.camel/028_0047.jpg,27,028.camel
data/raw/caltech256/256_ObjectCategories/028.camel/028_0092.jpg,27,028.camel
data/raw/caltech256/256_ObjectCategories/028.camel/028_0105.jpg,27,028.camel
data/raw/caltech256/256_ObjectCategories/028.camel/028_0029.jpg,27,028.camel
data/raw/caltech256/256_ObjectCategories/028.camel/028_0015.jpg,27,028.camel
data/raw/caltech256/256_ObjectCategories/028.camel/028_0109.jpg,27,028.camel
data/raw/caltech256/256_ObjectCategories/028.camel/028_0104.jpg,27,028.camel
data/raw/caltech256/256_ObjectCategories/028.camel/028_0072.jpg,27,028.camel
data/raw/caltech256/256_ObjectCategories/029.cannon/029_0039.jpg,28,029.cannon
data/raw/caltech256/256_ObjectCategories/029.cannon/029_0008.jpg,28,029.cannon
data/raw/caltech256/256_ObjectCategories/029.cannon/029_0012.jpg,28,029.cannon
data/raw/caltech256/256_ObjectCategories/029.cannon/029_0043.jpg,28,029.cannon
data/raw/caltech256/256_ObjectCategories/029.cannon/029_0090.jpg,28,029.cannon
data/raw/caltech256/256_ObjectCategories/029.cannon/029_0102.jpg,28,029.cannon
data/raw/caltech256/256_ObjectCategories/029.cannon/029_0087.jpg,28,029.cannon
data/raw/caltech256/256_ObjectCategories/029.cannon/029_0049.jpg,28,029.cannon
data/raw/caltech256/256_ObjectCategories/030.canoe/030_0005.jpg,29,030.canoe
data/raw/caltech256/256_ObjectCategories/030.canoe/030_0043.jpg,29,030.canoe
data/raw/caltech256/256_ObjectCategories/030.canoe/030_0006.jpg,29,030.canoe
data/raw/caltech256/256_ObjectCategories/030.canoe/030_0012.jpg,29,030.canoe
data/raw/caltech256/256_ObjectCategories/030.canoe/030_0103.jpg,29,030.canoe
data/raw/caltech256/256_ObjectCategories/030.canoe/030_0038.jpg,29,030.canoe
data/raw/caltech256/256_ObjectCategories/030.canoe/030_0100.jpg,29,030.canoe
data/raw/caltech256/256_ObjectCategories/030.canoe/030_0063.jpg,29,030.canoe
data/raw/caltech256/256_ObjectCategories/031.car-tire/031_0051.jpg,30,031.car-tire
data/raw/caltech256/256_ObjectCategories/031.car-tire/031_0073.jpg,30,031.car-tire
data/raw/caltech256/256_ObjectCategories/031.car-tire/031_0065.jpg,30,031.car-tire
data/raw/caltech256/256_ObjectCategories/031.car-tire/031_0036.jpg,30,031.car-tire
data/raw/caltech256/256_ObjectCategories/031.car-tire/031_0076.jpg,30,031.car-tire
data/raw/caltech256/256_ObjectCategories/031.car-tire/031_0034.jpg,30,031.car-tire
data/raw/caltech256/256_ObjectCategories/031.car-tire/031_0020.jpg,30,031.car-tire
data/raw/caltech256/256_ObjectCategories/032.cartman/032_0037.jpg,31,032.cartman
data/raw/caltech256/256_ObjectCategories/032.cartman/032_0055.jpg,31,032.cartman
data/raw/caltech256/256_ObjectCategories/032.cartman/032_0095.jpg,31,032.cartman
data/raw/caltech256/256_ObjectCategories/032.cartman/032_0002.jpg,31,032.cartman
data/raw/caltech256/256_ObjectCategories/032.cartman/032_0050.jpg,31,032.cartman
data/raw/caltech256/256_ObjectCategories/032.cartman/032_0039.jpg,31,032.cartman
data/raw/caltech256/256_ObjectCategories/032.cartman/032_0078.jpg,31,032.cartman
data/raw/caltech256/256_ObjectCategories/032.cartman/032_0001.jpg,31,032.cartman
data/raw/caltech256/256_ObjectCategories/033.cd/033_0056.jpg,32,033.cd
data/raw/caltech256/256_ObjectCategories/033.cd/033_0019.jpg,32,033.cd
data/raw/caltech256/256_ObjectCategories/033.cd/033_0074.jpg,32,033.cd
data/raw/caltech256/256_ObjectCategories/033.cd/033_0068.jpg,32,033.cd
data/raw/caltech256/256_ObjectCategories/033.cd/033_0100.jpg,32,033.cd
data/raw/caltech256/256_ObjectCategories/033.cd/033_0034.jpg,32,033.cd
data/raw/caltech256/256_ObjectCategories/033.cd/033_0084.jpg,32,033.cd
data/raw/caltech256/256_ObjectCategories/033.cd/033_0017.jpg,32,033.cd
data/raw/caltech256/256_ObjectCategories/034.centipede/034_0060.jpg,33,034.centipede
data/raw/caltech256/256_ObjectCategories/034.centipede/034_0044.jpg,33,034.centipede
data/raw/caltech256/256_ObjectCategories/034.centipede/034_0074.jpg,33,034.centipede
data/raw/caltech256/256_ObjectCategories/034.centipede/034_0021.jpg,33,034.centipede
data/raw/caltech256/256_ObjectCategories/034.centipede/034_0049.jpg,33,034.centipede
data/raw/caltech256/256_ObjectCategories/034.centipede/034_0084.jpg,33,034.centipede
data/raw/caltech256/256_ObjectCategories/034.centipede/034_0020.jpg,33,034.centipede
data/raw/caltech256/256_ObjectCategories/035.cereal-box/035_0062.jpg,34,035.cereal-box
data/raw/caltech256/256_ObjectCategories/035.cereal-box/035_0039.jpg,34,035.cereal-box
data/raw/caltech256/256_ObjectCategories/035.cereal-box/035_0064.jpg,34,035.cereal-box
data/raw/caltech256/256_ObjectCategories/035.cereal-box/035_0086.jpg,34,035.cereal-box
data/raw/caltech256/256_ObjectCategories/035.cereal-box/035_0016.jpg,34,035.cereal-box
data/raw/caltech256/256_ObjectCategories/035.cereal-box/035_0006.jpg,34,035.cereal-box
data/raw/caltech256/256_ObjectCategories/035.cereal-box/035_0056.jpg,34,035.cereal-box
data/raw/caltech256/256_ObjectCategories/036.chandelier-101/036_0077.jpg,35,036.chandelier-101
data/raw/caltech256/256_ObjectCategories/036.chandelier-101/036_0101.jpg,35,036.chandelier-101
data/raw/caltech256/256_ObjectCategories/036.chandelier-101/036_0025.jpg,35,036.chandelier-101
data/raw/caltech256/256_ObjectCategories/036.chandelier-101/036_0087.jpg,35,036.chandelier-101
data/raw/caltech256/256_ObjectCategories/036.chandelier-101/036_0089.jpg,35,036.chandelier-101
data/raw/caltech256/256_ObjectCategories/036.chandelier-101/036_0084.jpg,35,036.chandelier-101
data/raw/caltech256/256_ObjectCategories/036.chandelier-101/036_0063.jpg,35,036.chandelier-101
data/raw/caltech256/256_ObjectCategories/036.chandelier-101/036_0051.jpg,35,036.chandelier-101
data/raw/caltech256/256_ObjectCategories/037.chess-board/037_0001.jpg,36,037.chess-board
data/raw/caltech256/256_ObjectCategories/037.chess-board/037_0084.jpg,36,037.chess-board
data/raw/caltech256/256_ObjectCategories/037.chess-board/037_0092.jpg,36,037.chess-board
data/raw/caltech256/256_ObjectCategories/037.chess-board/037_0033.jpg,36,037.chess-board
data/raw/caltech256/256_ObjectCategories/037.chess-board/037_0071.jpg,36,037.chess-board
data/raw/caltech256/256_ObjectCategories/037.chess-board/037_0096.jpg,36,037.chess-board
data/raw/caltech256/256_ObjectCategories/037.chess-board/037_0062.jpg,36,037.chess-board
data/raw/caltech256/256_ObjectCategories/037.chess-board/037_0006.jpg,36,037.chess-board
data/raw/caltech256/256_ObjectCategories/037.chess-board/037_0018.jpg,36,037.chess-board
data/raw/caltech256/256_ObjectCategories/038.chimp/038_0051.jpg,37,038.chimp
data/raw/caltech256/256_ObjectCategories/038.chimp/038_0012.jpg,37,038.chimp
data/raw/caltech256/256_ObjectCategories/038.chimp/038_0053.jpg,37,038.chimp
data/raw/caltech256/256_ObjectCategories/038.chimp/038_0041.jpg,37,038.chimp
data/raw/caltech256/256_ObjectCategories/038.chimp/038_0016.jpg,37,038.chimp
data/raw/caltech256/256_ObjectCategories/038.chimp/038_0037.jpg,37,038.chimp
data/raw/caltech256/256_ObjectCategories/038.chimp/038_0109.jpg,37,038.chimp
data/raw/caltech256/256_ObjectCategories/038.chimp/038_0108.jpg,37,038.chimp
data/raw/caltech256/256_ObjectCategories/039.chopsticks/039_0072.jpg,38,039.chopsticks
data/raw/caltech256/256_ObjectCategories/039.chopsticks/039_0042.jpg,38,039.chopsticks
data/raw/caltech256/256_ObjectCategories/039.chopsticks/039_0065.jpg,38,039.chopsticks
data/raw/caltech256/256_ObjectCategories/039.chopsticks/039_0071.jpg,38,039.chopsticks
data/raw/caltech256/256_ObjectCategories/039.chopsticks/039_0020.jpg,38,039.chopsticks
data/raw/caltech256/256_ObjectCategories/039.chopsticks/039_0073.jpg,38,039.chopsticks
data/raw/caltech256/256_ObjectCategories/040.cockroach/040_0074.jpg,39,040.cockroach
data/raw/caltech256/256_ObjectCategories/040.cockroach/040_0041.jpg,39,040.cockroach
data/raw/caltech256/256_ObjectCategories/040.cockroach/040_0060.jpg,39,040.cockroach
data/raw/caltech256/256_ObjectCategories/040.cockroach/040_0110.jpg,39,040.cockroach
data/raw/caltech256/256_ObjectCategories/040.cockroach/040_0085.jpg,39,040.cockroach
data/raw/caltech256/256_ObjectCategories/040.cockroach/040_0014.jpg,39,040.cockroach
data/raw/caltech256/256_ObjectCategories/040.cockroach/040_0092.jpg,39,040.cockroach
data/raw/caltech256/256_ObjectCategories/040.cockroach/040_0062.jpg,39,040.cockroach
data/raw/caltech256/256_ObjectCategories/040.cockroach/040_0036.jpg,39,040.cockroach
data/raw/caltech256/256_ObjectCategories/041.coffee-mug/041_0034.jpg,40,041.coffee-mug
data/raw/caltech256/256_ObjectCategories/041.coffee-mug/041_0084.jpg,40,041.coffee-mug
data/raw/caltech256/256_ObjectCategories/041.coffee-mug/041_0052.jpg,40,041.coffee-mug
data/raw/caltech256/256_ObjectCategories/041.coffee-mug/041_0056.jpg,40,041.coffee-mug
data/raw/caltech256/256_ObjectCategories/041.coffee-mug/041_0078.jpg,40,041.coffee-mug
data/raw/caltech256/256_ObjectCategories/041.coffee-mug/041_0059.jpg,40,041.coffee-mug
data/raw/caltech256/256_ObjectCategories/041.coffee-mug/041_0032.jpg,40,041.coffee-mug
data/raw/caltech256/256_ObjectCategories/042.coffin/042_0057.jpg,41,042.coffin
data/raw/caltech256/256_ObjectCategories/042.coffin/042_0015.jpg,41,042.coffin
data/raw/caltech256/256_ObjectCategories/042.coffin/042_0081.jpg,41,042.coffin
data/raw/caltech256/256_ObjectCategories/042.coffin/042_0042.jpg,41,042.coffin
data/raw/caltech256/256_ObjectCategories/042.coffin/042_0047.jpg,41,042.coffin
data/raw/caltech256/256_ObjectCategories/042.coffin/042_0058.jpg,41,042.coffin
data/raw/caltech256/256_ObjectCategories/042.coffin/042_0022.jpg,41,042.coffin
data/raw/caltech256/256_ObjectCategories/043.coin/043_0100.jpg,42,043.coin
data/raw/caltech256/256_ObjectCategories/043.coin/043_0016.jpg,42,043.coin
data/raw/caltech256/256_ObjectCategories/043.coin/043_0113.jpg,42,043.coin
data/raw/caltech256/256_ObjectCategories/043.coin/043_0070.jpg,42,043.coin
data/raw/caltech256/256_ObjectCategories/043.coin/043_0001.jpg,42,043.coin
data/raw/caltech256/256_ObjectCategories/043.coin/043_0116.jpg,42,043.coin
data/raw/caltech256/256_ObjectCategories/043.coin/043_0054.jpg,42,043.coin
data/raw/caltech256/256_ObjectCategories/043.coin/043_0014.jpg,42,043.coin
data/raw/caltech256/256_ObjectCategories/043.coin/043_0058.jpg,42,043.coin
data/raw/caltech256/256_ObjectCategories/044.comet/044_0033.jpg,43,044.comet
data/raw/caltech256/256_ObjectCategories/044.comet/044_0097.jpg,43,044.comet
data/raw/caltech256/256_ObjectCategories/044.comet/044_0020.jpg,43,044.comet
data/raw/caltech256/256_ObjectCategories/044.comet/044_0059.jpg,43,044.comet
data/raw/caltech256/256_ObjectCategories/044.comet/044_0005.jpg,43,044.comet
data/raw/caltech256/256_ObjectCategories/044.comet/044_0096.jpg,43,044.comet
data/raw/caltech256/256_ObjectCategories/044.comet/044_0061.jpg,43,044.comet
data/raw/caltech256/256_ObjectCategories/044.comet/044_0087.jpg,43,044.comet
data/raw/caltech256/256_ObjectCategories/044.comet/044_0009.jpg,43,044.comet
data/raw/caltech256/256_ObjectCategories/045.computer-keyboard/045_0033.jpg,44,045.computer-keyboard
data/raw/caltech256/256_ObjectCategories/045.computer-keyboard/045_0070.jpg,44,045.computer-keyboard
data/raw/caltech256/256_ObjectCategories/045.computer-keyboard/045_0062.jpg,44,045.computer-keyboard
data/raw/caltech256/256_ObjectCategories/045.computer-keyboard/045_0029.jpg,44,045.computer-keyboard
data/raw/caltech256/256_ObjectCategories/045.computer-keyboard/045_0035.jpg,44,045.computer-keyboard
data/raw/caltech256/256_ObjectCategories/045.computer-keyboard/045_0078.jpg,44,045.computer-keyboard
data/raw/caltech256/256_ObjectCategories/046.computer-monitor/046_0051.jpg,45,046.computer-monitor
data/raw/caltech256/256_ObjectCategories/046.computer-monitor/046_0110.jpg,45,046.computer-monitor
data/raw/caltech256/256_ObjectCategories/046.computer-monitor/046_0099.jpg,45,046.computer-monitor
data/raw/caltech256/256_ObjectCategories/046.computer-monitor/046_0001.jpg,45,046.computer-monitor
data/raw/caltech256/256_ObjectCategories/046.computer-monitor/046_0071.jpg,45,046.computer-monitor
data/raw/caltech256/256_ObjectCategories/046.computer-monitor/046_0086.jpg,45,046.computer-monitor
data/raw/caltech256/256_ObjectCategories/046.computer-monitor/046_0074.jpg,45,046.computer-monitor
data/raw/caltech256/256_ObjectCategories/046.computer-monitor/046_0121.jpg,45,046.computer-monitor
data/raw/caltech256/256_ObjectCategories/046.computer-monitor/046_0098.jpg,45,046.computer-monitor
data/raw/caltech256/256_ObjectCategories/046.computer-monitor/046_0131.jpg,45,046.computer-monitor
data/raw/caltech256/256_ObjectCategories/047.computer-mouse/047_0017.jpg,46,047.computer-mouse
data/raw/caltech256/256_ObjectCategories/047.computer-mouse/047_0044.jpg,46,047.computer-mouse
data/raw/caltech256/256_ObjectCategories/047.computer-mouse/047_0043.jpg,46,047.computer-mouse
data/raw/caltech256/256_ObjectCategories/047.computer-mouse/047_0072.jpg,46,047.computer-mouse
data/raw/caltech256/256_ObjectCategories/047.computer-mouse/047_0092.jpg,46,047.computer-mouse
data/raw/caltech256/256_ObjectCategories/047.computer-mouse/047_0038.jpg,46,047.computer-mouse
data/raw/caltech256/256_ObjectCategories/047.computer-mouse/047_0046.jpg,46,047.computer-mouse
data/raw/caltech256/256_ObjectCategories/048.conch/048_0007.jpg,47,048.conch
data/raw/caltech256/256_ObjectCategories/048.conch/048_0080.jpg,47,048.conch
data/raw/caltech256/256_ObjectCategories/048.conch/048_0044.jpg,47,048.conch
data/raw/caltech256/256_ObjectCategories/048.conch/048_0079.jpg,47,048.conch
data/raw/caltech256/256_ObjectCategories/048.conch/048_0006.jpg,47,048.conch
data/raw/caltech256/256_ObjectCategories/048.conch/048_0041.jpg,47,048.conch
data/raw/caltech256/256_ObjectCategories/048.conch/048_0074.jpg,47,048.conch
data/raw/caltech256/256_ObjectCategories/048.conch/048_0029.jpg,47,048.conch
data/raw/caltech256/256_ObjectCategories/049.cormorant/049_0050.jpg,48,049.cormorant
data/raw/caltech256/256_ObjectCategories/049.cormorant/049_0019.jpg,48,049.cormorant
data/raw/caltech256/256_ObjectCategories/049.cormorant/049_0063.jpg,48,049.cormorant
data/raw/caltech256/256_ObjectCategories/049.cormorant/049_0061.jpg,48,049.cormorant
data/raw/caltech256/256_ObjectCategories/049.cormorant/049_0089.jpg,48,049.cormorant
data/raw/caltech256/256_ObjectCategories/049.cormorant/049_0009.jpg,48,049.cormorant
data/raw/caltech256/256_ObjectCategories/049.cormorant/049_0106.jpg,48,049.cormorant
data/raw/caltech256/256_ObjectCategories/049.cormorant/049_0105.jpg,48,049.cormorant
data/raw/caltech256/256_ObjectCategories/050.covered-wagon/050_0043.jpg,49,050.covered-wagon
data/raw/caltech256/256_ObjectCategories/050.covered-wagon/050_0042.jpg,49,050.covered-wagon
data/raw/caltech256/256_ObjectCategories/050.covered-wagon/050_0052.jpg,49,050.covered-wagon
data/raw/caltech256/256_ObjectCategories/050.covered-wagon/050_0019.jpg,49,050.covered-wagon
data/raw/caltech256/256_ObjectCategories/050.covered-wagon/050_0065.jpg,49,050.covered-wagon
data/raw/caltech256/256_ObjectCategories/050.covered-wagon/050_0070.jpg,49,050.covered-wagon
data/raw/caltech256/256_ObjectCategories/050.covered-wagon/050_0035.jpg,49,050.covered-wagon
data/raw/caltech256/256_ObjectCategories/051.cowboy-hat/051_0095.jpg,50,051.cowboy-hat
data/raw/caltech256/256_ObjectCategories/051.cowboy-hat/051_0114.jpg,50,051.cowboy-hat
data/raw/caltech256/256_ObjectCategories/051.cowboy-hat/051_0041.jpg,50,051.cowboy-hat
data/raw/caltech256/256_ObjectCategories/051.cowboy-hat/051_0009.jpg,50,051.cowboy-hat
data/raw/caltech256/256_ObjectCategories/051.cowboy-hat/051_0079.jpg,50,051.cowboy-hat
data/raw/caltech256/256_ObjectCategories/051.cowboy-hat/051_0035.jpg,50,051.cowboy-hat
data/raw/caltech256/256_ObjectCategories/051.cowboy-hat/051_0102.jpg,50,051.cowboy-hat
data/raw/caltech256/256_ObjectCategories/051.cowboy-hat/051_0038.jpg,50,051.cowboy-hat
data/raw/caltech256/256_ObjectCategories/052.crab-101/052_0070.jpg,51,052.crab-101
data/raw/caltech256/256_ObjectCategories/052.crab-101/052_0035.jpg,51,052.crab-101
data/raw/caltech256/256_ObjectCategories/052.crab-101/052_0015.jpg,51,052.crab-101
data/raw/caltech256/256_ObjectCategories/052.crab-101/052_0050.jpg,51,052.crab-101
data/raw/caltech256/256_ObjectCategories/052.crab-101/052_0033.jpg,51,052.crab-101
data/raw/caltech256/256_ObjectCategories/052.crab-101/052_0008.jpg,51,052.crab-101
data/raw/caltech256/256_ObjectCategories/053.desk-globe/053_0004.jpg,52,053.desk-globe
data/raw/caltech256/256_ObjectCategories/053.desk-globe/053_0030.jpg,52,053.desk-globe
data/raw/caltech256/256_ObjectCategories/053.desk-globe/053_0070.jpg,52,053.desk-globe
data/raw/caltech256/256_ObjectCategories/053.desk-globe/053_0080.jpg,52,053.desk-globe
data/raw/caltech256/256_ObjectCategories/053.desk-globe/053_0067.jpg,52,053.desk-globe
data/raw/caltech256/256_ObjectCategories/053.desk-globe/053_0003.jpg,52,053.desk-globe
data/raw/caltech256/256_ObjectCategories/054.diamond-ring/054_0066.jpg,53,054.diamond-ring
data/raw/caltech256/256_ObjectCategories/054.diamond-ring/054_0092.jpg,53,054.diamond-ring
data/raw/caltech256/256_ObjectCategories/054.diamond-ring/054_0001.jpg,53,054.diamond-ring
data/raw/caltech256/256_ObjectCategories/054.diamond-ring/054_0020.jpg,53,054.diamond-ring
data/raw/caltech256/256_ObjectCategories/054.diamond-ring/054_0078.jpg,53,054.diamond-ring
data/raw/caltech256/256_ObjectCategories/054.diamond-ring/054_0112.jpg,53,054.diamond-ring
data/raw/caltech256/256_ObjectCategories/054.diamond-ring/054_0117.jpg,53,054.diamond-ring
data/raw/caltech256/256_ObjectCategories/054.diamond-ring/054_0054.jpg,53,054.diamond-ring
data/raw/caltech256/256_ObjectCategories/054.diamond-ring/054_0115.jpg,53,054.diamond-ring
data/raw/caltech256/256_ObjectCategories/055.dice/055_0075.jpg,54,055.dice
data/raw/caltech256/256_ObjectCategories/055.dice/055_0036.jpg,54,055.dice
data/raw/caltech256/256_ObjectCategories/055.dice/055_0024.jpg,54,055.dice
data/raw/caltech256/256_ObjectCategories/055.dice/055_0034.jpg,54,055.dice
data/raw/caltech256/256_ObjectCategories/055.dice/055_0037.jpg,54,055.dice
data/raw/caltech256/256_ObjectCategories/055.dice/055_0044.jpg,54,055.dice
data/raw/caltech256/256_ObjectCategories/055.dice/055_0081.jpg,54,055.dice
data/raw/caltech256/256_ObjectCategories/056.dog/056_0007.jpg,55,056.dog
data/raw/caltech256/256_ObjectCategories/056.dog/056_0014.jpg,55,056.dog
data/raw/caltech256/256_ObjectCategories/056.dog/056_0069.jpg,55,056.dog
data/raw/caltech256/256_ObjectCategories/056.dog/056_0081.jpg,55,056.dog
data/raw/caltech256/256_ObjectCategories/056.dog/056_0041.jpg,55,056.dog
data/raw/caltech256/256_ObjectCategories/056.dog/056_0028.jpg,55,056.dog
data/raw/caltech256/256_ObjectCategories/056.dog/056_0066.jpg,55,056.dog
data/raw/caltech256/256_ObjectCategories/056.dog/056_0076.jpg,55,056.dog
data/raw/caltech256/256_ObjectCategories/057.dolphin-101/057_0001.jpg,56,057.dolphin-101
data/raw/caltech256/256_ObjectCategories/057.dolphin-101/057_0090.jpg,56,057.dolphin-101
data/raw/caltech256/256_ObjectCategories/057.dolphin-101/057_0047.jpg,56,057.dolphin-101
data/raw/caltech256/256_ObjectCategories/057.dolphin-101/057_0075.jpg,56,057.dolphin-101
data/raw/caltech256/256_ObjectCategories/057.dolphin-101/057_0065.jpg,56,057.dolphin-101
data/raw/caltech256/256_ObjectCategories/057.dolphin-101/057_0016.jpg,56,057.dolphin-101
data/raw/caltech256/256_ObjectCategories/057.dolphin-101/057_0044.jpg,56,057.dolphin-101
data/raw/caltech256/256_ObjectCategories/057.dolphin-101/057_0037.jpg,56,057.dolphin-101
data/raw/caltech256/256_ObjectCategories/058.doorknob/058_0075.jpg,57,058.doorknob
data/raw/caltech256/256_ObjectCategories/058.doorknob/058_0032.jpg,57,058.doorknob
data/raw/caltech256/256_ObjectCategories/058.doorknob/058_0047.jpg,57,058.doorknob
data/raw/caltech256/256_ObjectCategories/058.doorknob/058_0007.jpg,57,058.doorknob
data/raw/caltech256/256_ObjectCategories/058.doorknob/058_0041.jpg,57,058.doorknob
data/raw/caltech256/256_ObjectCategories/058.doorknob/058_0077.jpg,57,058.doorknob
data/raw/caltech256/256_ObjectCategories/058.doorknob/058_0031.jpg,57,058.doorknob
data/raw/caltech256/256_ObjectCategories/059.drinking-straw/059_0054.jpg,58,059.drinking-straw
data/raw/caltech256/256_ObjectCategories/059.drinking-straw/059_0075.jpg,58,059.drinking-straw
data/raw/caltech256/256_ObjectCategories/059.drinking-straw/059_0050.jpg,58,059.drinking-straw
data/raw/caltech256/256_ObjectCategories/059.drinking-straw/059_0058.jpg,58,059.drinking-straw
data/raw/caltech256/256_ObjectCategories/059.drinking-straw/059_0061.jpg,58,059.drinking-straw
data/raw/caltech256/256_ObjectCategories/059.drinking-straw/059_0048.jpg,58,059.drinking-straw
data/raw/caltech256/256_ObjectCategories/060.duck/060_0068.jpg,59,060.duck
data/raw/caltech256/256_ObjectCategories/060.duck/060_0024.jpg,59,060.duck
data/raw/caltech256/256_ObjectCategories/060.duck/060_0063.jpg,59,060.duck
data/raw/caltech256/256_ObjectCategories/060.duck/060_0039.jpg,59,060.duck
data/raw/caltech256/256_ObjectCategories/060.duck/060_0078.jpg,59,060.duck
data/raw/caltech256/256_ObjectCategories/060.duck/060_0061.jpg,59,060.duck
data/raw/caltech256/256_ObjectCategories/060.duck/060_0072.jpg,59,060.duck
data/raw/caltech256/256_ObjectCategories/061.dumb-bell/061_0013.jpg,60,061.dumb-bell
data/raw/caltech256/256_ObjectCategories/061.dumb-bell/061_0068.jpg,60,061.dumb-bell
data/raw/caltech256/256_ObjectCategories/061.dumb-bell/061_0046.jpg,60,061.dumb-bell
data/raw/caltech256/256_ObjectCategories/061.dumb-bell/061_0050.jpg,60,061.dumb-bell
data/raw/caltech256/256_ObjectCategories/061.dumb-bell/061_0010.jpg,60,061.dumb-bell
data/raw/caltech256/256_ObjectCategories/061.dumb-bell/061_0028.jpg,60,061.dumb-bell
data/raw/caltech256/256_ObjectCategories/061.dumb-bell/061_0006.jpg,60,061.dumb-bell
data/raw/caltech256/256_ObjectCategories/061.dumb-bell/061_0011.jpg,60,061.dumb-bell
data/raw/caltech256/256_ObjectCategories/062.eiffel-tower/062_0035.jpg,61,062.eiffel-tower
data/raw/caltech256/256_ObjectCategories/062.eiffel-tower/062_0007.jpg,61,062.eiffel-tower
data/raw/caltech256/256_ObjectCategories/062.eiffel-tower/062_0033.jpg,61,062.eiffel-tower
data/raw/caltech256/256_ObjectCategories/062.eiffel-tower/062_0011.jpg,61,062.eiffel-tower
data/raw/caltech256/256_ObjectCategories/062.eiffel-tower/062_0032.jpg,61,062.eiffel-tower
data/raw/caltech256/256_ObjectCategories/062.eiffel-tower/062_0040.jpg,61,062.eiffel-tower
data/raw/caltech256/256_ObjectCategories/063.electric-guitar-101/063_0107.jpg,62,063.electric-guitar-101
data/raw/caltech256/256_ObjectCategories/063.electric-guitar-101/063_0097.jpg,62,063.electric-guitar-101
data/raw/caltech256/256_ObjectCategories/063.electric-guitar-101/063_0081.jpg,62,063.electric-guitar-101
data/raw/caltech256/256_ObjectCategories/063.electric-guitar-101/063_0117.jpg,62,063.electric-guitar-101
data/raw/caltech256/256_ObjectCategories/063.electric-guitar-101/063_0116.jpg,62,063.electric-guitar-101
data/raw/caltech256/256_ObjectCategories/063.electric-guitar-101/063_0045.jpg,62,063.electric-guitar-101
data/raw/caltech256/256_ObjectCategories/063.electric-guitar-101/063_0105.jpg,62,063.electric-guitar-101
data/raw/caltech256/256_ObjectCategories/063.electric-guitar-101/063_0017.jpg,62,063.electric-guitar-101
data/raw/caltech256/256_ObjectCategories/063.electric-guitar-101/063_0048.jpg,62,063.electric-guitar-101
data/raw/caltech256/256_ObjectCategories/064.elephant-101/064_0103.jpg,63,064.elephant-101
data/raw/caltech256/256_ObjectCategories/064.elephant-101/064_0093.jpg,63,064.elephant-101
data/raw/caltech256/256_ObjectCategories/064.elephant-101/064_0114.jpg,63,064.elephant-101
data/raw/caltech256/256_ObjectCategories/064.elephant-101/064_0123.jpg,63,064.elephant-101
data/raw/caltech256/256_ObjectCategories/064.elephant-101/064_0121.jpg,63,064.elephant-101
data/raw/caltech256/256_ObjectCategories/064.elephant-101/064_0072.jpg,63,064.elephant-101
data/raw/caltech256/256_ObjectCategories/064.elephant-101/064_0060.jpg,63,064.elephant-101
data/raw/caltech256/256_ObjectCategories/064.elephant-101/064_0095.jpg,63,064.elephant-101
data/raw/caltech256/256_ObjectCategories/064.elephant-101/064_0046.jpg,63,064.elephant-101
data/raw/caltech256/256_ObjectCategories/064.elephant-101/064_0029.jpg,63,064.elephant-101
data/raw/caltech256/256_ObjectCategories/065.elk/065_0073.jpg,64,065.elk
data/raw/caltech256/256_ObjectCategories/065.elk/065_0051.jpg,64,065.elk
data/raw/caltech256/256_ObjectCategories/065.elk/065_0031.jpg,64,065.elk
data/raw/caltech256/256_ObjectCategories/065.elk/065_0014.jpg,64,065.elk
data/raw/caltech256/256_ObjectCategories/065.elk/065_0028.jpg,64,065.elk
data/raw/caltech256/256_ObjectCategories/065.elk/065_0084.jpg,64,065.elk
data/raw/caltech256/256_ObjectCategories/065.elk/065_0038.jpg,64,065.elk
data/raw/caltech256/256_ObjectCategories/065.elk/065_0065.jpg,64,065.elk
data/raw/caltech256/256_ObjectCategories/066.ewer-101/066_0044.jpg,65,066.ewer-101
data/raw/caltech256/256_ObjectCategories/066.ewer-101/066_0067.jpg,65,066.ewer-101
data/raw/caltech256/256_ObjectCategories/066.ewer-101/066_0063.jpg,65,066.ewer-101
data/raw/caltech256/256_ObjectCategories/066.ewer-101/066_0001.jpg,65,066.ewer-101
data/raw/caltech256/256_ObjectCategories/066.ewer-101/066_0024.jpg,65,066.ewer-101
data/raw/caltech256/256_ObjectCategories/066.ewer-101/066_0023.jpg,65,066.ewer-101
data/raw/caltech256/256_ObjectCategories/067.eyeglasses/067_0006.jpg,66,067.eyeglasses
data/raw/caltech256/256_ObjectCategories/067.eyeglasses/067_0033.jpg,66,067.eyeglasses
data/raw/caltech256/256_ObjectCategories/067.eyeglasses/067_0052.jpg,66,067.eyeglasses
data/raw/caltech256/256_ObjectCategories/067.eyeglasses/067_0037.jpg,66,067.eyeglasses
data/raw/caltech256/256_ObjectCategories/067.eyeglasses/067_0011.jpg,66,067.eyeglasses
data/raw/caltech256/256_ObjectCategories/067.eyeglasses/067_0057.jpg,66,067.eyeglasses
data/raw/caltech256/256_ObjectCategories/068.fern/068_0036.jpg,67,068.fern
data/raw/caltech256/256_ObjectCategories/068.fern/068_0073.jpg,67,068.fern
data/raw/caltech256/256_ObjectCategories/068.fern/068_0025.jpg,67,068.fern
data/raw/caltech256/256_ObjectCategories/068.fern/068_0005.jpg,67,068.fern
data/raw/caltech256/256_ObjectCategories/068.fern/068_0057.jpg,67,068.fern
data/raw/caltech256/256_ObjectCategories/068.fern/068_0006.jpg,67,068.fern
data/raw/caltech256/256_ObjectCategories/068.fern/068_0099.jpg,67,068.fern
data/raw/caltech256/256_ObjectCategories/068.fern/068_0049.jpg,67,068.fern
data/raw/caltech256/256_ObjectCategories/069.fighter-jet/069_0001.jpg,68,069.fighter-jet
data/raw/caltech256/256_ObjectCategories/069.fighter-jet/069_0024.jpg,68,069.fighter-jet
data/raw/caltech256/256_ObjectCategories/069.fighter-jet/069_0052.jpg,68,069.fighter-jet
data/raw/caltech256/256_ObjectCategories/069.fighter-jet/069_0087.jpg,68,069.fighter-jet
data/raw/caltech256/256_ObjectCategories/069.fighter-jet/069_0063.jpg,68,069.fighter-jet
data/raw/caltech256/256_ObjectCategories/069.fighter-jet/069_0023.jpg,68,069.fighter-jet
data/raw/caltech256/256_ObjectCategories/069.fighter-jet/069_0093.jpg,68,069.fighter-jet
data/raw/caltech256/256_ObjectCategories/070.fire-extinguisher/070_0016.jpg,69,070.fire-extinguisher
data/raw/caltech256/256_ObjectCategories/070.fire-extinguisher/070_0053.jpg,69,070.fire-extinguisher
data/raw/caltech256/256_ObjectCategories/070.fire-extinguisher/070_0024.jpg,69,070.fire-extinguisher
data/raw/caltech256/256_ObjectCategories/070.fire-extinguisher/070_0050.jpg,69,070.fire-extinguisher
data/raw/caltech256/256_ObjectCategories/070.fire-extinguisher/070_0060.jpg,69,070.fire-extinguisher
data/raw/caltech256/256_ObjectCategories/070.fire-extinguisher/070_0028.jpg,69,070.fire-extinguisher
data/raw/caltech256/256_ObjectCategories/071.fire-hydrant/071_0021.jpg,70,071.fire-hydrant
data/raw/caltech256/256_ObjectCategories/071.fire-hydrant/071_0080.jpg,70,071.fire-hydrant
data/raw/caltech256/256_ObjectCategories/071.fire-hydrant/071_0014.jpg,70,071.fire-hydrant
data/raw/caltech256/256_ObjectCategories/071.fire-hydrant/071_0051.jpg,70,071.fire-hydrant
data/raw/caltech256/256_ObjectCategories/071.fire-hydrant/071_0052.jpg,70,071.fire-hydrant
data/raw/caltech256/256_ObjectCategories/071.fire-hydrant/071_0028.jpg,70,071.fire-hydrant
data/raw/caltech256/256_ObjectCategories/071.fire-hydrant/071_0029.jpg,70,071.fire-hydrant
data/raw/caltech256/256_ObjectCategories/072.fire-truck/072_0047.jpg,71,072.fire-truck
data/raw/caltech256/256_ObjectCategories/072.fire-truck/072_0105.jpg,71,072.fire-truck
data/raw/caltech256/256_ObjectCategories/072.fire-truck/072_0039.jpg,71,072.fire-truck
data/raw/caltech256/256_ObjectCategories/072.fire-truck/072_0079.jpg,71,072.fire-truck
data/raw/caltech256/256_ObjectCategories/072.fire-truck/072_0091.jpg,71,072.fire-truck
data/raw/caltech256/256_ObjectCategories/072.fire-truck/072_0098.jpg,71,072.fire-truck
data/raw/caltech256/256_ObjectCategories/072.fire-truck/072_0031.jpg,71,072.fire-truck
data/raw/caltech256/256_ObjectCategories/072.fire-truck/072_0022.jpg,71,072.fire-truck
data/raw/caltech256/256_ObjectCategories/072.fire-truck/072_0117.jpg,71,072.fire-truck
data/raw/caltech256/256_ObjectCategories/073.fireworks/073_0047.jpg,72,073.fireworks
data/raw/caltech256/256_ObjectCategories/073.fireworks/073_0041.jpg,72,073.fireworks
data/raw/caltech256/256_ObjectCategories/073.fireworks/073_0033.jpg,72,073.fireworks
data/raw/caltech256/256_ObjectCategories/073.fireworks/073_0072.jpg,72,073.fireworks
data/raw/caltech256/256_ObjectCategories/073.fireworks/073_0080.jpg,72,073.fireworks
data/raw/caltech256/256_ObjectCategories/073.fireworks/073_0042.jpg,72,073.fireworks
data/raw/caltech256/256_ObjectCategories/073.fireworks/073_0066.jpg,72,073.fireworks
data/raw/caltech256/256_ObjectCategories/074.flashlight/074_0098.jpg,73,074.flashlight
data/raw/caltech256/256_ObjectCategories/074.flashlight/074_0012.jpg,73,074.flashlight
data/raw/caltech256/256_ObjectCategories/074.flashlight/074_0067.jpg,73,074.flashlight
data/raw/caltech256/256_ObjectCategories/074.flashlight/074_0074.jpg,73,074.flashlight
data/raw/caltech256/256_ObjectCategories/074.flashlight/074_0033.jpg,73,074.flashlight
data/raw/caltech256/256_ObjectCategories/074.flashlight/074_0053.jpg,73,074.flashlight
data/raw/caltech256/256_ObjectCategories/074.flashlight/074_0088.jpg,73,074.flashlight
data/raw/caltech256/256_ObjectCategories/074.flashlight/074_0100.jpg,73,074.flashlight
data/raw/caltech256/256_ObjectCategories/075.floppy-disk/075_0048.jpg,74,075.floppy-disk
data/raw/caltech256/256_ObjectCategories/075.floppy-disk/075_0074.jpg,74,075.floppy-disk
data/raw/caltech256/256_ObjectCategories/075.floppy-disk/075_0009.jpg,74,075.floppy-disk
data/raw/caltech256/256_ObjectCategories/075.floppy-disk/075_0060.jpg,74,075.floppy-disk
data/raw/caltech256/256_ObjectCategories/075.floppy-disk/075_0012.jpg,74,075.floppy-disk
data/raw/caltech256/256_ObjectCategories/075.floppy-disk/075_0034.jpg,74,075.floppy-disk
data/raw/caltech256/256_ObjectCategories/076.football-helmet/076_0050.jpg,75,076.football-helmet
data/raw/caltech256/256_ObjectCategories/076.football-helmet/076_0079.jpg,75,076.football-helmet
data/raw/caltech256/256_ObjectCategories/076.football-helmet/076_0064.jpg,75,076.football-helmet
data/raw/caltech256/256_ObjectCategories/076.football-helmet/076_0022.jpg,75,076.football-helmet
data/raw/caltech256/256_ObjectCategories/076.football-helmet/076_0071.jpg,75,076.football-helmet
data/raw/caltech256/256_ObjectCategories/076.football-helmet/076_0018.jpg,75,076.football-helmet
data/raw/caltech256/256_ObjectCategories/077.french-horn/077_0089.jpg,76,077.french-horn
data/raw/caltech256/256_ObjectCategories/077.french-horn/077_0003.jpg,76,077.french-horn
data/raw/caltech256/256_ObjectCategories/077.french-horn/077_0074.jpg,76,077.french-horn
data/raw/caltech256/256_ObjectCategories/077.french-horn/077_0007.jpg,76,077.french-horn
data/raw/caltech256/256_ObjectCategories/077.french-horn/077_0086.jpg,76,077.french-horn
data/raw/caltech256/256_ObjectCategories/077.french-horn/077_0070.jpg,76,077.french-horn
data/raw/caltech256/256_ObjectCategories/077.french-horn/077_0004.jpg,76,077.french-horn
data/raw/caltech256/256_ObjectCategories/078.fried-egg/078_0062.jpg,77,078.fried-egg
data/raw/caltech256/256_ObjectCategories/078.fried-egg/078_0042.jpg,77,078.fried-egg
data/raw/caltech256/256_ObjectCategories/078.fried-egg/078_0025.jpg,77,078.fried-egg
data/raw/caltech256/256_ObjectCategories/078.fried-egg/078_0014.jpg,77,078.fried-egg
data/raw/caltech256/256_ObjectCategories/078.fried-egg/078_0015.jpg,77,078.fried-egg
data/raw/caltech256/256_ObjectCategories/078.fried-egg/078_0031.jpg,77,078.fried-egg
data/raw/caltech256/256_ObjectCategories/078.fried-egg/078_0088.jpg,77,078.fried-egg
data/raw/caltech256/256_ObjectCategories/079.frisbee/079_0099.jpg,78,079.frisbee
data/raw/caltech256/256_ObjectCategories/079.frisbee/079_0067.jpg,78,079.frisbee
data/raw/caltech256/256_ObjectCategories/079.frisbee/079_0046.jpg,78,079.frisbee
data/raw/caltech256/256_ObjectCategories/079.frisbee/079_0028.jpg,78,079.frisbee
data/raw/caltech256/256_ObjectCategories/079.frisbee/079_0015.jpg,78,079.frisbee
data/raw/caltech256/256_ObjectCategories/079.frisbee/079_0032.jpg,78,079.frisbee
data/raw/caltech256/256_ObjectCategories/079.frisbee/079_0029.jpg,78,079.frisbee
data/raw/caltech256/256_ObjectCategories/080.frog/080_0099.jpg,79,080.frog
data/raw/caltech256/256_ObjectCategories/080.frog/080_0074.jpg,79,080.frog
data/raw/caltech256/256_ObjectCategories/080.frog/080_0089.jpg,79,080.frog
data/raw/caltech256/256_ObjectCategories/080.frog/080_0102.jpg,79,080.frog
data/raw/caltech256/256_ObjectCategories/080.frog/080_0057.jpg,79,080.frog
data/raw/caltech256/256_ObjectCategories/080.frog/080_0066.jpg,79,080.frog
data/raw/caltech256/256_ObjectCategories/080.frog/080_0070.jpg,79,080.frog
data/raw/caltech256/256_ObjectCategories/080.frog/080_0114.jpg,79,080.frog
data/raw/caltech256/256_ObjectCategories/080.frog/080_0051.jpg,79,080.frog
data/raw/caltech256/256_ObjectCategories/081.frying-pan/081_0028.jpg,80,081.frying-pan
data/raw/caltech256/256_ObjectCategories/081.frying-pan/081_0077.jpg,80,081.frying-pan
data/raw/caltech256/256_ObjectCategories/081.frying-pan/081_0086.jpg,80,081.frying-pan
data/raw/caltech256/256_ObjectCategories/081.frying-pan/081_0091.jpg,80,081.frying-pan
data/raw/caltech256/256_ObjectCategories/081.frying-pan/081_0009.jpg,80,081.frying-pan
data/raw/caltech256/256_ObjectCategories/081.frying-pan/081_0093.jpg,80,081.frying-pan
data/raw/caltech256/256_ObjectCategories/081.frying-pan/081_0048.jpg,80,081.frying-pan
data/raw/caltech256/256_ObjectCategories/082.galaxy/082_0024.jpg,81,082.galaxy
data/raw/caltech256/256_ObjectCategories/082.galaxy/082_0054.jpg,81,082.galaxy
data/raw/caltech256/256_ObjectCategories/082.galaxy/082_0044.jpg,81,082.galaxy
data/raw/caltech256/256_ObjectCategories/082.galaxy/082_0017.jpg,81,082.galaxy
data/raw/caltech256/256_ObjectCategories/082.galaxy/082_0047.jpg,81,082.galaxy
data/raw/caltech256/256_ObjectCategories/082.galaxy/082_0008.jpg,81,082.galaxy
data/raw/caltech256/256_ObjectCategories/083.gas-pump/083_0070.jpg,82,083.gas-pump
data/raw/caltech256/256_ObjectCategories/083.gas-pump/083_0057.jpg,82,083.gas-pump
data/raw/caltech256/256_ObjectCategories/083.gas-pump/083_0054.jpg,82,083.gas-pump
data/raw/caltech256/256_ObjectCategories/083.gas-pump/083_0083.jpg,82,083.gas-pump
data/raw/caltech256/256_ObjectCategories/083.gas-pump/083_0080.jpg,82,083.gas-pump
data/raw/caltech256/256_ObjectCategories/083.gas-pump/083_0039.jpg,82,083.gas-pump
data/raw/caltech256/256_ObjectCategories/083.gas-pump/083_0094.jpg,82,083.gas-pump
data/raw/caltech256/256_ObjectCategories/084.giraffe/084_0015.jpg,83,084.giraffe
data/raw/caltech256/256_ObjectCategories/084.giraffe/084_0077.jpg,83,084.giraffe
data/raw/caltech256/256_ObjectCategories/084.giraffe/084_0047.jpg,83,084.giraffe
data/raw/caltech256/256_ObjectCategories/084.giraffe/084_0055.jpg,83,084.giraffe
data/raw/caltech256/256_ObjectCategories/084.giraffe/084_0042.jpg,83,084.giraffe
data/raw/caltech256/256_ObjectCategories/084.giraffe/084_0041.jpg,83,084.giraffe
data/raw/caltech256/256_ObjectCategories/085.goat/085_0097.jpg,84,085.goat
data/raw/caltech256/256_ObjectCategories/085.goat/085_0057.jpg,84,085.goat
data/raw/caltech256/256_ObjectCategories/085.goat/085_0053.jpg,84,085.goat
data/raw/caltech256/256_ObjectCategories/085.goat/085_0084.jpg,84,085.goat
data/raw/caltech256/256_ObjectCategories/085.goat/085_0060.jpg,84,085.goat
data/raw/caltech256/256_ObjectCategories/085.goat/085_0005.jpg,84,085.goat
data/raw/caltech256/256_ObjectCategories/085.goat/085_0078.jpg,84,085.goat
data/raw/caltech256/256_ObjectCategories/085.goat/085_0035.jpg,84,085.goat
data/raw/caltech256/256_ObjectCategories/086.golden-gate-bridge/086_0035.jpg,85,086.golden-gate-bridge
data/raw/caltech256/256_ObjectCategories/086.golden-gate-bridge/086_0051.jpg,85,086.golden-gate-bridge
data/raw/caltech256/256_ObjectCategories/086.golden-gate-bridge/086_0038.jpg,85,086.golden-gate-bridge
data/raw/caltech256/256_ObjectCategories/086.golden-gate-bridge/086_0031.jpg,85,086.golden-gate-bridge
data/raw/caltech256/256_ObjectCategories/086.golden-gate-bridge/086_0048.jpg,85,086.golden-gate-bridge
data/raw/caltech256/256_ObjectCategories/086.golden-gate-bridge/086_0024.jpg,85,086.golden-gate-bridge
data/raw/caltech256/256_ObjectCategories/087.goldfish/087_0086.jpg,86,087.goldfish
data/raw/caltech256/256_ObjectCategories/087.goldfish/087_0010.jpg,86,087.goldfish
data/raw/caltech256/256_ObjectCategories/087.goldfish/087_0027.jpg,86,087.goldfish
data/raw/caltech256/256_ObjectCategories/087.goldfish/087_0052.jpg,86,087.goldfish
data/raw/caltech256/256_ObjectCategories/087.goldfish/087_0074.jpg,86,087.goldfish
data/raw/caltech256/256_ObjectCategories/087.goldfish/087_0068.jpg,86,087.goldfish
data/raw/caltech256/256_ObjectCategories/087.goldfish/087_0038.jpg,86,087.goldfish
data/raw/caltech256/256_ObjectCategories/088.golf-ball/088_0017.jpg,87,088.golf-ball
data/raw/caltech256/256_ObjectCategories/088.golf-ball/088_0083.jpg,87,088.golf-ball
data/raw/caltech256/256_ObjectCategories/088.golf-ball/088_0039.jpg,87,088.golf-ball
data/raw/caltech256/256_ObjectCategories/088.golf-ball/088_0040.jpg,87,088.golf-ball
data/raw/caltech256/256_ObjectCategories/088.golf-ball/088_0001.jpg,87,088.golf-ball
data/raw/caltech256/256_ObjectCategories/088.golf-ball/088_0038.jpg,87,088.golf-ball
data/raw/caltech256/256_ObjectCategories/088.golf-ball/088_0092.jpg,87,088.golf-ball
data/raw/caltech256/256_ObjectCategories/089.goose/089_0079.jpg,88,089.goose
data/raw/caltech256/256_ObjectCategories/089.goose/089_0064.jpg,88,089.goose
data/raw/caltech256/256_ObjectCategories/089.goose/089_0099.jpg,88,089.goose
data/raw/caltech256/256_ObjectCategories/089.goose/089_0014.jpg,88,089.goose
data/raw/caltech256/256_ObjectCategories/089.goose/089_0107.jpg,88,089.goose
data/raw/caltech256/256_ObjectCategories/089.goose/089_0030.jpg,88,089.goose
data/raw/caltech256/256_ObjectCategories/089.goose/089_0101.jpg,88,089.goose
data/raw/caltech256/256_ObjectCategories/089.goose/089_0108.jpg,88,089.goose
data/raw/caltech256/256_ObjectCategories/090.gorilla/090_0056.jpg,89,090.gorilla
data/raw/caltech256/256_ObjectCategories/090.gorilla/090_0161.jpg,89,090.gorilla
data/raw/caltech256/256_ObjectCategories/090.gorilla/090_0100.jpg,89,090.gorilla
data/raw/caltech256/256_ObjectCategories/090.gorilla/090_0199.jpg,89,090.gorilla
data/raw/caltech256/256_ObjectCategories/090.gorilla/090_0115.jpg,89,090.gorilla
data/raw/caltech256/256_ObjectCategories/090.gorilla/090_0186.jpg,89,090.gorilla
data/raw/caltech256/256_ObjectCategories/090.gorilla/090_0117.jpg,89,090.gorilla
data/raw/caltech256/256_ObjectCategories/090.gorilla/090_0048.jpg,89,090.gorilla
data/raw/caltech256/256_ObjectCategories/090.gorilla/090_0210.jpg,89,090.gorilla
data/raw/caltech256/256_ObjectCategories/090.gorilla/090_0162.jpg,89,090.gorilla
data/raw/caltech256/256_ObjectCategories/090.gorilla/090_0107.jpg,89,090.gorilla
data/raw/caltech256/256_ObjectCategories/090.gorilla/090_0113.jpg,89,090.gorilla
data/raw/caltech256/256_ObjectCategories/090.gorilla/090_0027.jpg,89,090.gorilla
data/raw/caltech256/256_ObjectCategories/090.gorilla/090_0123.jpg,89,090.gorilla
data/raw/caltech256/256_ObjectCategories/090.gorilla/090_0083.jpg,89,090.gorilla
data/raw/caltech256/256_ObjectCategories/091.grand-piano-101/091_0021.jpg,90,091.grand-piano-101
data/raw/caltech256/256_ObjectCategories/091.grand-piano-101/091_0056.jpg,90,091.grand-piano-101
data/raw/caltech256/256_ObjectCategories/091.grand-piano-101/091_0070.jpg,90,091.grand-piano-101
data/raw/caltech256/256_ObjectCategories/091.grand-piano-101/091_0054.jpg,90,091.grand-piano-101
data/raw/caltech256/256_ObjectCategories/091.grand-piano-101/091_0009.jpg,90,091.grand-piano-101
data/raw/caltech256/256_ObjectCategories/091.grand-piano-101/091_0095.jpg,90,091.grand-piano-101
data/raw/caltech256/256_ObjectCategories/091.grand-piano-101/091_0066.jpg,90,091.grand-piano-101
data/raw/caltech256/256_ObjectCategories/092.grapes/092_0149.jpg,91,092.grapes
data/raw/caltech256/256_ObjectCategories/092.grapes/092_0115.jpg,91,092.grapes
data/raw/caltech256/256_ObjectCategories/092.grapes/092_0187.jpg,91,092.grapes
data/raw/caltech256/256_ObjectCategories/092.grapes/092_0043.jpg,91,092.grapes
data/raw/caltech256/256_ObjectCategories/092.grapes/092_0001.jpg,91,092.grapes
data/raw/caltech256/256_ObjectCategories/092.grapes/092_0030.jpg,91,092.grapes
data/raw/caltech256/256_ObjectCategories/092.grapes/092_0119.jpg,91,092.grapes
data/raw/caltech256/256_ObjectCategories/092.grapes/092_0009.jpg,91,092.grapes
data/raw/caltech256/256_ObjectCategories/092.grapes/092_0145.jpg,91,092.grapes
data/raw/caltech256/256_ObjectCategories/092.grapes/092_0036.jpg,91,092.grapes
data/raw/caltech256/256_ObjectCategories/092.grapes/092_0126.jpg,91,092.grapes
data/raw/caltech256/256_ObjectCategories/092.grapes/092_0143.jpg,91,092.grapes
data/raw/caltech256/256_ObjectCategories/092.grapes/092_0110.jpg,91,092.grapes
data/raw/caltech256/256_ObjectCategories/092.grapes/092_0181.jpg,91,092.grapes
data/raw/caltech256/256_ObjectCategories/092.grapes/092_0075.jpg,91,092.grapes
data/raw/caltech256/256_ObjectCategories/093.grasshopper/093_0065.jpg,92,093.grasshopper
data/raw/caltech256/256_ObjectCategories/093.grasshopper/093_0104.jpg,92,093.grasshopper
data/raw/caltech256/256_ObjectCategories/093.grasshopper/093_0033.jpg,92,093.grasshopper
data/raw/caltech256/256_ObjectCategories/093.grasshopper/093_0028.jpg,92,093.grasshopper
data/raw/caltech256/256_ObjectCategories/093.grasshopper/093_0099.jpg,92,093.grasshopper
data/raw/caltech256/256_ObjectCategories/093.grasshopper/093_0022.jpg,92,093.grasshopper
data/raw/caltech256/256_ObjectCategories/093.grasshopper/093_0103.jpg,92,093.grasshopper
data/raw/caltech256/256_ObjectCategories/093.grasshopper/093_0063.jpg,92,093.grasshopper
data/raw/caltech256/256_ObjectCategories/094.guitar-pick/094_0071.jpg,93,094.guitar-pick
data/raw/caltech256/256_ObjectCategories/094.guitar-pick/094_0091.jpg,93,094.guitar-pick
data/raw/caltech256/256_ObjectCategories/094.guitar-pick/094_0032.jpg,93,094.guitar-pick
data/raw/caltech256/256_ObjectCategories/094.guitar-pick/094_0072.jpg,93,094.guitar-pick
data/raw/caltech256/256_ObjectCategories/094.guitar-pick/094_0090.jpg,93,094.guitar-pick
data/raw/caltech256/256_ObjectCategories/094.guitar-pick/094_0059.jpg,93,094.guitar-pick
data/raw/caltech256/256_ObjectCategories/094.guitar-pick/094_0007.jpg,93,094.guitar-pick
data/raw/caltech256/256_ObjectCategories/094.guitar-pick/094_0089.jpg,93,094.guitar-pick
data/raw/caltech256/256_ObjectCategories/095.hamburger/095_0003.jpg,94,095.hamburger
data/raw/caltech256/256_ObjectCategories/095.hamburger/095_0009.jpg,94,095.hamburger
data/raw/caltech256/256_ObjectCategories/095.hamburger/095_0050.jpg,94,095.hamburger
data/raw/caltech256/256_ObjectCategories/095.hamburger/095_0081.jpg,94,095.hamburger
data/raw/caltech256/256_ObjectCategories/095.hamburger/095_0056.jpg,94,095.hamburger
data/raw/caltech256/256_ObjectCategories/095.hamburger/095_0049.jpg,94,095.hamburger
data/raw/caltech256/256_ObjectCategories/096.hammock/096_0148.jpg,95,096.hammock
data/raw/caltech256/256_ObjectCategories/096.hammock/096_0079.jpg,95,096.hammock
data/raw/caltech256/256_ObjectCategories/096.hammock/096_0192.jpg,95,096.hammock
data/raw/caltech256/256_ObjectCategories/096.hammock/096_0238.jpg,95,096.hammock
data/raw/caltech256/256_ObjectCategories/096.hammock/096_0005.jpg,95,096.hammock
data/raw/caltech256/256_ObjectCategories/096.hammock/096_0235.jpg,95,096.hammock
data/raw/caltech256/256_ObjectCategories/096.hammock/096_0106.jpg,95,096.hammock
data/raw/caltech256/256_ObjectCategories/096.hammock/096_0217.jpg,95,096.hammock
data/raw/caltech256/256_ObjectCategories/096.hammock/096_0262.jpg,95,096.hammock
data/raw/caltech256/256_ObjectCategories/096.hammock/096_0195.jpg,95,096.hammock
data/raw/caltech256/256_ObjectCategories/096.hammock/096_0033.jpg,95,096.hammock
data/raw/caltech256/256_ObjectCategories/096.hammock/096_0168.jpg,95,096.hammock
data/raw/caltech256/256_ObjectCategories/096.hammock/096_0159.jpg,95,096.hammock
data/raw/caltech256/256_ObjectCategories/096.hammock/096_0132.jpg,95,096.hammock
data/raw/caltech256/256_ObjectCategories/096.hammock/096_0232.jpg,95,096.hammock
data/raw/caltech256/256_ObjectCategories/096.hammock/096_0277.jpg,95,096.hammock
data/raw/caltech256/256_ObjectCategories/096.hammock/096_0285.jpg,95,096.hammock
data/raw/caltech256/256_ObjectCategories/096.hammock/096_0242.jpg,95,096.hammock
data/raw/caltech256/256_ObjectCategories/096.hammock/096_0088.jpg,95,096.hammock
data/raw/caltech256/256_ObjectCategories/096.hammock/096_0039.jpg,95,096.hammock
data/raw/caltech256/256_ObjectCategories/097.harmonica/097_0077.jpg,96,097.harmonica
data/raw/caltech256/256_ObjectCategories/097.harmonica/097_0088.jpg,96,097.harmonica
data/raw/caltech256/256_ObjectCategories/097.harmonica/097_0063.jpg,96,097.harmonica
data/raw/caltech256/256_ObjectCategories/097.harmonica/097_0055.jpg,96,097.harmonica
data/raw/caltech256/256_ObjectCategories/097.harmonica/097_0006.jpg,96,097.harmonica
data/raw/caltech256/256_ObjectCategories/097.harmonica/097_0007.jpg,96,097.harmonica
data/raw/caltech256/256_ObjectCategories/097.harmonica/097_0087.jpg,96,097.harmonica
data/raw/caltech256/256_ObjectCategories/098.harp/098_0035.jpg,97,098.harp
data/raw/caltech256/256_ObjectCategories/098.harp/098_0083.jpg,97,098.harp
data/raw/caltech256/256_ObjectCategories/098.harp/098_0078.jpg,97,098.harp
data/raw/caltech256/256_ObjectCategories/098.harp/098_0061.jpg,97,098.harp
data/raw/caltech256/256_ObjectCategories/098.harp/098_0072.jpg,97,098.harp
data/raw/caltech256/256_ObjectCategories/098.harp/098_0069.jpg,97,098.harp
data/raw/caltech256/256_ObjectCategories/098.harp/098_0018.jpg,97,098.harp
data/raw/caltech256/256_ObjectCategories/099.harpsichord/099_0031.jpg,98,099.harpsichord
data/raw/caltech256/256_ObjectCategories/099.harpsichord/099_0019.jpg,98,099.harpsichord
data/raw/caltech256/256_ObjectCategories/099.harpsichord/099_0050.jpg,98,099.harpsichord
data/raw/caltech256/256_ObjectCategories/099.harpsichord/099_0028.jpg,98,099.harpsichord
data/raw/caltech256/256_ObjectCategories/099.harpsichord/099_0006.jpg,98,099.harpsichord
data/raw/caltech256/256_ObjectCategories/099.harpsichord/099_0079.jpg,98,099.harpsichord
data/raw/caltech256/256_ObjectCategories/100.hawksbill-101/100_0052.jpg,99,100.hawksbill-101
data/raw/caltech256/256_ObjectCategories/100.hawksbill-101/100_0074.jpg,99,100.hawksbill-101
data/raw/caltech256/256_ObjectCategories/100.hawksbill-101/100_0077.jpg,99,100.hawksbill-101
data/raw/caltech256/256_ObjectCategories/100.hawksbill-101/100_0030.jpg,99,100.hawksbill-101
data/raw/caltech256/256_ObjectCategories/100.hawksbill-101/100_0014.jpg,99,100.hawksbill-101
data/raw/caltech256/256_ObjectCategories/100.hawksbill-101/100_0093.jpg,99,100.hawksbill-101
data/raw/caltech256/256_ObjectCategories/100.hawksbill-101/100_0004.jpg,99,100.hawksbill-101
data/raw/caltech256/256_ObjectCategories/101.head-phones/101_0115.jpg,100,101.head-phones
data/raw/caltech256/256_ObjectCategories/101.head-phones/101_0127.jpg,100,101.head-phones
data/raw/caltech256/256_ObjectCategories/101.head-phones/101_0047.jpg,100,101.head-phones
data/raw/caltech256/256_ObjectCategories/101.head-phones/101_0042.jpg,100,101.head-phones
data/raw/caltech256/256_ObjectCategories/101.head-phones/101_0041.jpg,100,101.head-phones
data/raw/caltech256/256_ObjectCategories/101.head-phones/101_0021.jpg,100,101.head-phones
data/raw/caltech256/256_ObjectCategories/101.head-phones/101_0090.jpg,100,101.head-phones
data/raw/caltech256/256_ObjectCategories/101.head-phones/101_0134.jpg,100,101.head-phones
data/raw/caltech256/256_ObjectCategories/101.head-phones/101_0086.jpg,100,101.head-phones
data/raw/caltech256/256_ObjectCategories/101.head-phones/101_0077.jpg,100,101.head-phones
data/raw/caltech256/256_ObjectCategories/102.helicopter-101/102_0079.jpg,101,102.helicopter-101
data/raw/caltech256/256_ObjectCategories/102.helicopter-101/102_0045.jpg,101,102.helicopter-101
data/raw/caltech256/256_ObjectCategories/102.helicopter-101/102_0068.jpg,101,102.helicopter-101
data/raw/caltech256/256_ObjectCategories/102.helicopter-101/102_0055.jpg,101,102.helicopter-101
data/raw/caltech256/256_ObjectCategories/102.helicopter-101/102_0058.jpg,101,102.helicopter-101
data/raw/caltech256/256_ObjectCategories/102.helicopter-101/102_0078.jpg,101,102.helicopter-101
data/raw/caltech256/256_ObjectCategories/102.helicopter-101/102_0063.jpg,101,102.helicopter-101
data/raw/caltech256/256_ObjectCategories/103.hibiscus/103_0088.jpg,102,103.hibiscus
data/raw/caltech256/256_ObjectCategories/103.hibiscus/103_0107.jpg,102,103.hibiscus
data/raw/caltech256/256_ObjectCategories/103.hibiscus/103_0100.jpg,102,103.hibiscus
data/raw/caltech256/256_ObjectCategories/103.hibiscus/103_0055.jpg,102,103.hibiscus
data/raw/caltech256/256_ObjectCategories/103.hibiscus/103_0081.jpg,102,103.hibiscus
data/raw/caltech256/256_ObjectCategories/103.hibiscus/103_0065.jpg,102,103.hibiscus
data/raw/caltech256/256_ObjectCategories/103.hibiscus/103_0072.jpg,102,103.hibiscus
data/raw/caltech256/256_ObjectCategories/103.hibiscus/103_0007.jpg,102,103.hibiscus
data/raw/caltech256/256_ObjectCategories/104.homer-simpson/104_0001.jpg,103,104.homer-simpson
data/raw/caltech256/256_ObjectCategories/104.homer-simpson/104_0026.jpg,103,104.homer-simpson
data/raw/caltech256/256_ObjectCategories/104.homer-simpson/104_0021.jpg,103,104.homer-simpson
data/raw/caltech256/256_ObjectCategories/104.homer-simpson/104_0088.jpg,103,104.homer-simpson
data/raw/caltech256/256_ObjectCategories/104.homer-simpson/104_0070.jpg,103,104.homer-simpson
data/raw/caltech256/256_ObjectCategories/104.homer-simpson/104_0050.jpg,103,104.homer-simpson
data/raw/caltech256/256_ObjectCategories/104.homer-simpson/104_0024.jpg,103,104.homer-simpson
data/raw/caltech256/256_ObjectCategories/105.horse/105_0123.jpg,104,105.horse
data/raw/caltech256/256_ObjectCategories/105.horse/105_0243.jpg,104,105.horse
data/raw/caltech256/256_ObjectCategories/105.horse/105_0053.jpg,104,105.horse
data/raw/caltech256/256_ObjectCategories/105.horse/105_0253.jpg,104,105.horse
data/raw/caltech256/256_ObjectCategories/105.horse/105_0092.jpg,104,105.horse
data/raw/caltech256/256_ObjectCategories/105.horse/105_0174.jpg,104,105.horse
data/raw/caltech256/256_ObjectCategories/105.horse/105_0007.jpg,104,105.horse
data/raw/caltech256/256_ObjectCategories/105.horse/105_0145.jpg,104,105.horse
data/raw/caltech256/256_ObjectCategories/105.horse/105_0059.jpg,104,105.horse
data/raw/caltech256/256_ObjectCategories/105.horse/105_0130.jpg,104,105.horse
data/raw/caltech256/256_ObjectCategories/105.horse/105_0122.jpg,104,105.horse
data/raw/caltech256/256_ObjectCategories/105.horse/105_0062.jpg,104,105.horse
data/raw/caltech256/256_ObjectCategories/105.horse/105_0238.jpg,104,105.horse
data/raw/caltech256/256_ObjectCategories/105.horse/105_0216.jpg,104,105.horse
data/raw/caltech256/256_ObjectCategories/105.horse/105_0044.jpg,104,105.horse
data/raw/caltech256/256_ObjectCategories/105.horse/105_0265.jpg,104,105.horse
data/raw/caltech256/256_ObjectCategories/105.horse/105_0231.jpg,104,105.horse
data/raw/caltech256/256_ObjectCategories/105.horse/105_0237.jpg,104,105.horse
data/raw/caltech256/256_ObjectCategories/105.horse/105_0157.jpg,104,105.horse
data/raw/caltech256/256_ObjectCategories/106.horseshoe-crab/106_0075.jpg,105,106.horseshoe-crab
data/raw/caltech256/256_ObjectCategories/106.horseshoe-crab/106_0024.jpg,105,106.horseshoe-crab
data/raw/caltech256/256_ObjectCategories/106.horseshoe-crab/106_0060.jpg,105,106.horseshoe-crab
data/raw/caltech256/256_ObjectCategories/106.horseshoe-crab/106_0044.jpg,105,106.horseshoe-crab
data/raw/caltech256/256_ObjectCategories/106.horseshoe-crab/106_0027.jpg,105,106.horseshoe-crab
data/raw/caltech256/256_ObjectCategories/106.horseshoe-crab/106_0013.jpg,105,106.horseshoe-crab
data/raw/caltech256/256_ObjectCategories/106.horseshoe-crab/106_0047.jpg,105,106.horseshoe-crab
data/raw/caltech256/256_ObjectCategories/107.hot-air-balloon/107_0032.jpg,106,107.hot-air-balloon
data/raw/caltech256/256_ObjectCategories/107.hot-air-balloon/107_0077.jpg,106,107.hot-air-balloon
data/raw/caltech256/256_ObjectCategories/107.hot-air-balloon/107_0047.jpg,106,107.hot-air-balloon
data/raw/caltech256/256_ObjectCategories/107.hot-air-balloon/107_0035.jpg,106,107.hot-air-balloon
data/raw/caltech256/256_ObjectCategories/107.hot-air-balloon/107_0071.jpg,106,107.hot-air-balloon
data/raw/caltech256/256_ObjectCategories/107.hot-air-balloon/107_0072.jpg,106,107.hot-air-balloon
data/raw/caltech256/256_ObjectCategories/107.hot-air-balloon/107_0055.jpg,106,107.hot-air-balloon
data/raw/caltech256/256_ObjectCategories/108.hot-dog/108_0042.jpg,107,108.hot-dog
data/raw/caltech256/256_ObjectCategories/108.hot-dog/108_0017.jpg,107,108.hot-dog
data/raw/caltech256/256_ObjectCategories/108.hot-dog/108_0070.jpg,107,108.hot-dog
data/raw/caltech256/256_ObjectCategories/108.hot-dog/108_0013.jpg,107,108.hot-dog
data/raw/caltech256/256_ObjectCategories/108.hot-dog/108_0071.jpg,107,108.hot-dog
data/raw/caltech256/256_ObjectCategories/108.hot-dog/108_0078.jpg,107,108.hot-dog
data/raw/caltech256/256_ObjectCategories/109.hot-tub/109_0002.jpg,108,109.hot-tub
data/raw/caltech256/256_ObjectCategories/109.hot-tub/109_0044.jpg,108,109.hot-tub
data/raw/caltech256/256_ObjectCategories/109.hot-tub/109_0073.jpg,108,109.hot-tub
data/raw/caltech256/256_ObjectCategories/109.hot-tub/109_0021.jpg,108,109.hot-tub
data/raw/caltech256/256_ObjectCategories/109.hot-tub/109_0096.jpg,108,109.hot-tub
data/raw/caltech256/256_ObjectCategories/109.hot-tub/109_0105.jpg,108,109.hot-tub
data/raw/caltech256/256_ObjectCategories/109.hot-tub/109_0126.jpg,108,109.hot-tub
data/raw/caltech256/256_ObjectCategories/109.hot-tub/109_0036.jpg,108,109.hot-tub
data/raw/caltech256/256_ObjectCategories/109.hot-tub/109_0061.jpg,108,109.hot-tub
data/raw/caltech256/256_ObjectCategories/109.hot-tub/109_0037.jpg,108,109.hot-tub
data/raw/caltech256/256_ObjectCategories/109.hot-tub/109_0013.jpg,108,109.hot-tub
data/raw/caltech256/256_ObjectCategories/110.hourglass/110_0001.jpg,109,110.hourglass
data/raw/caltech256/256_ObjectCategories/110.hourglass/110_0015.jpg,109,110.hourglass
data/raw/caltech256/256_ObjectCategories/110.hourglass/110_0074.jpg,109,110.hourglass
data/raw/caltech256/256_ObjectCategories/110.hourglass/110_0036.jpg,109,110.hourglass
data/raw/caltech256/256_ObjectCategories/110.hourglass/110_0041.jpg,109,110.hourglass
data/raw/caltech256/256_ObjectCategories/110.hourglass/110_0066.jpg,109,110.hourglass
data/raw/caltech256/256_ObjectCategories/111.house-fly/111_0008.jpg,110,111.house-fly
data/raw/caltech256/256_ObjectCategories/111.house-fly/111_0060.jpg,110,111.house-fly
data/raw/caltech256/256_ObjectCategories/111.house-fly/111_0056.jpg,110,111.house-fly
data/raw/caltech256/256_ObjectCategories/111.house-fly/111_0029.jpg,110,111.house-fly
data/raw/caltech256/256_ObjectCategories/111.house-fly/111_0081.jpg,110,111.house-fly
data/raw/caltech256/256_ObjectCategories/111.house-fly/111_0084.jpg,110,111.house-fly
data/raw/caltech256/256_ObjectCategories/112.human-skeleton/112_0059.jpg,111,112.human-skeleton
data/raw/caltech256/256_ObjectCategories/112.human-skeleton/112_0042.jpg,111,112.human-skeleton
data/raw/caltech256/256_ObjectCategories/112.human-skeleton/112_0003.jpg,111,112.human-skeleton
data/raw/caltech256/256_ObjectCategories/112.human-skeleton/112_0078.jpg,111,112.human-skeleton
data/raw/caltech256/256_ObjectCategories/112.human-skeleton/112_0033.jpg,111,112.human-skeleton
data/raw/caltech256/256_ObjectCategories/112.human-skeleton/112_0039.jpg,111,112.human-skeleton
data/raw/caltech256/256_ObjectCategories/113.hummingbird/113_0019.jpg,112,113.hummingbird
data/raw/caltech256/256_ObjectCategories/113.hummingbird/113_0104.jpg,112,113.hummingbird
data/raw/caltech256/256_ObjectCategories/113.hummingbird/113_0001.jpg,112,113.hummingbird
data/raw/caltech256/256_ObjectCategories/113.hummingbird/113_0036.jpg,112,113.hummingbird
data/raw/caltech256/256_ObjectCategories/113.hummingbird/113_0115.jpg,112,113.hummingbird
data/raw/caltech256/256_ObjectCategories/113.hummingbird/113_0021.jpg,112,113.hummingbird
data/raw/caltech256/256_ObjectCategories/113.hummingbird/113_0052.jpg,112,113.hummingbird
data/raw/caltech256/256_ObjectCategories/113.hummingbird/113_0009.jpg,112,113.hummingbird
data/raw/caltech256/256_ObjectCategories/113.hummingbird/113_0030.jpg,112,113.hummingbird
data/raw/caltech256/256_ObjectCategories/114.ibis-101/114_0107.jpg,113,114.ibis-101
data/raw/caltech256/256_ObjectCategories/114.ibis-101/114_0093.jpg,113,114.ibis-101
data/raw/caltech256/256_ObjectCategories/114.ibis-101/114_0014.jpg,113,114.ibis-101
data/raw/caltech256/256_ObjectCategories/114.ibis-101/114_0087.jpg,113,114.ibis-101
data/raw/caltech256/256_ObjectCategories/114.ibis-101/114_0074.jpg,113,114.ibis-101
data/raw/caltech256/256_ObjectCategories/114.ibis-101/114_0106.jpg,113,114.ibis-101
data/raw/caltech256/256_ObjectCategories/114.ibis-101/114_0080.jpg,113,114.ibis-101
data/raw/caltech256/256_ObjectCategories/114.ibis-101/114_0073.jpg,113,114.ibis-101
data/raw/caltech256/256_ObjectCategories/114.ibis-101/114_0013.jpg,113,114.ibis-101
data/raw/caltech256/256_ObjectCategories/115.ice-cream-cone/115_0018.jpg,114,115.ice-cream-cone
data/raw/caltech256/256_ObjectCategories/115.ice-cream-cone/115_0031.jpg,114,115.ice-cream-cone
data/raw/caltech256/256_ObjectCategories/115.ice-cream-cone/115_0047.jpg,114,115.ice-cream-cone
data/raw/caltech256/256_ObjectCategories/115.ice-cream-cone/115_0080.jpg,114,115.ice-cream-cone
data/raw/caltech256/256_ObjectCategories/115.ice-cream-cone/115_0045.jpg,114,115.ice-cream-cone
data/raw/caltech256/256_ObjectCategories/115.ice-cream-cone/115_0064.jpg,114,115.ice-cream-cone
data/raw/caltech256/256_ObjectCategories/115.ice-cream-cone/115_0028.jpg,114,115.ice-cream-cone
data/raw/caltech256/256_ObjectCategories/116.iguana/116_0087.jpg,115,116.iguana
data/raw/caltech256/256_ObjectCategories/116.iguana/116_0047.jpg,115,116.iguana
data/raw/caltech256/256_ObjectCategories/116.iguana/116_0057.jpg,115,116.iguana
data/raw/caltech256/256_ObjectCategories/116.iguana/116_0105.jpg,115,116.iguana
data/raw/caltech256/256_ObjectCategories/116.iguana/116_0020.jpg,115,116.iguana
data/raw/caltech256/256_ObjectCategories/116.iguana/116_0092.jpg,115,116.iguana
data/raw/caltech256/256_ObjectCategories/116.iguana/116_0066.jpg,115,116.iguana
data/raw/caltech256/256_ObjectCategories/116.iguana/116_0019.jpg,115,116.iguana
data/raw/caltech256/256_ObjectCategories/117.ipod/117_0068.jpg,116,117.ipod
data/raw/caltech256/256_ObjectCategories/117.ipod/117_0037.jpg,116,117.ipod
data/raw/caltech256/256_ObjectCategories/117.ipod/117_0062.jpg,116,117.ipod
data/raw/caltech256/256_ObjectCategories/117.ipod/117_0049.jpg,116,117.ipod
data/raw/caltech256/256_ObjectCategories/117.ipod/117_0093.jpg,116,117.ipod
data/raw/caltech256/256_ObjectCategories/117.ipod/117_0097.jpg,116,117.ipod
data/raw/caltech256/256_ObjectCategories/117.ipod/117_0027.jpg,116,117.ipod
data/raw/caltech256/256_ObjectCategories/117.ipod/117_0029.jpg,116,117.ipod
data/raw/caltech256/256_ObjectCategories/117.ipod/117_0056.jpg,116,117.ipod
data/raw/caltech256/256_ObjectCategories/118.iris/118_0001.jpg,117,118.iris
data/raw/caltech256/256_ObjectCategories/118.iris/118_0061.jpg,117,118.iris
data/raw/caltech256/256_ObjectCategories/118.iris/118_0083.jpg,117,118.iris
data/raw/caltech256/256_ObjectCategories/118.iris/118_0034.jpg,117,118.iris
data/raw/caltech256/256_ObjectCategories/118.iris/118_0008.jpg,117,118.iris
data/raw/caltech256/256_ObjectCategories/118.iris/118_0059.jpg,117,118.iris
data/raw/caltech256/256_ObjectCategories/118.iris/118_0036.jpg,117,118.iris
data/raw/caltech256/256_ObjectCategories/118.iris/118_0071.jpg,117,118.iris
data/raw/caltech256/256_ObjectCategories/119.jesus-christ/119_0023.jpg,118,119.jesus-christ
data/raw/caltech256/256_ObjectCategories/119.jesus-christ/119_0018.jpg,118,119.jesus-christ
data/raw/caltech256/256_ObjectCategories/119.jesus-christ/119_0048.jpg,118,119.jesus-christ
data/raw/caltech256/256_ObjectCategories/119.jesus-christ/119_0002.jpg,118,119.jesus-christ
data/raw/caltech256/256_ObjectCategories/119.jesus-christ/119_0085.jpg,118,119.jesus-christ
data/raw/caltech256/256_ObjectCategories/119.jesus-christ/119_0073.jpg,118,119.jesus-christ
data/raw/caltech256/256_ObjectCategories/119.jesus-christ/119_0074.jpg,118,119.jesus-christ
data/raw/caltech256/256_ObjectCategories/120.joy-stick/120_0115.jpg,119,120.joy-stick
data/raw/caltech256/256_ObjectCategories/120.joy-stick/120_0016.jpg,119,120.joy-stick
data/raw/caltech256/256_ObjectCategories/120.joy-stick/120_0050.jpg,119,120.joy-stick
data/raw/caltech256/256_ObjectCategories/120.joy-stick/120_0027.jpg,119,120.joy-stick
data/raw/caltech256/256_ObjectCategories/120.joy-stick/120_0008.jpg,119,120.joy-stick
data/raw/caltech256/256_ObjectCategories/120.joy-stick/120_0128.jpg,119,120.joy-stick
data/raw/caltech256/256_ObjectCategories/120.joy-stick/120_0101.jpg,119,120.joy-stick
data/raw/caltech256/256_ObjectCategories/120.joy-stick/120_0026.jpg,119,120.joy-stick
data/raw/caltech256/256_ObjectCategories/120.joy-stick/120_0036.jpg,119,120.joy-stick
data/raw/caltech256/256_ObjectCategories/120.joy-stick/120_0068.jpg,119,120.joy-stick
data/raw/caltech256/256_ObjectCategories/121.kangaroo-101/121_0036.jpg,120,121.kangaroo-101
data/raw/caltech256/256_ObjectCategories/121.kangaroo-101/121_0010.jpg,120,121.kangaroo-101
data/raw/caltech256/256_ObjectCategories/121.kangaroo-101/121_0074.jpg,120,121.kangaroo-101
data/raw/caltech256/256_ObjectCategories/121.kangaroo-101/121_0055.jpg,120,121.kangaroo-101
data/raw/caltech256/256_ObjectCategories/121.kangaroo-101/121_0046.jpg,120,121.kangaroo-101
data/raw/caltech256/256_ObjectCategories/121.kangaroo-101/121_0018.jpg,120,121.kangaroo-101
data/raw/caltech256/256_ObjectCategories/122.kayak/122_0091.jpg,121,122.kayak
data/raw/caltech256/256_ObjectCategories/122.kayak/122_0046.jpg,121,122.kayak
data/raw/caltech256/256_ObjectCategories/122.kayak/122_0006.jpg,121,122.kayak
data/raw/caltech256/256_ObjectCategories/122.kayak/122_0097.jpg,121,122.kayak
data/raw/caltech256/256_ObjectCategories/122.kayak/122_0044.jpg,121,122.kayak
data/raw/caltech256/256_ObjectCategories/122.kayak/122_0019.jpg,121,122.kayak
data/raw/caltech256/256_ObjectCategories/122.kayak/122_0017.jpg,121,122.kayak
data/raw/caltech256/256_ObjectCategories/122.kayak/122_0066.jpg,121,122.kayak
data/raw/caltech256/256_ObjectCategories/123.ketch-101/123_0013.jpg,122,123.ketch-101
data/raw/caltech256/256_ObjectCategories/123.ketch-101/123_0079.jpg,122,123.ketch-101
data/raw/caltech256/256_ObjectCategories/123.ketch-101/123_0012.jpg,122,123.ketch-101
data/raw/caltech256/256_ObjectCategories/123.ketch-101/123_0055.jpg,122,123.ketch-101
data/raw/caltech256/256_ObjectCategories/123.ketch-101/123_0040.jpg,122,123.ketch-101
data/raw/caltech256/256_ObjectCategories/123.ketch-101/123_0103.jpg,122,123.ketch-101
data/raw/caltech256/256_ObjectCategories/123.ketch-101/123_0048.jpg,122,123.ketch-101
data/raw/caltech256/256_ObjectCategories/123.ketch-101/123_0093.jpg,122,123.ketch-101
data/raw/caltech256/256_ObjectCategories/124.killer-whale/124_0004.jpg,123,124.killer-whale
data/raw/caltech256/256_ObjectCategories/124.killer-whale/124_0028.jpg,123,124.killer-whale
data/raw/caltech256/256_ObjectCategories/124.killer-whale/124_0031.jpg,123,124.killer-whale
data/raw/caltech256/256_ObjectCategories/124.killer-whale/124_0088.jpg,123,124.killer-whale
data/raw/caltech256/256_ObjectCategories/124.killer-whale/124_0043.jpg,123,124.killer-whale
data/raw/caltech256/256_ObjectCategories/124.killer-whale/124_0005.jpg,123,124.killer-whale
data/raw/caltech256/256_ObjectCategories/124.killer-whale/124_0019.jpg,123,124.killer-whale
data/raw/caltech256/256_ObjectCategories/125.knife/125_0073.jpg,124,125.knife
data/raw/caltech256/256_ObjectCategories/125.knife/125_0047.jpg,124,125.knife
data/raw/caltech256/256_ObjectCategories/125.knife/125_0069.jpg,124,125.knife
data/raw/caltech256/256_ObjectCategories/125.knife/125_0045.jpg,124,125.knife
data/raw/caltech256/256_ObjectCategories/125.knife/125_0007.jpg,124,125.knife
data/raw/caltech256/256_ObjectCategories/125.knife/125_0012.jpg,124,125.knife
data/raw/caltech256/256_ObjectCategories/125.knife/125_0018.jpg,124,125.knife
data/raw/caltech256/256_ObjectCategories/125.knife/125_0072.jpg,124,125.knife
data/raw/caltech256/256_ObjectCategories/126.ladder/126_0192.jpg,125,126.ladder
data/raw/caltech256/256_ObjectCategories/126.ladder/126_0170.jpg,125,126.ladder
data/raw/caltech256/256_ObjectCategories/126.ladder/126_0103.jpg,125,126.ladder
data/raw/caltech256/256_ObjectCategories/126.ladder/126_0212.jpg,125,126.ladder
data/raw/caltech256/256_ObjectCategories/126.ladder/126_0037.jpg,125,126.ladder
data/raw/caltech256/256_ObjectCategories/126.ladder/126_0059.jpg,125,126.ladder
data/raw/caltech256/256_ObjectCategories/126.ladder/126_0191.jpg,125,126.ladder
data/raw/caltech256/256_ObjectCategories/126.ladder/126_0098.jpg,125,126.ladder
data/raw/caltech256/256_ObjectCategories/126.ladder/126_0224.jpg,125,126.ladder
data/raw/caltech256/256_ObjectCategories/126.ladder/126_0122.jpg,125,126.ladder
data/raw/caltech256/256_ObjectCategories/126.ladder/126_0082.jpg,125,126.ladder
data/raw/caltech256/256_ObjectCategories/126.ladder/126_0199.jpg,125,126.ladder
data/raw/caltech256/256_ObjectCategories/126.ladder/126_0003.jpg,125,126.ladder
data/raw/caltech256/256_ObjectCategories/126.ladder/126_0203.jpg,125,126.ladder
data/raw/caltech256/256_ObjectCategories/126.ladder/126_0024.jpg,125,126.ladder
data/raw/caltech256/256_ObjectCategories/126.ladder/126_0147.jpg,125,126.ladder
data/raw/caltech256/256_ObjectCategories/126.ladder/126_0208.jpg,125,126.ladder
data/raw/caltech256/256_ObjectCategories/127.laptop-101/127_0092.jpg,126,127.laptop-101
data/raw/caltech256/256_ObjectCategories/127.laptop-101/127_0077.jpg,126,127.laptop-101
data/raw/caltech256/256_ObjectCategories/127.laptop-101/127_0105.jpg,126,127.laptop-101
data/raw/caltech256/256_ObjectCategories/127.laptop-101/127_0088.jpg,126,127.laptop-101
data/raw/caltech256/256_ObjectCategories/127.laptop-101/127_0007.jpg,126,127.laptop-101
data/raw/caltech256/256_ObjectCategories/127.laptop-101/127_0013.jpg,126,127.laptop-101
data/raw/caltech256/256_ObjectCategories/127.laptop-101/127_0068.jpg,126,127.laptop-101
data/raw/caltech256/256_ObjectCategories/127.laptop-101/127_0034.jpg,126,127.laptop-101
data/raw/caltech256/256_ObjectCategories/127.laptop-101/127_0104.jpg,126,127.laptop-101
data/raw/caltech256/256_ObjectCategories/128.lathe/128_0089.jpg,127,128.lathe
data/raw/caltech256/256_ObjectCategories/128.lathe/128_0063.jpg,127,128.lathe
data/raw/caltech256/256_ObjectCategories/128.lathe/128_0102.jpg,127,128.lathe
data/raw/caltech256/256_ObjectCategories/128.lathe/128_0043.jpg,127,128.lathe
data/raw/caltech256/256_ObjectCategories/128.lathe/128_0053.jpg,127,128.lathe
data/raw/caltech256/256_ObjectCategories/128.lathe/128_0039.jpg,127,128.lathe
data/raw/caltech256/256_ObjectCategories/128.lathe/128_0064.jpg,127,128.lathe
data/raw/caltech256/256_ObjectCategories/128.lathe/128_0082.jpg,127,128.lathe
data/raw/caltech256/256_ObjectCategories/129.leopards-101/129_0062.jpg,128,129.leopards-101
data/raw/caltech256/256_ObjectCategories/129.leopards-101/129_0182.jpg,128,129.leopards-101
data/raw/caltech256/256_ObjectCategories/129.leopards-101/129_0132.jpg,128,129.leopards-101
data/raw/caltech256/256_ObjectCategories/129.leopards-101/129_0058.jpg,128,129.leopards-101
data/raw/caltech256/256_ObjectCategories/129.leopards-101/129_0012.jpg,128,129.leopards-101
data/raw/caltech256/256_ObjectCategories/129.leopards-101/129_0035.jpg,128,129.leopards-101
data/raw/caltech256/256_ObjectCategories/129.leopards-101/129_0027.jpg,128,129.leopards-101
data/raw/caltech256/256_ObjectCategories/129.leopards-101/129_0116.jpg,128,129.leopards-101
data/raw/caltech256/256_ObjectCategories/129.leopards-101/129_0020.jpg,128,129.leopards-101
data/raw/caltech256/256_ObjectCategories/129.leopards-101/129_0075.jpg,128,129.leopards-101
data/raw/caltech256/256_ObjectCategories/129.leopards-101/129_0149.jpg,128,129.leopards-101
data/raw/caltech256/256_ObjectCategories/129.leopards-101/129_0160.jpg,128,129.leopards-101
data/raw/caltech256/256_ObjectCategories/129.leopards-101/129_0166.jpg,128,129.leopards-101
data/raw/caltech256/256_ObjectCategories/129.leopards-101/129_0080.jpg,128,129.leopards-101
data/raw/caltech256/256_ObjectCategories/130.license-plate/130_0033.jpg,129,130.license-plate
data/raw/caltech256/256_ObjectCategories/130.license-plate/130_0012.jpg,129,130.license-plate
data/raw/caltech256/256_ObjectCategories/130.license-plate/130_0086.jpg,129,130.license-plate
data/raw/caltech256/256_ObjectCategories/130.license-plate/130_0050.jpg,129,130.license-plate
data/raw/caltech256/256_ObjectCategories/130.license-plate/130_0003.jpg,129,130.license-plate
data/raw/caltech256/256_ObjectCategories/130.license-plate/130_0060.jpg,129,130.license-plate
data/raw/caltech256/256_ObjectCategories/130.license-plate/130_0085.jpg,129,130.license-plate
data/raw/caltech256/256_ObjectCategories/131.lightbulb/131_0014.jpg,130,131.lightbulb
data/raw/caltech256/256_ObjectCategories/131.lightbulb/131_0017.jpg,130,131.lightbulb
data/raw/caltech256/256_ObjectCategories/131.lightbulb/131_0055.jpg,130,131.lightbulb
data/raw/caltech256/256_ObjectCategories/131.lightbulb/131_0082.jpg,130,131.lightbulb
data/raw/caltech256/256_ObjectCategories/131.lightbulb/131_0072.jpg,130,131.lightbulb
data/raw/caltech256/256_ObjectCategories/131.lightbulb/131_0008.jpg,130,131.lightbulb
data/raw/caltech256/256_ObjectCategories/131.lightbulb/131_0066.jpg,130,131.lightbulb
data/raw/caltech256/256_ObjectCategories/132.light-house/132_0124.jpg,131,132.light-house
data/raw/caltech256/256_ObjectCategories/132.light-house/132_0015.jpg,131,132.light-house
data/raw/caltech256/256_ObjectCategories/132.light-house/132_0059.jpg,131,132.light-house
data/raw/caltech256/256_ObjectCategories/132.light-house/132_0151.jpg,131,132.light-house
data/raw/caltech256/256_ObjectCategories/132.light-house/132_0129.jpg,131,132.light-house
data/raw/caltech256/256_ObjectCategories/132.light-house/132_0004.jpg,131,132.light-house
data/raw/caltech256/256_ObjectCategories/132.light-house/132_0182.jpg,131,132.light-house
data/raw/caltech256/256_ObjectCategories/132.light-house/132_0016.jpg,131,132.light-house
data/raw/caltech256/256_ObjectCategories/132.light-house/132_0102.jpg,131,132.light-house
data/raw/caltech256/256_ObjectCategories/132.light-house/132_0177.jpg,131,132.light-house
data/raw/caltech256/256_ObjectCategories/132.light-house/132_0041.jpg,131,132.light-house
data/raw/caltech256/256_ObjectCategories/132.light-house/132_0149.jpg,131,132.light-house
data/raw/caltech256/256_ObjectCategories/132.light-house/132_0055.jpg,131,132.light-house
data/raw/caltech256/256_ObjectCategories/132.light-house/132_0154.jpg,131,132.light-house
data/raw/caltech256/256_ObjectCategories/133.lightning/133_0059.jpg,132,133.lightning
data/raw/caltech256/256_ObjectCategories/133.lightning/133_0132.jpg,132,133.lightning
data/raw/caltech256/256_ObjectCategories/133.lightning/133_0033.jpg,132,133.lightning
data/raw/caltech256/256_ObjectCategories/133.lightning/133_0107.jpg,132,133.lightning
data/raw/caltech256/256_ObjectCategories/133.lightning/133_0065.jpg,132,133.lightning
data/raw/caltech256/256_ObjectCategories/133.lightning/133_0115.jpg,132,133.lightning
data/raw/caltech256/256_ObjectCategories/133.lightning/133_0102.jpg,132,133.lightning
data/raw/caltech256/256_ObjectCategories/133.lightning/133_0068.jpg,132,133.lightning
data/raw/caltech256/256_ObjectCategories/133.lightning/133_0045.jpg,132,133.lightning
data/raw/caltech256/256_ObjectCategories/133.lightning/133_0080.jpg,132,133.lightning
data/raw/caltech256/256_ObjectCategories/134.llama-101/134_0028.jpg,133,134.llama-101
data/raw/caltech256/256_ObjectCategories/134.llama-101/134_0113.jpg,133,134.llama-101
data/raw/caltech256/256_ObjectCategories/134.llama-101/134_0045.jpg,133,134.llama-101
data/raw/caltech256/256_ObjectCategories/134.llama-101/134_0059.jpg,133,134.llama-101
data/raw/caltech256/256_ObjectCategories/134.llama-101/134_0087.jpg,133,134.llama-101
data/raw/caltech256/256_ObjectCategories/134.llama-101/134_0044.jpg,133,134.llama-101
data/raw/caltech256/256_ObjectCategories/134.llama-101/134_0086.jpg,133,134.llama-101
data/raw/caltech256/256_ObjectCategories/134.llama-101/134_0019.jpg,133,134.llama-101
data/raw/caltech256/256_ObjectCategories/134.llama-101/134_0098.jpg,133,134.llama-101
data/raw/caltech256/256_ObjectCategories/135.mailbox/135_0035.jpg,134,135.mailbox
data/raw/caltech256/256_ObjectCategories/135.mailbox/135_0076.jpg,134,135.mailbox
data/raw/caltech256/256_ObjectCategories/135.mailbox/135_0055.jpg,134,135.mailbox
data/raw/caltech256/256_ObjectCategories/135.mailbox/135_0080.jpg,134,135.mailbox
data/raw/caltech256/256_ObjectCategories/135.mailbox/135_0022.jpg,134,135.mailbox
data/raw/caltech256/256_ObjectCategories/135.mailbox/135_0046.jpg,134,135.mailbox
data/raw/caltech256/256_ObjectCategories/135.mailbox/135_0047.jpg,134,135.mailbox
data/raw/caltech256/256_ObjectCategories/136.mandolin/136_0052.jpg,135,136.mandolin
data/raw/caltech256/256_ObjectCategories/136.mandolin/136_0018.jpg,135,136.mandolin
data/raw/caltech256/256_ObjectCategories/136.mandolin/136_0013.jpg,135,136.mandolin
data/raw/caltech256/256_ObjectCategories/136.mandolin/136_0015.jpg,135,136.mandolin
data/raw/caltech256/256_ObjectCategories/136.mandolin/136_0093.jpg,135,136.mandolin
data/raw/caltech256/256_ObjectCategories/136.mandolin/136_0080.jpg,135,136.mandolin
data/raw/caltech256/256_ObjectCategories/136.mandolin/136_0014.jpg,135,136.mandolin
data/raw/caltech256/256_ObjectCategories/137.mars/137_0154.jpg,136,137.mars
data/raw/caltech256/256_ObjectCategories/137.mars/137_0024.jpg,136,137.mars
data/raw/caltech256/256_ObjectCategories/137.mars/137_0048.jpg,136,137.mars
data/raw/caltech256/256_ObjectCategories/137.mars/137_0038.jpg,136,137.mars
data/raw/caltech256/256_ObjectCategories/137.mars/137_0068.jpg,136,137.mars
data/raw/caltech256/256_ObjectCategories/137.mars/137_0019.jpg,136,137.mars
data/raw/caltech256/256_ObjectCategories/137.mars/137_0071.jpg,136,137.mars
data/raw/caltech256/256_ObjectCategories/137.mars/137_0076.jpg,136,137.mars
data/raw/caltech256/256_ObjectCategories/137.mars/137_0035.jpg,136,137.mars
data/raw/caltech256/256_ObjectCategories/137.mars/137_0143.jpg,136,137.mars
data/raw/caltech256/256_ObjectCategories/137.mars/137_0150.jpg,136,137.mars
data/raw/caltech256/256_ObjectCategories/138.mattress/138_0042.jpg,137,138.mattress
data/raw/caltech256/256_ObjectCategories/138.mattress/138_0103.jpg,137,138.mattress
data/raw/caltech256/256_ObjectCategories/138.mattress/138_0015.jpg,137,138.mattress
data/raw/caltech256/256_ObjectCategories/138.mattress/138_0106.jpg,137,138.mattress
data/raw/caltech256/256_ObjectCategories/138.mattress/138_0102.jpg,137,138.mattress
data/raw/caltech256/256_ObjectCategories/138.mattress/138_0162.jpg,137,138.mattress
data/raw/caltech256/256_ObjectCategories/138.mattress/138_0175.jpg,137,138.mattress
data/raw/caltech256/256_ObjectCategories/138.mattress/138_0046.jpg,137,138.mattress
data/raw/caltech256/256_ObjectCategories/138.mattress/138_0044.jpg,137,138.mattress
data/raw/caltech256/256_ObjectCategories/138.mattress/138_0087.jpg,137,138.mattress
data/raw/caltech256/256_ObjectCategories/138.mattress/138_0016.jpg,137,138.mattress
data/raw/caltech256/256_ObjectCategories/138.mattress/138_0147.jpg,137,138.mattress
data/raw/caltech256/256_ObjectCategories/138.mattress/138_0077.jpg,137,138.mattress
data/raw/caltech256/256_ObjectCategories/138.mattress/138_0032.jpg,137,138.mattress
data/raw/caltech256/256_ObjectCategories/139.megaphone/139_0066.jpg,138,139.megaphone
data/raw/caltech256/256_ObjectCategories/139.megaphone/139_0014.jpg,138,139.megaphone
data/raw/caltech256/256_ObjectCategories/139.megaphone/139_0064.jpg,138,139.megaphone
data/raw/caltech256/256_ObjectCategories/139.megaphone/139_0082.jpg,138,139.megaphone
data/raw/caltech256/256_ObjectCategories/139.megaphone/139_0077.jpg,138,139.megaphone
data/raw/caltech256/256_ObjectCategories/139.megaphone/139_0036.jpg,138,139.megaphone
data/raw/caltech256/256_ObjectCategories/140.menorah-101/140_0012.jpg,139,140.menorah-101
data/raw/caltech256/256_ObjectCategories/140.menorah-101/140_0010.jpg,139,140.menorah-101
data/raw/caltech256/256_ObjectCategories/140.menorah-101/140_0017.jpg,139,140.menorah-101
data/raw/caltech256/256_ObjectCategories/140.menorah-101/140_0057.jpg,139,140.menorah-101
data/raw/caltech256/256_ObjectCategories/140.menorah-101/140_0086.jpg,139,140.menorah-101
data/raw/caltech256/256_ObjectCategories/140.menorah-101/140_0039.jpg,139,140.menorah-101
data/raw/caltech256/256_ObjectCategories/140.menorah-101/140_0046.jpg,139,140.menorah-101
data/raw/caltech256/256_ObjectCategories/141.microscope/141_0048.jpg,140,141.microscope
data/raw/caltech256/256_ObjectCategories/141.microscope/141_0036.jpg,140,141.microscope
data/raw/caltech256/256_ObjectCategories/141.microscope/141_0115.jpg,140,141.microscope
data/raw/caltech256/256_ObjectCategories/141.microscope/141_0027.jpg,140,141.microscope
data/raw/caltech256/256_ObjectCategories/141.microscope/141_0111.jpg,140,141.microscope
data/raw/caltech256/256_ObjectCategories/141.microscope/141_0019.jpg,140,141.microscope
data/raw/caltech256/256_ObjectCategories/141.microscope/141_0067.jpg,140,141.microscope
data/raw/caltech256/256_ObjectCategories/141.microscope/141_0068.jpg,140,141.microscope
data/raw/caltech256/256_ObjectCategories/141.microscope/141_0056.jpg,140,141.microscope
data/raw/caltech256/256_ObjectCategories/142.microwave/142_0022.jpg,141,142.microwave
data/raw/caltech256/256_ObjectCategories/142.microwave/142_0074.jpg,141,142.microwave
data/raw/caltech256/256_ObjectCategories/142.microwave/142_0085.jpg,141,142.microwave
data/raw/caltech256/256_ObjectCategories/142.microwave/142_0082.jpg,141,142.microwave
data/raw/caltech256/256_ObjectCategories/142.microwave/142_0003.jpg,141,142.microwave
data/raw/caltech256/256_ObjectCategories/142.microwave/142_0017.jpg,141,142.microwave
data/raw/caltech256/256_ObjectCategories/142.microwave/142_0008.jpg,141,142.microwave
data/raw/caltech256/256_ObjectCategories/142.microwave/142_0075.jpg,141,142.microwave
data/raw/caltech256/256_ObjectCategories/143.minaret/143_0129.jpg,142,143.minaret
data/raw/caltech256/256_ObjectCategories/143.minaret/143_0104.jpg,142,143.minaret
data/raw/caltech256/256_ObjectCategories/143.minaret/143_0059.jpg,142,143.minaret
data/raw/caltech256/256_ObjectCategories/143.minaret/143_0116.jpg,142,143.minaret
data/raw/caltech256/256_ObjectCategories/143.minaret/143_0024.jpg,142,143.minaret
data/raw/caltech256/256_ObjectCategories/143.minaret/143_0008.jpg,142,143.minaret
data/raw/caltech256/256_ObjectCategories/143.minaret/143_0117.jpg,142,143.minaret
data/raw/caltech256/256_ObjectCategories/143.minaret/143_0023.jpg,142,143.minaret
data/raw/caltech256/256_ObjectCategories/143.minaret/143_0075.jpg,142,143.minaret
data/raw/caltech256/256_ObjectCategories/143.minaret/143_0123.jpg,142,143.minaret
data/raw/caltech256/256_ObjectCategories/144.minotaur/144_0020.jpg,143,144.minotaur
data/raw/caltech256/256_ObjectCategories/144.minotaur/144_0065.jpg,143,144.minotaur
data/raw/caltech256/256_ObjectCategories/144.minotaur/144_0015.jpg,143,144.minotaur
data/raw/caltech256/256_ObjectCategories/144.minotaur/144_0056.jpg,143,144.minotaur
data/raw/caltech256/256_ObjectCategories/144.minotaur/144_0013.jpg,143,144.minotaur
data/raw/caltech256/256_ObjectCategories/144.minotaur/144_0054.jpg,143,144.minotaur
data/raw/caltech256/256_ObjectCategories/145.motorbikes-101/145_0797.jpg,144,145.motorbikes-101
data/raw/caltech256/256_ObjectCategories/145.motorbikes-101/145_0240.jpg,144,145.motorbikes-101
data/raw/caltech256/256_ObjectCategories/145.motorbikes-101/145_0248.jpg,144,145.motorbikes-101
data/raw/caltech256/256_ObjectCategories/145.motorbikes-101/145_0632.jpg,144,145.motorbikes-101
data/raw/caltech256/256_ObjectCategories/145.motorbikes-101/145_0217.jpg,144,145.motorbikes-101
data/raw/caltech256/256_ObjectCategories/145.motorbikes-101/145_0504.jpg,144,145.motorbikes-101
data/raw/caltech256/256_ObjectCategories/145.motorbikes-101/145_0659.jpg,144,145.motorbikes-101
data/raw/caltech256/256_ObjectCategories/145.motorbikes-101/145_0441.jpg,144,145.motorbikes-101
data/raw/caltech256/256_ObjectCategories/145.motorbikes-101/145_0144.jpg,144,145.motorbikes-101
data/raw/caltech256/256_ObjectCategories/145.motorbikes-101/145_0128.jpg,144,145.motorbikes-101
data/raw/caltech256/256_ObjectCategories/145.motorbikes-101/145_0476.jpg,144,145.motorbikes-101
data/raw/caltech256/256_ObjectCategories/145.motorbikes-101/145_0768.jpg,144,145.motorbikes-101
data/raw/caltech256/256_ObjectCategories/145.motorbikes-101/145_0304.jpg,144,145.motorbikes-101
data/raw/caltech256/256_ObjectCategories/145.motorbikes-101/145_0559.jpg,144,145.motorbikes-101
data/raw/caltech256/256_ObjectCategories/145.motorbikes-101/145_0305.jpg,144,145.motorbikes-101
data/raw/caltech256/256_ObjectCategories/145.motorbikes-101/145_0301.jpg,144,145.motorbikes-101
data/raw/caltech256/256_ObjectCategories/145.motorbikes-101/145_0388.jpg,144,145.motorbikes-101
data/raw/caltech256/256_ObjectCategories/145.motorbikes-101/145_0749.jpg,144,145.motorbikes-101
data/raw/caltech256/256_ObjectCategories/145.motorbikes-101/145_0097.jpg,144,145.motorbikes-101
data/raw/caltech256/256_ObjectCategories/145.motorbikes-101/145_0326.jpg,144,145.motorbikes-101
data/raw/caltech256/256_ObjectCategories/145.motorbikes-101/145_0212.jpg,144,145.motorbikes-101
data/raw/caltech256/256_ObjectCategories/145.motorbikes-101/145_0440.jpg,144,145.motorbikes-101
data/raw/caltech256/256_ObjectCategories/145.motorbikes-101/145_0016.jpg,144,145.motorbikes-101
data/raw/caltech256/256_ObjectCategories/145.motorbikes-101/145_0420.jpg,144,145.motorbikes-101
data/raw/caltech256/256_ObjectCategories/145.motorbikes-101/145_0082.jpg,144,145.motorbikes-101
data/raw/caltech256/256_ObjectCategories/145.motorbikes-101/145_0098.jpg,144,145.motorbikes-101
data/raw/caltech256/256_ObjectCategories/145.motorbikes-101/145_0580.jpg,144,145.motorbikes-101
data/raw/caltech256/256_ObjectCategories/145.motorbikes-101/145_0207.jpg,144,145.motorbikes-101
data/raw/caltech256/256_ObjectCategories/145.motorbikes-101/145_0794.jpg,144,145.motorbikes-101
data/raw/caltech256/256_ObjectCategories/145.motorbikes-101/145_0412.jpg,144,145.motorbikes-101
data/raw/caltech256/256_ObjectCategories/145.motorbikes-101/145_0554.jpg,144,145.motorbikes-101
data/raw/caltech256/256_ObjectCategories/145.motorbikes-101/145_0668.jpg,144,145.motorbikes-101
data/raw/caltech256/256_ObjectCategories/145.motorbikes-101/145_0643.jpg,144,145.motorbikes-101
data/raw/caltech256/256_ObjectCategories/145.motorbikes-101/145_0477.jpg,144,145.motorbikes-101
data/raw/caltech256/256_ObjectCategories/145.motorbikes-101/145_0557.jpg,144,145.motorbikes-101
data/raw/caltech256/256_ObjectCategories/145.motorbikes-101/145_0018.jpg,144,145.motorbikes-101
data/raw/caltech256/256_ObjectCategories/145.motorbikes-101/145_0548.jpg,144,145.motorbikes-101
data/raw/caltech256/256_ObjectCategories/145.motorbikes-101/145_0742.jpg,144,145.motorbikes-101
data/raw/caltech256/256_ObjectCategories/145.motorbikes-101/145_0378.jpg,144,145.motorbikes-101
data/raw/caltech256/256_ObjectCategories/145.motorbikes-101/145_0162.jpg,144,145.motorbikes-101
data/raw/caltech256/256_ObjectCategories/145.motorbikes-101/145_0706.jpg,144,145.motorbikes-101
data/raw/caltech256/256_ObjectCategories/145.motorbikes-101/145_0703.jpg,144,145.motorbikes-101
data/raw/caltech256/256_ObjectCategories/145.motorbikes-101/145_0598.jpg,144,145.motorbikes-101
data/raw/caltech256/256_ObjectCategories/145.motorbikes-101/145_0336.jpg,144,145.motorbikes-101
data/raw/caltech256/256_ObjectCategories/145.motorbikes-101/145_0241.jpg,144,145.motorbikes-101
data/raw/caltech256/256_ObjectCategories/145.motorbikes-101/145_0122.jpg,144,145.motorbikes-101
data/raw/caltech256/256_ObjectCategories/145.motorbikes-101/145_0694.jpg,144,145.motorbikes-101
data/raw/caltech256/256_ObjectCategories/145.motorbikes-101/145_0734.jpg,144,145.motorbikes-101
data/raw/caltech256/256_ObjectCategories/145.motorbikes-101/145_0767.jpg,144,145.motorbikes-101
data/raw/caltech256/256_ObjectCategories/145.motorbikes-101/145_0675.jpg,144,145.motorbikes-101
data/raw/caltech256/256_ObjectCategories/145.motorbikes-101/145_0535.jpg,144,145.motorbikes-101
data/raw/caltech256/256_ObjectCategories/145.motorbikes-101/145_0005.jpg,144,145.motorbikes-101
data/raw/caltech256/256_ObjectCategories/145.motorbikes-101/145_0497.jpg,144,145.motorbikes-101
data/raw/caltech256/256_ObjectCategories/145.motorbikes-101/145_0453.jpg,144,145.motorbikes-101
data/raw/caltech256/256_ObjectCategories/145.motorbikes-101/145_0652.jpg,144,145.motorbikes-101
data/raw/caltech256/256_ObjectCategories/145.motorbikes-101/145_0133.jpg,144,145.motorbikes-101
data/raw/caltech256/256_ObjectCategories/146.mountain-bike/146_0063.jpg,145,146.mountain-bike
data/raw/caltech256/256_ObjectCategories/146.mountain-bike/146_0015.jpg,145,146.mountain-bike
data/raw/caltech256/256_ObjectCategories/146.mountain-bike/146_0040.jpg,145,146.mountain-bike
data/raw/caltech256/256_ObjectCategories/146.mountain-bike/146_0065.jpg,145,146.mountain-bike
data/raw/caltech256/256_ObjectCategories/146.mountain-bike/146_0077.jpg,145,146.mountain-bike
data/raw/caltech256/256_ObjectCategories/146.mountain-bike/146_0005.jpg,145,146.mountain-bike
data/raw/caltech256/256_ObjectCategories/147.mushroom/147_0103.jpg,146,147.mushroom
data/raw/caltech256/256_ObjectCategories/147.mushroom/147_0136.jpg,146,147.mushroom
data/raw/caltech256/256_ObjectCategories/147.mushroom/147_0059.jpg,146,147.mushroom
data/raw/caltech256/256_ObjectCategories/147.mushroom/147_0176.jpg,146,147.mushroom
data/raw/caltech256/256_ObjectCategories/147.mushroom/147_0128.jpg,146,147.mushroom
data/raw/caltech256/256_ObjectCategories/147.mushroom/147_0007.jpg,146,147.mushroom
data/raw/caltech256/256_ObjectCategories/147.mushroom/147_0156.jpg,146,147.mushroom
data/raw/caltech256/256_ObjectCategories/147.mushroom/147_0127.jpg,146,147.mushroom
data/raw/caltech256/256_ObjectCategories/147.mushroom/147_0069.jpg,146,147.mushroom
data/raw/caltech256/256_ObjectCategories/147.mushroom/147_0082.jpg,146,147.mushroom
data/raw/caltech256/256_ObjectCategories/147.mushroom/147_0193.jpg,146,147.mushroom
data/raw/caltech256/256_ObjectCategories/147.mushroom/147_0195.jpg,146,147.mushroom
data/raw/caltech256/256_ObjectCategories/147.mushroom/147_0078.jpg,146,147.mushroom
data/raw/caltech256/256_ObjectCategories/147.mushroom/147_0008.jpg,146,147.mushroom
data/raw/caltech256/256_ObjectCategories/147.mushroom/147_0115.jpg,146,147.mushroom
data/raw/caltech256/256_ObjectCategories/148.mussels/148_0080.jpg,147,148.mussels
data/raw/caltech256/256_ObjectCategories/148.mussels/148_0142.jpg,147,148.mussels
data/raw/caltech256/256_ObjectCategories/148.mussels/148_0032.jpg,147,148.mussels
data/raw/caltech256/256_ObjectCategories/148.mussels/148_0145.jpg,147,148.mussels
data/raw/caltech256/256_ObjectCategories/148.mussels/148_0164.jpg,147,148.mussels
data/raw/caltech256/256_ObjectCategories/148.mussels/148_0067.jpg,147,148.mussels
data/raw/caltech256/256_ObjectCategories/148.mussels/148_0026.jpg,147,148.mussels
data/raw/caltech256/256_ObjectCategories/148.mussels/148_0012.jpg,147,148.mussels
data/raw/caltech256/256_ObjectCategories/148.mussels/148_0022.jpg,147,148.mussels
data/raw/caltech256/256_ObjectCategories/148.mussels/148_0136.jpg,147,148.mussels
data/raw/caltech256/256_ObjectCategories/148.mussels/148_0097.jpg,147,148.mussels
data/raw/caltech256/256_ObjectCategories/148.mussels/148_0042.jpg,147,148.mussels
data/raw/caltech256/256_ObjectCategories/148.mussels/148_0100.jpg,147,148.mussels
data/raw/caltech256/256_ObjectCategories/149.necktie/149_0017.jpg,148,149.necktie
data/raw/caltech256/256_ObjectCategories/149.necktie/149_0021.jpg,148,149.necktie
data/raw/caltech256/256_ObjectCategories/149.necktie/149_0050.jpg,148,149.necktie
data/raw/caltech256/256_ObjectCategories/149.necktie/149_0035.jpg,148,149.necktie
data/raw/caltech256/256_ObjectCategories/149.necktie/149_0071.jpg,148,149.necktie
data/raw/caltech256/256_ObjectCategories/149.necktie/149_0088.jpg,148,149.necktie
data/raw/caltech256/256_ObjectCategories/149.necktie/149_0042.jpg,148,149.necktie
data/raw/caltech256/256_ObjectCategories/149.necktie/149_0073.jpg,148,149.necktie
data/raw/caltech256/256_ObjectCategories/150.octopus/150_0028.jpg,149,150.octopus
data/raw/caltech256/256_ObjectCategories/150.octopus/150_0049.jpg,149,150.octopus
data/raw/caltech256/256_ObjectCategories/150.octopus/150_0032.jpg,149,150.octopus
data/raw/caltech256/256_ObjectCategories/150.octopus/150_0021.jpg,149,150.octopus
data/raw/caltech256/256_ObjectCategories/150.octopus/150_0110.jpg,149,150.octopus
data/raw/caltech256/256_ObjectCategories/150.octopus/150_0038.jpg,149,150.octopus
data/raw/caltech256/256_ObjectCategories/150.octopus/150_0094.jpg,149,150.octopus
data/raw/caltech256/256_ObjectCategories/150.octopus/150_0018.jpg,149,150.octopus
data/raw/caltech256/256_ObjectCategories/151.ostrich/151_0107.jpg,150,151.ostrich
data/raw/caltech256/256_ObjectCategories/151.ostrich/151_0036.jpg,150,151.ostrich
data/raw/caltech256/256_ObjectCategories/151.ostrich/151_0045.jpg,150,151.ostrich
data/raw/caltech256/256_ObjectCategories/151.ostrich/151_0067.jpg,150,151.ostrich
data/raw/caltech256/256_ObjectCategories/151.ostrich/151_0030.jpg,150,151.ostrich
data/raw/caltech256/256_ObjectCategories/151.ostrich/151_0096.jpg,150,151.ostrich
data/raw/caltech256/256_ObjectCategories/151.ostrich/151_0026.jpg,150,151.ostrich
data/raw/caltech256/256_ObjectCategories/151.ostrich/151_0085.jpg,150,151.ostrich
data/raw/caltech256/256_ObjectCategories/152.owl/152_0013.jpg,151,152.owl
data/raw/caltech256/256_ObjectCategories/152.owl/152_0096.jpg,151,152.owl
data/raw/caltech256/256_ObjectCategories/152.owl/152_0022.jpg,151,152.owl
data/raw/caltech256/256_ObjectCategories/152.owl/152_0108.jpg,151,152.owl
data/raw/caltech256/256_ObjectCategories/152.owl/152_0008.jpg,151,152.owl
data/raw/caltech256/256_ObjectCategories/152.owl/152_0036.jpg,151,152.owl
data/raw/caltech256/256_ObjectCategories/152.owl/152_0111.jpg,151,152.owl
data/raw/caltech256/256_ObjectCategories/152.owl/152_0009.jpg,151,152.owl
data/raw/caltech256/256_ObjectCategories/152.owl/152_0088.jpg,151,152.owl
data/raw/caltech256/256_ObjectCategories/153.palm-pilot/153_0088.jpg,152,153.palm-pilot
data/raw/caltech256/256_ObjectCategories/153.palm-pilot/153_0063.jpg,152,153.palm-pilot
data/raw/caltech256/256_ObjectCategories/153.palm-pilot/153_0075.jpg,152,153.palm-pilot
data/raw/caltech256/256_ObjectCategories/153.palm-pilot/153_0016.jpg,152,153.palm-pilot
data/raw/caltech256/256_ObjectCategories/153.palm-pilot/153_0031.jpg,152,153.palm-pilot
data/raw/caltech256/256_ObjectCategories/153.palm-pilot/153_0092.jpg,152,153.palm-pilot
data/raw/caltech256/256_ObjectCategories/153.palm-pilot/153_0036.jpg,152,153.palm-pilot
data/raw/caltech256/256_ObjectCategories/154.palm-tree/154_0025.jpg,153,154.palm-tree
data/raw/caltech256/256_ObjectCategories/154.palm-tree/154_0033.jpg,153,154.palm-tree
data/raw/caltech256/256_ObjectCategories/154.palm-tree/154_0094.jpg,153,154.palm-tree
data/raw/caltech256/256_ObjectCategories/154.palm-tree/154_0018.jpg,153,154.palm-tree
data/raw/caltech256/256_ObjectCategories/154.palm-tree/154_0083.jpg,153,154.palm-tree
data/raw/caltech256/256_ObjectCategories/154.palm-tree/154_0085.jpg,153,154.palm-tree
data/raw/caltech256/256_ObjectCategories/154.palm-tree/154_0038.jpg,153,154.palm-tree
data/raw/caltech256/256_ObjectCategories/154.palm-tree/154_0067.jpg,153,154.palm-tree
data/raw/caltech256/256_ObjectCategories/155.paperclip/155_0079.jpg,154,155.paperclip
data/raw/caltech256/256_ObjectCategories/155.paperclip/155_0024.jpg,154,155.paperclip
data/raw/caltech256/256_ObjectCategories/155.paperclip/155_0060.jpg,154,155.paperclip
data/raw/caltech256/256_ObjectCategories/155.paperclip/155_0002.jpg,154,155.paperclip
data/raw/caltech256/256_ObjectCategories/155.paperclip/155_0075.jpg,154,155.paperclip
data/raw/caltech256/256_ObjectCategories/155.paperclip/155_0030.jpg,154,155.paperclip
data/raw/caltech256/256_ObjectCategories/155.paperclip/155_0028.jpg,154,155.paperclip
data/raw/caltech256/256_ObjectCategories/156.paper-shredder/156_0047.jpg,155,156.paper-shredder
data/raw/caltech256/256_ObjectCategories/156.paper-shredder/156_0056.jpg,155,156.paper-shredder
data/raw/caltech256/256_ObjectCategories/156.paper-shredder/156_0004.jpg,155,156.paper-shredder
data/raw/caltech256/256_ObjectCategories/156.paper-shredder/156_0052.jpg,155,156.paper-shredder
data/raw/caltech256/256_ObjectCategories/156.paper-shredder/156_0053.jpg,155,156.paper-shredder
data/raw/caltech256/256_ObjectCategories/156.paper-shredder/156_0023.jpg,155,156.paper-shredder
data/raw/caltech256/256_ObjectCategories/156.paper-shredder/156_0075.jpg,155,156.paper-shredder
data/raw/caltech256/256_ObjectCategories/157.pci-card/157_0077.jpg,156,157.pci-card
data/raw/caltech256/256_ObjectCategories/157.pci-card/157_0014.jpg,156,157.pci-card
data/raw/caltech256/256_ObjectCategories/157.pci-card/157_0081.jpg,156,157.pci-card
data/raw/caltech256/256_ObjectCategories/157.pci-card/157_0016.jpg,156,157.pci-card
data/raw/caltech256/256_ObjectCategories/157.pci-card/157_0079.jpg,156,157.pci-card
data/raw/caltech256/256_ObjectCategories/157.pci-card/157_0054.jpg,156,157.pci-card
data/raw/caltech256/256_ObjectCategories/157.pci-card/157_0019.jpg,156,157.pci-card
data/raw/caltech256/256_ObjectCategories/157.pci-card/157_0074.jpg,156,157.pci-card
data/raw/caltech256/256_ObjectCategories/158.penguin/158_0121.jpg,157,158.penguin
data/raw/caltech256/256_ObjectCategories/158.penguin/158_0018.jpg,157,158.penguin
data/raw/caltech256/256_ObjectCategories/158.penguin/158_0004.jpg,157,158.penguin
data/raw/caltech256/256_ObjectCategories/158.penguin/158_0096.jpg,157,158.penguin
data/raw/caltech256/256_ObjectCategories/158.penguin/158_0141.jpg,157,158.penguin
data/raw/caltech256/256_ObjectCategories/158.penguin/158_0092.jpg,157,158.penguin
data/raw/caltech256/256_ObjectCategories/158.penguin/158_0149.jpg,157,158.penguin
data/raw/caltech256/256_ObjectCategories/158.penguin/158_0033.jpg,157,158.penguin
data/raw/caltech256/256_ObjectCategories/158.penguin/158_0112.jpg,157,158.penguin
data/raw/caltech256/256_ObjectCategories/158.penguin/158_0038.jpg,157,158.penguin
data/raw/caltech256/256_ObjectCategories/158.penguin/158_0040.jpg,157,158.penguin
data/raw/caltech256/256_ObjectCategories/159.people/159_0007.jpg,158,159.people
data/raw/caltech256/256_ObjectCategories/159.people/159_0111.jpg,158,159.people
data/raw/caltech256/256_ObjectCategories/159.people/159_0097.jpg,158,159.people
data/raw/caltech256/256_ObjectCategories/159.people/159_0177.jpg,158,159.people
data/raw/caltech256/256_ObjectCategories/159.people/159_0167.jpg,158,159.people
data/raw/caltech256/256_ObjectCategories/159.people/159_0192.jpg,158,159.people
data/raw/caltech256/256_ObjectCategories/159.people/159_0178.jpg,158,159.people
data/raw/caltech256/256_ObjectCategories/159.people/159_0139.jpg,158,159.people
data/raw/caltech256/256_ObjectCategories/159.people/159_0003.jpg,158,159.people
data/raw/caltech256/256_ObjectCategories/159.people/159_0138.jpg,158,159.people
data/raw/caltech256/256_ObjectCategories/159.people/159_0191.jpg,158,159.people
data/raw/caltech256/256_ObjectCategories/159.people/159_0044.jpg,158,159.people
data/raw/caltech256/256_ObjectCategories/159.people/159_0189.jpg,158,159.people
data/raw/caltech256/256_ObjectCategories/159.people/159_0156.jpg,158,159.people
data/raw/caltech256/256_ObjectCategories/159.people/159_0071.jpg,158,159.people
data/raw/caltech256/256_ObjectCategories/160.pez-dispenser/160_0058.jpg,159,160.pez-dispenser
data/raw/caltech256/256_ObjectCategories/160.pez-dispenser/160_0032.jpg,159,160.pez-dispenser
data/raw/caltech256/256_ObjectCategories/160.pez-dispenser/160_0036.jpg,159,160.pez-dispenser
data/raw/caltech256/256_ObjectCategories/160.pez-dispenser/160_0005.jpg,159,160.pez-dispenser
data/raw/caltech256/256_ObjectCategories/160.pez-dispenser/160_0080.jpg,159,160.pez-dispenser
data/raw/caltech256/256_ObjectCategories/160.pez-dispenser/160_0072.jpg,159,160.pez-dispenser
data/raw/caltech256/256_ObjectCategories/161.photocopier/161_0037.jpg,160,161.photocopier
data/raw/caltech256/256_ObjectCategories/161.photocopier/161_0012.jpg,160,161.photocopier
data/raw/caltech256/256_ObjectCategories/161.photocopier/161_0083.jpg,160,161.photocopier
data/raw/caltech256/256_ObjectCategories/161.photocopier/161_0018.jpg,160,161.photocopier
data/raw/caltech256/256_ObjectCategories/161.photocopier/161_0031.jpg,160,161.photocopier
data/raw/caltech256/256_ObjectCategories/161.photocopier/161_0010.jpg,160,161.photocopier
data/raw/caltech256/256_ObjectCategories/161.photocopier/161_0070.jpg,160,161.photocopier
data/raw/caltech256/256_ObjectCategories/161.photocopier/161_0101.jpg,160,161.photocopier
data/raw/caltech256/256_ObjectCategories/162.picnic-table/162_0061.jpg,161,162.picnic-table
data/raw/caltech256/256_ObjectCategories/162.picnic-table/162_0045.jpg,161,162.picnic-table
data/raw/caltech256/256_ObjectCategories/162.picnic-table/162_0031.jpg,161,162.picnic-table
data/raw/caltech256/256_ObjectCategories/162.picnic-table/162_0089.jpg,161,162.picnic-table
data/raw/caltech256/256_ObjectCategories/162.picnic-table/162_0017.jpg,161,162.picnic-table
data/raw/caltech256/256_ObjectCategories/162.picnic-table/162_0084.jpg,161,162.picnic-table
data/raw/caltech256/256_ObjectCategories/162.picnic-table/162_0022.jpg,161,162.picnic-table
data/raw/caltech256/256_ObjectCategories/163.playing-card/163_0031.jpg,162,163.playing-card
data/raw/caltech256/256_ObjectCategories/163.playing-card/163_0085.jpg,162,163.playing-card
data/raw/caltech256/256_ObjectCategories/163.playing-card/163_0021.jpg,162,163.playing-card
data/raw/caltech256/256_ObjectCategories/163.playing-card/163_0074.jpg,162,163.playing-card
data/raw/caltech256/256_ObjectCategories/163.playing-card/163_0032.jpg,162,163.playing-card
data/raw/caltech256/256_ObjectCategories/163.playing-card/163_0040.jpg,162,163.playing-card
data/raw/caltech256/256_ObjectCategories/163.playing-card/163_0059.jpg,162,163.playing-card
data/raw/caltech256/256_ObjectCategories/164.porcupine/164_0060.jpg,163,164.porcupine
data/raw/caltech256/256_ObjectCategories/164.porcupine/164_0074.jpg,163,164.porcupine
data/raw/caltech256/256_ObjectCategories/164.porcupine/164_0094.jpg,163,164.porcupine
data/raw/caltech256/256_ObjectCategories/164.porcupine/164_0076.jpg,163,164.porcupine
data/raw/caltech256/256_ObjectCategories/164.porcupine/164_0044.jpg,163,164.porcupine
data/raw/caltech256/256_ObjectCategories/164.porcupine/164_0088.jpg,163,164.porcupine
data/raw/caltech256/256_ObjectCategories/164.porcupine/164_0062.jpg,163,164.porcupine
data/raw/caltech256/256_ObjectCategories/164.porcupine/164_0008.jpg,163,164.porcupine
data/raw/caltech256/256_ObjectCategories/165.pram/165_0013.jpg,164,165.pram
data/raw/caltech256/256_ObjectCategories/165.pram/165_0004.jpg,164,165.pram
data/raw/caltech256/256_ObjectCategories/165.pram/165_0049.jpg,164,165.pram
data/raw/caltech256/256_ObjectCategories/165.pram/165_0027.jpg,164,165.pram
data/raw/caltech256/256_ObjectCategories/165.pram/165_0066.jpg,164,165.pram
data/raw/caltech256/256_ObjectCategories/165.pram/165_0063.jpg,164,165.pram
data/raw/caltech256/256_ObjectCategories/165.pram/165_0043.jpg,164,165.pram
data/raw/caltech256/256_ObjectCategories/166.praying-mantis/166_0021.jpg,165,166.praying-mantis
data/raw/caltech256/256_ObjectCategories/166.praying-mantis/166_0025.jpg,165,166.praying-mantis
data/raw/caltech256/256_ObjectCategories/166.praying-mantis/166_0053.jpg,165,166.praying-mantis
data/raw/caltech256/256_ObjectCategories/166.praying-mantis/166_0023.jpg,165,166.praying-mantis
data/raw/caltech256/256_ObjectCategories/166.praying-mantis/166_0045.jpg,165,166.praying-mantis
data/raw/caltech256/256_ObjectCategories/166.praying-mantis/166_0044.jpg,165,166.praying-mantis
data/raw/caltech256/256_ObjectCategories/166.praying-mantis/166_0048.jpg,165,166.praying-mantis
data/raw/caltech256/256_ObjectCategories/167.pyramid/167_0002.jpg,166,167.pyramid
data/raw/caltech256/256_ObjectCategories/167.pyramid/167_0048.jpg,166,167.pyramid
data/raw/caltech256/256_ObjectCategories/167.pyramid/167_0034.jpg,166,167.pyramid
data/raw/caltech256/256_ObjectCategories/167.pyramid/167_0070.jpg,166,167.pyramid
data/raw/caltech256/256_ObjectCategories/167.pyramid/167_0039.jpg,166,167.pyramid
data/raw/caltech256/256_ObjectCategories/167.pyramid/167_0054.jpg,166,167.pyramid
data/raw/caltech256/256_ObjectCategories/168.raccoon/168_0065.jpg,167,168.raccoon
data/raw/caltech256/256_ObjectCategories/168.raccoon/168_0093.jpg,167,168.raccoon
data/raw/caltech256/256_ObjectCategories/168.raccoon/168_0085.jpg,167,168.raccoon
data/raw/caltech256/256_ObjectCategories/168.raccoon/168_0103.jpg,167,168.raccoon
data/raw/caltech256/256_ObjectCategories/168.raccoon/168_0109.jpg,167,168.raccoon
data/raw/caltech256/256_ObjectCategories/168.raccoon/168_0102.jpg,167,168.raccoon
data/raw/caltech256/256_ObjectCategories/168.raccoon/168_0045.jpg,167,168.raccoon
data/raw/caltech256/256_ObjectCategories/168.raccoon/168_0140.jpg,167,168.raccoon
data/raw/caltech256/256_ObjectCategories/168.raccoon/168_0131.jpg,167,168.raccoon
data/raw/caltech256/256_ObjectCategories/168.raccoon/168_0075.jpg,167,168.raccoon
data/raw/caltech256/256_ObjectCategories/169.radio-telescope/169_0070.jpg,168,169.radio-telescope
data/raw/caltech256/256_ObjectCategories/169.radio-telescope/169_0018.jpg,168,169.radio-telescope
data/raw/caltech256/256_ObjectCategories/169.radio-telescope/169_0056.jpg,168,169.radio-telescope
data/raw/caltech256/256_ObjectCategories/169.radio-telescope/169_0016.jpg,168,169.radio-telescope
data/raw/caltech256/256_ObjectCategories/169.radio-telescope/169_0038.jpg,168,169.radio-telescope
data/raw/caltech256/256_ObjectCategories/169.radio-telescope/169_0043.jpg,168,169.radio-telescope
data/raw/caltech256/256_ObjectCategories/169.radio-telescope/169_0035.jpg,168,169.radio-telescope
data/raw/caltech256/256_ObjectCategories/170.rainbow/170_0073.jpg,169,170.rainbow
data/raw/caltech256/256_ObjectCategories/170.rainbow/170_0045.jpg,169,170.rainbow
data/raw/caltech256/256_ObjectCategories/170.rainbow/170_0050.jpg,169,170.rainbow
data/raw/caltech256/256_ObjectCategories/170.rainbow/170_0098.jpg,169,170.rainbow
data/raw/caltech256/256_ObjectCategories/170.rainbow/170_0058.jpg,169,170.rainbow
data/raw/caltech256/256_ObjectCategories/170.rainbow/170_0069.jpg,169,170.rainbow
data/raw/caltech256/256_ObjectCategories/170.rainbow/170_0088.jpg,169,170.rainbow
data/raw/caltech256/256_ObjectCategories/170.rainbow/170_0002.jpg,169,170.rainbow
data/raw/caltech256/256_ObjectCategories/171.refrigerator/171_0046.jpg,170,171.refrigerator
data/raw/caltech256/256_ObjectCategories/171.refrigerator/171_0040.jpg,170,171.refrigerator
data/raw/caltech256/256_ObjectCategories/171.refrigerator/171_0024.jpg,170,171.refrigerator
data/raw/caltech256/256_ObjectCategories/171.refrigerator/171_0003.jpg,170,171.refrigerator
data/raw/caltech256/256_ObjectCategories/171.refrigerator/171_0034.jpg,170,171.refrigerator
data/raw/caltech256/256_ObjectCategories/171.refrigerator/171_0075.jpg,170,171.refrigerator
data/raw/caltech256/256_ObjectCategories/172.revolver-101/172_0088.jpg,171,172.revolver-101
data/raw/caltech256/256_ObjectCategories/172.revolver-101/172_0012.jpg,171,172.revolver-101
data/raw/caltech256/256_ObjectCategories/172.revolver-101/172_0057.jpg,171,172.revolver-101
data/raw/caltech256/256_ObjectCategories/172.revolver-101/172_0063.jpg,171,172.revolver-101
data/raw/caltech256/256_ObjectCategories/172.revolver-101/172_0086.jpg,171,172.revolver-101
data/raw/caltech256/256_ObjectCategories/172.revolver-101/172_0074.jpg,171,172.revolver-101
data/raw/caltech256/256_ObjectCategories/172.revolver-101/172_0080.jpg,171,172.revolver-101
data/raw/caltech256/256_ObjectCategories/173.rifle/173_0005.jpg,172,173.rifle
data/raw/caltech256/256_ObjectCategories/173.rifle/173_0094.jpg,172,173.rifle
data/raw/caltech256/256_ObjectCategories/173.rifle/173_0106.jpg,172,173.rifle
data/raw/caltech256/256_ObjectCategories/173.rifle/173_0064.jpg,172,173.rifle
data/raw/caltech256/256_ObjectCategories/173.rifle/173_0096.jpg,172,173.rifle
data/raw/caltech256/256_ObjectCategories/173.rifle/173_0087.jpg,172,173.rifle
data/raw/caltech256/256_ObjectCategories/173.rifle/173_0029.jpg,172,173.rifle
data/raw/caltech256/256_ObjectCategories/173.rifle/173_0049.jpg,172,173.rifle
data/raw/caltech256/256_ObjectCategories/174.rotary-phone/174_0075.jpg,173,174.rotary-phone
data/raw/caltech256/256_ObjectCategories/174.rotary-phone/174_0079.jpg,173,174.rotary-phone
data/raw/caltech256/256_ObjectCategories/174.rotary-phone/174_0002.jpg,173,174.rotary-phone
data/raw/caltech256/256_ObjectCategories/174.rotary-phone/174_0036.jpg,173,174.rotary-phone
data/raw/caltech256/256_ObjectCategories/174.rotary-phone/174_0048.jpg,173,174.rotary-phone
data/raw/caltech256/256_ObjectCategories/174.rotary-phone/174_0047.jpg,173,174.rotary-phone
data/raw/caltech256/256_ObjectCategories/175.roulette-wheel/175_0067.jpg,174,175.roulette-wheel
data/raw/caltech256/256_ObjectCategories/175.roulette-wheel/175_0070.jpg,174,175.roulette-wheel
data/raw/caltech256/256_ObjectCategories/175.roulette-wheel/175_0032.jpg,174,175.roulette-wheel
data/raw/caltech256/256_ObjectCategories/175.roulette-wheel/175_0039.jpg,174,175.roulette-wheel
data/raw/caltech256/256_ObjectCategories/175.roulette-wheel/175_0083.jpg,174,175.roulette-wheel
data/raw/caltech256/256_ObjectCategories/175.roulette-wheel/175_0037.jpg,174,175.roulette-wheel
data/raw/caltech256/256_ObjectCategories/176.saddle/176_0016.jpg,175,176.saddle
data/raw/caltech256/256_ObjectCategories/176.saddle/176_0094.jpg,175,176.saddle
data/raw/caltech256/256_ObjectCategories/176.saddle/176_0107.jpg,175,176.saddle
data/raw/caltech256/256_ObjectCategories/176.saddle/176_0046.jpg,175,176.saddle
data/raw/caltech256/256_ObjectCategories/176.saddle/176_0006.jpg,175,176.saddle
data/raw/caltech256/256_ObjectCategories/176.saddle/176_0091.jpg,175,176.saddle
data/raw/caltech256/256_ObjectCategories/176.saddle/176_0056.jpg,175,176.saddle
data/raw/caltech256/256_ObjectCategories/176.saddle/176_0105.jpg,175,176.saddle
data/raw/caltech256/256_ObjectCategories/177.saturn/177_0072.jpg,176,177.saturn
data/raw/caltech256/256_ObjectCategories/177.saturn/177_0047.jpg,176,177.saturn
data/raw/caltech256/256_ObjectCategories/177.saturn/177_0008.jpg,176,177.saturn
data/raw/caltech256/256_ObjectCategories/177.saturn/177_0053.jpg,176,177.saturn
data/raw/caltech256/256_ObjectCategories/177.saturn/177_0015.jpg,176,177.saturn
data/raw/caltech256/256_ObjectCategories/177.saturn/177_0036.jpg,176,177.saturn
data/raw/caltech256/256_ObjectCategories/177.saturn/177_0046.jpg,176,177.saturn
data/raw/caltech256/256_ObjectCategories/178.school-bus/178_0029.jpg,177,178.school-bus
data/raw/caltech256/256_ObjectCategories/178.school-bus/178_0027.jpg,177,178.school-bus
data/raw/caltech256/256_ObjectCategories/178.school-bus/178_0070.jpg,177,178.school-bus
data/raw/caltech256/256_ObjectCategories/178.school-bus/178_0047.jpg,177,178.school-bus
data/raw/caltech256/256_ObjectCategories/178.school-bus/178_0036.jpg,177,178.school-bus
data/raw/caltech256/256_ObjectCategories/178.school-bus/178_0097.jpg,177,178.school-bus
data/raw/caltech256/256_ObjectCategories/178.school-bus/178_0066.jpg,177,178.school-bus
data/raw/caltech256/256_ObjectCategories/179.scorpion-101/179_0045.jpg,178,179.scorpion-101
data/raw/caltech256/256_ObjectCategories/179.scorpion-101/179_0057.jpg,178,179.scorpion-101
data/raw/caltech256/256_ObjectCategories/179.scorpion-101/179_0002.jpg,178,179.scorpion-101
data/raw/caltech256/256_ObjectCategories/179.scorpion-101/179_0010.jpg,178,179.scorpion-101
data/raw/caltech256/256_ObjectCategories/179.scorpion-101/179_0048.jpg,178,179.scorpion-101
data/raw/caltech256/256_ObjectCategories/179.scorpion-101/179_0076.jpg,178,179.scorpion-101
data/raw/caltech256/256_ObjectCategories/180.screwdriver/180_0034.jpg,179,180.screwdriver
data/raw/caltech256/256_ObjectCategories/180.screwdriver/180_0030.jpg,179,180.screwdriver
data/raw/caltech256/256_ObjectCategories/180.screwdriver/180_0096.jpg,179,180.screwdriver
data/raw/caltech256/256_ObjectCategories/180.screwdriver/180_0040.jpg,179,180.screwdriver
data/raw/caltech256/256_ObjectCategories/180.screwdriver/180_0012.jpg,179,180.screwdriver
data/raw/caltech256/256_ObjectCategories/180.screwdriver/180_0015.jpg,179,180.screwdriver
data/raw/caltech256/256_ObjectCategories/180.screwdriver/180_0001.jpg,179,180.screwdriver
data/raw/caltech256/256_ObjectCategories/180.screwdriver/180_0070.jpg,179,180.screwdriver
data/raw/caltech256/256_ObjectCategories/181.segway/181_0045.jpg,180,181.segway
data/raw/caltech256/256_ObjectCategories/181.segway/181_0004.jpg,180,181.segway
data/raw/caltech256/256_ObjectCategories/181.segway/181_0083.jpg,180,181.segway
data/raw/caltech256/256_ObjectCategories/181.segway/181_0069.jpg,180,181.segway
data/raw/caltech256/256_ObjectCategories/181.segway/181_0043.jpg,180,181.segway
data/raw/caltech256/256_ObjectCategories/181.segway/181_0034.jpg,180,181.segway
data/raw/caltech256/256_ObjectCategories/181.segway/181_0071.jpg,180,181.segway
data/raw/caltech256/256_ObjectCategories/182.self-propelled-lawn-mower/182_0106.jpg,181,182.self-propelled-lawn-mower
data/raw/caltech256/256_ObjectCategories/182.self-propelled-lawn-mower/182_0090.jpg,181,182.self-propelled-lawn-mower
data/raw/caltech256/256_ObjectCategories/182.self-propelled-lawn-mower/182_0006.jpg,181,182.self-propelled-lawn-mower
data/raw/caltech256/256_ObjectCategories/182.self-propelled-lawn-mower/182_0018.jpg,181,182.self-propelled-lawn-mower
data/raw/caltech256/256_ObjectCategories/182.self-propelled-lawn-mower/182_0030.jpg,181,182.self-propelled-lawn-mower
data/raw/caltech256/256_ObjectCategories/182.self-propelled-lawn-mower/182_0005.jpg,181,182.self-propelled-lawn-mower
data/raw/caltech256/256_ObjectCategories/182.self-propelled-lawn-mower/182_0062.jpg,181,182.self-propelled-lawn-mower
data/raw/caltech256/256_ObjectCategories/182.self-propelled-lawn-mower/182_0116.jpg,181,182.self-propelled-lawn-mower
data/raw/caltech256/256_ObjectCategories/182.self-propelled-lawn-mower/182_0001.jpg,181,182.self-propelled-lawn-mower
data/raw/caltech256/256_ObjectCategories/183.sextant/183_0066.jpg,182,183.sextant
data/raw/caltech256/256_ObjectCategories/183.sextant/183_0087.jpg,182,183.sextant
data/raw/caltech256/256_ObjectCategories/183.sextant/183_0044.jpg,182,183.sextant
data/raw/caltech256/256_ObjectCategories/183.sextant/183_0055.jpg,182,183.sextant
data/raw/caltech256/256_ObjectCategories/183.sextant/183_0031.jpg,182,183.sextant
data/raw/caltech256/256_ObjectCategories/183.sextant/183_0045.jpg,182,183.sextant
data/raw/caltech256/256_ObjectCategories/183.sextant/183_0059.jpg,182,183.sextant
data/raw/caltech256/256_ObjectCategories/184.sheet-music/184_0010.jpg,183,184.sheet-music
data/raw/caltech256/256_ObjectCategories/184.sheet-music/184_0038.jpg,183,184.sheet-music
data/raw/caltech256/256_ObjectCategories/184.sheet-music/184_0020.jpg,183,184.sheet-music
data/raw/caltech256/256_ObjectCategories/184.sheet-music/184_0045.jpg,183,184.sheet-music
data/raw/caltech256/256_ObjectCategories/184.sheet-music/184_0030.jpg,183,184.sheet-music
data/raw/caltech256/256_ObjectCategories/184.sheet-music/184_0008.jpg,183,184.sheet-music
data/raw/caltech256/256_ObjectCategories/185.skateboard/185_0022.jpg,184,185.skateboard
data/raw/caltech256/256_ObjectCategories/185.skateboard/185_0041.jpg,184,185.skateboard
data/raw/caltech256/256_ObjectCategories/185.skateboard/185_0007.jpg,184,185.skateboard
data/raw/caltech256/256_ObjectCategories/185.skateboard/185_0046.jpg,184,185.skateboard
data/raw/caltech256/256_ObjectCategories/185.skateboard/185_0071.jpg,184,185.skateboard
data/raw/caltech256/256_ObjectCategories/185.skateboard/185_0021.jpg,184,185.skateboard
data/raw/caltech256/256_ObjectCategories/185.skateboard/185_0081.jpg,184,185.skateboard
data/raw/caltech256/256_ObjectCategories/185.skateboard/185_0011.jpg,184,185.skateboard
data/raw/caltech256/256_ObjectCategories/186.skunk/186_0036.jpg,185,186.skunk
data/raw/caltech256/256_ObjectCategories/186.skunk/186_0011.jpg,185,186.skunk
data/raw/caltech256/256_ObjectCategories/186.skunk/186_0046.jpg,185,186.skunk
data/raw/caltech256/256_ObjectCategories/186.skunk/186_0079.jpg,185,186.skunk
data/raw/caltech256/256_ObjectCategories/186.skunk/186_0033.jpg,185,186.skunk
data/raw/caltech256/256_ObjectCategories/186.skunk/186_0072.jpg,185,186.skunk
data/raw/caltech256/256_ObjectCategories/187.skyscraper/187_0092.jpg,186,187.skyscraper
data/raw/caltech256/256_ObjectCategories/187.skyscraper/187_0066.jpg,186,187.skyscraper
data/raw/caltech256/256_ObjectCategories/187.skyscraper/187_0023.jpg,186,187.skyscraper
data/raw/caltech256/256_ObjectCategories/187.skyscraper/187_0073.jpg,186,187.skyscraper
data/raw/caltech256/256_ObjectCategories/187.skyscraper/187_0013.jpg,186,187.skyscraper
data/raw/caltech256/256_ObjectCategories/187.skyscraper/187_0047.jpg,186,187.skyscraper
data/raw/caltech256/256_ObjectCategories/187.skyscraper/187_0045.jpg,186,187.skyscraper
data/raw/caltech256/256_ObjectCategories/188.smokestack/188_0009.jpg,187,188.smokestack
data/raw/caltech256/256_ObjectCategories/188.smokestack/188_0043.jpg,187,188.smokestack
data/raw/caltech256/256_ObjectCategories/188.smokestack/188_0054.jpg,187,188.smokestack
data/raw/caltech256/256_ObjectCategories/188.smokestack/188_0061.jpg,187,188.smokestack
data/raw/caltech256/256_ObjectCategories/188.smokestack/188_0071.jpg,187,188.smokestack
data/raw/caltech256/256_ObjectCategories/188.smokestack/188_0041.jpg,187,188.smokestack
data/raw/caltech256/256_ObjectCategories/188.smokestack/188_0072.jpg,187,188.smokestack
data/raw/caltech256/256_ObjectCategories/189.snail/189_0029.jpg,188,189.snail
data/raw/caltech256/256_ObjectCategories/189.snail/189_0023.jpg,188,189.snail
data/raw/caltech256/256_ObjectCategories/189.snail/189_0099.jpg,188,189.snail
data/raw/caltech256/256_ObjectCategories/189.snail/189_0050.jpg,188,189.snail
data/raw/caltech256/256_ObjectCategories/189.snail/189_0111.jpg,188,189.snail
data/raw/caltech256/256_ObjectCategories/189.snail/189_0067.jpg,188,189.snail
data/raw/caltech256/256_ObjectCategories/189.snail/189_0102.jpg,188,189.snail
data/raw/caltech256/256_ObjectCategories/189.snail/189_0019.jpg,188,189.snail
data/raw/caltech256/256_ObjectCategories/189.snail/189_0076.jpg,188,189.snail
data/raw/caltech256/256_ObjectCategories/190.snake/190_0052.jpg,189,190.snake
data/raw/caltech256/256_ObjectCategories/190.snake/190_0089.jpg,189,190.snake
data/raw/caltech256/256_ObjectCategories/190.snake/190_0023.jpg,189,190.snake
data/raw/caltech256/256_ObjectCategories/190.snake/190_0074.jpg,189,190.snake
data/raw/caltech256/256_ObjectCategories/190.snake/190_0026.jpg,189,190.snake
data/raw/caltech256/256_ObjectCategories/190.snake/190_0060.jpg,189,190.snake
data/raw/caltech256/256_ObjectCategories/190.snake/190_0109.jpg,189,190.snake
data/raw/caltech256/256_ObjectCategories/190.snake/190_0099.jpg,189,190.snake
data/raw/caltech256/256_ObjectCategories/191.sneaker/191_0109.jpg,190,191.sneaker
data/raw/caltech256/256_ObjectCategories/191.sneaker/191_0006.jpg,190,191.sneaker
data/raw/caltech256/256_ObjectCategories/191.sneaker/191_0099.jpg,190,191.sneaker
data/raw/caltech256/256_ObjectCategories/191.sneaker/191_0094.jpg,190,191.sneaker
data/raw/caltech256/256_ObjectCategories/191.sneaker/191_0011.jpg,190,191.sneaker
data/raw/caltech256/256_ObjectCategories/191.sneaker/191_0038.jpg,190,191.sneaker
data/raw/caltech256/256_ObjectCategories/191.sneaker/191_0033.jpg,190,191.sneaker
data/raw/caltech256/256_ObjectCategories/191.sneaker/191_0096.jpg,190,191.sneaker
data/raw/caltech256/256_ObjectCategories/192.snowmobile/192_0016.jpg,191,192.snowmobile
data/raw/caltech256/256_ObjectCategories/192.snowmobile/192_0035.jpg,191,192.snowmobile
data/raw/caltech256/256_ObjectCategories/192.snowmobile/192_0068.jpg,191,192.snowmobile
data/raw/caltech256/256_ObjectCategories/192.snowmobile/192_0055.jpg,191,192.snowmobile
data/raw/caltech256/256_ObjectCategories/192.snowmobile/192_0092.jpg,191,192.snowmobile
data/raw/caltech256/256_ObjectCategories/192.snowmobile/192_0051.jpg,191,192.snowmobile
data/raw/caltech256/256_ObjectCategories/192.snowmobile/192_0096.jpg,191,192.snowmobile
data/raw/caltech256/256_ObjectCategories/192.snowmobile/192_0008.jpg,191,192.snowmobile
data/raw/caltech256/256_ObjectCategories/193.soccer-ball/193_0018.jpg,192,193.soccer-ball
data/raw/caltech256/256_ObjectCategories/193.soccer-ball/193_0073.jpg,192,193.soccer-ball
data/raw/caltech256/256_ObjectCategories/193.soccer-ball/193_0095.jpg,192,193.soccer-ball
data/raw/caltech256/256_ObjectCategories/193.soccer-ball/193_0003.jpg,192,193.soccer-ball
data/raw/caltech256/256_ObjectCategories/193.soccer-ball/193_0049.jpg,192,193.soccer-ball
data/raw/caltech256/256_ObjectCategories/193.soccer-ball/193_0051.jpg,192,193.soccer-ball
data/raw/caltech256/256_ObjectCategories/193.soccer-ball/193_0087.jpg,192,193.soccer-ball
data/raw/caltech256/256_ObjectCategories/193.soccer-ball/193_0145.jpg,192,193.soccer-ball
data/raw/caltech256/256_ObjectCategories/193.soccer-ball/193_0154.jpg,192,193.soccer-ball
data/raw/caltech256/256_ObjectCategories/193.soccer-ball/193_0032.jpg,192,193.soccer-ball
data/raw/caltech256/256_ObjectCategories/193.soccer-ball/193_0042.jpg,192,193.soccer-ball
data/raw/caltech256/256_ObjectCategories/193.soccer-ball/193_0023.jpg,192,193.soccer-ball
data/raw/caltech256/256_ObjectCategories/193.soccer-ball/193_0084.jpg,192,193.soccer-ball
data/raw/caltech256/256_ObjectCategories/194.socks/194_0020.jpg,193,194.socks
data/raw/caltech256/256_ObjectCategories/194.socks/194_0106.jpg,193,194.socks
data/raw/caltech256/256_ObjectCategories/194.socks/194_0032.jpg,193,194.socks
data/raw/caltech256/256_ObjectCategories/194.socks/194_0037.jpg,193,194.socks
data/raw/caltech256/256_ObjectCategories/194.socks/194_0099.jpg,193,194.socks
data/raw/caltech256/256_ObjectCategories/194.socks/194_0047.jpg,193,194.socks
data/raw/caltech256/256_ObjectCategories/194.socks/194_0045.jpg,193,194.socks
data/raw/caltech256/256_ObjectCategories/194.socks/194_0093.jpg,193,194.socks
data/raw/caltech256/256_ObjectCategories/195.soda-can/195_0066.jpg,194,195.soda-can
data/raw/caltech256/256_ObjectCategories/195.soda-can/195_0028.jpg,194,195.soda-can
data/raw/caltech256/256_ObjectCategories/195.soda-can/195_0073.jpg,194,195.soda-can
data/raw/caltech256/256_ObjectCategories/195.soda-can/195_0003.jpg,194,195.soda-can
data/raw/caltech256/256_ObjectCategories/195.soda-can/195_0002.jpg,194,195.soda-can
data/raw/caltech256/256_ObjectCategories/195.soda-can/195_0027.jpg,194,195.soda-can
data/raw/caltech256/256_ObjectCategories/195.soda-can/195_0059.jpg,194,195.soda-can
data/raw/caltech256/256_ObjectCategories/196.spaghetti/196_0103.jpg,195,196.spaghetti
data/raw/caltech256/256_ObjectCategories/196.spaghetti/196_0028.jpg,195,196.spaghetti
data/raw/caltech256/256_ObjectCategories/196.spaghetti/196_0033.jpg,195,196.spaghetti
data/raw/caltech256/256_ObjectCategories/196.spaghetti/196_0104.jpg,195,196.spaghetti
data/raw/caltech256/256_ObjectCategories/196.spaghetti/196_0012.jpg,195,196.spaghetti
data/raw/caltech256/256_ObjectCategories/196.spaghetti/196_0047.jpg,195,196.spaghetti
data/raw/caltech256/256_ObjectCategories/196.spaghetti/196_0002.jpg,195,196.spaghetti
data/raw/caltech256/256_ObjectCategories/196.spaghetti/196_0051.jpg,195,196.spaghetti
data/raw/caltech256/256_ObjectCategories/197.speed-boat/197_0069.jpg,196,197.speed-boat
data/raw/caltech256/256_ObjectCategories/197.speed-boat/197_0023.jpg,196,197.speed-boat
data/raw/caltech256/256_ObjectCategories/197.speed-boat/197_0086.jpg,196,197.speed-boat
data/raw/caltech256/256_ObjectCategories/197.speed-boat/197_0034.jpg,196,197.speed-boat
data/raw/caltech256/256_ObjectCategories/197.speed-boat/197_0081.jpg,196,197.speed-boat
data/raw/caltech256/256_ObjectCategories/197.speed-boat/197_0015.jpg,196,197.speed-boat
data/raw/caltech256/256_ObjectCategories/197.speed-boat/197_0029.jpg,196,197.speed-boat
data/raw/caltech256/256_ObjectCategories/198.spider/198_0009.jpg,197,198.spider
data/raw/caltech256/256_ObjectCategories/198.spider/198_0023.jpg,197,198.spider
data/raw/caltech256/256_ObjectCategories/198.spider/198_0006.jpg,197,198.spider
data/raw/caltech256/256_ObjectCategories/198.spider/198_0096.jpg,197,198.spider
data/raw/caltech256/256_ObjectCategories/198.spider/198_0001.jpg,197,198.spider
data/raw/caltech256/256_ObjectCategories/198.spider/198_0033.jpg,197,198.spider
data/raw/caltech256/256_ObjectCategories/198.spider/198_0032.jpg,197,198.spider
data/raw/caltech256/256_ObjectCategories/198.spider/198_0049.jpg,197,198.spider
data/raw/caltech256/256_ObjectCategories/199.spoon/199_0022.jpg,198,199.spoon
data/raw/caltech256/256_ObjectCategories/199.spoon/199_0011.jpg,198,199.spoon
data/raw/caltech256/256_ObjectCategories/199.spoon/199_0086.jpg,198,199.spoon
data/raw/caltech256/256_ObjectCategories/199.spoon/199_0044.jpg,198,199.spoon
data/raw/caltech256/256_ObjectCategories/199.spoon/199_0013.jpg,198,199.spoon
data/raw/caltech256/256_ObjectCategories/199.spoon/199_0057.jpg,198,199.spoon
data/raw/caltech256/256_ObjectCategories/199.spoon/199_0019.jpg,198,199.spoon
data/raw/caltech256/256_ObjectCategories/199.spoon/199_0025.jpg,198,199.spoon
data/raw/caltech256/256_ObjectCategories/200.stained-glass/200_0012.jpg,199,200.stained-glass
data/raw/caltech256/256_ObjectCategories/200.stained-glass/200_0018.jpg,199,200.stained-glass
data/raw/caltech256/256_ObjectCategories/200.stained-glass/200_0013.jpg,199,200.stained-glass
data/raw/caltech256/256_ObjectCategories/200.stained-glass/200_0100.jpg,199,200.stained-glass
data/raw/caltech256/256_ObjectCategories/200.stained-glass/200_0046.jpg,199,200.stained-glass
data/raw/caltech256/256_ObjectCategories/200.stained-glass/200_0014.jpg,199,200.stained-glass
data/raw/caltech256/256_ObjectCategories/200.stained-glass/200_0015.jpg,199,200.stained-glass
data/raw/caltech256/256_ObjectCategories/201.starfish-101/201_0028.jpg,200,201.starfish-101
data/raw/caltech256/256_ObjectCategories/201.starfish-101/201_0011.jpg,200,201.starfish-101
data/raw/caltech256/256_ObjectCategories/201.starfish-101/201_0025.jpg,200,201.starfish-101
data/raw/caltech256/256_ObjectCategories/201.starfish-101/201_0057.jpg,200,201.starfish-101
data/raw/caltech256/256_ObjectCategories/201.starfish-101/201_0072.jpg,200,201.starfish-101
data/raw/caltech256/256_ObjectCategories/201.starfish-101/201_0049.jpg,200,201.starfish-101
data/raw/caltech256/256_ObjectCategories/202.steering-wheel/202_0004.jpg,201,202.steering-wheel
data/raw/caltech256/256_ObjectCategories/202.steering-wheel/202_0023.jpg,201,202.steering-wheel
data/raw/caltech256/256_ObjectCategories/202.steering-wheel/202_0037.jpg,201,202.steering-wheel
data/raw/caltech256/256_ObjectCategories/202.steering-wheel/202_0006.jpg,201,202.steering-wheel
data/raw/caltech256/256_ObjectCategories/202.steering-wheel/202_0050.jpg,201,202.steering-wheel
data/raw/caltech256/256_ObjectCategories/202.steering-wheel/202_0024.jpg,201,202.steering-wheel
data/raw/caltech256/256_ObjectCategories/202.steering-wheel/202_0054.jpg,201,202.steering-wheel
data/raw/caltech256/256_ObjectCategories/203.stirrups/203_0025.jpg,202,203.stirrups
data/raw/caltech256/256_ObjectCategories/203.stirrups/203_0067.jpg,202,203.stirrups
data/raw/caltech256/256_ObjectCategories/203.stirrups/203_0014.jpg,202,203.stirrups
data/raw/caltech256/256_ObjectCategories/203.stirrups/203_0012.jpg,202,203.stirrups
data/raw/caltech256/256_ObjectCategories/203.stirrups/203_0084.jpg,202,203.stirrups
data/raw/caltech256/256_ObjectCategories/203.stirrups/203_0082.jpg,202,203.stirrups
data/raw/caltech256/256_ObjectCategories/203.stirrups/203_0034.jpg,202,203.stirrups
data/raw/caltech256/256_ObjectCategories/204.sunflower-101/204_0078.jpg,203,204.sunflower-101
data/raw/caltech256/256_ObjectCategories/204.sunflower-101/204_0018.jpg,203,204.sunflower-101
data/raw/caltech256/256_ObjectCategories/204.sunflower-101/204_0001.jpg,203,204.sunflower-101
data/raw/caltech256/256_ObjectCategories/204.sunflower-101/204_0004.jpg,203,204.sunflower-101
data/raw/caltech256/256_ObjectCategories/204.sunflower-101/204_0029.jpg,203,204.sunflower-101
data/raw/caltech256/256_ObjectCategories/204.sunflower-101/204_0009.jpg,203,204.sunflower-101
data/raw/caltech256/256_ObjectCategories/205.superman/205_0004.jpg,204,205.superman
data/raw/caltech256/256_ObjectCategories/205.superman/205_0021.jpg,204,205.superman
data/raw/caltech256/256_ObjectCategories/205.superman/205_0061.jpg,204,205.superman
data/raw/caltech256/256_ObjectCategories/205.superman/205_0022.jpg,204,205.superman
data/raw/caltech256/256_ObjectCategories/205.superman/205_0019.jpg,204,205.superman
data/raw/caltech256/256_ObjectCategories/205.superman/205_0037.jpg,204,205.superman
data/raw/caltech256/256_ObjectCategories/205.superman/205_0009.jpg,204,205.superman
data/raw/caltech256/256_ObjectCategories/206.sushi/206_0056.jpg,205,206.sushi
data/raw/caltech256/256_ObjectCategories/206.sushi/206_0087.jpg,205,206.sushi
data/raw/caltech256/256_ObjectCategories/206.sushi/206_0072.jpg,205,206.sushi
data/raw/caltech256/256_ObjectCategories/206.sushi/206_0061.jpg,205,206.sushi
data/raw/caltech256/256_ObjectCategories/206.sushi/206_0092.jpg,205,206.sushi
data/raw/caltech256/256_ObjectCategories/206.sushi/206_0012.jpg,205,206.sushi
data/raw/caltech256/256_ObjectCategories/206.sushi/206_0017.jpg,205,206.sushi
data/raw/caltech256/256_ObjectCategories/207.swan/207_0029.jpg,206,207.swan
data/raw/caltech256/256_ObjectCategories/207.swan/207_0035.jpg,206,207.swan
data/raw/caltech256/256_ObjectCategories/207.swan/207_0105.jpg,206,207.swan
data/raw/caltech256/256_ObjectCategories/207.swan/207_0026.jpg,206,207.swan
data/raw/caltech256/256_ObjectCategories/207.swan/207_0015.jpg,206,207.swan
data/raw/caltech256/256_ObjectCategories/207.swan/207_0102.jpg,206,207.swan
data/raw/caltech256/256_ObjectCategories/207.swan/207_0062.jpg,206,207.swan
data/raw/caltech256/256_ObjectCategories/207.swan/207_0086.jpg,206,207.swan
data/raw/caltech256/256_ObjectCategories/208.swiss-army-knife/208_0073.jpg,207,208.swiss-army-knife
data/raw/caltech256/256_ObjectCategories/208.swiss-army-knife/208_0027.jpg,207,208.swiss-army-knife
data/raw/caltech256/256_ObjectCategories/208.swiss-army-knife/208_0091.jpg,207,208.swiss-army-knife
data/raw/caltech256/256_ObjectCategories/208.swiss-army-knife/208_0018.jpg,207,208.swiss-army-knife
data/raw/caltech256/256_ObjectCategories/208.swiss-army-knife/208_0106.jpg,207,208.swiss-army-knife
data/raw/caltech256/256_ObjectCategories/208.swiss-army-knife/208_0080.jpg,207,208.swiss-army-knife
data/raw/caltech256/256_ObjectCategories/208.swiss-army-knife/208_0013.jpg,207,208.swiss-army-knife
data/raw/caltech256/256_ObjectCategories/208.swiss-army-knife/208_0095.jpg,207,208.swiss-army-knife
data/raw/caltech256/256_ObjectCategories/209.sword/209_0030.jpg,208,209.sword
data/raw/caltech256/256_ObjectCategories/209.sword/209_0026.jpg,208,209.sword
data/raw/caltech256/256_ObjectCategories/209.sword/209_0044.jpg,208,209.sword
data/raw/caltech256/256_ObjectCategories/209.sword/209_0036.jpg,208,209.sword
data/raw/caltech256/256_ObjectCategories/209.sword/209_0092.jpg,208,209.sword
data/raw/caltech256/256_ObjectCategories/209.sword/209_0062.jpg,208,209.sword
data/raw/caltech256/256_ObjectCategories/209.sword/209_0081.jpg,208,209.sword
data/raw/caltech256/256_ObjectCategories/209.sword/209_0037.jpg,208,209.sword
data/raw/caltech256/256_ObjectCategories/210.syringe/210_0016.jpg,209,210.syringe
data/raw/caltech256/256_ObjectCategories/210.syringe/210_0058.jpg,209,210.syringe
data/raw/caltech256/256_ObjectCategories/210.syringe/210_0076.jpg,209,210.syringe
data/raw/caltech256/256_ObjectCategories/210.syringe/210_0042.jpg,209,210.syringe
data/raw/caltech256/256_ObjectCategories/210.syringe/210_0040.jpg,209,210.syringe
data/raw/caltech256/256_ObjectCategories/210.syringe/210_0031.jpg,209,210.syringe
data/raw/caltech256/256_ObjectCategories/210.syringe/210_0082.jpg,209,210.syringe
data/raw/caltech256/256_ObjectCategories/210.syringe/210_0089.jpg,209,210.syringe
data/raw/caltech256/256_ObjectCategories/211.tambourine/211_0029.jpg,210,211.tambourine
data/raw/caltech256/256_ObjectCategories/211.tambourine/211_0028.jpg,210,211.tambourine
data/raw/caltech256/256_ObjectCategories/211.tambourine/211_0019.jpg,210,211.tambourine
data/raw/caltech256/256_ObjectCategories/211.tambourine/211_0063.jpg,210,211.tambourine
data/raw/caltech256/256_ObjectCategories/211.tambourine/211_0033.jpg,210,211.tambourine
data/raw/caltech256/256_ObjectCategories/211.tambourine/211_0068.jpg,210,211.tambourine
data/raw/caltech256/256_ObjectCategories/211.tambourine/211_0007.jpg,210,211.tambourine
data/raw/caltech256/256_ObjectCategories/212.teapot/212_0017.jpg,211,212.teapot
data/raw/caltech256/256_ObjectCategories/212.teapot/212_0048.jpg,211,212.teapot
data/raw/caltech256/256_ObjectCategories/212.teapot/212_0113.jpg,211,212.teapot
data/raw/caltech256/256_ObjectCategories/212.teapot/212_0035.jpg,211,212.teapot
data/raw/caltech256/256_ObjectCategories/212.teapot/212_0105.jpg,211,212.teapot
data/raw/caltech256/256_ObjectCategories/212.teapot/212_0015.jpg,211,212.teapot
data/raw/caltech256/256_ObjectCategories/212.teapot/212_0076.jpg,211,212.teapot
data/raw/caltech256/256_ObjectCategories/212.teapot/212_0128.jpg,211,212.teapot
data/raw/caltech256/256_ObjectCategories/212.teapot/212_0121.jpg,211,212.teapot
data/raw/caltech256/256_ObjectCategories/212.teapot/212_0083.jpg,211,212.teapot
data/raw/caltech256/256_ObjectCategories/213.teddy-bear/213_0055.jpg,212,213.teddy-bear
data/raw/caltech256/256_ObjectCategories/213.teddy-bear/213_0013.jpg,212,213.teddy-bear
data/raw/caltech256/256_ObjectCategories/213.teddy-bear/213_0030.jpg,212,213.teddy-bear
data/raw/caltech256/256_ObjectCategories/213.teddy-bear/213_0059.jpg,212,213.teddy-bear
data/raw/caltech256/256_ObjectCategories/213.teddy-bear/213_0024.jpg,212,213.teddy-bear
data/raw/caltech256/256_ObjectCategories/213.teddy-bear/213_0022.jpg,212,213.teddy-bear
data/raw/caltech256/256_ObjectCategories/213.teddy-bear/213_0005.jpg,212,213.teddy-bear
data/raw/caltech256/256_ObjectCategories/213.teddy-bear/213_0077.jpg,212,213.teddy-bear
data/raw/caltech256/256_ObjectCategories/214.teepee/214_0109.jpg,213,214.teepee
data/raw/caltech256/256_ObjectCategories/214.teepee/214_0066.jpg,213,214.teepee
data/raw/caltech256/256_ObjectCategories/214.teepee/214_0012.jpg,213,214.teepee
data/raw/caltech256/256_ObjectCategories/214.teepee/214_0018.jpg,213,214.teepee
data/raw/caltech256/256_ObjectCategories/214.teepee/214_0056.jpg,213,214.teepee
data/raw/caltech256/256_ObjectCategories/214.teepee/214_0107.jpg,213,214.teepee
data/raw/caltech256/256_ObjectCategories/214.teepee/214_0071.jpg,213,214.teepee
data/raw/caltech256/256_ObjectCategories/214.teepee/214_0029.jpg,213,214.teepee
data/raw/caltech256/256_ObjectCategories/214.teepee/214_0086.jpg,213,214.teepee
data/raw/caltech256/256_ObjectCategories/214.teepee/214_0017.jpg,213,214.teepee
data/raw/caltech256/256_ObjectCategories/215.telephone-box/215_0050.jpg,214,215.telephone-box
data/raw/caltech256/256_ObjectCategories/215.telephone-box/215_0011.jpg,214,215.telephone-box
data/raw/caltech256/256_ObjectCategories/215.telephone-box/215_0076.jpg,214,215.telephone-box
data/raw/caltech256/256_ObjectCategories/215.telephone-box/215_0037.jpg,214,215.telephone-box
data/raw/caltech256/256_ObjectCategories/215.telephone-box/215_0073.jpg,214,215.telephone-box
data/raw/caltech256/256_ObjectCategories/215.telephone-box/215_0054.jpg,214,215.telephone-box
data/raw/caltech256/256_ObjectCategories/216.tennis-ball/216_0055.jpg,215,216.tennis-ball
data/raw/caltech256/256_ObjectCategories/216.tennis-ball/216_0021.jpg,215,216.tennis-ball
data/raw/caltech256/256_ObjectCategories/216.tennis-ball/216_0078.jpg,215,216.tennis-ball
data/raw/caltech256/256_ObjectCategories/216.tennis-ball/216_0066.jpg,215,216.tennis-ball
data/raw/caltech256/256_ObjectCategories/216.tennis-ball/216_0077.jpg,215,216.tennis-ball
data/raw/caltech256/256_ObjectCategories/216.tennis-ball/216_0012.jpg,215,216.tennis-ball
data/raw/caltech256/256_ObjectCategories/216.tennis-ball/216_0091.jpg,215,216.tennis-ball
data/raw/caltech256/256_ObjectCategories/217.tennis-court/217_0095.jpg,216,217.tennis-court
data/raw/caltech256/256_ObjectCategories/217.tennis-court/217_0096.jpg,216,217.tennis-court
data/raw/caltech256/256_ObjectCategories/217.tennis-court/217_0033.jpg,216,217.tennis-court
data/raw/caltech256/256_ObjectCategories/217.tennis-court/217_0071.jpg,216,217.tennis-court
data/raw/caltech256/256_ObjectCategories/217.tennis-court/217_0058.jpg,216,217.tennis-court
data/raw/caltech256/256_ObjectCategories/217.tennis-court/217_0103.jpg,216,217.tennis-court
data/raw/caltech256/256_ObjectCategories/217.tennis-court/217_0081.jpg,216,217.tennis-court
data/raw/caltech256/256_ObjectCategories/217.tennis-court/217_0024.jpg,216,217.tennis-court
data/raw/caltech256/256_ObjectCategories/218.tennis-racket/218_0019.jpg,217,218.tennis-racket
data/raw/caltech256/256_ObjectCategories/218.tennis-racket/218_0063.jpg,217,218.tennis-racket
data/raw/caltech256/256_ObjectCategories/218.tennis-racket/218_0041.jpg,217,218.tennis-racket
data/raw/caltech256/256_ObjectCategories/218.tennis-racket/218_0046.jpg,217,218.tennis-racket
data/raw/caltech256/256_ObjectCategories/218.tennis-racket/218_0031.jpg,217,218.tennis-racket
data/raw/caltech256/256_ObjectCategories/218.tennis-racket/218_0035.jpg,217,218.tennis-racket
data/raw/caltech256/256_ObjectCategories/219.theodolite/219_0010.jpg,218,219.theodolite
data/raw/caltech256/256_ObjectCategories/219.theodolite/219_0052.jpg,218,219.theodolite
data/raw/caltech256/256_ObjectCategories/219.theodolite/219_0046.jpg,218,219.theodolite
data/raw/caltech256/256_ObjectCategories/219.theodolite/219_0063.jpg,218,219.theodolite
data/raw/caltech256/256_ObjectCategories/219.theodolite/219_0074.jpg,218,219.theodolite
data/raw/caltech256/256_ObjectCategories/219.theodolite/219_0031.jpg,218,219.theodolite
data/raw/caltech256/256_ObjectCategories/220.toaster/220_0050.jpg,219,220.toaster
data/raw/caltech256/256_ObjectCategories/220.toaster/220_0045.jpg,219,220.toaster
data/raw/caltech256/256_ObjectCategories/220.toaster/220_0085.jpg,219,220.toaster
data/raw/caltech256/256_ObjectCategories/220.toaster/220_0087.jpg,219,220.toaster
data/raw/caltech256/256_ObjectCategories/220.toaster/220_0049.jpg,219,220.toaster
data/raw/caltech256/256_ObjectCategories/220.toaster/220_0030.jpg,219,220.toaster
data/raw/caltech256/256_ObjectCategories/220.toaster/220_0003.jpg,219,220.toaster
data/raw/caltech256/256_ObjectCategories/221.tomato/221_0061.jpg,220,221.tomato
data/raw/caltech256/256_ObjectCategories/221.tomato/221_0042.jpg,220,221.tomato
data/raw/caltech256/256_ObjectCategories/221.tomato/221_0031.jpg,220,221.tomato
data/raw/caltech256/256_ObjectCategories/221.tomato/221_0050.jpg,220,221.tomato
data/raw/caltech256/256_ObjectCategories/221.tomato/221_0099.jpg,220,221.tomato
data/raw/caltech256/256_ObjectCategories/221.tomato/221_0038.jpg,220,221.tomato
data/raw/caltech256/256_ObjectCategories/221.tomato/221_0098.jpg,220,221.tomato
data/raw/caltech256/256_ObjectCategories/221.tomato/221_0026.jpg,220,221.tomato
data/raw/caltech256/256_ObjectCategories/222.tombstone/222_0064.jpg,221,222.tombstone
data/raw/caltech256/256_ObjectCategories/222.tombstone/222_0070.jpg,221,222.tombstone
data/raw/caltech256/256_ObjectCategories/222.tombstone/222_0024.jpg,221,222.tombstone
data/raw/caltech256/256_ObjectCategories/222.tombstone/222_0008.jpg,221,222.tombstone
data/raw/caltech256/256_ObjectCategories/222.tombstone/222_0022.jpg,221,222.tombstone
data/raw/caltech256/256_ObjectCategories/222.tombstone/222_0030.jpg,221,222.tombstone
data/raw/caltech256/256_ObjectCategories/222.tombstone/222_0001.jpg,221,222.tombstone
data/raw/caltech256/256_ObjectCategories/223.top-hat/223_0036.jpg,222,223.top-hat
data/raw/caltech256/256_ObjectCategories/223.top-hat/223_0039.jpg,222,223.top-hat
data/raw/caltech256/256_ObjectCategories/223.top-hat/223_0054.jpg,222,223.top-hat
data/raw/caltech256/256_ObjectCategories/223.top-hat/223_0058.jpg,222,223.top-hat
data/raw/caltech256/256_ObjectCategories/223.top-hat/223_0050.jpg,222,223.top-hat
data/raw/caltech256/256_ObjectCategories/223.top-hat/223_0038.jpg,222,223.top-hat
data/raw/caltech256/256_ObjectCategories/224.touring-bike/224_0047.jpg,223,224.touring-bike
data/raw/caltech256/256_ObjectCategories/224.touring-bike/224_0071.jpg,223,224.touring-bike
data/raw/caltech256/256_ObjectCategories/224.touring-bike/224_0075.jpg,223,224.touring-bike
data/raw/caltech256/256_ObjectCategories/224.touring-bike/224_0032.jpg,223,224.touring-bike
data/raw/caltech256/256_ObjectCategories/224.touring-bike/224_0058.jpg,223,224.touring-bike
data/raw/caltech256/256_ObjectCategories/224.touring-bike/224_0064.jpg,223,224.touring-bike
data/raw/caltech256/256_ObjectCategories/224.touring-bike/224_0022.jpg,223,224.touring-bike
data/raw/caltech256/256_ObjectCategories/224.touring-bike/224_0092.jpg,223,224.touring-bike
data/raw/caltech256/256_ObjectCategories/225.tower-pisa/225_0036.jpg,224,225.tower-pisa
data/raw/caltech256/256_ObjectCategories/225.tower-pisa/225_0082.jpg,224,225.tower-pisa
data/raw/caltech256/256_ObjectCategories/225.tower-pisa/225_0017.jpg,224,225.tower-pisa
data/raw/caltech256/256_ObjectCategories/225.tower-pisa/225_0039.jpg,224,225.tower-pisa
data/raw/caltech256/256_ObjectCategories/225.tower-pisa/225_0019.jpg,224,225.tower-pisa
data/raw/caltech256/256_ObjectCategories/225.tower-pisa/225_0058.jpg,224,225.tower-pisa
data/raw/caltech256/256_ObjectCategories/225.tower-pisa/225_0078.jpg,224,225.tower-pisa
data/raw/caltech256/256_ObjectCategories/226.traffic-light/226_0012.jpg,225,226.traffic-light
data/raw/caltech256/256_ObjectCategories/226.traffic-light/226_0003.jpg,225,226.traffic-light
data/raw/caltech256/256_ObjectCategories/226.traffic-light/226_0093.jpg,225,226.traffic-light
data/raw/caltech256/256_ObjectCategories/226.traffic-light/226_0004.jpg,225,226.traffic-light
data/raw/caltech256/256_ObjectCategories/226.traffic-light/226_0064.jpg,225,226.traffic-light
data/raw/caltech256/256_ObjectCategories/226.traffic-light/226_0072.jpg,225,226.traffic-light
data/raw/caltech256/256_ObjectCategories/226.traffic-light/226_0089.jpg,225,226.traffic-light
data/raw/caltech256/256_ObjectCategories/227.treadmill/227_0125.jpg,226,227.treadmill
data/raw/caltech256/256_ObjectCategories/227.treadmill/227_0028.jpg,226,227.treadmill
data/raw/caltech256/256_ObjectCategories/227.treadmill/227_0073.jpg,226,227.treadmill
data/raw/caltech256/256_ObjectCategories/227.treadmill/227_0013.jpg,226,227.treadmill
data/raw/caltech256/256_ObjectCategories/227.treadmill/227_0041.jpg,226,227.treadmill
data/raw/caltech256/256_ObjectCategories/227.treadmill/227_0083.jpg,226,227.treadmill
data/raw/caltech256/256_ObjectCategories/227.treadmill/227_0144.jpg,226,227.treadmill
data/raw/caltech256/256_ObjectCategories/227.treadmill/227_0088.jpg,226,227.treadmill
data/raw/caltech256/256_ObjectCategories/227.treadmill/227_0106.jpg,226,227.treadmill
data/raw/caltech256/256_ObjectCategories/227.treadmill/227_0080.jpg,226,227.treadmill
data/raw/caltech256/256_ObjectCategories/227.treadmill/227_0033.jpg,226,227.treadmill
data/raw/caltech256/256_ObjectCategories/228.triceratops/228_0001.jpg,227,228.triceratops
data/raw/caltech256/256_ObjectCategories/228.triceratops/228_0015.jpg,227,228.triceratops
data/raw/caltech256/256_ObjectCategories/228.triceratops/228_0026.jpg,227,228.triceratops
data/raw/caltech256/256_ObjectCategories/228.triceratops/228_0083.jpg,227,228.triceratops
data/raw/caltech256/256_ObjectCategories/228.triceratops/228_0055.jpg,227,228.triceratops
data/raw/caltech256/256_ObjectCategories/228.triceratops/228_0058.jpg,227,228.triceratops
data/raw/caltech256/256_ObjectCategories/228.triceratops/228_0082.jpg,227,228.triceratops
data/raw/caltech256/256_ObjectCategories/229.tricycle/229_0090.jpg,228,229.tricycle
data/raw/caltech256/256_ObjectCategories/229.tricycle/229_0002.jpg,228,229.tricycle
data/raw/caltech256/256_ObjectCategories/229.tricycle/229_0093.jpg,228,229.tricycle
data/raw/caltech256/256_ObjectCategories/229.tricycle/229_0001.jpg,228,229.tricycle
data/raw/caltech256/256_ObjectCategories/229.tricycle/229_0077.jpg,228,229.tricycle
data/raw/caltech256/256_ObjectCategories/229.tricycle/229_0012.jpg,228,229.tricycle
data/raw/caltech256/256_ObjectCategories/229.tricycle/229_0030.jpg,228,229.tricycle
data/raw/caltech256/256_ObjectCategories/230.trilobite-101/230_0061.jpg,229,230.trilobite-101
data/raw/caltech256/256_ObjectCategories/230.trilobite-101/230_0028.jpg,229,230.trilobite-101
data/raw/caltech256/256_ObjectCategories/230.trilobite-101/230_0010.jpg,229,230.trilobite-101
data/raw/caltech256/256_ObjectCategories/230.trilobite-101/230_0068.jpg,229,230.trilobite-101
data/raw/caltech256/256_ObjectCategories/230.trilobite-101/230_0038.jpg,229,230.trilobite-101
data/raw/caltech256/256_ObjectCategories/230.trilobite-101/230_0078.jpg,229,230.trilobite-101
data/raw/caltech256/256_ObjectCategories/230.trilobite-101/230_0008.jpg,229,230.trilobite-101
data/raw/caltech256/256_ObjectCategories/231.tripod/231_0079.jpg,230,231.tripod
data/raw/caltech256/256_ObjectCategories/231.tripod/231_0054.jpg,230,231.tripod
data/raw/caltech256/256_ObjectCategories/231.tripod/231_0015.jpg,230,231.tripod
data/raw/caltech256/256_ObjectCategories/231.tripod/231_0049.jpg,230,231.tripod
data/raw/caltech256/256_ObjectCategories/231.tripod/231_0106.jpg,230,231.tripod
data/raw/caltech256/256_ObjectCategories/231.tripod/231_0108.jpg,230,231.tripod
data/raw/caltech256/256_ObjectCategories/231.tripod/231_0034.jpg,230,231.tripod
data/raw/caltech256/256_ObjectCategories/231.tripod/231_0099.jpg,230,231.tripod
data/raw/caltech256/256_ObjectCategories/232.t-shirt/232_0354.jpg,231,232.t-shirt
data/raw/caltech256/256_ObjectCategories/232.t-shirt/232_0033.jpg,231,232.t-shirt
data/raw/caltech256/256_ObjectCategories/232.t-shirt/232_0023.jpg,231,232.t-shirt
data/raw/caltech256/256_ObjectCategories/232.t-shirt/232_0331.jpg,231,232.t-shirt
data/raw/caltech256/256_ObjectCategories/232.t-shirt/232_0039.jpg,231,232.t-shirt
data/raw/caltech256/256_ObjectCategories/232.t-shirt/232_0101.jpg,231,232.t-shirt
data/raw/caltech256/256_ObjectCategories/232.t-shirt/232_0169.jpg,231,232.t-shirt
data/raw/caltech256/256_ObjectCategories/232.t-shirt/232_0273.jpg,231,232.t-shirt
data/raw/caltech256/256_ObjectCategories/232.t-shirt/232_0090.jpg,231,232.t-shirt
data/raw/caltech256/256_ObjectCategories/232.t-shirt/232_0123.jpg,231,232.t-shirt
data/raw/caltech256/256_ObjectCategories/232.t-shirt/232_0253.jpg,231,232.t-shirt
data/raw/caltech256/256_ObjectCategories/232.t-shirt/232_0303.jpg,231,232.t-shirt
data/raw/caltech256/256_ObjectCategories/232.t-shirt/232_0276.jpg,231,232.t-shirt
data/raw/caltech256/256_ObjectCategories/232.t-shirt/232_0250.jpg,231,232.t-shirt
data/raw/caltech256/256_ObjectCategories/232.t-shirt/232_0044.jpg,231,232.t-shirt
data/raw/caltech256/256_ObjectCategories/232.t-shirt/232_0173.jpg,231,232.t-shirt
data/raw/caltech256/256_ObjectCategories/232.t-shirt/232_0007.jpg,231,232.t-shirt
data/raw/caltech256/256_ObjectCategories/232.t-shirt/232_0167.jpg,231,232.t-shirt
data/raw/caltech256/256_ObjectCategories/232.t-shirt/232_0032.jpg,231,232.t-shirt
data/raw/caltech256/256_ObjectCategories/232.t-shirt/232_0047.jpg,231,232.t-shirt
data/raw/caltech256/256_ObjectCategories/232.t-shirt/232_0133.jpg,231,232.t-shirt
data/raw/caltech256/256_ObjectCategories/232.t-shirt/232_0328.jpg,231,232.t-shirt
data/raw/caltech256/256_ObjectCategories/232.t-shirt/232_0311.jpg,231,232.t-shirt
data/raw/caltech256/256_ObjectCategories/232.t-shirt/232_0048.jpg,231,232.t-shirt
data/raw/caltech256/256_ObjectCategories/232.t-shirt/232_0183.jpg,231,232.t-shirt
data/raw/caltech256/256_ObjectCategories/233.tuning-fork/233_0014.jpg,232,233.tuning-fork
data/raw/caltech256/256_ObjectCategories/233.tuning-fork/233_0011.jpg,232,233.tuning-fork
data/raw/caltech256/256_ObjectCategories/233.tuning-fork/233_0042.jpg,232,233.tuning-fork
data/raw/caltech256/256_ObjectCategories/233.tuning-fork/233_0083.jpg,232,233.tuning-fork
data/raw/caltech256/256_ObjectCategories/233.tuning-fork/233_0095.jpg,232,233.tuning-fork
data/raw/caltech256/256_ObjectCategories/233.tuning-fork/233_0041.jpg,232,233.tuning-fork
data/raw/caltech256/256_ObjectCategories/233.tuning-fork/233_0074.jpg,232,233.tuning-fork
data/raw/caltech256/256_ObjectCategories/234.tweezer/234_0035.jpg,233,234.tweezer
data/raw/caltech256/256_ObjectCategories/234.tweezer/234_0085.jpg,233,234.tweezer
data/raw/caltech256/256_ObjectCategories/234.tweezer/234_0121.jpg,233,234.tweezer
data/raw/caltech256/256_ObjectCategories/234.tweezer/234_0084.jpg,233,234.tweezer
data/raw/caltech256/256_ObjectCategories/234.tweezer/234_0012.jpg,233,234.tweezer
data/raw/caltech256/256_ObjectCategories/234.tweezer/234_0046.jpg,233,234.tweezer
data/raw/caltech256/256_ObjectCategories/234.tweezer/234_0013.jpg,233,234.tweezer
data/raw/caltech256/256_ObjectCategories/234.tweezer/234_0058.jpg,233,234.tweezer
data/raw/caltech256/256_ObjectCategories/234.tweezer/234_0082.jpg,233,234.tweezer
data/raw/caltech256/256_ObjectCategories/235.umbrella-101/235_0047.jpg,234,235.umbrella-101
data/raw/caltech256/256_ObjectCategories/235.umbrella-101/235_0079.jpg,234,235.umbrella-101
data/raw/caltech256/256_ObjectCategories/235.umbrella-101/235_0086.jpg,234,235.umbrella-101
data/raw/caltech256/256_ObjectCategories/235.umbrella-101/235_0008.jpg,234,235.umbrella-101
data/raw/caltech256/256_ObjectCategories/235.umbrella-101/235_0004.jpg,234,235.umbrella-101
data/raw/caltech256/256_ObjectCategories/235.umbrella-101/235_0054.jpg,234,235.umbrella-101
data/raw/caltech256/256_ObjectCategories/235.umbrella-101/235_0064.jpg,234,235.umbrella-101
data/raw/caltech256/256_ObjectCategories/235.umbrella-101/235_0013.jpg,234,235.umbrella-101
data/raw/caltech256/256_ObjectCategories/236.unicorn/236_0028.jpg,235,236.unicorn
data/raw/caltech256/256_ObjectCategories/236.unicorn/236_0063.jpg,235,236.unicorn
data/raw/caltech256/256_ObjectCategories/236.unicorn/236_0036.jpg,235,236.unicorn
data/raw/caltech256/256_ObjectCategories/236.unicorn/236_0022.jpg,235,236.unicorn
data/raw/caltech256/256_ObjectCategories/236.unicorn/236_0040.jpg,235,236.unicorn
data/raw/caltech256/256_ObjectCategories/236.unicorn/236_0075.jpg,235,236.unicorn
data/raw/caltech256/256_ObjectCategories/236.unicorn/236_0052.jpg,235,236.unicorn
data/raw/caltech256/256_ObjectCategories/237.vcr/237_0085.jpg,236,237.vcr
data/raw/caltech256/256_ObjectCategories/237.vcr/237_0056.jpg,236,237.vcr
data/raw/caltech256/256_ObjectCategories/237.vcr/237_0090.jpg,236,237.vcr
data/raw/caltech256/256_ObjectCategories/237.vcr/237_0019.jpg,236,237.vcr
data/raw/caltech256/256_ObjectCategories/237.vcr/237_0075.jpg,236,237.vcr
data/raw/caltech256/256_ObjectCategories/237.vcr/237_0062.jpg,236,237.vcr
data/raw/caltech256/256_ObjectCategories/237.vcr/237_0068.jpg,236,237.vcr
data/raw/caltech256/256_ObjectCategories/238.video-projector/238_0038.jpg,237,238.video-projector
data/raw/caltech256/256_ObjectCategories/238.video-projector/238_0095.jpg,237,238.video-projector
data/raw/caltech256/256_ObjectCategories/238.video-projector/238_0076.jpg,237,238.video-projector
data/raw/caltech256/256_ObjectCategories/238.video-projector/238_0017.jpg,237,238.video-projector
data/raw/caltech256/256_ObjectCategories/238.video-projector/238_0016.jpg,237,238.video-projector
data/raw/caltech256/256_ObjectCategories/238.video-projector/238_0067.jpg,237,238.video-projector
data/raw/caltech256/256_ObjectCategories/238.video-projector/238_0050.jpg,237,238.video-projector
data/raw/caltech256/256_ObjectCategories/239.washing-machine/239_0019.jpg,238,239.washing-machine
data/raw/caltech256/256_ObjectCategories/239.washing-machine/239_0063.jpg,238,239.washing-machine
data/raw/caltech256/256_ObjectCategories/239.washing-machine/239_0001.jpg,238,239.washing-machine
data/raw/caltech256/256_ObjectCategories/239.washing-machine/239_0027.jpg,238,239.washing-machine
data/raw/caltech256/256_ObjectCategories/239.washing-machine/239_0036.jpg,238,239.washing-machine
data/raw/caltech256/256_ObjectCategories/239.washing-machine/239_0011.jpg,238,239.washing-machine
data/raw/caltech256/256_ObjectCategories/240.watch-101/240_0047.jpg,239,240.watch-101
data/raw/caltech256/256_ObjectCategories/240.watch-101/240_0153.jpg,239,240.watch-101
data/raw/caltech256/256_ObjectCategories/240.watch-101/240_0124.jpg,239,240.watch-101
data/raw/caltech256/256_ObjectCategories/240.watch-101/240_0174.jpg,239,240.watch-101
data/raw/caltech256/256_ObjectCategories/240.watch-101/240_0083.jpg,239,240.watch-101
data/raw/caltech256/256_ObjectCategories/240.watch-101/240_0062.jpg,239,240.watch-101
data/raw/caltech256/256_ObjectCategories/240.watch-101/240_0197.jpg,239,240.watch-101
data/raw/caltech256/256_ObjectCategories/240.watch-101/240_0120.jpg,239,240.watch-101
data/raw/caltech256/256_ObjectCategories/240.watch-101/240_0107.jpg,239,240.watch-101
data/raw/caltech256/256_ObjectCategories/240.watch-101/240_0110.jpg,239,240.watch-101
data/raw/caltech256/256_ObjectCategories/240.watch-101/240_0136.jpg,239,240.watch-101
data/raw/caltech256/256_ObjectCategories/240.watch-101/240_0143.jpg,239,240.watch-101
data/raw/caltech256/256_ObjectCategories/240.watch-101/240_0170.jpg,239,240.watch-101
data/raw/caltech256/256_ObjectCategories/240.watch-101/240_0058.jpg,239,240.watch-101
data/raw/caltech256/256_ObjectCategories/240.watch-101/240_0198.jpg,239,240.watch-101
data/raw/caltech256/256_ObjectCategories/241.waterfall/241_0077.jpg,240,241.waterfall
data/raw/caltech256/256_ObjectCategories/241.waterfall/241_0033.jpg,240,241.waterfall
data/raw/caltech256/256_ObjectCategories/241.waterfall/241_0048.jpg,240,241.waterfall
data/raw/caltech256/256_ObjectCategories/241.waterfall/241_0082.jpg,240,241.waterfall
data/raw/caltech256/256_ObjectCategories/241.waterfall/241_0083.jpg,240,241.waterfall
data/raw/caltech256/256_ObjectCategories/241.waterfall/241_0001.jpg,240,241.waterfall
data/raw/caltech256/256_ObjectCategories/241.waterfall/241_0084.jpg,240,241.waterfall
data/raw/caltech256/256_ObjectCategories/242.watermelon/242_0071.jpg,241,242.watermelon
data/raw/caltech256/256_ObjectCategories/242.watermelon/242_0084.jpg,241,242.watermelon
data/raw/caltech256/256_ObjectCategories/242.watermelon/242_0029.jpg,241,242.watermelon
data/raw/caltech256/256_ObjectCategories/242.watermelon/242_0067.jpg,241,242.watermelon
data/raw/caltech256/256_ObjectCategories/242.watermelon/242_0041.jpg,241,242.watermelon
data/raw/caltech256/256_ObjectCategories/242.watermelon/242_0032.jpg,241,242.watermelon
data/raw/caltech256/256_ObjectCategories/242.watermelon/242_0039.jpg,241,242.watermelon
data/raw/caltech256/256_ObjectCategories/243.welding-mask/243_0067.jpg,242,243.welding-mask
data/raw/caltech256/256_ObjectCategories/243.welding-mask/243_0080.jpg,242,243.welding-mask
data/raw/caltech256/256_ObjectCategories/243.welding-mask/243_0005.jpg,242,243.welding-mask
data/raw/caltech256/256_ObjectCategories/243.welding-mask/243_0039.jpg,242,243.welding-mask
data/raw/caltech256/256_ObjectCategories/243.welding-mask/243_0089.jpg,242,243.welding-mask
data/raw/caltech256/256_ObjectCategories/243.welding-mask/243_0073.jpg,242,243.welding-mask
data/raw/caltech256/256_ObjectCategories/243.welding-mask/243_0077.jpg,242,243.welding-mask
data/raw/caltech256/256_ObjectCategories/244.wheelbarrow/244_0007.jpg,243,244.wheelbarrow
data/raw/caltech256/256_ObjectCategories/244.wheelbarrow/244_0060.jpg,243,244.wheelbarrow
data/raw/caltech256/256_ObjectCategories/244.wheelbarrow/244_0083.jpg,243,244.wheelbarrow
data/raw/caltech256/256_ObjectCategories/244.wheelbarrow/244_0081.jpg,243,244.wheelbarrow
data/raw/caltech256/256_ObjectCategories/244.wheelbarrow/244_0073.jpg,243,244.wheelbarrow
data/raw/caltech256/256_ObjectCategories/244.wheelbarrow/244_0038.jpg,243,244.wheelbarrow
data/raw/caltech256/256_ObjectCategories/244.wheelbarrow/244_0070.jpg,243,244.wheelbarrow
data/raw/caltech256/256_ObjectCategories/245.windmill/245_0041.jpg,244,245.windmill
data/raw/caltech256/256_ObjectCategories/245.windmill/245_0059.jpg,244,245.windmill
data/raw/caltech256/256_ObjectCategories/245.windmill/245_0025.jpg,244,245.windmill
data/raw/caltech256/256_ObjectCategories/245.windmill/245_0035.jpg,244,245.windmill
data/raw/caltech256/256_ObjectCategories/245.windmill/245_0077.jpg,244,245.windmill
data/raw/caltech256/256_ObjectCategories/245.windmill/245_0086.jpg,244,245.windmill
data/raw/caltech256/256_ObjectCategories/245.windmill/245_0031.jpg,244,245.windmill
data/raw/caltech256/256_ObjectCategories/246.wine-bottle/246_0025.jpg,245,246.wine-bottle
data/raw/caltech256/256_ObjectCategories/246.wine-bottle/246_0018.jpg,245,246.wine-bottle
data/raw/caltech256/256_ObjectCategories/246.wine-bottle/246_0060.jpg,245,246.wine-bottle
data/raw/caltech256/256_ObjectCategories/246.wine-bottle/246_0042.jpg,245,246.wine-bottle
data/raw/caltech256/256_ObjectCategories/246.wine-bottle/246_0059.jpg,245,246.wine-bottle
data/raw/caltech256/256_ObjectCategories/246.wine-bottle/246_0038.jpg,245,246.wine-bottle
data/raw/caltech256/256_ObjectCategories/246.wine-bottle/246_0076.jpg,245,246.wine-bottle
data/raw/caltech256/256_ObjectCategories/246.wine-bottle/246_0031.jpg,245,246.wine-bottle
data/raw/caltech256/256_ObjectCategories/247.xylophone/247_0076.jpg,246,247.xylophone
data/raw/caltech256/256_ObjectCategories/247.xylophone/247_0077.jpg,246,247.xylophone
data/raw/caltech256/256_ObjectCategories/247.xylophone/247_0088.jpg,246,247.xylophone
data/raw/caltech256/256_ObjectCategories/247.xylophone/247_0052.jpg,246,247.xylophone
data/raw/caltech256/256_ObjectCategories/247.xylophone/247_0072.jpg,246,247.xylophone
data/raw/caltech256/256_ObjectCategories/247.xylophone/247_0003.jpg,246,247.xylophone
data/raw/caltech256/256_ObjectCategories/247.xylophone/247_0061.jpg,246,247.xylophone
data/raw/caltech256/256_ObjectCategories/248.yarmulke/248_0072.jpg,247,248.yarmulke
data/raw/caltech256/256_ObjectCategories/248.yarmulke/248_0002.jpg,247,248.yarmulke
data/raw/caltech256/256_ObjectCategories/248.yarmulke/248_0026.jpg,247,248.yarmulke
data/raw/caltech256/256_ObjectCategories/248.yarmulke/248_0081.jpg,247,248.yarmulke
data/raw/caltech256/256_ObjectCategories/248.yarmulke/248_0035.jpg,247,248.yarmulke
data/raw/caltech256/256_ObjectCategories/248.yarmulke/248_0007.jpg,247,248.yarmulke
data/raw/caltech256/256_ObjectCategories/249.yo-yo/249_0093.jpg,248,249.yo-yo
data/raw/caltech256/256_ObjectCategories/249.yo-yo/249_0049.jpg,248,249.yo-yo
data/raw/caltech256/256_ObjectCategories/249.yo-yo/249_0089.jpg,248,249.yo-yo
data/raw/caltech256/256_ObjectCategories/249.yo-yo/249_0019.jpg,248,249.yo-yo
data/raw/caltech256/256_ObjectCategories/249.yo-yo/249_0017.jpg,248,249.yo-yo
data/raw/caltech256/256_ObjectCategories/249.yo-yo/249_0052.jpg,248,249.yo-yo
data/raw/caltech256/256_ObjectCategories/249.yo-yo/249_0085.jpg,248,249.yo-yo
data/raw/caltech256/256_ObjectCategories/250.zebra/250_0072.jpg,249,250.zebra
data/raw/caltech256/256_ObjectCategories/250.zebra/250_0074.jpg,249,250.zebra
data/raw/caltech256/256_ObjectCategories/250.zebra/250_0076.jpg,249,250.zebra
data/raw/caltech256/256_ObjectCategories/250.zebra/250_0008.jpg,249,250.zebra
data/raw/caltech256/256_ObjectCategories/250.zebra/250_0031.jpg,249,250.zebra
data/raw/caltech256/256_ObjectCategories/250.zebra/250_0050.jpg,249,250.zebra
data/raw/caltech256/256_ObjectCategories/250.zebra/250_0010.jpg,249,250.zebra
data/raw/caltech256/256_ObjectCategories/251.airplanes-101/251_0546.jpg,250,251.airplanes-101
data/raw/caltech256/256_ObjectCategories/251.airplanes-101/251_0288.jpg,250,251.airplanes-101
data/raw/caltech256/256_ObjectCategories/251.airplanes-101/251_0323.jpg,250,251.airplanes-101
data/raw/caltech256/256_ObjectCategories/251.airplanes-101/251_0335.jpg,250,251.airplanes-101
data/raw/caltech256/256_ObjectCategories/251.airplanes-101/251_0420.jpg,250,251.airplanes-101
data/raw/caltech256/256_ObjectCategories/251.airplanes-101/251_0759.jpg,250,251.airplanes-101
data/raw/caltech256/256_ObjectCategories/251.airplanes-101/251_0388.jpg,250,251.airplanes-101
data/raw/caltech256/256_ObjectCategories/251.airplanes-101/251_0380.jpg,250,251.airplanes-101
data/raw/caltech256/256_ObjectCategories/251.airplanes-101/251_0786.jpg,250,251.airplanes-101
data/raw/caltech256/256_ObjectCategories/251.airplanes-101/251_0483.jpg,250,251.airplanes-101
data/raw/caltech256/256_ObjectCategories/251.airplanes-101/251_0771.jpg,250,251.airplanes-101
data/raw/caltech256/256_ObjectCategories/251.airplanes-101/251_0148.jpg,250,251.airplanes-101
data/raw/caltech256/256_ObjectCategories/251.airplanes-101/251_0567.jpg,250,251.airplanes-101
data/raw/caltech256/256_ObjectCategories/251.airplanes-101/251_0248.jpg,250,251.airplanes-101
data/raw/caltech256/256_ObjectCategories/251.airplanes-101/251_0729.jpg,250,251.airplanes-101
data/raw/caltech256/256_ObjectCategories/251.airplanes-101/251_0170.jpg,250,251.airplanes-101
data/raw/caltech256/256_ObjectCategories/251.airplanes-101/251_0330.jpg,250,251.airplanes-101
data/raw/caltech256/256_ObjectCategories/251.airplanes-101/251_0081.jpg,250,251.airplanes-101
data/raw/caltech256/256_ObjectCategories/251.airplanes-101/251_0334.jpg,250,251.airplanes-101
data/raw/caltech256/256_ObjectCategories/251.airplanes-101/251_0652.jpg,250,251.airplanes-101
data/raw/caltech256/256_ObjectCategories/251.airplanes-101/251_0008.jpg,250,251.airplanes-101
data/raw/caltech256/256_ObjectCategories/251.airplanes-101/251_0562.jpg,250,251.airplanes-101
data/raw/caltech256/256_ObjectCategories/251.airplanes-101/251_0688.jpg,250,251.airplanes-101
data/raw/caltech256/256_ObjectCategories/251.airplanes-101/251_0327.jpg,250,251.airplanes-101
data/raw/caltech256/256_ObjectCategories/251.airplanes-101/251_0670.jpg,250,251.airplanes-101
data/raw/caltech256/256_ObjectCategories/251.airplanes-101/251_0718.jpg,250,251.airplanes-101
data/raw/caltech256/256_ObjectCategories/251.airplanes-101/251_0371.jpg,250,251.airplanes-101
data/raw/caltech256/256_ObjectCategories/251.airplanes-101/251_0152.jpg,250,251.airplanes-101
data/raw/caltech256/256_ObjectCategories/251.airplanes-101/251_0121.jpg,250,251.airplanes-101
data/raw/caltech256/256_ObjectCategories/251.airplanes-101/251_0321.jpg,250,251.airplanes-101
data/raw/caltech256/256_ObjectCategories/251.airplanes-101/251_0139.jpg,250,251.airplanes-101
data/raw/caltech256/256_ObjectCategories/251.airplanes-101/251_0605.jpg,250,251.airplanes-101
data/raw/caltech256/256_ObjectCategories/251.airplanes-101/251_0418.jpg,250,251.airplanes-101
data/raw/caltech256/256_ObjectCategories/251.airplanes-101/251_0500.jpg,250,251.airplanes-101
data/raw/caltech256/256_ObjectCategories/251.airplanes-101/251_0278.jpg,250,251.airplanes-101
data/raw/caltech256/256_ObjectCategories/251.airplanes-101/251_0398.jpg,250,251.airplanes-101
data/raw/caltech256/256_ObjectCategories/251.airplanes-101/251_0341.jpg,250,251.airplanes-101
data/raw/caltech256/256_ObjectCategories/251.airplanes-101/251_0217.jpg,250,251.airplanes-101
data/raw/caltech256/256_ObjectCategories/251.airplanes-101/251_0406.jpg,250,251.airplanes-101
data/raw/caltech256/256_ObjectCategories/251.airplanes-101/251_0221.jpg,250,251.airplanes-101
data/raw/caltech256/256_ObjectCategories/251.airplanes-101/251_0585.jpg,250,251.airplanes-101
data/raw/caltech256/256_ObjectCategories/251.airplanes-101/251_0229.jpg,250,251.airplanes-101
data/raw/caltech256/256_ObjectCategories/251.airplanes-101/251_0572.jpg,250,251.airplanes-101
data/raw/caltech256/256_ObjectCategories/251.airplanes-101/251_0082.jpg,250,251.airplanes-101
data/raw/caltech256/256_ObjectCategories/251.airplanes-101/251_0210.jpg,250,251.airplanes-101
data/raw/caltech256/256_ObjectCategories/251.airplanes-101/251_0476.jpg,250,251.airplanes-101
data/raw/caltech256/256_ObjectCategories/251.airplanes-101/251_0769.jpg,250,251.airplanes-101
data/raw/caltech256/256_ObjectCategories/251.airplanes-101/251_0113.jpg,250,251.airplanes-101
data/raw/caltech256/256_ObjectCategories/251.airplanes-101/251_0149.jpg,250,251.airplanes-101
data/raw/caltech256/256_ObjectCategories/251.airplanes-101/251_0110.jpg,250,251.airplanes-101
data/raw/caltech256/256_ObjectCategories/251.airplanes-101/251_0141.jpg,250,251.airplanes-101
data/raw/caltech256/256_ObjectCategories/251.airplanes-101/251_0125.jpg,250,251.airplanes-101
data/raw/caltech256/256_ObjectCategories/251.airplanes-101/251_0740.jpg,250,251.airplanes-101
data/raw/caltech256/256_ObjectCategories/251.airplanes-101/251_0066.jpg,250,251.airplanes-101
data/raw/caltech256/256_ObjectCategories/251.airplanes-101/251_0262.jpg,250,251.airplanes-101
data/raw/caltech256/256_ObjectCategories/251.airplanes-101/251_0411.jpg,250,251.airplanes-101
data/raw/caltech256/256_ObjectCategories/252.car-side-101/252_0048.jpg,251,252.car-side-101
data/raw/caltech256/256_ObjectCategories/252.car-side-101/252_0110.jpg,251,252.car-side-101
data/raw/caltech256/256_ObjectCategories/252.car-side-101/252_0112.jpg,251,252.car-side-101
data/raw/caltech256/256_ObjectCategories/252.car-side-101/252_0061.jpg,251,252.car-side-101
data/raw/caltech256/256_ObjectCategories/252.car-side-101/252_0114.jpg,251,252.car-side-101
data/raw/caltech256/256_ObjectCategories/252.car-side-101/252_0039.jpg,251,252.car-side-101
data/raw/caltech256/256_ObjectCategories/252.car-side-101/252_0065.jpg,251,252.car-side-101
data/raw/caltech256/256_ObjectCategories/252.car-side-101/252_0073.jpg,251,252.car-side-101
data/raw/caltech256/256_ObjectCategories/252.car-side-101/252_0067.jpg,251,252.car-side-101
data/raw/caltech256/256_ObjectCategories/253.faces-easy-101/253_0287.jpg,252,253.faces-easy-101
data/raw/caltech256/256_ObjectCategories/253.faces-easy-101/253_0320.jpg,252,253.faces-easy-101
data/raw/caltech256/256_ObjectCategories/253.faces-easy-101/253_0096.jpg,252,253.faces-easy-101
data/raw/caltech256/256_ObjectCategories/253.faces-easy-101/253_0292.jpg,252,253.faces-easy-101
data/raw/caltech256/256_ObjectCategories/253.faces-easy-101/253_0281.jpg,252,253.faces-easy-101
data/raw/caltech256/256_ObjectCategories/253.faces-easy-101/253_0211.jpg,252,253.faces-easy-101
data/raw/caltech256/256_ObjectCategories/253.faces-easy-101/253_0112.jpg,252,253.faces-easy-101
data/raw/caltech256/256_ObjectCategories/253.faces-easy-101/253_0199.jpg,252,253.faces-easy-101
data/raw/caltech256/256_ObjectCategories/253.faces-easy-101/253_0066.jpg,252,253.faces-easy-101
data/raw/caltech256/256_ObjectCategories/253.faces-easy-101/253_0137.jpg,252,253.faces-easy-101
data/raw/caltech256/256_ObjectCategories/253.faces-easy-101/253_0195.jpg,252,253.faces-easy-101
data/raw/caltech256/256_ObjectCategories/253.faces-easy-101/253_0426.jpg,252,253.faces-easy-101
data/raw/caltech256/256_ObjectCategories/253.faces-easy-101/253_0327.jpg,252,253.faces-easy-101
data/raw/caltech256/256_ObjectCategories/253.faces-easy-101/253_0141.jpg,252,253.faces-easy-101
data/raw/caltech256/256_ObjectCategories/253.faces-easy-101/253_0393.jpg,252,253.faces-easy-101
data/raw/caltech256/256_ObjectCategories/253.faces-easy-101/253_0202.jpg,252,253.faces-easy-101
data/raw/caltech256/256_ObjectCategories/253.faces-easy-101/253_0024.jpg,252,253.faces-easy-101
data/raw/caltech256/256_ObjectCategories/253.faces-easy-101/253_0035.jpg,252,253.faces-easy-101
data/raw/caltech256/256_ObjectCategories/253.faces-easy-101/253_0347.jpg,252,253.faces-easy-101
data/raw/caltech256/256_ObjectCategories/253.faces-easy-101/253_0409.jpg,252,253.faces-easy-101
data/raw/caltech256/256_ObjectCategories/253.faces-easy-101/253_0164.jpg,252,253.faces-easy-101
data/raw/caltech256/256_ObjectCategories/253.faces-easy-101/253_0187.jpg,252,253.faces-easy-101
data/raw/caltech256/256_ObjectCategories/253.faces-easy-101/253_0335.jpg,252,253.faces-easy-101
data/raw/caltech256/256_ObjectCategories/253.faces-easy-101/253_0340.jpg,252,253.faces-easy-101
data/raw/caltech256/256_ObjectCategories/253.faces-easy-101/253_0265.jpg,252,253.faces-easy-101
data/raw/caltech256/256_ObjectCategories/253.faces-easy-101/253_0013.jpg,252,253.faces-easy-101
data/raw/caltech256/256_ObjectCategories/253.faces-easy-101/253_0289.jpg,252,253.faces-easy-101
data/raw/caltech256/256_ObjectCategories/253.faces-easy-101/253_0277.jpg,252,253.faces-easy-101
data/raw/caltech256/256_ObjectCategories/253.faces-easy-101/253_0120.jpg,252,253.faces-easy-101
data/raw/caltech256/256_ObjectCategories/253.faces-easy-101/253_0085.jpg,252,253.faces-easy-101
data/raw/caltech256/256_ObjectCategories/253.faces-easy-101/253_0070.jpg,252,253.faces-easy-101
data/raw/caltech256/256_ObjectCategories/254.greyhound/254_0029.jpg,253,254.greyhound
data/raw/caltech256/256_ObjectCategories/254.greyhound/254_0051.jpg,253,254.greyhound
data/raw/caltech256/256_ObjectCategories/254.greyhound/254_0021.jpg,253,254.greyhound
data/raw/caltech256/256_ObjectCategories/254.greyhound/254_0050.jpg,253,254.greyhound
data/raw/caltech256/256_ObjectCategories/254.greyhound/254_0033.jpg,253,254.greyhound
data/raw/caltech256/256_ObjectCategories/254.greyhound/254_0018.jpg,253,254.greyhound
data/raw/caltech256/256_ObjectCategories/254.greyhound/254_0040.jpg,253,254.greyhound
data/raw/caltech256/256_ObjectCategories/255.tennis-shoes/255_0048.jpg,254,255.tennis-shoes
data/raw/caltech256/256_ObjectCategories/255.tennis-shoes/255_0008.jpg,254,255.tennis-shoes
data/raw/caltech256/256_ObjectCategories/255.tennis-shoes/255_0103.jpg,254,255.tennis-shoes
data/raw/caltech256/256_ObjectCategories/255.tennis-shoes/255_0012.jpg,254,255.tennis-shoes
data/raw/caltech256/256_ObjectCategories/255.tennis-shoes/255_0049.jpg,254,255.tennis-shoes
data/raw/caltech256/256_ObjectCategories/255.tennis-shoes/255_0089.jpg,254,255.tennis-shoes
data/raw/caltech256/256_ObjectCategories/255.tennis-shoes/255_0081.jpg,254,255.tennis-shoes
data/raw/caltech256/256_ObjectCategories/255.tennis-shoes/255_0011.jpg,254,255.tennis-shoes
data/raw/caltech256/256_ObjectCategories/256.toad/256_0022.jpg,255,256.toad
data/raw/caltech256/256_ObjectCategories/256.toad/256_0059.jpg,255,256.toad
data/raw/caltech256/256_ObjectCategories/256.toad/256_0028.jpg,255,256.toad
data/raw/caltech256/256_ObjectCategories/256.toad/256_0027.jpg,255,256.toad
data/raw/caltech256/256_ObjectCategories/256.toad/256_0032.jpg,255,256.toad
data/raw/caltech256/256_ObjectCategories/256.toad/256_0065.jpg,255,256.toad
data/raw/caltech256/256_ObjectCategories/256.toad/256_0096.jpg,255,256.toad
data/raw/caltech256/256_ObjectCategories/256.toad/256_0087.jpg,255,256.toad
