filepath,label,class_name
data/raw/caltech256/256_ObjectCategories/001.ak47/001_0032.jpg,0,001.ak47
data/raw/caltech256/256_ObjectCategories/001.ak47/001_0076.jpg,0,001.ak47
data/raw/caltech256/256_ObjectCategories/001.ak47/001_0053.jpg,0,001.ak47
data/raw/caltech256/256_ObjectCategories/001.ak47/001_0061.jpg,0,001.ak47
data/raw/caltech256/256_ObjectCategories/001.ak47/001_0005.jpg,0,001.ak47
data/raw/caltech256/256_ObjectCategories/001.ak47/001_0013.jpg,0,001.ak47
data/raw/caltech256/256_ObjectCategories/001.ak47/001_0072.jpg,0,001.ak47
data/raw/caltech256/256_ObjectCategories/001.ak47/001_0028.jpg,0,001.ak47
data/raw/caltech256/256_ObjectCategories/001.ak47/001_0017.jpg,0,001.ak47
data/raw/caltech256/256_ObjectCategories/001.ak47/001_0008.jpg,0,001.ak47
data/raw/caltech256/256_ObjectCategories/001.ak47/001_0007.jpg,0,001.ak47
data/raw/caltech256/256_ObjectCategories/001.ak47/001_0056.jpg,0,001.ak47
data/raw/caltech256/256_ObjectCategories/001.ak47/001_0050.jpg,0,001.ak47
data/raw/caltech256/256_ObjectCategories/001.ak47/001_0079.jpg,0,001.ak47
data/raw/caltech256/256_ObjectCategories/001.ak47/001_0081.jpg,0,001.ak47
data/raw/caltech256/256_ObjectCategories/001.ak47/001_0049.jpg,0,001.ak47
data/raw/caltech256/256_ObjectCategories/001.ak47/001_0012.jpg,0,001.ak47
data/raw/caltech256/256_ObjectCategories/002.american-flag/002_0085.jpg,1,002.american-flag
data/raw/caltech256/256_ObjectCategories/002.american-flag/002_0062.jpg,1,002.american-flag
data/raw/caltech256/256_ObjectCategories/002.american-flag/002_0056.jpg,1,002.american-flag
data/raw/caltech256/256_ObjectCategories/002.american-flag/002_0035.jpg,1,002.american-flag
data/raw/caltech256/256_ObjectCategories/002.american-flag/002_0063.jpg,1,002.american-flag
data/raw/caltech256/256_ObjectCategories/002.american-flag/002_0005.jpg,1,002.american-flag
data/raw/caltech256/256_ObjectCategories/002.american-flag/002_0009.jpg,1,002.american-flag
data/raw/caltech256/256_ObjectCategories/002.american-flag/002_0072.jpg,1,002.american-flag
data/raw/caltech256/256_ObjectCategories/002.american-flag/002_0027.jpg,1,002.american-flag
data/raw/caltech256/256_ObjectCategories/002.american-flag/002_0031.jpg,1,002.american-flag
data/raw/caltech256/256_ObjectCategories/002.american-flag/002_0042.jpg,1,002.american-flag
data/raw/caltech256/256_ObjectCategories/002.american-flag/002_0012.jpg,1,002.american-flag
data/raw/caltech256/256_ObjectCategories/002.american-flag/002_0017.jpg,1,002.american-flag
data/raw/caltech256/256_ObjectCategories/002.american-flag/002_0091.jpg,1,002.american-flag
data/raw/caltech256/256_ObjectCategories/002.american-flag/002_0011.jpg,1,002.american-flag
data/raw/caltech256/256_ObjectCategories/002.american-flag/002_0088.jpg,1,002.american-flag
data/raw/caltech256/256_ObjectCategories/002.american-flag/002_0079.jpg,1,002.american-flag
data/raw/caltech256/256_ObjectCategories/003.backpack/003_0058.jpg,2,003.backpack
data/raw/caltech256/256_ObjectCategories/003.backpack/003_0142.jpg,2,003.backpack
data/raw/caltech256/256_ObjectCategories/003.backpack/003_0073.jpg,2,003.backpack
data/raw/caltech256/256_ObjectCategories/003.backpack/003_0094.jpg,2,003.backpack
data/raw/caltech256/256_ObjectCategories/003.backpack/003_0090.jpg,2,003.backpack
data/raw/caltech256/256_ObjectCategories/003.backpack/003_0070.jpg,2,003.backpack
data/raw/caltech256/256_ObjectCategories/003.backpack/003_0122.jpg,2,003.backpack
data/raw/caltech256/256_ObjectCategories/003.backpack/003_0050.jpg,2,003.backpack
data/raw/caltech256/256_ObjectCategories/003.backpack/003_0113.jpg,2,003.backpack
data/raw/caltech256/256_ObjectCategories/003.backpack/003_0127.jpg,2,003.backpack
data/raw/caltech256/256_ObjectCategories/003.backpack/003_0011.jpg,2,003.backpack
data/raw/caltech256/256_ObjectCategories/003.backpack/003_0136.jpg,2,003.backpack
data/raw/caltech256/256_ObjectCategories/003.backpack/003_0036.jpg,2,003.backpack
data/raw/caltech256/256_ObjectCategories/003.backpack/003_0091.jpg,2,003.backpack
data/raw/caltech256/256_ObjectCategories/003.backpack/003_0097.jpg,2,003.backpack
data/raw/caltech256/256_ObjectCategories/003.backpack/003_0109.jpg,2,003.backpack
data/raw/caltech256/256_ObjectCategories/003.backpack/003_0106.jpg,2,003.backpack
data/raw/caltech256/256_ObjectCategories/003.backpack/003_0130.jpg,2,003.backpack
data/raw/caltech256/256_ObjectCategories/003.backpack/003_0017.jpg,2,003.backpack
data/raw/caltech256/256_ObjectCategories/003.backpack/003_0123.jpg,2,003.backpack
data/raw/caltech256/256_ObjectCategories/003.backpack/003_0024.jpg,2,003.backpack
data/raw/caltech256/256_ObjectCategories/003.backpack/003_0051.jpg,2,003.backpack
data/raw/caltech256/256_ObjectCategories/003.backpack/003_0081.jpg,2,003.backpack
data/raw/caltech256/256_ObjectCategories/003.backpack/003_0020.jpg,2,003.backpack
data/raw/caltech256/256_ObjectCategories/003.backpack/003_0048.jpg,2,003.backpack
data/raw/caltech256/256_ObjectCategories/003.backpack/003_0096.jpg,2,003.backpack
data/raw/caltech256/256_ObjectCategories/003.backpack/003_0077.jpg,2,003.backpack
data/raw/caltech256/256_ObjectCategories/004.baseball-bat/004_0012.jpg,3,004.baseball-bat
data/raw/caltech256/256_ObjectCategories/004.baseball-bat/004_0106.jpg,3,004.baseball-bat
data/raw/caltech256/256_ObjectCategories/004.baseball-bat/004_0013.jpg,3,004.baseball-bat
data/raw/caltech256/256_ObjectCategories/004.baseball-bat/004_0004.jpg,3,004.baseball-bat
data/raw/caltech256/256_ObjectCategories/004.baseball-bat/004_0120.jpg,3,004.baseball-bat
data/raw/caltech256/256_ObjectCategories/004.baseball-bat/004_0123.jpg,3,004.baseball-bat
data/raw/caltech256/256_ObjectCategories/004.baseball-bat/004_0003.jpg,3,004.baseball-bat
data/raw/caltech256/256_ObjectCategories/004.baseball-bat/004_0001.jpg,3,004.baseball-bat
data/raw/caltech256/256_ObjectCategories/004.baseball-bat/004_0006.jpg,3,004.baseball-bat
data/raw/caltech256/256_ObjectCategories/004.baseball-bat/004_0099.jpg,3,004.baseball-bat
data/raw/caltech256/256_ObjectCategories/004.baseball-bat/004_0090.jpg,3,004.baseball-bat
data/raw/caltech256/256_ObjectCategories/004.baseball-bat/004_0076.jpg,3,004.baseball-bat
data/raw/caltech256/256_ObjectCategories/004.baseball-bat/004_0041.jpg,3,004.baseball-bat
data/raw/caltech256/256_ObjectCategories/004.baseball-bat/004_0007.jpg,3,004.baseball-bat
data/raw/caltech256/256_ObjectCategories/004.baseball-bat/004_0066.jpg,3,004.baseball-bat
data/raw/caltech256/256_ObjectCategories/004.baseball-bat/004_0045.jpg,3,004.baseball-bat
data/raw/caltech256/256_ObjectCategories/004.baseball-bat/004_0020.jpg,3,004.baseball-bat
data/raw/caltech256/256_ObjectCategories/004.baseball-bat/004_0039.jpg,3,004.baseball-bat
data/raw/caltech256/256_ObjectCategories/004.baseball-bat/004_0119.jpg,3,004.baseball-bat
data/raw/caltech256/256_ObjectCategories/004.baseball-bat/004_0115.jpg,3,004.baseball-bat
data/raw/caltech256/256_ObjectCategories/004.baseball-bat/004_0101.jpg,3,004.baseball-bat
data/raw/caltech256/256_ObjectCategories/004.baseball-bat/004_0014.jpg,3,004.baseball-bat
data/raw/caltech256/256_ObjectCategories/004.baseball-bat/004_0047.jpg,3,004.baseball-bat
data/raw/caltech256/256_ObjectCategories/005.baseball-glove/005_0038.jpg,4,005.baseball-glove
data/raw/caltech256/256_ObjectCategories/005.baseball-glove/005_0123.jpg,4,005.baseball-glove
data/raw/caltech256/256_ObjectCategories/005.baseball-glove/005_0063.jpg,4,005.baseball-glove
data/raw/caltech256/256_ObjectCategories/005.baseball-glove/005_0001.jpg,4,005.baseball-glove
data/raw/caltech256/256_ObjectCategories/005.baseball-glove/005_0139.jpg,4,005.baseball-glove
data/raw/caltech256/256_ObjectCategories/005.baseball-glove/005_0024.jpg,4,005.baseball-glove
data/raw/caltech256/256_ObjectCategories/005.baseball-glove/005_0034.jpg,4,005.baseball-glove
data/raw/caltech256/256_ObjectCategories/005.baseball-glove/005_0036.jpg,4,005.baseball-glove
data/raw/caltech256/256_ObjectCategories/005.baseball-glove/005_0006.jpg,4,005.baseball-glove
data/raw/caltech256/256_ObjectCategories/005.baseball-glove/005_0032.jpg,4,005.baseball-glove
data/raw/caltech256/256_ObjectCategories/005.baseball-glove/005_0086.jpg,4,005.baseball-glove
data/raw/caltech256/256_ObjectCategories/005.baseball-glove/005_0069.jpg,4,005.baseball-glove
data/raw/caltech256/256_ObjectCategories/005.baseball-glove/005_0146.jpg,4,005.baseball-glove
data/raw/caltech256/256_ObjectCategories/005.baseball-glove/005_0140.jpg,4,005.baseball-glove
data/raw/caltech256/256_ObjectCategories/005.baseball-glove/005_0134.jpg,4,005.baseball-glove
data/raw/caltech256/256_ObjectCategories/005.baseball-glove/005_0005.jpg,4,005.baseball-glove
data/raw/caltech256/256_ObjectCategories/005.baseball-glove/005_0144.jpg,4,005.baseball-glove
data/raw/caltech256/256_ObjectCategories/005.baseball-glove/005_0108.jpg,4,005.baseball-glove
data/raw/caltech256/256_ObjectCategories/005.baseball-glove/005_0050.jpg,4,005.baseball-glove
data/raw/caltech256/256_ObjectCategories/005.baseball-glove/005_0141.jpg,4,005.baseball-glove
data/raw/caltech256/256_ObjectCategories/005.baseball-glove/005_0028.jpg,4,005.baseball-glove
data/raw/caltech256/256_ObjectCategories/005.baseball-glove/005_0039.jpg,4,005.baseball-glove
data/raw/caltech256/256_ObjectCategories/005.baseball-glove/005_0008.jpg,4,005.baseball-glove
data/raw/caltech256/256_ObjectCategories/005.baseball-glove/005_0044.jpg,4,005.baseball-glove
data/raw/caltech256/256_ObjectCategories/005.baseball-glove/005_0007.jpg,4,005.baseball-glove
data/raw/caltech256/256_ObjectCategories/005.baseball-glove/005_0107.jpg,4,005.baseball-glove
data/raw/caltech256/256_ObjectCategories/006.basketball-hoop/006_0077.jpg,5,006.basketball-hoop
data/raw/caltech256/256_ObjectCategories/006.basketball-hoop/006_0038.jpg,5,006.basketball-hoop
data/raw/caltech256/256_ObjectCategories/006.basketball-hoop/006_0067.jpg,5,006.basketball-hoop
data/raw/caltech256/256_ObjectCategories/006.basketball-hoop/006_0076.jpg,5,006.basketball-hoop
data/raw/caltech256/256_ObjectCategories/006.basketball-hoop/006_0082.jpg,5,006.basketball-hoop
data/raw/caltech256/256_ObjectCategories/006.basketball-hoop/006_0046.jpg,5,006.basketball-hoop
data/raw/caltech256/256_ObjectCategories/006.basketball-hoop/006_0088.jpg,5,006.basketball-hoop
data/raw/caltech256/256_ObjectCategories/006.basketball-hoop/006_0036.jpg,5,006.basketball-hoop
data/raw/caltech256/256_ObjectCategories/006.basketball-hoop/006_0015.jpg,5,006.basketball-hoop
data/raw/caltech256/256_ObjectCategories/006.basketball-hoop/006_0089.jpg,5,006.basketball-hoop
data/raw/caltech256/256_ObjectCategories/006.basketball-hoop/006_0081.jpg,5,006.basketball-hoop
data/raw/caltech256/256_ObjectCategories/006.basketball-hoop/006_0045.jpg,5,006.basketball-hoop
data/raw/caltech256/256_ObjectCategories/006.basketball-hoop/006_0010.jpg,5,006.basketball-hoop
data/raw/caltech256/256_ObjectCategories/006.basketball-hoop/006_0071.jpg,5,006.basketball-hoop
data/raw/caltech256/256_ObjectCategories/006.basketball-hoop/006_0031.jpg,5,006.basketball-hoop
data/raw/caltech256/256_ObjectCategories/006.basketball-hoop/006_0064.jpg,5,006.basketball-hoop
data/raw/caltech256/256_ObjectCategories/007.bat/007_0037.jpg,6,007.bat
data/raw/caltech256/256_ObjectCategories/007.bat/007_0098.jpg,6,007.bat
data/raw/caltech256/256_ObjectCategories/007.bat/007_0090.jpg,6,007.bat
data/raw/caltech256/256_ObjectCategories/007.bat/007_0045.jpg,6,007.bat
data/raw/caltech256/256_ObjectCategories/007.bat/007_0048.jpg,6,007.bat
data/raw/caltech256/256_ObjectCategories/007.bat/007_0017.jpg,6,007.bat
data/raw/caltech256/256_ObjectCategories/007.bat/007_0040.jpg,6,007.bat
data/raw/caltech256/256_ObjectCategories/007.bat/007_0015.jpg,6,007.bat
data/raw/caltech256/256_ObjectCategories/007.bat/007_0024.jpg,6,007.bat
data/raw/caltech256/256_ObjectCategories/007.bat/007_0059.jpg,6,007.bat
data/raw/caltech256/256_ObjectCategories/007.bat/007_0051.jpg,6,007.bat
data/raw/caltech256/256_ObjectCategories/007.bat/007_0007.jpg,6,007.bat
data/raw/caltech256/256_ObjectCategories/007.bat/007_0088.jpg,6,007.bat
data/raw/caltech256/256_ObjectCategories/007.bat/007_0081.jpg,6,007.bat
data/raw/caltech256/256_ObjectCategories/007.bat/007_0072.jpg,6,007.bat
data/raw/caltech256/256_ObjectCategories/007.bat/007_0092.jpg,6,007.bat
data/raw/caltech256/256_ObjectCategories/007.bat/007_0061.jpg,6,007.bat
data/raw/caltech256/256_ObjectCategories/007.bat/007_0001.jpg,6,007.bat
data/raw/caltech256/256_ObjectCategories/007.bat/007_0074.jpg,6,007.bat
data/raw/caltech256/256_ObjectCategories/008.bathtub/008_0148.jpg,7,008.bathtub
data/raw/caltech256/256_ObjectCategories/008.bathtub/008_0104.jpg,7,008.bathtub
data/raw/caltech256/256_ObjectCategories/008.bathtub/008_0118.jpg,7,008.bathtub
data/raw/caltech256/256_ObjectCategories/008.bathtub/008_0092.jpg,7,008.bathtub
data/raw/caltech256/256_ObjectCategories/008.bathtub/008_0194.jpg,7,008.bathtub
data/raw/caltech256/256_ObjectCategories/008.bathtub/008_0107.jpg,7,008.bathtub
data/raw/caltech256/256_ObjectCategories/008.bathtub/008_0197.jpg,7,008.bathtub
data/raw/caltech256/256_ObjectCategories/008.bathtub/008_0013.jpg,7,008.bathtub
data/raw/caltech256/256_ObjectCategories/008.bathtub/008_0203.jpg,7,008.bathtub
data/raw/caltech256/256_ObjectCategories/008.bathtub/008_0196.jpg,7,008.bathtub
data/raw/caltech256/256_ObjectCategories/008.bathtub/008_0021.jpg,7,008.bathtub
data/raw/caltech256/256_ObjectCategories/008.bathtub/008_0024.jpg,7,008.bathtub
data/raw/caltech256/256_ObjectCategories/008.bathtub/008_0050.jpg,7,008.bathtub
data/raw/caltech256/256_ObjectCategories/008.bathtub/008_0023.jpg,7,008.bathtub
data/raw/caltech256/256_ObjectCategories/008.bathtub/008_0140.jpg,7,008.bathtub
data/raw/caltech256/256_ObjectCategories/008.bathtub/008_0167.jpg,7,008.bathtub
data/raw/caltech256/256_ObjectCategories/008.bathtub/008_0198.jpg,7,008.bathtub
data/raw/caltech256/256_ObjectCategories/008.bathtub/008_0059.jpg,7,008.bathtub
data/raw/caltech256/256_ObjectCategories/008.bathtub/008_0049.jpg,7,008.bathtub
data/raw/caltech256/256_ObjectCategories/008.bathtub/008_0111.jpg,7,008.bathtub
data/raw/caltech256/256_ObjectCategories/008.bathtub/008_0112.jpg,7,008.bathtub
data/raw/caltech256/256_ObjectCategories/008.bathtub/008_0056.jpg,7,008.bathtub
data/raw/caltech256/256_ObjectCategories/008.bathtub/008_0062.jpg,7,008.bathtub
data/raw/caltech256/256_ObjectCategories/008.bathtub/008_0174.jpg,7,008.bathtub
data/raw/caltech256/256_ObjectCategories/008.bathtub/008_0028.jpg,7,008.bathtub
data/raw/caltech256/256_ObjectCategories/008.bathtub/008_0150.jpg,7,008.bathtub
data/raw/caltech256/256_ObjectCategories/008.bathtub/008_0003.jpg,7,008.bathtub
data/raw/caltech256/256_ObjectCategories/008.bathtub/008_0034.jpg,7,008.bathtub
data/raw/caltech256/256_ObjectCategories/008.bathtub/008_0201.jpg,7,008.bathtub
data/raw/caltech256/256_ObjectCategories/008.bathtub/008_0061.jpg,7,008.bathtub
data/raw/caltech256/256_ObjectCategories/008.bathtub/008_0133.jpg,7,008.bathtub
data/raw/caltech256/256_ObjectCategories/008.bathtub/008_0156.jpg,7,008.bathtub
data/raw/caltech256/256_ObjectCategories/008.bathtub/008_0080.jpg,7,008.bathtub
data/raw/caltech256/256_ObjectCategories/008.bathtub/008_0134.jpg,7,008.bathtub
data/raw/caltech256/256_ObjectCategories/008.bathtub/008_0175.jpg,7,008.bathtub
data/raw/caltech256/256_ObjectCategories/008.bathtub/008_0141.jpg,7,008.bathtub
data/raw/caltech256/256_ObjectCategories/008.bathtub/008_0170.jpg,7,008.bathtub
data/raw/caltech256/256_ObjectCategories/008.bathtub/008_0215.jpg,7,008.bathtub
data/raw/caltech256/256_ObjectCategories/008.bathtub/008_0099.jpg,7,008.bathtub
data/raw/caltech256/256_ObjectCategories/008.bathtub/008_0098.jpg,7,008.bathtub
data/raw/caltech256/256_ObjectCategories/008.bathtub/008_0063.jpg,7,008.bathtub
data/raw/caltech256/256_ObjectCategories/009.bear/009_0102.jpg,8,009.bear
data/raw/caltech256/256_ObjectCategories/009.bear/009_0054.jpg,8,009.bear
data/raw/caltech256/256_ObjectCategories/009.bear/009_0005.jpg,8,009.bear
data/raw/caltech256/256_ObjectCategories/009.bear/009_0036.jpg,8,009.bear
data/raw/caltech256/256_ObjectCategories/009.bear/009_0043.jpg,8,009.bear
data/raw/caltech256/256_ObjectCategories/009.bear/009_0001.jpg,8,009.bear
data/raw/caltech256/256_ObjectCategories/009.bear/009_0100.jpg,8,009.bear
data/raw/caltech256/256_ObjectCategories/009.bear/009_0016.jpg,8,009.bear
data/raw/caltech256/256_ObjectCategories/009.bear/009_0091.jpg,8,009.bear
data/raw/caltech256/256_ObjectCategories/009.bear/009_0030.jpg,8,009.bear
data/raw/caltech256/256_ObjectCategories/009.bear/009_0083.jpg,8,009.bear
data/raw/caltech256/256_ObjectCategories/009.bear/009_0049.jpg,8,009.bear
data/raw/caltech256/256_ObjectCategories/009.bear/009_0002.jpg,8,009.bear
data/raw/caltech256/256_ObjectCategories/009.bear/009_0070.jpg,8,009.bear
data/raw/caltech256/256_ObjectCategories/009.bear/009_0024.jpg,8,009.bear
data/raw/caltech256/256_ObjectCategories/009.bear/009_0021.jpg,8,009.bear
data/raw/caltech256/256_ObjectCategories/009.bear/009_0032.jpg,8,009.bear
data/raw/caltech256/256_ObjectCategories/009.bear/009_0085.jpg,8,009.bear
data/raw/caltech256/256_ObjectCategories/010.beer-mug/010_0073.jpg,9,010.beer-mug
data/raw/caltech256/256_ObjectCategories/010.beer-mug/010_0038.jpg,9,010.beer-mug
data/raw/caltech256/256_ObjectCategories/010.beer-mug/010_0072.jpg,9,010.beer-mug
data/raw/caltech256/256_ObjectCategories/010.beer-mug/010_0026.jpg,9,010.beer-mug
data/raw/caltech256/256_ObjectCategories/010.beer-mug/010_0051.jpg,9,010.beer-mug
data/raw/caltech256/256_ObjectCategories/010.beer-mug/010_0039.jpg,9,010.beer-mug
data/raw/caltech256/256_ObjectCategories/010.beer-mug/010_0075.jpg,9,010.beer-mug
data/raw/caltech256/256_ObjectCategories/010.beer-mug/010_0043.jpg,9,010.beer-mug
data/raw/caltech256/256_ObjectCategories/010.beer-mug/010_0062.jpg,9,010.beer-mug
data/raw/caltech256/256_ObjectCategories/010.beer-mug/010_0093.jpg,9,010.beer-mug
data/raw/caltech256/256_ObjectCategories/010.beer-mug/010_0044.jpg,9,010.beer-mug
data/raw/caltech256/256_ObjectCategories/010.beer-mug/010_0017.jpg,9,010.beer-mug
data/raw/caltech256/256_ObjectCategories/010.beer-mug/010_0042.jpg,9,010.beer-mug
data/raw/caltech256/256_ObjectCategories/010.beer-mug/010_0082.jpg,9,010.beer-mug
data/raw/caltech256/256_ObjectCategories/010.beer-mug/010_0059.jpg,9,010.beer-mug
data/raw/caltech256/256_ObjectCategories/010.beer-mug/010_0064.jpg,9,010.beer-mug
data/raw/caltech256/256_ObjectCategories/010.beer-mug/010_0052.jpg,9,010.beer-mug
data/raw/caltech256/256_ObjectCategories/011.billiards/011_0242.jpg,10,011.billiards
data/raw/caltech256/256_ObjectCategories/011.billiards/011_0062.jpg,10,011.billiards
data/raw/caltech256/256_ObjectCategories/011.billiards/011_0032.jpg,10,011.billiards
data/raw/caltech256/256_ObjectCategories/011.billiards/011_0258.jpg,10,011.billiards
data/raw/caltech256/256_ObjectCategories/011.billiards/011_0039.jpg,10,011.billiards
data/raw/caltech256/256_ObjectCategories/011.billiards/011_0152.jpg,10,011.billiards
data/raw/caltech256/256_ObjectCategories/011.billiards/011_0084.jpg,10,011.billiards
data/raw/caltech256/256_ObjectCategories/011.billiards/011_0231.jpg,10,011.billiards
data/raw/caltech256/256_ObjectCategories/011.billiards/011_0058.jpg,10,011.billiards
data/raw/caltech256/256_ObjectCategories/011.billiards/011_0256.jpg,10,011.billiards
data/raw/caltech256/256_ObjectCategories/011.billiards/011_0015.jpg,10,011.billiards
data/raw/caltech256/256_ObjectCategories/011.billiards/011_0113.jpg,10,011.billiards
data/raw/caltech256/256_ObjectCategories/011.billiards/011_0050.jpg,10,011.billiards
data/raw/caltech256/256_ObjectCategories/011.billiards/011_0095.jpg,10,011.billiards
data/raw/caltech256/256_ObjectCategories/011.billiards/011_0120.jpg,10,011.billiards
data/raw/caltech256/256_ObjectCategories/011.billiards/011_0233.jpg,10,011.billiards
data/raw/caltech256/256_ObjectCategories/011.billiards/011_0171.jpg,10,011.billiards
data/raw/caltech256/256_ObjectCategories/011.billiards/011_0017.jpg,10,011.billiards
data/raw/caltech256/256_ObjectCategories/011.billiards/011_0153.jpg,10,011.billiards
data/raw/caltech256/256_ObjectCategories/011.billiards/011_0214.jpg,10,011.billiards
data/raw/caltech256/256_ObjectCategories/011.billiards/011_0139.jpg,10,011.billiards
data/raw/caltech256/256_ObjectCategories/011.billiards/011_0024.jpg,10,011.billiards
data/raw/caltech256/256_ObjectCategories/011.billiards/011_0225.jpg,10,011.billiards
data/raw/caltech256/256_ObjectCategories/011.billiards/011_0205.jpg,10,011.billiards
data/raw/caltech256/256_ObjectCategories/011.billiards/011_0221.jpg,10,011.billiards
data/raw/caltech256/256_ObjectCategories/011.billiards/011_0003.jpg,10,011.billiards
data/raw/caltech256/256_ObjectCategories/011.billiards/011_0086.jpg,10,011.billiards
data/raw/caltech256/256_ObjectCategories/011.billiards/011_0127.jpg,10,011.billiards
data/raw/caltech256/256_ObjectCategories/011.billiards/011_0063.jpg,10,011.billiards
data/raw/caltech256/256_ObjectCategories/011.billiards/011_0042.jpg,10,011.billiards
data/raw/caltech256/256_ObjectCategories/011.billiards/011_0145.jpg,10,011.billiards
data/raw/caltech256/256_ObjectCategories/011.billiards/011_0154.jpg,10,011.billiards
data/raw/caltech256/256_ObjectCategories/011.billiards/011_0055.jpg,10,011.billiards
data/raw/caltech256/256_ObjectCategories/011.billiards/011_0070.jpg,10,011.billiards
data/raw/caltech256/256_ObjectCategories/011.billiards/011_0176.jpg,10,011.billiards
data/raw/caltech256/256_ObjectCategories/011.billiards/011_0097.jpg,10,011.billiards
data/raw/caltech256/256_ObjectCategories/011.billiards/011_0215.jpg,10,011.billiards
data/raw/caltech256/256_ObjectCategories/011.billiards/011_0168.jpg,10,011.billiards
data/raw/caltech256/256_ObjectCategories/011.billiards/011_0137.jpg,10,011.billiards
data/raw/caltech256/256_ObjectCategories/011.billiards/011_0025.jpg,10,011.billiards
data/raw/caltech256/256_ObjectCategories/011.billiards/011_0046.jpg,10,011.billiards
data/raw/caltech256/256_ObjectCategories/011.billiards/011_0022.jpg,10,011.billiards
data/raw/caltech256/256_ObjectCategories/011.billiards/011_0020.jpg,10,011.billiards
data/raw/caltech256/256_ObjectCategories/011.billiards/011_0276.jpg,10,011.billiards
data/raw/caltech256/256_ObjectCategories/011.billiards/011_0104.jpg,10,011.billiards
data/raw/caltech256/256_ObjectCategories/011.billiards/011_0141.jpg,10,011.billiards
data/raw/caltech256/256_ObjectCategories/011.billiards/011_0166.jpg,10,011.billiards
data/raw/caltech256/256_ObjectCategories/011.billiards/011_0252.jpg,10,011.billiards
data/raw/caltech256/256_ObjectCategories/011.billiards/011_0206.jpg,10,011.billiards
data/raw/caltech256/256_ObjectCategories/012.binoculars/012_0022.jpg,11,012.binoculars
data/raw/caltech256/256_ObjectCategories/012.binoculars/012_0181.jpg,11,012.binoculars
data/raw/caltech256/256_ObjectCategories/012.binoculars/012_0043.jpg,11,012.binoculars
data/raw/caltech256/256_ObjectCategories/012.binoculars/012_0177.jpg,11,012.binoculars
data/raw/caltech256/256_ObjectCategories/012.binoculars/012_0208.jpg,11,012.binoculars
data/raw/caltech256/256_ObjectCategories/012.binoculars/012_0069.jpg,11,012.binoculars
data/raw/caltech256/256_ObjectCategories/012.binoculars/012_0113.jpg,11,012.binoculars
data/raw/caltech256/256_ObjectCategories/012.binoculars/012_0007.jpg,11,012.binoculars
data/raw/caltech256/256_ObjectCategories/012.binoculars/012_0090.jpg,11,012.binoculars
data/raw/caltech256/256_ObjectCategories/012.binoculars/012_0155.jpg,11,012.binoculars
data/raw/caltech256/256_ObjectCategories/012.binoculars/012_0046.jpg,11,012.binoculars
data/raw/caltech256/256_ObjectCategories/012.binoculars/012_0012.jpg,11,012.binoculars
data/raw/caltech256/256_ObjectCategories/012.binoculars/012_0054.jpg,11,012.binoculars
data/raw/caltech256/256_ObjectCategories/012.binoculars/012_0210.jpg,11,012.binoculars
data/raw/caltech256/256_ObjectCategories/012.binoculars/012_0008.jpg,11,012.binoculars
data/raw/caltech256/256_ObjectCategories/012.binoculars/012_0076.jpg,11,012.binoculars
data/raw/caltech256/256_ObjectCategories/012.binoculars/012_0180.jpg,11,012.binoculars
data/raw/caltech256/256_ObjectCategories/012.binoculars/012_0030.jpg,11,012.binoculars
data/raw/caltech256/256_ObjectCategories/012.binoculars/012_0074.jpg,11,012.binoculars
data/raw/caltech256/256_ObjectCategories/012.binoculars/012_0146.jpg,11,012.binoculars
data/raw/caltech256/256_ObjectCategories/012.binoculars/012_0186.jpg,11,012.binoculars
data/raw/caltech256/256_ObjectCategories/012.binoculars/012_0184.jpg,11,012.binoculars
data/raw/caltech256/256_ObjectCategories/012.binoculars/012_0018.jpg,11,012.binoculars
data/raw/caltech256/256_ObjectCategories/012.binoculars/012_0189.jpg,11,012.binoculars
data/raw/caltech256/256_ObjectCategories/012.binoculars/012_0149.jpg,11,012.binoculars
data/raw/caltech256/256_ObjectCategories/012.binoculars/012_0110.jpg,11,012.binoculars
data/raw/caltech256/256_ObjectCategories/012.binoculars/012_0123.jpg,11,012.binoculars
data/raw/caltech256/256_ObjectCategories/012.binoculars/012_0061.jpg,11,012.binoculars
data/raw/caltech256/256_ObjectCategories/012.binoculars/012_0087.jpg,11,012.binoculars
data/raw/caltech256/256_ObjectCategories/012.binoculars/012_0199.jpg,11,012.binoculars
data/raw/caltech256/256_ObjectCategories/012.binoculars/012_0013.jpg,11,012.binoculars
data/raw/caltech256/256_ObjectCategories/012.binoculars/012_0216.jpg,11,012.binoculars
data/raw/caltech256/256_ObjectCategories/012.binoculars/012_0196.jpg,11,012.binoculars
data/raw/caltech256/256_ObjectCategories/012.binoculars/012_0191.jpg,11,012.binoculars
data/raw/caltech256/256_ObjectCategories/012.binoculars/012_0058.jpg,11,012.binoculars
data/raw/caltech256/256_ObjectCategories/012.binoculars/012_0048.jpg,11,012.binoculars
data/raw/caltech256/256_ObjectCategories/012.binoculars/012_0182.jpg,11,012.binoculars
data/raw/caltech256/256_ObjectCategories/012.binoculars/012_0103.jpg,11,012.binoculars
data/raw/caltech256/256_ObjectCategories/013.birdbath/013_0052.jpg,12,013.birdbath
data/raw/caltech256/256_ObjectCategories/013.birdbath/013_0039.jpg,12,013.birdbath
data/raw/caltech256/256_ObjectCategories/013.birdbath/013_0067.jpg,12,013.birdbath
data/raw/caltech256/256_ObjectCategories/013.birdbath/013_0016.jpg,12,013.birdbath
data/raw/caltech256/256_ObjectCategories/013.birdbath/013_0031.jpg,12,013.birdbath
data/raw/caltech256/256_ObjectCategories/013.birdbath/013_0023.jpg,12,013.birdbath
data/raw/caltech256/256_ObjectCategories/013.birdbath/013_0074.jpg,12,013.birdbath
data/raw/caltech256/256_ObjectCategories/013.birdbath/013_0084.jpg,12,013.birdbath
data/raw/caltech256/256_ObjectCategories/013.birdbath/013_0073.jpg,12,013.birdbath
data/raw/caltech256/256_ObjectCategories/013.birdbath/013_0059.jpg,12,013.birdbath
data/raw/caltech256/256_ObjectCategories/013.birdbath/013_0058.jpg,12,013.birdbath
data/raw/caltech256/256_ObjectCategories/013.birdbath/013_0036.jpg,12,013.birdbath
data/raw/caltech256/256_ObjectCategories/013.birdbath/013_0080.jpg,12,013.birdbath
data/raw/caltech256/256_ObjectCategories/013.birdbath/013_0087.jpg,12,013.birdbath
data/raw/caltech256/256_ObjectCategories/013.birdbath/013_0056.jpg,12,013.birdbath
data/raw/caltech256/256_ObjectCategories/013.birdbath/013_0004.jpg,12,013.birdbath
data/raw/caltech256/256_ObjectCategories/013.birdbath/013_0022.jpg,12,013.birdbath
data/raw/caltech256/256_ObjectCategories/014.blimp/014_0083.jpg,13,014.blimp
data/raw/caltech256/256_ObjectCategories/014.blimp/014_0031.jpg,13,014.blimp
data/raw/caltech256/256_ObjectCategories/014.blimp/014_0013.jpg,13,014.blimp
data/raw/caltech256/256_ObjectCategories/014.blimp/014_0009.jpg,13,014.blimp
data/raw/caltech256/256_ObjectCategories/014.blimp/014_0039.jpg,13,014.blimp
data/raw/caltech256/256_ObjectCategories/014.blimp/014_0003.jpg,13,014.blimp
data/raw/caltech256/256_ObjectCategories/014.blimp/014_0075.jpg,13,014.blimp
data/raw/caltech256/256_ObjectCategories/014.blimp/014_0025.jpg,13,014.blimp
data/raw/caltech256/256_ObjectCategories/014.blimp/014_0001.jpg,13,014.blimp
data/raw/caltech256/256_ObjectCategories/014.blimp/014_0026.jpg,13,014.blimp
data/raw/caltech256/256_ObjectCategories/014.blimp/014_0047.jpg,13,014.blimp
data/raw/caltech256/256_ObjectCategories/014.blimp/014_0045.jpg,13,014.blimp
data/raw/caltech256/256_ObjectCategories/014.blimp/014_0044.jpg,13,014.blimp
data/raw/caltech256/256_ObjectCategories/014.blimp/014_0004.jpg,13,014.blimp
data/raw/caltech256/256_ObjectCategories/014.blimp/014_0053.jpg,13,014.blimp
data/raw/caltech256/256_ObjectCategories/015.bonsai-101/015_0013.jpg,14,015.bonsai-101
data/raw/caltech256/256_ObjectCategories/015.bonsai-101/015_0008.jpg,14,015.bonsai-101
data/raw/caltech256/256_ObjectCategories/015.bonsai-101/015_0067.jpg,14,015.bonsai-101
data/raw/caltech256/256_ObjectCategories/015.bonsai-101/015_0122.jpg,14,015.bonsai-101
data/raw/caltech256/256_ObjectCategories/015.bonsai-101/015_0121.jpg,14,015.bonsai-101
data/raw/caltech256/256_ObjectCategories/015.bonsai-101/015_0066.jpg,14,015.bonsai-101
data/raw/caltech256/256_ObjectCategories/015.bonsai-101/015_0011.jpg,14,015.bonsai-101
data/raw/caltech256/256_ObjectCategories/015.bonsai-101/015_0061.jpg,14,015.bonsai-101
data/raw/caltech256/256_ObjectCategories/015.bonsai-101/015_0023.jpg,14,015.bonsai-101
data/raw/caltech256/256_ObjectCategories/015.bonsai-101/015_0088.jpg,14,015.bonsai-101
data/raw/caltech256/256_ObjectCategories/015.bonsai-101/015_0111.jpg,14,015.bonsai-101
data/raw/caltech256/256_ObjectCategories/015.bonsai-101/015_0082.jpg,14,015.bonsai-101
data/raw/caltech256/256_ObjectCategories/015.bonsai-101/015_0099.jpg,14,015.bonsai-101
data/raw/caltech256/256_ObjectCategories/015.bonsai-101/015_0095.jpg,14,015.bonsai-101
data/raw/caltech256/256_ObjectCategories/015.bonsai-101/015_0050.jpg,14,015.bonsai-101
data/raw/caltech256/256_ObjectCategories/015.bonsai-101/015_0025.jpg,14,015.bonsai-101
data/raw/caltech256/256_ObjectCategories/015.bonsai-101/015_0054.jpg,14,015.bonsai-101
data/raw/caltech256/256_ObjectCategories/015.bonsai-101/015_0026.jpg,14,015.bonsai-101
data/raw/caltech256/256_ObjectCategories/015.bonsai-101/015_0090.jpg,14,015.bonsai-101
data/raw/caltech256/256_ObjectCategories/015.bonsai-101/015_0004.jpg,14,015.bonsai-101
data/raw/caltech256/256_ObjectCategories/015.bonsai-101/015_0113.jpg,14,015.bonsai-101
data/raw/caltech256/256_ObjectCategories/015.bonsai-101/015_0104.jpg,14,015.bonsai-101
data/raw/caltech256/256_ObjectCategories/016.boom-box/016_0091.jpg,15,016.boom-box
data/raw/caltech256/256_ObjectCategories/016.boom-box/016_0081.jpg,15,016.boom-box
data/raw/caltech256/256_ObjectCategories/016.boom-box/016_0082.jpg,15,016.boom-box
data/raw/caltech256/256_ObjectCategories/016.boom-box/016_0025.jpg,15,016.boom-box
data/raw/caltech256/256_ObjectCategories/016.boom-box/016_0039.jpg,15,016.boom-box
data/raw/caltech256/256_ObjectCategories/016.boom-box/016_0049.jpg,15,016.boom-box
data/raw/caltech256/256_ObjectCategories/016.boom-box/016_0054.jpg,15,016.boom-box
data/raw/caltech256/256_ObjectCategories/016.boom-box/016_0073.jpg,15,016.boom-box
data/raw/caltech256/256_ObjectCategories/016.boom-box/016_0089.jpg,15,016.boom-box
data/raw/caltech256/256_ObjectCategories/016.boom-box/016_0005.jpg,15,016.boom-box
data/raw/caltech256/256_ObjectCategories/016.boom-box/016_0021.jpg,15,016.boom-box
data/raw/caltech256/256_ObjectCategories/016.boom-box/016_0072.jpg,15,016.boom-box
data/raw/caltech256/256_ObjectCategories/016.boom-box/016_0006.jpg,15,016.boom-box
data/raw/caltech256/256_ObjectCategories/016.boom-box/016_0068.jpg,15,016.boom-box
data/raw/caltech256/256_ObjectCategories/016.boom-box/016_0033.jpg,15,016.boom-box
data/raw/caltech256/256_ObjectCategories/016.boom-box/016_0028.jpg,15,016.boom-box
data/raw/caltech256/256_ObjectCategories/017.bowling-ball/017_0066.jpg,16,017.bowling-ball
data/raw/caltech256/256_ObjectCategories/017.bowling-ball/017_0053.jpg,16,017.bowling-ball
data/raw/caltech256/256_ObjectCategories/017.bowling-ball/017_0103.jpg,16,017.bowling-ball
data/raw/caltech256/256_ObjectCategories/017.bowling-ball/017_0085.jpg,16,017.bowling-ball
data/raw/caltech256/256_ObjectCategories/017.bowling-ball/017_0013.jpg,16,017.bowling-ball
data/raw/caltech256/256_ObjectCategories/017.bowling-ball/017_0011.jpg,16,017.bowling-ball
data/raw/caltech256/256_ObjectCategories/017.bowling-ball/017_0074.jpg,16,017.bowling-ball
data/raw/caltech256/256_ObjectCategories/017.bowling-ball/017_0060.jpg,16,017.bowling-ball
data/raw/caltech256/256_ObjectCategories/017.bowling-ball/017_0004.jpg,16,017.bowling-ball
data/raw/caltech256/256_ObjectCategories/017.bowling-ball/017_0061.jpg,16,017.bowling-ball
data/raw/caltech256/256_ObjectCategories/017.bowling-ball/017_0021.jpg,16,017.bowling-ball
data/raw/caltech256/256_ObjectCategories/017.bowling-ball/017_0078.jpg,16,017.bowling-ball
data/raw/caltech256/256_ObjectCategories/017.bowling-ball/017_0091.jpg,16,017.bowling-ball
data/raw/caltech256/256_ObjectCategories/017.bowling-ball/017_0100.jpg,16,017.bowling-ball
data/raw/caltech256/256_ObjectCategories/017.bowling-ball/017_0056.jpg,16,017.bowling-ball
data/raw/caltech256/256_ObjectCategories/017.bowling-ball/017_0027.jpg,16,017.bowling-ball
data/raw/caltech256/256_ObjectCategories/017.bowling-ball/017_0007.jpg,16,017.bowling-ball
data/raw/caltech256/256_ObjectCategories/017.bowling-ball/017_0065.jpg,16,017.bowling-ball
data/raw/caltech256/256_ObjectCategories/017.bowling-ball/017_0026.jpg,16,017.bowling-ball
data/raw/caltech256/256_ObjectCategories/018.bowling-pin/018_0054.jpg,17,018.bowling-pin
data/raw/caltech256/256_ObjectCategories/018.bowling-pin/018_0028.jpg,17,018.bowling-pin
data/raw/caltech256/256_ObjectCategories/018.bowling-pin/018_0019.jpg,17,018.bowling-pin
data/raw/caltech256/256_ObjectCategories/018.bowling-pin/018_0035.jpg,17,018.bowling-pin
data/raw/caltech256/256_ObjectCategories/018.bowling-pin/018_0079.jpg,17,018.bowling-pin
data/raw/caltech256/256_ObjectCategories/018.bowling-pin/018_0017.jpg,17,018.bowling-pin
data/raw/caltech256/256_ObjectCategories/018.bowling-pin/018_0072.jpg,17,018.bowling-pin
data/raw/caltech256/256_ObjectCategories/018.bowling-pin/018_0003.jpg,17,018.bowling-pin
data/raw/caltech256/256_ObjectCategories/018.bowling-pin/018_0018.jpg,17,018.bowling-pin
data/raw/caltech256/256_ObjectCategories/018.bowling-pin/018_0011.jpg,17,018.bowling-pin
data/raw/caltech256/256_ObjectCategories/018.bowling-pin/018_0008.jpg,17,018.bowling-pin
data/raw/caltech256/256_ObjectCategories/018.bowling-pin/018_0026.jpg,17,018.bowling-pin
data/raw/caltech256/256_ObjectCategories/018.bowling-pin/018_0037.jpg,17,018.bowling-pin
data/raw/caltech256/256_ObjectCategories/018.bowling-pin/018_0084.jpg,17,018.bowling-pin
data/raw/caltech256/256_ObjectCategories/018.bowling-pin/018_0051.jpg,17,018.bowling-pin
data/raw/caltech256/256_ObjectCategories/018.bowling-pin/018_0010.jpg,17,018.bowling-pin
data/raw/caltech256/256_ObjectCategories/018.bowling-pin/018_0047.jpg,17,018.bowling-pin
data/raw/caltech256/256_ObjectCategories/018.bowling-pin/018_0087.jpg,17,018.bowling-pin
data/raw/caltech256/256_ObjectCategories/019.boxing-glove/019_0022.jpg,18,019.boxing-glove
data/raw/caltech256/256_ObjectCategories/019.boxing-glove/019_0077.jpg,18,019.boxing-glove
data/raw/caltech256/256_ObjectCategories/019.boxing-glove/019_0076.jpg,18,019.boxing-glove
data/raw/caltech256/256_ObjectCategories/019.boxing-glove/019_0043.jpg,18,019.boxing-glove
data/raw/caltech256/256_ObjectCategories/019.boxing-glove/019_0065.jpg,18,019.boxing-glove
data/raw/caltech256/256_ObjectCategories/019.boxing-glove/019_0052.jpg,18,019.boxing-glove
data/raw/caltech256/256_ObjectCategories/019.boxing-glove/019_0087.jpg,18,019.boxing-glove
data/raw/caltech256/256_ObjectCategories/019.boxing-glove/019_0100.jpg,18,019.boxing-glove
data/raw/caltech256/256_ObjectCategories/019.boxing-glove/019_0010.jpg,18,019.boxing-glove
data/raw/caltech256/256_ObjectCategories/019.boxing-glove/019_0082.jpg,18,019.boxing-glove
data/raw/caltech256/256_ObjectCategories/019.boxing-glove/019_0105.jpg,18,019.boxing-glove
data/raw/caltech256/256_ObjectCategories/019.boxing-glove/019_0048.jpg,18,019.boxing-glove
data/raw/caltech256/256_ObjectCategories/019.boxing-glove/019_0006.jpg,18,019.boxing-glove
data/raw/caltech256/256_ObjectCategories/019.boxing-glove/019_0055.jpg,18,019.boxing-glove
data/raw/caltech256/256_ObjectCategories/019.boxing-glove/019_0030.jpg,18,019.boxing-glove
data/raw/caltech256/256_ObjectCategories/019.boxing-glove/019_0015.jpg,18,019.boxing-glove
data/raw/caltech256/256_ObjectCategories/019.boxing-glove/019_0122.jpg,18,019.boxing-glove
data/raw/caltech256/256_ObjectCategories/019.boxing-glove/019_0073.jpg,18,019.boxing-glove
data/raw/caltech256/256_ObjectCategories/019.boxing-glove/019_0049.jpg,18,019.boxing-glove
data/raw/caltech256/256_ObjectCategories/019.boxing-glove/019_0057.jpg,18,019.boxing-glove
data/raw/caltech256/256_ObjectCategories/019.boxing-glove/019_0032.jpg,18,019.boxing-glove
data/raw/caltech256/256_ObjectCategories/019.boxing-glove/019_0051.jpg,18,019.boxing-glove
data/raw/caltech256/256_ObjectCategories/020.brain-101/020_0034.jpg,19,020.brain-101
data/raw/caltech256/256_ObjectCategories/020.brain-101/020_0046.jpg,19,020.brain-101
data/raw/caltech256/256_ObjectCategories/020.brain-101/020_0011.jpg,19,020.brain-101
data/raw/caltech256/256_ObjectCategories/020.brain-101/020_0054.jpg,19,020.brain-101
data/raw/caltech256/256_ObjectCategories/020.brain-101/020_0025.jpg,19,020.brain-101
data/raw/caltech256/256_ObjectCategories/020.brain-101/020_0013.jpg,19,020.brain-101
data/raw/caltech256/256_ObjectCategories/020.brain-101/020_0032.jpg,19,020.brain-101
data/raw/caltech256/256_ObjectCategories/020.brain-101/020_0075.jpg,19,020.brain-101
data/raw/caltech256/256_ObjectCategories/020.brain-101/020_0044.jpg,19,020.brain-101
data/raw/caltech256/256_ObjectCategories/020.brain-101/020_0072.jpg,19,020.brain-101
data/raw/caltech256/256_ObjectCategories/020.brain-101/020_0063.jpg,19,020.brain-101
data/raw/caltech256/256_ObjectCategories/020.brain-101/020_0050.jpg,19,020.brain-101
data/raw/caltech256/256_ObjectCategories/020.brain-101/020_0037.jpg,19,020.brain-101
data/raw/caltech256/256_ObjectCategories/020.brain-101/020_0071.jpg,19,020.brain-101
data/raw/caltech256/256_ObjectCategories/020.brain-101/020_0049.jpg,19,020.brain-101
data/raw/caltech256/256_ObjectCategories/021.breadmaker/021_0094.jpg,20,021.breadmaker
data/raw/caltech256/256_ObjectCategories/021.breadmaker/021_0141.jpg,20,021.breadmaker
data/raw/caltech256/256_ObjectCategories/021.breadmaker/021_0090.jpg,20,021.breadmaker
data/raw/caltech256/256_ObjectCategories/021.breadmaker/021_0051.jpg,20,021.breadmaker
data/raw/caltech256/256_ObjectCategories/021.breadmaker/021_0065.jpg,20,021.breadmaker
data/raw/caltech256/256_ObjectCategories/021.breadmaker/021_0041.jpg,20,021.breadmaker
data/raw/caltech256/256_ObjectCategories/021.breadmaker/021_0069.jpg,20,021.breadmaker
data/raw/caltech256/256_ObjectCategories/021.breadmaker/021_0093.jpg,20,021.breadmaker
data/raw/caltech256/256_ObjectCategories/021.breadmaker/021_0085.jpg,20,021.breadmaker
data/raw/caltech256/256_ObjectCategories/021.breadmaker/021_0101.jpg,20,021.breadmaker
data/raw/caltech256/256_ObjectCategories/021.breadmaker/021_0091.jpg,20,021.breadmaker
data/raw/caltech256/256_ObjectCategories/021.breadmaker/021_0023.jpg,20,021.breadmaker
data/raw/caltech256/256_ObjectCategories/021.breadmaker/021_0042.jpg,20,021.breadmaker
data/raw/caltech256/256_ObjectCategories/021.breadmaker/021_0015.jpg,20,021.breadmaker
data/raw/caltech256/256_ObjectCategories/021.breadmaker/021_0060.jpg,20,021.breadmaker
data/raw/caltech256/256_ObjectCategories/021.breadmaker/021_0138.jpg,20,021.breadmaker
data/raw/caltech256/256_ObjectCategories/021.breadmaker/021_0108.jpg,20,021.breadmaker
data/raw/caltech256/256_ObjectCategories/021.breadmaker/021_0004.jpg,20,021.breadmaker
data/raw/caltech256/256_ObjectCategories/021.breadmaker/021_0096.jpg,20,021.breadmaker
data/raw/caltech256/256_ObjectCategories/021.breadmaker/021_0123.jpg,20,021.breadmaker
data/raw/caltech256/256_ObjectCategories/021.breadmaker/021_0092.jpg,20,021.breadmaker
data/raw/caltech256/256_ObjectCategories/021.breadmaker/021_0013.jpg,20,021.breadmaker
data/raw/caltech256/256_ObjectCategories/021.breadmaker/021_0074.jpg,20,021.breadmaker
data/raw/caltech256/256_ObjectCategories/021.breadmaker/021_0025.jpg,20,021.breadmaker
data/raw/caltech256/256_ObjectCategories/021.breadmaker/021_0033.jpg,20,021.breadmaker
data/raw/caltech256/256_ObjectCategories/022.buddha-101/022_0011.jpg,21,022.buddha-101
data/raw/caltech256/256_ObjectCategories/022.buddha-101/022_0046.jpg,21,022.buddha-101
data/raw/caltech256/256_ObjectCategories/022.buddha-101/022_0016.jpg,21,022.buddha-101
data/raw/caltech256/256_ObjectCategories/022.buddha-101/022_0041.jpg,21,022.buddha-101
data/raw/caltech256/256_ObjectCategories/022.buddha-101/022_0022.jpg,21,022.buddha-101
data/raw/caltech256/256_ObjectCategories/022.buddha-101/022_0077.jpg,21,022.buddha-101
data/raw/caltech256/256_ObjectCategories/022.buddha-101/022_0029.jpg,21,022.buddha-101
data/raw/caltech256/256_ObjectCategories/022.buddha-101/022_0034.jpg,21,022.buddha-101
data/raw/caltech256/256_ObjectCategories/022.buddha-101/022_0084.jpg,21,022.buddha-101
data/raw/caltech256/256_ObjectCategories/022.buddha-101/022_0045.jpg,21,022.buddha-101
data/raw/caltech256/256_ObjectCategories/022.buddha-101/022_0074.jpg,21,022.buddha-101
data/raw/caltech256/256_ObjectCategories/022.buddha-101/022_0073.jpg,21,022.buddha-101
data/raw/caltech256/256_ObjectCategories/022.buddha-101/022_0057.jpg,21,022.buddha-101
data/raw/caltech256/256_ObjectCategories/022.buddha-101/022_0021.jpg,21,022.buddha-101
data/raw/caltech256/256_ObjectCategories/022.buddha-101/022_0068.jpg,21,022.buddha-101
data/raw/caltech256/256_ObjectCategories/022.buddha-101/022_0083.jpg,21,022.buddha-101
data/raw/caltech256/256_ObjectCategories/022.buddha-101/022_0006.jpg,21,022.buddha-101
data/raw/caltech256/256_ObjectCategories/023.bulldozer/023_0093.jpg,22,023.bulldozer
data/raw/caltech256/256_ObjectCategories/023.bulldozer/023_0020.jpg,22,023.bulldozer
data/raw/caltech256/256_ObjectCategories/023.bulldozer/023_0002.jpg,22,023.bulldozer
data/raw/caltech256/256_ObjectCategories/023.bulldozer/023_0054.jpg,22,023.bulldozer
data/raw/caltech256/256_ObjectCategories/023.bulldozer/023_0030.jpg,22,023.bulldozer
data/raw/caltech256/256_ObjectCategories/023.bulldozer/023_0094.jpg,22,023.bulldozer
data/raw/caltech256/256_ObjectCategories/023.bulldozer/023_0092.jpg,22,023.bulldozer
data/raw/caltech256/256_ObjectCategories/023.bulldozer/023_0008.jpg,22,023.bulldozer
data/raw/caltech256/256_ObjectCategories/023.bulldozer/023_0045.jpg,22,023.bulldozer
data/raw/caltech256/256_ObjectCategories/023.bulldozer/023_0085.jpg,22,023.bulldozer
data/raw/caltech256/256_ObjectCategories/023.bulldozer/023_0009.jpg,22,023.bulldozer
data/raw/caltech256/256_ObjectCategories/023.bulldozer/023_0023.jpg,22,023.bulldozer
data/raw/caltech256/256_ObjectCategories/023.bulldozer/023_0004.jpg,22,023.bulldozer
data/raw/caltech256/256_ObjectCategories/023.bulldozer/023_0013.jpg,22,023.bulldozer
data/raw/caltech256/256_ObjectCategories/023.bulldozer/023_0081.jpg,22,023.bulldozer
data/raw/caltech256/256_ObjectCategories/023.bulldozer/023_0064.jpg,22,023.bulldozer
data/raw/caltech256/256_ObjectCategories/023.bulldozer/023_0100.jpg,22,023.bulldozer
data/raw/caltech256/256_ObjectCategories/023.bulldozer/023_0043.jpg,22,023.bulldozer
data/raw/caltech256/256_ObjectCategories/023.bulldozer/023_0017.jpg,22,023.bulldozer
data/raw/caltech256/256_ObjectCategories/023.bulldozer/023_0074.jpg,22,023.bulldozer
data/raw/caltech256/256_ObjectCategories/024.butterfly/024_0070.jpg,23,024.butterfly
data/raw/caltech256/256_ObjectCategories/024.butterfly/024_0054.jpg,23,024.butterfly
data/raw/caltech256/256_ObjectCategories/024.butterfly/024_0108.jpg,23,024.butterfly
data/raw/caltech256/256_ObjectCategories/024.butterfly/024_0095.jpg,23,024.butterfly
data/raw/caltech256/256_ObjectCategories/024.butterfly/024_0016.jpg,23,024.butterfly
data/raw/caltech256/256_ObjectCategories/024.butterfly/024_0106.jpg,23,024.butterfly
data/raw/caltech256/256_ObjectCategories/024.butterfly/024_0015.jpg,23,024.butterfly
data/raw/caltech256/256_ObjectCategories/024.butterfly/024_0048.jpg,23,024.butterfly
data/raw/caltech256/256_ObjectCategories/024.butterfly/024_0044.jpg,23,024.butterfly
data/raw/caltech256/256_ObjectCategories/024.butterfly/024_0014.jpg,23,024.butterfly
data/raw/caltech256/256_ObjectCategories/024.butterfly/024_0034.jpg,23,024.butterfly
data/raw/caltech256/256_ObjectCategories/024.butterfly/024_0107.jpg,23,024.butterfly
data/raw/caltech256/256_ObjectCategories/024.butterfly/024_0038.jpg,23,024.butterfly
data/raw/caltech256/256_ObjectCategories/024.butterfly/024_0007.jpg,23,024.butterfly
data/raw/caltech256/256_ObjectCategories/024.butterfly/024_0088.jpg,23,024.butterfly
data/raw/caltech256/256_ObjectCategories/024.butterfly/024_0103.jpg,23,024.butterfly
data/raw/caltech256/256_ObjectCategories/024.butterfly/024_0046.jpg,23,024.butterfly
data/raw/caltech256/256_ObjectCategories/024.butterfly/024_0029.jpg,23,024.butterfly
data/raw/caltech256/256_ObjectCategories/024.butterfly/024_0011.jpg,23,024.butterfly
data/raw/caltech256/256_ObjectCategories/024.butterfly/024_0078.jpg,23,024.butterfly
data/raw/caltech256/256_ObjectCategories/025.cactus/025_0083.jpg,24,025.cactus
data/raw/caltech256/256_ObjectCategories/025.cactus/025_0036.jpg,24,025.cactus
data/raw/caltech256/256_ObjectCategories/025.cactus/025_0063.jpg,24,025.cactus
data/raw/caltech256/256_ObjectCategories/025.cactus/025_0053.jpg,24,025.cactus
data/raw/caltech256/256_ObjectCategories/025.cactus/025_0007.jpg,24,025.cactus
data/raw/caltech256/256_ObjectCategories/025.cactus/025_0039.jpg,24,025.cactus
data/raw/caltech256/256_ObjectCategories/025.cactus/025_0103.jpg,24,025.cactus
data/raw/caltech256/256_ObjectCategories/025.cactus/025_0044.jpg,24,025.cactus
data/raw/caltech256/256_ObjectCategories/025.cactus/025_0086.jpg,24,025.cactus
data/raw/caltech256/256_ObjectCategories/025.cactus/025_0026.jpg,24,025.cactus
data/raw/caltech256/256_ObjectCategories/025.cactus/025_0025.jpg,24,025.cactus
data/raw/caltech256/256_ObjectCategories/025.cactus/025_0034.jpg,24,025.cactus
data/raw/caltech256/256_ObjectCategories/025.cactus/025_0099.jpg,24,025.cactus
data/raw/caltech256/256_ObjectCategories/025.cactus/025_0029.jpg,24,025.cactus
data/raw/caltech256/256_ObjectCategories/025.cactus/025_0040.jpg,24,025.cactus
data/raw/caltech256/256_ObjectCategories/025.cactus/025_0054.jpg,24,025.cactus
data/raw/caltech256/256_ObjectCategories/025.cactus/025_0032.jpg,24,025.cactus
data/raw/caltech256/256_ObjectCategories/025.cactus/025_0038.jpg,24,025.cactus
data/raw/caltech256/256_ObjectCategories/025.cactus/025_0092.jpg,24,025.cactus
data/raw/caltech256/256_ObjectCategories/025.cactus/025_0060.jpg,24,025.cactus
data/raw/caltech256/256_ObjectCategories/026.cake/026_0089.jpg,25,026.cake
data/raw/caltech256/256_ObjectCategories/026.cake/026_0035.jpg,25,026.cake
data/raw/caltech256/256_ObjectCategories/026.cake/026_0092.jpg,25,026.cake
data/raw/caltech256/256_ObjectCategories/026.cake/026_0020.jpg,25,026.cake
data/raw/caltech256/256_ObjectCategories/026.cake/026_0073.jpg,25,026.cake
data/raw/caltech256/256_ObjectCategories/026.cake/026_0084.jpg,25,026.cake
data/raw/caltech256/256_ObjectCategories/026.cake/026_0101.jpg,25,026.cake
data/raw/caltech256/256_ObjectCategories/026.cake/026_0091.jpg,25,026.cake
data/raw/caltech256/256_ObjectCategories/026.cake/026_0031.jpg,25,026.cake
data/raw/caltech256/256_ObjectCategories/026.cake/026_0076.jpg,25,026.cake
data/raw/caltech256/256_ObjectCategories/026.cake/026_0067.jpg,25,026.cake
data/raw/caltech256/256_ObjectCategories/026.cake/026_0016.jpg,25,026.cake
data/raw/caltech256/256_ObjectCategories/026.cake/026_0021.jpg,25,026.cake
data/raw/caltech256/256_ObjectCategories/026.cake/026_0029.jpg,25,026.cake
data/raw/caltech256/256_ObjectCategories/026.cake/026_0059.jpg,25,026.cake
data/raw/caltech256/256_ObjectCategories/026.cake/026_0070.jpg,25,026.cake
data/raw/caltech256/256_ObjectCategories/026.cake/026_0095.jpg,25,026.cake
data/raw/caltech256/256_ObjectCategories/026.cake/026_0040.jpg,25,026.cake
data/raw/caltech256/256_ObjectCategories/026.cake/026_0013.jpg,25,026.cake
data/raw/caltech256/256_ObjectCategories/027.calculator/027_0055.jpg,26,027.calculator
data/raw/caltech256/256_ObjectCategories/027.calculator/027_0066.jpg,26,027.calculator
data/raw/caltech256/256_ObjectCategories/027.calculator/027_0088.jpg,26,027.calculator
data/raw/caltech256/256_ObjectCategories/027.calculator/027_0018.jpg,26,027.calculator
data/raw/caltech256/256_ObjectCategories/027.calculator/027_0008.jpg,26,027.calculator
data/raw/caltech256/256_ObjectCategories/027.calculator/027_0038.jpg,26,027.calculator
data/raw/caltech256/256_ObjectCategories/027.calculator/027_0019.jpg,26,027.calculator
data/raw/caltech256/256_ObjectCategories/027.calculator/027_0100.jpg,26,027.calculator
data/raw/caltech256/256_ObjectCategories/027.calculator/027_0040.jpg,26,027.calculator
data/raw/caltech256/256_ObjectCategories/027.calculator/027_0025.jpg,26,027.calculator
data/raw/caltech256/256_ObjectCategories/027.calculator/027_0060.jpg,26,027.calculator
data/raw/caltech256/256_ObjectCategories/027.calculator/027_0044.jpg,26,027.calculator
data/raw/caltech256/256_ObjectCategories/027.calculator/027_0028.jpg,26,027.calculator
data/raw/caltech256/256_ObjectCategories/027.calculator/027_0007.jpg,26,027.calculator
data/raw/caltech256/256_ObjectCategories/027.calculator/027_0031.jpg,26,027.calculator
data/raw/caltech256/256_ObjectCategories/027.calculator/027_0087.jpg,26,027.calculator
data/raw/caltech256/256_ObjectCategories/027.calculator/027_0022.jpg,26,027.calculator
data/raw/caltech256/256_ObjectCategories/027.calculator/027_0005.jpg,26,027.calculator
data/raw/caltech256/256_ObjectCategories/028.camel/028_0047.jpg,27,028.camel
data/raw/caltech256/256_ObjectCategories/028.camel/028_0092.jpg,27,028.camel
data/raw/caltech256/256_ObjectCategories/028.camel/028_0105.jpg,27,028.camel
data/raw/caltech256/256_ObjectCategories/028.camel/028_0029.jpg,27,028.camel
data/raw/caltech256/256_ObjectCategories/028.camel/028_0015.jpg,27,028.camel
data/raw/caltech256/256_ObjectCategories/028.camel/028_0109.jpg,27,028.camel
data/raw/caltech256/256_ObjectCategories/028.camel/028_0104.jpg,27,028.camel
data/raw/caltech256/256_ObjectCategories/028.camel/028_0072.jpg,27,028.camel
data/raw/caltech256/256_ObjectCategories/028.camel/028_0057.jpg,27,028.camel
data/raw/caltech256/256_ObjectCategories/028.camel/028_0022.jpg,27,028.camel
data/raw/caltech256/256_ObjectCategories/028.camel/028_0108.jpg,27,028.camel
data/raw/caltech256/256_ObjectCategories/028.camel/028_0008.jpg,27,028.camel
data/raw/caltech256/256_ObjectCategories/028.camel/028_0075.jpg,27,028.camel
data/raw/caltech256/256_ObjectCategories/028.camel/028_0074.jpg,27,028.camel
data/raw/caltech256/256_ObjectCategories/028.camel/028_0042.jpg,27,028.camel
data/raw/caltech256/256_ObjectCategories/028.camel/028_0091.jpg,27,028.camel
data/raw/caltech256/256_ObjectCategories/028.camel/028_0040.jpg,27,028.camel
data/raw/caltech256/256_ObjectCategories/028.camel/028_0028.jpg,27,028.camel
data/raw/caltech256/256_ObjectCategories/028.camel/028_0050.jpg,27,028.camel
data/raw/caltech256/256_ObjectCategories/028.camel/028_0069.jpg,27,028.camel
data/raw/caltech256/256_ObjectCategories/029.cannon/029_0039.jpg,28,029.cannon
data/raw/caltech256/256_ObjectCategories/029.cannon/029_0008.jpg,28,029.cannon
data/raw/caltech256/256_ObjectCategories/029.cannon/029_0012.jpg,28,029.cannon
data/raw/caltech256/256_ObjectCategories/029.cannon/029_0043.jpg,28,029.cannon
data/raw/caltech256/256_ObjectCategories/029.cannon/029_0090.jpg,28,029.cannon
data/raw/caltech256/256_ObjectCategories/029.cannon/029_0102.jpg,28,029.cannon
data/raw/caltech256/256_ObjectCategories/029.cannon/029_0087.jpg,28,029.cannon
data/raw/caltech256/256_ObjectCategories/029.cannon/029_0049.jpg,28,029.cannon
data/raw/caltech256/256_ObjectCategories/029.cannon/029_0060.jpg,28,029.cannon
data/raw/caltech256/256_ObjectCategories/029.cannon/029_0061.jpg,28,029.cannon
data/raw/caltech256/256_ObjectCategories/029.cannon/029_0088.jpg,28,029.cannon
data/raw/caltech256/256_ObjectCategories/029.cannon/029_0053.jpg,28,029.cannon
data/raw/caltech256/256_ObjectCategories/029.cannon/029_0098.jpg,28,029.cannon
data/raw/caltech256/256_ObjectCategories/029.cannon/029_0037.jpg,28,029.cannon
data/raw/caltech256/256_ObjectCategories/029.cannon/029_0009.jpg,28,029.cannon
data/raw/caltech256/256_ObjectCategories/029.cannon/029_0007.jpg,28,029.cannon
data/raw/caltech256/256_ObjectCategories/029.cannon/029_0069.jpg,28,029.cannon
data/raw/caltech256/256_ObjectCategories/029.cannon/029_0041.jpg,28,029.cannon
data/raw/caltech256/256_ObjectCategories/030.canoe/030_0005.jpg,29,030.canoe
data/raw/caltech256/256_ObjectCategories/030.canoe/030_0043.jpg,29,030.canoe
data/raw/caltech256/256_ObjectCategories/030.canoe/030_0006.jpg,29,030.canoe
data/raw/caltech256/256_ObjectCategories/030.canoe/030_0012.jpg,29,030.canoe
data/raw/caltech256/256_ObjectCategories/030.canoe/030_0103.jpg,29,030.canoe
data/raw/caltech256/256_ObjectCategories/030.canoe/030_0038.jpg,29,030.canoe
data/raw/caltech256/256_ObjectCategories/030.canoe/030_0100.jpg,29,030.canoe
data/raw/caltech256/256_ObjectCategories/030.canoe/030_0063.jpg,29,030.canoe
data/raw/caltech256/256_ObjectCategories/030.canoe/030_0008.jpg,29,030.canoe
data/raw/caltech256/256_ObjectCategories/030.canoe/030_0053.jpg,29,030.canoe
data/raw/caltech256/256_ObjectCategories/030.canoe/030_0086.jpg,29,030.canoe
data/raw/caltech256/256_ObjectCategories/030.canoe/030_0054.jpg,29,030.canoe
data/raw/caltech256/256_ObjectCategories/030.canoe/030_0101.jpg,29,030.canoe
data/raw/caltech256/256_ObjectCategories/030.canoe/030_0020.jpg,29,030.canoe
data/raw/caltech256/256_ObjectCategories/030.canoe/030_0040.jpg,29,030.canoe
data/raw/caltech256/256_ObjectCategories/030.canoe/030_0025.jpg,29,030.canoe
data/raw/caltech256/256_ObjectCategories/030.canoe/030_0022.jpg,29,030.canoe
data/raw/caltech256/256_ObjectCategories/030.canoe/030_0071.jpg,29,030.canoe
data/raw/caltech256/256_ObjectCategories/030.canoe/030_0064.jpg,29,030.canoe
data/raw/caltech256/256_ObjectCategories/031.car-tire/031_0051.jpg,30,031.car-tire
data/raw/caltech256/256_ObjectCategories/031.car-tire/031_0073.jpg,30,031.car-tire
data/raw/caltech256/256_ObjectCategories/031.car-tire/031_0065.jpg,30,031.car-tire
data/raw/caltech256/256_ObjectCategories/031.car-tire/031_0036.jpg,30,031.car-tire
data/raw/caltech256/256_ObjectCategories/031.car-tire/031_0076.jpg,30,031.car-tire
data/raw/caltech256/256_ObjectCategories/031.car-tire/031_0034.jpg,30,031.car-tire
data/raw/caltech256/256_ObjectCategories/031.car-tire/031_0020.jpg,30,031.car-tire
data/raw/caltech256/256_ObjectCategories/031.car-tire/031_0049.jpg,30,031.car-tire
data/raw/caltech256/256_ObjectCategories/031.car-tire/031_0084.jpg,30,031.car-tire
data/raw/caltech256/256_ObjectCategories/031.car-tire/031_0026.jpg,30,031.car-tire
data/raw/caltech256/256_ObjectCategories/031.car-tire/031_0005.jpg,30,031.car-tire
data/raw/caltech256/256_ObjectCategories/031.car-tire/031_0037.jpg,30,031.car-tire
data/raw/caltech256/256_ObjectCategories/031.car-tire/031_0058.jpg,30,031.car-tire
data/raw/caltech256/256_ObjectCategories/031.car-tire/031_0028.jpg,30,031.car-tire
data/raw/caltech256/256_ObjectCategories/031.car-tire/031_0044.jpg,30,031.car-tire
data/raw/caltech256/256_ObjectCategories/031.car-tire/031_0061.jpg,30,031.car-tire
data/raw/caltech256/256_ObjectCategories/032.cartman/032_0037.jpg,31,032.cartman
data/raw/caltech256/256_ObjectCategories/032.cartman/032_0055.jpg,31,032.cartman
data/raw/caltech256/256_ObjectCategories/032.cartman/032_0095.jpg,31,032.cartman
data/raw/caltech256/256_ObjectCategories/032.cartman/032_0002.jpg,31,032.cartman
data/raw/caltech256/256_ObjectCategories/032.cartman/032_0050.jpg,31,032.cartman
data/raw/caltech256/256_ObjectCategories/032.cartman/032_0039.jpg,31,032.cartman
data/raw/caltech256/256_ObjectCategories/032.cartman/032_0078.jpg,31,032.cartman
data/raw/caltech256/256_ObjectCategories/032.cartman/032_0001.jpg,31,032.cartman
data/raw/caltech256/256_ObjectCategories/032.cartman/032_0075.jpg,31,032.cartman
data/raw/caltech256/256_ObjectCategories/032.cartman/032_0097.jpg,31,032.cartman
data/raw/caltech256/256_ObjectCategories/032.cartman/032_0066.jpg,31,032.cartman
data/raw/caltech256/256_ObjectCategories/032.cartman/032_0089.jpg,31,032.cartman
data/raw/caltech256/256_ObjectCategories/032.cartman/032_0092.jpg,31,032.cartman
data/raw/caltech256/256_ObjectCategories/032.cartman/032_0053.jpg,31,032.cartman
data/raw/caltech256/256_ObjectCategories/032.cartman/032_0054.jpg,31,032.cartman
data/raw/caltech256/256_ObjectCategories/032.cartman/032_0028.jpg,31,032.cartman
data/raw/caltech256/256_ObjectCategories/032.cartman/032_0080.jpg,31,032.cartman
data/raw/caltech256/256_ObjectCategories/032.cartman/032_0064.jpg,31,032.cartman
data/raw/caltech256/256_ObjectCategories/033.cd/033_0056.jpg,32,033.cd
data/raw/caltech256/256_ObjectCategories/033.cd/033_0019.jpg,32,033.cd
data/raw/caltech256/256_ObjectCategories/033.cd/033_0074.jpg,32,033.cd
data/raw/caltech256/256_ObjectCategories/033.cd/033_0068.jpg,32,033.cd
data/raw/caltech256/256_ObjectCategories/033.cd/033_0100.jpg,32,033.cd
data/raw/caltech256/256_ObjectCategories/033.cd/033_0034.jpg,32,033.cd
data/raw/caltech256/256_ObjectCategories/033.cd/033_0084.jpg,32,033.cd
data/raw/caltech256/256_ObjectCategories/033.cd/033_0017.jpg,32,033.cd
data/raw/caltech256/256_ObjectCategories/033.cd/033_0005.jpg,32,033.cd
data/raw/caltech256/256_ObjectCategories/033.cd/033_0015.jpg,32,033.cd
data/raw/caltech256/256_ObjectCategories/033.cd/033_0077.jpg,32,033.cd
data/raw/caltech256/256_ObjectCategories/033.cd/033_0067.jpg,32,033.cd
data/raw/caltech256/256_ObjectCategories/033.cd/033_0033.jpg,32,033.cd
data/raw/caltech256/256_ObjectCategories/033.cd/033_0099.jpg,32,033.cd
data/raw/caltech256/256_ObjectCategories/033.cd/033_0078.jpg,32,033.cd
data/raw/caltech256/256_ObjectCategories/033.cd/033_0090.jpg,32,033.cd
data/raw/caltech256/256_ObjectCategories/033.cd/033_0025.jpg,32,033.cd
data/raw/caltech256/256_ObjectCategories/033.cd/033_0054.jpg,32,033.cd
data/raw/caltech256/256_ObjectCategories/034.centipede/034_0060.jpg,33,034.centipede
data/raw/caltech256/256_ObjectCategories/034.centipede/034_0044.jpg,33,034.centipede
data/raw/caltech256/256_ObjectCategories/034.centipede/034_0074.jpg,33,034.centipede
data/raw/caltech256/256_ObjectCategories/034.centipede/034_0021.jpg,33,034.centipede
data/raw/caltech256/256_ObjectCategories/034.centipede/034_0049.jpg,33,034.centipede
data/raw/caltech256/256_ObjectCategories/034.centipede/034_0084.jpg,33,034.centipede
data/raw/caltech256/256_ObjectCategories/034.centipede/034_0020.jpg,33,034.centipede
data/raw/caltech256/256_ObjectCategories/034.centipede/034_0073.jpg,33,034.centipede
data/raw/caltech256/256_ObjectCategories/034.centipede/034_0097.jpg,33,034.centipede
data/raw/caltech256/256_ObjectCategories/034.centipede/034_0030.jpg,33,034.centipede
data/raw/caltech256/256_ObjectCategories/034.centipede/034_0064.jpg,33,034.centipede
data/raw/caltech256/256_ObjectCategories/034.centipede/034_0071.jpg,33,034.centipede
data/raw/caltech256/256_ObjectCategories/034.centipede/034_0005.jpg,33,034.centipede
data/raw/caltech256/256_ObjectCategories/034.centipede/034_0077.jpg,33,034.centipede
data/raw/caltech256/256_ObjectCategories/034.centipede/034_0070.jpg,33,034.centipede
data/raw/caltech256/256_ObjectCategories/034.centipede/034_0057.jpg,33,034.centipede
data/raw/caltech256/256_ObjectCategories/034.centipede/034_0062.jpg,33,034.centipede
data/raw/caltech256/256_ObjectCategories/034.centipede/034_0026.jpg,33,034.centipede
data/raw/caltech256/256_ObjectCategories/035.cereal-box/035_0062.jpg,34,035.cereal-box
data/raw/caltech256/256_ObjectCategories/035.cereal-box/035_0039.jpg,34,035.cereal-box
data/raw/caltech256/256_ObjectCategories/035.cereal-box/035_0064.jpg,34,035.cereal-box
data/raw/caltech256/256_ObjectCategories/035.cereal-box/035_0086.jpg,34,035.cereal-box
data/raw/caltech256/256_ObjectCategories/035.cereal-box/035_0016.jpg,34,035.cereal-box
data/raw/caltech256/256_ObjectCategories/035.cereal-box/035_0006.jpg,34,035.cereal-box
data/raw/caltech256/256_ObjectCategories/035.cereal-box/035_0056.jpg,34,035.cereal-box
data/raw/caltech256/256_ObjectCategories/035.cereal-box/035_0022.jpg,34,035.cereal-box
data/raw/caltech256/256_ObjectCategories/035.cereal-box/035_0028.jpg,34,035.cereal-box
data/raw/caltech256/256_ObjectCategories/035.cereal-box/035_0057.jpg,34,035.cereal-box
data/raw/caltech256/256_ObjectCategories/035.cereal-box/035_0009.jpg,34,035.cereal-box
data/raw/caltech256/256_ObjectCategories/035.cereal-box/035_0012.jpg,34,035.cereal-box
data/raw/caltech256/256_ObjectCategories/035.cereal-box/035_0080.jpg,34,035.cereal-box
data/raw/caltech256/256_ObjectCategories/035.cereal-box/035_0023.jpg,34,035.cereal-box
data/raw/caltech256/256_ObjectCategories/035.cereal-box/035_0042.jpg,34,035.cereal-box
data/raw/caltech256/256_ObjectCategories/035.cereal-box/035_0084.jpg,34,035.cereal-box
data/raw/caltech256/256_ObjectCategories/036.chandelier-101/036_0077.jpg,35,036.chandelier-101
data/raw/caltech256/256_ObjectCategories/036.chandelier-101/036_0101.jpg,35,036.chandelier-101
data/raw/caltech256/256_ObjectCategories/036.chandelier-101/036_0025.jpg,35,036.chandelier-101
data/raw/caltech256/256_ObjectCategories/036.chandelier-101/036_0087.jpg,35,036.chandelier-101
data/raw/caltech256/256_ObjectCategories/036.chandelier-101/036_0089.jpg,35,036.chandelier-101
data/raw/caltech256/256_ObjectCategories/036.chandelier-101/036_0084.jpg,35,036.chandelier-101
data/raw/caltech256/256_ObjectCategories/036.chandelier-101/036_0063.jpg,35,036.chandelier-101
data/raw/caltech256/256_ObjectCategories/036.chandelier-101/036_0051.jpg,35,036.chandelier-101
data/raw/caltech256/256_ObjectCategories/036.chandelier-101/036_0042.jpg,35,036.chandelier-101
data/raw/caltech256/256_ObjectCategories/036.chandelier-101/036_0062.jpg,35,036.chandelier-101
data/raw/caltech256/256_ObjectCategories/036.chandelier-101/036_0043.jpg,35,036.chandelier-101
data/raw/caltech256/256_ObjectCategories/036.chandelier-101/036_0047.jpg,35,036.chandelier-101
data/raw/caltech256/256_ObjectCategories/036.chandelier-101/036_0100.jpg,35,036.chandelier-101
data/raw/caltech256/256_ObjectCategories/036.chandelier-101/036_0031.jpg,35,036.chandelier-101
data/raw/caltech256/256_ObjectCategories/036.chandelier-101/036_0007.jpg,35,036.chandelier-101
data/raw/caltech256/256_ObjectCategories/036.chandelier-101/036_0012.jpg,35,036.chandelier-101
data/raw/caltech256/256_ObjectCategories/036.chandelier-101/036_0067.jpg,35,036.chandelier-101
data/raw/caltech256/256_ObjectCategories/036.chandelier-101/036_0045.jpg,35,036.chandelier-101
data/raw/caltech256/256_ObjectCategories/036.chandelier-101/036_0061.jpg,35,036.chandelier-101
data/raw/caltech256/256_ObjectCategories/037.chess-board/037_0001.jpg,36,037.chess-board
data/raw/caltech256/256_ObjectCategories/037.chess-board/037_0084.jpg,36,037.chess-board
data/raw/caltech256/256_ObjectCategories/037.chess-board/037_0092.jpg,36,037.chess-board
data/raw/caltech256/256_ObjectCategories/037.chess-board/037_0033.jpg,36,037.chess-board
data/raw/caltech256/256_ObjectCategories/037.chess-board/037_0071.jpg,36,037.chess-board
data/raw/caltech256/256_ObjectCategories/037.chess-board/037_0096.jpg,36,037.chess-board
data/raw/caltech256/256_ObjectCategories/037.chess-board/037_0062.jpg,36,037.chess-board
data/raw/caltech256/256_ObjectCategories/037.chess-board/037_0006.jpg,36,037.chess-board
data/raw/caltech256/256_ObjectCategories/037.chess-board/037_0018.jpg,36,037.chess-board
data/raw/caltech256/256_ObjectCategories/037.chess-board/037_0093.jpg,36,037.chess-board
data/raw/caltech256/256_ObjectCategories/037.chess-board/037_0048.jpg,36,037.chess-board
data/raw/caltech256/256_ObjectCategories/037.chess-board/037_0070.jpg,36,037.chess-board
data/raw/caltech256/256_ObjectCategories/037.chess-board/037_0019.jpg,36,037.chess-board
data/raw/caltech256/256_ObjectCategories/037.chess-board/037_0021.jpg,36,037.chess-board
data/raw/caltech256/256_ObjectCategories/037.chess-board/037_0060.jpg,36,037.chess-board
data/raw/caltech256/256_ObjectCategories/037.chess-board/037_0067.jpg,36,037.chess-board
data/raw/caltech256/256_ObjectCategories/037.chess-board/037_0115.jpg,36,037.chess-board
data/raw/caltech256/256_ObjectCategories/037.chess-board/037_0058.jpg,36,037.chess-board
data/raw/caltech256/256_ObjectCategories/037.chess-board/037_0061.jpg,36,037.chess-board
data/raw/caltech256/256_ObjectCategories/037.chess-board/037_0088.jpg,36,037.chess-board
data/raw/caltech256/256_ObjectCategories/037.chess-board/037_0064.jpg,36,037.chess-board
data/raw/caltech256/256_ObjectCategories/038.chimp/038_0051.jpg,37,038.chimp
data/raw/caltech256/256_ObjectCategories/038.chimp/038_0012.jpg,37,038.chimp
data/raw/caltech256/256_ObjectCategories/038.chimp/038_0053.jpg,37,038.chimp
data/raw/caltech256/256_ObjectCategories/038.chimp/038_0041.jpg,37,038.chimp
data/raw/caltech256/256_ObjectCategories/038.chimp/038_0016.jpg,37,038.chimp
data/raw/caltech256/256_ObjectCategories/038.chimp/038_0037.jpg,37,038.chimp
data/raw/caltech256/256_ObjectCategories/038.chimp/038_0109.jpg,37,038.chimp
data/raw/caltech256/256_ObjectCategories/038.chimp/038_0108.jpg,37,038.chimp
data/raw/caltech256/256_ObjectCategories/038.chimp/038_0033.jpg,37,038.chimp
data/raw/caltech256/256_ObjectCategories/038.chimp/038_0061.jpg,37,038.chimp
data/raw/caltech256/256_ObjectCategories/038.chimp/038_0009.jpg,37,038.chimp
data/raw/caltech256/256_ObjectCategories/038.chimp/038_0073.jpg,37,038.chimp
data/raw/caltech256/256_ObjectCategories/038.chimp/038_0045.jpg,37,038.chimp
data/raw/caltech256/256_ObjectCategories/038.chimp/038_0105.jpg,37,038.chimp
data/raw/caltech256/256_ObjectCategories/038.chimp/038_0034.jpg,37,038.chimp
data/raw/caltech256/256_ObjectCategories/038.chimp/038_0091.jpg,37,038.chimp
data/raw/caltech256/256_ObjectCategories/038.chimp/038_0022.jpg,37,038.chimp
data/raw/caltech256/256_ObjectCategories/038.chimp/038_0020.jpg,37,038.chimp
data/raw/caltech256/256_ObjectCategories/038.chimp/038_0076.jpg,37,038.chimp
data/raw/caltech256/256_ObjectCategories/038.chimp/038_0046.jpg,37,038.chimp
data/raw/caltech256/256_ObjectCategories/039.chopsticks/039_0072.jpg,38,039.chopsticks
data/raw/caltech256/256_ObjectCategories/039.chopsticks/039_0042.jpg,38,039.chopsticks
data/raw/caltech256/256_ObjectCategories/039.chopsticks/039_0065.jpg,38,039.chopsticks
data/raw/caltech256/256_ObjectCategories/039.chopsticks/039_0071.jpg,38,039.chopsticks
data/raw/caltech256/256_ObjectCategories/039.chopsticks/039_0020.jpg,38,039.chopsticks
data/raw/caltech256/256_ObjectCategories/039.chopsticks/039_0073.jpg,38,039.chopsticks
data/raw/caltech256/256_ObjectCategories/039.chopsticks/039_0074.jpg,38,039.chopsticks
data/raw/caltech256/256_ObjectCategories/039.chopsticks/039_0054.jpg,38,039.chopsticks
data/raw/caltech256/256_ObjectCategories/039.chopsticks/039_0056.jpg,38,039.chopsticks
data/raw/caltech256/256_ObjectCategories/039.chopsticks/039_0052.jpg,38,039.chopsticks
data/raw/caltech256/256_ObjectCategories/039.chopsticks/039_0077.jpg,38,039.chopsticks
data/raw/caltech256/256_ObjectCategories/039.chopsticks/039_0004.jpg,38,039.chopsticks
data/raw/caltech256/256_ObjectCategories/039.chopsticks/039_0021.jpg,38,039.chopsticks
data/raw/caltech256/256_ObjectCategories/039.chopsticks/039_0046.jpg,38,039.chopsticks
data/raw/caltech256/256_ObjectCategories/039.chopsticks/039_0010.jpg,38,039.chopsticks
data/raw/caltech256/256_ObjectCategories/040.cockroach/040_0074.jpg,39,040.cockroach
data/raw/caltech256/256_ObjectCategories/040.cockroach/040_0041.jpg,39,040.cockroach
data/raw/caltech256/256_ObjectCategories/040.cockroach/040_0060.jpg,39,040.cockroach
data/raw/caltech256/256_ObjectCategories/040.cockroach/040_0110.jpg,39,040.cockroach
data/raw/caltech256/256_ObjectCategories/040.cockroach/040_0085.jpg,39,040.cockroach
data/raw/caltech256/256_ObjectCategories/040.cockroach/040_0014.jpg,39,040.cockroach
data/raw/caltech256/256_ObjectCategories/040.cockroach/040_0092.jpg,39,040.cockroach
data/raw/caltech256/256_ObjectCategories/040.cockroach/040_0062.jpg,39,040.cockroach
data/raw/caltech256/256_ObjectCategories/040.cockroach/040_0036.jpg,39,040.cockroach
data/raw/caltech256/256_ObjectCategories/040.cockroach/040_0080.jpg,39,040.cockroach
data/raw/caltech256/256_ObjectCategories/040.cockroach/040_0083.jpg,39,040.cockroach
data/raw/caltech256/256_ObjectCategories/040.cockroach/040_0121.jpg,39,040.cockroach
data/raw/caltech256/256_ObjectCategories/040.cockroach/040_0010.jpg,39,040.cockroach
data/raw/caltech256/256_ObjectCategories/040.cockroach/040_0084.jpg,39,040.cockroach
data/raw/caltech256/256_ObjectCategories/040.cockroach/040_0016.jpg,39,040.cockroach
data/raw/caltech256/256_ObjectCategories/040.cockroach/040_0107.jpg,39,040.cockroach
data/raw/caltech256/256_ObjectCategories/040.cockroach/040_0077.jpg,39,040.cockroach
data/raw/caltech256/256_ObjectCategories/040.cockroach/040_0051.jpg,39,040.cockroach
data/raw/caltech256/256_ObjectCategories/040.cockroach/040_0112.jpg,39,040.cockroach
data/raw/caltech256/256_ObjectCategories/040.cockroach/040_0023.jpg,39,040.cockroach
data/raw/caltech256/256_ObjectCategories/040.cockroach/040_0106.jpg,39,040.cockroach
data/raw/caltech256/256_ObjectCategories/040.cockroach/040_0013.jpg,39,040.cockroach
data/raw/caltech256/256_ObjectCategories/041.coffee-mug/041_0034.jpg,40,041.coffee-mug
data/raw/caltech256/256_ObjectCategories/041.coffee-mug/041_0084.jpg,40,041.coffee-mug
data/raw/caltech256/256_ObjectCategories/041.coffee-mug/041_0052.jpg,40,041.coffee-mug
data/raw/caltech256/256_ObjectCategories/041.coffee-mug/041_0056.jpg,40,041.coffee-mug
data/raw/caltech256/256_ObjectCategories/041.coffee-mug/041_0078.jpg,40,041.coffee-mug
data/raw/caltech256/256_ObjectCategories/041.coffee-mug/041_0059.jpg,40,041.coffee-mug
data/raw/caltech256/256_ObjectCategories/041.coffee-mug/041_0032.jpg,40,041.coffee-mug
data/raw/caltech256/256_ObjectCategories/041.coffee-mug/041_0041.jpg,40,041.coffee-mug
data/raw/caltech256/256_ObjectCategories/041.coffee-mug/041_0033.jpg,40,041.coffee-mug
data/raw/caltech256/256_ObjectCategories/041.coffee-mug/041_0005.jpg,40,041.coffee-mug
data/raw/caltech256/256_ObjectCategories/041.coffee-mug/041_0038.jpg,40,041.coffee-mug
data/raw/caltech256/256_ObjectCategories/041.coffee-mug/041_0051.jpg,40,041.coffee-mug
data/raw/caltech256/256_ObjectCategories/041.coffee-mug/041_0036.jpg,40,041.coffee-mug
data/raw/caltech256/256_ObjectCategories/041.coffee-mug/041_0035.jpg,40,041.coffee-mug
data/raw/caltech256/256_ObjectCategories/041.coffee-mug/041_0017.jpg,40,041.coffee-mug
data/raw/caltech256/256_ObjectCategories/041.coffee-mug/041_0053.jpg,40,041.coffee-mug
data/raw/caltech256/256_ObjectCategories/042.coffin/042_0057.jpg,41,042.coffin
data/raw/caltech256/256_ObjectCategories/042.coffin/042_0015.jpg,41,042.coffin
data/raw/caltech256/256_ObjectCategories/042.coffin/042_0081.jpg,41,042.coffin
data/raw/caltech256/256_ObjectCategories/042.coffin/042_0042.jpg,41,042.coffin
data/raw/caltech256/256_ObjectCategories/042.coffin/042_0047.jpg,41,042.coffin
data/raw/caltech256/256_ObjectCategories/042.coffin/042_0058.jpg,41,042.coffin
data/raw/caltech256/256_ObjectCategories/042.coffin/042_0022.jpg,41,042.coffin
data/raw/caltech256/256_ObjectCategories/042.coffin/042_0045.jpg,41,042.coffin
data/raw/caltech256/256_ObjectCategories/042.coffin/042_0026.jpg,41,042.coffin
data/raw/caltech256/256_ObjectCategories/042.coffin/042_0060.jpg,41,042.coffin
data/raw/caltech256/256_ObjectCategories/042.coffin/042_0020.jpg,41,042.coffin
data/raw/caltech256/256_ObjectCategories/042.coffin/042_0052.jpg,41,042.coffin
data/raw/caltech256/256_ObjectCategories/042.coffin/042_0012.jpg,41,042.coffin
data/raw/caltech256/256_ObjectCategories/042.coffin/042_0009.jpg,41,042.coffin
data/raw/caltech256/256_ObjectCategories/042.coffin/042_0059.jpg,41,042.coffin
data/raw/caltech256/256_ObjectCategories/042.coffin/042_0085.jpg,41,042.coffin
data/raw/caltech256/256_ObjectCategories/043.coin/043_0100.jpg,42,043.coin
data/raw/caltech256/256_ObjectCategories/043.coin/043_0016.jpg,42,043.coin
data/raw/caltech256/256_ObjectCategories/043.coin/043_0113.jpg,42,043.coin
data/raw/caltech256/256_ObjectCategories/043.coin/043_0070.jpg,42,043.coin
data/raw/caltech256/256_ObjectCategories/043.coin/043_0001.jpg,42,043.coin
data/raw/caltech256/256_ObjectCategories/043.coin/043_0116.jpg,42,043.coin
data/raw/caltech256/256_ObjectCategories/043.coin/043_0054.jpg,42,043.coin
data/raw/caltech256/256_ObjectCategories/043.coin/043_0014.jpg,42,043.coin
data/raw/caltech256/256_ObjectCategories/043.coin/043_0058.jpg,42,043.coin
data/raw/caltech256/256_ObjectCategories/043.coin/043_0018.jpg,42,043.coin
data/raw/caltech256/256_ObjectCategories/043.coin/043_0032.jpg,42,043.coin
data/raw/caltech256/256_ObjectCategories/043.coin/043_0004.jpg,42,043.coin
data/raw/caltech256/256_ObjectCategories/043.coin/043_0067.jpg,42,043.coin
data/raw/caltech256/256_ObjectCategories/043.coin/043_0111.jpg,42,043.coin
data/raw/caltech256/256_ObjectCategories/043.coin/043_0123.jpg,42,043.coin
data/raw/caltech256/256_ObjectCategories/043.coin/043_0106.jpg,42,043.coin
data/raw/caltech256/256_ObjectCategories/043.coin/043_0118.jpg,42,043.coin
data/raw/caltech256/256_ObjectCategories/043.coin/043_0020.jpg,42,043.coin
data/raw/caltech256/256_ObjectCategories/043.coin/043_0081.jpg,42,043.coin
data/raw/caltech256/256_ObjectCategories/043.coin/043_0071.jpg,42,043.coin
data/raw/caltech256/256_ObjectCategories/043.coin/043_0021.jpg,42,043.coin
data/raw/caltech256/256_ObjectCategories/043.coin/043_0037.jpg,42,043.coin
data/raw/caltech256/256_ObjectCategories/044.comet/044_0033.jpg,43,044.comet
data/raw/caltech256/256_ObjectCategories/044.comet/044_0097.jpg,43,044.comet
data/raw/caltech256/256_ObjectCategories/044.comet/044_0020.jpg,43,044.comet
data/raw/caltech256/256_ObjectCategories/044.comet/044_0059.jpg,43,044.comet
data/raw/caltech256/256_ObjectCategories/044.comet/044_0005.jpg,43,044.comet
data/raw/caltech256/256_ObjectCategories/044.comet/044_0096.jpg,43,044.comet
data/raw/caltech256/256_ObjectCategories/044.comet/044_0061.jpg,43,044.comet
data/raw/caltech256/256_ObjectCategories/044.comet/044_0087.jpg,43,044.comet
data/raw/caltech256/256_ObjectCategories/044.comet/044_0009.jpg,43,044.comet
data/raw/caltech256/256_ObjectCategories/044.comet/044_0104.jpg,43,044.comet
data/raw/caltech256/256_ObjectCategories/044.comet/044_0117.jpg,43,044.comet
data/raw/caltech256/256_ObjectCategories/044.comet/044_0058.jpg,43,044.comet
data/raw/caltech256/256_ObjectCategories/044.comet/044_0090.jpg,43,044.comet
data/raw/caltech256/256_ObjectCategories/044.comet/044_0024.jpg,43,044.comet
data/raw/caltech256/256_ObjectCategories/044.comet/044_0100.jpg,43,044.comet
data/raw/caltech256/256_ObjectCategories/044.comet/044_0069.jpg,43,044.comet
data/raw/caltech256/256_ObjectCategories/044.comet/044_0034.jpg,43,044.comet
data/raw/caltech256/256_ObjectCategories/044.comet/044_0109.jpg,43,044.comet
data/raw/caltech256/256_ObjectCategories/044.comet/044_0092.jpg,43,044.comet
data/raw/caltech256/256_ObjectCategories/044.comet/044_0081.jpg,43,044.comet
data/raw/caltech256/256_ObjectCategories/044.comet/044_0102.jpg,43,044.comet
data/raw/caltech256/256_ObjectCategories/044.comet/044_0044.jpg,43,044.comet
data/raw/caltech256/256_ObjectCategories/045.computer-keyboard/045_0033.jpg,44,045.computer-keyboard
data/raw/caltech256/256_ObjectCategories/045.computer-keyboard/045_0070.jpg,44,045.computer-keyboard
data/raw/caltech256/256_ObjectCategories/045.computer-keyboard/045_0062.jpg,44,045.computer-keyboard
data/raw/caltech256/256_ObjectCategories/045.computer-keyboard/045_0029.jpg,44,045.computer-keyboard
data/raw/caltech256/256_ObjectCategories/045.computer-keyboard/045_0035.jpg,44,045.computer-keyboard
data/raw/caltech256/256_ObjectCategories/045.computer-keyboard/045_0078.jpg,44,045.computer-keyboard
data/raw/caltech256/256_ObjectCategories/045.computer-keyboard/045_0020.jpg,44,045.computer-keyboard
data/raw/caltech256/256_ObjectCategories/045.computer-keyboard/045_0047.jpg,44,045.computer-keyboard
data/raw/caltech256/256_ObjectCategories/045.computer-keyboard/045_0053.jpg,44,045.computer-keyboard
data/raw/caltech256/256_ObjectCategories/045.computer-keyboard/045_0037.jpg,44,045.computer-keyboard
data/raw/caltech256/256_ObjectCategories/045.computer-keyboard/045_0063.jpg,44,045.computer-keyboard
data/raw/caltech256/256_ObjectCategories/045.computer-keyboard/045_0061.jpg,44,045.computer-keyboard
data/raw/caltech256/256_ObjectCategories/045.computer-keyboard/045_0076.jpg,44,045.computer-keyboard
data/raw/caltech256/256_ObjectCategories/045.computer-keyboard/045_0060.jpg,44,045.computer-keyboard
data/raw/caltech256/256_ObjectCategories/045.computer-keyboard/045_0050.jpg,44,045.computer-keyboard
data/raw/caltech256/256_ObjectCategories/046.computer-monitor/046_0051.jpg,45,046.computer-monitor
data/raw/caltech256/256_ObjectCategories/046.computer-monitor/046_0110.jpg,45,046.computer-monitor
data/raw/caltech256/256_ObjectCategories/046.computer-monitor/046_0099.jpg,45,046.computer-monitor
data/raw/caltech256/256_ObjectCategories/046.computer-monitor/046_0001.jpg,45,046.computer-monitor
data/raw/caltech256/256_ObjectCategories/046.computer-monitor/046_0071.jpg,45,046.computer-monitor
data/raw/caltech256/256_ObjectCategories/046.computer-monitor/046_0086.jpg,45,046.computer-monitor
data/raw/caltech256/256_ObjectCategories/046.computer-monitor/046_0074.jpg,45,046.computer-monitor
data/raw/caltech256/256_ObjectCategories/046.computer-monitor/046_0121.jpg,45,046.computer-monitor
data/raw/caltech256/256_ObjectCategories/046.computer-monitor/046_0098.jpg,45,046.computer-monitor
data/raw/caltech256/256_ObjectCategories/046.computer-monitor/046_0131.jpg,45,046.computer-monitor
data/raw/caltech256/256_ObjectCategories/046.computer-monitor/046_0048.jpg,45,046.computer-monitor
data/raw/caltech256/256_ObjectCategories/046.computer-monitor/046_0082.jpg,45,046.computer-monitor
data/raw/caltech256/256_ObjectCategories/046.computer-monitor/046_0007.jpg,45,046.computer-monitor
data/raw/caltech256/256_ObjectCategories/046.computer-monitor/046_0013.jpg,45,046.computer-monitor
data/raw/caltech256/256_ObjectCategories/046.computer-monitor/046_0030.jpg,45,046.computer-monitor
data/raw/caltech256/256_ObjectCategories/046.computer-monitor/046_0029.jpg,45,046.computer-monitor
data/raw/caltech256/256_ObjectCategories/046.computer-monitor/046_0034.jpg,45,046.computer-monitor
data/raw/caltech256/256_ObjectCategories/046.computer-monitor/046_0011.jpg,45,046.computer-monitor
data/raw/caltech256/256_ObjectCategories/046.computer-monitor/046_0111.jpg,45,046.computer-monitor
data/raw/caltech256/256_ObjectCategories/046.computer-monitor/046_0014.jpg,45,046.computer-monitor
data/raw/caltech256/256_ObjectCategories/046.computer-monitor/046_0084.jpg,45,046.computer-monitor
data/raw/caltech256/256_ObjectCategories/046.computer-monitor/046_0018.jpg,45,046.computer-monitor
data/raw/caltech256/256_ObjectCategories/046.computer-monitor/046_0036.jpg,45,046.computer-monitor
data/raw/caltech256/256_ObjectCategories/046.computer-monitor/046_0102.jpg,45,046.computer-monitor
data/raw/caltech256/256_ObjectCategories/047.computer-mouse/047_0017.jpg,46,047.computer-mouse
data/raw/caltech256/256_ObjectCategories/047.computer-mouse/047_0044.jpg,46,047.computer-mouse
data/raw/caltech256/256_ObjectCategories/047.computer-mouse/047_0043.jpg,46,047.computer-mouse
data/raw/caltech256/256_ObjectCategories/047.computer-mouse/047_0072.jpg,46,047.computer-mouse
data/raw/caltech256/256_ObjectCategories/047.computer-mouse/047_0092.jpg,46,047.computer-mouse
data/raw/caltech256/256_ObjectCategories/047.computer-mouse/047_0038.jpg,46,047.computer-mouse
data/raw/caltech256/256_ObjectCategories/047.computer-mouse/047_0046.jpg,46,047.computer-mouse
data/raw/caltech256/256_ObjectCategories/047.computer-mouse/047_0074.jpg,46,047.computer-mouse
data/raw/caltech256/256_ObjectCategories/047.computer-mouse/047_0065.jpg,46,047.computer-mouse
data/raw/caltech256/256_ObjectCategories/047.computer-mouse/047_0056.jpg,46,047.computer-mouse
data/raw/caltech256/256_ObjectCategories/047.computer-mouse/047_0031.jpg,46,047.computer-mouse
data/raw/caltech256/256_ObjectCategories/047.computer-mouse/047_0061.jpg,46,047.computer-mouse
data/raw/caltech256/256_ObjectCategories/047.computer-mouse/047_0055.jpg,46,047.computer-mouse
data/raw/caltech256/256_ObjectCategories/047.computer-mouse/047_0079.jpg,46,047.computer-mouse
data/raw/caltech256/256_ObjectCategories/047.computer-mouse/047_0035.jpg,46,047.computer-mouse
data/raw/caltech256/256_ObjectCategories/047.computer-mouse/047_0028.jpg,46,047.computer-mouse
data/raw/caltech256/256_ObjectCategories/047.computer-mouse/047_0006.jpg,46,047.computer-mouse
data/raw/caltech256/256_ObjectCategories/048.conch/048_0007.jpg,47,048.conch
data/raw/caltech256/256_ObjectCategories/048.conch/048_0080.jpg,47,048.conch
data/raw/caltech256/256_ObjectCategories/048.conch/048_0044.jpg,47,048.conch
data/raw/caltech256/256_ObjectCategories/048.conch/048_0079.jpg,47,048.conch
data/raw/caltech256/256_ObjectCategories/048.conch/048_0006.jpg,47,048.conch
data/raw/caltech256/256_ObjectCategories/048.conch/048_0041.jpg,47,048.conch
data/raw/caltech256/256_ObjectCategories/048.conch/048_0074.jpg,47,048.conch
data/raw/caltech256/256_ObjectCategories/048.conch/048_0029.jpg,47,048.conch
data/raw/caltech256/256_ObjectCategories/048.conch/048_0032.jpg,47,048.conch
data/raw/caltech256/256_ObjectCategories/048.conch/048_0026.jpg,47,048.conch
data/raw/caltech256/256_ObjectCategories/048.conch/048_0038.jpg,47,048.conch
data/raw/caltech256/256_ObjectCategories/048.conch/048_0091.jpg,47,048.conch
data/raw/caltech256/256_ObjectCategories/048.conch/048_0045.jpg,47,048.conch
data/raw/caltech256/256_ObjectCategories/048.conch/048_0023.jpg,47,048.conch
data/raw/caltech256/256_ObjectCategories/048.conch/048_0030.jpg,47,048.conch
data/raw/caltech256/256_ObjectCategories/048.conch/048_0058.jpg,47,048.conch
data/raw/caltech256/256_ObjectCategories/048.conch/048_0094.jpg,47,048.conch
data/raw/caltech256/256_ObjectCategories/048.conch/048_0063.jpg,47,048.conch
data/raw/caltech256/256_ObjectCategories/049.cormorant/049_0050.jpg,48,049.cormorant
data/raw/caltech256/256_ObjectCategories/049.cormorant/049_0019.jpg,48,049.cormorant
data/raw/caltech256/256_ObjectCategories/049.cormorant/049_0063.jpg,48,049.cormorant
data/raw/caltech256/256_ObjectCategories/049.cormorant/049_0061.jpg,48,049.cormorant
data/raw/caltech256/256_ObjectCategories/049.cormorant/049_0089.jpg,48,049.cormorant
data/raw/caltech256/256_ObjectCategories/049.cormorant/049_0009.jpg,48,049.cormorant
data/raw/caltech256/256_ObjectCategories/049.cormorant/049_0106.jpg,48,049.cormorant
data/raw/caltech256/256_ObjectCategories/049.cormorant/049_0105.jpg,48,049.cormorant
data/raw/caltech256/256_ObjectCategories/049.cormorant/049_0018.jpg,48,049.cormorant
data/raw/caltech256/256_ObjectCategories/049.cormorant/049_0011.jpg,48,049.cormorant
data/raw/caltech256/256_ObjectCategories/049.cormorant/049_0035.jpg,48,049.cormorant
data/raw/caltech256/256_ObjectCategories/049.cormorant/049_0080.jpg,48,049.cormorant
data/raw/caltech256/256_ObjectCategories/049.cormorant/049_0001.jpg,48,049.cormorant
data/raw/caltech256/256_ObjectCategories/049.cormorant/049_0052.jpg,48,049.cormorant
data/raw/caltech256/256_ObjectCategories/049.cormorant/049_0099.jpg,48,049.cormorant
data/raw/caltech256/256_ObjectCategories/049.cormorant/049_0034.jpg,48,049.cormorant
data/raw/caltech256/256_ObjectCategories/049.cormorant/049_0075.jpg,48,049.cormorant
data/raw/caltech256/256_ObjectCategories/049.cormorant/049_0015.jpg,48,049.cormorant
data/raw/caltech256/256_ObjectCategories/049.cormorant/049_0049.jpg,48,049.cormorant
data/raw/caltech256/256_ObjectCategories/050.covered-wagon/050_0043.jpg,49,050.covered-wagon
data/raw/caltech256/256_ObjectCategories/050.covered-wagon/050_0042.jpg,49,050.covered-wagon
data/raw/caltech256/256_ObjectCategories/050.covered-wagon/050_0052.jpg,49,050.covered-wagon
data/raw/caltech256/256_ObjectCategories/050.covered-wagon/050_0019.jpg,49,050.covered-wagon
data/raw/caltech256/256_ObjectCategories/050.covered-wagon/050_0065.jpg,49,050.covered-wagon
data/raw/caltech256/256_ObjectCategories/050.covered-wagon/050_0070.jpg,49,050.covered-wagon
data/raw/caltech256/256_ObjectCategories/050.covered-wagon/050_0035.jpg,49,050.covered-wagon
data/raw/caltech256/256_ObjectCategories/050.covered-wagon/050_0077.jpg,49,050.covered-wagon
data/raw/caltech256/256_ObjectCategories/050.covered-wagon/050_0001.jpg,49,050.covered-wagon
data/raw/caltech256/256_ObjectCategories/050.covered-wagon/050_0031.jpg,49,050.covered-wagon
data/raw/caltech256/256_ObjectCategories/050.covered-wagon/050_0011.jpg,49,050.covered-wagon
data/raw/caltech256/256_ObjectCategories/050.covered-wagon/050_0017.jpg,49,050.covered-wagon
data/raw/caltech256/256_ObjectCategories/050.covered-wagon/050_0040.jpg,49,050.covered-wagon
data/raw/caltech256/256_ObjectCategories/050.covered-wagon/050_0041.jpg,49,050.covered-wagon
data/raw/caltech256/256_ObjectCategories/050.covered-wagon/050_0016.jpg,49,050.covered-wagon
data/raw/caltech256/256_ObjectCategories/050.covered-wagon/050_0085.jpg,49,050.covered-wagon
data/raw/caltech256/256_ObjectCategories/050.covered-wagon/050_0086.jpg,49,050.covered-wagon
data/raw/caltech256/256_ObjectCategories/051.cowboy-hat/051_0095.jpg,50,051.cowboy-hat
data/raw/caltech256/256_ObjectCategories/051.cowboy-hat/051_0114.jpg,50,051.cowboy-hat
data/raw/caltech256/256_ObjectCategories/051.cowboy-hat/051_0041.jpg,50,051.cowboy-hat
data/raw/caltech256/256_ObjectCategories/051.cowboy-hat/051_0009.jpg,50,051.cowboy-hat
data/raw/caltech256/256_ObjectCategories/051.cowboy-hat/051_0079.jpg,50,051.cowboy-hat
data/raw/caltech256/256_ObjectCategories/051.cowboy-hat/051_0035.jpg,50,051.cowboy-hat
data/raw/caltech256/256_ObjectCategories/051.cowboy-hat/051_0102.jpg,50,051.cowboy-hat
data/raw/caltech256/256_ObjectCategories/051.cowboy-hat/051_0038.jpg,50,051.cowboy-hat
data/raw/caltech256/256_ObjectCategories/051.cowboy-hat/051_0098.jpg,50,051.cowboy-hat
data/raw/caltech256/256_ObjectCategories/051.cowboy-hat/051_0083.jpg,50,051.cowboy-hat
data/raw/caltech256/256_ObjectCategories/051.cowboy-hat/051_0109.jpg,50,051.cowboy-hat
data/raw/caltech256/256_ObjectCategories/051.cowboy-hat/051_0107.jpg,50,051.cowboy-hat
data/raw/caltech256/256_ObjectCategories/051.cowboy-hat/051_0052.jpg,50,051.cowboy-hat
data/raw/caltech256/256_ObjectCategories/051.cowboy-hat/051_0092.jpg,50,051.cowboy-hat
data/raw/caltech256/256_ObjectCategories/051.cowboy-hat/051_0101.jpg,50,051.cowboy-hat
data/raw/caltech256/256_ObjectCategories/051.cowboy-hat/051_0037.jpg,50,051.cowboy-hat
data/raw/caltech256/256_ObjectCategories/051.cowboy-hat/051_0022.jpg,50,051.cowboy-hat
data/raw/caltech256/256_ObjectCategories/051.cowboy-hat/051_0044.jpg,50,051.cowboy-hat
data/raw/caltech256/256_ObjectCategories/051.cowboy-hat/051_0086.jpg,50,051.cowboy-hat
data/raw/caltech256/256_ObjectCategories/051.cowboy-hat/051_0088.jpg,50,051.cowboy-hat
data/raw/caltech256/256_ObjectCategories/052.crab-101/052_0070.jpg,51,052.crab-101
data/raw/caltech256/256_ObjectCategories/052.crab-101/052_0035.jpg,51,052.crab-101
data/raw/caltech256/256_ObjectCategories/052.crab-101/052_0015.jpg,51,052.crab-101
data/raw/caltech256/256_ObjectCategories/052.crab-101/052_0050.jpg,51,052.crab-101
data/raw/caltech256/256_ObjectCategories/052.crab-101/052_0033.jpg,51,052.crab-101
data/raw/caltech256/256_ObjectCategories/052.crab-101/052_0008.jpg,51,052.crab-101
data/raw/caltech256/256_ObjectCategories/052.crab-101/052_0082.jpg,51,052.crab-101
data/raw/caltech256/256_ObjectCategories/052.crab-101/052_0037.jpg,51,052.crab-101
data/raw/caltech256/256_ObjectCategories/052.crab-101/052_0052.jpg,51,052.crab-101
data/raw/caltech256/256_ObjectCategories/052.crab-101/052_0032.jpg,51,052.crab-101
data/raw/caltech256/256_ObjectCategories/052.crab-101/052_0077.jpg,51,052.crab-101
data/raw/caltech256/256_ObjectCategories/052.crab-101/052_0041.jpg,51,052.crab-101
data/raw/caltech256/256_ObjectCategories/052.crab-101/052_0003.jpg,51,052.crab-101
data/raw/caltech256/256_ObjectCategories/052.crab-101/052_0059.jpg,51,052.crab-101
data/raw/caltech256/256_ObjectCategories/052.crab-101/052_0039.jpg,51,052.crab-101
data/raw/caltech256/256_ObjectCategories/053.desk-globe/053_0004.jpg,52,053.desk-globe
data/raw/caltech256/256_ObjectCategories/053.desk-globe/053_0030.jpg,52,053.desk-globe
data/raw/caltech256/256_ObjectCategories/053.desk-globe/053_0070.jpg,52,053.desk-globe
data/raw/caltech256/256_ObjectCategories/053.desk-globe/053_0080.jpg,52,053.desk-globe
data/raw/caltech256/256_ObjectCategories/053.desk-globe/053_0067.jpg,52,053.desk-globe
data/raw/caltech256/256_ObjectCategories/053.desk-globe/053_0003.jpg,52,053.desk-globe
data/raw/caltech256/256_ObjectCategories/053.desk-globe/053_0021.jpg,52,053.desk-globe
data/raw/caltech256/256_ObjectCategories/053.desk-globe/053_0073.jpg,52,053.desk-globe
data/raw/caltech256/256_ObjectCategories/053.desk-globe/053_0027.jpg,52,053.desk-globe
data/raw/caltech256/256_ObjectCategories/053.desk-globe/053_0013.jpg,52,053.desk-globe
data/raw/caltech256/256_ObjectCategories/053.desk-globe/053_0033.jpg,52,053.desk-globe
data/raw/caltech256/256_ObjectCategories/053.desk-globe/053_0056.jpg,52,053.desk-globe
data/raw/caltech256/256_ObjectCategories/053.desk-globe/053_0026.jpg,52,053.desk-globe
data/raw/caltech256/256_ObjectCategories/053.desk-globe/053_0043.jpg,52,053.desk-globe
data/raw/caltech256/256_ObjectCategories/053.desk-globe/053_0059.jpg,52,053.desk-globe
data/raw/caltech256/256_ObjectCategories/054.diamond-ring/054_0066.jpg,53,054.diamond-ring
data/raw/caltech256/256_ObjectCategories/054.diamond-ring/054_0092.jpg,53,054.diamond-ring
data/raw/caltech256/256_ObjectCategories/054.diamond-ring/054_0001.jpg,53,054.diamond-ring
data/raw/caltech256/256_ObjectCategories/054.diamond-ring/054_0020.jpg,53,054.diamond-ring
data/raw/caltech256/256_ObjectCategories/054.diamond-ring/054_0078.jpg,53,054.diamond-ring
data/raw/caltech256/256_ObjectCategories/054.diamond-ring/054_0112.jpg,53,054.diamond-ring
data/raw/caltech256/256_ObjectCategories/054.diamond-ring/054_0117.jpg,53,054.diamond-ring
data/raw/caltech256/256_ObjectCategories/054.diamond-ring/054_0054.jpg,53,054.diamond-ring
data/raw/caltech256/256_ObjectCategories/054.diamond-ring/054_0115.jpg,53,054.diamond-ring
data/raw/caltech256/256_ObjectCategories/054.diamond-ring/054_0030.jpg,53,054.diamond-ring
data/raw/caltech256/256_ObjectCategories/054.diamond-ring/054_0088.jpg,53,054.diamond-ring
data/raw/caltech256/256_ObjectCategories/054.diamond-ring/054_0011.jpg,53,054.diamond-ring
data/raw/caltech256/256_ObjectCategories/054.diamond-ring/054_0065.jpg,53,054.diamond-ring
data/raw/caltech256/256_ObjectCategories/054.diamond-ring/054_0039.jpg,53,054.diamond-ring
data/raw/caltech256/256_ObjectCategories/054.diamond-ring/054_0047.jpg,53,054.diamond-ring
data/raw/caltech256/256_ObjectCategories/054.diamond-ring/054_0080.jpg,53,054.diamond-ring
data/raw/caltech256/256_ObjectCategories/054.diamond-ring/054_0005.jpg,53,054.diamond-ring
data/raw/caltech256/256_ObjectCategories/054.diamond-ring/054_0027.jpg,53,054.diamond-ring
data/raw/caltech256/256_ObjectCategories/054.diamond-ring/054_0076.jpg,53,054.diamond-ring
data/raw/caltech256/256_ObjectCategories/054.diamond-ring/054_0015.jpg,53,054.diamond-ring
data/raw/caltech256/256_ObjectCategories/054.diamond-ring/054_0025.jpg,53,054.diamond-ring
data/raw/caltech256/256_ObjectCategories/055.dice/055_0075.jpg,54,055.dice
data/raw/caltech256/256_ObjectCategories/055.dice/055_0036.jpg,54,055.dice
data/raw/caltech256/256_ObjectCategories/055.dice/055_0024.jpg,54,055.dice
data/raw/caltech256/256_ObjectCategories/055.dice/055_0034.jpg,54,055.dice
data/raw/caltech256/256_ObjectCategories/055.dice/055_0037.jpg,54,055.dice
data/raw/caltech256/256_ObjectCategories/055.dice/055_0044.jpg,54,055.dice
data/raw/caltech256/256_ObjectCategories/055.dice/055_0081.jpg,54,055.dice
data/raw/caltech256/256_ObjectCategories/055.dice/055_0058.jpg,54,055.dice
data/raw/caltech256/256_ObjectCategories/055.dice/055_0005.jpg,54,055.dice
data/raw/caltech256/256_ObjectCategories/055.dice/055_0087.jpg,54,055.dice
data/raw/caltech256/256_ObjectCategories/055.dice/055_0053.jpg,54,055.dice
data/raw/caltech256/256_ObjectCategories/055.dice/055_0077.jpg,54,055.dice
data/raw/caltech256/256_ObjectCategories/055.dice/055_0064.jpg,54,055.dice
data/raw/caltech256/256_ObjectCategories/055.dice/055_0050.jpg,54,055.dice
data/raw/caltech256/256_ObjectCategories/055.dice/055_0043.jpg,54,055.dice
data/raw/caltech256/256_ObjectCategories/055.dice/055_0040.jpg,54,055.dice
data/raw/caltech256/256_ObjectCategories/055.dice/055_0023.jpg,54,055.dice
data/raw/caltech256/256_ObjectCategories/056.dog/056_0007.jpg,55,056.dog
data/raw/caltech256/256_ObjectCategories/056.dog/056_0014.jpg,55,056.dog
data/raw/caltech256/256_ObjectCategories/056.dog/056_0069.jpg,55,056.dog
data/raw/caltech256/256_ObjectCategories/056.dog/056_0081.jpg,55,056.dog
data/raw/caltech256/256_ObjectCategories/056.dog/056_0041.jpg,55,056.dog
data/raw/caltech256/256_ObjectCategories/056.dog/056_0028.jpg,55,056.dog
data/raw/caltech256/256_ObjectCategories/056.dog/056_0066.jpg,55,056.dog
data/raw/caltech256/256_ObjectCategories/056.dog/056_0076.jpg,55,056.dog
data/raw/caltech256/256_ObjectCategories/056.dog/056_0054.jpg,55,056.dog
data/raw/caltech256/256_ObjectCategories/056.dog/056_0086.jpg,55,056.dog
data/raw/caltech256/256_ObjectCategories/056.dog/056_0058.jpg,55,056.dog
data/raw/caltech256/256_ObjectCategories/056.dog/056_0040.jpg,55,056.dog
data/raw/caltech256/256_ObjectCategories/056.dog/056_0044.jpg,55,056.dog
data/raw/caltech256/256_ObjectCategories/056.dog/056_0018.jpg,55,056.dog
data/raw/caltech256/256_ObjectCategories/056.dog/056_0020.jpg,55,056.dog
data/raw/caltech256/256_ObjectCategories/056.dog/056_0077.jpg,55,056.dog
data/raw/caltech256/256_ObjectCategories/056.dog/056_0021.jpg,55,056.dog
data/raw/caltech256/256_ObjectCategories/056.dog/056_0030.jpg,55,056.dog
data/raw/caltech256/256_ObjectCategories/057.dolphin-101/057_0001.jpg,56,057.dolphin-101
data/raw/caltech256/256_ObjectCategories/057.dolphin-101/057_0090.jpg,56,057.dolphin-101
data/raw/caltech256/256_ObjectCategories/057.dolphin-101/057_0047.jpg,56,057.dolphin-101
data/raw/caltech256/256_ObjectCategories/057.dolphin-101/057_0075.jpg,56,057.dolphin-101
data/raw/caltech256/256_ObjectCategories/057.dolphin-101/057_0065.jpg,56,057.dolphin-101
data/raw/caltech256/256_ObjectCategories/057.dolphin-101/057_0016.jpg,56,057.dolphin-101
data/raw/caltech256/256_ObjectCategories/057.dolphin-101/057_0044.jpg,56,057.dolphin-101
data/raw/caltech256/256_ObjectCategories/057.dolphin-101/057_0037.jpg,56,057.dolphin-101
data/raw/caltech256/256_ObjectCategories/057.dolphin-101/057_0005.jpg,56,057.dolphin-101
data/raw/caltech256/256_ObjectCategories/057.dolphin-101/057_0034.jpg,56,057.dolphin-101
data/raw/caltech256/256_ObjectCategories/057.dolphin-101/057_0009.jpg,56,057.dolphin-101
data/raw/caltech256/256_ObjectCategories/057.dolphin-101/057_0098.jpg,56,057.dolphin-101
data/raw/caltech256/256_ObjectCategories/057.dolphin-101/057_0076.jpg,56,057.dolphin-101
data/raw/caltech256/256_ObjectCategories/057.dolphin-101/057_0032.jpg,56,057.dolphin-101
data/raw/caltech256/256_ObjectCategories/057.dolphin-101/057_0080.jpg,56,057.dolphin-101
data/raw/caltech256/256_ObjectCategories/057.dolphin-101/057_0041.jpg,56,057.dolphin-101
data/raw/caltech256/256_ObjectCategories/057.dolphin-101/057_0033.jpg,56,057.dolphin-101
data/raw/caltech256/256_ObjectCategories/057.dolphin-101/057_0039.jpg,56,057.dolphin-101
data/raw/caltech256/256_ObjectCategories/057.dolphin-101/057_0089.jpg,56,057.dolphin-101
data/raw/caltech256/256_ObjectCategories/058.doorknob/058_0075.jpg,57,058.doorknob
data/raw/caltech256/256_ObjectCategories/058.doorknob/058_0032.jpg,57,058.doorknob
data/raw/caltech256/256_ObjectCategories/058.doorknob/058_0047.jpg,57,058.doorknob
data/raw/caltech256/256_ObjectCategories/058.doorknob/058_0007.jpg,57,058.doorknob
data/raw/caltech256/256_ObjectCategories/058.doorknob/058_0041.jpg,57,058.doorknob
data/raw/caltech256/256_ObjectCategories/058.doorknob/058_0077.jpg,57,058.doorknob
data/raw/caltech256/256_ObjectCategories/058.doorknob/058_0031.jpg,57,058.doorknob
data/raw/caltech256/256_ObjectCategories/058.doorknob/058_0016.jpg,57,058.doorknob
data/raw/caltech256/256_ObjectCategories/058.doorknob/058_0070.jpg,57,058.doorknob
data/raw/caltech256/256_ObjectCategories/058.doorknob/058_0017.jpg,57,058.doorknob
data/raw/caltech256/256_ObjectCategories/058.doorknob/058_0010.jpg,57,058.doorknob
data/raw/caltech256/256_ObjectCategories/058.doorknob/058_0056.jpg,57,058.doorknob
data/raw/caltech256/256_ObjectCategories/058.doorknob/058_0037.jpg,57,058.doorknob
data/raw/caltech256/256_ObjectCategories/058.doorknob/058_0064.jpg,57,058.doorknob
data/raw/caltech256/256_ObjectCategories/058.doorknob/058_0009.jpg,57,058.doorknob
data/raw/caltech256/256_ObjectCategories/058.doorknob/058_0025.jpg,57,058.doorknob
data/raw/caltech256/256_ObjectCategories/058.doorknob/058_0092.jpg,57,058.doorknob
data/raw/caltech256/256_ObjectCategories/059.drinking-straw/059_0054.jpg,58,059.drinking-straw
data/raw/caltech256/256_ObjectCategories/059.drinking-straw/059_0075.jpg,58,059.drinking-straw
data/raw/caltech256/256_ObjectCategories/059.drinking-straw/059_0050.jpg,58,059.drinking-straw
data/raw/caltech256/256_ObjectCategories/059.drinking-straw/059_0058.jpg,58,059.drinking-straw
data/raw/caltech256/256_ObjectCategories/059.drinking-straw/059_0061.jpg,58,059.drinking-straw
data/raw/caltech256/256_ObjectCategories/059.drinking-straw/059_0048.jpg,58,059.drinking-straw
data/raw/caltech256/256_ObjectCategories/059.drinking-straw/059_0017.jpg,58,059.drinking-straw
data/raw/caltech256/256_ObjectCategories/059.drinking-straw/059_0035.jpg,58,059.drinking-straw
data/raw/caltech256/256_ObjectCategories/059.drinking-straw/059_0051.jpg,58,059.drinking-straw
data/raw/caltech256/256_ObjectCategories/059.drinking-straw/059_0074.jpg,58,059.drinking-straw
data/raw/caltech256/256_ObjectCategories/059.drinking-straw/059_0067.jpg,58,059.drinking-straw
data/raw/caltech256/256_ObjectCategories/059.drinking-straw/059_0065.jpg,58,059.drinking-straw
data/raw/caltech256/256_ObjectCategories/059.drinking-straw/059_0016.jpg,58,059.drinking-straw
data/raw/caltech256/256_ObjectCategories/059.drinking-straw/059_0071.jpg,58,059.drinking-straw
data/raw/caltech256/256_ObjectCategories/059.drinking-straw/059_0063.jpg,58,059.drinking-straw
data/raw/caltech256/256_ObjectCategories/060.duck/060_0068.jpg,59,060.duck
data/raw/caltech256/256_ObjectCategories/060.duck/060_0024.jpg,59,060.duck
data/raw/caltech256/256_ObjectCategories/060.duck/060_0063.jpg,59,060.duck
data/raw/caltech256/256_ObjectCategories/060.duck/060_0039.jpg,59,060.duck
data/raw/caltech256/256_ObjectCategories/060.duck/060_0078.jpg,59,060.duck
data/raw/caltech256/256_ObjectCategories/060.duck/060_0061.jpg,59,060.duck
data/raw/caltech256/256_ObjectCategories/060.duck/060_0072.jpg,59,060.duck
data/raw/caltech256/256_ObjectCategories/060.duck/060_0048.jpg,59,060.duck
data/raw/caltech256/256_ObjectCategories/060.duck/060_0009.jpg,59,060.duck
data/raw/caltech256/256_ObjectCategories/060.duck/060_0013.jpg,59,060.duck
data/raw/caltech256/256_ObjectCategories/060.duck/060_0054.jpg,59,060.duck
data/raw/caltech256/256_ObjectCategories/060.duck/060_0058.jpg,59,060.duck
data/raw/caltech256/256_ObjectCategories/060.duck/060_0033.jpg,59,060.duck
data/raw/caltech256/256_ObjectCategories/060.duck/060_0053.jpg,59,060.duck
data/raw/caltech256/256_ObjectCategories/060.duck/060_0037.jpg,59,060.duck
data/raw/caltech256/256_ObjectCategories/060.duck/060_0007.jpg,59,060.duck
data/raw/caltech256/256_ObjectCategories/061.dumb-bell/061_0013.jpg,60,061.dumb-bell
data/raw/caltech256/256_ObjectCategories/061.dumb-bell/061_0068.jpg,60,061.dumb-bell
data/raw/caltech256/256_ObjectCategories/061.dumb-bell/061_0046.jpg,60,061.dumb-bell
data/raw/caltech256/256_ObjectCategories/061.dumb-bell/061_0050.jpg,60,061.dumb-bell
data/raw/caltech256/256_ObjectCategories/061.dumb-bell/061_0010.jpg,60,061.dumb-bell
data/raw/caltech256/256_ObjectCategories/061.dumb-bell/061_0028.jpg,60,061.dumb-bell
data/raw/caltech256/256_ObjectCategories/061.dumb-bell/061_0006.jpg,60,061.dumb-bell
data/raw/caltech256/256_ObjectCategories/061.dumb-bell/061_0011.jpg,60,061.dumb-bell
data/raw/caltech256/256_ObjectCategories/061.dumb-bell/061_0039.jpg,60,061.dumb-bell
data/raw/caltech256/256_ObjectCategories/061.dumb-bell/061_0012.jpg,60,061.dumb-bell
data/raw/caltech256/256_ObjectCategories/061.dumb-bell/061_0065.jpg,60,061.dumb-bell
data/raw/caltech256/256_ObjectCategories/061.dumb-bell/061_0005.jpg,60,061.dumb-bell
data/raw/caltech256/256_ObjectCategories/061.dumb-bell/061_0031.jpg,60,061.dumb-bell
data/raw/caltech256/256_ObjectCategories/061.dumb-bell/061_0056.jpg,60,061.dumb-bell
data/raw/caltech256/256_ObjectCategories/061.dumb-bell/061_0032.jpg,60,061.dumb-bell
data/raw/caltech256/256_ObjectCategories/061.dumb-bell/061_0058.jpg,60,061.dumb-bell
data/raw/caltech256/256_ObjectCategories/061.dumb-bell/061_0044.jpg,60,061.dumb-bell
data/raw/caltech256/256_ObjectCategories/061.dumb-bell/061_0061.jpg,60,061.dumb-bell
data/raw/caltech256/256_ObjectCategories/062.eiffel-tower/062_0035.jpg,61,062.eiffel-tower
data/raw/caltech256/256_ObjectCategories/062.eiffel-tower/062_0007.jpg,61,062.eiffel-tower
data/raw/caltech256/256_ObjectCategories/062.eiffel-tower/062_0033.jpg,61,062.eiffel-tower
data/raw/caltech256/256_ObjectCategories/062.eiffel-tower/062_0011.jpg,61,062.eiffel-tower
data/raw/caltech256/256_ObjectCategories/062.eiffel-tower/062_0032.jpg,61,062.eiffel-tower
data/raw/caltech256/256_ObjectCategories/062.eiffel-tower/062_0040.jpg,61,062.eiffel-tower
data/raw/caltech256/256_ObjectCategories/062.eiffel-tower/062_0010.jpg,61,062.eiffel-tower
data/raw/caltech256/256_ObjectCategories/062.eiffel-tower/062_0071.jpg,61,062.eiffel-tower
data/raw/caltech256/256_ObjectCategories/062.eiffel-tower/062_0029.jpg,61,062.eiffel-tower
data/raw/caltech256/256_ObjectCategories/062.eiffel-tower/062_0053.jpg,61,062.eiffel-tower
data/raw/caltech256/256_ObjectCategories/062.eiffel-tower/062_0031.jpg,61,062.eiffel-tower
data/raw/caltech256/256_ObjectCategories/062.eiffel-tower/062_0049.jpg,61,062.eiffel-tower
data/raw/caltech256/256_ObjectCategories/062.eiffel-tower/062_0026.jpg,61,062.eiffel-tower
data/raw/caltech256/256_ObjectCategories/062.eiffel-tower/062_0064.jpg,61,062.eiffel-tower
data/raw/caltech256/256_ObjectCategories/062.eiffel-tower/062_0002.jpg,61,062.eiffel-tower
data/raw/caltech256/256_ObjectCategories/063.electric-guitar-101/063_0107.jpg,62,063.electric-guitar-101
data/raw/caltech256/256_ObjectCategories/063.electric-guitar-101/063_0097.jpg,62,063.electric-guitar-101
data/raw/caltech256/256_ObjectCategories/063.electric-guitar-101/063_0081.jpg,62,063.electric-guitar-101
data/raw/caltech256/256_ObjectCategories/063.electric-guitar-101/063_0117.jpg,62,063.electric-guitar-101
data/raw/caltech256/256_ObjectCategories/063.electric-guitar-101/063_0116.jpg,62,063.electric-guitar-101
data/raw/caltech256/256_ObjectCategories/063.electric-guitar-101/063_0045.jpg,62,063.electric-guitar-101
data/raw/caltech256/256_ObjectCategories/063.electric-guitar-101/063_0105.jpg,62,063.electric-guitar-101
data/raw/caltech256/256_ObjectCategories/063.electric-guitar-101/063_0017.jpg,62,063.electric-guitar-101
data/raw/caltech256/256_ObjectCategories/063.electric-guitar-101/063_0048.jpg,62,063.electric-guitar-101
data/raw/caltech256/256_ObjectCategories/063.electric-guitar-101/063_0090.jpg,62,063.electric-guitar-101
data/raw/caltech256/256_ObjectCategories/063.electric-guitar-101/063_0121.jpg,62,063.electric-guitar-101
data/raw/caltech256/256_ObjectCategories/063.electric-guitar-101/063_0122.jpg,62,063.electric-guitar-101
data/raw/caltech256/256_ObjectCategories/063.electric-guitar-101/063_0040.jpg,62,063.electric-guitar-101
data/raw/caltech256/256_ObjectCategories/063.electric-guitar-101/063_0012.jpg,62,063.electric-guitar-101
data/raw/caltech256/256_ObjectCategories/063.electric-guitar-101/063_0004.jpg,62,063.electric-guitar-101
data/raw/caltech256/256_ObjectCategories/063.electric-guitar-101/063_0098.jpg,62,063.electric-guitar-101
data/raw/caltech256/256_ObjectCategories/063.electric-guitar-101/063_0011.jpg,62,063.electric-guitar-101
data/raw/caltech256/256_ObjectCategories/063.electric-guitar-101/063_0049.jpg,62,063.electric-guitar-101
data/raw/caltech256/256_ObjectCategories/063.electric-guitar-101/063_0053.jpg,62,063.electric-guitar-101
data/raw/caltech256/256_ObjectCategories/063.electric-guitar-101/063_0108.jpg,62,063.electric-guitar-101
data/raw/caltech256/256_ObjectCategories/063.electric-guitar-101/063_0079.jpg,62,063.electric-guitar-101
data/raw/caltech256/256_ObjectCategories/063.electric-guitar-101/063_0026.jpg,62,063.electric-guitar-101
data/raw/caltech256/256_ObjectCategories/064.elephant-101/064_0103.jpg,63,064.elephant-101
data/raw/caltech256/256_ObjectCategories/064.elephant-101/064_0093.jpg,63,064.elephant-101
data/raw/caltech256/256_ObjectCategories/064.elephant-101/064_0114.jpg,63,064.elephant-101
data/raw/caltech256/256_ObjectCategories/064.elephant-101/064_0123.jpg,63,064.elephant-101
data/raw/caltech256/256_ObjectCategories/064.elephant-101/064_0121.jpg,63,064.elephant-101
data/raw/caltech256/256_ObjectCategories/064.elephant-101/064_0072.jpg,63,064.elephant-101
data/raw/caltech256/256_ObjectCategories/064.elephant-101/064_0060.jpg,63,064.elephant-101
data/raw/caltech256/256_ObjectCategories/064.elephant-101/064_0095.jpg,63,064.elephant-101
data/raw/caltech256/256_ObjectCategories/064.elephant-101/064_0046.jpg,63,064.elephant-101
data/raw/caltech256/256_ObjectCategories/064.elephant-101/064_0029.jpg,63,064.elephant-101
data/raw/caltech256/256_ObjectCategories/064.elephant-101/064_0089.jpg,63,064.elephant-101
data/raw/caltech256/256_ObjectCategories/064.elephant-101/064_0122.jpg,63,064.elephant-101
data/raw/caltech256/256_ObjectCategories/064.elephant-101/064_0036.jpg,63,064.elephant-101
data/raw/caltech256/256_ObjectCategories/064.elephant-101/064_0073.jpg,63,064.elephant-101
data/raw/caltech256/256_ObjectCategories/064.elephant-101/064_0041.jpg,63,064.elephant-101
data/raw/caltech256/256_ObjectCategories/064.elephant-101/064_0098.jpg,63,064.elephant-101
data/raw/caltech256/256_ObjectCategories/064.elephant-101/064_0017.jpg,63,064.elephant-101
data/raw/caltech256/256_ObjectCategories/064.elephant-101/064_0062.jpg,63,064.elephant-101
data/raw/caltech256/256_ObjectCategories/064.elephant-101/064_0065.jpg,63,064.elephant-101
data/raw/caltech256/256_ObjectCategories/064.elephant-101/064_0130.jpg,63,064.elephant-101
data/raw/caltech256/256_ObjectCategories/064.elephant-101/064_0040.jpg,63,064.elephant-101
data/raw/caltech256/256_ObjectCategories/064.elephant-101/064_0076.jpg,63,064.elephant-101
data/raw/caltech256/256_ObjectCategories/064.elephant-101/064_0096.jpg,63,064.elephant-101
data/raw/caltech256/256_ObjectCategories/065.elk/065_0073.jpg,64,065.elk
data/raw/caltech256/256_ObjectCategories/065.elk/065_0051.jpg,64,065.elk
data/raw/caltech256/256_ObjectCategories/065.elk/065_0031.jpg,64,065.elk
data/raw/caltech256/256_ObjectCategories/065.elk/065_0014.jpg,64,065.elk
data/raw/caltech256/256_ObjectCategories/065.elk/065_0028.jpg,64,065.elk
data/raw/caltech256/256_ObjectCategories/065.elk/065_0084.jpg,64,065.elk
data/raw/caltech256/256_ObjectCategories/065.elk/065_0038.jpg,64,065.elk
data/raw/caltech256/256_ObjectCategories/065.elk/065_0065.jpg,64,065.elk
data/raw/caltech256/256_ObjectCategories/065.elk/065_0063.jpg,64,065.elk
data/raw/caltech256/256_ObjectCategories/065.elk/065_0052.jpg,64,065.elk
data/raw/caltech256/256_ObjectCategories/065.elk/065_0066.jpg,64,065.elk
data/raw/caltech256/256_ObjectCategories/065.elk/065_0089.jpg,64,065.elk
data/raw/caltech256/256_ObjectCategories/065.elk/065_0046.jpg,64,065.elk
data/raw/caltech256/256_ObjectCategories/065.elk/065_0101.jpg,64,065.elk
data/raw/caltech256/256_ObjectCategories/065.elk/065_0021.jpg,64,065.elk
data/raw/caltech256/256_ObjectCategories/065.elk/065_0043.jpg,64,065.elk
data/raw/caltech256/256_ObjectCategories/065.elk/065_0012.jpg,64,065.elk
data/raw/caltech256/256_ObjectCategories/065.elk/065_0078.jpg,64,065.elk
data/raw/caltech256/256_ObjectCategories/066.ewer-101/066_0044.jpg,65,066.ewer-101
data/raw/caltech256/256_ObjectCategories/066.ewer-101/066_0067.jpg,65,066.ewer-101
data/raw/caltech256/256_ObjectCategories/066.ewer-101/066_0063.jpg,65,066.ewer-101
data/raw/caltech256/256_ObjectCategories/066.ewer-101/066_0001.jpg,65,066.ewer-101
data/raw/caltech256/256_ObjectCategories/066.ewer-101/066_0024.jpg,65,066.ewer-101
data/raw/caltech256/256_ObjectCategories/066.ewer-101/066_0023.jpg,65,066.ewer-101
data/raw/caltech256/256_ObjectCategories/066.ewer-101/066_0010.jpg,65,066.ewer-101
data/raw/caltech256/256_ObjectCategories/066.ewer-101/066_0080.jpg,65,066.ewer-101
data/raw/caltech256/256_ObjectCategories/066.ewer-101/066_0029.jpg,65,066.ewer-101
data/raw/caltech256/256_ObjectCategories/066.ewer-101/066_0030.jpg,65,066.ewer-101
data/raw/caltech256/256_ObjectCategories/066.ewer-101/066_0008.jpg,65,066.ewer-101
data/raw/caltech256/256_ObjectCategories/066.ewer-101/066_0083.jpg,65,066.ewer-101
data/raw/caltech256/256_ObjectCategories/066.ewer-101/066_0005.jpg,65,066.ewer-101
data/raw/caltech256/256_ObjectCategories/066.ewer-101/066_0052.jpg,65,066.ewer-101
data/raw/caltech256/256_ObjectCategories/066.ewer-101/066_0028.jpg,65,066.ewer-101
data/raw/caltech256/256_ObjectCategories/067.eyeglasses/067_0006.jpg,66,067.eyeglasses
data/raw/caltech256/256_ObjectCategories/067.eyeglasses/067_0033.jpg,66,067.eyeglasses
data/raw/caltech256/256_ObjectCategories/067.eyeglasses/067_0052.jpg,66,067.eyeglasses
data/raw/caltech256/256_ObjectCategories/067.eyeglasses/067_0037.jpg,66,067.eyeglasses
data/raw/caltech256/256_ObjectCategories/067.eyeglasses/067_0011.jpg,66,067.eyeglasses
data/raw/caltech256/256_ObjectCategories/067.eyeglasses/067_0057.jpg,66,067.eyeglasses
data/raw/caltech256/256_ObjectCategories/067.eyeglasses/067_0030.jpg,66,067.eyeglasses
data/raw/caltech256/256_ObjectCategories/067.eyeglasses/067_0021.jpg,66,067.eyeglasses
data/raw/caltech256/256_ObjectCategories/067.eyeglasses/067_0026.jpg,66,067.eyeglasses
data/raw/caltech256/256_ObjectCategories/067.eyeglasses/067_0035.jpg,66,067.eyeglasses
data/raw/caltech256/256_ObjectCategories/067.eyeglasses/067_0082.jpg,66,067.eyeglasses
data/raw/caltech256/256_ObjectCategories/067.eyeglasses/067_0076.jpg,66,067.eyeglasses
data/raw/caltech256/256_ObjectCategories/067.eyeglasses/067_0014.jpg,66,067.eyeglasses
data/raw/caltech256/256_ObjectCategories/067.eyeglasses/067_0071.jpg,66,067.eyeglasses
data/raw/caltech256/256_ObjectCategories/067.eyeglasses/067_0050.jpg,66,067.eyeglasses
data/raw/caltech256/256_ObjectCategories/068.fern/068_0036.jpg,67,068.fern
data/raw/caltech256/256_ObjectCategories/068.fern/068_0073.jpg,67,068.fern
data/raw/caltech256/256_ObjectCategories/068.fern/068_0025.jpg,67,068.fern
data/raw/caltech256/256_ObjectCategories/068.fern/068_0005.jpg,67,068.fern
data/raw/caltech256/256_ObjectCategories/068.fern/068_0057.jpg,67,068.fern
data/raw/caltech256/256_ObjectCategories/068.fern/068_0006.jpg,67,068.fern
data/raw/caltech256/256_ObjectCategories/068.fern/068_0099.jpg,67,068.fern
data/raw/caltech256/256_ObjectCategories/068.fern/068_0049.jpg,67,068.fern
data/raw/caltech256/256_ObjectCategories/068.fern/068_0013.jpg,67,068.fern
data/raw/caltech256/256_ObjectCategories/068.fern/068_0090.jpg,67,068.fern
data/raw/caltech256/256_ObjectCategories/068.fern/068_0108.jpg,67,068.fern
data/raw/caltech256/256_ObjectCategories/068.fern/068_0074.jpg,67,068.fern
data/raw/caltech256/256_ObjectCategories/068.fern/068_0004.jpg,67,068.fern
data/raw/caltech256/256_ObjectCategories/068.fern/068_0055.jpg,67,068.fern
data/raw/caltech256/256_ObjectCategories/068.fern/068_0029.jpg,67,068.fern
data/raw/caltech256/256_ObjectCategories/068.fern/068_0091.jpg,67,068.fern
data/raw/caltech256/256_ObjectCategories/068.fern/068_0105.jpg,67,068.fern
data/raw/caltech256/256_ObjectCategories/068.fern/068_0064.jpg,67,068.fern
data/raw/caltech256/256_ObjectCategories/068.fern/068_0022.jpg,67,068.fern
data/raw/caltech256/256_ObjectCategories/068.fern/068_0078.jpg,67,068.fern
data/raw/caltech256/256_ObjectCategories/069.fighter-jet/069_0001.jpg,68,069.fighter-jet
data/raw/caltech256/256_ObjectCategories/069.fighter-jet/069_0024.jpg,68,069.fighter-jet
data/raw/caltech256/256_ObjectCategories/069.fighter-jet/069_0052.jpg,68,069.fighter-jet
data/raw/caltech256/256_ObjectCategories/069.fighter-jet/069_0087.jpg,68,069.fighter-jet
data/raw/caltech256/256_ObjectCategories/069.fighter-jet/069_0063.jpg,68,069.fighter-jet
data/raw/caltech256/256_ObjectCategories/069.fighter-jet/069_0023.jpg,68,069.fighter-jet
data/raw/caltech256/256_ObjectCategories/069.fighter-jet/069_0093.jpg,68,069.fighter-jet
data/raw/caltech256/256_ObjectCategories/069.fighter-jet/069_0066.jpg,68,069.fighter-jet
data/raw/caltech256/256_ObjectCategories/069.fighter-jet/069_0015.jpg,68,069.fighter-jet
data/raw/caltech256/256_ObjectCategories/069.fighter-jet/069_0013.jpg,68,069.fighter-jet
data/raw/caltech256/256_ObjectCategories/069.fighter-jet/069_0071.jpg,68,069.fighter-jet
data/raw/caltech256/256_ObjectCategories/069.fighter-jet/069_0044.jpg,68,069.fighter-jet
data/raw/caltech256/256_ObjectCategories/069.fighter-jet/069_0017.jpg,68,069.fighter-jet
data/raw/caltech256/256_ObjectCategories/069.fighter-jet/069_0033.jpg,68,069.fighter-jet
data/raw/caltech256/256_ObjectCategories/069.fighter-jet/069_0069.jpg,68,069.fighter-jet
data/raw/caltech256/256_ObjectCategories/069.fighter-jet/069_0041.jpg,68,069.fighter-jet
data/raw/caltech256/256_ObjectCategories/069.fighter-jet/069_0067.jpg,68,069.fighter-jet
data/raw/caltech256/256_ObjectCategories/069.fighter-jet/069_0032.jpg,68,069.fighter-jet
data/raw/caltech256/256_ObjectCategories/070.fire-extinguisher/070_0016.jpg,69,070.fire-extinguisher
data/raw/caltech256/256_ObjectCategories/070.fire-extinguisher/070_0053.jpg,69,070.fire-extinguisher
data/raw/caltech256/256_ObjectCategories/070.fire-extinguisher/070_0024.jpg,69,070.fire-extinguisher
data/raw/caltech256/256_ObjectCategories/070.fire-extinguisher/070_0050.jpg,69,070.fire-extinguisher
data/raw/caltech256/256_ObjectCategories/070.fire-extinguisher/070_0060.jpg,69,070.fire-extinguisher
data/raw/caltech256/256_ObjectCategories/070.fire-extinguisher/070_0028.jpg,69,070.fire-extinguisher
data/raw/caltech256/256_ObjectCategories/070.fire-extinguisher/070_0046.jpg,69,070.fire-extinguisher
data/raw/caltech256/256_ObjectCategories/070.fire-extinguisher/070_0080.jpg,69,070.fire-extinguisher
data/raw/caltech256/256_ObjectCategories/070.fire-extinguisher/070_0029.jpg,69,070.fire-extinguisher
data/raw/caltech256/256_ObjectCategories/070.fire-extinguisher/070_0011.jpg,69,070.fire-extinguisher
data/raw/caltech256/256_ObjectCategories/070.fire-extinguisher/070_0001.jpg,69,070.fire-extinguisher
data/raw/caltech256/256_ObjectCategories/070.fire-extinguisher/070_0072.jpg,69,070.fire-extinguisher
data/raw/caltech256/256_ObjectCategories/070.fire-extinguisher/070_0043.jpg,69,070.fire-extinguisher
data/raw/caltech256/256_ObjectCategories/070.fire-extinguisher/070_0006.jpg,69,070.fire-extinguisher
data/raw/caltech256/256_ObjectCategories/070.fire-extinguisher/070_0021.jpg,69,070.fire-extinguisher
data/raw/caltech256/256_ObjectCategories/071.fire-hydrant/071_0021.jpg,70,071.fire-hydrant
data/raw/caltech256/256_ObjectCategories/071.fire-hydrant/071_0080.jpg,70,071.fire-hydrant
data/raw/caltech256/256_ObjectCategories/071.fire-hydrant/071_0014.jpg,70,071.fire-hydrant
data/raw/caltech256/256_ObjectCategories/071.fire-hydrant/071_0051.jpg,70,071.fire-hydrant
data/raw/caltech256/256_ObjectCategories/071.fire-hydrant/071_0052.jpg,70,071.fire-hydrant
data/raw/caltech256/256_ObjectCategories/071.fire-hydrant/071_0028.jpg,70,071.fire-hydrant
data/raw/caltech256/256_ObjectCategories/071.fire-hydrant/071_0029.jpg,70,071.fire-hydrant
data/raw/caltech256/256_ObjectCategories/071.fire-hydrant/071_0001.jpg,70,071.fire-hydrant
data/raw/caltech256/256_ObjectCategories/071.fire-hydrant/071_0033.jpg,70,071.fire-hydrant
data/raw/caltech256/256_ObjectCategories/071.fire-hydrant/071_0054.jpg,70,071.fire-hydrant
data/raw/caltech256/256_ObjectCategories/071.fire-hydrant/071_0045.jpg,70,071.fire-hydrant
data/raw/caltech256/256_ObjectCategories/071.fire-hydrant/071_0023.jpg,70,071.fire-hydrant
data/raw/caltech256/256_ObjectCategories/071.fire-hydrant/071_0097.jpg,70,071.fire-hydrant
data/raw/caltech256/256_ObjectCategories/071.fire-hydrant/071_0059.jpg,70,071.fire-hydrant
data/raw/caltech256/256_ObjectCategories/071.fire-hydrant/071_0092.jpg,70,071.fire-hydrant
data/raw/caltech256/256_ObjectCategories/071.fire-hydrant/071_0047.jpg,70,071.fire-hydrant
data/raw/caltech256/256_ObjectCategories/071.fire-hydrant/071_0099.jpg,70,071.fire-hydrant
data/raw/caltech256/256_ObjectCategories/071.fire-hydrant/071_0082.jpg,70,071.fire-hydrant
data/raw/caltech256/256_ObjectCategories/072.fire-truck/072_0047.jpg,71,072.fire-truck
data/raw/caltech256/256_ObjectCategories/072.fire-truck/072_0105.jpg,71,072.fire-truck
data/raw/caltech256/256_ObjectCategories/072.fire-truck/072_0039.jpg,71,072.fire-truck
data/raw/caltech256/256_ObjectCategories/072.fire-truck/072_0079.jpg,71,072.fire-truck
data/raw/caltech256/256_ObjectCategories/072.fire-truck/072_0091.jpg,71,072.fire-truck
data/raw/caltech256/256_ObjectCategories/072.fire-truck/072_0098.jpg,71,072.fire-truck
data/raw/caltech256/256_ObjectCategories/072.fire-truck/072_0031.jpg,71,072.fire-truck
data/raw/caltech256/256_ObjectCategories/072.fire-truck/072_0022.jpg,71,072.fire-truck
data/raw/caltech256/256_ObjectCategories/072.fire-truck/072_0117.jpg,71,072.fire-truck
data/raw/caltech256/256_ObjectCategories/072.fire-truck/072_0044.jpg,71,072.fire-truck
data/raw/caltech256/256_ObjectCategories/072.fire-truck/072_0008.jpg,71,072.fire-truck
data/raw/caltech256/256_ObjectCategories/072.fire-truck/072_0003.jpg,71,072.fire-truck
data/raw/caltech256/256_ObjectCategories/072.fire-truck/072_0074.jpg,71,072.fire-truck
data/raw/caltech256/256_ObjectCategories/072.fire-truck/072_0062.jpg,71,072.fire-truck
data/raw/caltech256/256_ObjectCategories/072.fire-truck/072_0034.jpg,71,072.fire-truck
data/raw/caltech256/256_ObjectCategories/072.fire-truck/072_0002.jpg,71,072.fire-truck
data/raw/caltech256/256_ObjectCategories/072.fire-truck/072_0021.jpg,71,072.fire-truck
data/raw/caltech256/256_ObjectCategories/072.fire-truck/072_0085.jpg,71,072.fire-truck
data/raw/caltech256/256_ObjectCategories/072.fire-truck/072_0071.jpg,71,072.fire-truck
data/raw/caltech256/256_ObjectCategories/072.fire-truck/072_0013.jpg,71,072.fire-truck
data/raw/caltech256/256_ObjectCategories/072.fire-truck/072_0101.jpg,71,072.fire-truck
data/raw/caltech256/256_ObjectCategories/073.fireworks/073_0047.jpg,72,073.fireworks
data/raw/caltech256/256_ObjectCategories/073.fireworks/073_0041.jpg,72,073.fireworks
data/raw/caltech256/256_ObjectCategories/073.fireworks/073_0033.jpg,72,073.fireworks
data/raw/caltech256/256_ObjectCategories/073.fireworks/073_0072.jpg,72,073.fireworks
data/raw/caltech256/256_ObjectCategories/073.fireworks/073_0080.jpg,72,073.fireworks
data/raw/caltech256/256_ObjectCategories/073.fireworks/073_0042.jpg,72,073.fireworks
data/raw/caltech256/256_ObjectCategories/073.fireworks/073_0066.jpg,72,073.fireworks
data/raw/caltech256/256_ObjectCategories/073.fireworks/073_0004.jpg,72,073.fireworks
data/raw/caltech256/256_ObjectCategories/073.fireworks/073_0094.jpg,72,073.fireworks
data/raw/caltech256/256_ObjectCategories/073.fireworks/073_0040.jpg,72,073.fireworks
data/raw/caltech256/256_ObjectCategories/073.fireworks/073_0090.jpg,72,073.fireworks
data/raw/caltech256/256_ObjectCategories/073.fireworks/073_0016.jpg,72,073.fireworks
data/raw/caltech256/256_ObjectCategories/073.fireworks/073_0083.jpg,72,073.fireworks
data/raw/caltech256/256_ObjectCategories/073.fireworks/073_0028.jpg,72,073.fireworks
data/raw/caltech256/256_ObjectCategories/073.fireworks/073_0029.jpg,72,073.fireworks
data/raw/caltech256/256_ObjectCategories/073.fireworks/073_0012.jpg,72,073.fireworks
data/raw/caltech256/256_ObjectCategories/073.fireworks/073_0013.jpg,72,073.fireworks
data/raw/caltech256/256_ObjectCategories/073.fireworks/073_0039.jpg,72,073.fireworks
data/raw/caltech256/256_ObjectCategories/074.flashlight/074_0098.jpg,73,074.flashlight
data/raw/caltech256/256_ObjectCategories/074.flashlight/074_0012.jpg,73,074.flashlight
data/raw/caltech256/256_ObjectCategories/074.flashlight/074_0067.jpg,73,074.flashlight
data/raw/caltech256/256_ObjectCategories/074.flashlight/074_0074.jpg,73,074.flashlight
data/raw/caltech256/256_ObjectCategories/074.flashlight/074_0033.jpg,73,074.flashlight
data/raw/caltech256/256_ObjectCategories/074.flashlight/074_0053.jpg,73,074.flashlight
data/raw/caltech256/256_ObjectCategories/074.flashlight/074_0088.jpg,73,074.flashlight
data/raw/caltech256/256_ObjectCategories/074.flashlight/074_0100.jpg,73,074.flashlight
data/raw/caltech256/256_ObjectCategories/074.flashlight/074_0087.jpg,73,074.flashlight
data/raw/caltech256/256_ObjectCategories/074.flashlight/074_0096.jpg,73,074.flashlight
data/raw/caltech256/256_ObjectCategories/074.flashlight/074_0027.jpg,73,074.flashlight
data/raw/caltech256/256_ObjectCategories/074.flashlight/074_0022.jpg,73,074.flashlight
data/raw/caltech256/256_ObjectCategories/074.flashlight/074_0054.jpg,73,074.flashlight
data/raw/caltech256/256_ObjectCategories/074.flashlight/074_0069.jpg,73,074.flashlight
data/raw/caltech256/256_ObjectCategories/074.flashlight/074_0076.jpg,73,074.flashlight
data/raw/caltech256/256_ObjectCategories/074.flashlight/074_0072.jpg,73,074.flashlight
data/raw/caltech256/256_ObjectCategories/074.flashlight/074_0086.jpg,73,074.flashlight
data/raw/caltech256/256_ObjectCategories/074.flashlight/074_0048.jpg,73,074.flashlight
data/raw/caltech256/256_ObjectCategories/074.flashlight/074_0011.jpg,73,074.flashlight
data/raw/caltech256/256_ObjectCategories/074.flashlight/074_0110.jpg,73,074.flashlight
data/raw/caltech256/256_ObjectCategories/075.floppy-disk/075_0048.jpg,74,075.floppy-disk
data/raw/caltech256/256_ObjectCategories/075.floppy-disk/075_0074.jpg,74,075.floppy-disk
data/raw/caltech256/256_ObjectCategories/075.floppy-disk/075_0009.jpg,74,075.floppy-disk
data/raw/caltech256/256_ObjectCategories/075.floppy-disk/075_0060.jpg,74,075.floppy-disk
data/raw/caltech256/256_ObjectCategories/075.floppy-disk/075_0012.jpg,74,075.floppy-disk
data/raw/caltech256/256_ObjectCategories/075.floppy-disk/075_0034.jpg,74,075.floppy-disk
data/raw/caltech256/256_ObjectCategories/075.floppy-disk/075_0075.jpg,74,075.floppy-disk
data/raw/caltech256/256_ObjectCategories/075.floppy-disk/075_0010.jpg,74,075.floppy-disk
data/raw/caltech256/256_ObjectCategories/075.floppy-disk/075_0073.jpg,74,075.floppy-disk
data/raw/caltech256/256_ObjectCategories/075.floppy-disk/075_0063.jpg,74,075.floppy-disk
data/raw/caltech256/256_ObjectCategories/075.floppy-disk/075_0069.jpg,74,075.floppy-disk
data/raw/caltech256/256_ObjectCategories/075.floppy-disk/075_0080.jpg,74,075.floppy-disk
data/raw/caltech256/256_ObjectCategories/075.floppy-disk/075_0005.jpg,74,075.floppy-disk
data/raw/caltech256/256_ObjectCategories/075.floppy-disk/075_0083.jpg,74,075.floppy-disk
data/raw/caltech256/256_ObjectCategories/075.floppy-disk/075_0022.jpg,74,075.floppy-disk
data/raw/caltech256/256_ObjectCategories/076.football-helmet/076_0050.jpg,75,076.football-helmet
data/raw/caltech256/256_ObjectCategories/076.football-helmet/076_0079.jpg,75,076.football-helmet
data/raw/caltech256/256_ObjectCategories/076.football-helmet/076_0064.jpg,75,076.football-helmet
data/raw/caltech256/256_ObjectCategories/076.football-helmet/076_0022.jpg,75,076.football-helmet
data/raw/caltech256/256_ObjectCategories/076.football-helmet/076_0071.jpg,75,076.football-helmet
data/raw/caltech256/256_ObjectCategories/076.football-helmet/076_0018.jpg,75,076.football-helmet
data/raw/caltech256/256_ObjectCategories/076.football-helmet/076_0004.jpg,75,076.football-helmet
data/raw/caltech256/256_ObjectCategories/076.football-helmet/076_0030.jpg,75,076.football-helmet
data/raw/caltech256/256_ObjectCategories/076.football-helmet/076_0078.jpg,75,076.football-helmet
data/raw/caltech256/256_ObjectCategories/076.football-helmet/076_0058.jpg,75,076.football-helmet
data/raw/caltech256/256_ObjectCategories/076.football-helmet/076_0001.jpg,75,076.football-helmet
data/raw/caltech256/256_ObjectCategories/076.football-helmet/076_0077.jpg,75,076.football-helmet
data/raw/caltech256/256_ObjectCategories/076.football-helmet/076_0006.jpg,75,076.football-helmet
data/raw/caltech256/256_ObjectCategories/076.football-helmet/076_0056.jpg,75,076.football-helmet
data/raw/caltech256/256_ObjectCategories/076.football-helmet/076_0048.jpg,75,076.football-helmet
data/raw/caltech256/256_ObjectCategories/077.french-horn/077_0089.jpg,76,077.french-horn
data/raw/caltech256/256_ObjectCategories/077.french-horn/077_0003.jpg,76,077.french-horn
data/raw/caltech256/256_ObjectCategories/077.french-horn/077_0074.jpg,76,077.french-horn
data/raw/caltech256/256_ObjectCategories/077.french-horn/077_0007.jpg,76,077.french-horn
data/raw/caltech256/256_ObjectCategories/077.french-horn/077_0086.jpg,76,077.french-horn
data/raw/caltech256/256_ObjectCategories/077.french-horn/077_0070.jpg,76,077.french-horn
data/raw/caltech256/256_ObjectCategories/077.french-horn/077_0004.jpg,76,077.french-horn
data/raw/caltech256/256_ObjectCategories/077.french-horn/077_0043.jpg,76,077.french-horn
data/raw/caltech256/256_ObjectCategories/077.french-horn/077_0091.jpg,76,077.french-horn
data/raw/caltech256/256_ObjectCategories/077.french-horn/077_0014.jpg,76,077.french-horn
data/raw/caltech256/256_ObjectCategories/077.french-horn/077_0080.jpg,76,077.french-horn
data/raw/caltech256/256_ObjectCategories/077.french-horn/077_0002.jpg,76,077.french-horn
data/raw/caltech256/256_ObjectCategories/077.french-horn/077_0090.jpg,76,077.french-horn
data/raw/caltech256/256_ObjectCategories/077.french-horn/077_0029.jpg,76,077.french-horn
data/raw/caltech256/256_ObjectCategories/077.french-horn/077_0022.jpg,76,077.french-horn
data/raw/caltech256/256_ObjectCategories/077.french-horn/077_0088.jpg,76,077.french-horn
data/raw/caltech256/256_ObjectCategories/077.french-horn/077_0016.jpg,76,077.french-horn
data/raw/caltech256/256_ObjectCategories/078.fried-egg/078_0062.jpg,77,078.fried-egg
data/raw/caltech256/256_ObjectCategories/078.fried-egg/078_0042.jpg,77,078.fried-egg
data/raw/caltech256/256_ObjectCategories/078.fried-egg/078_0025.jpg,77,078.fried-egg
data/raw/caltech256/256_ObjectCategories/078.fried-egg/078_0014.jpg,77,078.fried-egg
data/raw/caltech256/256_ObjectCategories/078.fried-egg/078_0015.jpg,77,078.fried-egg
data/raw/caltech256/256_ObjectCategories/078.fried-egg/078_0031.jpg,77,078.fried-egg
data/raw/caltech256/256_ObjectCategories/078.fried-egg/078_0088.jpg,77,078.fried-egg
data/raw/caltech256/256_ObjectCategories/078.fried-egg/078_0077.jpg,77,078.fried-egg
data/raw/caltech256/256_ObjectCategories/078.fried-egg/078_0050.jpg,77,078.fried-egg
data/raw/caltech256/256_ObjectCategories/078.fried-egg/078_0023.jpg,77,078.fried-egg
data/raw/caltech256/256_ObjectCategories/078.fried-egg/078_0087.jpg,77,078.fried-egg
data/raw/caltech256/256_ObjectCategories/078.fried-egg/078_0045.jpg,77,078.fried-egg
data/raw/caltech256/256_ObjectCategories/078.fried-egg/078_0034.jpg,77,078.fried-egg
data/raw/caltech256/256_ObjectCategories/078.fried-egg/078_0060.jpg,77,078.fried-egg
data/raw/caltech256/256_ObjectCategories/078.fried-egg/078_0036.jpg,77,078.fried-egg
data/raw/caltech256/256_ObjectCategories/078.fried-egg/078_0049.jpg,77,078.fried-egg
data/raw/caltech256/256_ObjectCategories/079.frisbee/079_0099.jpg,78,079.frisbee
data/raw/caltech256/256_ObjectCategories/079.frisbee/079_0067.jpg,78,079.frisbee
data/raw/caltech256/256_ObjectCategories/079.frisbee/079_0046.jpg,78,079.frisbee
data/raw/caltech256/256_ObjectCategories/079.frisbee/079_0028.jpg,78,079.frisbee
data/raw/caltech256/256_ObjectCategories/079.frisbee/079_0015.jpg,78,079.frisbee
data/raw/caltech256/256_ObjectCategories/079.frisbee/079_0032.jpg,78,079.frisbee
data/raw/caltech256/256_ObjectCategories/079.frisbee/079_0029.jpg,78,079.frisbee
data/raw/caltech256/256_ObjectCategories/079.frisbee/079_0077.jpg,78,079.frisbee
data/raw/caltech256/256_ObjectCategories/079.frisbee/079_0074.jpg,78,079.frisbee
data/raw/caltech256/256_ObjectCategories/079.frisbee/079_0054.jpg,78,079.frisbee
data/raw/caltech256/256_ObjectCategories/079.frisbee/079_0066.jpg,78,079.frisbee
data/raw/caltech256/256_ObjectCategories/079.frisbee/079_0010.jpg,78,079.frisbee
data/raw/caltech256/256_ObjectCategories/079.frisbee/079_0071.jpg,78,079.frisbee
data/raw/caltech256/256_ObjectCategories/079.frisbee/079_0061.jpg,78,079.frisbee
data/raw/caltech256/256_ObjectCategories/079.frisbee/079_0080.jpg,78,079.frisbee
data/raw/caltech256/256_ObjectCategories/079.frisbee/079_0087.jpg,78,079.frisbee
data/raw/caltech256/256_ObjectCategories/079.frisbee/079_0025.jpg,78,079.frisbee
data/raw/caltech256/256_ObjectCategories/079.frisbee/079_0039.jpg,78,079.frisbee
data/raw/caltech256/256_ObjectCategories/080.frog/080_0099.jpg,79,080.frog
data/raw/caltech256/256_ObjectCategories/080.frog/080_0074.jpg,79,080.frog
data/raw/caltech256/256_ObjectCategories/080.frog/080_0089.jpg,79,080.frog
data/raw/caltech256/256_ObjectCategories/080.frog/080_0102.jpg,79,080.frog
data/raw/caltech256/256_ObjectCategories/080.frog/080_0057.jpg,79,080.frog
data/raw/caltech256/256_ObjectCategories/080.frog/080_0066.jpg,79,080.frog
data/raw/caltech256/256_ObjectCategories/080.frog/080_0070.jpg,79,080.frog
data/raw/caltech256/256_ObjectCategories/080.frog/080_0114.jpg,79,080.frog
data/raw/caltech256/256_ObjectCategories/080.frog/080_0051.jpg,79,080.frog
data/raw/caltech256/256_ObjectCategories/080.frog/080_0032.jpg,79,080.frog
data/raw/caltech256/256_ObjectCategories/080.frog/080_0075.jpg,79,080.frog
data/raw/caltech256/256_ObjectCategories/080.frog/080_0037.jpg,79,080.frog
data/raw/caltech256/256_ObjectCategories/080.frog/080_0076.jpg,79,080.frog
data/raw/caltech256/256_ObjectCategories/080.frog/080_0071.jpg,79,080.frog
data/raw/caltech256/256_ObjectCategories/080.frog/080_0088.jpg,79,080.frog
data/raw/caltech256/256_ObjectCategories/080.frog/080_0059.jpg,79,080.frog
data/raw/caltech256/256_ObjectCategories/080.frog/080_0050.jpg,79,080.frog
data/raw/caltech256/256_ObjectCategories/080.frog/080_0021.jpg,79,080.frog
data/raw/caltech256/256_ObjectCategories/080.frog/080_0007.jpg,79,080.frog
data/raw/caltech256/256_ObjectCategories/080.frog/080_0004.jpg,79,080.frog
data/raw/caltech256/256_ObjectCategories/080.frog/080_0100.jpg,79,080.frog
data/raw/caltech256/256_ObjectCategories/081.frying-pan/081_0028.jpg,80,081.frying-pan
data/raw/caltech256/256_ObjectCategories/081.frying-pan/081_0077.jpg,80,081.frying-pan
data/raw/caltech256/256_ObjectCategories/081.frying-pan/081_0086.jpg,80,081.frying-pan
data/raw/caltech256/256_ObjectCategories/081.frying-pan/081_0091.jpg,80,081.frying-pan
data/raw/caltech256/256_ObjectCategories/081.frying-pan/081_0009.jpg,80,081.frying-pan
data/raw/caltech256/256_ObjectCategories/081.frying-pan/081_0093.jpg,80,081.frying-pan
data/raw/caltech256/256_ObjectCategories/081.frying-pan/081_0048.jpg,80,081.frying-pan
data/raw/caltech256/256_ObjectCategories/081.frying-pan/081_0037.jpg,80,081.frying-pan
data/raw/caltech256/256_ObjectCategories/081.frying-pan/081_0040.jpg,80,081.frying-pan
data/raw/caltech256/256_ObjectCategories/081.frying-pan/081_0016.jpg,80,081.frying-pan
data/raw/caltech256/256_ObjectCategories/081.frying-pan/081_0036.jpg,80,081.frying-pan
data/raw/caltech256/256_ObjectCategories/081.frying-pan/081_0055.jpg,80,081.frying-pan
data/raw/caltech256/256_ObjectCategories/081.frying-pan/081_0067.jpg,80,081.frying-pan
data/raw/caltech256/256_ObjectCategories/081.frying-pan/081_0064.jpg,80,081.frying-pan
data/raw/caltech256/256_ObjectCategories/081.frying-pan/081_0012.jpg,80,081.frying-pan
data/raw/caltech256/256_ObjectCategories/081.frying-pan/081_0070.jpg,80,081.frying-pan
data/raw/caltech256/256_ObjectCategories/081.frying-pan/081_0073.jpg,80,081.frying-pan
data/raw/caltech256/256_ObjectCategories/082.galaxy/082_0024.jpg,81,082.galaxy
data/raw/caltech256/256_ObjectCategories/082.galaxy/082_0054.jpg,81,082.galaxy
data/raw/caltech256/256_ObjectCategories/082.galaxy/082_0044.jpg,81,082.galaxy
data/raw/caltech256/256_ObjectCategories/082.galaxy/082_0017.jpg,81,082.galaxy
data/raw/caltech256/256_ObjectCategories/082.galaxy/082_0047.jpg,81,082.galaxy
data/raw/caltech256/256_ObjectCategories/082.galaxy/082_0008.jpg,81,082.galaxy
data/raw/caltech256/256_ObjectCategories/082.galaxy/082_0045.jpg,81,082.galaxy
data/raw/caltech256/256_ObjectCategories/082.galaxy/082_0062.jpg,81,082.galaxy
data/raw/caltech256/256_ObjectCategories/082.galaxy/082_0006.jpg,81,082.galaxy
data/raw/caltech256/256_ObjectCategories/082.galaxy/082_0019.jpg,81,082.galaxy
data/raw/caltech256/256_ObjectCategories/082.galaxy/082_0068.jpg,81,082.galaxy
data/raw/caltech256/256_ObjectCategories/082.galaxy/082_0061.jpg,81,082.galaxy
data/raw/caltech256/256_ObjectCategories/082.galaxy/082_0033.jpg,81,082.galaxy
data/raw/caltech256/256_ObjectCategories/082.galaxy/082_0020.jpg,81,082.galaxy
data/raw/caltech256/256_ObjectCategories/082.galaxy/082_0027.jpg,81,082.galaxy
data/raw/caltech256/256_ObjectCategories/083.gas-pump/083_0070.jpg,82,083.gas-pump
data/raw/caltech256/256_ObjectCategories/083.gas-pump/083_0057.jpg,82,083.gas-pump
data/raw/caltech256/256_ObjectCategories/083.gas-pump/083_0054.jpg,82,083.gas-pump
data/raw/caltech256/256_ObjectCategories/083.gas-pump/083_0083.jpg,82,083.gas-pump
data/raw/caltech256/256_ObjectCategories/083.gas-pump/083_0080.jpg,82,083.gas-pump
data/raw/caltech256/256_ObjectCategories/083.gas-pump/083_0039.jpg,82,083.gas-pump
data/raw/caltech256/256_ObjectCategories/083.gas-pump/083_0094.jpg,82,083.gas-pump
data/raw/caltech256/256_ObjectCategories/083.gas-pump/083_0073.jpg,82,083.gas-pump
data/raw/caltech256/256_ObjectCategories/083.gas-pump/083_0008.jpg,82,083.gas-pump
data/raw/caltech256/256_ObjectCategories/083.gas-pump/083_0024.jpg,82,083.gas-pump
data/raw/caltech256/256_ObjectCategories/083.gas-pump/083_0047.jpg,82,083.gas-pump
data/raw/caltech256/256_ObjectCategories/083.gas-pump/083_0018.jpg,82,083.gas-pump
data/raw/caltech256/256_ObjectCategories/083.gas-pump/083_0009.jpg,82,083.gas-pump
data/raw/caltech256/256_ObjectCategories/083.gas-pump/083_0034.jpg,82,083.gas-pump
data/raw/caltech256/256_ObjectCategories/083.gas-pump/083_0090.jpg,82,083.gas-pump
data/raw/caltech256/256_ObjectCategories/083.gas-pump/083_0006.jpg,82,083.gas-pump
data/raw/caltech256/256_ObjectCategories/083.gas-pump/083_0011.jpg,82,083.gas-pump
data/raw/caltech256/256_ObjectCategories/084.giraffe/084_0015.jpg,83,084.giraffe
data/raw/caltech256/256_ObjectCategories/084.giraffe/084_0077.jpg,83,084.giraffe
data/raw/caltech256/256_ObjectCategories/084.giraffe/084_0047.jpg,83,084.giraffe
data/raw/caltech256/256_ObjectCategories/084.giraffe/084_0055.jpg,83,084.giraffe
data/raw/caltech256/256_ObjectCategories/084.giraffe/084_0042.jpg,83,084.giraffe
data/raw/caltech256/256_ObjectCategories/084.giraffe/084_0041.jpg,83,084.giraffe
data/raw/caltech256/256_ObjectCategories/084.giraffe/084_0005.jpg,83,084.giraffe
data/raw/caltech256/256_ObjectCategories/084.giraffe/084_0020.jpg,83,084.giraffe
data/raw/caltech256/256_ObjectCategories/084.giraffe/084_0059.jpg,83,084.giraffe
data/raw/caltech256/256_ObjectCategories/084.giraffe/084_0060.jpg,83,084.giraffe
data/raw/caltech256/256_ObjectCategories/084.giraffe/084_0056.jpg,83,084.giraffe
data/raw/caltech256/256_ObjectCategories/084.giraffe/084_0045.jpg,83,084.giraffe
data/raw/caltech256/256_ObjectCategories/084.giraffe/084_0044.jpg,83,084.giraffe
data/raw/caltech256/256_ObjectCategories/084.giraffe/084_0046.jpg,83,084.giraffe
data/raw/caltech256/256_ObjectCategories/084.giraffe/084_0038.jpg,83,084.giraffe
data/raw/caltech256/256_ObjectCategories/085.goat/085_0097.jpg,84,085.goat
data/raw/caltech256/256_ObjectCategories/085.goat/085_0057.jpg,84,085.goat
data/raw/caltech256/256_ObjectCategories/085.goat/085_0053.jpg,84,085.goat
data/raw/caltech256/256_ObjectCategories/085.goat/085_0084.jpg,84,085.goat
data/raw/caltech256/256_ObjectCategories/085.goat/085_0060.jpg,84,085.goat
data/raw/caltech256/256_ObjectCategories/085.goat/085_0005.jpg,84,085.goat
data/raw/caltech256/256_ObjectCategories/085.goat/085_0078.jpg,84,085.goat
data/raw/caltech256/256_ObjectCategories/085.goat/085_0035.jpg,84,085.goat
data/raw/caltech256/256_ObjectCategories/085.goat/085_0106.jpg,84,085.goat
data/raw/caltech256/256_ObjectCategories/085.goat/085_0014.jpg,84,085.goat
data/raw/caltech256/256_ObjectCategories/085.goat/085_0016.jpg,84,085.goat
data/raw/caltech256/256_ObjectCategories/085.goat/085_0082.jpg,84,085.goat
data/raw/caltech256/256_ObjectCategories/085.goat/085_0059.jpg,84,085.goat
data/raw/caltech256/256_ObjectCategories/085.goat/085_0081.jpg,84,085.goat
data/raw/caltech256/256_ObjectCategories/085.goat/085_0095.jpg,84,085.goat
data/raw/caltech256/256_ObjectCategories/085.goat/085_0076.jpg,84,085.goat
data/raw/caltech256/256_ObjectCategories/085.goat/085_0020.jpg,84,085.goat
data/raw/caltech256/256_ObjectCategories/085.goat/085_0033.jpg,84,085.goat
data/raw/caltech256/256_ObjectCategories/085.goat/085_0093.jpg,84,085.goat
data/raw/caltech256/256_ObjectCategories/085.goat/085_0067.jpg,84,085.goat
data/raw/caltech256/256_ObjectCategories/086.golden-gate-bridge/086_0035.jpg,85,086.golden-gate-bridge
data/raw/caltech256/256_ObjectCategories/086.golden-gate-bridge/086_0051.jpg,85,086.golden-gate-bridge
data/raw/caltech256/256_ObjectCategories/086.golden-gate-bridge/086_0038.jpg,85,086.golden-gate-bridge
data/raw/caltech256/256_ObjectCategories/086.golden-gate-bridge/086_0031.jpg,85,086.golden-gate-bridge
data/raw/caltech256/256_ObjectCategories/086.golden-gate-bridge/086_0048.jpg,85,086.golden-gate-bridge
data/raw/caltech256/256_ObjectCategories/086.golden-gate-bridge/086_0024.jpg,85,086.golden-gate-bridge
data/raw/caltech256/256_ObjectCategories/086.golden-gate-bridge/086_0015.jpg,85,086.golden-gate-bridge
data/raw/caltech256/256_ObjectCategories/086.golden-gate-bridge/086_0066.jpg,85,086.golden-gate-bridge
data/raw/caltech256/256_ObjectCategories/086.golden-gate-bridge/086_0069.jpg,85,086.golden-gate-bridge
data/raw/caltech256/256_ObjectCategories/086.golden-gate-bridge/086_0032.jpg,85,086.golden-gate-bridge
data/raw/caltech256/256_ObjectCategories/086.golden-gate-bridge/086_0014.jpg,85,086.golden-gate-bridge
data/raw/caltech256/256_ObjectCategories/086.golden-gate-bridge/086_0003.jpg,85,086.golden-gate-bridge
data/raw/caltech256/256_ObjectCategories/086.golden-gate-bridge/086_0026.jpg,85,086.golden-gate-bridge
data/raw/caltech256/256_ObjectCategories/086.golden-gate-bridge/086_0059.jpg,85,086.golden-gate-bridge
data/raw/caltech256/256_ObjectCategories/087.goldfish/087_0086.jpg,86,087.goldfish
data/raw/caltech256/256_ObjectCategories/087.goldfish/087_0010.jpg,86,087.goldfish
data/raw/caltech256/256_ObjectCategories/087.goldfish/087_0027.jpg,86,087.goldfish
data/raw/caltech256/256_ObjectCategories/087.goldfish/087_0052.jpg,86,087.goldfish
data/raw/caltech256/256_ObjectCategories/087.goldfish/087_0074.jpg,86,087.goldfish
data/raw/caltech256/256_ObjectCategories/087.goldfish/087_0068.jpg,86,087.goldfish
data/raw/caltech256/256_ObjectCategories/087.goldfish/087_0038.jpg,86,087.goldfish
data/raw/caltech256/256_ObjectCategories/087.goldfish/087_0051.jpg,86,087.goldfish
data/raw/caltech256/256_ObjectCategories/087.goldfish/087_0021.jpg,86,087.goldfish
data/raw/caltech256/256_ObjectCategories/087.goldfish/087_0034.jpg,86,087.goldfish
data/raw/caltech256/256_ObjectCategories/087.goldfish/087_0004.jpg,86,087.goldfish
data/raw/caltech256/256_ObjectCategories/087.goldfish/087_0056.jpg,86,087.goldfish
data/raw/caltech256/256_ObjectCategories/087.goldfish/087_0055.jpg,86,087.goldfish
data/raw/caltech256/256_ObjectCategories/087.goldfish/087_0014.jpg,86,087.goldfish
data/raw/caltech256/256_ObjectCategories/087.goldfish/087_0082.jpg,86,087.goldfish
data/raw/caltech256/256_ObjectCategories/087.goldfish/087_0005.jpg,86,087.goldfish
data/raw/caltech256/256_ObjectCategories/087.goldfish/087_0040.jpg,86,087.goldfish
data/raw/caltech256/256_ObjectCategories/088.golf-ball/088_0017.jpg,87,088.golf-ball
data/raw/caltech256/256_ObjectCategories/088.golf-ball/088_0083.jpg,87,088.golf-ball
data/raw/caltech256/256_ObjectCategories/088.golf-ball/088_0039.jpg,87,088.golf-ball
data/raw/caltech256/256_ObjectCategories/088.golf-ball/088_0040.jpg,87,088.golf-ball
data/raw/caltech256/256_ObjectCategories/088.golf-ball/088_0001.jpg,87,088.golf-ball
data/raw/caltech256/256_ObjectCategories/088.golf-ball/088_0038.jpg,87,088.golf-ball
data/raw/caltech256/256_ObjectCategories/088.golf-ball/088_0092.jpg,87,088.golf-ball
data/raw/caltech256/256_ObjectCategories/088.golf-ball/088_0098.jpg,87,088.golf-ball
data/raw/caltech256/256_ObjectCategories/088.golf-ball/088_0005.jpg,87,088.golf-ball
data/raw/caltech256/256_ObjectCategories/088.golf-ball/088_0044.jpg,87,088.golf-ball
data/raw/caltech256/256_ObjectCategories/088.golf-ball/088_0061.jpg,87,088.golf-ball
data/raw/caltech256/256_ObjectCategories/088.golf-ball/088_0019.jpg,87,088.golf-ball
data/raw/caltech256/256_ObjectCategories/088.golf-ball/088_0088.jpg,87,088.golf-ball
data/raw/caltech256/256_ObjectCategories/088.golf-ball/088_0073.jpg,87,088.golf-ball
data/raw/caltech256/256_ObjectCategories/088.golf-ball/088_0033.jpg,87,088.golf-ball
data/raw/caltech256/256_ObjectCategories/088.golf-ball/088_0023.jpg,87,088.golf-ball
data/raw/caltech256/256_ObjectCategories/088.golf-ball/088_0032.jpg,87,088.golf-ball
data/raw/caltech256/256_ObjectCategories/089.goose/089_0079.jpg,88,089.goose
data/raw/caltech256/256_ObjectCategories/089.goose/089_0064.jpg,88,089.goose
data/raw/caltech256/256_ObjectCategories/089.goose/089_0099.jpg,88,089.goose
data/raw/caltech256/256_ObjectCategories/089.goose/089_0014.jpg,88,089.goose
data/raw/caltech256/256_ObjectCategories/089.goose/089_0107.jpg,88,089.goose
data/raw/caltech256/256_ObjectCategories/089.goose/089_0030.jpg,88,089.goose
data/raw/caltech256/256_ObjectCategories/089.goose/089_0101.jpg,88,089.goose
data/raw/caltech256/256_ObjectCategories/089.goose/089_0108.jpg,88,089.goose
data/raw/caltech256/256_ObjectCategories/089.goose/089_0035.jpg,88,089.goose
data/raw/caltech256/256_ObjectCategories/089.goose/089_0062.jpg,88,089.goose
data/raw/caltech256/256_ObjectCategories/089.goose/089_0034.jpg,88,089.goose
data/raw/caltech256/256_ObjectCategories/089.goose/089_0086.jpg,88,089.goose
data/raw/caltech256/256_ObjectCategories/089.goose/089_0021.jpg,88,089.goose
data/raw/caltech256/256_ObjectCategories/089.goose/089_0053.jpg,88,089.goose
data/raw/caltech256/256_ObjectCategories/089.goose/089_0023.jpg,88,089.goose
data/raw/caltech256/256_ObjectCategories/089.goose/089_0055.jpg,88,089.goose
data/raw/caltech256/256_ObjectCategories/089.goose/089_0040.jpg,88,089.goose
data/raw/caltech256/256_ObjectCategories/089.goose/089_0063.jpg,88,089.goose
data/raw/caltech256/256_ObjectCategories/089.goose/089_0039.jpg,88,089.goose
data/raw/caltech256/256_ObjectCategories/089.goose/089_0088.jpg,88,089.goose
data/raw/caltech256/256_ObjectCategories/090.gorilla/090_0056.jpg,89,090.gorilla
data/raw/caltech256/256_ObjectCategories/090.gorilla/090_0161.jpg,89,090.gorilla
data/raw/caltech256/256_ObjectCategories/090.gorilla/090_0100.jpg,89,090.gorilla
data/raw/caltech256/256_ObjectCategories/090.gorilla/090_0199.jpg,89,090.gorilla
data/raw/caltech256/256_ObjectCategories/090.gorilla/090_0115.jpg,89,090.gorilla
data/raw/caltech256/256_ObjectCategories/090.gorilla/090_0186.jpg,89,090.gorilla
data/raw/caltech256/256_ObjectCategories/090.gorilla/090_0117.jpg,89,090.gorilla
data/raw/caltech256/256_ObjectCategories/090.gorilla/090_0048.jpg,89,090.gorilla
data/raw/caltech256/256_ObjectCategories/090.gorilla/090_0210.jpg,89,090.gorilla
data/raw/caltech256/256_ObjectCategories/090.gorilla/090_0162.jpg,89,090.gorilla
data/raw/caltech256/256_ObjectCategories/090.gorilla/090_0107.jpg,89,090.gorilla
data/raw/caltech256/256_ObjectCategories/090.gorilla/090_0113.jpg,89,090.gorilla
data/raw/caltech256/256_ObjectCategories/090.gorilla/090_0027.jpg,89,090.gorilla
data/raw/caltech256/256_ObjectCategories/090.gorilla/090_0123.jpg,89,090.gorilla
data/raw/caltech256/256_ObjectCategories/090.gorilla/090_0083.jpg,89,090.gorilla
data/raw/caltech256/256_ObjectCategories/090.gorilla/090_0130.jpg,89,090.gorilla
data/raw/caltech256/256_ObjectCategories/090.gorilla/090_0098.jpg,89,090.gorilla
data/raw/caltech256/256_ObjectCategories/090.gorilla/090_0159.jpg,89,090.gorilla
data/raw/caltech256/256_ObjectCategories/090.gorilla/090_0121.jpg,89,090.gorilla
data/raw/caltech256/256_ObjectCategories/090.gorilla/090_0156.jpg,89,090.gorilla
data/raw/caltech256/256_ObjectCategories/090.gorilla/090_0034.jpg,89,090.gorilla
data/raw/caltech256/256_ObjectCategories/090.gorilla/090_0206.jpg,89,090.gorilla
data/raw/caltech256/256_ObjectCategories/090.gorilla/090_0158.jpg,89,090.gorilla
data/raw/caltech256/256_ObjectCategories/090.gorilla/090_0016.jpg,89,090.gorilla
data/raw/caltech256/256_ObjectCategories/090.gorilla/090_0197.jpg,89,090.gorilla
data/raw/caltech256/256_ObjectCategories/090.gorilla/090_0146.jpg,89,090.gorilla
data/raw/caltech256/256_ObjectCategories/090.gorilla/090_0042.jpg,89,090.gorilla
data/raw/caltech256/256_ObjectCategories/090.gorilla/090_0030.jpg,89,090.gorilla
data/raw/caltech256/256_ObjectCategories/090.gorilla/090_0157.jpg,89,090.gorilla
data/raw/caltech256/256_ObjectCategories/090.gorilla/090_0089.jpg,89,090.gorilla
data/raw/caltech256/256_ObjectCategories/090.gorilla/090_0037.jpg,89,090.gorilla
data/raw/caltech256/256_ObjectCategories/090.gorilla/090_0143.jpg,89,090.gorilla
data/raw/caltech256/256_ObjectCategories/090.gorilla/090_0172.jpg,89,090.gorilla
data/raw/caltech256/256_ObjectCategories/090.gorilla/090_0179.jpg,89,090.gorilla
data/raw/caltech256/256_ObjectCategories/090.gorilla/090_0144.jpg,89,090.gorilla
data/raw/caltech256/256_ObjectCategories/090.gorilla/090_0035.jpg,89,090.gorilla
data/raw/caltech256/256_ObjectCategories/090.gorilla/090_0152.jpg,89,090.gorilla
data/raw/caltech256/256_ObjectCategories/090.gorilla/090_0204.jpg,89,090.gorilla
data/raw/caltech256/256_ObjectCategories/091.grand-piano-101/091_0021.jpg,90,091.grand-piano-101
data/raw/caltech256/256_ObjectCategories/091.grand-piano-101/091_0056.jpg,90,091.grand-piano-101
data/raw/caltech256/256_ObjectCategories/091.grand-piano-101/091_0070.jpg,90,091.grand-piano-101
data/raw/caltech256/256_ObjectCategories/091.grand-piano-101/091_0054.jpg,90,091.grand-piano-101
data/raw/caltech256/256_ObjectCategories/091.grand-piano-101/091_0009.jpg,90,091.grand-piano-101
data/raw/caltech256/256_ObjectCategories/091.grand-piano-101/091_0095.jpg,90,091.grand-piano-101
data/raw/caltech256/256_ObjectCategories/091.grand-piano-101/091_0066.jpg,90,091.grand-piano-101
data/raw/caltech256/256_ObjectCategories/091.grand-piano-101/091_0045.jpg,90,091.grand-piano-101
data/raw/caltech256/256_ObjectCategories/091.grand-piano-101/091_0047.jpg,90,091.grand-piano-101
data/raw/caltech256/256_ObjectCategories/091.grand-piano-101/091_0069.jpg,90,091.grand-piano-101
data/raw/caltech256/256_ObjectCategories/091.grand-piano-101/091_0017.jpg,90,091.grand-piano-101
data/raw/caltech256/256_ObjectCategories/091.grand-piano-101/091_0058.jpg,90,091.grand-piano-101
data/raw/caltech256/256_ObjectCategories/091.grand-piano-101/091_0088.jpg,90,091.grand-piano-101
data/raw/caltech256/256_ObjectCategories/091.grand-piano-101/091_0075.jpg,90,091.grand-piano-101
data/raw/caltech256/256_ObjectCategories/091.grand-piano-101/091_0061.jpg,90,091.grand-piano-101
data/raw/caltech256/256_ObjectCategories/091.grand-piano-101/091_0067.jpg,90,091.grand-piano-101
data/raw/caltech256/256_ObjectCategories/091.grand-piano-101/091_0013.jpg,90,091.grand-piano-101
data/raw/caltech256/256_ObjectCategories/092.grapes/092_0149.jpg,91,092.grapes
data/raw/caltech256/256_ObjectCategories/092.grapes/092_0115.jpg,91,092.grapes
data/raw/caltech256/256_ObjectCategories/092.grapes/092_0187.jpg,91,092.grapes
data/raw/caltech256/256_ObjectCategories/092.grapes/092_0043.jpg,91,092.grapes
data/raw/caltech256/256_ObjectCategories/092.grapes/092_0001.jpg,91,092.grapes
data/raw/caltech256/256_ObjectCategories/092.grapes/092_0030.jpg,91,092.grapes
data/raw/caltech256/256_ObjectCategories/092.grapes/092_0119.jpg,91,092.grapes
data/raw/caltech256/256_ObjectCategories/092.grapes/092_0009.jpg,91,092.grapes
data/raw/caltech256/256_ObjectCategories/092.grapes/092_0145.jpg,91,092.grapes
data/raw/caltech256/256_ObjectCategories/092.grapes/092_0036.jpg,91,092.grapes
data/raw/caltech256/256_ObjectCategories/092.grapes/092_0126.jpg,91,092.grapes
data/raw/caltech256/256_ObjectCategories/092.grapes/092_0143.jpg,91,092.grapes
data/raw/caltech256/256_ObjectCategories/092.grapes/092_0110.jpg,91,092.grapes
data/raw/caltech256/256_ObjectCategories/092.grapes/092_0181.jpg,91,092.grapes
data/raw/caltech256/256_ObjectCategories/092.grapes/092_0075.jpg,91,092.grapes
data/raw/caltech256/256_ObjectCategories/092.grapes/092_0193.jpg,91,092.grapes
data/raw/caltech256/256_ObjectCategories/092.grapes/092_0101.jpg,91,092.grapes
data/raw/caltech256/256_ObjectCategories/092.grapes/092_0065.jpg,91,092.grapes
data/raw/caltech256/256_ObjectCategories/092.grapes/092_0122.jpg,91,092.grapes
data/raw/caltech256/256_ObjectCategories/092.grapes/092_0116.jpg,91,092.grapes
data/raw/caltech256/256_ObjectCategories/092.grapes/092_0078.jpg,91,092.grapes
data/raw/caltech256/256_ObjectCategories/092.grapes/092_0092.jpg,91,092.grapes
data/raw/caltech256/256_ObjectCategories/092.grapes/092_0037.jpg,91,092.grapes
data/raw/caltech256/256_ObjectCategories/092.grapes/092_0029.jpg,91,092.grapes
data/raw/caltech256/256_ObjectCategories/092.grapes/092_0199.jpg,91,092.grapes
data/raw/caltech256/256_ObjectCategories/092.grapes/092_0025.jpg,91,092.grapes
data/raw/caltech256/256_ObjectCategories/092.grapes/092_0046.jpg,91,092.grapes
data/raw/caltech256/256_ObjectCategories/092.grapes/092_0010.jpg,91,092.grapes
data/raw/caltech256/256_ObjectCategories/092.grapes/092_0176.jpg,91,092.grapes
data/raw/caltech256/256_ObjectCategories/092.grapes/092_0091.jpg,91,092.grapes
data/raw/caltech256/256_ObjectCategories/092.grapes/092_0056.jpg,91,092.grapes
data/raw/caltech256/256_ObjectCategories/092.grapes/092_0082.jpg,91,092.grapes
data/raw/caltech256/256_ObjectCategories/092.grapes/092_0195.jpg,91,092.grapes
data/raw/caltech256/256_ObjectCategories/092.grapes/092_0165.jpg,91,092.grapes
data/raw/caltech256/256_ObjectCategories/092.grapes/092_0032.jpg,91,092.grapes
data/raw/caltech256/256_ObjectCategories/092.grapes/092_0050.jpg,91,092.grapes
data/raw/caltech256/256_ObjectCategories/093.grasshopper/093_0065.jpg,92,093.grasshopper
data/raw/caltech256/256_ObjectCategories/093.grasshopper/093_0104.jpg,92,093.grasshopper
data/raw/caltech256/256_ObjectCategories/093.grasshopper/093_0033.jpg,92,093.grasshopper
data/raw/caltech256/256_ObjectCategories/093.grasshopper/093_0028.jpg,92,093.grasshopper
data/raw/caltech256/256_ObjectCategories/093.grasshopper/093_0099.jpg,92,093.grasshopper
data/raw/caltech256/256_ObjectCategories/093.grasshopper/093_0022.jpg,92,093.grasshopper
data/raw/caltech256/256_ObjectCategories/093.grasshopper/093_0103.jpg,92,093.grasshopper
data/raw/caltech256/256_ObjectCategories/093.grasshopper/093_0063.jpg,92,093.grasshopper
data/raw/caltech256/256_ObjectCategories/093.grasshopper/093_0074.jpg,92,093.grasshopper
data/raw/caltech256/256_ObjectCategories/093.grasshopper/093_0064.jpg,92,093.grasshopper
data/raw/caltech256/256_ObjectCategories/093.grasshopper/093_0077.jpg,92,093.grasshopper
data/raw/caltech256/256_ObjectCategories/093.grasshopper/093_0049.jpg,92,093.grasshopper
data/raw/caltech256/256_ObjectCategories/093.grasshopper/093_0090.jpg,92,093.grasshopper
data/raw/caltech256/256_ObjectCategories/093.grasshopper/093_0004.jpg,92,093.grasshopper
data/raw/caltech256/256_ObjectCategories/093.grasshopper/093_0107.jpg,92,093.grasshopper
data/raw/caltech256/256_ObjectCategories/093.grasshopper/093_0006.jpg,92,093.grasshopper
data/raw/caltech256/256_ObjectCategories/093.grasshopper/093_0037.jpg,92,093.grasshopper
data/raw/caltech256/256_ObjectCategories/093.grasshopper/093_0036.jpg,92,093.grasshopper
data/raw/caltech256/256_ObjectCategories/093.grasshopper/093_0035.jpg,92,093.grasshopper
data/raw/caltech256/256_ObjectCategories/093.grasshopper/093_0083.jpg,92,093.grasshopper
data/raw/caltech256/256_ObjectCategories/094.guitar-pick/094_0071.jpg,93,094.guitar-pick
data/raw/caltech256/256_ObjectCategories/094.guitar-pick/094_0091.jpg,93,094.guitar-pick
data/raw/caltech256/256_ObjectCategories/094.guitar-pick/094_0032.jpg,93,094.guitar-pick
data/raw/caltech256/256_ObjectCategories/094.guitar-pick/094_0072.jpg,93,094.guitar-pick
data/raw/caltech256/256_ObjectCategories/094.guitar-pick/094_0090.jpg,93,094.guitar-pick
data/raw/caltech256/256_ObjectCategories/094.guitar-pick/094_0059.jpg,93,094.guitar-pick
data/raw/caltech256/256_ObjectCategories/094.guitar-pick/094_0007.jpg,93,094.guitar-pick
data/raw/caltech256/256_ObjectCategories/094.guitar-pick/094_0089.jpg,93,094.guitar-pick
data/raw/caltech256/256_ObjectCategories/094.guitar-pick/094_0100.jpg,93,094.guitar-pick
data/raw/caltech256/256_ObjectCategories/094.guitar-pick/094_0034.jpg,93,094.guitar-pick
data/raw/caltech256/256_ObjectCategories/094.guitar-pick/094_0042.jpg,93,094.guitar-pick
data/raw/caltech256/256_ObjectCategories/094.guitar-pick/094_0027.jpg,93,094.guitar-pick
data/raw/caltech256/256_ObjectCategories/094.guitar-pick/094_0011.jpg,93,094.guitar-pick
data/raw/caltech256/256_ObjectCategories/094.guitar-pick/094_0036.jpg,93,094.guitar-pick
data/raw/caltech256/256_ObjectCategories/094.guitar-pick/094_0103.jpg,93,094.guitar-pick
data/raw/caltech256/256_ObjectCategories/094.guitar-pick/094_0051.jpg,93,094.guitar-pick
data/raw/caltech256/256_ObjectCategories/094.guitar-pick/094_0094.jpg,93,094.guitar-pick
data/raw/caltech256/256_ObjectCategories/094.guitar-pick/094_0052.jpg,93,094.guitar-pick
data/raw/caltech256/256_ObjectCategories/094.guitar-pick/094_0037.jpg,93,094.guitar-pick
data/raw/caltech256/256_ObjectCategories/095.hamburger/095_0003.jpg,94,095.hamburger
data/raw/caltech256/256_ObjectCategories/095.hamburger/095_0009.jpg,94,095.hamburger
data/raw/caltech256/256_ObjectCategories/095.hamburger/095_0050.jpg,94,095.hamburger
data/raw/caltech256/256_ObjectCategories/095.hamburger/095_0081.jpg,94,095.hamburger
data/raw/caltech256/256_ObjectCategories/095.hamburger/095_0056.jpg,94,095.hamburger
data/raw/caltech256/256_ObjectCategories/095.hamburger/095_0049.jpg,94,095.hamburger
data/raw/caltech256/256_ObjectCategories/095.hamburger/095_0071.jpg,94,095.hamburger
data/raw/caltech256/256_ObjectCategories/095.hamburger/095_0055.jpg,94,095.hamburger
data/raw/caltech256/256_ObjectCategories/095.hamburger/095_0040.jpg,94,095.hamburger
data/raw/caltech256/256_ObjectCategories/095.hamburger/095_0035.jpg,94,095.hamburger
data/raw/caltech256/256_ObjectCategories/095.hamburger/095_0061.jpg,94,095.hamburger
data/raw/caltech256/256_ObjectCategories/095.hamburger/095_0044.jpg,94,095.hamburger
data/raw/caltech256/256_ObjectCategories/095.hamburger/095_0078.jpg,94,095.hamburger
data/raw/caltech256/256_ObjectCategories/095.hamburger/095_0045.jpg,94,095.hamburger
data/raw/caltech256/256_ObjectCategories/095.hamburger/095_0076.jpg,94,095.hamburger
data/raw/caltech256/256_ObjectCategories/096.hammock/096_0148.jpg,95,096.hammock
data/raw/caltech256/256_ObjectCategories/096.hammock/096_0079.jpg,95,096.hammock
data/raw/caltech256/256_ObjectCategories/096.hammock/096_0192.jpg,95,096.hammock
data/raw/caltech256/256_ObjectCategories/096.hammock/096_0238.jpg,95,096.hammock
data/raw/caltech256/256_ObjectCategories/096.hammock/096_0005.jpg,95,096.hammock
data/raw/caltech256/256_ObjectCategories/096.hammock/096_0235.jpg,95,096.hammock
data/raw/caltech256/256_ObjectCategories/096.hammock/096_0106.jpg,95,096.hammock
data/raw/caltech256/256_ObjectCategories/096.hammock/096_0217.jpg,95,096.hammock
data/raw/caltech256/256_ObjectCategories/096.hammock/096_0262.jpg,95,096.hammock
data/raw/caltech256/256_ObjectCategories/096.hammock/096_0195.jpg,95,096.hammock
data/raw/caltech256/256_ObjectCategories/096.hammock/096_0033.jpg,95,096.hammock
data/raw/caltech256/256_ObjectCategories/096.hammock/096_0168.jpg,95,096.hammock
data/raw/caltech256/256_ObjectCategories/096.hammock/096_0159.jpg,95,096.hammock
data/raw/caltech256/256_ObjectCategories/096.hammock/096_0132.jpg,95,096.hammock
data/raw/caltech256/256_ObjectCategories/096.hammock/096_0232.jpg,95,096.hammock
data/raw/caltech256/256_ObjectCategories/096.hammock/096_0277.jpg,95,096.hammock
data/raw/caltech256/256_ObjectCategories/096.hammock/096_0285.jpg,95,096.hammock
data/raw/caltech256/256_ObjectCategories/096.hammock/096_0242.jpg,95,096.hammock
data/raw/caltech256/256_ObjectCategories/096.hammock/096_0088.jpg,95,096.hammock
data/raw/caltech256/256_ObjectCategories/096.hammock/096_0039.jpg,95,096.hammock
data/raw/caltech256/256_ObjectCategories/096.hammock/096_0230.jpg,95,096.hammock
data/raw/caltech256/256_ObjectCategories/096.hammock/096_0054.jpg,95,096.hammock
data/raw/caltech256/256_ObjectCategories/096.hammock/096_0131.jpg,95,096.hammock
data/raw/caltech256/256_ObjectCategories/096.hammock/096_0152.jpg,95,096.hammock
data/raw/caltech256/256_ObjectCategories/096.hammock/096_0068.jpg,95,096.hammock
data/raw/caltech256/256_ObjectCategories/096.hammock/096_0114.jpg,95,096.hammock
data/raw/caltech256/256_ObjectCategories/096.hammock/096_0052.jpg,95,096.hammock
data/raw/caltech256/256_ObjectCategories/096.hammock/096_0243.jpg,95,096.hammock
data/raw/caltech256/256_ObjectCategories/096.hammock/096_0191.jpg,95,096.hammock
data/raw/caltech256/256_ObjectCategories/096.hammock/096_0161.jpg,95,096.hammock
data/raw/caltech256/256_ObjectCategories/096.hammock/096_0135.jpg,95,096.hammock
data/raw/caltech256/256_ObjectCategories/096.hammock/096_0023.jpg,95,096.hammock
data/raw/caltech256/256_ObjectCategories/096.hammock/096_0260.jpg,95,096.hammock
data/raw/caltech256/256_ObjectCategories/096.hammock/096_0221.jpg,95,096.hammock
data/raw/caltech256/256_ObjectCategories/096.hammock/096_0042.jpg,95,096.hammock
data/raw/caltech256/256_ObjectCategories/096.hammock/096_0206.jpg,95,096.hammock
data/raw/caltech256/256_ObjectCategories/096.hammock/096_0059.jpg,95,096.hammock
data/raw/caltech256/256_ObjectCategories/096.hammock/096_0084.jpg,95,096.hammock
data/raw/caltech256/256_ObjectCategories/096.hammock/096_0205.jpg,95,096.hammock
data/raw/caltech256/256_ObjectCategories/096.hammock/096_0055.jpg,95,096.hammock
data/raw/caltech256/256_ObjectCategories/096.hammock/096_0151.jpg,95,096.hammock
data/raw/caltech256/256_ObjectCategories/096.hammock/096_0056.jpg,95,096.hammock
data/raw/caltech256/256_ObjectCategories/096.hammock/096_0218.jpg,95,096.hammock
data/raw/caltech256/256_ObjectCategories/096.hammock/096_0082.jpg,95,096.hammock
data/raw/caltech256/256_ObjectCategories/096.hammock/096_0271.jpg,95,096.hammock
data/raw/caltech256/256_ObjectCategories/096.hammock/096_0116.jpg,95,096.hammock
data/raw/caltech256/256_ObjectCategories/096.hammock/096_0283.jpg,95,096.hammock
data/raw/caltech256/256_ObjectCategories/096.hammock/096_0026.jpg,95,096.hammock
data/raw/caltech256/256_ObjectCategories/096.hammock/096_0069.jpg,95,096.hammock
data/raw/caltech256/256_ObjectCategories/096.hammock/096_0276.jpg,95,096.hammock
data/raw/caltech256/256_ObjectCategories/097.harmonica/097_0077.jpg,96,097.harmonica
data/raw/caltech256/256_ObjectCategories/097.harmonica/097_0088.jpg,96,097.harmonica
data/raw/caltech256/256_ObjectCategories/097.harmonica/097_0063.jpg,96,097.harmonica
data/raw/caltech256/256_ObjectCategories/097.harmonica/097_0055.jpg,96,097.harmonica
data/raw/caltech256/256_ObjectCategories/097.harmonica/097_0006.jpg,96,097.harmonica
data/raw/caltech256/256_ObjectCategories/097.harmonica/097_0007.jpg,96,097.harmonica
data/raw/caltech256/256_ObjectCategories/097.harmonica/097_0087.jpg,96,097.harmonica
data/raw/caltech256/256_ObjectCategories/097.harmonica/097_0057.jpg,96,097.harmonica
data/raw/caltech256/256_ObjectCategories/097.harmonica/097_0013.jpg,96,097.harmonica
data/raw/caltech256/256_ObjectCategories/097.harmonica/097_0004.jpg,96,097.harmonica
data/raw/caltech256/256_ObjectCategories/097.harmonica/097_0054.jpg,96,097.harmonica
data/raw/caltech256/256_ObjectCategories/097.harmonica/097_0060.jpg,96,097.harmonica
data/raw/caltech256/256_ObjectCategories/097.harmonica/097_0040.jpg,96,097.harmonica
data/raw/caltech256/256_ObjectCategories/097.harmonica/097_0015.jpg,96,097.harmonica
data/raw/caltech256/256_ObjectCategories/097.harmonica/097_0036.jpg,96,097.harmonica
data/raw/caltech256/256_ObjectCategories/097.harmonica/097_0011.jpg,96,097.harmonica
data/raw/caltech256/256_ObjectCategories/098.harp/098_0035.jpg,97,098.harp
data/raw/caltech256/256_ObjectCategories/098.harp/098_0083.jpg,97,098.harp
data/raw/caltech256/256_ObjectCategories/098.harp/098_0078.jpg,97,098.harp
data/raw/caltech256/256_ObjectCategories/098.harp/098_0061.jpg,97,098.harp
data/raw/caltech256/256_ObjectCategories/098.harp/098_0072.jpg,97,098.harp
data/raw/caltech256/256_ObjectCategories/098.harp/098_0069.jpg,97,098.harp
data/raw/caltech256/256_ObjectCategories/098.harp/098_0018.jpg,97,098.harp
data/raw/caltech256/256_ObjectCategories/098.harp/098_0098.jpg,97,098.harp
data/raw/caltech256/256_ObjectCategories/098.harp/098_0088.jpg,97,098.harp
data/raw/caltech256/256_ObjectCategories/098.harp/098_0093.jpg,97,098.harp
data/raw/caltech256/256_ObjectCategories/098.harp/098_0011.jpg,97,098.harp
data/raw/caltech256/256_ObjectCategories/098.harp/098_0045.jpg,97,098.harp
data/raw/caltech256/256_ObjectCategories/098.harp/098_0017.jpg,97,098.harp
data/raw/caltech256/256_ObjectCategories/098.harp/098_0066.jpg,97,098.harp
data/raw/caltech256/256_ObjectCategories/098.harp/098_0001.jpg,97,098.harp
data/raw/caltech256/256_ObjectCategories/098.harp/098_0030.jpg,97,098.harp
data/raw/caltech256/256_ObjectCategories/098.harp/098_0003.jpg,97,098.harp
data/raw/caltech256/256_ObjectCategories/098.harp/098_0055.jpg,97,098.harp
data/raw/caltech256/256_ObjectCategories/099.harpsichord/099_0031.jpg,98,099.harpsichord
data/raw/caltech256/256_ObjectCategories/099.harpsichord/099_0019.jpg,98,099.harpsichord
data/raw/caltech256/256_ObjectCategories/099.harpsichord/099_0050.jpg,98,099.harpsichord
data/raw/caltech256/256_ObjectCategories/099.harpsichord/099_0028.jpg,98,099.harpsichord
data/raw/caltech256/256_ObjectCategories/099.harpsichord/099_0006.jpg,98,099.harpsichord
data/raw/caltech256/256_ObjectCategories/099.harpsichord/099_0079.jpg,98,099.harpsichord
data/raw/caltech256/256_ObjectCategories/099.harpsichord/099_0040.jpg,98,099.harpsichord
data/raw/caltech256/256_ObjectCategories/099.harpsichord/099_0052.jpg,98,099.harpsichord
data/raw/caltech256/256_ObjectCategories/099.harpsichord/099_0078.jpg,98,099.harpsichord
data/raw/caltech256/256_ObjectCategories/099.harpsichord/099_0004.jpg,98,099.harpsichord
data/raw/caltech256/256_ObjectCategories/099.harpsichord/099_0032.jpg,98,099.harpsichord
data/raw/caltech256/256_ObjectCategories/099.harpsichord/099_0076.jpg,98,099.harpsichord
data/raw/caltech256/256_ObjectCategories/099.harpsichord/099_0022.jpg,98,099.harpsichord
data/raw/caltech256/256_ObjectCategories/099.harpsichord/099_0008.jpg,98,099.harpsichord
data/raw/caltech256/256_ObjectCategories/100.hawksbill-101/100_0052.jpg,99,100.hawksbill-101
data/raw/caltech256/256_ObjectCategories/100.hawksbill-101/100_0074.jpg,99,100.hawksbill-101
data/raw/caltech256/256_ObjectCategories/100.hawksbill-101/100_0077.jpg,99,100.hawksbill-101
data/raw/caltech256/256_ObjectCategories/100.hawksbill-101/100_0030.jpg,99,100.hawksbill-101
data/raw/caltech256/256_ObjectCategories/100.hawksbill-101/100_0014.jpg,99,100.hawksbill-101
data/raw/caltech256/256_ObjectCategories/100.hawksbill-101/100_0093.jpg,99,100.hawksbill-101
data/raw/caltech256/256_ObjectCategories/100.hawksbill-101/100_0004.jpg,99,100.hawksbill-101
data/raw/caltech256/256_ObjectCategories/100.hawksbill-101/100_0012.jpg,99,100.hawksbill-101
data/raw/caltech256/256_ObjectCategories/100.hawksbill-101/100_0033.jpg,99,100.hawksbill-101
data/raw/caltech256/256_ObjectCategories/100.hawksbill-101/100_0079.jpg,99,100.hawksbill-101
data/raw/caltech256/256_ObjectCategories/100.hawksbill-101/100_0084.jpg,99,100.hawksbill-101
data/raw/caltech256/256_ObjectCategories/100.hawksbill-101/100_0072.jpg,99,100.hawksbill-101
data/raw/caltech256/256_ObjectCategories/100.hawksbill-101/100_0061.jpg,99,100.hawksbill-101
data/raw/caltech256/256_ObjectCategories/100.hawksbill-101/100_0043.jpg,99,100.hawksbill-101
data/raw/caltech256/256_ObjectCategories/100.hawksbill-101/100_0020.jpg,99,100.hawksbill-101
data/raw/caltech256/256_ObjectCategories/100.hawksbill-101/100_0034.jpg,99,100.hawksbill-101
data/raw/caltech256/256_ObjectCategories/100.hawksbill-101/100_0010.jpg,99,100.hawksbill-101
data/raw/caltech256/256_ObjectCategories/101.head-phones/101_0115.jpg,100,101.head-phones
data/raw/caltech256/256_ObjectCategories/101.head-phones/101_0127.jpg,100,101.head-phones
data/raw/caltech256/256_ObjectCategories/101.head-phones/101_0047.jpg,100,101.head-phones
data/raw/caltech256/256_ObjectCategories/101.head-phones/101_0042.jpg,100,101.head-phones
data/raw/caltech256/256_ObjectCategories/101.head-phones/101_0041.jpg,100,101.head-phones
data/raw/caltech256/256_ObjectCategories/101.head-phones/101_0021.jpg,100,101.head-phones
data/raw/caltech256/256_ObjectCategories/101.head-phones/101_0090.jpg,100,101.head-phones
data/raw/caltech256/256_ObjectCategories/101.head-phones/101_0134.jpg,100,101.head-phones
data/raw/caltech256/256_ObjectCategories/101.head-phones/101_0086.jpg,100,101.head-phones
data/raw/caltech256/256_ObjectCategories/101.head-phones/101_0077.jpg,100,101.head-phones
data/raw/caltech256/256_ObjectCategories/101.head-phones/101_0081.jpg,100,101.head-phones
data/raw/caltech256/256_ObjectCategories/101.head-phones/101_0099.jpg,100,101.head-phones
data/raw/caltech256/256_ObjectCategories/101.head-phones/101_0096.jpg,100,101.head-phones
data/raw/caltech256/256_ObjectCategories/101.head-phones/101_0130.jpg,100,101.head-phones
data/raw/caltech256/256_ObjectCategories/101.head-phones/101_0066.jpg,100,101.head-phones
data/raw/caltech256/256_ObjectCategories/101.head-phones/101_0082.jpg,100,101.head-phones
data/raw/caltech256/256_ObjectCategories/101.head-phones/101_0110.jpg,100,101.head-phones
data/raw/caltech256/256_ObjectCategories/101.head-phones/101_0137.jpg,100,101.head-phones
data/raw/caltech256/256_ObjectCategories/101.head-phones/101_0022.jpg,100,101.head-phones
data/raw/caltech256/256_ObjectCategories/101.head-phones/101_0053.jpg,100,101.head-phones
data/raw/caltech256/256_ObjectCategories/101.head-phones/101_0069.jpg,100,101.head-phones
data/raw/caltech256/256_ObjectCategories/101.head-phones/101_0039.jpg,100,101.head-phones
data/raw/caltech256/256_ObjectCategories/101.head-phones/101_0078.jpg,100,101.head-phones
data/raw/caltech256/256_ObjectCategories/101.head-phones/101_0024.jpg,100,101.head-phones
data/raw/caltech256/256_ObjectCategories/102.helicopter-101/102_0079.jpg,101,102.helicopter-101
data/raw/caltech256/256_ObjectCategories/102.helicopter-101/102_0045.jpg,101,102.helicopter-101
data/raw/caltech256/256_ObjectCategories/102.helicopter-101/102_0068.jpg,101,102.helicopter-101
data/raw/caltech256/256_ObjectCategories/102.helicopter-101/102_0055.jpg,101,102.helicopter-101
data/raw/caltech256/256_ObjectCategories/102.helicopter-101/102_0058.jpg,101,102.helicopter-101
data/raw/caltech256/256_ObjectCategories/102.helicopter-101/102_0078.jpg,101,102.helicopter-101
data/raw/caltech256/256_ObjectCategories/102.helicopter-101/102_0063.jpg,101,102.helicopter-101
data/raw/caltech256/256_ObjectCategories/102.helicopter-101/102_0075.jpg,101,102.helicopter-101
data/raw/caltech256/256_ObjectCategories/102.helicopter-101/102_0017.jpg,101,102.helicopter-101
data/raw/caltech256/256_ObjectCategories/102.helicopter-101/102_0026.jpg,101,102.helicopter-101
data/raw/caltech256/256_ObjectCategories/102.helicopter-101/102_0012.jpg,101,102.helicopter-101
data/raw/caltech256/256_ObjectCategories/102.helicopter-101/102_0001.jpg,101,102.helicopter-101
data/raw/caltech256/256_ObjectCategories/102.helicopter-101/102_0036.jpg,101,102.helicopter-101
data/raw/caltech256/256_ObjectCategories/102.helicopter-101/102_0073.jpg,101,102.helicopter-101
data/raw/caltech256/256_ObjectCategories/102.helicopter-101/102_0083.jpg,101,102.helicopter-101
data/raw/caltech256/256_ObjectCategories/102.helicopter-101/102_0049.jpg,101,102.helicopter-101
data/raw/caltech256/256_ObjectCategories/103.hibiscus/103_0088.jpg,102,103.hibiscus
data/raw/caltech256/256_ObjectCategories/103.hibiscus/103_0107.jpg,102,103.hibiscus
data/raw/caltech256/256_ObjectCategories/103.hibiscus/103_0100.jpg,102,103.hibiscus
data/raw/caltech256/256_ObjectCategories/103.hibiscus/103_0055.jpg,102,103.hibiscus
data/raw/caltech256/256_ObjectCategories/103.hibiscus/103_0081.jpg,102,103.hibiscus
data/raw/caltech256/256_ObjectCategories/103.hibiscus/103_0065.jpg,102,103.hibiscus
data/raw/caltech256/256_ObjectCategories/103.hibiscus/103_0072.jpg,102,103.hibiscus
data/raw/caltech256/256_ObjectCategories/103.hibiscus/103_0007.jpg,102,103.hibiscus
data/raw/caltech256/256_ObjectCategories/103.hibiscus/103_0091.jpg,102,103.hibiscus
data/raw/caltech256/256_ObjectCategories/103.hibiscus/103_0106.jpg,102,103.hibiscus
data/raw/caltech256/256_ObjectCategories/103.hibiscus/103_0101.jpg,102,103.hibiscus
data/raw/caltech256/256_ObjectCategories/103.hibiscus/103_0077.jpg,102,103.hibiscus
data/raw/caltech256/256_ObjectCategories/103.hibiscus/103_0024.jpg,102,103.hibiscus
data/raw/caltech256/256_ObjectCategories/103.hibiscus/103_0012.jpg,102,103.hibiscus
data/raw/caltech256/256_ObjectCategories/103.hibiscus/103_0008.jpg,102,103.hibiscus
data/raw/caltech256/256_ObjectCategories/103.hibiscus/103_0078.jpg,102,103.hibiscus
data/raw/caltech256/256_ObjectCategories/103.hibiscus/103_0087.jpg,102,103.hibiscus
data/raw/caltech256/256_ObjectCategories/103.hibiscus/103_0104.jpg,102,103.hibiscus
data/raw/caltech256/256_ObjectCategories/103.hibiscus/103_0045.jpg,102,103.hibiscus
data/raw/caltech256/256_ObjectCategories/103.hibiscus/103_0060.jpg,102,103.hibiscus
data/raw/caltech256/256_ObjectCategories/104.homer-simpson/104_0001.jpg,103,104.homer-simpson
data/raw/caltech256/256_ObjectCategories/104.homer-simpson/104_0026.jpg,103,104.homer-simpson
data/raw/caltech256/256_ObjectCategories/104.homer-simpson/104_0021.jpg,103,104.homer-simpson
data/raw/caltech256/256_ObjectCategories/104.homer-simpson/104_0088.jpg,103,104.homer-simpson
data/raw/caltech256/256_ObjectCategories/104.homer-simpson/104_0070.jpg,103,104.homer-simpson
data/raw/caltech256/256_ObjectCategories/104.homer-simpson/104_0050.jpg,103,104.homer-simpson
data/raw/caltech256/256_ObjectCategories/104.homer-simpson/104_0024.jpg,103,104.homer-simpson
data/raw/caltech256/256_ObjectCategories/104.homer-simpson/104_0036.jpg,103,104.homer-simpson
data/raw/caltech256/256_ObjectCategories/104.homer-simpson/104_0078.jpg,103,104.homer-simpson
data/raw/caltech256/256_ObjectCategories/104.homer-simpson/104_0013.jpg,103,104.homer-simpson
data/raw/caltech256/256_ObjectCategories/104.homer-simpson/104_0054.jpg,103,104.homer-simpson
data/raw/caltech256/256_ObjectCategories/104.homer-simpson/104_0069.jpg,103,104.homer-simpson
data/raw/caltech256/256_ObjectCategories/104.homer-simpson/104_0061.jpg,103,104.homer-simpson
data/raw/caltech256/256_ObjectCategories/104.homer-simpson/104_0045.jpg,103,104.homer-simpson
data/raw/caltech256/256_ObjectCategories/104.homer-simpson/104_0058.jpg,103,104.homer-simpson
data/raw/caltech256/256_ObjectCategories/104.homer-simpson/104_0017.jpg,103,104.homer-simpson
data/raw/caltech256/256_ObjectCategories/104.homer-simpson/104_0033.jpg,103,104.homer-simpson
data/raw/caltech256/256_ObjectCategories/105.horse/105_0123.jpg,104,105.horse
data/raw/caltech256/256_ObjectCategories/105.horse/105_0243.jpg,104,105.horse
data/raw/caltech256/256_ObjectCategories/105.horse/105_0053.jpg,104,105.horse
data/raw/caltech256/256_ObjectCategories/105.horse/105_0253.jpg,104,105.horse
data/raw/caltech256/256_ObjectCategories/105.horse/105_0092.jpg,104,105.horse
data/raw/caltech256/256_ObjectCategories/105.horse/105_0174.jpg,104,105.horse
data/raw/caltech256/256_ObjectCategories/105.horse/105_0007.jpg,104,105.horse
data/raw/caltech256/256_ObjectCategories/105.horse/105_0145.jpg,104,105.horse
data/raw/caltech256/256_ObjectCategories/105.horse/105_0059.jpg,104,105.horse
data/raw/caltech256/256_ObjectCategories/105.horse/105_0130.jpg,104,105.horse
data/raw/caltech256/256_ObjectCategories/105.horse/105_0122.jpg,104,105.horse
data/raw/caltech256/256_ObjectCategories/105.horse/105_0062.jpg,104,105.horse
data/raw/caltech256/256_ObjectCategories/105.horse/105_0238.jpg,104,105.horse
data/raw/caltech256/256_ObjectCategories/105.horse/105_0216.jpg,104,105.horse
data/raw/caltech256/256_ObjectCategories/105.horse/105_0044.jpg,104,105.horse
data/raw/caltech256/256_ObjectCategories/105.horse/105_0265.jpg,104,105.horse
data/raw/caltech256/256_ObjectCategories/105.horse/105_0231.jpg,104,105.horse
data/raw/caltech256/256_ObjectCategories/105.horse/105_0237.jpg,104,105.horse
data/raw/caltech256/256_ObjectCategories/105.horse/105_0157.jpg,104,105.horse
data/raw/caltech256/256_ObjectCategories/105.horse/105_0267.jpg,104,105.horse
data/raw/caltech256/256_ObjectCategories/105.horse/105_0043.jpg,104,105.horse
data/raw/caltech256/256_ObjectCategories/105.horse/105_0160.jpg,104,105.horse
data/raw/caltech256/256_ObjectCategories/105.horse/105_0170.jpg,104,105.horse
data/raw/caltech256/256_ObjectCategories/105.horse/105_0190.jpg,104,105.horse
data/raw/caltech256/256_ObjectCategories/105.horse/105_0258.jpg,104,105.horse
data/raw/caltech256/256_ObjectCategories/105.horse/105_0120.jpg,104,105.horse
data/raw/caltech256/256_ObjectCategories/105.horse/105_0066.jpg,104,105.horse
data/raw/caltech256/256_ObjectCategories/105.horse/105_0087.jpg,104,105.horse
data/raw/caltech256/256_ObjectCategories/105.horse/105_0103.jpg,104,105.horse
data/raw/caltech256/256_ObjectCategories/105.horse/105_0184.jpg,104,105.horse
data/raw/caltech256/256_ObjectCategories/105.horse/105_0080.jpg,104,105.horse
data/raw/caltech256/256_ObjectCategories/105.horse/105_0249.jpg,104,105.horse
data/raw/caltech256/256_ObjectCategories/105.horse/105_0031.jpg,104,105.horse
data/raw/caltech256/256_ObjectCategories/105.horse/105_0067.jpg,104,105.horse
data/raw/caltech256/256_ObjectCategories/105.horse/105_0109.jpg,104,105.horse
data/raw/caltech256/256_ObjectCategories/105.horse/105_0069.jpg,104,105.horse
data/raw/caltech256/256_ObjectCategories/105.horse/105_0137.jpg,104,105.horse
data/raw/caltech256/256_ObjectCategories/105.horse/105_0269.jpg,104,105.horse
data/raw/caltech256/256_ObjectCategories/105.horse/105_0262.jpg,104,105.horse
data/raw/caltech256/256_ObjectCategories/105.horse/105_0006.jpg,104,105.horse
data/raw/caltech256/256_ObjectCategories/105.horse/105_0159.jpg,104,105.horse
data/raw/caltech256/256_ObjectCategories/105.horse/105_0211.jpg,104,105.horse
data/raw/caltech256/256_ObjectCategories/105.horse/105_0234.jpg,104,105.horse
data/raw/caltech256/256_ObjectCategories/105.horse/105_0116.jpg,104,105.horse
data/raw/caltech256/256_ObjectCategories/105.horse/105_0110.jpg,104,105.horse
data/raw/caltech256/256_ObjectCategories/105.horse/105_0051.jpg,104,105.horse
data/raw/caltech256/256_ObjectCategories/105.horse/105_0224.jpg,104,105.horse
data/raw/caltech256/256_ObjectCategories/105.horse/105_0236.jpg,104,105.horse
data/raw/caltech256/256_ObjectCategories/106.horseshoe-crab/106_0075.jpg,105,106.horseshoe-crab
data/raw/caltech256/256_ObjectCategories/106.horseshoe-crab/106_0024.jpg,105,106.horseshoe-crab
data/raw/caltech256/256_ObjectCategories/106.horseshoe-crab/106_0060.jpg,105,106.horseshoe-crab
data/raw/caltech256/256_ObjectCategories/106.horseshoe-crab/106_0044.jpg,105,106.horseshoe-crab
data/raw/caltech256/256_ObjectCategories/106.horseshoe-crab/106_0027.jpg,105,106.horseshoe-crab
data/raw/caltech256/256_ObjectCategories/106.horseshoe-crab/106_0013.jpg,105,106.horseshoe-crab
data/raw/caltech256/256_ObjectCategories/106.horseshoe-crab/106_0047.jpg,105,106.horseshoe-crab
data/raw/caltech256/256_ObjectCategories/106.horseshoe-crab/106_0039.jpg,105,106.horseshoe-crab
data/raw/caltech256/256_ObjectCategories/106.horseshoe-crab/106_0042.jpg,105,106.horseshoe-crab
data/raw/caltech256/256_ObjectCategories/106.horseshoe-crab/106_0052.jpg,105,106.horseshoe-crab
data/raw/caltech256/256_ObjectCategories/106.horseshoe-crab/106_0057.jpg,105,106.horseshoe-crab
data/raw/caltech256/256_ObjectCategories/106.horseshoe-crab/106_0059.jpg,105,106.horseshoe-crab
data/raw/caltech256/256_ObjectCategories/106.horseshoe-crab/106_0084.jpg,105,106.horseshoe-crab
data/raw/caltech256/256_ObjectCategories/106.horseshoe-crab/106_0004.jpg,105,106.horseshoe-crab
data/raw/caltech256/256_ObjectCategories/106.horseshoe-crab/106_0040.jpg,105,106.horseshoe-crab
data/raw/caltech256/256_ObjectCategories/106.horseshoe-crab/106_0025.jpg,105,106.horseshoe-crab
data/raw/caltech256/256_ObjectCategories/107.hot-air-balloon/107_0032.jpg,106,107.hot-air-balloon
data/raw/caltech256/256_ObjectCategories/107.hot-air-balloon/107_0077.jpg,106,107.hot-air-balloon
data/raw/caltech256/256_ObjectCategories/107.hot-air-balloon/107_0047.jpg,106,107.hot-air-balloon
data/raw/caltech256/256_ObjectCategories/107.hot-air-balloon/107_0035.jpg,106,107.hot-air-balloon
data/raw/caltech256/256_ObjectCategories/107.hot-air-balloon/107_0071.jpg,106,107.hot-air-balloon
data/raw/caltech256/256_ObjectCategories/107.hot-air-balloon/107_0072.jpg,106,107.hot-air-balloon
data/raw/caltech256/256_ObjectCategories/107.hot-air-balloon/107_0055.jpg,106,107.hot-air-balloon
data/raw/caltech256/256_ObjectCategories/107.hot-air-balloon/107_0041.jpg,106,107.hot-air-balloon
data/raw/caltech256/256_ObjectCategories/107.hot-air-balloon/107_0078.jpg,106,107.hot-air-balloon
data/raw/caltech256/256_ObjectCategories/107.hot-air-balloon/107_0011.jpg,106,107.hot-air-balloon
data/raw/caltech256/256_ObjectCategories/107.hot-air-balloon/107_0076.jpg,106,107.hot-air-balloon
data/raw/caltech256/256_ObjectCategories/107.hot-air-balloon/107_0066.jpg,106,107.hot-air-balloon
data/raw/caltech256/256_ObjectCategories/107.hot-air-balloon/107_0002.jpg,106,107.hot-air-balloon
data/raw/caltech256/256_ObjectCategories/107.hot-air-balloon/107_0023.jpg,106,107.hot-air-balloon
data/raw/caltech256/256_ObjectCategories/107.hot-air-balloon/107_0030.jpg,106,107.hot-air-balloon
data/raw/caltech256/256_ObjectCategories/107.hot-air-balloon/107_0087.jpg,106,107.hot-air-balloon
data/raw/caltech256/256_ObjectCategories/108.hot-dog/108_0042.jpg,107,108.hot-dog
data/raw/caltech256/256_ObjectCategories/108.hot-dog/108_0017.jpg,107,108.hot-dog
data/raw/caltech256/256_ObjectCategories/108.hot-dog/108_0070.jpg,107,108.hot-dog
data/raw/caltech256/256_ObjectCategories/108.hot-dog/108_0013.jpg,107,108.hot-dog
data/raw/caltech256/256_ObjectCategories/108.hot-dog/108_0071.jpg,107,108.hot-dog
data/raw/caltech256/256_ObjectCategories/108.hot-dog/108_0078.jpg,107,108.hot-dog
data/raw/caltech256/256_ObjectCategories/108.hot-dog/108_0051.jpg,107,108.hot-dog
data/raw/caltech256/256_ObjectCategories/108.hot-dog/108_0014.jpg,107,108.hot-dog
data/raw/caltech256/256_ObjectCategories/108.hot-dog/108_0021.jpg,107,108.hot-dog
data/raw/caltech256/256_ObjectCategories/108.hot-dog/108_0037.jpg,107,108.hot-dog
data/raw/caltech256/256_ObjectCategories/108.hot-dog/108_0061.jpg,107,108.hot-dog
data/raw/caltech256/256_ObjectCategories/108.hot-dog/108_0077.jpg,107,108.hot-dog
data/raw/caltech256/256_ObjectCategories/108.hot-dog/108_0019.jpg,107,108.hot-dog
data/raw/caltech256/256_ObjectCategories/108.hot-dog/108_0074.jpg,107,108.hot-dog
data/raw/caltech256/256_ObjectCategories/108.hot-dog/108_0055.jpg,107,108.hot-dog
data/raw/caltech256/256_ObjectCategories/109.hot-tub/109_0002.jpg,108,109.hot-tub
data/raw/caltech256/256_ObjectCategories/109.hot-tub/109_0044.jpg,108,109.hot-tub
data/raw/caltech256/256_ObjectCategories/109.hot-tub/109_0073.jpg,108,109.hot-tub
data/raw/caltech256/256_ObjectCategories/109.hot-tub/109_0021.jpg,108,109.hot-tub
data/raw/caltech256/256_ObjectCategories/109.hot-tub/109_0096.jpg,108,109.hot-tub
data/raw/caltech256/256_ObjectCategories/109.hot-tub/109_0105.jpg,108,109.hot-tub
data/raw/caltech256/256_ObjectCategories/109.hot-tub/109_0126.jpg,108,109.hot-tub
data/raw/caltech256/256_ObjectCategories/109.hot-tub/109_0036.jpg,108,109.hot-tub
data/raw/caltech256/256_ObjectCategories/109.hot-tub/109_0061.jpg,108,109.hot-tub
data/raw/caltech256/256_ObjectCategories/109.hot-tub/109_0037.jpg,108,109.hot-tub
data/raw/caltech256/256_ObjectCategories/109.hot-tub/109_0013.jpg,108,109.hot-tub
data/raw/caltech256/256_ObjectCategories/109.hot-tub/109_0064.jpg,108,109.hot-tub
data/raw/caltech256/256_ObjectCategories/109.hot-tub/109_0012.jpg,108,109.hot-tub
data/raw/caltech256/256_ObjectCategories/109.hot-tub/109_0062.jpg,108,109.hot-tub
data/raw/caltech256/256_ObjectCategories/109.hot-tub/109_0046.jpg,108,109.hot-tub
data/raw/caltech256/256_ObjectCategories/109.hot-tub/109_0056.jpg,108,109.hot-tub
data/raw/caltech256/256_ObjectCategories/109.hot-tub/109_0146.jpg,108,109.hot-tub
data/raw/caltech256/256_ObjectCategories/109.hot-tub/109_0033.jpg,108,109.hot-tub
data/raw/caltech256/256_ObjectCategories/109.hot-tub/109_0088.jpg,108,109.hot-tub
data/raw/caltech256/256_ObjectCategories/109.hot-tub/109_0103.jpg,108,109.hot-tub
data/raw/caltech256/256_ObjectCategories/109.hot-tub/109_0094.jpg,108,109.hot-tub
data/raw/caltech256/256_ObjectCategories/109.hot-tub/109_0005.jpg,108,109.hot-tub
data/raw/caltech256/256_ObjectCategories/109.hot-tub/109_0093.jpg,108,109.hot-tub
data/raw/caltech256/256_ObjectCategories/109.hot-tub/109_0053.jpg,108,109.hot-tub
data/raw/caltech256/256_ObjectCategories/109.hot-tub/109_0006.jpg,108,109.hot-tub
data/raw/caltech256/256_ObjectCategories/109.hot-tub/109_0128.jpg,108,109.hot-tub
data/raw/caltech256/256_ObjectCategories/109.hot-tub/109_0100.jpg,108,109.hot-tub
data/raw/caltech256/256_ObjectCategories/109.hot-tub/109_0028.jpg,108,109.hot-tub
data/raw/caltech256/256_ObjectCategories/110.hourglass/110_0001.jpg,109,110.hourglass
data/raw/caltech256/256_ObjectCategories/110.hourglass/110_0015.jpg,109,110.hourglass
data/raw/caltech256/256_ObjectCategories/110.hourglass/110_0074.jpg,109,110.hourglass
data/raw/caltech256/256_ObjectCategories/110.hourglass/110_0036.jpg,109,110.hourglass
data/raw/caltech256/256_ObjectCategories/110.hourglass/110_0041.jpg,109,110.hourglass
data/raw/caltech256/256_ObjectCategories/110.hourglass/110_0066.jpg,109,110.hourglass
data/raw/caltech256/256_ObjectCategories/110.hourglass/110_0012.jpg,109,110.hourglass
data/raw/caltech256/256_ObjectCategories/110.hourglass/110_0082.jpg,109,110.hourglass
data/raw/caltech256/256_ObjectCategories/110.hourglass/110_0035.jpg,109,110.hourglass
data/raw/caltech256/256_ObjectCategories/110.hourglass/110_0005.jpg,109,110.hourglass
data/raw/caltech256/256_ObjectCategories/110.hourglass/110_0016.jpg,109,110.hourglass
data/raw/caltech256/256_ObjectCategories/110.hourglass/110_0040.jpg,109,110.hourglass
data/raw/caltech256/256_ObjectCategories/110.hourglass/110_0033.jpg,109,110.hourglass
data/raw/caltech256/256_ObjectCategories/110.hourglass/110_0026.jpg,109,110.hourglass
data/raw/caltech256/256_ObjectCategories/110.hourglass/110_0021.jpg,109,110.hourglass
data/raw/caltech256/256_ObjectCategories/111.house-fly/111_0008.jpg,110,111.house-fly
data/raw/caltech256/256_ObjectCategories/111.house-fly/111_0060.jpg,110,111.house-fly
data/raw/caltech256/256_ObjectCategories/111.house-fly/111_0056.jpg,110,111.house-fly
data/raw/caltech256/256_ObjectCategories/111.house-fly/111_0029.jpg,110,111.house-fly
data/raw/caltech256/256_ObjectCategories/111.house-fly/111_0081.jpg,110,111.house-fly
data/raw/caltech256/256_ObjectCategories/111.house-fly/111_0084.jpg,110,111.house-fly
data/raw/caltech256/256_ObjectCategories/111.house-fly/111_0039.jpg,110,111.house-fly
data/raw/caltech256/256_ObjectCategories/111.house-fly/111_0049.jpg,110,111.house-fly
data/raw/caltech256/256_ObjectCategories/111.house-fly/111_0034.jpg,110,111.house-fly
data/raw/caltech256/256_ObjectCategories/111.house-fly/111_0053.jpg,110,111.house-fly
data/raw/caltech256/256_ObjectCategories/111.house-fly/111_0071.jpg,110,111.house-fly
data/raw/caltech256/256_ObjectCategories/111.house-fly/111_0066.jpg,110,111.house-fly
data/raw/caltech256/256_ObjectCategories/111.house-fly/111_0044.jpg,110,111.house-fly
data/raw/caltech256/256_ObjectCategories/111.house-fly/111_0012.jpg,110,111.house-fly
data/raw/caltech256/256_ObjectCategories/111.house-fly/111_0033.jpg,110,111.house-fly
data/raw/caltech256/256_ObjectCategories/112.human-skeleton/112_0059.jpg,111,112.human-skeleton
data/raw/caltech256/256_ObjectCategories/112.human-skeleton/112_0042.jpg,111,112.human-skeleton
data/raw/caltech256/256_ObjectCategories/112.human-skeleton/112_0003.jpg,111,112.human-skeleton
data/raw/caltech256/256_ObjectCategories/112.human-skeleton/112_0078.jpg,111,112.human-skeleton
data/raw/caltech256/256_ObjectCategories/112.human-skeleton/112_0033.jpg,111,112.human-skeleton
data/raw/caltech256/256_ObjectCategories/112.human-skeleton/112_0039.jpg,111,112.human-skeleton
data/raw/caltech256/256_ObjectCategories/112.human-skeleton/112_0018.jpg,111,112.human-skeleton
data/raw/caltech256/256_ObjectCategories/112.human-skeleton/112_0041.jpg,111,112.human-skeleton
data/raw/caltech256/256_ObjectCategories/112.human-skeleton/112_0061.jpg,111,112.human-skeleton
data/raw/caltech256/256_ObjectCategories/112.human-skeleton/112_0079.jpg,111,112.human-skeleton
data/raw/caltech256/256_ObjectCategories/112.human-skeleton/112_0030.jpg,111,112.human-skeleton
data/raw/caltech256/256_ObjectCategories/112.human-skeleton/112_0082.jpg,111,112.human-skeleton
data/raw/caltech256/256_ObjectCategories/112.human-skeleton/112_0063.jpg,111,112.human-skeleton
data/raw/caltech256/256_ObjectCategories/112.human-skeleton/112_0076.jpg,111,112.human-skeleton
data/raw/caltech256/256_ObjectCategories/112.human-skeleton/112_0065.jpg,111,112.human-skeleton
data/raw/caltech256/256_ObjectCategories/113.hummingbird/113_0019.jpg,112,113.hummingbird
data/raw/caltech256/256_ObjectCategories/113.hummingbird/113_0104.jpg,112,113.hummingbird
data/raw/caltech256/256_ObjectCategories/113.hummingbird/113_0001.jpg,112,113.hummingbird
data/raw/caltech256/256_ObjectCategories/113.hummingbird/113_0036.jpg,112,113.hummingbird
data/raw/caltech256/256_ObjectCategories/113.hummingbird/113_0115.jpg,112,113.hummingbird
data/raw/caltech256/256_ObjectCategories/113.hummingbird/113_0021.jpg,112,113.hummingbird
data/raw/caltech256/256_ObjectCategories/113.hummingbird/113_0052.jpg,112,113.hummingbird
data/raw/caltech256/256_ObjectCategories/113.hummingbird/113_0009.jpg,112,113.hummingbird
data/raw/caltech256/256_ObjectCategories/113.hummingbird/113_0030.jpg,112,113.hummingbird
data/raw/caltech256/256_ObjectCategories/113.hummingbird/113_0073.jpg,112,113.hummingbird
data/raw/caltech256/256_ObjectCategories/113.hummingbird/113_0106.jpg,112,113.hummingbird
data/raw/caltech256/256_ObjectCategories/113.hummingbird/113_0101.jpg,112,113.hummingbird
data/raw/caltech256/256_ObjectCategories/113.hummingbird/113_0031.jpg,112,113.hummingbird
data/raw/caltech256/256_ObjectCategories/113.hummingbird/113_0091.jpg,112,113.hummingbird
data/raw/caltech256/256_ObjectCategories/113.hummingbird/113_0078.jpg,112,113.hummingbird
data/raw/caltech256/256_ObjectCategories/113.hummingbird/113_0089.jpg,112,113.hummingbird
data/raw/caltech256/256_ObjectCategories/113.hummingbird/113_0080.jpg,112,113.hummingbird
data/raw/caltech256/256_ObjectCategories/113.hummingbird/113_0044.jpg,112,113.hummingbird
data/raw/caltech256/256_ObjectCategories/113.hummingbird/113_0070.jpg,112,113.hummingbird
data/raw/caltech256/256_ObjectCategories/113.hummingbird/113_0006.jpg,112,113.hummingbird
data/raw/caltech256/256_ObjectCategories/113.hummingbird/113_0098.jpg,112,113.hummingbird
data/raw/caltech256/256_ObjectCategories/114.ibis-101/114_0107.jpg,113,114.ibis-101
data/raw/caltech256/256_ObjectCategories/114.ibis-101/114_0093.jpg,113,114.ibis-101
data/raw/caltech256/256_ObjectCategories/114.ibis-101/114_0014.jpg,113,114.ibis-101
data/raw/caltech256/256_ObjectCategories/114.ibis-101/114_0087.jpg,113,114.ibis-101
data/raw/caltech256/256_ObjectCategories/114.ibis-101/114_0074.jpg,113,114.ibis-101
data/raw/caltech256/256_ObjectCategories/114.ibis-101/114_0106.jpg,113,114.ibis-101
data/raw/caltech256/256_ObjectCategories/114.ibis-101/114_0080.jpg,113,114.ibis-101
data/raw/caltech256/256_ObjectCategories/114.ibis-101/114_0073.jpg,113,114.ibis-101
data/raw/caltech256/256_ObjectCategories/114.ibis-101/114_0013.jpg,113,114.ibis-101
data/raw/caltech256/256_ObjectCategories/114.ibis-101/114_0007.jpg,113,114.ibis-101
data/raw/caltech256/256_ObjectCategories/114.ibis-101/114_0060.jpg,113,114.ibis-101
data/raw/caltech256/256_ObjectCategories/114.ibis-101/114_0021.jpg,113,114.ibis-101
data/raw/caltech256/256_ObjectCategories/114.ibis-101/114_0010.jpg,113,114.ibis-101
data/raw/caltech256/256_ObjectCategories/114.ibis-101/114_0038.jpg,113,114.ibis-101
data/raw/caltech256/256_ObjectCategories/114.ibis-101/114_0079.jpg,113,114.ibis-101
data/raw/caltech256/256_ObjectCategories/114.ibis-101/114_0112.jpg,113,114.ibis-101
data/raw/caltech256/256_ObjectCategories/114.ibis-101/114_0008.jpg,113,114.ibis-101
data/raw/caltech256/256_ObjectCategories/114.ibis-101/114_0006.jpg,113,114.ibis-101
data/raw/caltech256/256_ObjectCategories/114.ibis-101/114_0117.jpg,113,114.ibis-101
data/raw/caltech256/256_ObjectCategories/114.ibis-101/114_0070.jpg,113,114.ibis-101
data/raw/caltech256/256_ObjectCategories/114.ibis-101/114_0113.jpg,113,114.ibis-101
data/raw/caltech256/256_ObjectCategories/115.ice-cream-cone/115_0018.jpg,114,115.ice-cream-cone
data/raw/caltech256/256_ObjectCategories/115.ice-cream-cone/115_0031.jpg,114,115.ice-cream-cone
data/raw/caltech256/256_ObjectCategories/115.ice-cream-cone/115_0047.jpg,114,115.ice-cream-cone
data/raw/caltech256/256_ObjectCategories/115.ice-cream-cone/115_0080.jpg,114,115.ice-cream-cone
data/raw/caltech256/256_ObjectCategories/115.ice-cream-cone/115_0045.jpg,114,115.ice-cream-cone
data/raw/caltech256/256_ObjectCategories/115.ice-cream-cone/115_0064.jpg,114,115.ice-cream-cone
data/raw/caltech256/256_ObjectCategories/115.ice-cream-cone/115_0028.jpg,114,115.ice-cream-cone
data/raw/caltech256/256_ObjectCategories/115.ice-cream-cone/115_0081.jpg,114,115.ice-cream-cone
data/raw/caltech256/256_ObjectCategories/115.ice-cream-cone/115_0038.jpg,114,115.ice-cream-cone
data/raw/caltech256/256_ObjectCategories/115.ice-cream-cone/115_0029.jpg,114,115.ice-cream-cone
data/raw/caltech256/256_ObjectCategories/115.ice-cream-cone/115_0077.jpg,114,115.ice-cream-cone
data/raw/caltech256/256_ObjectCategories/115.ice-cream-cone/115_0014.jpg,114,115.ice-cream-cone
data/raw/caltech256/256_ObjectCategories/115.ice-cream-cone/115_0073.jpg,114,115.ice-cream-cone
data/raw/caltech256/256_ObjectCategories/115.ice-cream-cone/115_0055.jpg,114,115.ice-cream-cone
data/raw/caltech256/256_ObjectCategories/115.ice-cream-cone/115_0084.jpg,114,115.ice-cream-cone
data/raw/caltech256/256_ObjectCategories/115.ice-cream-cone/115_0068.jpg,114,115.ice-cream-cone
data/raw/caltech256/256_ObjectCategories/116.iguana/116_0087.jpg,115,116.iguana
data/raw/caltech256/256_ObjectCategories/116.iguana/116_0047.jpg,115,116.iguana
data/raw/caltech256/256_ObjectCategories/116.iguana/116_0057.jpg,115,116.iguana
data/raw/caltech256/256_ObjectCategories/116.iguana/116_0105.jpg,115,116.iguana
data/raw/caltech256/256_ObjectCategories/116.iguana/116_0020.jpg,115,116.iguana
data/raw/caltech256/256_ObjectCategories/116.iguana/116_0092.jpg,115,116.iguana
data/raw/caltech256/256_ObjectCategories/116.iguana/116_0066.jpg,115,116.iguana
data/raw/caltech256/256_ObjectCategories/116.iguana/116_0019.jpg,115,116.iguana
data/raw/caltech256/256_ObjectCategories/116.iguana/116_0088.jpg,115,116.iguana
data/raw/caltech256/256_ObjectCategories/116.iguana/116_0038.jpg,115,116.iguana
data/raw/caltech256/256_ObjectCategories/116.iguana/116_0049.jpg,115,116.iguana
data/raw/caltech256/256_ObjectCategories/116.iguana/116_0100.jpg,115,116.iguana
data/raw/caltech256/256_ObjectCategories/116.iguana/116_0045.jpg,115,116.iguana
data/raw/caltech256/256_ObjectCategories/116.iguana/116_0052.jpg,115,116.iguana
data/raw/caltech256/256_ObjectCategories/116.iguana/116_0008.jpg,115,116.iguana
data/raw/caltech256/256_ObjectCategories/116.iguana/116_0062.jpg,115,116.iguana
data/raw/caltech256/256_ObjectCategories/116.iguana/116_0059.jpg,115,116.iguana
data/raw/caltech256/256_ObjectCategories/116.iguana/116_0068.jpg,115,116.iguana
data/raw/caltech256/256_ObjectCategories/116.iguana/116_0011.jpg,115,116.iguana
data/raw/caltech256/256_ObjectCategories/117.ipod/117_0068.jpg,116,117.ipod
data/raw/caltech256/256_ObjectCategories/117.ipod/117_0037.jpg,116,117.ipod
data/raw/caltech256/256_ObjectCategories/117.ipod/117_0062.jpg,116,117.ipod
data/raw/caltech256/256_ObjectCategories/117.ipod/117_0049.jpg,116,117.ipod
data/raw/caltech256/256_ObjectCategories/117.ipod/117_0093.jpg,116,117.ipod
data/raw/caltech256/256_ObjectCategories/117.ipod/117_0097.jpg,116,117.ipod
data/raw/caltech256/256_ObjectCategories/117.ipod/117_0027.jpg,116,117.ipod
data/raw/caltech256/256_ObjectCategories/117.ipod/117_0029.jpg,116,117.ipod
data/raw/caltech256/256_ObjectCategories/117.ipod/117_0056.jpg,116,117.ipod
data/raw/caltech256/256_ObjectCategories/117.ipod/117_0087.jpg,116,117.ipod
data/raw/caltech256/256_ObjectCategories/117.ipod/117_0018.jpg,116,117.ipod
data/raw/caltech256/256_ObjectCategories/117.ipod/117_0010.jpg,116,117.ipod
data/raw/caltech256/256_ObjectCategories/117.ipod/117_0011.jpg,116,117.ipod
data/raw/caltech256/256_ObjectCategories/117.ipod/117_0115.jpg,116,117.ipod
data/raw/caltech256/256_ObjectCategories/117.ipod/117_0073.jpg,116,117.ipod
data/raw/caltech256/256_ObjectCategories/117.ipod/117_0059.jpg,116,117.ipod
data/raw/caltech256/256_ObjectCategories/117.ipod/117_0050.jpg,116,117.ipod
data/raw/caltech256/256_ObjectCategories/117.ipod/117_0119.jpg,116,117.ipod
data/raw/caltech256/256_ObjectCategories/117.ipod/117_0045.jpg,116,117.ipod
data/raw/caltech256/256_ObjectCategories/117.ipod/117_0089.jpg,116,117.ipod
data/raw/caltech256/256_ObjectCategories/117.ipod/117_0114.jpg,116,117.ipod
data/raw/caltech256/256_ObjectCategories/117.ipod/117_0004.jpg,116,117.ipod
data/raw/caltech256/256_ObjectCategories/118.iris/118_0001.jpg,117,118.iris
data/raw/caltech256/256_ObjectCategories/118.iris/118_0061.jpg,117,118.iris
data/raw/caltech256/256_ObjectCategories/118.iris/118_0083.jpg,117,118.iris
data/raw/caltech256/256_ObjectCategories/118.iris/118_0034.jpg,117,118.iris
data/raw/caltech256/256_ObjectCategories/118.iris/118_0008.jpg,117,118.iris
data/raw/caltech256/256_ObjectCategories/118.iris/118_0059.jpg,117,118.iris
data/raw/caltech256/256_ObjectCategories/118.iris/118_0036.jpg,117,118.iris
data/raw/caltech256/256_ObjectCategories/118.iris/118_0071.jpg,117,118.iris
data/raw/caltech256/256_ObjectCategories/118.iris/118_0063.jpg,117,118.iris
data/raw/caltech256/256_ObjectCategories/118.iris/118_0105.jpg,117,118.iris
data/raw/caltech256/256_ObjectCategories/118.iris/118_0004.jpg,117,118.iris
data/raw/caltech256/256_ObjectCategories/118.iris/118_0044.jpg,117,118.iris
data/raw/caltech256/256_ObjectCategories/118.iris/118_0043.jpg,117,118.iris
data/raw/caltech256/256_ObjectCategories/118.iris/118_0067.jpg,117,118.iris
data/raw/caltech256/256_ObjectCategories/118.iris/118_0025.jpg,117,118.iris
data/raw/caltech256/256_ObjectCategories/118.iris/118_0106.jpg,117,118.iris
data/raw/caltech256/256_ObjectCategories/118.iris/118_0085.jpg,117,118.iris
data/raw/caltech256/256_ObjectCategories/118.iris/118_0054.jpg,117,118.iris
data/raw/caltech256/256_ObjectCategories/118.iris/118_0093.jpg,117,118.iris
data/raw/caltech256/256_ObjectCategories/119.jesus-christ/119_0023.jpg,118,119.jesus-christ
data/raw/caltech256/256_ObjectCategories/119.jesus-christ/119_0018.jpg,118,119.jesus-christ
data/raw/caltech256/256_ObjectCategories/119.jesus-christ/119_0048.jpg,118,119.jesus-christ
data/raw/caltech256/256_ObjectCategories/119.jesus-christ/119_0002.jpg,118,119.jesus-christ
data/raw/caltech256/256_ObjectCategories/119.jesus-christ/119_0085.jpg,118,119.jesus-christ
data/raw/caltech256/256_ObjectCategories/119.jesus-christ/119_0073.jpg,118,119.jesus-christ
data/raw/caltech256/256_ObjectCategories/119.jesus-christ/119_0074.jpg,118,119.jesus-christ
data/raw/caltech256/256_ObjectCategories/119.jesus-christ/119_0059.jpg,118,119.jesus-christ
data/raw/caltech256/256_ObjectCategories/119.jesus-christ/119_0046.jpg,118,119.jesus-christ
data/raw/caltech256/256_ObjectCategories/119.jesus-christ/119_0021.jpg,118,119.jesus-christ
data/raw/caltech256/256_ObjectCategories/119.jesus-christ/119_0029.jpg,118,119.jesus-christ
data/raw/caltech256/256_ObjectCategories/119.jesus-christ/119_0066.jpg,118,119.jesus-christ
data/raw/caltech256/256_ObjectCategories/119.jesus-christ/119_0004.jpg,118,119.jesus-christ
data/raw/caltech256/256_ObjectCategories/119.jesus-christ/119_0053.jpg,118,119.jesus-christ
data/raw/caltech256/256_ObjectCategories/119.jesus-christ/119_0011.jpg,118,119.jesus-christ
data/raw/caltech256/256_ObjectCategories/119.jesus-christ/119_0057.jpg,118,119.jesus-christ
data/raw/caltech256/256_ObjectCategories/120.joy-stick/120_0115.jpg,119,120.joy-stick
data/raw/caltech256/256_ObjectCategories/120.joy-stick/120_0016.jpg,119,120.joy-stick
data/raw/caltech256/256_ObjectCategories/120.joy-stick/120_0050.jpg,119,120.joy-stick
data/raw/caltech256/256_ObjectCategories/120.joy-stick/120_0027.jpg,119,120.joy-stick
data/raw/caltech256/256_ObjectCategories/120.joy-stick/120_0008.jpg,119,120.joy-stick
data/raw/caltech256/256_ObjectCategories/120.joy-stick/120_0128.jpg,119,120.joy-stick
data/raw/caltech256/256_ObjectCategories/120.joy-stick/120_0101.jpg,119,120.joy-stick
data/raw/caltech256/256_ObjectCategories/120.joy-stick/120_0026.jpg,119,120.joy-stick
data/raw/caltech256/256_ObjectCategories/120.joy-stick/120_0036.jpg,119,120.joy-stick
data/raw/caltech256/256_ObjectCategories/120.joy-stick/120_0068.jpg,119,120.joy-stick
data/raw/caltech256/256_ObjectCategories/120.joy-stick/120_0073.jpg,119,120.joy-stick
data/raw/caltech256/256_ObjectCategories/120.joy-stick/120_0029.jpg,119,120.joy-stick
data/raw/caltech256/256_ObjectCategories/120.joy-stick/120_0035.jpg,119,120.joy-stick
data/raw/caltech256/256_ObjectCategories/120.joy-stick/120_0041.jpg,119,120.joy-stick
data/raw/caltech256/256_ObjectCategories/120.joy-stick/120_0063.jpg,119,120.joy-stick
data/raw/caltech256/256_ObjectCategories/120.joy-stick/120_0121.jpg,119,120.joy-stick
data/raw/caltech256/256_ObjectCategories/120.joy-stick/120_0012.jpg,119,120.joy-stick
data/raw/caltech256/256_ObjectCategories/120.joy-stick/120_0099.jpg,119,120.joy-stick
data/raw/caltech256/256_ObjectCategories/120.joy-stick/120_0070.jpg,119,120.joy-stick
data/raw/caltech256/256_ObjectCategories/120.joy-stick/120_0094.jpg,119,120.joy-stick
data/raw/caltech256/256_ObjectCategories/120.joy-stick/120_0031.jpg,119,120.joy-stick
data/raw/caltech256/256_ObjectCategories/120.joy-stick/120_0014.jpg,119,120.joy-stick
data/raw/caltech256/256_ObjectCategories/120.joy-stick/120_0118.jpg,119,120.joy-stick
data/raw/caltech256/256_ObjectCategories/121.kangaroo-101/121_0036.jpg,120,121.kangaroo-101
data/raw/caltech256/256_ObjectCategories/121.kangaroo-101/121_0010.jpg,120,121.kangaroo-101
data/raw/caltech256/256_ObjectCategories/121.kangaroo-101/121_0074.jpg,120,121.kangaroo-101
data/raw/caltech256/256_ObjectCategories/121.kangaroo-101/121_0055.jpg,120,121.kangaroo-101
data/raw/caltech256/256_ObjectCategories/121.kangaroo-101/121_0046.jpg,120,121.kangaroo-101
data/raw/caltech256/256_ObjectCategories/121.kangaroo-101/121_0018.jpg,120,121.kangaroo-101
data/raw/caltech256/256_ObjectCategories/121.kangaroo-101/121_0054.jpg,120,121.kangaroo-101
data/raw/caltech256/256_ObjectCategories/121.kangaroo-101/121_0045.jpg,120,121.kangaroo-101
data/raw/caltech256/256_ObjectCategories/121.kangaroo-101/121_0034.jpg,120,121.kangaroo-101
data/raw/caltech256/256_ObjectCategories/121.kangaroo-101/121_0002.jpg,120,121.kangaroo-101
data/raw/caltech256/256_ObjectCategories/121.kangaroo-101/121_0081.jpg,120,121.kangaroo-101
data/raw/caltech256/256_ObjectCategories/121.kangaroo-101/121_0051.jpg,120,121.kangaroo-101
data/raw/caltech256/256_ObjectCategories/121.kangaroo-101/121_0073.jpg,120,121.kangaroo-101
data/raw/caltech256/256_ObjectCategories/121.kangaroo-101/121_0025.jpg,120,121.kangaroo-101
data/raw/caltech256/256_ObjectCategories/121.kangaroo-101/121_0049.jpg,120,121.kangaroo-101
data/raw/caltech256/256_ObjectCategories/122.kayak/122_0091.jpg,121,122.kayak
data/raw/caltech256/256_ObjectCategories/122.kayak/122_0046.jpg,121,122.kayak
data/raw/caltech256/256_ObjectCategories/122.kayak/122_0006.jpg,121,122.kayak
data/raw/caltech256/256_ObjectCategories/122.kayak/122_0097.jpg,121,122.kayak
data/raw/caltech256/256_ObjectCategories/122.kayak/122_0044.jpg,121,122.kayak
data/raw/caltech256/256_ObjectCategories/122.kayak/122_0019.jpg,121,122.kayak
data/raw/caltech256/256_ObjectCategories/122.kayak/122_0017.jpg,121,122.kayak
data/raw/caltech256/256_ObjectCategories/122.kayak/122_0066.jpg,121,122.kayak
data/raw/caltech256/256_ObjectCategories/122.kayak/122_0089.jpg,121,122.kayak
data/raw/caltech256/256_ObjectCategories/122.kayak/122_0056.jpg,121,122.kayak
data/raw/caltech256/256_ObjectCategories/122.kayak/122_0098.jpg,121,122.kayak
data/raw/caltech256/256_ObjectCategories/122.kayak/122_0048.jpg,121,122.kayak
data/raw/caltech256/256_ObjectCategories/122.kayak/122_0068.jpg,121,122.kayak
data/raw/caltech256/256_ObjectCategories/122.kayak/122_0058.jpg,121,122.kayak
data/raw/caltech256/256_ObjectCategories/122.kayak/122_0086.jpg,121,122.kayak
data/raw/caltech256/256_ObjectCategories/122.kayak/122_0008.jpg,121,122.kayak
data/raw/caltech256/256_ObjectCategories/122.kayak/122_0063.jpg,121,122.kayak
data/raw/caltech256/256_ObjectCategories/122.kayak/122_0035.jpg,121,122.kayak
data/raw/caltech256/256_ObjectCategories/123.ketch-101/123_0013.jpg,122,123.ketch-101
data/raw/caltech256/256_ObjectCategories/123.ketch-101/123_0079.jpg,122,123.ketch-101
data/raw/caltech256/256_ObjectCategories/123.ketch-101/123_0012.jpg,122,123.ketch-101
data/raw/caltech256/256_ObjectCategories/123.ketch-101/123_0055.jpg,122,123.ketch-101
data/raw/caltech256/256_ObjectCategories/123.ketch-101/123_0040.jpg,122,123.ketch-101
data/raw/caltech256/256_ObjectCategories/123.ketch-101/123_0103.jpg,122,123.ketch-101
data/raw/caltech256/256_ObjectCategories/123.ketch-101/123_0048.jpg,122,123.ketch-101
data/raw/caltech256/256_ObjectCategories/123.ketch-101/123_0093.jpg,122,123.ketch-101
data/raw/caltech256/256_ObjectCategories/123.ketch-101/123_0047.jpg,122,123.ketch-101
data/raw/caltech256/256_ObjectCategories/123.ketch-101/123_0017.jpg,122,123.ketch-101
data/raw/caltech256/256_ObjectCategories/123.ketch-101/123_0074.jpg,122,123.ketch-101
data/raw/caltech256/256_ObjectCategories/123.ketch-101/123_0019.jpg,122,123.ketch-101
data/raw/caltech256/256_ObjectCategories/123.ketch-101/123_0070.jpg,122,123.ketch-101
data/raw/caltech256/256_ObjectCategories/123.ketch-101/123_0051.jpg,122,123.ketch-101
data/raw/caltech256/256_ObjectCategories/123.ketch-101/123_0098.jpg,122,123.ketch-101
data/raw/caltech256/256_ObjectCategories/123.ketch-101/123_0041.jpg,122,123.ketch-101
data/raw/caltech256/256_ObjectCategories/123.ketch-101/123_0091.jpg,122,123.ketch-101
data/raw/caltech256/256_ObjectCategories/123.ketch-101/123_0046.jpg,122,123.ketch-101
data/raw/caltech256/256_ObjectCategories/123.ketch-101/123_0011.jpg,122,123.ketch-101
data/raw/caltech256/256_ObjectCategories/123.ketch-101/123_0022.jpg,122,123.ketch-101
data/raw/caltech256/256_ObjectCategories/124.killer-whale/124_0004.jpg,123,124.killer-whale
data/raw/caltech256/256_ObjectCategories/124.killer-whale/124_0028.jpg,123,124.killer-whale
data/raw/caltech256/256_ObjectCategories/124.killer-whale/124_0031.jpg,123,124.killer-whale
data/raw/caltech256/256_ObjectCategories/124.killer-whale/124_0088.jpg,123,124.killer-whale
data/raw/caltech256/256_ObjectCategories/124.killer-whale/124_0043.jpg,123,124.killer-whale
data/raw/caltech256/256_ObjectCategories/124.killer-whale/124_0005.jpg,123,124.killer-whale
data/raw/caltech256/256_ObjectCategories/124.killer-whale/124_0019.jpg,123,124.killer-whale
data/raw/caltech256/256_ObjectCategories/124.killer-whale/124_0049.jpg,123,124.killer-whale
data/raw/caltech256/256_ObjectCategories/124.killer-whale/124_0059.jpg,123,124.killer-whale
data/raw/caltech256/256_ObjectCategories/124.killer-whale/124_0035.jpg,123,124.killer-whale
data/raw/caltech256/256_ObjectCategories/124.killer-whale/124_0083.jpg,123,124.killer-whale
data/raw/caltech256/256_ObjectCategories/124.killer-whale/124_0085.jpg,123,124.killer-whale
data/raw/caltech256/256_ObjectCategories/124.killer-whale/124_0075.jpg,123,124.killer-whale
data/raw/caltech256/256_ObjectCategories/124.killer-whale/124_0016.jpg,123,124.killer-whale
data/raw/caltech256/256_ObjectCategories/124.killer-whale/124_0090.jpg,123,124.killer-whale
data/raw/caltech256/256_ObjectCategories/124.killer-whale/124_0046.jpg,123,124.killer-whale
data/raw/caltech256/256_ObjectCategories/125.knife/125_0073.jpg,124,125.knife
data/raw/caltech256/256_ObjectCategories/125.knife/125_0047.jpg,124,125.knife
data/raw/caltech256/256_ObjectCategories/125.knife/125_0069.jpg,124,125.knife
data/raw/caltech256/256_ObjectCategories/125.knife/125_0045.jpg,124,125.knife
data/raw/caltech256/256_ObjectCategories/125.knife/125_0007.jpg,124,125.knife
data/raw/caltech256/256_ObjectCategories/125.knife/125_0012.jpg,124,125.knife
data/raw/caltech256/256_ObjectCategories/125.knife/125_0018.jpg,124,125.knife
data/raw/caltech256/256_ObjectCategories/125.knife/125_0072.jpg,124,125.knife
data/raw/caltech256/256_ObjectCategories/125.knife/125_0023.jpg,124,125.knife
data/raw/caltech256/256_ObjectCategories/125.knife/125_0097.jpg,124,125.knife
data/raw/caltech256/256_ObjectCategories/125.knife/125_0081.jpg,124,125.knife
data/raw/caltech256/256_ObjectCategories/125.knife/125_0078.jpg,124,125.knife
data/raw/caltech256/256_ObjectCategories/125.knife/125_0038.jpg,124,125.knife
data/raw/caltech256/256_ObjectCategories/125.knife/125_0040.jpg,124,125.knife
data/raw/caltech256/256_ObjectCategories/125.knife/125_0021.jpg,124,125.knife
data/raw/caltech256/256_ObjectCategories/125.knife/125_0100.jpg,124,125.knife
data/raw/caltech256/256_ObjectCategories/125.knife/125_0015.jpg,124,125.knife
data/raw/caltech256/256_ObjectCategories/125.knife/125_0010.jpg,124,125.knife
data/raw/caltech256/256_ObjectCategories/126.ladder/126_0192.jpg,125,126.ladder
data/raw/caltech256/256_ObjectCategories/126.ladder/126_0170.jpg,125,126.ladder
data/raw/caltech256/256_ObjectCategories/126.ladder/126_0103.jpg,125,126.ladder
data/raw/caltech256/256_ObjectCategories/126.ladder/126_0212.jpg,125,126.ladder
data/raw/caltech256/256_ObjectCategories/126.ladder/126_0037.jpg,125,126.ladder
data/raw/caltech256/256_ObjectCategories/126.ladder/126_0059.jpg,125,126.ladder
data/raw/caltech256/256_ObjectCategories/126.ladder/126_0191.jpg,125,126.ladder
data/raw/caltech256/256_ObjectCategories/126.ladder/126_0098.jpg,125,126.ladder
data/raw/caltech256/256_ObjectCategories/126.ladder/126_0224.jpg,125,126.ladder
data/raw/caltech256/256_ObjectCategories/126.ladder/126_0122.jpg,125,126.ladder
data/raw/caltech256/256_ObjectCategories/126.ladder/126_0082.jpg,125,126.ladder
data/raw/caltech256/256_ObjectCategories/126.ladder/126_0199.jpg,125,126.ladder
data/raw/caltech256/256_ObjectCategories/126.ladder/126_0003.jpg,125,126.ladder
data/raw/caltech256/256_ObjectCategories/126.ladder/126_0203.jpg,125,126.ladder
data/raw/caltech256/256_ObjectCategories/126.ladder/126_0024.jpg,125,126.ladder
data/raw/caltech256/256_ObjectCategories/126.ladder/126_0147.jpg,125,126.ladder
data/raw/caltech256/256_ObjectCategories/126.ladder/126_0208.jpg,125,126.ladder
data/raw/caltech256/256_ObjectCategories/126.ladder/126_0136.jpg,125,126.ladder
data/raw/caltech256/256_ObjectCategories/126.ladder/126_0114.jpg,125,126.ladder
data/raw/caltech256/256_ObjectCategories/126.ladder/126_0110.jpg,125,126.ladder
data/raw/caltech256/256_ObjectCategories/126.ladder/126_0018.jpg,125,126.ladder
data/raw/caltech256/256_ObjectCategories/126.ladder/126_0240.jpg,125,126.ladder
data/raw/caltech256/256_ObjectCategories/126.ladder/126_0143.jpg,125,126.ladder
data/raw/caltech256/256_ObjectCategories/126.ladder/126_0047.jpg,125,126.ladder
data/raw/caltech256/256_ObjectCategories/126.ladder/126_0193.jpg,125,126.ladder
data/raw/caltech256/256_ObjectCategories/126.ladder/126_0032.jpg,125,126.ladder
data/raw/caltech256/256_ObjectCategories/126.ladder/126_0160.jpg,125,126.ladder
data/raw/caltech256/256_ObjectCategories/126.ladder/126_0210.jpg,125,126.ladder
data/raw/caltech256/256_ObjectCategories/126.ladder/126_0014.jpg,125,126.ladder
data/raw/caltech256/256_ObjectCategories/126.ladder/126_0097.jpg,125,126.ladder
data/raw/caltech256/256_ObjectCategories/126.ladder/126_0215.jpg,125,126.ladder
data/raw/caltech256/256_ObjectCategories/126.ladder/126_0017.jpg,125,126.ladder
data/raw/caltech256/256_ObjectCategories/126.ladder/126_0069.jpg,125,126.ladder
data/raw/caltech256/256_ObjectCategories/126.ladder/126_0001.jpg,125,126.ladder
data/raw/caltech256/256_ObjectCategories/126.ladder/126_0035.jpg,125,126.ladder
data/raw/caltech256/256_ObjectCategories/126.ladder/126_0025.jpg,125,126.ladder
data/raw/caltech256/256_ObjectCategories/126.ladder/126_0195.jpg,125,126.ladder
data/raw/caltech256/256_ObjectCategories/126.ladder/126_0083.jpg,125,126.ladder
data/raw/caltech256/256_ObjectCategories/126.ladder/126_0216.jpg,125,126.ladder
data/raw/caltech256/256_ObjectCategories/126.ladder/126_0227.jpg,125,126.ladder
data/raw/caltech256/256_ObjectCategories/126.ladder/126_0121.jpg,125,126.ladder
data/raw/caltech256/256_ObjectCategories/126.ladder/126_0175.jpg,125,126.ladder
data/raw/caltech256/256_ObjectCategories/126.ladder/126_0094.jpg,125,126.ladder
data/raw/caltech256/256_ObjectCategories/127.laptop-101/127_0092.jpg,126,127.laptop-101
data/raw/caltech256/256_ObjectCategories/127.laptop-101/127_0077.jpg,126,127.laptop-101
data/raw/caltech256/256_ObjectCategories/127.laptop-101/127_0105.jpg,126,127.laptop-101
data/raw/caltech256/256_ObjectCategories/127.laptop-101/127_0088.jpg,126,127.laptop-101
data/raw/caltech256/256_ObjectCategories/127.laptop-101/127_0007.jpg,126,127.laptop-101
data/raw/caltech256/256_ObjectCategories/127.laptop-101/127_0013.jpg,126,127.laptop-101
data/raw/caltech256/256_ObjectCategories/127.laptop-101/127_0068.jpg,126,127.laptop-101
data/raw/caltech256/256_ObjectCategories/127.laptop-101/127_0034.jpg,126,127.laptop-101
data/raw/caltech256/256_ObjectCategories/127.laptop-101/127_0104.jpg,126,127.laptop-101
data/raw/caltech256/256_ObjectCategories/127.laptop-101/127_0124.jpg,126,127.laptop-101
data/raw/caltech256/256_ObjectCategories/127.laptop-101/127_0041.jpg,126,127.laptop-101
data/raw/caltech256/256_ObjectCategories/127.laptop-101/127_0082.jpg,126,127.laptop-101
data/raw/caltech256/256_ObjectCategories/127.laptop-101/127_0084.jpg,126,127.laptop-101
data/raw/caltech256/256_ObjectCategories/127.laptop-101/127_0065.jpg,126,127.laptop-101
data/raw/caltech256/256_ObjectCategories/127.laptop-101/127_0026.jpg,126,127.laptop-101
data/raw/caltech256/256_ObjectCategories/127.laptop-101/127_0089.jpg,126,127.laptop-101
data/raw/caltech256/256_ObjectCategories/127.laptop-101/127_0110.jpg,126,127.laptop-101
data/raw/caltech256/256_ObjectCategories/127.laptop-101/127_0021.jpg,126,127.laptop-101
data/raw/caltech256/256_ObjectCategories/127.laptop-101/127_0069.jpg,126,127.laptop-101
data/raw/caltech256/256_ObjectCategories/127.laptop-101/127_0014.jpg,126,127.laptop-101
data/raw/caltech256/256_ObjectCategories/127.laptop-101/127_0127.jpg,126,127.laptop-101
data/raw/caltech256/256_ObjectCategories/127.laptop-101/127_0108.jpg,126,127.laptop-101
data/raw/caltech256/256_ObjectCategories/127.laptop-101/127_0116.jpg,126,127.laptop-101
data/raw/caltech256/256_ObjectCategories/128.lathe/128_0089.jpg,127,128.lathe
data/raw/caltech256/256_ObjectCategories/128.lathe/128_0063.jpg,127,128.lathe
data/raw/caltech256/256_ObjectCategories/128.lathe/128_0102.jpg,127,128.lathe
data/raw/caltech256/256_ObjectCategories/128.lathe/128_0043.jpg,127,128.lathe
data/raw/caltech256/256_ObjectCategories/128.lathe/128_0053.jpg,127,128.lathe
data/raw/caltech256/256_ObjectCategories/128.lathe/128_0039.jpg,127,128.lathe
data/raw/caltech256/256_ObjectCategories/128.lathe/128_0064.jpg,127,128.lathe
data/raw/caltech256/256_ObjectCategories/128.lathe/128_0082.jpg,127,128.lathe
data/raw/caltech256/256_ObjectCategories/128.lathe/128_0034.jpg,127,128.lathe
data/raw/caltech256/256_ObjectCategories/128.lathe/128_0001.jpg,127,128.lathe
data/raw/caltech256/256_ObjectCategories/128.lathe/128_0092.jpg,127,128.lathe
data/raw/caltech256/256_ObjectCategories/128.lathe/128_0067.jpg,127,128.lathe
data/raw/caltech256/256_ObjectCategories/128.lathe/128_0035.jpg,127,128.lathe
data/raw/caltech256/256_ObjectCategories/128.lathe/128_0038.jpg,127,128.lathe
data/raw/caltech256/256_ObjectCategories/128.lathe/128_0005.jpg,127,128.lathe
data/raw/caltech256/256_ObjectCategories/128.lathe/128_0023.jpg,127,128.lathe
data/raw/caltech256/256_ObjectCategories/128.lathe/128_0042.jpg,127,128.lathe
data/raw/caltech256/256_ObjectCategories/128.lathe/128_0087.jpg,127,128.lathe
data/raw/caltech256/256_ObjectCategories/128.lathe/128_0021.jpg,127,128.lathe
data/raw/caltech256/256_ObjectCategories/129.leopards-101/129_0062.jpg,128,129.leopards-101
data/raw/caltech256/256_ObjectCategories/129.leopards-101/129_0182.jpg,128,129.leopards-101
data/raw/caltech256/256_ObjectCategories/129.leopards-101/129_0132.jpg,128,129.leopards-101
data/raw/caltech256/256_ObjectCategories/129.leopards-101/129_0058.jpg,128,129.leopards-101
data/raw/caltech256/256_ObjectCategories/129.leopards-101/129_0012.jpg,128,129.leopards-101
data/raw/caltech256/256_ObjectCategories/129.leopards-101/129_0035.jpg,128,129.leopards-101
data/raw/caltech256/256_ObjectCategories/129.leopards-101/129_0027.jpg,128,129.leopards-101
data/raw/caltech256/256_ObjectCategories/129.leopards-101/129_0116.jpg,128,129.leopards-101
data/raw/caltech256/256_ObjectCategories/129.leopards-101/129_0020.jpg,128,129.leopards-101
data/raw/caltech256/256_ObjectCategories/129.leopards-101/129_0075.jpg,128,129.leopards-101
data/raw/caltech256/256_ObjectCategories/129.leopards-101/129_0149.jpg,128,129.leopards-101
data/raw/caltech256/256_ObjectCategories/129.leopards-101/129_0160.jpg,128,129.leopards-101
data/raw/caltech256/256_ObjectCategories/129.leopards-101/129_0166.jpg,128,129.leopards-101
data/raw/caltech256/256_ObjectCategories/129.leopards-101/129_0080.jpg,128,129.leopards-101
data/raw/caltech256/256_ObjectCategories/129.leopards-101/129_0036.jpg,128,129.leopards-101
data/raw/caltech256/256_ObjectCategories/129.leopards-101/129_0190.jpg,128,129.leopards-101
data/raw/caltech256/256_ObjectCategories/129.leopards-101/129_0060.jpg,128,129.leopards-101
data/raw/caltech256/256_ObjectCategories/129.leopards-101/129_0048.jpg,128,129.leopards-101
data/raw/caltech256/256_ObjectCategories/129.leopards-101/129_0085.jpg,128,129.leopards-101
data/raw/caltech256/256_ObjectCategories/129.leopards-101/129_0074.jpg,128,129.leopards-101
data/raw/caltech256/256_ObjectCategories/129.leopards-101/129_0021.jpg,128,129.leopards-101
data/raw/caltech256/256_ObjectCategories/129.leopards-101/129_0009.jpg,128,129.leopards-101
data/raw/caltech256/256_ObjectCategories/129.leopards-101/129_0159.jpg,128,129.leopards-101
data/raw/caltech256/256_ObjectCategories/129.leopards-101/129_0130.jpg,128,129.leopards-101
data/raw/caltech256/256_ObjectCategories/129.leopards-101/129_0052.jpg,128,129.leopards-101
data/raw/caltech256/256_ObjectCategories/129.leopards-101/129_0053.jpg,128,129.leopards-101
data/raw/caltech256/256_ObjectCategories/129.leopards-101/129_0100.jpg,128,129.leopards-101
data/raw/caltech256/256_ObjectCategories/129.leopards-101/129_0072.jpg,128,129.leopards-101
data/raw/caltech256/256_ObjectCategories/129.leopards-101/129_0028.jpg,128,129.leopards-101
data/raw/caltech256/256_ObjectCategories/129.leopards-101/129_0136.jpg,128,129.leopards-101
data/raw/caltech256/256_ObjectCategories/129.leopards-101/129_0172.jpg,128,129.leopards-101
data/raw/caltech256/256_ObjectCategories/129.leopards-101/129_0013.jpg,128,129.leopards-101
data/raw/caltech256/256_ObjectCategories/129.leopards-101/129_0086.jpg,128,129.leopards-101
data/raw/caltech256/256_ObjectCategories/129.leopards-101/129_0025.jpg,128,129.leopards-101
data/raw/caltech256/256_ObjectCategories/130.license-plate/130_0033.jpg,129,130.license-plate
data/raw/caltech256/256_ObjectCategories/130.license-plate/130_0012.jpg,129,130.license-plate
data/raw/caltech256/256_ObjectCategories/130.license-plate/130_0086.jpg,129,130.license-plate
data/raw/caltech256/256_ObjectCategories/130.license-plate/130_0050.jpg,129,130.license-plate
data/raw/caltech256/256_ObjectCategories/130.license-plate/130_0003.jpg,129,130.license-plate
data/raw/caltech256/256_ObjectCategories/130.license-plate/130_0060.jpg,129,130.license-plate
data/raw/caltech256/256_ObjectCategories/130.license-plate/130_0085.jpg,129,130.license-plate
data/raw/caltech256/256_ObjectCategories/130.license-plate/130_0016.jpg,129,130.license-plate
data/raw/caltech256/256_ObjectCategories/130.license-plate/130_0075.jpg,129,130.license-plate
data/raw/caltech256/256_ObjectCategories/130.license-plate/130_0035.jpg,129,130.license-plate
data/raw/caltech256/256_ObjectCategories/130.license-plate/130_0079.jpg,129,130.license-plate
data/raw/caltech256/256_ObjectCategories/130.license-plate/130_0066.jpg,129,130.license-plate
data/raw/caltech256/256_ObjectCategories/130.license-plate/130_0088.jpg,129,130.license-plate
data/raw/caltech256/256_ObjectCategories/130.license-plate/130_0048.jpg,129,130.license-plate
data/raw/caltech256/256_ObjectCategories/130.license-plate/130_0056.jpg,129,130.license-plate
data/raw/caltech256/256_ObjectCategories/130.license-plate/130_0049.jpg,129,130.license-plate
data/raw/caltech256/256_ObjectCategories/131.lightbulb/131_0014.jpg,130,131.lightbulb
data/raw/caltech256/256_ObjectCategories/131.lightbulb/131_0017.jpg,130,131.lightbulb
data/raw/caltech256/256_ObjectCategories/131.lightbulb/131_0055.jpg,130,131.lightbulb
data/raw/caltech256/256_ObjectCategories/131.lightbulb/131_0082.jpg,130,131.lightbulb
data/raw/caltech256/256_ObjectCategories/131.lightbulb/131_0072.jpg,130,131.lightbulb
data/raw/caltech256/256_ObjectCategories/131.lightbulb/131_0008.jpg,130,131.lightbulb
data/raw/caltech256/256_ObjectCategories/131.lightbulb/131_0066.jpg,130,131.lightbulb
data/raw/caltech256/256_ObjectCategories/131.lightbulb/131_0062.jpg,130,131.lightbulb
data/raw/caltech256/256_ObjectCategories/131.lightbulb/131_0009.jpg,130,131.lightbulb
data/raw/caltech256/256_ObjectCategories/131.lightbulb/131_0039.jpg,130,131.lightbulb
data/raw/caltech256/256_ObjectCategories/131.lightbulb/131_0084.jpg,130,131.lightbulb
data/raw/caltech256/256_ObjectCategories/131.lightbulb/131_0001.jpg,130,131.lightbulb
data/raw/caltech256/256_ObjectCategories/131.lightbulb/131_0046.jpg,130,131.lightbulb
data/raw/caltech256/256_ObjectCategories/131.lightbulb/131_0016.jpg,130,131.lightbulb
data/raw/caltech256/256_ObjectCategories/131.lightbulb/131_0028.jpg,130,131.lightbulb
data/raw/caltech256/256_ObjectCategories/131.lightbulb/131_0027.jpg,130,131.lightbulb
data/raw/caltech256/256_ObjectCategories/131.lightbulb/131_0051.jpg,130,131.lightbulb
data/raw/caltech256/256_ObjectCategories/132.light-house/132_0124.jpg,131,132.light-house
data/raw/caltech256/256_ObjectCategories/132.light-house/132_0015.jpg,131,132.light-house
data/raw/caltech256/256_ObjectCategories/132.light-house/132_0059.jpg,131,132.light-house
data/raw/caltech256/256_ObjectCategories/132.light-house/132_0151.jpg,131,132.light-house
data/raw/caltech256/256_ObjectCategories/132.light-house/132_0129.jpg,131,132.light-house
data/raw/caltech256/256_ObjectCategories/132.light-house/132_0004.jpg,131,132.light-house
data/raw/caltech256/256_ObjectCategories/132.light-house/132_0182.jpg,131,132.light-house
data/raw/caltech256/256_ObjectCategories/132.light-house/132_0016.jpg,131,132.light-house
data/raw/caltech256/256_ObjectCategories/132.light-house/132_0102.jpg,131,132.light-house
data/raw/caltech256/256_ObjectCategories/132.light-house/132_0177.jpg,131,132.light-house
data/raw/caltech256/256_ObjectCategories/132.light-house/132_0041.jpg,131,132.light-house
data/raw/caltech256/256_ObjectCategories/132.light-house/132_0149.jpg,131,132.light-house
data/raw/caltech256/256_ObjectCategories/132.light-house/132_0055.jpg,131,132.light-house
data/raw/caltech256/256_ObjectCategories/132.light-house/132_0154.jpg,131,132.light-house
data/raw/caltech256/256_ObjectCategories/132.light-house/132_0029.jpg,131,132.light-house
data/raw/caltech256/256_ObjectCategories/132.light-house/132_0080.jpg,131,132.light-house
data/raw/caltech256/256_ObjectCategories/132.light-house/132_0162.jpg,131,132.light-house
data/raw/caltech256/256_ObjectCategories/132.light-house/132_0076.jpg,131,132.light-house
data/raw/caltech256/256_ObjectCategories/132.light-house/132_0131.jpg,131,132.light-house
data/raw/caltech256/256_ObjectCategories/132.light-house/132_0078.jpg,131,132.light-house
data/raw/caltech256/256_ObjectCategories/132.light-house/132_0042.jpg,131,132.light-house
data/raw/caltech256/256_ObjectCategories/132.light-house/132_0040.jpg,131,132.light-house
data/raw/caltech256/256_ObjectCategories/132.light-house/132_0049.jpg,131,132.light-house
data/raw/caltech256/256_ObjectCategories/132.light-house/132_0047.jpg,131,132.light-house
data/raw/caltech256/256_ObjectCategories/132.light-house/132_0014.jpg,131,132.light-house
data/raw/caltech256/256_ObjectCategories/132.light-house/132_0009.jpg,131,132.light-house
data/raw/caltech256/256_ObjectCategories/132.light-house/132_0135.jpg,131,132.light-house
data/raw/caltech256/256_ObjectCategories/132.light-house/132_0012.jpg,131,132.light-house
data/raw/caltech256/256_ObjectCategories/132.light-house/132_0100.jpg,131,132.light-house
data/raw/caltech256/256_ObjectCategories/132.light-house/132_0064.jpg,131,132.light-house
data/raw/caltech256/256_ObjectCategories/132.light-house/132_0126.jpg,131,132.light-house
data/raw/caltech256/256_ObjectCategories/132.light-house/132_0065.jpg,131,132.light-house
data/raw/caltech256/256_ObjectCategories/132.light-house/132_0132.jpg,131,132.light-house
data/raw/caltech256/256_ObjectCategories/132.light-house/132_0160.jpg,131,132.light-house
data/raw/caltech256/256_ObjectCategories/133.lightning/133_0059.jpg,132,133.lightning
data/raw/caltech256/256_ObjectCategories/133.lightning/133_0132.jpg,132,133.lightning
data/raw/caltech256/256_ObjectCategories/133.lightning/133_0033.jpg,132,133.lightning
data/raw/caltech256/256_ObjectCategories/133.lightning/133_0107.jpg,132,133.lightning
data/raw/caltech256/256_ObjectCategories/133.lightning/133_0065.jpg,132,133.lightning
data/raw/caltech256/256_ObjectCategories/133.lightning/133_0115.jpg,132,133.lightning
data/raw/caltech256/256_ObjectCategories/133.lightning/133_0102.jpg,132,133.lightning
data/raw/caltech256/256_ObjectCategories/133.lightning/133_0068.jpg,132,133.lightning
data/raw/caltech256/256_ObjectCategories/133.lightning/133_0045.jpg,132,133.lightning
data/raw/caltech256/256_ObjectCategories/133.lightning/133_0080.jpg,132,133.lightning
data/raw/caltech256/256_ObjectCategories/133.lightning/133_0092.jpg,132,133.lightning
data/raw/caltech256/256_ObjectCategories/133.lightning/133_0039.jpg,132,133.lightning
data/raw/caltech256/256_ObjectCategories/133.lightning/133_0085.jpg,132,133.lightning
data/raw/caltech256/256_ObjectCategories/133.lightning/133_0103.jpg,132,133.lightning
data/raw/caltech256/256_ObjectCategories/133.lightning/133_0101.jpg,132,133.lightning
data/raw/caltech256/256_ObjectCategories/133.lightning/133_0125.jpg,132,133.lightning
data/raw/caltech256/256_ObjectCategories/133.lightning/133_0016.jpg,132,133.lightning
data/raw/caltech256/256_ObjectCategories/133.lightning/133_0049.jpg,132,133.lightning
data/raw/caltech256/256_ObjectCategories/133.lightning/133_0021.jpg,132,133.lightning
data/raw/caltech256/256_ObjectCategories/133.lightning/133_0112.jpg,132,133.lightning
data/raw/caltech256/256_ObjectCategories/133.lightning/133_0069.jpg,132,133.lightning
data/raw/caltech256/256_ObjectCategories/133.lightning/133_0116.jpg,132,133.lightning
data/raw/caltech256/256_ObjectCategories/133.lightning/133_0052.jpg,132,133.lightning
data/raw/caltech256/256_ObjectCategories/133.lightning/133_0129.jpg,132,133.lightning
data/raw/caltech256/256_ObjectCategories/134.llama-101/134_0028.jpg,133,134.llama-101
data/raw/caltech256/256_ObjectCategories/134.llama-101/134_0113.jpg,133,134.llama-101
data/raw/caltech256/256_ObjectCategories/134.llama-101/134_0045.jpg,133,134.llama-101
data/raw/caltech256/256_ObjectCategories/134.llama-101/134_0059.jpg,133,134.llama-101
data/raw/caltech256/256_ObjectCategories/134.llama-101/134_0087.jpg,133,134.llama-101
data/raw/caltech256/256_ObjectCategories/134.llama-101/134_0044.jpg,133,134.llama-101
data/raw/caltech256/256_ObjectCategories/134.llama-101/134_0086.jpg,133,134.llama-101
data/raw/caltech256/256_ObjectCategories/134.llama-101/134_0019.jpg,133,134.llama-101
data/raw/caltech256/256_ObjectCategories/134.llama-101/134_0098.jpg,133,134.llama-101
data/raw/caltech256/256_ObjectCategories/134.llama-101/134_0037.jpg,133,134.llama-101
data/raw/caltech256/256_ObjectCategories/134.llama-101/134_0047.jpg,133,134.llama-101
data/raw/caltech256/256_ObjectCategories/134.llama-101/134_0060.jpg,133,134.llama-101
data/raw/caltech256/256_ObjectCategories/134.llama-101/134_0084.jpg,133,134.llama-101
data/raw/caltech256/256_ObjectCategories/134.llama-101/134_0038.jpg,133,134.llama-101
data/raw/caltech256/256_ObjectCategories/134.llama-101/134_0071.jpg,133,134.llama-101
data/raw/caltech256/256_ObjectCategories/134.llama-101/134_0053.jpg,133,134.llama-101
data/raw/caltech256/256_ObjectCategories/134.llama-101/134_0091.jpg,133,134.llama-101
data/raw/caltech256/256_ObjectCategories/134.llama-101/134_0092.jpg,133,134.llama-101
data/raw/caltech256/256_ObjectCategories/134.llama-101/134_0076.jpg,133,134.llama-101
data/raw/caltech256/256_ObjectCategories/134.llama-101/134_0093.jpg,133,134.llama-101
data/raw/caltech256/256_ObjectCategories/134.llama-101/134_0029.jpg,133,134.llama-101
data/raw/caltech256/256_ObjectCategories/135.mailbox/135_0035.jpg,134,135.mailbox
data/raw/caltech256/256_ObjectCategories/135.mailbox/135_0076.jpg,134,135.mailbox
data/raw/caltech256/256_ObjectCategories/135.mailbox/135_0055.jpg,134,135.mailbox
data/raw/caltech256/256_ObjectCategories/135.mailbox/135_0080.jpg,134,135.mailbox
data/raw/caltech256/256_ObjectCategories/135.mailbox/135_0022.jpg,134,135.mailbox
data/raw/caltech256/256_ObjectCategories/135.mailbox/135_0046.jpg,134,135.mailbox
data/raw/caltech256/256_ObjectCategories/135.mailbox/135_0047.jpg,134,135.mailbox
data/raw/caltech256/256_ObjectCategories/135.mailbox/135_0073.jpg,134,135.mailbox
data/raw/caltech256/256_ObjectCategories/135.mailbox/135_0011.jpg,134,135.mailbox
data/raw/caltech256/256_ObjectCategories/135.mailbox/135_0050.jpg,134,135.mailbox
data/raw/caltech256/256_ObjectCategories/135.mailbox/135_0041.jpg,134,135.mailbox
data/raw/caltech256/256_ObjectCategories/135.mailbox/135_0013.jpg,134,135.mailbox
data/raw/caltech256/256_ObjectCategories/135.mailbox/135_0005.jpg,134,135.mailbox
data/raw/caltech256/256_ObjectCategories/135.mailbox/135_0004.jpg,134,135.mailbox
data/raw/caltech256/256_ObjectCategories/135.mailbox/135_0072.jpg,134,135.mailbox
data/raw/caltech256/256_ObjectCategories/135.mailbox/135_0052.jpg,134,135.mailbox
data/raw/caltech256/256_ObjectCategories/135.mailbox/135_0083.jpg,134,135.mailbox
data/raw/caltech256/256_ObjectCategories/136.mandolin/136_0052.jpg,135,136.mandolin
data/raw/caltech256/256_ObjectCategories/136.mandolin/136_0018.jpg,135,136.mandolin
data/raw/caltech256/256_ObjectCategories/136.mandolin/136_0013.jpg,135,136.mandolin
data/raw/caltech256/256_ObjectCategories/136.mandolin/136_0015.jpg,135,136.mandolin
data/raw/caltech256/256_ObjectCategories/136.mandolin/136_0093.jpg,135,136.mandolin
data/raw/caltech256/256_ObjectCategories/136.mandolin/136_0080.jpg,135,136.mandolin
data/raw/caltech256/256_ObjectCategories/136.mandolin/136_0014.jpg,135,136.mandolin
data/raw/caltech256/256_ObjectCategories/136.mandolin/136_0016.jpg,135,136.mandolin
data/raw/caltech256/256_ObjectCategories/136.mandolin/136_0067.jpg,135,136.mandolin
data/raw/caltech256/256_ObjectCategories/136.mandolin/136_0063.jpg,135,136.mandolin
data/raw/caltech256/256_ObjectCategories/136.mandolin/136_0007.jpg,135,136.mandolin
data/raw/caltech256/256_ObjectCategories/136.mandolin/136_0006.jpg,135,136.mandolin
data/raw/caltech256/256_ObjectCategories/136.mandolin/136_0034.jpg,135,136.mandolin
data/raw/caltech256/256_ObjectCategories/136.mandolin/136_0036.jpg,135,136.mandolin
data/raw/caltech256/256_ObjectCategories/136.mandolin/136_0058.jpg,135,136.mandolin
data/raw/caltech256/256_ObjectCategories/136.mandolin/136_0001.jpg,135,136.mandolin
data/raw/caltech256/256_ObjectCategories/136.mandolin/136_0085.jpg,135,136.mandolin
data/raw/caltech256/256_ObjectCategories/137.mars/137_0154.jpg,136,137.mars
data/raw/caltech256/256_ObjectCategories/137.mars/137_0024.jpg,136,137.mars
data/raw/caltech256/256_ObjectCategories/137.mars/137_0048.jpg,136,137.mars
data/raw/caltech256/256_ObjectCategories/137.mars/137_0038.jpg,136,137.mars
data/raw/caltech256/256_ObjectCategories/137.mars/137_0068.jpg,136,137.mars
data/raw/caltech256/256_ObjectCategories/137.mars/137_0019.jpg,136,137.mars
data/raw/caltech256/256_ObjectCategories/137.mars/137_0071.jpg,136,137.mars
data/raw/caltech256/256_ObjectCategories/137.mars/137_0076.jpg,136,137.mars
data/raw/caltech256/256_ObjectCategories/137.mars/137_0035.jpg,136,137.mars
data/raw/caltech256/256_ObjectCategories/137.mars/137_0143.jpg,136,137.mars
data/raw/caltech256/256_ObjectCategories/137.mars/137_0150.jpg,136,137.mars
data/raw/caltech256/256_ObjectCategories/137.mars/137_0025.jpg,136,137.mars
data/raw/caltech256/256_ObjectCategories/137.mars/137_0056.jpg,136,137.mars
data/raw/caltech256/256_ObjectCategories/137.mars/137_0005.jpg,136,137.mars
data/raw/caltech256/256_ObjectCategories/137.mars/137_0107.jpg,136,137.mars
data/raw/caltech256/256_ObjectCategories/137.mars/137_0011.jpg,136,137.mars
data/raw/caltech256/256_ObjectCategories/137.mars/137_0093.jpg,136,137.mars
data/raw/caltech256/256_ObjectCategories/137.mars/137_0080.jpg,136,137.mars
data/raw/caltech256/256_ObjectCategories/137.mars/137_0045.jpg,136,137.mars
data/raw/caltech256/256_ObjectCategories/137.mars/137_0006.jpg,136,137.mars
data/raw/caltech256/256_ObjectCategories/137.mars/137_0064.jpg,136,137.mars
data/raw/caltech256/256_ObjectCategories/137.mars/137_0123.jpg,136,137.mars
data/raw/caltech256/256_ObjectCategories/137.mars/137_0004.jpg,136,137.mars
data/raw/caltech256/256_ObjectCategories/137.mars/137_0066.jpg,136,137.mars
data/raw/caltech256/256_ObjectCategories/137.mars/137_0117.jpg,136,137.mars
data/raw/caltech256/256_ObjectCategories/137.mars/137_0115.jpg,136,137.mars
data/raw/caltech256/256_ObjectCategories/137.mars/137_0087.jpg,136,137.mars
data/raw/caltech256/256_ObjectCategories/137.mars/137_0085.jpg,136,137.mars
data/raw/caltech256/256_ObjectCategories/138.mattress/138_0042.jpg,137,138.mattress
data/raw/caltech256/256_ObjectCategories/138.mattress/138_0103.jpg,137,138.mattress
data/raw/caltech256/256_ObjectCategories/138.mattress/138_0015.jpg,137,138.mattress
data/raw/caltech256/256_ObjectCategories/138.mattress/138_0106.jpg,137,138.mattress
data/raw/caltech256/256_ObjectCategories/138.mattress/138_0102.jpg,137,138.mattress
data/raw/caltech256/256_ObjectCategories/138.mattress/138_0162.jpg,137,138.mattress
data/raw/caltech256/256_ObjectCategories/138.mattress/138_0175.jpg,137,138.mattress
data/raw/caltech256/256_ObjectCategories/138.mattress/138_0046.jpg,137,138.mattress
data/raw/caltech256/256_ObjectCategories/138.mattress/138_0044.jpg,137,138.mattress
data/raw/caltech256/256_ObjectCategories/138.mattress/138_0087.jpg,137,138.mattress
data/raw/caltech256/256_ObjectCategories/138.mattress/138_0016.jpg,137,138.mattress
data/raw/caltech256/256_ObjectCategories/138.mattress/138_0147.jpg,137,138.mattress
data/raw/caltech256/256_ObjectCategories/138.mattress/138_0077.jpg,137,138.mattress
data/raw/caltech256/256_ObjectCategories/138.mattress/138_0032.jpg,137,138.mattress
data/raw/caltech256/256_ObjectCategories/138.mattress/138_0012.jpg,137,138.mattress
data/raw/caltech256/256_ObjectCategories/138.mattress/138_0029.jpg,137,138.mattress
data/raw/caltech256/256_ObjectCategories/138.mattress/138_0108.jpg,137,138.mattress
data/raw/caltech256/256_ObjectCategories/138.mattress/138_0057.jpg,137,138.mattress
data/raw/caltech256/256_ObjectCategories/138.mattress/138_0148.jpg,137,138.mattress
data/raw/caltech256/256_ObjectCategories/138.mattress/138_0116.jpg,137,138.mattress
data/raw/caltech256/256_ObjectCategories/138.mattress/138_0053.jpg,137,138.mattress
data/raw/caltech256/256_ObjectCategories/138.mattress/138_0008.jpg,137,138.mattress
data/raw/caltech256/256_ObjectCategories/138.mattress/138_0177.jpg,137,138.mattress
data/raw/caltech256/256_ObjectCategories/138.mattress/138_0130.jpg,137,138.mattress
data/raw/caltech256/256_ObjectCategories/138.mattress/138_0143.jpg,137,138.mattress
data/raw/caltech256/256_ObjectCategories/138.mattress/138_0092.jpg,137,138.mattress
data/raw/caltech256/256_ObjectCategories/138.mattress/138_0021.jpg,137,138.mattress
data/raw/caltech256/256_ObjectCategories/138.mattress/138_0026.jpg,137,138.mattress
data/raw/caltech256/256_ObjectCategories/138.mattress/138_0078.jpg,137,138.mattress
data/raw/caltech256/256_ObjectCategories/138.mattress/138_0018.jpg,137,138.mattress
data/raw/caltech256/256_ObjectCategories/138.mattress/138_0178.jpg,137,138.mattress
data/raw/caltech256/256_ObjectCategories/138.mattress/138_0152.jpg,137,138.mattress
data/raw/caltech256/256_ObjectCategories/138.mattress/138_0001.jpg,137,138.mattress
data/raw/caltech256/256_ObjectCategories/138.mattress/138_0185.jpg,137,138.mattress
data/raw/caltech256/256_ObjectCategories/139.megaphone/139_0066.jpg,138,139.megaphone
data/raw/caltech256/256_ObjectCategories/139.megaphone/139_0014.jpg,138,139.megaphone
data/raw/caltech256/256_ObjectCategories/139.megaphone/139_0064.jpg,138,139.megaphone
data/raw/caltech256/256_ObjectCategories/139.megaphone/139_0082.jpg,138,139.megaphone
data/raw/caltech256/256_ObjectCategories/139.megaphone/139_0077.jpg,138,139.megaphone
data/raw/caltech256/256_ObjectCategories/139.megaphone/139_0036.jpg,138,139.megaphone
data/raw/caltech256/256_ObjectCategories/139.megaphone/139_0061.jpg,138,139.megaphone
data/raw/caltech256/256_ObjectCategories/139.megaphone/139_0001.jpg,138,139.megaphone
data/raw/caltech256/256_ObjectCategories/139.megaphone/139_0056.jpg,138,139.megaphone
data/raw/caltech256/256_ObjectCategories/139.megaphone/139_0010.jpg,138,139.megaphone
data/raw/caltech256/256_ObjectCategories/139.megaphone/139_0009.jpg,138,139.megaphone
data/raw/caltech256/256_ObjectCategories/139.megaphone/139_0016.jpg,138,139.megaphone
data/raw/caltech256/256_ObjectCategories/139.megaphone/139_0020.jpg,138,139.megaphone
data/raw/caltech256/256_ObjectCategories/139.megaphone/139_0078.jpg,138,139.megaphone
data/raw/caltech256/256_ObjectCategories/139.megaphone/139_0028.jpg,138,139.megaphone
data/raw/caltech256/256_ObjectCategories/140.menorah-101/140_0012.jpg,139,140.menorah-101
data/raw/caltech256/256_ObjectCategories/140.menorah-101/140_0010.jpg,139,140.menorah-101
data/raw/caltech256/256_ObjectCategories/140.menorah-101/140_0017.jpg,139,140.menorah-101
data/raw/caltech256/256_ObjectCategories/140.menorah-101/140_0057.jpg,139,140.menorah-101
data/raw/caltech256/256_ObjectCategories/140.menorah-101/140_0086.jpg,139,140.menorah-101
data/raw/caltech256/256_ObjectCategories/140.menorah-101/140_0039.jpg,139,140.menorah-101
data/raw/caltech256/256_ObjectCategories/140.menorah-101/140_0046.jpg,139,140.menorah-101
data/raw/caltech256/256_ObjectCategories/140.menorah-101/140_0044.jpg,139,140.menorah-101
data/raw/caltech256/256_ObjectCategories/140.menorah-101/140_0042.jpg,139,140.menorah-101
data/raw/caltech256/256_ObjectCategories/140.menorah-101/140_0027.jpg,139,140.menorah-101
data/raw/caltech256/256_ObjectCategories/140.menorah-101/140_0060.jpg,139,140.menorah-101
data/raw/caltech256/256_ObjectCategories/140.menorah-101/140_0077.jpg,139,140.menorah-101
data/raw/caltech256/256_ObjectCategories/140.menorah-101/140_0004.jpg,139,140.menorah-101
data/raw/caltech256/256_ObjectCategories/140.menorah-101/140_0047.jpg,139,140.menorah-101
data/raw/caltech256/256_ObjectCategories/140.menorah-101/140_0015.jpg,139,140.menorah-101
data/raw/caltech256/256_ObjectCategories/140.menorah-101/140_0034.jpg,139,140.menorah-101
data/raw/caltech256/256_ObjectCategories/141.microscope/141_0048.jpg,140,141.microscope
data/raw/caltech256/256_ObjectCategories/141.microscope/141_0036.jpg,140,141.microscope
data/raw/caltech256/256_ObjectCategories/141.microscope/141_0115.jpg,140,141.microscope
data/raw/caltech256/256_ObjectCategories/141.microscope/141_0027.jpg,140,141.microscope
data/raw/caltech256/256_ObjectCategories/141.microscope/141_0111.jpg,140,141.microscope
data/raw/caltech256/256_ObjectCategories/141.microscope/141_0019.jpg,140,141.microscope
data/raw/caltech256/256_ObjectCategories/141.microscope/141_0067.jpg,140,141.microscope
data/raw/caltech256/256_ObjectCategories/141.microscope/141_0068.jpg,140,141.microscope
data/raw/caltech256/256_ObjectCategories/141.microscope/141_0056.jpg,140,141.microscope
data/raw/caltech256/256_ObjectCategories/141.microscope/141_0021.jpg,140,141.microscope
data/raw/caltech256/256_ObjectCategories/141.microscope/141_0015.jpg,140,141.microscope
data/raw/caltech256/256_ObjectCategories/141.microscope/141_0073.jpg,140,141.microscope
data/raw/caltech256/256_ObjectCategories/141.microscope/141_0092.jpg,140,141.microscope
data/raw/caltech256/256_ObjectCategories/141.microscope/141_0014.jpg,140,141.microscope
data/raw/caltech256/256_ObjectCategories/141.microscope/141_0059.jpg,140,141.microscope
data/raw/caltech256/256_ObjectCategories/141.microscope/141_0050.jpg,140,141.microscope
data/raw/caltech256/256_ObjectCategories/141.microscope/141_0025.jpg,140,141.microscope
data/raw/caltech256/256_ObjectCategories/141.microscope/141_0091.jpg,140,141.microscope
data/raw/caltech256/256_ObjectCategories/141.microscope/141_0075.jpg,140,141.microscope
data/raw/caltech256/256_ObjectCategories/141.microscope/141_0009.jpg,140,141.microscope
data/raw/caltech256/256_ObjectCategories/141.microscope/141_0066.jpg,140,141.microscope
data/raw/caltech256/256_ObjectCategories/142.microwave/142_0022.jpg,141,142.microwave
data/raw/caltech256/256_ObjectCategories/142.microwave/142_0074.jpg,141,142.microwave
data/raw/caltech256/256_ObjectCategories/142.microwave/142_0085.jpg,141,142.microwave
data/raw/caltech256/256_ObjectCategories/142.microwave/142_0082.jpg,141,142.microwave
data/raw/caltech256/256_ObjectCategories/142.microwave/142_0003.jpg,141,142.microwave
data/raw/caltech256/256_ObjectCategories/142.microwave/142_0017.jpg,141,142.microwave
data/raw/caltech256/256_ObjectCategories/142.microwave/142_0008.jpg,141,142.microwave
data/raw/caltech256/256_ObjectCategories/142.microwave/142_0075.jpg,141,142.microwave
data/raw/caltech256/256_ObjectCategories/142.microwave/142_0063.jpg,141,142.microwave
data/raw/caltech256/256_ObjectCategories/142.microwave/142_0086.jpg,141,142.microwave
data/raw/caltech256/256_ObjectCategories/142.microwave/142_0076.jpg,141,142.microwave
data/raw/caltech256/256_ObjectCategories/142.microwave/142_0090.jpg,141,142.microwave
data/raw/caltech256/256_ObjectCategories/142.microwave/142_0015.jpg,141,142.microwave
data/raw/caltech256/256_ObjectCategories/142.microwave/142_0096.jpg,141,142.microwave
data/raw/caltech256/256_ObjectCategories/142.microwave/142_0033.jpg,141,142.microwave
data/raw/caltech256/256_ObjectCategories/142.microwave/142_0078.jpg,141,142.microwave
data/raw/caltech256/256_ObjectCategories/142.microwave/142_0097.jpg,141,142.microwave
data/raw/caltech256/256_ObjectCategories/142.microwave/142_0020.jpg,141,142.microwave
data/raw/caltech256/256_ObjectCategories/142.microwave/142_0107.jpg,141,142.microwave
data/raw/caltech256/256_ObjectCategories/143.minaret/143_0129.jpg,142,143.minaret
data/raw/caltech256/256_ObjectCategories/143.minaret/143_0104.jpg,142,143.minaret
data/raw/caltech256/256_ObjectCategories/143.minaret/143_0059.jpg,142,143.minaret
data/raw/caltech256/256_ObjectCategories/143.minaret/143_0116.jpg,142,143.minaret
data/raw/caltech256/256_ObjectCategories/143.minaret/143_0024.jpg,142,143.minaret
data/raw/caltech256/256_ObjectCategories/143.minaret/143_0008.jpg,142,143.minaret
data/raw/caltech256/256_ObjectCategories/143.minaret/143_0117.jpg,142,143.minaret
data/raw/caltech256/256_ObjectCategories/143.minaret/143_0023.jpg,142,143.minaret
data/raw/caltech256/256_ObjectCategories/143.minaret/143_0075.jpg,142,143.minaret
data/raw/caltech256/256_ObjectCategories/143.minaret/143_0123.jpg,142,143.minaret
data/raw/caltech256/256_ObjectCategories/143.minaret/143_0107.jpg,142,143.minaret
data/raw/caltech256/256_ObjectCategories/143.minaret/143_0016.jpg,142,143.minaret
data/raw/caltech256/256_ObjectCategories/143.minaret/143_0021.jpg,142,143.minaret
data/raw/caltech256/256_ObjectCategories/143.minaret/143_0033.jpg,142,143.minaret
data/raw/caltech256/256_ObjectCategories/143.minaret/143_0050.jpg,142,143.minaret
data/raw/caltech256/256_ObjectCategories/143.minaret/143_0047.jpg,142,143.minaret
data/raw/caltech256/256_ObjectCategories/143.minaret/143_0074.jpg,142,143.minaret
data/raw/caltech256/256_ObjectCategories/143.minaret/143_0003.jpg,142,143.minaret
data/raw/caltech256/256_ObjectCategories/143.minaret/143_0071.jpg,142,143.minaret
data/raw/caltech256/256_ObjectCategories/143.minaret/143_0057.jpg,142,143.minaret
data/raw/caltech256/256_ObjectCategories/143.minaret/143_0106.jpg,142,143.minaret
data/raw/caltech256/256_ObjectCategories/143.minaret/143_0026.jpg,142,143.minaret
data/raw/caltech256/256_ObjectCategories/143.minaret/143_0108.jpg,142,143.minaret
data/raw/caltech256/256_ObjectCategories/144.minotaur/144_0020.jpg,143,144.minotaur
data/raw/caltech256/256_ObjectCategories/144.minotaur/144_0065.jpg,143,144.minotaur
data/raw/caltech256/256_ObjectCategories/144.minotaur/144_0015.jpg,143,144.minotaur
data/raw/caltech256/256_ObjectCategories/144.minotaur/144_0056.jpg,143,144.minotaur
data/raw/caltech256/256_ObjectCategories/144.minotaur/144_0013.jpg,143,144.minotaur
data/raw/caltech256/256_ObjectCategories/144.minotaur/144_0054.jpg,143,144.minotaur
data/raw/caltech256/256_ObjectCategories/144.minotaur/144_0017.jpg,143,144.minotaur
data/raw/caltech256/256_ObjectCategories/144.minotaur/144_0019.jpg,143,144.minotaur
data/raw/caltech256/256_ObjectCategories/144.minotaur/144_0024.jpg,143,144.minotaur
data/raw/caltech256/256_ObjectCategories/144.minotaur/144_0051.jpg,143,144.minotaur
data/raw/caltech256/256_ObjectCategories/144.minotaur/144_0053.jpg,143,144.minotaur
data/raw/caltech256/256_ObjectCategories/144.minotaur/144_0050.jpg,143,144.minotaur
data/raw/caltech256/256_ObjectCategories/144.minotaur/144_0038.jpg,143,144.minotaur
data/raw/caltech256/256_ObjectCategories/144.minotaur/144_0033.jpg,143,144.minotaur
data/raw/caltech256/256_ObjectCategories/144.minotaur/144_0007.jpg,143,144.minotaur
data/raw/caltech256/256_ObjectCategories/145.motorbikes-101/145_0797.jpg,144,145.motorbikes-101
data/raw/caltech256/256_ObjectCategories/145.motorbikes-101/145_0240.jpg,144,145.motorbikes-101
data/raw/caltech256/256_ObjectCategories/145.motorbikes-101/145_0248.jpg,144,145.motorbikes-101
data/raw/caltech256/256_ObjectCategories/145.motorbikes-101/145_0632.jpg,144,145.motorbikes-101
data/raw/caltech256/256_ObjectCategories/145.motorbikes-101/145_0217.jpg,144,145.motorbikes-101
data/raw/caltech256/256_ObjectCategories/145.motorbikes-101/145_0504.jpg,144,145.motorbikes-101
data/raw/caltech256/256_ObjectCategories/145.motorbikes-101/145_0659.jpg,144,145.motorbikes-101
data/raw/caltech256/256_ObjectCategories/145.motorbikes-101/145_0441.jpg,144,145.motorbikes-101
data/raw/caltech256/256_ObjectCategories/145.motorbikes-101/145_0144.jpg,144,145.motorbikes-101
data/raw/caltech256/256_ObjectCategories/145.motorbikes-101/145_0128.jpg,144,145.motorbikes-101
data/raw/caltech256/256_ObjectCategories/145.motorbikes-101/145_0476.jpg,144,145.motorbikes-101
data/raw/caltech256/256_ObjectCategories/145.motorbikes-101/145_0768.jpg,144,145.motorbikes-101
data/raw/caltech256/256_ObjectCategories/145.motorbikes-101/145_0304.jpg,144,145.motorbikes-101
data/raw/caltech256/256_ObjectCategories/145.motorbikes-101/145_0559.jpg,144,145.motorbikes-101
data/raw/caltech256/256_ObjectCategories/145.motorbikes-101/145_0305.jpg,144,145.motorbikes-101
data/raw/caltech256/256_ObjectCategories/145.motorbikes-101/145_0301.jpg,144,145.motorbikes-101
data/raw/caltech256/256_ObjectCategories/145.motorbikes-101/145_0388.jpg,144,145.motorbikes-101
data/raw/caltech256/256_ObjectCategories/145.motorbikes-101/145_0749.jpg,144,145.motorbikes-101
data/raw/caltech256/256_ObjectCategories/145.motorbikes-101/145_0097.jpg,144,145.motorbikes-101
data/raw/caltech256/256_ObjectCategories/145.motorbikes-101/145_0326.jpg,144,145.motorbikes-101
data/raw/caltech256/256_ObjectCategories/145.motorbikes-101/145_0212.jpg,144,145.motorbikes-101
data/raw/caltech256/256_ObjectCategories/145.motorbikes-101/145_0440.jpg,144,145.motorbikes-101
data/raw/caltech256/256_ObjectCategories/145.motorbikes-101/145_0016.jpg,144,145.motorbikes-101
data/raw/caltech256/256_ObjectCategories/145.motorbikes-101/145_0420.jpg,144,145.motorbikes-101
data/raw/caltech256/256_ObjectCategories/145.motorbikes-101/145_0082.jpg,144,145.motorbikes-101
data/raw/caltech256/256_ObjectCategories/145.motorbikes-101/145_0098.jpg,144,145.motorbikes-101
data/raw/caltech256/256_ObjectCategories/145.motorbikes-101/145_0580.jpg,144,145.motorbikes-101
data/raw/caltech256/256_ObjectCategories/145.motorbikes-101/145_0207.jpg,144,145.motorbikes-101
data/raw/caltech256/256_ObjectCategories/145.motorbikes-101/145_0794.jpg,144,145.motorbikes-101
data/raw/caltech256/256_ObjectCategories/145.motorbikes-101/145_0412.jpg,144,145.motorbikes-101
data/raw/caltech256/256_ObjectCategories/145.motorbikes-101/145_0554.jpg,144,145.motorbikes-101
data/raw/caltech256/256_ObjectCategories/145.motorbikes-101/145_0668.jpg,144,145.motorbikes-101
data/raw/caltech256/256_ObjectCategories/145.motorbikes-101/145_0643.jpg,144,145.motorbikes-101
data/raw/caltech256/256_ObjectCategories/145.motorbikes-101/145_0477.jpg,144,145.motorbikes-101
data/raw/caltech256/256_ObjectCategories/145.motorbikes-101/145_0557.jpg,144,145.motorbikes-101
data/raw/caltech256/256_ObjectCategories/145.motorbikes-101/145_0018.jpg,144,145.motorbikes-101
data/raw/caltech256/256_ObjectCategories/145.motorbikes-101/145_0548.jpg,144,145.motorbikes-101
data/raw/caltech256/256_ObjectCategories/145.motorbikes-101/145_0742.jpg,144,145.motorbikes-101
data/raw/caltech256/256_ObjectCategories/145.motorbikes-101/145_0378.jpg,144,145.motorbikes-101
data/raw/caltech256/256_ObjectCategories/145.motorbikes-101/145_0162.jpg,144,145.motorbikes-101
data/raw/caltech256/256_ObjectCategories/145.motorbikes-101/145_0706.jpg,144,145.motorbikes-101
data/raw/caltech256/256_ObjectCategories/145.motorbikes-101/145_0703.jpg,144,145.motorbikes-101
data/raw/caltech256/256_ObjectCategories/145.motorbikes-101/145_0598.jpg,144,145.motorbikes-101
data/raw/caltech256/256_ObjectCategories/145.motorbikes-101/145_0336.jpg,144,145.motorbikes-101
data/raw/caltech256/256_ObjectCategories/145.motorbikes-101/145_0241.jpg,144,145.motorbikes-101
data/raw/caltech256/256_ObjectCategories/145.motorbikes-101/145_0122.jpg,144,145.motorbikes-101
data/raw/caltech256/256_ObjectCategories/145.motorbikes-101/145_0694.jpg,144,145.motorbikes-101
data/raw/caltech256/256_ObjectCategories/145.motorbikes-101/145_0734.jpg,144,145.motorbikes-101
data/raw/caltech256/256_ObjectCategories/145.motorbikes-101/145_0767.jpg,144,145.motorbikes-101
data/raw/caltech256/256_ObjectCategories/145.motorbikes-101/145_0675.jpg,144,145.motorbikes-101
data/raw/caltech256/256_ObjectCategories/145.motorbikes-101/145_0535.jpg,144,145.motorbikes-101
data/raw/caltech256/256_ObjectCategories/145.motorbikes-101/145_0005.jpg,144,145.motorbikes-101
data/raw/caltech256/256_ObjectCategories/145.motorbikes-101/145_0497.jpg,144,145.motorbikes-101
data/raw/caltech256/256_ObjectCategories/145.motorbikes-101/145_0453.jpg,144,145.motorbikes-101
data/raw/caltech256/256_ObjectCategories/145.motorbikes-101/145_0652.jpg,144,145.motorbikes-101
data/raw/caltech256/256_ObjectCategories/145.motorbikes-101/145_0133.jpg,144,145.motorbikes-101
data/raw/caltech256/256_ObjectCategories/145.motorbikes-101/145_0171.jpg,144,145.motorbikes-101
data/raw/caltech256/256_ObjectCategories/145.motorbikes-101/145_0778.jpg,144,145.motorbikes-101
data/raw/caltech256/256_ObjectCategories/145.motorbikes-101/145_0508.jpg,144,145.motorbikes-101
data/raw/caltech256/256_ObjectCategories/145.motorbikes-101/145_0115.jpg,144,145.motorbikes-101
data/raw/caltech256/256_ObjectCategories/145.motorbikes-101/145_0307.jpg,144,145.motorbikes-101
data/raw/caltech256/256_ObjectCategories/145.motorbikes-101/145_0289.jpg,144,145.motorbikes-101
data/raw/caltech256/256_ObjectCategories/145.motorbikes-101/145_0575.jpg,144,145.motorbikes-101
data/raw/caltech256/256_ObjectCategories/145.motorbikes-101/145_0154.jpg,144,145.motorbikes-101
data/raw/caltech256/256_ObjectCategories/145.motorbikes-101/145_0536.jpg,144,145.motorbikes-101
data/raw/caltech256/256_ObjectCategories/145.motorbikes-101/145_0141.jpg,144,145.motorbikes-101
data/raw/caltech256/256_ObjectCategories/145.motorbikes-101/145_0117.jpg,144,145.motorbikes-101
data/raw/caltech256/256_ObjectCategories/145.motorbikes-101/145_0431.jpg,144,145.motorbikes-101
data/raw/caltech256/256_ObjectCategories/145.motorbikes-101/145_0586.jpg,144,145.motorbikes-101
data/raw/caltech256/256_ObjectCategories/145.motorbikes-101/145_0584.jpg,144,145.motorbikes-101
data/raw/caltech256/256_ObjectCategories/145.motorbikes-101/145_0498.jpg,144,145.motorbikes-101
data/raw/caltech256/256_ObjectCategories/145.motorbikes-101/145_0602.jpg,144,145.motorbikes-101
data/raw/caltech256/256_ObjectCategories/145.motorbikes-101/145_0573.jpg,144,145.motorbikes-101
data/raw/caltech256/256_ObjectCategories/145.motorbikes-101/145_0789.jpg,144,145.motorbikes-101
data/raw/caltech256/256_ObjectCategories/145.motorbikes-101/145_0456.jpg,144,145.motorbikes-101
data/raw/caltech256/256_ObjectCategories/145.motorbikes-101/145_0044.jpg,144,145.motorbikes-101
data/raw/caltech256/256_ObjectCategories/145.motorbikes-101/145_0480.jpg,144,145.motorbikes-101
data/raw/caltech256/256_ObjectCategories/145.motorbikes-101/145_0479.jpg,144,145.motorbikes-101
data/raw/caltech256/256_ObjectCategories/145.motorbikes-101/145_0747.jpg,144,145.motorbikes-101
data/raw/caltech256/256_ObjectCategories/145.motorbikes-101/145_0759.jpg,144,145.motorbikes-101
data/raw/caltech256/256_ObjectCategories/145.motorbikes-101/145_0748.jpg,144,145.motorbikes-101
data/raw/caltech256/256_ObjectCategories/145.motorbikes-101/145_0776.jpg,144,145.motorbikes-101
data/raw/caltech256/256_ObjectCategories/145.motorbikes-101/145_0053.jpg,144,145.motorbikes-101
data/raw/caltech256/256_ObjectCategories/145.motorbikes-101/145_0727.jpg,144,145.motorbikes-101
data/raw/caltech256/256_ObjectCategories/145.motorbikes-101/145_0061.jpg,144,145.motorbikes-101
data/raw/caltech256/256_ObjectCategories/145.motorbikes-101/145_0408.jpg,144,145.motorbikes-101
data/raw/caltech256/256_ObjectCategories/145.motorbikes-101/145_0757.jpg,144,145.motorbikes-101
data/raw/caltech256/256_ObjectCategories/145.motorbikes-101/145_0624.jpg,144,145.motorbikes-101
data/raw/caltech256/256_ObjectCategories/145.motorbikes-101/145_0057.jpg,144,145.motorbikes-101
data/raw/caltech256/256_ObjectCategories/145.motorbikes-101/145_0427.jpg,144,145.motorbikes-101
data/raw/caltech256/256_ObjectCategories/145.motorbikes-101/145_0250.jpg,144,145.motorbikes-101
data/raw/caltech256/256_ObjectCategories/145.motorbikes-101/145_0056.jpg,144,145.motorbikes-101
data/raw/caltech256/256_ObjectCategories/145.motorbikes-101/145_0052.jpg,144,145.motorbikes-101
data/raw/caltech256/256_ObjectCategories/145.motorbikes-101/145_0730.jpg,144,145.motorbikes-101
data/raw/caltech256/256_ObjectCategories/145.motorbikes-101/145_0280.jpg,144,145.motorbikes-101
data/raw/caltech256/256_ObjectCategories/145.motorbikes-101/145_0091.jpg,144,145.motorbikes-101
data/raw/caltech256/256_ObjectCategories/145.motorbikes-101/145_0537.jpg,144,145.motorbikes-101
data/raw/caltech256/256_ObjectCategories/145.motorbikes-101/145_0230.jpg,144,145.motorbikes-101
data/raw/caltech256/256_ObjectCategories/145.motorbikes-101/145_0796.jpg,144,145.motorbikes-101
data/raw/caltech256/256_ObjectCategories/145.motorbikes-101/145_0317.jpg,144,145.motorbikes-101
data/raw/caltech256/256_ObjectCategories/145.motorbikes-101/145_0157.jpg,144,145.motorbikes-101
data/raw/caltech256/256_ObjectCategories/145.motorbikes-101/145_0633.jpg,144,145.motorbikes-101
data/raw/caltech256/256_ObjectCategories/145.motorbikes-101/145_0701.jpg,144,145.motorbikes-101
data/raw/caltech256/256_ObjectCategories/145.motorbikes-101/145_0265.jpg,144,145.motorbikes-101
data/raw/caltech256/256_ObjectCategories/145.motorbikes-101/145_0364.jpg,144,145.motorbikes-101
data/raw/caltech256/256_ObjectCategories/145.motorbikes-101/145_0251.jpg,144,145.motorbikes-101
data/raw/caltech256/256_ObjectCategories/145.motorbikes-101/145_0343.jpg,144,145.motorbikes-101
data/raw/caltech256/256_ObjectCategories/145.motorbikes-101/145_0096.jpg,144,145.motorbikes-101
data/raw/caltech256/256_ObjectCategories/145.motorbikes-101/145_0628.jpg,144,145.motorbikes-101
data/raw/caltech256/256_ObjectCategories/145.motorbikes-101/145_0411.jpg,144,145.motorbikes-101
data/raw/caltech256/256_ObjectCategories/145.motorbikes-101/145_0013.jpg,144,145.motorbikes-101
data/raw/caltech256/256_ObjectCategories/145.motorbikes-101/145_0585.jpg,144,145.motorbikes-101
data/raw/caltech256/256_ObjectCategories/145.motorbikes-101/145_0715.jpg,144,145.motorbikes-101
data/raw/caltech256/256_ObjectCategories/145.motorbikes-101/145_0555.jpg,144,145.motorbikes-101
data/raw/caltech256/256_ObjectCategories/145.motorbikes-101/145_0278.jpg,144,145.motorbikes-101
data/raw/caltech256/256_ObjectCategories/145.motorbikes-101/145_0100.jpg,144,145.motorbikes-101
data/raw/caltech256/256_ObjectCategories/145.motorbikes-101/145_0509.jpg,144,145.motorbikes-101
data/raw/caltech256/256_ObjectCategories/145.motorbikes-101/145_0269.jpg,144,145.motorbikes-101
data/raw/caltech256/256_ObjectCategories/145.motorbikes-101/145_0314.jpg,144,145.motorbikes-101
data/raw/caltech256/256_ObjectCategories/145.motorbikes-101/145_0436.jpg,144,145.motorbikes-101
data/raw/caltech256/256_ObjectCategories/145.motorbikes-101/145_0444.jpg,144,145.motorbikes-101
data/raw/caltech256/256_ObjectCategories/145.motorbikes-101/145_0754.jpg,144,145.motorbikes-101
data/raw/caltech256/256_ObjectCategories/145.motorbikes-101/145_0746.jpg,144,145.motorbikes-101
data/raw/caltech256/256_ObjectCategories/145.motorbikes-101/145_0189.jpg,144,145.motorbikes-101
data/raw/caltech256/256_ObjectCategories/145.motorbikes-101/145_0475.jpg,144,145.motorbikes-101
data/raw/caltech256/256_ObjectCategories/145.motorbikes-101/145_0620.jpg,144,145.motorbikes-101
data/raw/caltech256/256_ObjectCategories/145.motorbikes-101/145_0581.jpg,144,145.motorbikes-101
data/raw/caltech256/256_ObjectCategories/145.motorbikes-101/145_0400.jpg,144,145.motorbikes-101
data/raw/caltech256/256_ObjectCategories/145.motorbikes-101/145_0610.jpg,144,145.motorbikes-101
data/raw/caltech256/256_ObjectCategories/145.motorbikes-101/145_0116.jpg,144,145.motorbikes-101
data/raw/caltech256/256_ObjectCategories/145.motorbikes-101/145_0003.jpg,144,145.motorbikes-101
data/raw/caltech256/256_ObjectCategories/145.motorbikes-101/145_0183.jpg,144,145.motorbikes-101
data/raw/caltech256/256_ObjectCategories/145.motorbikes-101/145_0788.jpg,144,145.motorbikes-101
data/raw/caltech256/256_ObjectCategories/145.motorbikes-101/145_0689.jpg,144,145.motorbikes-101
data/raw/caltech256/256_ObjectCategories/145.motorbikes-101/145_0403.jpg,144,145.motorbikes-101
data/raw/caltech256/256_ObjectCategories/145.motorbikes-101/145_0481.jpg,144,145.motorbikes-101
data/raw/caltech256/256_ObjectCategories/145.motorbikes-101/145_0398.jpg,144,145.motorbikes-101
data/raw/caltech256/256_ObjectCategories/145.motorbikes-101/145_0323.jpg,144,145.motorbikes-101
data/raw/caltech256/256_ObjectCategories/145.motorbikes-101/145_0294.jpg,144,145.motorbikes-101
data/raw/caltech256/256_ObjectCategories/145.motorbikes-101/145_0386.jpg,144,145.motorbikes-101
data/raw/caltech256/256_ObjectCategories/146.mountain-bike/146_0063.jpg,145,146.mountain-bike
data/raw/caltech256/256_ObjectCategories/146.mountain-bike/146_0015.jpg,145,146.mountain-bike
data/raw/caltech256/256_ObjectCategories/146.mountain-bike/146_0040.jpg,145,146.mountain-bike
data/raw/caltech256/256_ObjectCategories/146.mountain-bike/146_0065.jpg,145,146.mountain-bike
data/raw/caltech256/256_ObjectCategories/146.mountain-bike/146_0077.jpg,145,146.mountain-bike
data/raw/caltech256/256_ObjectCategories/146.mountain-bike/146_0005.jpg,145,146.mountain-bike
data/raw/caltech256/256_ObjectCategories/146.mountain-bike/146_0072.jpg,145,146.mountain-bike
data/raw/caltech256/256_ObjectCategories/146.mountain-bike/146_0053.jpg,145,146.mountain-bike
data/raw/caltech256/256_ObjectCategories/146.mountain-bike/146_0042.jpg,145,146.mountain-bike
data/raw/caltech256/256_ObjectCategories/146.mountain-bike/146_0006.jpg,145,146.mountain-bike
data/raw/caltech256/256_ObjectCategories/146.mountain-bike/146_0080.jpg,145,146.mountain-bike
data/raw/caltech256/256_ObjectCategories/146.mountain-bike/146_0049.jpg,145,146.mountain-bike
data/raw/caltech256/256_ObjectCategories/146.mountain-bike/146_0066.jpg,145,146.mountain-bike
data/raw/caltech256/256_ObjectCategories/146.mountain-bike/146_0003.jpg,145,146.mountain-bike
data/raw/caltech256/256_ObjectCategories/146.mountain-bike/146_0048.jpg,145,146.mountain-bike
data/raw/caltech256/256_ObjectCategories/147.mushroom/147_0103.jpg,146,147.mushroom
data/raw/caltech256/256_ObjectCategories/147.mushroom/147_0136.jpg,146,147.mushroom
data/raw/caltech256/256_ObjectCategories/147.mushroom/147_0059.jpg,146,147.mushroom
data/raw/caltech256/256_ObjectCategories/147.mushroom/147_0176.jpg,146,147.mushroom
data/raw/caltech256/256_ObjectCategories/147.mushroom/147_0128.jpg,146,147.mushroom
data/raw/caltech256/256_ObjectCategories/147.mushroom/147_0007.jpg,146,147.mushroom
data/raw/caltech256/256_ObjectCategories/147.mushroom/147_0156.jpg,146,147.mushroom
data/raw/caltech256/256_ObjectCategories/147.mushroom/147_0127.jpg,146,147.mushroom
data/raw/caltech256/256_ObjectCategories/147.mushroom/147_0069.jpg,146,147.mushroom
data/raw/caltech256/256_ObjectCategories/147.mushroom/147_0082.jpg,146,147.mushroom
data/raw/caltech256/256_ObjectCategories/147.mushroom/147_0193.jpg,146,147.mushroom
data/raw/caltech256/256_ObjectCategories/147.mushroom/147_0195.jpg,146,147.mushroom
data/raw/caltech256/256_ObjectCategories/147.mushroom/147_0078.jpg,146,147.mushroom
data/raw/caltech256/256_ObjectCategories/147.mushroom/147_0008.jpg,146,147.mushroom
data/raw/caltech256/256_ObjectCategories/147.mushroom/147_0115.jpg,146,147.mushroom
data/raw/caltech256/256_ObjectCategories/147.mushroom/147_0014.jpg,146,147.mushroom
data/raw/caltech256/256_ObjectCategories/147.mushroom/147_0161.jpg,146,147.mushroom
data/raw/caltech256/256_ObjectCategories/147.mushroom/147_0089.jpg,146,147.mushroom
data/raw/caltech256/256_ObjectCategories/147.mushroom/147_0063.jpg,146,147.mushroom
data/raw/caltech256/256_ObjectCategories/147.mushroom/147_0185.jpg,146,147.mushroom
data/raw/caltech256/256_ObjectCategories/147.mushroom/147_0104.jpg,146,147.mushroom
data/raw/caltech256/256_ObjectCategories/147.mushroom/147_0060.jpg,146,147.mushroom
data/raw/caltech256/256_ObjectCategories/147.mushroom/147_0177.jpg,146,147.mushroom
data/raw/caltech256/256_ObjectCategories/147.mushroom/147_0133.jpg,146,147.mushroom
data/raw/caltech256/256_ObjectCategories/147.mushroom/147_0026.jpg,146,147.mushroom
data/raw/caltech256/256_ObjectCategories/147.mushroom/147_0081.jpg,146,147.mushroom
data/raw/caltech256/256_ObjectCategories/147.mushroom/147_0198.jpg,146,147.mushroom
data/raw/caltech256/256_ObjectCategories/147.mushroom/147_0190.jpg,146,147.mushroom
data/raw/caltech256/256_ObjectCategories/147.mushroom/147_0030.jpg,146,147.mushroom
data/raw/caltech256/256_ObjectCategories/147.mushroom/147_0098.jpg,146,147.mushroom
data/raw/caltech256/256_ObjectCategories/147.mushroom/147_0155.jpg,146,147.mushroom
data/raw/caltech256/256_ObjectCategories/147.mushroom/147_0183.jpg,146,147.mushroom
data/raw/caltech256/256_ObjectCategories/147.mushroom/147_0091.jpg,146,147.mushroom
data/raw/caltech256/256_ObjectCategories/147.mushroom/147_0029.jpg,146,147.mushroom
data/raw/caltech256/256_ObjectCategories/147.mushroom/147_0055.jpg,146,147.mushroom
data/raw/caltech256/256_ObjectCategories/147.mushroom/147_0031.jpg,146,147.mushroom
data/raw/caltech256/256_ObjectCategories/148.mussels/148_0080.jpg,147,148.mussels
data/raw/caltech256/256_ObjectCategories/148.mussels/148_0142.jpg,147,148.mussels
data/raw/caltech256/256_ObjectCategories/148.mussels/148_0032.jpg,147,148.mussels
data/raw/caltech256/256_ObjectCategories/148.mussels/148_0145.jpg,147,148.mussels
data/raw/caltech256/256_ObjectCategories/148.mussels/148_0164.jpg,147,148.mussels
data/raw/caltech256/256_ObjectCategories/148.mussels/148_0067.jpg,147,148.mussels
data/raw/caltech256/256_ObjectCategories/148.mussels/148_0026.jpg,147,148.mussels
data/raw/caltech256/256_ObjectCategories/148.mussels/148_0012.jpg,147,148.mussels
data/raw/caltech256/256_ObjectCategories/148.mussels/148_0022.jpg,147,148.mussels
data/raw/caltech256/256_ObjectCategories/148.mussels/148_0136.jpg,147,148.mussels
data/raw/caltech256/256_ObjectCategories/148.mussels/148_0097.jpg,147,148.mussels
data/raw/caltech256/256_ObjectCategories/148.mussels/148_0042.jpg,147,148.mussels
data/raw/caltech256/256_ObjectCategories/148.mussels/148_0100.jpg,147,148.mussels
data/raw/caltech256/256_ObjectCategories/148.mussels/148_0167.jpg,147,148.mussels
data/raw/caltech256/256_ObjectCategories/148.mussels/148_0098.jpg,147,148.mussels
data/raw/caltech256/256_ObjectCategories/148.mussels/148_0174.jpg,147,148.mussels
data/raw/caltech256/256_ObjectCategories/148.mussels/148_0070.jpg,147,148.mussels
data/raw/caltech256/256_ObjectCategories/148.mussels/148_0049.jpg,147,148.mussels
data/raw/caltech256/256_ObjectCategories/148.mussels/148_0126.jpg,147,148.mussels
data/raw/caltech256/256_ObjectCategories/148.mussels/148_0135.jpg,147,148.mussels
data/raw/caltech256/256_ObjectCategories/148.mussels/148_0173.jpg,147,148.mussels
data/raw/caltech256/256_ObjectCategories/148.mussels/148_0089.jpg,147,148.mussels
data/raw/caltech256/256_ObjectCategories/148.mussels/148_0076.jpg,147,148.mussels
data/raw/caltech256/256_ObjectCategories/148.mussels/148_0120.jpg,147,148.mussels
data/raw/caltech256/256_ObjectCategories/148.mussels/148_0143.jpg,147,148.mussels
data/raw/caltech256/256_ObjectCategories/148.mussels/148_0110.jpg,147,148.mussels
data/raw/caltech256/256_ObjectCategories/148.mussels/148_0159.jpg,147,148.mussels
data/raw/caltech256/256_ObjectCategories/148.mussels/148_0066.jpg,147,148.mussels
data/raw/caltech256/256_ObjectCategories/148.mussels/148_0071.jpg,147,148.mussels
data/raw/caltech256/256_ObjectCategories/148.mussels/148_0040.jpg,147,148.mussels
data/raw/caltech256/256_ObjectCategories/148.mussels/148_0017.jpg,147,148.mussels
data/raw/caltech256/256_ObjectCategories/149.necktie/149_0017.jpg,148,149.necktie
data/raw/caltech256/256_ObjectCategories/149.necktie/149_0021.jpg,148,149.necktie
data/raw/caltech256/256_ObjectCategories/149.necktie/149_0050.jpg,148,149.necktie
data/raw/caltech256/256_ObjectCategories/149.necktie/149_0035.jpg,148,149.necktie
data/raw/caltech256/256_ObjectCategories/149.necktie/149_0071.jpg,148,149.necktie
data/raw/caltech256/256_ObjectCategories/149.necktie/149_0088.jpg,148,149.necktie
data/raw/caltech256/256_ObjectCategories/149.necktie/149_0042.jpg,148,149.necktie
data/raw/caltech256/256_ObjectCategories/149.necktie/149_0073.jpg,148,149.necktie
data/raw/caltech256/256_ObjectCategories/149.necktie/149_0085.jpg,148,149.necktie
data/raw/caltech256/256_ObjectCategories/149.necktie/149_0059.jpg,148,149.necktie
data/raw/caltech256/256_ObjectCategories/149.necktie/149_0040.jpg,148,149.necktie
data/raw/caltech256/256_ObjectCategories/149.necktie/149_0008.jpg,148,149.necktie
data/raw/caltech256/256_ObjectCategories/149.necktie/149_0036.jpg,148,149.necktie
data/raw/caltech256/256_ObjectCategories/149.necktie/149_0048.jpg,148,149.necktie
data/raw/caltech256/256_ObjectCategories/149.necktie/149_0052.jpg,148,149.necktie
data/raw/caltech256/256_ObjectCategories/149.necktie/149_0051.jpg,148,149.necktie
data/raw/caltech256/256_ObjectCategories/149.necktie/149_0046.jpg,148,149.necktie
data/raw/caltech256/256_ObjectCategories/149.necktie/149_0007.jpg,148,149.necktie
data/raw/caltech256/256_ObjectCategories/150.octopus/150_0028.jpg,149,150.octopus
data/raw/caltech256/256_ObjectCategories/150.octopus/150_0049.jpg,149,150.octopus
data/raw/caltech256/256_ObjectCategories/150.octopus/150_0032.jpg,149,150.octopus
data/raw/caltech256/256_ObjectCategories/150.octopus/150_0021.jpg,149,150.octopus
data/raw/caltech256/256_ObjectCategories/150.octopus/150_0110.jpg,149,150.octopus
data/raw/caltech256/256_ObjectCategories/150.octopus/150_0038.jpg,149,150.octopus
data/raw/caltech256/256_ObjectCategories/150.octopus/150_0094.jpg,149,150.octopus
data/raw/caltech256/256_ObjectCategories/150.octopus/150_0018.jpg,149,150.octopus
data/raw/caltech256/256_ObjectCategories/150.octopus/150_0023.jpg,149,150.octopus
data/raw/caltech256/256_ObjectCategories/150.octopus/150_0014.jpg,149,150.octopus
data/raw/caltech256/256_ObjectCategories/150.octopus/150_0012.jpg,149,150.octopus
data/raw/caltech256/256_ObjectCategories/150.octopus/150_0031.jpg,149,150.octopus
data/raw/caltech256/256_ObjectCategories/150.octopus/150_0106.jpg,149,150.octopus
data/raw/caltech256/256_ObjectCategories/150.octopus/150_0092.jpg,149,150.octopus
data/raw/caltech256/256_ObjectCategories/150.octopus/150_0011.jpg,149,150.octopus
data/raw/caltech256/256_ObjectCategories/150.octopus/150_0091.jpg,149,150.octopus
data/raw/caltech256/256_ObjectCategories/150.octopus/150_0027.jpg,149,150.octopus
data/raw/caltech256/256_ObjectCategories/150.octopus/150_0061.jpg,149,150.octopus
data/raw/caltech256/256_ObjectCategories/150.octopus/150_0050.jpg,149,150.octopus
data/raw/caltech256/256_ObjectCategories/150.octopus/150_0001.jpg,149,150.octopus
data/raw/caltech256/256_ObjectCategories/151.ostrich/151_0107.jpg,150,151.ostrich
data/raw/caltech256/256_ObjectCategories/151.ostrich/151_0036.jpg,150,151.ostrich
data/raw/caltech256/256_ObjectCategories/151.ostrich/151_0045.jpg,150,151.ostrich
data/raw/caltech256/256_ObjectCategories/151.ostrich/151_0067.jpg,150,151.ostrich
data/raw/caltech256/256_ObjectCategories/151.ostrich/151_0030.jpg,150,151.ostrich
data/raw/caltech256/256_ObjectCategories/151.ostrich/151_0096.jpg,150,151.ostrich
data/raw/caltech256/256_ObjectCategories/151.ostrich/151_0026.jpg,150,151.ostrich
data/raw/caltech256/256_ObjectCategories/151.ostrich/151_0085.jpg,150,151.ostrich
data/raw/caltech256/256_ObjectCategories/151.ostrich/151_0101.jpg,150,151.ostrich
data/raw/caltech256/256_ObjectCategories/151.ostrich/151_0034.jpg,150,151.ostrich
data/raw/caltech256/256_ObjectCategories/151.ostrich/151_0097.jpg,150,151.ostrich
data/raw/caltech256/256_ObjectCategories/151.ostrich/151_0088.jpg,150,151.ostrich
data/raw/caltech256/256_ObjectCategories/151.ostrich/151_0047.jpg,150,151.ostrich
data/raw/caltech256/256_ObjectCategories/151.ostrich/151_0032.jpg,150,151.ostrich
data/raw/caltech256/256_ObjectCategories/151.ostrich/151_0082.jpg,150,151.ostrich
data/raw/caltech256/256_ObjectCategories/151.ostrich/151_0008.jpg,150,151.ostrich
data/raw/caltech256/256_ObjectCategories/151.ostrich/151_0019.jpg,150,151.ostrich
data/raw/caltech256/256_ObjectCategories/151.ostrich/151_0091.jpg,150,151.ostrich
data/raw/caltech256/256_ObjectCategories/151.ostrich/151_0012.jpg,150,151.ostrich
data/raw/caltech256/256_ObjectCategories/152.owl/152_0013.jpg,151,152.owl
data/raw/caltech256/256_ObjectCategories/152.owl/152_0096.jpg,151,152.owl
data/raw/caltech256/256_ObjectCategories/152.owl/152_0022.jpg,151,152.owl
data/raw/caltech256/256_ObjectCategories/152.owl/152_0108.jpg,151,152.owl
data/raw/caltech256/256_ObjectCategories/152.owl/152_0008.jpg,151,152.owl
data/raw/caltech256/256_ObjectCategories/152.owl/152_0036.jpg,151,152.owl
data/raw/caltech256/256_ObjectCategories/152.owl/152_0111.jpg,151,152.owl
data/raw/caltech256/256_ObjectCategories/152.owl/152_0009.jpg,151,152.owl
data/raw/caltech256/256_ObjectCategories/152.owl/152_0088.jpg,151,152.owl
data/raw/caltech256/256_ObjectCategories/152.owl/152_0048.jpg,151,152.owl
data/raw/caltech256/256_ObjectCategories/152.owl/152_0055.jpg,151,152.owl
data/raw/caltech256/256_ObjectCategories/152.owl/152_0004.jpg,151,152.owl
data/raw/caltech256/256_ObjectCategories/152.owl/152_0005.jpg,151,152.owl
data/raw/caltech256/256_ObjectCategories/152.owl/152_0078.jpg,151,152.owl
data/raw/caltech256/256_ObjectCategories/152.owl/152_0080.jpg,151,152.owl
data/raw/caltech256/256_ObjectCategories/152.owl/152_0046.jpg,151,152.owl
data/raw/caltech256/256_ObjectCategories/152.owl/152_0109.jpg,151,152.owl
data/raw/caltech256/256_ObjectCategories/152.owl/152_0006.jpg,151,152.owl
data/raw/caltech256/256_ObjectCategories/152.owl/152_0070.jpg,151,152.owl
data/raw/caltech256/256_ObjectCategories/152.owl/152_0097.jpg,151,152.owl
data/raw/caltech256/256_ObjectCategories/152.owl/152_0093.jpg,151,152.owl
data/raw/caltech256/256_ObjectCategories/153.palm-pilot/153_0088.jpg,152,153.palm-pilot
data/raw/caltech256/256_ObjectCategories/153.palm-pilot/153_0063.jpg,152,153.palm-pilot
data/raw/caltech256/256_ObjectCategories/153.palm-pilot/153_0075.jpg,152,153.palm-pilot
data/raw/caltech256/256_ObjectCategories/153.palm-pilot/153_0016.jpg,152,153.palm-pilot
data/raw/caltech256/256_ObjectCategories/153.palm-pilot/153_0031.jpg,152,153.palm-pilot
data/raw/caltech256/256_ObjectCategories/153.palm-pilot/153_0092.jpg,152,153.palm-pilot
data/raw/caltech256/256_ObjectCategories/153.palm-pilot/153_0036.jpg,152,153.palm-pilot
data/raw/caltech256/256_ObjectCategories/153.palm-pilot/153_0086.jpg,152,153.palm-pilot
data/raw/caltech256/256_ObjectCategories/153.palm-pilot/153_0007.jpg,152,153.palm-pilot
data/raw/caltech256/256_ObjectCategories/153.palm-pilot/153_0052.jpg,152,153.palm-pilot
data/raw/caltech256/256_ObjectCategories/153.palm-pilot/153_0021.jpg,152,153.palm-pilot
data/raw/caltech256/256_ObjectCategories/153.palm-pilot/153_0069.jpg,152,153.palm-pilot
data/raw/caltech256/256_ObjectCategories/153.palm-pilot/153_0076.jpg,152,153.palm-pilot
data/raw/caltech256/256_ObjectCategories/153.palm-pilot/153_0091.jpg,152,153.palm-pilot
data/raw/caltech256/256_ObjectCategories/153.palm-pilot/153_0008.jpg,152,153.palm-pilot
data/raw/caltech256/256_ObjectCategories/153.palm-pilot/153_0054.jpg,152,153.palm-pilot
data/raw/caltech256/256_ObjectCategories/153.palm-pilot/153_0047.jpg,152,153.palm-pilot
data/raw/caltech256/256_ObjectCategories/154.palm-tree/154_0025.jpg,153,154.palm-tree
data/raw/caltech256/256_ObjectCategories/154.palm-tree/154_0033.jpg,153,154.palm-tree
data/raw/caltech256/256_ObjectCategories/154.palm-tree/154_0094.jpg,153,154.palm-tree
data/raw/caltech256/256_ObjectCategories/154.palm-tree/154_0018.jpg,153,154.palm-tree
data/raw/caltech256/256_ObjectCategories/154.palm-tree/154_0083.jpg,153,154.palm-tree
data/raw/caltech256/256_ObjectCategories/154.palm-tree/154_0085.jpg,153,154.palm-tree
data/raw/caltech256/256_ObjectCategories/154.palm-tree/154_0038.jpg,153,154.palm-tree
data/raw/caltech256/256_ObjectCategories/154.palm-tree/154_0067.jpg,153,154.palm-tree
data/raw/caltech256/256_ObjectCategories/154.palm-tree/154_0012.jpg,153,154.palm-tree
data/raw/caltech256/256_ObjectCategories/154.palm-tree/154_0062.jpg,153,154.palm-tree
data/raw/caltech256/256_ObjectCategories/154.palm-tree/154_0015.jpg,153,154.palm-tree
data/raw/caltech256/256_ObjectCategories/154.palm-tree/154_0017.jpg,153,154.palm-tree
data/raw/caltech256/256_ObjectCategories/154.palm-tree/154_0005.jpg,153,154.palm-tree
data/raw/caltech256/256_ObjectCategories/154.palm-tree/154_0041.jpg,153,154.palm-tree
data/raw/caltech256/256_ObjectCategories/154.palm-tree/154_0002.jpg,153,154.palm-tree
data/raw/caltech256/256_ObjectCategories/154.palm-tree/154_0024.jpg,153,154.palm-tree
data/raw/caltech256/256_ObjectCategories/154.palm-tree/154_0103.jpg,153,154.palm-tree
data/raw/caltech256/256_ObjectCategories/154.palm-tree/154_0065.jpg,153,154.palm-tree
data/raw/caltech256/256_ObjectCategories/155.paperclip/155_0079.jpg,154,155.paperclip
data/raw/caltech256/256_ObjectCategories/155.paperclip/155_0024.jpg,154,155.paperclip
data/raw/caltech256/256_ObjectCategories/155.paperclip/155_0060.jpg,154,155.paperclip
data/raw/caltech256/256_ObjectCategories/155.paperclip/155_0002.jpg,154,155.paperclip
data/raw/caltech256/256_ObjectCategories/155.paperclip/155_0075.jpg,154,155.paperclip
data/raw/caltech256/256_ObjectCategories/155.paperclip/155_0030.jpg,154,155.paperclip
data/raw/caltech256/256_ObjectCategories/155.paperclip/155_0028.jpg,154,155.paperclip
data/raw/caltech256/256_ObjectCategories/155.paperclip/155_0003.jpg,154,155.paperclip
data/raw/caltech256/256_ObjectCategories/155.paperclip/155_0018.jpg,154,155.paperclip
data/raw/caltech256/256_ObjectCategories/155.paperclip/155_0038.jpg,154,155.paperclip
data/raw/caltech256/256_ObjectCategories/155.paperclip/155_0037.jpg,154,155.paperclip
data/raw/caltech256/256_ObjectCategories/155.paperclip/155_0009.jpg,154,155.paperclip
data/raw/caltech256/256_ObjectCategories/155.paperclip/155_0067.jpg,154,155.paperclip
data/raw/caltech256/256_ObjectCategories/155.paperclip/155_0050.jpg,154,155.paperclip
data/raw/caltech256/256_ObjectCategories/155.paperclip/155_0077.jpg,154,155.paperclip
data/raw/caltech256/256_ObjectCategories/155.paperclip/155_0051.jpg,154,155.paperclip
data/raw/caltech256/256_ObjectCategories/155.paperclip/155_0021.jpg,154,155.paperclip
data/raw/caltech256/256_ObjectCategories/156.paper-shredder/156_0047.jpg,155,156.paper-shredder
data/raw/caltech256/256_ObjectCategories/156.paper-shredder/156_0056.jpg,155,156.paper-shredder
data/raw/caltech256/256_ObjectCategories/156.paper-shredder/156_0004.jpg,155,156.paper-shredder
data/raw/caltech256/256_ObjectCategories/156.paper-shredder/156_0052.jpg,155,156.paper-shredder
data/raw/caltech256/256_ObjectCategories/156.paper-shredder/156_0053.jpg,155,156.paper-shredder
data/raw/caltech256/256_ObjectCategories/156.paper-shredder/156_0023.jpg,155,156.paper-shredder
data/raw/caltech256/256_ObjectCategories/156.paper-shredder/156_0075.jpg,155,156.paper-shredder
data/raw/caltech256/256_ObjectCategories/156.paper-shredder/156_0012.jpg,155,156.paper-shredder
data/raw/caltech256/256_ObjectCategories/156.paper-shredder/156_0029.jpg,155,156.paper-shredder
data/raw/caltech256/256_ObjectCategories/156.paper-shredder/156_0081.jpg,155,156.paper-shredder
data/raw/caltech256/256_ObjectCategories/156.paper-shredder/156_0037.jpg,155,156.paper-shredder
data/raw/caltech256/256_ObjectCategories/156.paper-shredder/156_0089.jpg,155,156.paper-shredder
data/raw/caltech256/256_ObjectCategories/156.paper-shredder/156_0046.jpg,155,156.paper-shredder
data/raw/caltech256/256_ObjectCategories/156.paper-shredder/156_0069.jpg,155,156.paper-shredder
data/raw/caltech256/256_ObjectCategories/156.paper-shredder/156_0078.jpg,155,156.paper-shredder
data/raw/caltech256/256_ObjectCategories/156.paper-shredder/156_0008.jpg,155,156.paper-shredder
data/raw/caltech256/256_ObjectCategories/156.paper-shredder/156_0063.jpg,155,156.paper-shredder
data/raw/caltech256/256_ObjectCategories/157.pci-card/157_0077.jpg,156,157.pci-card
data/raw/caltech256/256_ObjectCategories/157.pci-card/157_0014.jpg,156,157.pci-card
data/raw/caltech256/256_ObjectCategories/157.pci-card/157_0081.jpg,156,157.pci-card
data/raw/caltech256/256_ObjectCategories/157.pci-card/157_0016.jpg,156,157.pci-card
data/raw/caltech256/256_ObjectCategories/157.pci-card/157_0079.jpg,156,157.pci-card
data/raw/caltech256/256_ObjectCategories/157.pci-card/157_0054.jpg,156,157.pci-card
data/raw/caltech256/256_ObjectCategories/157.pci-card/157_0019.jpg,156,157.pci-card
data/raw/caltech256/256_ObjectCategories/157.pci-card/157_0074.jpg,156,157.pci-card
data/raw/caltech256/256_ObjectCategories/157.pci-card/157_0035.jpg,156,157.pci-card
data/raw/caltech256/256_ObjectCategories/157.pci-card/157_0098.jpg,156,157.pci-card
data/raw/caltech256/256_ObjectCategories/157.pci-card/157_0028.jpg,156,157.pci-card
data/raw/caltech256/256_ObjectCategories/157.pci-card/157_0025.jpg,156,157.pci-card
data/raw/caltech256/256_ObjectCategories/157.pci-card/157_0086.jpg,156,157.pci-card
data/raw/caltech256/256_ObjectCategories/157.pci-card/157_0052.jpg,156,157.pci-card
data/raw/caltech256/256_ObjectCategories/157.pci-card/157_0007.jpg,156,157.pci-card
data/raw/caltech256/256_ObjectCategories/157.pci-card/157_0059.jpg,156,157.pci-card
data/raw/caltech256/256_ObjectCategories/157.pci-card/157_0018.jpg,156,157.pci-card
data/raw/caltech256/256_ObjectCategories/157.pci-card/157_0093.jpg,156,157.pci-card
data/raw/caltech256/256_ObjectCategories/157.pci-card/157_0105.jpg,156,157.pci-card
data/raw/caltech256/256_ObjectCategories/158.penguin/158_0121.jpg,157,158.penguin
data/raw/caltech256/256_ObjectCategories/158.penguin/158_0018.jpg,157,158.penguin
data/raw/caltech256/256_ObjectCategories/158.penguin/158_0004.jpg,157,158.penguin
data/raw/caltech256/256_ObjectCategories/158.penguin/158_0096.jpg,157,158.penguin
data/raw/caltech256/256_ObjectCategories/158.penguin/158_0141.jpg,157,158.penguin
data/raw/caltech256/256_ObjectCategories/158.penguin/158_0092.jpg,157,158.penguin
data/raw/caltech256/256_ObjectCategories/158.penguin/158_0149.jpg,157,158.penguin
data/raw/caltech256/256_ObjectCategories/158.penguin/158_0033.jpg,157,158.penguin
data/raw/caltech256/256_ObjectCategories/158.penguin/158_0112.jpg,157,158.penguin
data/raw/caltech256/256_ObjectCategories/158.penguin/158_0038.jpg,157,158.penguin
data/raw/caltech256/256_ObjectCategories/158.penguin/158_0040.jpg,157,158.penguin
data/raw/caltech256/256_ObjectCategories/158.penguin/158_0084.jpg,157,158.penguin
data/raw/caltech256/256_ObjectCategories/158.penguin/158_0066.jpg,157,158.penguin
data/raw/caltech256/256_ObjectCategories/158.penguin/158_0023.jpg,157,158.penguin
data/raw/caltech256/256_ObjectCategories/158.penguin/158_0007.jpg,157,158.penguin
data/raw/caltech256/256_ObjectCategories/158.penguin/158_0003.jpg,157,158.penguin
data/raw/caltech256/256_ObjectCategories/158.penguin/158_0005.jpg,157,158.penguin
data/raw/caltech256/256_ObjectCategories/158.penguin/158_0020.jpg,157,158.penguin
data/raw/caltech256/256_ObjectCategories/158.penguin/158_0093.jpg,157,158.penguin
data/raw/caltech256/256_ObjectCategories/158.penguin/158_0097.jpg,157,158.penguin
data/raw/caltech256/256_ObjectCategories/158.penguin/158_0029.jpg,157,158.penguin
data/raw/caltech256/256_ObjectCategories/158.penguin/158_0057.jpg,157,158.penguin
data/raw/caltech256/256_ObjectCategories/158.penguin/158_0079.jpg,157,158.penguin
data/raw/caltech256/256_ObjectCategories/158.penguin/158_0010.jpg,157,158.penguin
data/raw/caltech256/256_ObjectCategories/158.penguin/158_0017.jpg,157,158.penguin
data/raw/caltech256/256_ObjectCategories/158.penguin/158_0065.jpg,157,158.penguin
data/raw/caltech256/256_ObjectCategories/159.people/159_0007.jpg,158,159.people
data/raw/caltech256/256_ObjectCategories/159.people/159_0111.jpg,158,159.people
data/raw/caltech256/256_ObjectCategories/159.people/159_0097.jpg,158,159.people
data/raw/caltech256/256_ObjectCategories/159.people/159_0177.jpg,158,159.people
data/raw/caltech256/256_ObjectCategories/159.people/159_0167.jpg,158,159.people
data/raw/caltech256/256_ObjectCategories/159.people/159_0192.jpg,158,159.people
data/raw/caltech256/256_ObjectCategories/159.people/159_0178.jpg,158,159.people
data/raw/caltech256/256_ObjectCategories/159.people/159_0139.jpg,158,159.people
data/raw/caltech256/256_ObjectCategories/159.people/159_0003.jpg,158,159.people
data/raw/caltech256/256_ObjectCategories/159.people/159_0138.jpg,158,159.people
data/raw/caltech256/256_ObjectCategories/159.people/159_0191.jpg,158,159.people
data/raw/caltech256/256_ObjectCategories/159.people/159_0044.jpg,158,159.people
data/raw/caltech256/256_ObjectCategories/159.people/159_0189.jpg,158,159.people
data/raw/caltech256/256_ObjectCategories/159.people/159_0156.jpg,158,159.people
data/raw/caltech256/256_ObjectCategories/159.people/159_0071.jpg,158,159.people
data/raw/caltech256/256_ObjectCategories/159.people/159_0074.jpg,158,159.people
data/raw/caltech256/256_ObjectCategories/159.people/159_0148.jpg,158,159.people
data/raw/caltech256/256_ObjectCategories/159.people/159_0205.jpg,158,159.people
data/raw/caltech256/256_ObjectCategories/159.people/159_0099.jpg,158,159.people
data/raw/caltech256/256_ObjectCategories/159.people/159_0093.jpg,158,159.people
data/raw/caltech256/256_ObjectCategories/159.people/159_0124.jpg,158,159.people
data/raw/caltech256/256_ObjectCategories/159.people/159_0045.jpg,158,159.people
data/raw/caltech256/256_ObjectCategories/159.people/159_0147.jpg,158,159.people
data/raw/caltech256/256_ObjectCategories/159.people/159_0089.jpg,158,159.people
data/raw/caltech256/256_ObjectCategories/159.people/159_0006.jpg,158,159.people
data/raw/caltech256/256_ObjectCategories/159.people/159_0136.jpg,158,159.people
data/raw/caltech256/256_ObjectCategories/159.people/159_0067.jpg,158,159.people
data/raw/caltech256/256_ObjectCategories/159.people/159_0049.jpg,158,159.people
data/raw/caltech256/256_ObjectCategories/159.people/159_0150.jpg,158,159.people
data/raw/caltech256/256_ObjectCategories/159.people/159_0173.jpg,158,159.people
data/raw/caltech256/256_ObjectCategories/159.people/159_0106.jpg,158,159.people
data/raw/caltech256/256_ObjectCategories/159.people/159_0085.jpg,158,159.people
data/raw/caltech256/256_ObjectCategories/159.people/159_0060.jpg,158,159.people
data/raw/caltech256/256_ObjectCategories/159.people/159_0087.jpg,158,159.people
data/raw/caltech256/256_ObjectCategories/159.people/159_0183.jpg,158,159.people
data/raw/caltech256/256_ObjectCategories/159.people/159_0170.jpg,158,159.people
data/raw/caltech256/256_ObjectCategories/159.people/159_0133.jpg,158,159.people
data/raw/caltech256/256_ObjectCategories/160.pez-dispenser/160_0058.jpg,159,160.pez-dispenser
data/raw/caltech256/256_ObjectCategories/160.pez-dispenser/160_0032.jpg,159,160.pez-dispenser
data/raw/caltech256/256_ObjectCategories/160.pez-dispenser/160_0036.jpg,159,160.pez-dispenser
data/raw/caltech256/256_ObjectCategories/160.pez-dispenser/160_0005.jpg,159,160.pez-dispenser
data/raw/caltech256/256_ObjectCategories/160.pez-dispenser/160_0080.jpg,159,160.pez-dispenser
data/raw/caltech256/256_ObjectCategories/160.pez-dispenser/160_0072.jpg,159,160.pez-dispenser
data/raw/caltech256/256_ObjectCategories/160.pez-dispenser/160_0067.jpg,159,160.pez-dispenser
data/raw/caltech256/256_ObjectCategories/160.pez-dispenser/160_0059.jpg,159,160.pez-dispenser
data/raw/caltech256/256_ObjectCategories/160.pez-dispenser/160_0064.jpg,159,160.pez-dispenser
data/raw/caltech256/256_ObjectCategories/160.pez-dispenser/160_0040.jpg,159,160.pez-dispenser
data/raw/caltech256/256_ObjectCategories/160.pez-dispenser/160_0073.jpg,159,160.pez-dispenser
data/raw/caltech256/256_ObjectCategories/160.pez-dispenser/160_0074.jpg,159,160.pez-dispenser
data/raw/caltech256/256_ObjectCategories/160.pez-dispenser/160_0068.jpg,159,160.pez-dispenser
data/raw/caltech256/256_ObjectCategories/160.pez-dispenser/160_0020.jpg,159,160.pez-dispenser
data/raw/caltech256/256_ObjectCategories/160.pez-dispenser/160_0076.jpg,159,160.pez-dispenser
data/raw/caltech256/256_ObjectCategories/161.photocopier/161_0037.jpg,160,161.photocopier
data/raw/caltech256/256_ObjectCategories/161.photocopier/161_0012.jpg,160,161.photocopier
data/raw/caltech256/256_ObjectCategories/161.photocopier/161_0083.jpg,160,161.photocopier
data/raw/caltech256/256_ObjectCategories/161.photocopier/161_0018.jpg,160,161.photocopier
data/raw/caltech256/256_ObjectCategories/161.photocopier/161_0031.jpg,160,161.photocopier
data/raw/caltech256/256_ObjectCategories/161.photocopier/161_0010.jpg,160,161.photocopier
data/raw/caltech256/256_ObjectCategories/161.photocopier/161_0070.jpg,160,161.photocopier
data/raw/caltech256/256_ObjectCategories/161.photocopier/161_0101.jpg,160,161.photocopier
data/raw/caltech256/256_ObjectCategories/161.photocopier/161_0019.jpg,160,161.photocopier
data/raw/caltech256/256_ObjectCategories/161.photocopier/161_0053.jpg,160,161.photocopier
data/raw/caltech256/256_ObjectCategories/161.photocopier/161_0044.jpg,160,161.photocopier
data/raw/caltech256/256_ObjectCategories/161.photocopier/161_0057.jpg,160,161.photocopier
data/raw/caltech256/256_ObjectCategories/161.photocopier/161_0002.jpg,160,161.photocopier
data/raw/caltech256/256_ObjectCategories/161.photocopier/161_0055.jpg,160,161.photocopier
data/raw/caltech256/256_ObjectCategories/161.photocopier/161_0021.jpg,160,161.photocopier
data/raw/caltech256/256_ObjectCategories/161.photocopier/161_0080.jpg,160,161.photocopier
data/raw/caltech256/256_ObjectCategories/161.photocopier/161_0059.jpg,160,161.photocopier
data/raw/caltech256/256_ObjectCategories/161.photocopier/161_0076.jpg,160,161.photocopier
data/raw/caltech256/256_ObjectCategories/162.picnic-table/162_0061.jpg,161,162.picnic-table
data/raw/caltech256/256_ObjectCategories/162.picnic-table/162_0045.jpg,161,162.picnic-table
data/raw/caltech256/256_ObjectCategories/162.picnic-table/162_0031.jpg,161,162.picnic-table
data/raw/caltech256/256_ObjectCategories/162.picnic-table/162_0089.jpg,161,162.picnic-table
data/raw/caltech256/256_ObjectCategories/162.picnic-table/162_0017.jpg,161,162.picnic-table
data/raw/caltech256/256_ObjectCategories/162.picnic-table/162_0084.jpg,161,162.picnic-table
data/raw/caltech256/256_ObjectCategories/162.picnic-table/162_0022.jpg,161,162.picnic-table
data/raw/caltech256/256_ObjectCategories/162.picnic-table/162_0085.jpg,161,162.picnic-table
data/raw/caltech256/256_ObjectCategories/162.picnic-table/162_0048.jpg,161,162.picnic-table
data/raw/caltech256/256_ObjectCategories/162.picnic-table/162_0055.jpg,161,162.picnic-table
data/raw/caltech256/256_ObjectCategories/162.picnic-table/162_0032.jpg,161,162.picnic-table
data/raw/caltech256/256_ObjectCategories/162.picnic-table/162_0070.jpg,161,162.picnic-table
data/raw/caltech256/256_ObjectCategories/162.picnic-table/162_0037.jpg,161,162.picnic-table
data/raw/caltech256/256_ObjectCategories/162.picnic-table/162_0028.jpg,161,162.picnic-table
data/raw/caltech256/256_ObjectCategories/162.picnic-table/162_0019.jpg,161,162.picnic-table
data/raw/caltech256/256_ObjectCategories/162.picnic-table/162_0091.jpg,161,162.picnic-table
data/raw/caltech256/256_ObjectCategories/163.playing-card/163_0031.jpg,162,163.playing-card
data/raw/caltech256/256_ObjectCategories/163.playing-card/163_0085.jpg,162,163.playing-card
data/raw/caltech256/256_ObjectCategories/163.playing-card/163_0021.jpg,162,163.playing-card
data/raw/caltech256/256_ObjectCategories/163.playing-card/163_0074.jpg,162,163.playing-card
data/raw/caltech256/256_ObjectCategories/163.playing-card/163_0032.jpg,162,163.playing-card
data/raw/caltech256/256_ObjectCategories/163.playing-card/163_0040.jpg,162,163.playing-card
data/raw/caltech256/256_ObjectCategories/163.playing-card/163_0059.jpg,162,163.playing-card
data/raw/caltech256/256_ObjectCategories/163.playing-card/163_0034.jpg,162,163.playing-card
data/raw/caltech256/256_ObjectCategories/163.playing-card/163_0073.jpg,162,163.playing-card
data/raw/caltech256/256_ObjectCategories/163.playing-card/163_0061.jpg,162,163.playing-card
data/raw/caltech256/256_ObjectCategories/163.playing-card/163_0070.jpg,162,163.playing-card
data/raw/caltech256/256_ObjectCategories/163.playing-card/163_0030.jpg,162,163.playing-card
data/raw/caltech256/256_ObjectCategories/163.playing-card/163_0088.jpg,162,163.playing-card
data/raw/caltech256/256_ObjectCategories/163.playing-card/163_0058.jpg,162,163.playing-card
data/raw/caltech256/256_ObjectCategories/163.playing-card/163_0022.jpg,162,163.playing-card
data/raw/caltech256/256_ObjectCategories/163.playing-card/163_0089.jpg,162,163.playing-card
data/raw/caltech256/256_ObjectCategories/164.porcupine/164_0060.jpg,163,164.porcupine
data/raw/caltech256/256_ObjectCategories/164.porcupine/164_0074.jpg,163,164.porcupine
data/raw/caltech256/256_ObjectCategories/164.porcupine/164_0094.jpg,163,164.porcupine
data/raw/caltech256/256_ObjectCategories/164.porcupine/164_0076.jpg,163,164.porcupine
data/raw/caltech256/256_ObjectCategories/164.porcupine/164_0044.jpg,163,164.porcupine
data/raw/caltech256/256_ObjectCategories/164.porcupine/164_0088.jpg,163,164.porcupine
data/raw/caltech256/256_ObjectCategories/164.porcupine/164_0062.jpg,163,164.porcupine
data/raw/caltech256/256_ObjectCategories/164.porcupine/164_0008.jpg,163,164.porcupine
data/raw/caltech256/256_ObjectCategories/164.porcupine/164_0039.jpg,163,164.porcupine
data/raw/caltech256/256_ObjectCategories/164.porcupine/164_0041.jpg,163,164.porcupine
data/raw/caltech256/256_ObjectCategories/164.porcupine/164_0015.jpg,163,164.porcupine
data/raw/caltech256/256_ObjectCategories/164.porcupine/164_0048.jpg,163,164.porcupine
data/raw/caltech256/256_ObjectCategories/164.porcupine/164_0065.jpg,163,164.porcupine
data/raw/caltech256/256_ObjectCategories/164.porcupine/164_0093.jpg,163,164.porcupine
data/raw/caltech256/256_ObjectCategories/164.porcupine/164_0069.jpg,163,164.porcupine
data/raw/caltech256/256_ObjectCategories/164.porcupine/164_0056.jpg,163,164.porcupine
data/raw/caltech256/256_ObjectCategories/164.porcupine/164_0016.jpg,163,164.porcupine
data/raw/caltech256/256_ObjectCategories/164.porcupine/164_0014.jpg,163,164.porcupine
data/raw/caltech256/256_ObjectCategories/165.pram/165_0013.jpg,164,165.pram
data/raw/caltech256/256_ObjectCategories/165.pram/165_0004.jpg,164,165.pram
data/raw/caltech256/256_ObjectCategories/165.pram/165_0049.jpg,164,165.pram
data/raw/caltech256/256_ObjectCategories/165.pram/165_0027.jpg,164,165.pram
data/raw/caltech256/256_ObjectCategories/165.pram/165_0066.jpg,164,165.pram
data/raw/caltech256/256_ObjectCategories/165.pram/165_0063.jpg,164,165.pram
data/raw/caltech256/256_ObjectCategories/165.pram/165_0043.jpg,164,165.pram
data/raw/caltech256/256_ObjectCategories/165.pram/165_0028.jpg,164,165.pram
data/raw/caltech256/256_ObjectCategories/165.pram/165_0023.jpg,164,165.pram
data/raw/caltech256/256_ObjectCategories/165.pram/165_0051.jpg,164,165.pram
data/raw/caltech256/256_ObjectCategories/165.pram/165_0085.jpg,164,165.pram
data/raw/caltech256/256_ObjectCategories/165.pram/165_0033.jpg,164,165.pram
data/raw/caltech256/256_ObjectCategories/165.pram/165_0061.jpg,164,165.pram
data/raw/caltech256/256_ObjectCategories/165.pram/165_0015.jpg,164,165.pram
data/raw/caltech256/256_ObjectCategories/165.pram/165_0076.jpg,164,165.pram
data/raw/caltech256/256_ObjectCategories/165.pram/165_0026.jpg,164,165.pram
data/raw/caltech256/256_ObjectCategories/166.praying-mantis/166_0021.jpg,165,166.praying-mantis
data/raw/caltech256/256_ObjectCategories/166.praying-mantis/166_0025.jpg,165,166.praying-mantis
data/raw/caltech256/256_ObjectCategories/166.praying-mantis/166_0053.jpg,165,166.praying-mantis
data/raw/caltech256/256_ObjectCategories/166.praying-mantis/166_0023.jpg,165,166.praying-mantis
data/raw/caltech256/256_ObjectCategories/166.praying-mantis/166_0045.jpg,165,166.praying-mantis
data/raw/caltech256/256_ObjectCategories/166.praying-mantis/166_0044.jpg,165,166.praying-mantis
data/raw/caltech256/256_ObjectCategories/166.praying-mantis/166_0048.jpg,165,166.praying-mantis
data/raw/caltech256/256_ObjectCategories/166.praying-mantis/166_0007.jpg,165,166.praying-mantis
data/raw/caltech256/256_ObjectCategories/166.praying-mantis/166_0009.jpg,165,166.praying-mantis
data/raw/caltech256/256_ObjectCategories/166.praying-mantis/166_0078.jpg,165,166.praying-mantis
data/raw/caltech256/256_ObjectCategories/166.praying-mantis/166_0018.jpg,165,166.praying-mantis
data/raw/caltech256/256_ObjectCategories/166.praying-mantis/166_0002.jpg,165,166.praying-mantis
data/raw/caltech256/256_ObjectCategories/166.praying-mantis/166_0041.jpg,165,166.praying-mantis
data/raw/caltech256/256_ObjectCategories/166.praying-mantis/166_0030.jpg,165,166.praying-mantis
data/raw/caltech256/256_ObjectCategories/166.praying-mantis/166_0010.jpg,165,166.praying-mantis
data/raw/caltech256/256_ObjectCategories/166.praying-mantis/166_0014.jpg,165,166.praying-mantis
data/raw/caltech256/256_ObjectCategories/166.praying-mantis/166_0066.jpg,165,166.praying-mantis
data/raw/caltech256/256_ObjectCategories/167.pyramid/167_0002.jpg,166,167.pyramid
data/raw/caltech256/256_ObjectCategories/167.pyramid/167_0048.jpg,166,167.pyramid
data/raw/caltech256/256_ObjectCategories/167.pyramid/167_0034.jpg,166,167.pyramid
data/raw/caltech256/256_ObjectCategories/167.pyramid/167_0070.jpg,166,167.pyramid
data/raw/caltech256/256_ObjectCategories/167.pyramid/167_0039.jpg,166,167.pyramid
data/raw/caltech256/256_ObjectCategories/167.pyramid/167_0054.jpg,166,167.pyramid
data/raw/caltech256/256_ObjectCategories/167.pyramid/167_0024.jpg,166,167.pyramid
data/raw/caltech256/256_ObjectCategories/167.pyramid/167_0056.jpg,166,167.pyramid
data/raw/caltech256/256_ObjectCategories/167.pyramid/167_0067.jpg,166,167.pyramid
data/raw/caltech256/256_ObjectCategories/167.pyramid/167_0027.jpg,166,167.pyramid
data/raw/caltech256/256_ObjectCategories/167.pyramid/167_0040.jpg,166,167.pyramid
data/raw/caltech256/256_ObjectCategories/167.pyramid/167_0068.jpg,166,167.pyramid
data/raw/caltech256/256_ObjectCategories/167.pyramid/167_0046.jpg,166,167.pyramid
data/raw/caltech256/256_ObjectCategories/167.pyramid/167_0025.jpg,166,167.pyramid
data/raw/caltech256/256_ObjectCategories/167.pyramid/167_0030.jpg,166,167.pyramid
data/raw/caltech256/256_ObjectCategories/168.raccoon/168_0065.jpg,167,168.raccoon
data/raw/caltech256/256_ObjectCategories/168.raccoon/168_0093.jpg,167,168.raccoon
data/raw/caltech256/256_ObjectCategories/168.raccoon/168_0085.jpg,167,168.raccoon
data/raw/caltech256/256_ObjectCategories/168.raccoon/168_0103.jpg,167,168.raccoon
data/raw/caltech256/256_ObjectCategories/168.raccoon/168_0109.jpg,167,168.raccoon
data/raw/caltech256/256_ObjectCategories/168.raccoon/168_0102.jpg,167,168.raccoon
data/raw/caltech256/256_ObjectCategories/168.raccoon/168_0045.jpg,167,168.raccoon
data/raw/caltech256/256_ObjectCategories/168.raccoon/168_0140.jpg,167,168.raccoon
data/raw/caltech256/256_ObjectCategories/168.raccoon/168_0131.jpg,167,168.raccoon
data/raw/caltech256/256_ObjectCategories/168.raccoon/168_0075.jpg,167,168.raccoon
data/raw/caltech256/256_ObjectCategories/168.raccoon/168_0106.jpg,167,168.raccoon
data/raw/caltech256/256_ObjectCategories/168.raccoon/168_0057.jpg,167,168.raccoon
data/raw/caltech256/256_ObjectCategories/168.raccoon/168_0063.jpg,167,168.raccoon
data/raw/caltech256/256_ObjectCategories/168.raccoon/168_0079.jpg,167,168.raccoon
data/raw/caltech256/256_ObjectCategories/168.raccoon/168_0066.jpg,167,168.raccoon
data/raw/caltech256/256_ObjectCategories/168.raccoon/168_0046.jpg,167,168.raccoon
data/raw/caltech256/256_ObjectCategories/168.raccoon/168_0047.jpg,167,168.raccoon
data/raw/caltech256/256_ObjectCategories/168.raccoon/168_0001.jpg,167,168.raccoon
data/raw/caltech256/256_ObjectCategories/168.raccoon/168_0136.jpg,167,168.raccoon
data/raw/caltech256/256_ObjectCategories/168.raccoon/168_0054.jpg,167,168.raccoon
data/raw/caltech256/256_ObjectCategories/168.raccoon/168_0010.jpg,167,168.raccoon
data/raw/caltech256/256_ObjectCategories/168.raccoon/168_0020.jpg,167,168.raccoon
data/raw/caltech256/256_ObjectCategories/168.raccoon/168_0081.jpg,167,168.raccoon
data/raw/caltech256/256_ObjectCategories/168.raccoon/168_0114.jpg,167,168.raccoon
data/raw/caltech256/256_ObjectCategories/168.raccoon/168_0095.jpg,167,168.raccoon
data/raw/caltech256/256_ObjectCategories/169.radio-telescope/169_0070.jpg,168,169.radio-telescope
data/raw/caltech256/256_ObjectCategories/169.radio-telescope/169_0018.jpg,168,169.radio-telescope
data/raw/caltech256/256_ObjectCategories/169.radio-telescope/169_0056.jpg,168,169.radio-telescope
data/raw/caltech256/256_ObjectCategories/169.radio-telescope/169_0016.jpg,168,169.radio-telescope
data/raw/caltech256/256_ObjectCategories/169.radio-telescope/169_0038.jpg,168,169.radio-telescope
data/raw/caltech256/256_ObjectCategories/169.radio-telescope/169_0043.jpg,168,169.radio-telescope
data/raw/caltech256/256_ObjectCategories/169.radio-telescope/169_0035.jpg,168,169.radio-telescope
data/raw/caltech256/256_ObjectCategories/169.radio-telescope/169_0046.jpg,168,169.radio-telescope
data/raw/caltech256/256_ObjectCategories/169.radio-telescope/169_0031.jpg,168,169.radio-telescope
data/raw/caltech256/256_ObjectCategories/169.radio-telescope/169_0039.jpg,168,169.radio-telescope
data/raw/caltech256/256_ObjectCategories/169.radio-telescope/169_0068.jpg,168,169.radio-telescope
data/raw/caltech256/256_ObjectCategories/169.radio-telescope/169_0084.jpg,168,169.radio-telescope
data/raw/caltech256/256_ObjectCategories/169.radio-telescope/169_0049.jpg,168,169.radio-telescope
data/raw/caltech256/256_ObjectCategories/169.radio-telescope/169_0077.jpg,168,169.radio-telescope
data/raw/caltech256/256_ObjectCategories/169.radio-telescope/169_0007.jpg,168,169.radio-telescope
data/raw/caltech256/256_ObjectCategories/169.radio-telescope/169_0004.jpg,168,169.radio-telescope
data/raw/caltech256/256_ObjectCategories/169.radio-telescope/169_0005.jpg,168,169.radio-telescope
data/raw/caltech256/256_ObjectCategories/170.rainbow/170_0073.jpg,169,170.rainbow
data/raw/caltech256/256_ObjectCategories/170.rainbow/170_0045.jpg,169,170.rainbow
data/raw/caltech256/256_ObjectCategories/170.rainbow/170_0050.jpg,169,170.rainbow
data/raw/caltech256/256_ObjectCategories/170.rainbow/170_0098.jpg,169,170.rainbow
data/raw/caltech256/256_ObjectCategories/170.rainbow/170_0058.jpg,169,170.rainbow
data/raw/caltech256/256_ObjectCategories/170.rainbow/170_0069.jpg,169,170.rainbow
data/raw/caltech256/256_ObjectCategories/170.rainbow/170_0088.jpg,169,170.rainbow
data/raw/caltech256/256_ObjectCategories/170.rainbow/170_0002.jpg,169,170.rainbow
data/raw/caltech256/256_ObjectCategories/170.rainbow/170_0043.jpg,169,170.rainbow
data/raw/caltech256/256_ObjectCategories/170.rainbow/170_0046.jpg,169,170.rainbow
data/raw/caltech256/256_ObjectCategories/170.rainbow/170_0089.jpg,169,170.rainbow
data/raw/caltech256/256_ObjectCategories/170.rainbow/170_0025.jpg,169,170.rainbow
data/raw/caltech256/256_ObjectCategories/170.rainbow/170_0062.jpg,169,170.rainbow
data/raw/caltech256/256_ObjectCategories/170.rainbow/170_0014.jpg,169,170.rainbow
data/raw/caltech256/256_ObjectCategories/170.rainbow/170_0047.jpg,169,170.rainbow
data/raw/caltech256/256_ObjectCategories/170.rainbow/170_0093.jpg,169,170.rainbow
data/raw/caltech256/256_ObjectCategories/170.rainbow/170_0074.jpg,169,170.rainbow
data/raw/caltech256/256_ObjectCategories/170.rainbow/170_0004.jpg,169,170.rainbow
data/raw/caltech256/256_ObjectCategories/171.refrigerator/171_0046.jpg,170,171.refrigerator
data/raw/caltech256/256_ObjectCategories/171.refrigerator/171_0040.jpg,170,171.refrigerator
data/raw/caltech256/256_ObjectCategories/171.refrigerator/171_0024.jpg,170,171.refrigerator
data/raw/caltech256/256_ObjectCategories/171.refrigerator/171_0003.jpg,170,171.refrigerator
data/raw/caltech256/256_ObjectCategories/171.refrigerator/171_0034.jpg,170,171.refrigerator
data/raw/caltech256/256_ObjectCategories/171.refrigerator/171_0075.jpg,170,171.refrigerator
data/raw/caltech256/256_ObjectCategories/171.refrigerator/171_0002.jpg,170,171.refrigerator
data/raw/caltech256/256_ObjectCategories/171.refrigerator/171_0025.jpg,170,171.refrigerator
data/raw/caltech256/256_ObjectCategories/171.refrigerator/171_0064.jpg,170,171.refrigerator
data/raw/caltech256/256_ObjectCategories/171.refrigerator/171_0061.jpg,170,171.refrigerator
data/raw/caltech256/256_ObjectCategories/171.refrigerator/171_0074.jpg,170,171.refrigerator
data/raw/caltech256/256_ObjectCategories/171.refrigerator/171_0084.jpg,170,171.refrigerator
data/raw/caltech256/256_ObjectCategories/171.refrigerator/171_0013.jpg,170,171.refrigerator
data/raw/caltech256/256_ObjectCategories/171.refrigerator/171_0076.jpg,170,171.refrigerator
data/raw/caltech256/256_ObjectCategories/171.refrigerator/171_0026.jpg,170,171.refrigerator
data/raw/caltech256/256_ObjectCategories/172.revolver-101/172_0088.jpg,171,172.revolver-101
data/raw/caltech256/256_ObjectCategories/172.revolver-101/172_0012.jpg,171,172.revolver-101
data/raw/caltech256/256_ObjectCategories/172.revolver-101/172_0057.jpg,171,172.revolver-101
data/raw/caltech256/256_ObjectCategories/172.revolver-101/172_0063.jpg,171,172.revolver-101
data/raw/caltech256/256_ObjectCategories/172.revolver-101/172_0086.jpg,171,172.revolver-101
data/raw/caltech256/256_ObjectCategories/172.revolver-101/172_0074.jpg,171,172.revolver-101
data/raw/caltech256/256_ObjectCategories/172.revolver-101/172_0080.jpg,171,172.revolver-101
data/raw/caltech256/256_ObjectCategories/172.revolver-101/172_0013.jpg,171,172.revolver-101
data/raw/caltech256/256_ObjectCategories/172.revolver-101/172_0089.jpg,171,172.revolver-101
data/raw/caltech256/256_ObjectCategories/172.revolver-101/172_0036.jpg,171,172.revolver-101
data/raw/caltech256/256_ObjectCategories/172.revolver-101/172_0049.jpg,171,172.revolver-101
data/raw/caltech256/256_ObjectCategories/172.revolver-101/172_0068.jpg,171,172.revolver-101
data/raw/caltech256/256_ObjectCategories/172.revolver-101/172_0051.jpg,171,172.revolver-101
data/raw/caltech256/256_ObjectCategories/172.revolver-101/172_0093.jpg,171,172.revolver-101
data/raw/caltech256/256_ObjectCategories/172.revolver-101/172_0099.jpg,171,172.revolver-101
data/raw/caltech256/256_ObjectCategories/172.revolver-101/172_0044.jpg,171,172.revolver-101
data/raw/caltech256/256_ObjectCategories/172.revolver-101/172_0047.jpg,171,172.revolver-101
data/raw/caltech256/256_ObjectCategories/172.revolver-101/172_0067.jpg,171,172.revolver-101
data/raw/caltech256/256_ObjectCategories/173.rifle/173_0005.jpg,172,173.rifle
data/raw/caltech256/256_ObjectCategories/173.rifle/173_0094.jpg,172,173.rifle
data/raw/caltech256/256_ObjectCategories/173.rifle/173_0106.jpg,172,173.rifle
data/raw/caltech256/256_ObjectCategories/173.rifle/173_0064.jpg,172,173.rifle
data/raw/caltech256/256_ObjectCategories/173.rifle/173_0096.jpg,172,173.rifle
data/raw/caltech256/256_ObjectCategories/173.rifle/173_0087.jpg,172,173.rifle
data/raw/caltech256/256_ObjectCategories/173.rifle/173_0029.jpg,172,173.rifle
data/raw/caltech256/256_ObjectCategories/173.rifle/173_0049.jpg,172,173.rifle
data/raw/caltech256/256_ObjectCategories/173.rifle/173_0045.jpg,172,173.rifle
data/raw/caltech256/256_ObjectCategories/173.rifle/173_0062.jpg,172,173.rifle
data/raw/caltech256/256_ObjectCategories/173.rifle/173_0012.jpg,172,173.rifle
data/raw/caltech256/256_ObjectCategories/173.rifle/173_0063.jpg,172,173.rifle
data/raw/caltech256/256_ObjectCategories/173.rifle/173_0007.jpg,172,173.rifle
data/raw/caltech256/256_ObjectCategories/173.rifle/173_0092.jpg,172,173.rifle
data/raw/caltech256/256_ObjectCategories/173.rifle/173_0001.jpg,172,173.rifle
data/raw/caltech256/256_ObjectCategories/173.rifle/173_0079.jpg,172,173.rifle
data/raw/caltech256/256_ObjectCategories/173.rifle/173_0068.jpg,172,173.rifle
data/raw/caltech256/256_ObjectCategories/173.rifle/173_0008.jpg,172,173.rifle
data/raw/caltech256/256_ObjectCategories/173.rifle/173_0083.jpg,172,173.rifle
data/raw/caltech256/256_ObjectCategories/174.rotary-phone/174_0075.jpg,173,174.rotary-phone
data/raw/caltech256/256_ObjectCategories/174.rotary-phone/174_0079.jpg,173,174.rotary-phone
data/raw/caltech256/256_ObjectCategories/174.rotary-phone/174_0002.jpg,173,174.rotary-phone
data/raw/caltech256/256_ObjectCategories/174.rotary-phone/174_0036.jpg,173,174.rotary-phone
data/raw/caltech256/256_ObjectCategories/174.rotary-phone/174_0048.jpg,173,174.rotary-phone
data/raw/caltech256/256_ObjectCategories/174.rotary-phone/174_0047.jpg,173,174.rotary-phone
data/raw/caltech256/256_ObjectCategories/174.rotary-phone/174_0068.jpg,173,174.rotary-phone
data/raw/caltech256/256_ObjectCategories/174.rotary-phone/174_0023.jpg,173,174.rotary-phone
data/raw/caltech256/256_ObjectCategories/174.rotary-phone/174_0070.jpg,173,174.rotary-phone
data/raw/caltech256/256_ObjectCategories/174.rotary-phone/174_0060.jpg,173,174.rotary-phone
data/raw/caltech256/256_ObjectCategories/174.rotary-phone/174_0081.jpg,173,174.rotary-phone
data/raw/caltech256/256_ObjectCategories/174.rotary-phone/174_0056.jpg,173,174.rotary-phone
data/raw/caltech256/256_ObjectCategories/174.rotary-phone/174_0055.jpg,173,174.rotary-phone
data/raw/caltech256/256_ObjectCategories/174.rotary-phone/174_0043.jpg,173,174.rotary-phone
data/raw/caltech256/256_ObjectCategories/174.rotary-phone/174_0003.jpg,173,174.rotary-phone
data/raw/caltech256/256_ObjectCategories/175.roulette-wheel/175_0067.jpg,174,175.roulette-wheel
data/raw/caltech256/256_ObjectCategories/175.roulette-wheel/175_0070.jpg,174,175.roulette-wheel
data/raw/caltech256/256_ObjectCategories/175.roulette-wheel/175_0032.jpg,174,175.roulette-wheel
data/raw/caltech256/256_ObjectCategories/175.roulette-wheel/175_0039.jpg,174,175.roulette-wheel
data/raw/caltech256/256_ObjectCategories/175.roulette-wheel/175_0083.jpg,174,175.roulette-wheel
data/raw/caltech256/256_ObjectCategories/175.roulette-wheel/175_0037.jpg,174,175.roulette-wheel
data/raw/caltech256/256_ObjectCategories/175.roulette-wheel/175_0061.jpg,174,175.roulette-wheel
data/raw/caltech256/256_ObjectCategories/175.roulette-wheel/175_0001.jpg,174,175.roulette-wheel
data/raw/caltech256/256_ObjectCategories/175.roulette-wheel/175_0017.jpg,174,175.roulette-wheel
data/raw/caltech256/256_ObjectCategories/175.roulette-wheel/175_0023.jpg,174,175.roulette-wheel
data/raw/caltech256/256_ObjectCategories/175.roulette-wheel/175_0049.jpg,174,175.roulette-wheel
data/raw/caltech256/256_ObjectCategories/175.roulette-wheel/175_0042.jpg,174,175.roulette-wheel
data/raw/caltech256/256_ObjectCategories/175.roulette-wheel/175_0010.jpg,174,175.roulette-wheel
data/raw/caltech256/256_ObjectCategories/175.roulette-wheel/175_0045.jpg,174,175.roulette-wheel
data/raw/caltech256/256_ObjectCategories/175.roulette-wheel/175_0011.jpg,174,175.roulette-wheel
data/raw/caltech256/256_ObjectCategories/176.saddle/176_0016.jpg,175,176.saddle
data/raw/caltech256/256_ObjectCategories/176.saddle/176_0094.jpg,175,176.saddle
data/raw/caltech256/256_ObjectCategories/176.saddle/176_0107.jpg,175,176.saddle
data/raw/caltech256/256_ObjectCategories/176.saddle/176_0046.jpg,175,176.saddle
data/raw/caltech256/256_ObjectCategories/176.saddle/176_0006.jpg,175,176.saddle
data/raw/caltech256/256_ObjectCategories/176.saddle/176_0091.jpg,175,176.saddle
data/raw/caltech256/256_ObjectCategories/176.saddle/176_0056.jpg,175,176.saddle
data/raw/caltech256/256_ObjectCategories/176.saddle/176_0105.jpg,175,176.saddle
data/raw/caltech256/256_ObjectCategories/176.saddle/176_0098.jpg,175,176.saddle
data/raw/caltech256/256_ObjectCategories/176.saddle/176_0015.jpg,175,176.saddle
data/raw/caltech256/256_ObjectCategories/176.saddle/176_0023.jpg,175,176.saddle
data/raw/caltech256/256_ObjectCategories/176.saddle/176_0005.jpg,175,176.saddle
data/raw/caltech256/256_ObjectCategories/176.saddle/176_0044.jpg,175,176.saddle
data/raw/caltech256/256_ObjectCategories/176.saddle/176_0028.jpg,175,176.saddle
data/raw/caltech256/256_ObjectCategories/176.saddle/176_0089.jpg,175,176.saddle
data/raw/caltech256/256_ObjectCategories/176.saddle/176_0007.jpg,175,176.saddle
data/raw/caltech256/256_ObjectCategories/176.saddle/176_0003.jpg,175,176.saddle
data/raw/caltech256/256_ObjectCategories/176.saddle/176_0037.jpg,175,176.saddle
data/raw/caltech256/256_ObjectCategories/176.saddle/176_0103.jpg,175,176.saddle
data/raw/caltech256/256_ObjectCategories/176.saddle/176_0029.jpg,175,176.saddle
data/raw/caltech256/256_ObjectCategories/177.saturn/177_0072.jpg,176,177.saturn
data/raw/caltech256/256_ObjectCategories/177.saturn/177_0047.jpg,176,177.saturn
data/raw/caltech256/256_ObjectCategories/177.saturn/177_0008.jpg,176,177.saturn
data/raw/caltech256/256_ObjectCategories/177.saturn/177_0053.jpg,176,177.saturn
data/raw/caltech256/256_ObjectCategories/177.saturn/177_0015.jpg,176,177.saturn
data/raw/caltech256/256_ObjectCategories/177.saturn/177_0036.jpg,176,177.saturn
data/raw/caltech256/256_ObjectCategories/177.saturn/177_0046.jpg,176,177.saturn
data/raw/caltech256/256_ObjectCategories/177.saturn/177_0010.jpg,176,177.saturn
data/raw/caltech256/256_ObjectCategories/177.saturn/177_0089.jpg,176,177.saturn
data/raw/caltech256/256_ObjectCategories/177.saturn/177_0079.jpg,176,177.saturn
data/raw/caltech256/256_ObjectCategories/177.saturn/177_0009.jpg,176,177.saturn
data/raw/caltech256/256_ObjectCategories/177.saturn/177_0091.jpg,176,177.saturn
data/raw/caltech256/256_ObjectCategories/177.saturn/177_0039.jpg,176,177.saturn
data/raw/caltech256/256_ObjectCategories/177.saturn/177_0078.jpg,176,177.saturn
data/raw/caltech256/256_ObjectCategories/177.saturn/177_0011.jpg,176,177.saturn
data/raw/caltech256/256_ObjectCategories/177.saturn/177_0058.jpg,176,177.saturn
data/raw/caltech256/256_ObjectCategories/177.saturn/177_0075.jpg,176,177.saturn
data/raw/caltech256/256_ObjectCategories/178.school-bus/178_0029.jpg,177,178.school-bus
data/raw/caltech256/256_ObjectCategories/178.school-bus/178_0027.jpg,177,178.school-bus
data/raw/caltech256/256_ObjectCategories/178.school-bus/178_0070.jpg,177,178.school-bus
data/raw/caltech256/256_ObjectCategories/178.school-bus/178_0047.jpg,177,178.school-bus
data/raw/caltech256/256_ObjectCategories/178.school-bus/178_0036.jpg,177,178.school-bus
data/raw/caltech256/256_ObjectCategories/178.school-bus/178_0097.jpg,177,178.school-bus
data/raw/caltech256/256_ObjectCategories/178.school-bus/178_0066.jpg,177,178.school-bus
data/raw/caltech256/256_ObjectCategories/178.school-bus/178_0087.jpg,177,178.school-bus
data/raw/caltech256/256_ObjectCategories/178.school-bus/178_0096.jpg,177,178.school-bus
data/raw/caltech256/256_ObjectCategories/178.school-bus/178_0054.jpg,177,178.school-bus
data/raw/caltech256/256_ObjectCategories/178.school-bus/178_0086.jpg,177,178.school-bus
data/raw/caltech256/256_ObjectCategories/178.school-bus/178_0018.jpg,177,178.school-bus
data/raw/caltech256/256_ObjectCategories/178.school-bus/178_0045.jpg,177,178.school-bus
data/raw/caltech256/256_ObjectCategories/178.school-bus/178_0057.jpg,177,178.school-bus
data/raw/caltech256/256_ObjectCategories/178.school-bus/178_0043.jpg,177,178.school-bus
data/raw/caltech256/256_ObjectCategories/178.school-bus/178_0088.jpg,177,178.school-bus
data/raw/caltech256/256_ObjectCategories/178.school-bus/178_0005.jpg,177,178.school-bus
data/raw/caltech256/256_ObjectCategories/179.scorpion-101/179_0045.jpg,178,179.scorpion-101
data/raw/caltech256/256_ObjectCategories/179.scorpion-101/179_0057.jpg,178,179.scorpion-101
data/raw/caltech256/256_ObjectCategories/179.scorpion-101/179_0002.jpg,178,179.scorpion-101
data/raw/caltech256/256_ObjectCategories/179.scorpion-101/179_0010.jpg,178,179.scorpion-101
data/raw/caltech256/256_ObjectCategories/179.scorpion-101/179_0048.jpg,178,179.scorpion-101
data/raw/caltech256/256_ObjectCategories/179.scorpion-101/179_0076.jpg,178,179.scorpion-101
data/raw/caltech256/256_ObjectCategories/179.scorpion-101/179_0028.jpg,178,179.scorpion-101
data/raw/caltech256/256_ObjectCategories/179.scorpion-101/179_0050.jpg,178,179.scorpion-101
data/raw/caltech256/256_ObjectCategories/179.scorpion-101/179_0021.jpg,178,179.scorpion-101
data/raw/caltech256/256_ObjectCategories/179.scorpion-101/179_0033.jpg,178,179.scorpion-101
data/raw/caltech256/256_ObjectCategories/179.scorpion-101/179_0043.jpg,178,179.scorpion-101
data/raw/caltech256/256_ObjectCategories/179.scorpion-101/179_0063.jpg,178,179.scorpion-101
data/raw/caltech256/256_ObjectCategories/179.scorpion-101/179_0027.jpg,178,179.scorpion-101
data/raw/caltech256/256_ObjectCategories/179.scorpion-101/179_0034.jpg,178,179.scorpion-101
data/raw/caltech256/256_ObjectCategories/180.screwdriver/180_0034.jpg,179,180.screwdriver
data/raw/caltech256/256_ObjectCategories/180.screwdriver/180_0030.jpg,179,180.screwdriver
data/raw/caltech256/256_ObjectCategories/180.screwdriver/180_0096.jpg,179,180.screwdriver
data/raw/caltech256/256_ObjectCategories/180.screwdriver/180_0040.jpg,179,180.screwdriver
data/raw/caltech256/256_ObjectCategories/180.screwdriver/180_0012.jpg,179,180.screwdriver
data/raw/caltech256/256_ObjectCategories/180.screwdriver/180_0015.jpg,179,180.screwdriver
data/raw/caltech256/256_ObjectCategories/180.screwdriver/180_0001.jpg,179,180.screwdriver
data/raw/caltech256/256_ObjectCategories/180.screwdriver/180_0070.jpg,179,180.screwdriver
data/raw/caltech256/256_ObjectCategories/180.screwdriver/180_0019.jpg,179,180.screwdriver
data/raw/caltech256/256_ObjectCategories/180.screwdriver/180_0036.jpg,179,180.screwdriver
data/raw/caltech256/256_ObjectCategories/180.screwdriver/180_0013.jpg,179,180.screwdriver
data/raw/caltech256/256_ObjectCategories/180.screwdriver/180_0011.jpg,179,180.screwdriver
data/raw/caltech256/256_ObjectCategories/180.screwdriver/180_0005.jpg,179,180.screwdriver
data/raw/caltech256/256_ObjectCategories/180.screwdriver/180_0009.jpg,179,180.screwdriver
data/raw/caltech256/256_ObjectCategories/180.screwdriver/180_0066.jpg,179,180.screwdriver
data/raw/caltech256/256_ObjectCategories/180.screwdriver/180_0004.jpg,179,180.screwdriver
data/raw/caltech256/256_ObjectCategories/180.screwdriver/180_0026.jpg,179,180.screwdriver
data/raw/caltech256/256_ObjectCategories/180.screwdriver/180_0060.jpg,179,180.screwdriver
data/raw/caltech256/256_ObjectCategories/181.segway/181_0045.jpg,180,181.segway
data/raw/caltech256/256_ObjectCategories/181.segway/181_0004.jpg,180,181.segway
data/raw/caltech256/256_ObjectCategories/181.segway/181_0083.jpg,180,181.segway
data/raw/caltech256/256_ObjectCategories/181.segway/181_0069.jpg,180,181.segway
data/raw/caltech256/256_ObjectCategories/181.segway/181_0043.jpg,180,181.segway
data/raw/caltech256/256_ObjectCategories/181.segway/181_0034.jpg,180,181.segway
data/raw/caltech256/256_ObjectCategories/181.segway/181_0071.jpg,180,181.segway
data/raw/caltech256/256_ObjectCategories/181.segway/181_0055.jpg,180,181.segway
data/raw/caltech256/256_ObjectCategories/181.segway/181_0070.jpg,180,181.segway
data/raw/caltech256/256_ObjectCategories/181.segway/181_0026.jpg,180,181.segway
data/raw/caltech256/256_ObjectCategories/181.segway/181_0017.jpg,180,181.segway
data/raw/caltech256/256_ObjectCategories/181.segway/181_0089.jpg,180,181.segway
data/raw/caltech256/256_ObjectCategories/181.segway/181_0003.jpg,180,181.segway
data/raw/caltech256/256_ObjectCategories/181.segway/181_0078.jpg,180,181.segway
data/raw/caltech256/256_ObjectCategories/181.segway/181_0007.jpg,180,181.segway
data/raw/caltech256/256_ObjectCategories/181.segway/181_0021.jpg,180,181.segway
data/raw/caltech256/256_ObjectCategories/181.segway/181_0052.jpg,180,181.segway
data/raw/caltech256/256_ObjectCategories/181.segway/181_0033.jpg,180,181.segway
data/raw/caltech256/256_ObjectCategories/182.self-propelled-lawn-mower/182_0106.jpg,181,182.self-propelled-lawn-mower
data/raw/caltech256/256_ObjectCategories/182.self-propelled-lawn-mower/182_0090.jpg,181,182.self-propelled-lawn-mower
data/raw/caltech256/256_ObjectCategories/182.self-propelled-lawn-mower/182_0006.jpg,181,182.self-propelled-lawn-mower
data/raw/caltech256/256_ObjectCategories/182.self-propelled-lawn-mower/182_0018.jpg,181,182.self-propelled-lawn-mower
data/raw/caltech256/256_ObjectCategories/182.self-propelled-lawn-mower/182_0030.jpg,181,182.self-propelled-lawn-mower
data/raw/caltech256/256_ObjectCategories/182.self-propelled-lawn-mower/182_0005.jpg,181,182.self-propelled-lawn-mower
data/raw/caltech256/256_ObjectCategories/182.self-propelled-lawn-mower/182_0062.jpg,181,182.self-propelled-lawn-mower
data/raw/caltech256/256_ObjectCategories/182.self-propelled-lawn-mower/182_0116.jpg,181,182.self-propelled-lawn-mower
data/raw/caltech256/256_ObjectCategories/182.self-propelled-lawn-mower/182_0001.jpg,181,182.self-propelled-lawn-mower
data/raw/caltech256/256_ObjectCategories/182.self-propelled-lawn-mower/182_0031.jpg,181,182.self-propelled-lawn-mower
data/raw/caltech256/256_ObjectCategories/182.self-propelled-lawn-mower/182_0071.jpg,181,182.self-propelled-lawn-mower
data/raw/caltech256/256_ObjectCategories/182.self-propelled-lawn-mower/182_0023.jpg,181,182.self-propelled-lawn-mower
data/raw/caltech256/256_ObjectCategories/182.self-propelled-lawn-mower/182_0024.jpg,181,182.self-propelled-lawn-mower
data/raw/caltech256/256_ObjectCategories/182.self-propelled-lawn-mower/182_0086.jpg,181,182.self-propelled-lawn-mower
data/raw/caltech256/256_ObjectCategories/182.self-propelled-lawn-mower/182_0042.jpg,181,182.self-propelled-lawn-mower
data/raw/caltech256/256_ObjectCategories/182.self-propelled-lawn-mower/182_0046.jpg,181,182.self-propelled-lawn-mower
data/raw/caltech256/256_ObjectCategories/182.self-propelled-lawn-mower/182_0010.jpg,181,182.self-propelled-lawn-mower
data/raw/caltech256/256_ObjectCategories/182.self-propelled-lawn-mower/182_0036.jpg,181,182.self-propelled-lawn-mower
data/raw/caltech256/256_ObjectCategories/182.self-propelled-lawn-mower/182_0049.jpg,181,182.self-propelled-lawn-mower
data/raw/caltech256/256_ObjectCategories/182.self-propelled-lawn-mower/182_0050.jpg,181,182.self-propelled-lawn-mower
data/raw/caltech256/256_ObjectCategories/182.self-propelled-lawn-mower/182_0056.jpg,181,182.self-propelled-lawn-mower
data/raw/caltech256/256_ObjectCategories/183.sextant/183_0066.jpg,182,183.sextant
data/raw/caltech256/256_ObjectCategories/183.sextant/183_0087.jpg,182,183.sextant
data/raw/caltech256/256_ObjectCategories/183.sextant/183_0044.jpg,182,183.sextant
data/raw/caltech256/256_ObjectCategories/183.sextant/183_0055.jpg,182,183.sextant
data/raw/caltech256/256_ObjectCategories/183.sextant/183_0031.jpg,182,183.sextant
data/raw/caltech256/256_ObjectCategories/183.sextant/183_0045.jpg,182,183.sextant
data/raw/caltech256/256_ObjectCategories/183.sextant/183_0059.jpg,182,183.sextant
data/raw/caltech256/256_ObjectCategories/183.sextant/183_0043.jpg,182,183.sextant
data/raw/caltech256/256_ObjectCategories/183.sextant/183_0029.jpg,182,183.sextant
data/raw/caltech256/256_ObjectCategories/183.sextant/183_0057.jpg,182,183.sextant
data/raw/caltech256/256_ObjectCategories/183.sextant/183_0089.jpg,182,183.sextant
data/raw/caltech256/256_ObjectCategories/183.sextant/183_0058.jpg,182,183.sextant
data/raw/caltech256/256_ObjectCategories/183.sextant/183_0080.jpg,182,183.sextant
data/raw/caltech256/256_ObjectCategories/183.sextant/183_0037.jpg,182,183.sextant
data/raw/caltech256/256_ObjectCategories/183.sextant/183_0085.jpg,182,183.sextant
data/raw/caltech256/256_ObjectCategories/183.sextant/183_0090.jpg,182,183.sextant
data/raw/caltech256/256_ObjectCategories/183.sextant/183_0005.jpg,182,183.sextant
data/raw/caltech256/256_ObjectCategories/183.sextant/183_0019.jpg,182,183.sextant
data/raw/caltech256/256_ObjectCategories/184.sheet-music/184_0010.jpg,183,184.sheet-music
data/raw/caltech256/256_ObjectCategories/184.sheet-music/184_0038.jpg,183,184.sheet-music
data/raw/caltech256/256_ObjectCategories/184.sheet-music/184_0020.jpg,183,184.sheet-music
data/raw/caltech256/256_ObjectCategories/184.sheet-music/184_0045.jpg,183,184.sheet-music
data/raw/caltech256/256_ObjectCategories/184.sheet-music/184_0030.jpg,183,184.sheet-music
data/raw/caltech256/256_ObjectCategories/184.sheet-music/184_0008.jpg,183,184.sheet-music
data/raw/caltech256/256_ObjectCategories/184.sheet-music/184_0005.jpg,183,184.sheet-music
data/raw/caltech256/256_ObjectCategories/184.sheet-music/184_0012.jpg,183,184.sheet-music
data/raw/caltech256/256_ObjectCategories/184.sheet-music/184_0013.jpg,183,184.sheet-music
data/raw/caltech256/256_ObjectCategories/184.sheet-music/184_0053.jpg,183,184.sheet-music
data/raw/caltech256/256_ObjectCategories/184.sheet-music/184_0011.jpg,183,184.sheet-music
data/raw/caltech256/256_ObjectCategories/184.sheet-music/184_0009.jpg,183,184.sheet-music
data/raw/caltech256/256_ObjectCategories/184.sheet-music/184_0076.jpg,183,184.sheet-music
data/raw/caltech256/256_ObjectCategories/184.sheet-music/184_0059.jpg,183,184.sheet-music
data/raw/caltech256/256_ObjectCategories/184.sheet-music/184_0018.jpg,183,184.sheet-music
data/raw/caltech256/256_ObjectCategories/185.skateboard/185_0022.jpg,184,185.skateboard
data/raw/caltech256/256_ObjectCategories/185.skateboard/185_0041.jpg,184,185.skateboard
data/raw/caltech256/256_ObjectCategories/185.skateboard/185_0007.jpg,184,185.skateboard
data/raw/caltech256/256_ObjectCategories/185.skateboard/185_0046.jpg,184,185.skateboard
data/raw/caltech256/256_ObjectCategories/185.skateboard/185_0071.jpg,184,185.skateboard
data/raw/caltech256/256_ObjectCategories/185.skateboard/185_0021.jpg,184,185.skateboard
data/raw/caltech256/256_ObjectCategories/185.skateboard/185_0081.jpg,184,185.skateboard
data/raw/caltech256/256_ObjectCategories/185.skateboard/185_0011.jpg,184,185.skateboard
data/raw/caltech256/256_ObjectCategories/185.skateboard/185_0088.jpg,184,185.skateboard
data/raw/caltech256/256_ObjectCategories/185.skateboard/185_0019.jpg,184,185.skateboard
data/raw/caltech256/256_ObjectCategories/185.skateboard/185_0103.jpg,184,185.skateboard
data/raw/caltech256/256_ObjectCategories/185.skateboard/185_0037.jpg,184,185.skateboard
data/raw/caltech256/256_ObjectCategories/185.skateboard/185_0078.jpg,184,185.skateboard
data/raw/caltech256/256_ObjectCategories/185.skateboard/185_0005.jpg,184,185.skateboard
data/raw/caltech256/256_ObjectCategories/185.skateboard/185_0030.jpg,184,185.skateboard
data/raw/caltech256/256_ObjectCategories/185.skateboard/185_0042.jpg,184,185.skateboard
data/raw/caltech256/256_ObjectCategories/185.skateboard/185_0059.jpg,184,185.skateboard
data/raw/caltech256/256_ObjectCategories/185.skateboard/185_0024.jpg,184,185.skateboard
data/raw/caltech256/256_ObjectCategories/186.skunk/186_0036.jpg,185,186.skunk
data/raw/caltech256/256_ObjectCategories/186.skunk/186_0011.jpg,185,186.skunk
data/raw/caltech256/256_ObjectCategories/186.skunk/186_0046.jpg,185,186.skunk
data/raw/caltech256/256_ObjectCategories/186.skunk/186_0079.jpg,185,186.skunk
data/raw/caltech256/256_ObjectCategories/186.skunk/186_0033.jpg,185,186.skunk
data/raw/caltech256/256_ObjectCategories/186.skunk/186_0072.jpg,185,186.skunk
data/raw/caltech256/256_ObjectCategories/186.skunk/186_0004.jpg,185,186.skunk
data/raw/caltech256/256_ObjectCategories/186.skunk/186_0042.jpg,185,186.skunk
data/raw/caltech256/256_ObjectCategories/186.skunk/186_0031.jpg,185,186.skunk
data/raw/caltech256/256_ObjectCategories/186.skunk/186_0055.jpg,185,186.skunk
data/raw/caltech256/256_ObjectCategories/186.skunk/186_0006.jpg,185,186.skunk
data/raw/caltech256/256_ObjectCategories/186.skunk/186_0068.jpg,185,186.skunk
data/raw/caltech256/256_ObjectCategories/186.skunk/186_0066.jpg,185,186.skunk
data/raw/caltech256/256_ObjectCategories/186.skunk/186_0008.jpg,185,186.skunk
data/raw/caltech256/256_ObjectCategories/186.skunk/186_0012.jpg,185,186.skunk
data/raw/caltech256/256_ObjectCategories/187.skyscraper/187_0092.jpg,186,187.skyscraper
data/raw/caltech256/256_ObjectCategories/187.skyscraper/187_0066.jpg,186,187.skyscraper
data/raw/caltech256/256_ObjectCategories/187.skyscraper/187_0023.jpg,186,187.skyscraper
data/raw/caltech256/256_ObjectCategories/187.skyscraper/187_0073.jpg,186,187.skyscraper
data/raw/caltech256/256_ObjectCategories/187.skyscraper/187_0013.jpg,186,187.skyscraper
data/raw/caltech256/256_ObjectCategories/187.skyscraper/187_0047.jpg,186,187.skyscraper
data/raw/caltech256/256_ObjectCategories/187.skyscraper/187_0045.jpg,186,187.skyscraper
data/raw/caltech256/256_ObjectCategories/187.skyscraper/187_0095.jpg,186,187.skyscraper
data/raw/caltech256/256_ObjectCategories/187.skyscraper/187_0078.jpg,186,187.skyscraper
data/raw/caltech256/256_ObjectCategories/187.skyscraper/187_0041.jpg,186,187.skyscraper
data/raw/caltech256/256_ObjectCategories/187.skyscraper/187_0033.jpg,186,187.skyscraper
data/raw/caltech256/256_ObjectCategories/187.skyscraper/187_0046.jpg,186,187.skyscraper
data/raw/caltech256/256_ObjectCategories/187.skyscraper/187_0010.jpg,186,187.skyscraper
data/raw/caltech256/256_ObjectCategories/187.skyscraper/187_0003.jpg,186,187.skyscraper
data/raw/caltech256/256_ObjectCategories/187.skyscraper/187_0091.jpg,186,187.skyscraper
data/raw/caltech256/256_ObjectCategories/187.skyscraper/187_0059.jpg,186,187.skyscraper
data/raw/caltech256/256_ObjectCategories/187.skyscraper/187_0070.jpg,186,187.skyscraper
data/raw/caltech256/256_ObjectCategories/188.smokestack/188_0009.jpg,187,188.smokestack
data/raw/caltech256/256_ObjectCategories/188.smokestack/188_0043.jpg,187,188.smokestack
data/raw/caltech256/256_ObjectCategories/188.smokestack/188_0054.jpg,187,188.smokestack
data/raw/caltech256/256_ObjectCategories/188.smokestack/188_0061.jpg,187,188.smokestack
data/raw/caltech256/256_ObjectCategories/188.smokestack/188_0071.jpg,187,188.smokestack
data/raw/caltech256/256_ObjectCategories/188.smokestack/188_0041.jpg,187,188.smokestack
data/raw/caltech256/256_ObjectCategories/188.smokestack/188_0072.jpg,187,188.smokestack
data/raw/caltech256/256_ObjectCategories/188.smokestack/188_0055.jpg,187,188.smokestack
data/raw/caltech256/256_ObjectCategories/188.smokestack/188_0010.jpg,187,188.smokestack
data/raw/caltech256/256_ObjectCategories/188.smokestack/188_0044.jpg,187,188.smokestack
data/raw/caltech256/256_ObjectCategories/188.smokestack/188_0032.jpg,187,188.smokestack
data/raw/caltech256/256_ObjectCategories/188.smokestack/188_0079.jpg,187,188.smokestack
data/raw/caltech256/256_ObjectCategories/188.smokestack/188_0035.jpg,187,188.smokestack
data/raw/caltech256/256_ObjectCategories/188.smokestack/188_0031.jpg,187,188.smokestack
data/raw/caltech256/256_ObjectCategories/188.smokestack/188_0047.jpg,187,188.smokestack
data/raw/caltech256/256_ObjectCategories/188.smokestack/188_0059.jpg,187,188.smokestack
data/raw/caltech256/256_ObjectCategories/189.snail/189_0029.jpg,188,189.snail
data/raw/caltech256/256_ObjectCategories/189.snail/189_0023.jpg,188,189.snail
data/raw/caltech256/256_ObjectCategories/189.snail/189_0099.jpg,188,189.snail
data/raw/caltech256/256_ObjectCategories/189.snail/189_0050.jpg,188,189.snail
data/raw/caltech256/256_ObjectCategories/189.snail/189_0111.jpg,188,189.snail
data/raw/caltech256/256_ObjectCategories/189.snail/189_0067.jpg,188,189.snail
data/raw/caltech256/256_ObjectCategories/189.snail/189_0102.jpg,188,189.snail
data/raw/caltech256/256_ObjectCategories/189.snail/189_0019.jpg,188,189.snail
data/raw/caltech256/256_ObjectCategories/189.snail/189_0076.jpg,188,189.snail
data/raw/caltech256/256_ObjectCategories/189.snail/189_0015.jpg,188,189.snail
data/raw/caltech256/256_ObjectCategories/189.snail/189_0002.jpg,188,189.snail
data/raw/caltech256/256_ObjectCategories/189.snail/189_0103.jpg,188,189.snail
data/raw/caltech256/256_ObjectCategories/189.snail/189_0069.jpg,188,189.snail
data/raw/caltech256/256_ObjectCategories/189.snail/189_0011.jpg,188,189.snail
data/raw/caltech256/256_ObjectCategories/189.snail/189_0066.jpg,188,189.snail
data/raw/caltech256/256_ObjectCategories/189.snail/189_0043.jpg,188,189.snail
data/raw/caltech256/256_ObjectCategories/189.snail/189_0033.jpg,188,189.snail
data/raw/caltech256/256_ObjectCategories/189.snail/189_0036.jpg,188,189.snail
data/raw/caltech256/256_ObjectCategories/189.snail/189_0119.jpg,188,189.snail
data/raw/caltech256/256_ObjectCategories/189.snail/189_0046.jpg,188,189.snail
data/raw/caltech256/256_ObjectCategories/189.snail/189_0090.jpg,188,189.snail
data/raw/caltech256/256_ObjectCategories/190.snake/190_0052.jpg,189,190.snake
data/raw/caltech256/256_ObjectCategories/190.snake/190_0089.jpg,189,190.snake
data/raw/caltech256/256_ObjectCategories/190.snake/190_0023.jpg,189,190.snake
data/raw/caltech256/256_ObjectCategories/190.snake/190_0074.jpg,189,190.snake
data/raw/caltech256/256_ObjectCategories/190.snake/190_0026.jpg,189,190.snake
data/raw/caltech256/256_ObjectCategories/190.snake/190_0060.jpg,189,190.snake
data/raw/caltech256/256_ObjectCategories/190.snake/190_0109.jpg,189,190.snake
data/raw/caltech256/256_ObjectCategories/190.snake/190_0099.jpg,189,190.snake
data/raw/caltech256/256_ObjectCategories/190.snake/190_0010.jpg,189,190.snake
data/raw/caltech256/256_ObjectCategories/190.snake/190_0027.jpg,189,190.snake
data/raw/caltech256/256_ObjectCategories/190.snake/190_0048.jpg,189,190.snake
data/raw/caltech256/256_ObjectCategories/190.snake/190_0013.jpg,189,190.snake
data/raw/caltech256/256_ObjectCategories/190.snake/190_0033.jpg,189,190.snake
data/raw/caltech256/256_ObjectCategories/190.snake/190_0084.jpg,189,190.snake
data/raw/caltech256/256_ObjectCategories/190.snake/190_0038.jpg,189,190.snake
data/raw/caltech256/256_ObjectCategories/190.snake/190_0067.jpg,189,190.snake
data/raw/caltech256/256_ObjectCategories/190.snake/190_0095.jpg,189,190.snake
data/raw/caltech256/256_ObjectCategories/190.snake/190_0034.jpg,189,190.snake
data/raw/caltech256/256_ObjectCategories/190.snake/190_0043.jpg,189,190.snake
data/raw/caltech256/256_ObjectCategories/190.snake/190_0091.jpg,189,190.snake
data/raw/caltech256/256_ObjectCategories/191.sneaker/191_0109.jpg,190,191.sneaker
data/raw/caltech256/256_ObjectCategories/191.sneaker/191_0006.jpg,190,191.sneaker
data/raw/caltech256/256_ObjectCategories/191.sneaker/191_0099.jpg,190,191.sneaker
data/raw/caltech256/256_ObjectCategories/191.sneaker/191_0094.jpg,190,191.sneaker
data/raw/caltech256/256_ObjectCategories/191.sneaker/191_0011.jpg,190,191.sneaker
data/raw/caltech256/256_ObjectCategories/191.sneaker/191_0038.jpg,190,191.sneaker
data/raw/caltech256/256_ObjectCategories/191.sneaker/191_0033.jpg,190,191.sneaker
data/raw/caltech256/256_ObjectCategories/191.sneaker/191_0096.jpg,190,191.sneaker
data/raw/caltech256/256_ObjectCategories/191.sneaker/191_0064.jpg,190,191.sneaker
data/raw/caltech256/256_ObjectCategories/191.sneaker/191_0054.jpg,190,191.sneaker
data/raw/caltech256/256_ObjectCategories/191.sneaker/191_0106.jpg,190,191.sneaker
data/raw/caltech256/256_ObjectCategories/191.sneaker/191_0055.jpg,190,191.sneaker
data/raw/caltech256/256_ObjectCategories/191.sneaker/191_0043.jpg,190,191.sneaker
data/raw/caltech256/256_ObjectCategories/191.sneaker/191_0044.jpg,190,191.sneaker
data/raw/caltech256/256_ObjectCategories/191.sneaker/191_0061.jpg,190,191.sneaker
data/raw/caltech256/256_ObjectCategories/191.sneaker/191_0036.jpg,190,191.sneaker
data/raw/caltech256/256_ObjectCategories/191.sneaker/191_0057.jpg,190,191.sneaker
data/raw/caltech256/256_ObjectCategories/191.sneaker/191_0019.jpg,190,191.sneaker
data/raw/caltech256/256_ObjectCategories/191.sneaker/191_0104.jpg,190,191.sneaker
data/raw/caltech256/256_ObjectCategories/191.sneaker/191_0085.jpg,190,191.sneaker
data/raw/caltech256/256_ObjectCategories/192.snowmobile/192_0016.jpg,191,192.snowmobile
data/raw/caltech256/256_ObjectCategories/192.snowmobile/192_0035.jpg,191,192.snowmobile
data/raw/caltech256/256_ObjectCategories/192.snowmobile/192_0068.jpg,191,192.snowmobile
data/raw/caltech256/256_ObjectCategories/192.snowmobile/192_0055.jpg,191,192.snowmobile
data/raw/caltech256/256_ObjectCategories/192.snowmobile/192_0092.jpg,191,192.snowmobile
data/raw/caltech256/256_ObjectCategories/192.snowmobile/192_0051.jpg,191,192.snowmobile
data/raw/caltech256/256_ObjectCategories/192.snowmobile/192_0096.jpg,191,192.snowmobile
data/raw/caltech256/256_ObjectCategories/192.snowmobile/192_0008.jpg,191,192.snowmobile
data/raw/caltech256/256_ObjectCategories/192.snowmobile/192_0112.jpg,191,192.snowmobile
data/raw/caltech256/256_ObjectCategories/192.snowmobile/192_0084.jpg,191,192.snowmobile
data/raw/caltech256/256_ObjectCategories/192.snowmobile/192_0057.jpg,191,192.snowmobile
data/raw/caltech256/256_ObjectCategories/192.snowmobile/192_0099.jpg,191,192.snowmobile
data/raw/caltech256/256_ObjectCategories/192.snowmobile/192_0026.jpg,191,192.snowmobile
data/raw/caltech256/256_ObjectCategories/192.snowmobile/192_0072.jpg,191,192.snowmobile
data/raw/caltech256/256_ObjectCategories/192.snowmobile/192_0033.jpg,191,192.snowmobile
data/raw/caltech256/256_ObjectCategories/192.snowmobile/192_0073.jpg,191,192.snowmobile
data/raw/caltech256/256_ObjectCategories/192.snowmobile/192_0007.jpg,191,192.snowmobile
data/raw/caltech256/256_ObjectCategories/192.snowmobile/192_0001.jpg,191,192.snowmobile
data/raw/caltech256/256_ObjectCategories/192.snowmobile/192_0024.jpg,191,192.snowmobile
data/raw/caltech256/256_ObjectCategories/192.snowmobile/192_0041.jpg,191,192.snowmobile
data/raw/caltech256/256_ObjectCategories/193.soccer-ball/193_0018.jpg,192,193.soccer-ball
data/raw/caltech256/256_ObjectCategories/193.soccer-ball/193_0073.jpg,192,193.soccer-ball
data/raw/caltech256/256_ObjectCategories/193.soccer-ball/193_0095.jpg,192,193.soccer-ball
data/raw/caltech256/256_ObjectCategories/193.soccer-ball/193_0003.jpg,192,193.soccer-ball
data/raw/caltech256/256_ObjectCategories/193.soccer-ball/193_0049.jpg,192,193.soccer-ball
data/raw/caltech256/256_ObjectCategories/193.soccer-ball/193_0051.jpg,192,193.soccer-ball
data/raw/caltech256/256_ObjectCategories/193.soccer-ball/193_0087.jpg,192,193.soccer-ball
data/raw/caltech256/256_ObjectCategories/193.soccer-ball/193_0145.jpg,192,193.soccer-ball
data/raw/caltech256/256_ObjectCategories/193.soccer-ball/193_0154.jpg,192,193.soccer-ball
data/raw/caltech256/256_ObjectCategories/193.soccer-ball/193_0032.jpg,192,193.soccer-ball
data/raw/caltech256/256_ObjectCategories/193.soccer-ball/193_0042.jpg,192,193.soccer-ball
data/raw/caltech256/256_ObjectCategories/193.soccer-ball/193_0023.jpg,192,193.soccer-ball
data/raw/caltech256/256_ObjectCategories/193.soccer-ball/193_0084.jpg,192,193.soccer-ball
data/raw/caltech256/256_ObjectCategories/193.soccer-ball/193_0014.jpg,192,193.soccer-ball
data/raw/caltech256/256_ObjectCategories/193.soccer-ball/193_0104.jpg,192,193.soccer-ball
data/raw/caltech256/256_ObjectCategories/193.soccer-ball/193_0021.jpg,192,193.soccer-ball
data/raw/caltech256/256_ObjectCategories/193.soccer-ball/193_0041.jpg,192,193.soccer-ball
data/raw/caltech256/256_ObjectCategories/193.soccer-ball/193_0066.jpg,192,193.soccer-ball
data/raw/caltech256/256_ObjectCategories/193.soccer-ball/193_0140.jpg,192,193.soccer-ball
data/raw/caltech256/256_ObjectCategories/193.soccer-ball/193_0120.jpg,192,193.soccer-ball
data/raw/caltech256/256_ObjectCategories/193.soccer-ball/193_0046.jpg,192,193.soccer-ball
data/raw/caltech256/256_ObjectCategories/193.soccer-ball/193_0056.jpg,192,193.soccer-ball
data/raw/caltech256/256_ObjectCategories/193.soccer-ball/193_0080.jpg,192,193.soccer-ball
data/raw/caltech256/256_ObjectCategories/193.soccer-ball/193_0062.jpg,192,193.soccer-ball
data/raw/caltech256/256_ObjectCategories/193.soccer-ball/193_0002.jpg,192,193.soccer-ball
data/raw/caltech256/256_ObjectCategories/193.soccer-ball/193_0103.jpg,192,193.soccer-ball
data/raw/caltech256/256_ObjectCategories/193.soccer-ball/193_0110.jpg,192,193.soccer-ball
data/raw/caltech256/256_ObjectCategories/193.soccer-ball/193_0099.jpg,192,193.soccer-ball
data/raw/caltech256/256_ObjectCategories/193.soccer-ball/193_0028.jpg,192,193.soccer-ball
data/raw/caltech256/256_ObjectCategories/193.soccer-ball/193_0077.jpg,192,193.soccer-ball
data/raw/caltech256/256_ObjectCategories/193.soccer-ball/193_0162.jpg,192,193.soccer-ball
data/raw/caltech256/256_ObjectCategories/194.socks/194_0020.jpg,193,194.socks
data/raw/caltech256/256_ObjectCategories/194.socks/194_0106.jpg,193,194.socks
data/raw/caltech256/256_ObjectCategories/194.socks/194_0032.jpg,193,194.socks
data/raw/caltech256/256_ObjectCategories/194.socks/194_0037.jpg,193,194.socks
data/raw/caltech256/256_ObjectCategories/194.socks/194_0099.jpg,193,194.socks
data/raw/caltech256/256_ObjectCategories/194.socks/194_0047.jpg,193,194.socks
data/raw/caltech256/256_ObjectCategories/194.socks/194_0045.jpg,193,194.socks
data/raw/caltech256/256_ObjectCategories/194.socks/194_0093.jpg,193,194.socks
data/raw/caltech256/256_ObjectCategories/194.socks/194_0067.jpg,193,194.socks
data/raw/caltech256/256_ObjectCategories/194.socks/194_0027.jpg,193,194.socks
data/raw/caltech256/256_ObjectCategories/194.socks/194_0043.jpg,193,194.socks
data/raw/caltech256/256_ObjectCategories/194.socks/194_0017.jpg,193,194.socks
data/raw/caltech256/256_ObjectCategories/194.socks/194_0064.jpg,193,194.socks
data/raw/caltech256/256_ObjectCategories/194.socks/194_0069.jpg,193,194.socks
data/raw/caltech256/256_ObjectCategories/194.socks/194_0058.jpg,193,194.socks
data/raw/caltech256/256_ObjectCategories/194.socks/194_0026.jpg,193,194.socks
data/raw/caltech256/256_ObjectCategories/194.socks/194_0053.jpg,193,194.socks
data/raw/caltech256/256_ObjectCategories/194.socks/194_0014.jpg,193,194.socks
data/raw/caltech256/256_ObjectCategories/194.socks/194_0066.jpg,193,194.socks
data/raw/caltech256/256_ObjectCategories/194.socks/194_0101.jpg,193,194.socks
data/raw/caltech256/256_ObjectCategories/195.soda-can/195_0066.jpg,194,195.soda-can
data/raw/caltech256/256_ObjectCategories/195.soda-can/195_0028.jpg,194,195.soda-can
data/raw/caltech256/256_ObjectCategories/195.soda-can/195_0073.jpg,194,195.soda-can
data/raw/caltech256/256_ObjectCategories/195.soda-can/195_0003.jpg,194,195.soda-can
data/raw/caltech256/256_ObjectCategories/195.soda-can/195_0002.jpg,194,195.soda-can
data/raw/caltech256/256_ObjectCategories/195.soda-can/195_0027.jpg,194,195.soda-can
data/raw/caltech256/256_ObjectCategories/195.soda-can/195_0059.jpg,194,195.soda-can
data/raw/caltech256/256_ObjectCategories/195.soda-can/195_0038.jpg,194,195.soda-can
data/raw/caltech256/256_ObjectCategories/195.soda-can/195_0085.jpg,194,195.soda-can
data/raw/caltech256/256_ObjectCategories/195.soda-can/195_0087.jpg,194,195.soda-can
data/raw/caltech256/256_ObjectCategories/195.soda-can/195_0052.jpg,194,195.soda-can
data/raw/caltech256/256_ObjectCategories/195.soda-can/195_0046.jpg,194,195.soda-can
data/raw/caltech256/256_ObjectCategories/195.soda-can/195_0070.jpg,194,195.soda-can
data/raw/caltech256/256_ObjectCategories/195.soda-can/195_0074.jpg,194,195.soda-can
data/raw/caltech256/256_ObjectCategories/195.soda-can/195_0047.jpg,194,195.soda-can
data/raw/caltech256/256_ObjectCategories/195.soda-can/195_0015.jpg,194,195.soda-can
data/raw/caltech256/256_ObjectCategories/196.spaghetti/196_0103.jpg,195,196.spaghetti
data/raw/caltech256/256_ObjectCategories/196.spaghetti/196_0028.jpg,195,196.spaghetti
data/raw/caltech256/256_ObjectCategories/196.spaghetti/196_0033.jpg,195,196.spaghetti
data/raw/caltech256/256_ObjectCategories/196.spaghetti/196_0104.jpg,195,196.spaghetti
data/raw/caltech256/256_ObjectCategories/196.spaghetti/196_0012.jpg,195,196.spaghetti
data/raw/caltech256/256_ObjectCategories/196.spaghetti/196_0047.jpg,195,196.spaghetti
data/raw/caltech256/256_ObjectCategories/196.spaghetti/196_0002.jpg,195,196.spaghetti
data/raw/caltech256/256_ObjectCategories/196.spaghetti/196_0051.jpg,195,196.spaghetti
data/raw/caltech256/256_ObjectCategories/196.spaghetti/196_0054.jpg,195,196.spaghetti
data/raw/caltech256/256_ObjectCategories/196.spaghetti/196_0009.jpg,195,196.spaghetti
data/raw/caltech256/256_ObjectCategories/196.spaghetti/196_0056.jpg,195,196.spaghetti
data/raw/caltech256/256_ObjectCategories/196.spaghetti/196_0092.jpg,195,196.spaghetti
data/raw/caltech256/256_ObjectCategories/196.spaghetti/196_0100.jpg,195,196.spaghetti
data/raw/caltech256/256_ObjectCategories/196.spaghetti/196_0024.jpg,195,196.spaghetti
data/raw/caltech256/256_ObjectCategories/196.spaghetti/196_0095.jpg,195,196.spaghetti
data/raw/caltech256/256_ObjectCategories/196.spaghetti/196_0085.jpg,195,196.spaghetti
data/raw/caltech256/256_ObjectCategories/196.spaghetti/196_0029.jpg,195,196.spaghetti
data/raw/caltech256/256_ObjectCategories/196.spaghetti/196_0082.jpg,195,196.spaghetti
data/raw/caltech256/256_ObjectCategories/196.spaghetti/196_0055.jpg,195,196.spaghetti
data/raw/caltech256/256_ObjectCategories/197.speed-boat/197_0069.jpg,196,197.speed-boat
data/raw/caltech256/256_ObjectCategories/197.speed-boat/197_0023.jpg,196,197.speed-boat
data/raw/caltech256/256_ObjectCategories/197.speed-boat/197_0086.jpg,196,197.speed-boat
data/raw/caltech256/256_ObjectCategories/197.speed-boat/197_0034.jpg,196,197.speed-boat
data/raw/caltech256/256_ObjectCategories/197.speed-boat/197_0081.jpg,196,197.speed-boat
data/raw/caltech256/256_ObjectCategories/197.speed-boat/197_0015.jpg,196,197.speed-boat
data/raw/caltech256/256_ObjectCategories/197.speed-boat/197_0029.jpg,196,197.speed-boat
data/raw/caltech256/256_ObjectCategories/197.speed-boat/197_0053.jpg,196,197.speed-boat
data/raw/caltech256/256_ObjectCategories/197.speed-boat/197_0051.jpg,196,197.speed-boat
data/raw/caltech256/256_ObjectCategories/197.speed-boat/197_0090.jpg,196,197.speed-boat
data/raw/caltech256/256_ObjectCategories/197.speed-boat/197_0082.jpg,196,197.speed-boat
data/raw/caltech256/256_ObjectCategories/197.speed-boat/197_0096.jpg,196,197.speed-boat
data/raw/caltech256/256_ObjectCategories/197.speed-boat/197_0079.jpg,196,197.speed-boat
data/raw/caltech256/256_ObjectCategories/197.speed-boat/197_0016.jpg,196,197.speed-boat
data/raw/caltech256/256_ObjectCategories/197.speed-boat/197_0088.jpg,196,197.speed-boat
data/raw/caltech256/256_ObjectCategories/197.speed-boat/197_0041.jpg,196,197.speed-boat
data/raw/caltech256/256_ObjectCategories/197.speed-boat/197_0059.jpg,196,197.speed-boat
data/raw/caltech256/256_ObjectCategories/197.speed-boat/197_0058.jpg,196,197.speed-boat
data/raw/caltech256/256_ObjectCategories/198.spider/198_0009.jpg,197,198.spider
data/raw/caltech256/256_ObjectCategories/198.spider/198_0023.jpg,197,198.spider
data/raw/caltech256/256_ObjectCategories/198.spider/198_0006.jpg,197,198.spider
data/raw/caltech256/256_ObjectCategories/198.spider/198_0096.jpg,197,198.spider
data/raw/caltech256/256_ObjectCategories/198.spider/198_0001.jpg,197,198.spider
data/raw/caltech256/256_ObjectCategories/198.spider/198_0033.jpg,197,198.spider
data/raw/caltech256/256_ObjectCategories/198.spider/198_0032.jpg,197,198.spider
data/raw/caltech256/256_ObjectCategories/198.spider/198_0049.jpg,197,198.spider
data/raw/caltech256/256_ObjectCategories/198.spider/198_0105.jpg,197,198.spider
data/raw/caltech256/256_ObjectCategories/198.spider/198_0064.jpg,197,198.spider
data/raw/caltech256/256_ObjectCategories/198.spider/198_0035.jpg,197,198.spider
data/raw/caltech256/256_ObjectCategories/198.spider/198_0029.jpg,197,198.spider
data/raw/caltech256/256_ObjectCategories/198.spider/198_0044.jpg,197,198.spider
data/raw/caltech256/256_ObjectCategories/198.spider/198_0102.jpg,197,198.spider
data/raw/caltech256/256_ObjectCategories/198.spider/198_0004.jpg,197,198.spider
data/raw/caltech256/256_ObjectCategories/198.spider/198_0011.jpg,197,198.spider
data/raw/caltech256/256_ObjectCategories/198.spider/198_0010.jpg,197,198.spider
data/raw/caltech256/256_ObjectCategories/198.spider/198_0093.jpg,197,198.spider
data/raw/caltech256/256_ObjectCategories/198.spider/198_0052.jpg,197,198.spider
data/raw/caltech256/256_ObjectCategories/199.spoon/199_0022.jpg,198,199.spoon
data/raw/caltech256/256_ObjectCategories/199.spoon/199_0011.jpg,198,199.spoon
data/raw/caltech256/256_ObjectCategories/199.spoon/199_0086.jpg,198,199.spoon
data/raw/caltech256/256_ObjectCategories/199.spoon/199_0044.jpg,198,199.spoon
data/raw/caltech256/256_ObjectCategories/199.spoon/199_0013.jpg,198,199.spoon
data/raw/caltech256/256_ObjectCategories/199.spoon/199_0057.jpg,198,199.spoon
data/raw/caltech256/256_ObjectCategories/199.spoon/199_0019.jpg,198,199.spoon
data/raw/caltech256/256_ObjectCategories/199.spoon/199_0025.jpg,198,199.spoon
data/raw/caltech256/256_ObjectCategories/199.spoon/199_0095.jpg,198,199.spoon
data/raw/caltech256/256_ObjectCategories/199.spoon/199_0094.jpg,198,199.spoon
data/raw/caltech256/256_ObjectCategories/199.spoon/199_0018.jpg,198,199.spoon
data/raw/caltech256/256_ObjectCategories/199.spoon/199_0024.jpg,198,199.spoon
data/raw/caltech256/256_ObjectCategories/199.spoon/199_0072.jpg,198,199.spoon
data/raw/caltech256/256_ObjectCategories/199.spoon/199_0021.jpg,198,199.spoon
data/raw/caltech256/256_ObjectCategories/199.spoon/199_0099.jpg,198,199.spoon
data/raw/caltech256/256_ObjectCategories/199.spoon/199_0033.jpg,198,199.spoon
data/raw/caltech256/256_ObjectCategories/199.spoon/199_0093.jpg,198,199.spoon
data/raw/caltech256/256_ObjectCategories/199.spoon/199_0046.jpg,198,199.spoon
data/raw/caltech256/256_ObjectCategories/199.spoon/199_0023.jpg,198,199.spoon
data/raw/caltech256/256_ObjectCategories/200.stained-glass/200_0012.jpg,199,200.stained-glass
data/raw/caltech256/256_ObjectCategories/200.stained-glass/200_0018.jpg,199,200.stained-glass
data/raw/caltech256/256_ObjectCategories/200.stained-glass/200_0013.jpg,199,200.stained-glass
data/raw/caltech256/256_ObjectCategories/200.stained-glass/200_0100.jpg,199,200.stained-glass
data/raw/caltech256/256_ObjectCategories/200.stained-glass/200_0046.jpg,199,200.stained-glass
data/raw/caltech256/256_ObjectCategories/200.stained-glass/200_0014.jpg,199,200.stained-glass
data/raw/caltech256/256_ObjectCategories/200.stained-glass/200_0015.jpg,199,200.stained-glass
data/raw/caltech256/256_ObjectCategories/200.stained-glass/200_0053.jpg,199,200.stained-glass
data/raw/caltech256/256_ObjectCategories/200.stained-glass/200_0070.jpg,199,200.stained-glass
data/raw/caltech256/256_ObjectCategories/200.stained-glass/200_0086.jpg,199,200.stained-glass
data/raw/caltech256/256_ObjectCategories/200.stained-glass/200_0049.jpg,199,200.stained-glass
data/raw/caltech256/256_ObjectCategories/200.stained-glass/200_0040.jpg,199,200.stained-glass
data/raw/caltech256/256_ObjectCategories/200.stained-glass/200_0028.jpg,199,200.stained-glass
data/raw/caltech256/256_ObjectCategories/200.stained-glass/200_0084.jpg,199,200.stained-glass
data/raw/caltech256/256_ObjectCategories/200.stained-glass/200_0034.jpg,199,200.stained-glass
data/raw/caltech256/256_ObjectCategories/200.stained-glass/200_0029.jpg,199,200.stained-glass
data/raw/caltech256/256_ObjectCategories/200.stained-glass/200_0064.jpg,199,200.stained-glass
data/raw/caltech256/256_ObjectCategories/200.stained-glass/200_0090.jpg,199,200.stained-glass
data/raw/caltech256/256_ObjectCategories/201.starfish-101/201_0028.jpg,200,201.starfish-101
data/raw/caltech256/256_ObjectCategories/201.starfish-101/201_0011.jpg,200,201.starfish-101
data/raw/caltech256/256_ObjectCategories/201.starfish-101/201_0025.jpg,200,201.starfish-101
data/raw/caltech256/256_ObjectCategories/201.starfish-101/201_0057.jpg,200,201.starfish-101
data/raw/caltech256/256_ObjectCategories/201.starfish-101/201_0072.jpg,200,201.starfish-101
data/raw/caltech256/256_ObjectCategories/201.starfish-101/201_0049.jpg,200,201.starfish-101
data/raw/caltech256/256_ObjectCategories/201.starfish-101/201_0007.jpg,200,201.starfish-101
data/raw/caltech256/256_ObjectCategories/201.starfish-101/201_0032.jpg,200,201.starfish-101
data/raw/caltech256/256_ObjectCategories/201.starfish-101/201_0048.jpg,200,201.starfish-101
data/raw/caltech256/256_ObjectCategories/201.starfish-101/201_0017.jpg,200,201.starfish-101
data/raw/caltech256/256_ObjectCategories/201.starfish-101/201_0008.jpg,200,201.starfish-101
data/raw/caltech256/256_ObjectCategories/201.starfish-101/201_0031.jpg,200,201.starfish-101
data/raw/caltech256/256_ObjectCategories/201.starfish-101/201_0029.jpg,200,201.starfish-101
data/raw/caltech256/256_ObjectCategories/201.starfish-101/201_0002.jpg,200,201.starfish-101
data/raw/caltech256/256_ObjectCategories/201.starfish-101/201_0022.jpg,200,201.starfish-101
data/raw/caltech256/256_ObjectCategories/202.steering-wheel/202_0004.jpg,201,202.steering-wheel
data/raw/caltech256/256_ObjectCategories/202.steering-wheel/202_0023.jpg,201,202.steering-wheel
data/raw/caltech256/256_ObjectCategories/202.steering-wheel/202_0037.jpg,201,202.steering-wheel
data/raw/caltech256/256_ObjectCategories/202.steering-wheel/202_0006.jpg,201,202.steering-wheel
data/raw/caltech256/256_ObjectCategories/202.steering-wheel/202_0050.jpg,201,202.steering-wheel
data/raw/caltech256/256_ObjectCategories/202.steering-wheel/202_0024.jpg,201,202.steering-wheel
data/raw/caltech256/256_ObjectCategories/202.steering-wheel/202_0054.jpg,201,202.steering-wheel
data/raw/caltech256/256_ObjectCategories/202.steering-wheel/202_0008.jpg,201,202.steering-wheel
data/raw/caltech256/256_ObjectCategories/202.steering-wheel/202_0058.jpg,201,202.steering-wheel
data/raw/caltech256/256_ObjectCategories/202.steering-wheel/202_0033.jpg,201,202.steering-wheel
data/raw/caltech256/256_ObjectCategories/202.steering-wheel/202_0083.jpg,201,202.steering-wheel
data/raw/caltech256/256_ObjectCategories/202.steering-wheel/202_0065.jpg,201,202.steering-wheel
data/raw/caltech256/256_ObjectCategories/202.steering-wheel/202_0015.jpg,201,202.steering-wheel
data/raw/caltech256/256_ObjectCategories/202.steering-wheel/202_0020.jpg,201,202.steering-wheel
data/raw/caltech256/256_ObjectCategories/202.steering-wheel/202_0084.jpg,201,202.steering-wheel
data/raw/caltech256/256_ObjectCategories/202.steering-wheel/202_0011.jpg,201,202.steering-wheel
data/raw/caltech256/256_ObjectCategories/202.steering-wheel/202_0077.jpg,201,202.steering-wheel
data/raw/caltech256/256_ObjectCategories/203.stirrups/203_0025.jpg,202,203.stirrups
data/raw/caltech256/256_ObjectCategories/203.stirrups/203_0067.jpg,202,203.stirrups
data/raw/caltech256/256_ObjectCategories/203.stirrups/203_0014.jpg,202,203.stirrups
data/raw/caltech256/256_ObjectCategories/203.stirrups/203_0012.jpg,202,203.stirrups
data/raw/caltech256/256_ObjectCategories/203.stirrups/203_0084.jpg,202,203.stirrups
data/raw/caltech256/256_ObjectCategories/203.stirrups/203_0082.jpg,202,203.stirrups
data/raw/caltech256/256_ObjectCategories/203.stirrups/203_0034.jpg,202,203.stirrups
data/raw/caltech256/256_ObjectCategories/203.stirrups/203_0076.jpg,202,203.stirrups
data/raw/caltech256/256_ObjectCategories/203.stirrups/203_0088.jpg,202,203.stirrups
data/raw/caltech256/256_ObjectCategories/203.stirrups/203_0037.jpg,202,203.stirrups
data/raw/caltech256/256_ObjectCategories/203.stirrups/203_0066.jpg,202,203.stirrups
data/raw/caltech256/256_ObjectCategories/203.stirrups/203_0063.jpg,202,203.stirrups
data/raw/caltech256/256_ObjectCategories/203.stirrups/203_0060.jpg,202,203.stirrups
data/raw/caltech256/256_ObjectCategories/203.stirrups/203_0050.jpg,202,203.stirrups
data/raw/caltech256/256_ObjectCategories/203.stirrups/203_0023.jpg,202,203.stirrups
data/raw/caltech256/256_ObjectCategories/203.stirrups/203_0086.jpg,202,203.stirrups
data/raw/caltech256/256_ObjectCategories/204.sunflower-101/204_0078.jpg,203,204.sunflower-101
data/raw/caltech256/256_ObjectCategories/204.sunflower-101/204_0018.jpg,203,204.sunflower-101
data/raw/caltech256/256_ObjectCategories/204.sunflower-101/204_0001.jpg,203,204.sunflower-101
data/raw/caltech256/256_ObjectCategories/204.sunflower-101/204_0004.jpg,203,204.sunflower-101
data/raw/caltech256/256_ObjectCategories/204.sunflower-101/204_0029.jpg,203,204.sunflower-101
data/raw/caltech256/256_ObjectCategories/204.sunflower-101/204_0009.jpg,203,204.sunflower-101
data/raw/caltech256/256_ObjectCategories/204.sunflower-101/204_0046.jpg,203,204.sunflower-101
data/raw/caltech256/256_ObjectCategories/204.sunflower-101/204_0025.jpg,203,204.sunflower-101
data/raw/caltech256/256_ObjectCategories/204.sunflower-101/204_0062.jpg,203,204.sunflower-101
data/raw/caltech256/256_ObjectCategories/204.sunflower-101/204_0060.jpg,203,204.sunflower-101
data/raw/caltech256/256_ObjectCategories/204.sunflower-101/204_0015.jpg,203,204.sunflower-101
data/raw/caltech256/256_ObjectCategories/204.sunflower-101/204_0034.jpg,203,204.sunflower-101
data/raw/caltech256/256_ObjectCategories/204.sunflower-101/204_0053.jpg,203,204.sunflower-101
data/raw/caltech256/256_ObjectCategories/204.sunflower-101/204_0069.jpg,203,204.sunflower-101
data/raw/caltech256/256_ObjectCategories/205.superman/205_0004.jpg,204,205.superman
data/raw/caltech256/256_ObjectCategories/205.superman/205_0021.jpg,204,205.superman
data/raw/caltech256/256_ObjectCategories/205.superman/205_0061.jpg,204,205.superman
data/raw/caltech256/256_ObjectCategories/205.superman/205_0022.jpg,204,205.superman
data/raw/caltech256/256_ObjectCategories/205.superman/205_0019.jpg,204,205.superman
data/raw/caltech256/256_ObjectCategories/205.superman/205_0037.jpg,204,205.superman
data/raw/caltech256/256_ObjectCategories/205.superman/205_0009.jpg,204,205.superman
data/raw/caltech256/256_ObjectCategories/205.superman/205_0006.jpg,204,205.superman
data/raw/caltech256/256_ObjectCategories/205.superman/205_0084.jpg,204,205.superman
data/raw/caltech256/256_ObjectCategories/205.superman/205_0064.jpg,204,205.superman
data/raw/caltech256/256_ObjectCategories/205.superman/205_0043.jpg,204,205.superman
data/raw/caltech256/256_ObjectCategories/205.superman/205_0086.jpg,204,205.superman
data/raw/caltech256/256_ObjectCategories/205.superman/205_0041.jpg,204,205.superman
data/raw/caltech256/256_ObjectCategories/205.superman/205_0020.jpg,204,205.superman
data/raw/caltech256/256_ObjectCategories/205.superman/205_0046.jpg,204,205.superman
data/raw/caltech256/256_ObjectCategories/205.superman/205_0081.jpg,204,205.superman
data/raw/caltech256/256_ObjectCategories/206.sushi/206_0056.jpg,205,206.sushi
data/raw/caltech256/256_ObjectCategories/206.sushi/206_0087.jpg,205,206.sushi
data/raw/caltech256/256_ObjectCategories/206.sushi/206_0072.jpg,205,206.sushi
data/raw/caltech256/256_ObjectCategories/206.sushi/206_0061.jpg,205,206.sushi
data/raw/caltech256/256_ObjectCategories/206.sushi/206_0092.jpg,205,206.sushi
data/raw/caltech256/256_ObjectCategories/206.sushi/206_0012.jpg,205,206.sushi
data/raw/caltech256/256_ObjectCategories/206.sushi/206_0017.jpg,205,206.sushi
data/raw/caltech256/256_ObjectCategories/206.sushi/206_0003.jpg,205,206.sushi
data/raw/caltech256/256_ObjectCategories/206.sushi/206_0098.jpg,205,206.sushi
data/raw/caltech256/256_ObjectCategories/206.sushi/206_0082.jpg,205,206.sushi
data/raw/caltech256/256_ObjectCategories/206.sushi/206_0055.jpg,205,206.sushi
data/raw/caltech256/256_ObjectCategories/206.sushi/206_0014.jpg,205,206.sushi
data/raw/caltech256/256_ObjectCategories/206.sushi/206_0028.jpg,205,206.sushi
data/raw/caltech256/256_ObjectCategories/206.sushi/206_0054.jpg,205,206.sushi
data/raw/caltech256/256_ObjectCategories/206.sushi/206_0074.jpg,205,206.sushi
data/raw/caltech256/256_ObjectCategories/206.sushi/206_0030.jpg,205,206.sushi
data/raw/caltech256/256_ObjectCategories/206.sushi/206_0058.jpg,205,206.sushi
data/raw/caltech256/256_ObjectCategories/207.swan/207_0029.jpg,206,207.swan
data/raw/caltech256/256_ObjectCategories/207.swan/207_0035.jpg,206,207.swan
data/raw/caltech256/256_ObjectCategories/207.swan/207_0105.jpg,206,207.swan
data/raw/caltech256/256_ObjectCategories/207.swan/207_0026.jpg,206,207.swan
data/raw/caltech256/256_ObjectCategories/207.swan/207_0015.jpg,206,207.swan
data/raw/caltech256/256_ObjectCategories/207.swan/207_0102.jpg,206,207.swan
data/raw/caltech256/256_ObjectCategories/207.swan/207_0062.jpg,206,207.swan
data/raw/caltech256/256_ObjectCategories/207.swan/207_0086.jpg,206,207.swan
data/raw/caltech256/256_ObjectCategories/207.swan/207_0092.jpg,206,207.swan
data/raw/caltech256/256_ObjectCategories/207.swan/207_0025.jpg,206,207.swan
data/raw/caltech256/256_ObjectCategories/207.swan/207_0080.jpg,206,207.swan
data/raw/caltech256/256_ObjectCategories/207.swan/207_0042.jpg,206,207.swan
data/raw/caltech256/256_ObjectCategories/207.swan/207_0107.jpg,206,207.swan
data/raw/caltech256/256_ObjectCategories/207.swan/207_0056.jpg,206,207.swan
data/raw/caltech256/256_ObjectCategories/207.swan/207_0012.jpg,206,207.swan
data/raw/caltech256/256_ObjectCategories/207.swan/207_0001.jpg,206,207.swan
data/raw/caltech256/256_ObjectCategories/207.swan/207_0031.jpg,206,207.swan
data/raw/caltech256/256_ObjectCategories/207.swan/207_0005.jpg,206,207.swan
data/raw/caltech256/256_ObjectCategories/207.swan/207_0082.jpg,206,207.swan
data/raw/caltech256/256_ObjectCategories/207.swan/207_0050.jpg,206,207.swan
data/raw/caltech256/256_ObjectCategories/208.swiss-army-knife/208_0073.jpg,207,208.swiss-army-knife
data/raw/caltech256/256_ObjectCategories/208.swiss-army-knife/208_0027.jpg,207,208.swiss-army-knife
data/raw/caltech256/256_ObjectCategories/208.swiss-army-knife/208_0091.jpg,207,208.swiss-army-knife
data/raw/caltech256/256_ObjectCategories/208.swiss-army-knife/208_0018.jpg,207,208.swiss-army-knife
data/raw/caltech256/256_ObjectCategories/208.swiss-army-knife/208_0106.jpg,207,208.swiss-army-knife
data/raw/caltech256/256_ObjectCategories/208.swiss-army-knife/208_0080.jpg,207,208.swiss-army-knife
data/raw/caltech256/256_ObjectCategories/208.swiss-army-knife/208_0013.jpg,207,208.swiss-army-knife
data/raw/caltech256/256_ObjectCategories/208.swiss-army-knife/208_0095.jpg,207,208.swiss-army-knife
data/raw/caltech256/256_ObjectCategories/208.swiss-army-knife/208_0100.jpg,207,208.swiss-army-knife
data/raw/caltech256/256_ObjectCategories/208.swiss-army-knife/208_0033.jpg,207,208.swiss-army-knife
data/raw/caltech256/256_ObjectCategories/208.swiss-army-knife/208_0019.jpg,207,208.swiss-army-knife
data/raw/caltech256/256_ObjectCategories/208.swiss-army-knife/208_0109.jpg,207,208.swiss-army-knife
data/raw/caltech256/256_ObjectCategories/208.swiss-army-knife/208_0101.jpg,207,208.swiss-army-knife
data/raw/caltech256/256_ObjectCategories/208.swiss-army-knife/208_0071.jpg,207,208.swiss-army-knife
data/raw/caltech256/256_ObjectCategories/208.swiss-army-knife/208_0081.jpg,207,208.swiss-army-knife
data/raw/caltech256/256_ObjectCategories/208.swiss-army-knife/208_0043.jpg,207,208.swiss-army-knife
data/raw/caltech256/256_ObjectCategories/208.swiss-army-knife/208_0085.jpg,207,208.swiss-army-knife
data/raw/caltech256/256_ObjectCategories/208.swiss-army-knife/208_0094.jpg,207,208.swiss-army-knife
data/raw/caltech256/256_ObjectCategories/208.swiss-army-knife/208_0039.jpg,207,208.swiss-army-knife
data/raw/caltech256/256_ObjectCategories/209.sword/209_0030.jpg,208,209.sword
data/raw/caltech256/256_ObjectCategories/209.sword/209_0026.jpg,208,209.sword
data/raw/caltech256/256_ObjectCategories/209.sword/209_0044.jpg,208,209.sword
data/raw/caltech256/256_ObjectCategories/209.sword/209_0036.jpg,208,209.sword
data/raw/caltech256/256_ObjectCategories/209.sword/209_0092.jpg,208,209.sword
data/raw/caltech256/256_ObjectCategories/209.sword/209_0062.jpg,208,209.sword
data/raw/caltech256/256_ObjectCategories/209.sword/209_0081.jpg,208,209.sword
data/raw/caltech256/256_ObjectCategories/209.sword/209_0037.jpg,208,209.sword
data/raw/caltech256/256_ObjectCategories/209.sword/209_0073.jpg,208,209.sword
data/raw/caltech256/256_ObjectCategories/209.sword/209_0054.jpg,208,209.sword
data/raw/caltech256/256_ObjectCategories/209.sword/209_0048.jpg,208,209.sword
data/raw/caltech256/256_ObjectCategories/209.sword/209_0053.jpg,208,209.sword
data/raw/caltech256/256_ObjectCategories/209.sword/209_0024.jpg,208,209.sword
data/raw/caltech256/256_ObjectCategories/209.sword/209_0009.jpg,208,209.sword
data/raw/caltech256/256_ObjectCategories/209.sword/209_0025.jpg,208,209.sword
data/raw/caltech256/256_ObjectCategories/209.sword/209_0093.jpg,208,209.sword
data/raw/caltech256/256_ObjectCategories/209.sword/209_0021.jpg,208,209.sword
data/raw/caltech256/256_ObjectCategories/209.sword/209_0061.jpg,208,209.sword
data/raw/caltech256/256_ObjectCategories/210.syringe/210_0016.jpg,209,210.syringe
data/raw/caltech256/256_ObjectCategories/210.syringe/210_0058.jpg,209,210.syringe
data/raw/caltech256/256_ObjectCategories/210.syringe/210_0076.jpg,209,210.syringe
data/raw/caltech256/256_ObjectCategories/210.syringe/210_0042.jpg,209,210.syringe
data/raw/caltech256/256_ObjectCategories/210.syringe/210_0040.jpg,209,210.syringe
data/raw/caltech256/256_ObjectCategories/210.syringe/210_0031.jpg,209,210.syringe
data/raw/caltech256/256_ObjectCategories/210.syringe/210_0082.jpg,209,210.syringe
data/raw/caltech256/256_ObjectCategories/210.syringe/210_0089.jpg,209,210.syringe
data/raw/caltech256/256_ObjectCategories/210.syringe/210_0073.jpg,209,210.syringe
data/raw/caltech256/256_ObjectCategories/210.syringe/210_0014.jpg,209,210.syringe
data/raw/caltech256/256_ObjectCategories/210.syringe/210_0078.jpg,209,210.syringe
data/raw/caltech256/256_ObjectCategories/210.syringe/210_0051.jpg,209,210.syringe
data/raw/caltech256/256_ObjectCategories/210.syringe/210_0036.jpg,209,210.syringe
data/raw/caltech256/256_ObjectCategories/210.syringe/210_0068.jpg,209,210.syringe
data/raw/caltech256/256_ObjectCategories/210.syringe/210_0005.jpg,209,210.syringe
data/raw/caltech256/256_ObjectCategories/210.syringe/210_0045.jpg,209,210.syringe
data/raw/caltech256/256_ObjectCategories/210.syringe/210_0105.jpg,209,210.syringe
data/raw/caltech256/256_ObjectCategories/210.syringe/210_0019.jpg,209,210.syringe
data/raw/caltech256/256_ObjectCategories/210.syringe/210_0006.jpg,209,210.syringe
data/raw/caltech256/256_ObjectCategories/210.syringe/210_0052.jpg,209,210.syringe
data/raw/caltech256/256_ObjectCategories/211.tambourine/211_0029.jpg,210,211.tambourine
data/raw/caltech256/256_ObjectCategories/211.tambourine/211_0028.jpg,210,211.tambourine
data/raw/caltech256/256_ObjectCategories/211.tambourine/211_0019.jpg,210,211.tambourine
data/raw/caltech256/256_ObjectCategories/211.tambourine/211_0063.jpg,210,211.tambourine
data/raw/caltech256/256_ObjectCategories/211.tambourine/211_0033.jpg,210,211.tambourine
data/raw/caltech256/256_ObjectCategories/211.tambourine/211_0068.jpg,210,211.tambourine
data/raw/caltech256/256_ObjectCategories/211.tambourine/211_0007.jpg,210,211.tambourine
data/raw/caltech256/256_ObjectCategories/211.tambourine/211_0045.jpg,210,211.tambourine
data/raw/caltech256/256_ObjectCategories/211.tambourine/211_0036.jpg,210,211.tambourine
data/raw/caltech256/256_ObjectCategories/211.tambourine/211_0089.jpg,210,211.tambourine
data/raw/caltech256/256_ObjectCategories/211.tambourine/211_0038.jpg,210,211.tambourine
data/raw/caltech256/256_ObjectCategories/211.tambourine/211_0013.jpg,210,211.tambourine
data/raw/caltech256/256_ObjectCategories/211.tambourine/211_0040.jpg,210,211.tambourine
data/raw/caltech256/256_ObjectCategories/211.tambourine/211_0011.jpg,210,211.tambourine
data/raw/caltech256/256_ObjectCategories/211.tambourine/211_0092.jpg,210,211.tambourine
data/raw/caltech256/256_ObjectCategories/211.tambourine/211_0043.jpg,210,211.tambourine
data/raw/caltech256/256_ObjectCategories/211.tambourine/211_0037.jpg,210,211.tambourine
data/raw/caltech256/256_ObjectCategories/212.teapot/212_0017.jpg,211,212.teapot
data/raw/caltech256/256_ObjectCategories/212.teapot/212_0048.jpg,211,212.teapot
data/raw/caltech256/256_ObjectCategories/212.teapot/212_0113.jpg,211,212.teapot
data/raw/caltech256/256_ObjectCategories/212.teapot/212_0035.jpg,211,212.teapot
data/raw/caltech256/256_ObjectCategories/212.teapot/212_0105.jpg,211,212.teapot
data/raw/caltech256/256_ObjectCategories/212.teapot/212_0015.jpg,211,212.teapot
data/raw/caltech256/256_ObjectCategories/212.teapot/212_0076.jpg,211,212.teapot
data/raw/caltech256/256_ObjectCategories/212.teapot/212_0128.jpg,211,212.teapot
data/raw/caltech256/256_ObjectCategories/212.teapot/212_0121.jpg,211,212.teapot
data/raw/caltech256/256_ObjectCategories/212.teapot/212_0083.jpg,211,212.teapot
data/raw/caltech256/256_ObjectCategories/212.teapot/212_0052.jpg,211,212.teapot
data/raw/caltech256/256_ObjectCategories/212.teapot/212_0120.jpg,211,212.teapot
data/raw/caltech256/256_ObjectCategories/212.teapot/212_0067.jpg,211,212.teapot
data/raw/caltech256/256_ObjectCategories/212.teapot/212_0123.jpg,211,212.teapot
data/raw/caltech256/256_ObjectCategories/212.teapot/212_0031.jpg,211,212.teapot
data/raw/caltech256/256_ObjectCategories/212.teapot/212_0044.jpg,211,212.teapot
data/raw/caltech256/256_ObjectCategories/212.teapot/212_0069.jpg,211,212.teapot
data/raw/caltech256/256_ObjectCategories/212.teapot/212_0029.jpg,211,212.teapot
data/raw/caltech256/256_ObjectCategories/212.teapot/212_0107.jpg,211,212.teapot
data/raw/caltech256/256_ObjectCategories/212.teapot/212_0094.jpg,211,212.teapot
data/raw/caltech256/256_ObjectCategories/212.teapot/212_0065.jpg,211,212.teapot
data/raw/caltech256/256_ObjectCategories/212.teapot/212_0054.jpg,211,212.teapot
data/raw/caltech256/256_ObjectCategories/212.teapot/212_0056.jpg,211,212.teapot
data/raw/caltech256/256_ObjectCategories/212.teapot/212_0130.jpg,211,212.teapot
data/raw/caltech256/256_ObjectCategories/213.teddy-bear/213_0055.jpg,212,213.teddy-bear
data/raw/caltech256/256_ObjectCategories/213.teddy-bear/213_0013.jpg,212,213.teddy-bear
data/raw/caltech256/256_ObjectCategories/213.teddy-bear/213_0030.jpg,212,213.teddy-bear
data/raw/caltech256/256_ObjectCategories/213.teddy-bear/213_0059.jpg,212,213.teddy-bear
data/raw/caltech256/256_ObjectCategories/213.teddy-bear/213_0024.jpg,212,213.teddy-bear
data/raw/caltech256/256_ObjectCategories/213.teddy-bear/213_0022.jpg,212,213.teddy-bear
data/raw/caltech256/256_ObjectCategories/213.teddy-bear/213_0005.jpg,212,213.teddy-bear
data/raw/caltech256/256_ObjectCategories/213.teddy-bear/213_0077.jpg,212,213.teddy-bear
data/raw/caltech256/256_ObjectCategories/213.teddy-bear/213_0043.jpg,212,213.teddy-bear
data/raw/caltech256/256_ObjectCategories/213.teddy-bear/213_0093.jpg,212,213.teddy-bear
data/raw/caltech256/256_ObjectCategories/213.teddy-bear/213_0019.jpg,212,213.teddy-bear
data/raw/caltech256/256_ObjectCategories/213.teddy-bear/213_0044.jpg,212,213.teddy-bear
data/raw/caltech256/256_ObjectCategories/213.teddy-bear/213_0004.jpg,212,213.teddy-bear
data/raw/caltech256/256_ObjectCategories/213.teddy-bear/213_0100.jpg,212,213.teddy-bear
data/raw/caltech256/256_ObjectCategories/213.teddy-bear/213_0067.jpg,212,213.teddy-bear
data/raw/caltech256/256_ObjectCategories/213.teddy-bear/213_0070.jpg,212,213.teddy-bear
data/raw/caltech256/256_ObjectCategories/213.teddy-bear/213_0008.jpg,212,213.teddy-bear
data/raw/caltech256/256_ObjectCategories/213.teddy-bear/213_0049.jpg,212,213.teddy-bear
data/raw/caltech256/256_ObjectCategories/214.teepee/214_0109.jpg,213,214.teepee
data/raw/caltech256/256_ObjectCategories/214.teepee/214_0066.jpg,213,214.teepee
data/raw/caltech256/256_ObjectCategories/214.teepee/214_0012.jpg,213,214.teepee
data/raw/caltech256/256_ObjectCategories/214.teepee/214_0018.jpg,213,214.teepee
data/raw/caltech256/256_ObjectCategories/214.teepee/214_0056.jpg,213,214.teepee
data/raw/caltech256/256_ObjectCategories/214.teepee/214_0107.jpg,213,214.teepee
data/raw/caltech256/256_ObjectCategories/214.teepee/214_0071.jpg,213,214.teepee
data/raw/caltech256/256_ObjectCategories/214.teepee/214_0029.jpg,213,214.teepee
data/raw/caltech256/256_ObjectCategories/214.teepee/214_0086.jpg,213,214.teepee
data/raw/caltech256/256_ObjectCategories/214.teepee/214_0017.jpg,213,214.teepee
data/raw/caltech256/256_ObjectCategories/214.teepee/214_0073.jpg,213,214.teepee
data/raw/caltech256/256_ObjectCategories/214.teepee/214_0016.jpg,213,214.teepee
data/raw/caltech256/256_ObjectCategories/214.teepee/214_0038.jpg,213,214.teepee
data/raw/caltech256/256_ObjectCategories/214.teepee/214_0083.jpg,213,214.teepee
data/raw/caltech256/256_ObjectCategories/214.teepee/214_0063.jpg,213,214.teepee
data/raw/caltech256/256_ObjectCategories/214.teepee/214_0106.jpg,213,214.teepee
data/raw/caltech256/256_ObjectCategories/214.teepee/214_0102.jpg,213,214.teepee
data/raw/caltech256/256_ObjectCategories/214.teepee/214_0084.jpg,213,214.teepee
data/raw/caltech256/256_ObjectCategories/214.teepee/214_0031.jpg,213,214.teepee
data/raw/caltech256/256_ObjectCategories/214.teepee/214_0125.jpg,213,214.teepee
data/raw/caltech256/256_ObjectCategories/214.teepee/214_0113.jpg,213,214.teepee
data/raw/caltech256/256_ObjectCategories/214.teepee/214_0033.jpg,213,214.teepee
data/raw/caltech256/256_ObjectCategories/214.teepee/214_0110.jpg,213,214.teepee
data/raw/caltech256/256_ObjectCategories/214.teepee/214_0030.jpg,213,214.teepee
data/raw/caltech256/256_ObjectCategories/214.teepee/214_0052.jpg,213,214.teepee
data/raw/caltech256/256_ObjectCategories/215.telephone-box/215_0050.jpg,214,215.telephone-box
data/raw/caltech256/256_ObjectCategories/215.telephone-box/215_0011.jpg,214,215.telephone-box
data/raw/caltech256/256_ObjectCategories/215.telephone-box/215_0076.jpg,214,215.telephone-box
data/raw/caltech256/256_ObjectCategories/215.telephone-box/215_0037.jpg,214,215.telephone-box
data/raw/caltech256/256_ObjectCategories/215.telephone-box/215_0073.jpg,214,215.telephone-box
data/raw/caltech256/256_ObjectCategories/215.telephone-box/215_0054.jpg,214,215.telephone-box
data/raw/caltech256/256_ObjectCategories/215.telephone-box/215_0062.jpg,214,215.telephone-box
data/raw/caltech256/256_ObjectCategories/215.telephone-box/215_0005.jpg,214,215.telephone-box
data/raw/caltech256/256_ObjectCategories/215.telephone-box/215_0055.jpg,214,215.telephone-box
data/raw/caltech256/256_ObjectCategories/215.telephone-box/215_0010.jpg,214,215.telephone-box
data/raw/caltech256/256_ObjectCategories/215.telephone-box/215_0044.jpg,214,215.telephone-box
data/raw/caltech256/256_ObjectCategories/215.telephone-box/215_0067.jpg,214,215.telephone-box
data/raw/caltech256/256_ObjectCategories/215.telephone-box/215_0002.jpg,214,215.telephone-box
data/raw/caltech256/256_ObjectCategories/215.telephone-box/215_0042.jpg,214,215.telephone-box
data/raw/caltech256/256_ObjectCategories/215.telephone-box/215_0081.jpg,214,215.telephone-box
data/raw/caltech256/256_ObjectCategories/216.tennis-ball/216_0055.jpg,215,216.tennis-ball
data/raw/caltech256/256_ObjectCategories/216.tennis-ball/216_0021.jpg,215,216.tennis-ball
data/raw/caltech256/256_ObjectCategories/216.tennis-ball/216_0078.jpg,215,216.tennis-ball
data/raw/caltech256/256_ObjectCategories/216.tennis-ball/216_0066.jpg,215,216.tennis-ball
data/raw/caltech256/256_ObjectCategories/216.tennis-ball/216_0077.jpg,215,216.tennis-ball
data/raw/caltech256/256_ObjectCategories/216.tennis-ball/216_0012.jpg,215,216.tennis-ball
data/raw/caltech256/256_ObjectCategories/216.tennis-ball/216_0091.jpg,215,216.tennis-ball
data/raw/caltech256/256_ObjectCategories/216.tennis-ball/216_0001.jpg,215,216.tennis-ball
data/raw/caltech256/256_ObjectCategories/216.tennis-ball/216_0086.jpg,215,216.tennis-ball
data/raw/caltech256/256_ObjectCategories/216.tennis-ball/216_0006.jpg,215,216.tennis-ball
data/raw/caltech256/256_ObjectCategories/216.tennis-ball/216_0070.jpg,215,216.tennis-ball
data/raw/caltech256/256_ObjectCategories/216.tennis-ball/216_0097.jpg,215,216.tennis-ball
data/raw/caltech256/256_ObjectCategories/216.tennis-ball/216_0016.jpg,215,216.tennis-ball
data/raw/caltech256/256_ObjectCategories/216.tennis-ball/216_0068.jpg,215,216.tennis-ball
data/raw/caltech256/256_ObjectCategories/216.tennis-ball/216_0040.jpg,215,216.tennis-ball
data/raw/caltech256/256_ObjectCategories/216.tennis-ball/216_0098.jpg,215,216.tennis-ball
data/raw/caltech256/256_ObjectCategories/216.tennis-ball/216_0030.jpg,215,216.tennis-ball
data/raw/caltech256/256_ObjectCategories/217.tennis-court/217_0095.jpg,216,217.tennis-court
data/raw/caltech256/256_ObjectCategories/217.tennis-court/217_0096.jpg,216,217.tennis-court
data/raw/caltech256/256_ObjectCategories/217.tennis-court/217_0033.jpg,216,217.tennis-court
data/raw/caltech256/256_ObjectCategories/217.tennis-court/217_0071.jpg,216,217.tennis-court
data/raw/caltech256/256_ObjectCategories/217.tennis-court/217_0058.jpg,216,217.tennis-court
data/raw/caltech256/256_ObjectCategories/217.tennis-court/217_0103.jpg,216,217.tennis-court
data/raw/caltech256/256_ObjectCategories/217.tennis-court/217_0081.jpg,216,217.tennis-court
data/raw/caltech256/256_ObjectCategories/217.tennis-court/217_0024.jpg,216,217.tennis-court
data/raw/caltech256/256_ObjectCategories/217.tennis-court/217_0014.jpg,216,217.tennis-court
data/raw/caltech256/256_ObjectCategories/217.tennis-court/217_0037.jpg,216,217.tennis-court
data/raw/caltech256/256_ObjectCategories/217.tennis-court/217_0022.jpg,216,217.tennis-court
data/raw/caltech256/256_ObjectCategories/217.tennis-court/217_0076.jpg,216,217.tennis-court
data/raw/caltech256/256_ObjectCategories/217.tennis-court/217_0013.jpg,216,217.tennis-court
data/raw/caltech256/256_ObjectCategories/217.tennis-court/217_0087.jpg,216,217.tennis-court
data/raw/caltech256/256_ObjectCategories/217.tennis-court/217_0050.jpg,216,217.tennis-court
data/raw/caltech256/256_ObjectCategories/217.tennis-court/217_0055.jpg,216,217.tennis-court
data/raw/caltech256/256_ObjectCategories/217.tennis-court/217_0097.jpg,216,217.tennis-court
data/raw/caltech256/256_ObjectCategories/217.tennis-court/217_0028.jpg,216,217.tennis-court
data/raw/caltech256/256_ObjectCategories/217.tennis-court/217_0070.jpg,216,217.tennis-court
data/raw/caltech256/256_ObjectCategories/218.tennis-racket/218_0019.jpg,217,218.tennis-racket
data/raw/caltech256/256_ObjectCategories/218.tennis-racket/218_0063.jpg,217,218.tennis-racket
data/raw/caltech256/256_ObjectCategories/218.tennis-racket/218_0041.jpg,217,218.tennis-racket
data/raw/caltech256/256_ObjectCategories/218.tennis-racket/218_0046.jpg,217,218.tennis-racket
data/raw/caltech256/256_ObjectCategories/218.tennis-racket/218_0031.jpg,217,218.tennis-racket
data/raw/caltech256/256_ObjectCategories/218.tennis-racket/218_0035.jpg,217,218.tennis-racket
data/raw/caltech256/256_ObjectCategories/218.tennis-racket/218_0020.jpg,217,218.tennis-racket
data/raw/caltech256/256_ObjectCategories/218.tennis-racket/218_0060.jpg,217,218.tennis-racket
data/raw/caltech256/256_ObjectCategories/218.tennis-racket/218_0065.jpg,217,218.tennis-racket
data/raw/caltech256/256_ObjectCategories/218.tennis-racket/218_0027.jpg,217,218.tennis-racket
data/raw/caltech256/256_ObjectCategories/218.tennis-racket/218_0048.jpg,217,218.tennis-racket
data/raw/caltech256/256_ObjectCategories/218.tennis-racket/218_0037.jpg,217,218.tennis-racket
data/raw/caltech256/256_ObjectCategories/218.tennis-racket/218_0012.jpg,217,218.tennis-racket
data/raw/caltech256/256_ObjectCategories/218.tennis-racket/218_0059.jpg,217,218.tennis-racket
data/raw/caltech256/256_ObjectCategories/218.tennis-racket/218_0025.jpg,217,218.tennis-racket
data/raw/caltech256/256_ObjectCategories/219.theodolite/219_0010.jpg,218,219.theodolite
data/raw/caltech256/256_ObjectCategories/219.theodolite/219_0052.jpg,218,219.theodolite
data/raw/caltech256/256_ObjectCategories/219.theodolite/219_0046.jpg,218,219.theodolite
data/raw/caltech256/256_ObjectCategories/219.theodolite/219_0063.jpg,218,219.theodolite
data/raw/caltech256/256_ObjectCategories/219.theodolite/219_0074.jpg,218,219.theodolite
data/raw/caltech256/256_ObjectCategories/219.theodolite/219_0031.jpg,218,219.theodolite
data/raw/caltech256/256_ObjectCategories/219.theodolite/219_0043.jpg,218,219.theodolite
data/raw/caltech256/256_ObjectCategories/219.theodolite/219_0053.jpg,218,219.theodolite
data/raw/caltech256/256_ObjectCategories/219.theodolite/219_0019.jpg,218,219.theodolite
data/raw/caltech256/256_ObjectCategories/219.theodolite/219_0027.jpg,218,219.theodolite
data/raw/caltech256/256_ObjectCategories/219.theodolite/219_0032.jpg,218,219.theodolite
data/raw/caltech256/256_ObjectCategories/219.theodolite/219_0014.jpg,218,219.theodolite
data/raw/caltech256/256_ObjectCategories/219.theodolite/219_0028.jpg,218,219.theodolite
data/raw/caltech256/256_ObjectCategories/219.theodolite/219_0054.jpg,218,219.theodolite
data/raw/caltech256/256_ObjectCategories/219.theodolite/219_0077.jpg,218,219.theodolite
data/raw/caltech256/256_ObjectCategories/220.toaster/220_0050.jpg,219,220.toaster
data/raw/caltech256/256_ObjectCategories/220.toaster/220_0045.jpg,219,220.toaster
data/raw/caltech256/256_ObjectCategories/220.toaster/220_0085.jpg,219,220.toaster
data/raw/caltech256/256_ObjectCategories/220.toaster/220_0087.jpg,219,220.toaster
data/raw/caltech256/256_ObjectCategories/220.toaster/220_0049.jpg,219,220.toaster
data/raw/caltech256/256_ObjectCategories/220.toaster/220_0030.jpg,219,220.toaster
data/raw/caltech256/256_ObjectCategories/220.toaster/220_0003.jpg,219,220.toaster
data/raw/caltech256/256_ObjectCategories/220.toaster/220_0035.jpg,219,220.toaster
data/raw/caltech256/256_ObjectCategories/220.toaster/220_0053.jpg,219,220.toaster
data/raw/caltech256/256_ObjectCategories/220.toaster/220_0052.jpg,219,220.toaster
data/raw/caltech256/256_ObjectCategories/220.toaster/220_0026.jpg,219,220.toaster
data/raw/caltech256/256_ObjectCategories/220.toaster/220_0094.jpg,219,220.toaster
data/raw/caltech256/256_ObjectCategories/220.toaster/220_0054.jpg,219,220.toaster
data/raw/caltech256/256_ObjectCategories/220.toaster/220_0038.jpg,219,220.toaster
data/raw/caltech256/256_ObjectCategories/220.toaster/220_0086.jpg,219,220.toaster
data/raw/caltech256/256_ObjectCategories/220.toaster/220_0022.jpg,219,220.toaster
data/raw/caltech256/256_ObjectCategories/220.toaster/220_0075.jpg,219,220.toaster
data/raw/caltech256/256_ObjectCategories/221.tomato/221_0061.jpg,220,221.tomato
data/raw/caltech256/256_ObjectCategories/221.tomato/221_0042.jpg,220,221.tomato
data/raw/caltech256/256_ObjectCategories/221.tomato/221_0031.jpg,220,221.tomato
data/raw/caltech256/256_ObjectCategories/221.tomato/221_0050.jpg,220,221.tomato
data/raw/caltech256/256_ObjectCategories/221.tomato/221_0099.jpg,220,221.tomato
data/raw/caltech256/256_ObjectCategories/221.tomato/221_0038.jpg,220,221.tomato
data/raw/caltech256/256_ObjectCategories/221.tomato/221_0098.jpg,220,221.tomato
data/raw/caltech256/256_ObjectCategories/221.tomato/221_0026.jpg,220,221.tomato
data/raw/caltech256/256_ObjectCategories/221.tomato/221_0101.jpg,220,221.tomato
data/raw/caltech256/256_ObjectCategories/221.tomato/221_0084.jpg,220,221.tomato
data/raw/caltech256/256_ObjectCategories/221.tomato/221_0088.jpg,220,221.tomato
data/raw/caltech256/256_ObjectCategories/221.tomato/221_0023.jpg,220,221.tomato
data/raw/caltech256/256_ObjectCategories/221.tomato/221_0065.jpg,220,221.tomato
data/raw/caltech256/256_ObjectCategories/221.tomato/221_0028.jpg,220,221.tomato
data/raw/caltech256/256_ObjectCategories/221.tomato/221_0053.jpg,220,221.tomato
data/raw/caltech256/256_ObjectCategories/221.tomato/221_0086.jpg,220,221.tomato
data/raw/caltech256/256_ObjectCategories/221.tomato/221_0040.jpg,220,221.tomato
data/raw/caltech256/256_ObjectCategories/221.tomato/221_0103.jpg,220,221.tomato
data/raw/caltech256/256_ObjectCategories/222.tombstone/222_0064.jpg,221,222.tombstone
data/raw/caltech256/256_ObjectCategories/222.tombstone/222_0070.jpg,221,222.tombstone
data/raw/caltech256/256_ObjectCategories/222.tombstone/222_0024.jpg,221,222.tombstone
data/raw/caltech256/256_ObjectCategories/222.tombstone/222_0008.jpg,221,222.tombstone
data/raw/caltech256/256_ObjectCategories/222.tombstone/222_0022.jpg,221,222.tombstone
data/raw/caltech256/256_ObjectCategories/222.tombstone/222_0030.jpg,221,222.tombstone
data/raw/caltech256/256_ObjectCategories/222.tombstone/222_0001.jpg,221,222.tombstone
data/raw/caltech256/256_ObjectCategories/222.tombstone/222_0019.jpg,221,222.tombstone
data/raw/caltech256/256_ObjectCategories/222.tombstone/222_0003.jpg,221,222.tombstone
data/raw/caltech256/256_ObjectCategories/222.tombstone/222_0034.jpg,221,222.tombstone
data/raw/caltech256/256_ObjectCategories/222.tombstone/222_0004.jpg,221,222.tombstone
data/raw/caltech256/256_ObjectCategories/222.tombstone/222_0078.jpg,221,222.tombstone
data/raw/caltech256/256_ObjectCategories/222.tombstone/222_0055.jpg,221,222.tombstone
data/raw/caltech256/256_ObjectCategories/222.tombstone/222_0058.jpg,221,222.tombstone
data/raw/caltech256/256_ObjectCategories/222.tombstone/222_0017.jpg,221,222.tombstone
data/raw/caltech256/256_ObjectCategories/222.tombstone/222_0046.jpg,221,222.tombstone
data/raw/caltech256/256_ObjectCategories/223.top-hat/223_0036.jpg,222,223.top-hat
data/raw/caltech256/256_ObjectCategories/223.top-hat/223_0039.jpg,222,223.top-hat
data/raw/caltech256/256_ObjectCategories/223.top-hat/223_0054.jpg,222,223.top-hat
data/raw/caltech256/256_ObjectCategories/223.top-hat/223_0058.jpg,222,223.top-hat
data/raw/caltech256/256_ObjectCategories/223.top-hat/223_0050.jpg,222,223.top-hat
data/raw/caltech256/256_ObjectCategories/223.top-hat/223_0038.jpg,222,223.top-hat
data/raw/caltech256/256_ObjectCategories/223.top-hat/223_0023.jpg,222,223.top-hat
data/raw/caltech256/256_ObjectCategories/223.top-hat/223_0019.jpg,222,223.top-hat
data/raw/caltech256/256_ObjectCategories/223.top-hat/223_0041.jpg,222,223.top-hat
data/raw/caltech256/256_ObjectCategories/223.top-hat/223_0028.jpg,222,223.top-hat
data/raw/caltech256/256_ObjectCategories/223.top-hat/223_0042.jpg,222,223.top-hat
data/raw/caltech256/256_ObjectCategories/223.top-hat/223_0072.jpg,222,223.top-hat
data/raw/caltech256/256_ObjectCategories/223.top-hat/223_0044.jpg,222,223.top-hat
data/raw/caltech256/256_ObjectCategories/223.top-hat/223_0021.jpg,222,223.top-hat
data/raw/caltech256/256_ObjectCategories/224.touring-bike/224_0047.jpg,223,224.touring-bike
data/raw/caltech256/256_ObjectCategories/224.touring-bike/224_0071.jpg,223,224.touring-bike
data/raw/caltech256/256_ObjectCategories/224.touring-bike/224_0075.jpg,223,224.touring-bike
data/raw/caltech256/256_ObjectCategories/224.touring-bike/224_0032.jpg,223,224.touring-bike
data/raw/caltech256/256_ObjectCategories/224.touring-bike/224_0058.jpg,223,224.touring-bike
data/raw/caltech256/256_ObjectCategories/224.touring-bike/224_0064.jpg,223,224.touring-bike
data/raw/caltech256/256_ObjectCategories/224.touring-bike/224_0022.jpg,223,224.touring-bike
data/raw/caltech256/256_ObjectCategories/224.touring-bike/224_0092.jpg,223,224.touring-bike
data/raw/caltech256/256_ObjectCategories/224.touring-bike/224_0006.jpg,223,224.touring-bike
data/raw/caltech256/256_ObjectCategories/224.touring-bike/224_0099.jpg,223,224.touring-bike
data/raw/caltech256/256_ObjectCategories/224.touring-bike/224_0008.jpg,223,224.touring-bike
data/raw/caltech256/256_ObjectCategories/224.touring-bike/224_0104.jpg,223,224.touring-bike
data/raw/caltech256/256_ObjectCategories/224.touring-bike/224_0082.jpg,223,224.touring-bike
data/raw/caltech256/256_ObjectCategories/224.touring-bike/224_0065.jpg,223,224.touring-bike
data/raw/caltech256/256_ObjectCategories/224.touring-bike/224_0098.jpg,223,224.touring-bike
data/raw/caltech256/256_ObjectCategories/224.touring-bike/224_0025.jpg,223,224.touring-bike
data/raw/caltech256/256_ObjectCategories/224.touring-bike/224_0024.jpg,223,224.touring-bike
data/raw/caltech256/256_ObjectCategories/224.touring-bike/224_0063.jpg,223,224.touring-bike
data/raw/caltech256/256_ObjectCategories/224.touring-bike/224_0011.jpg,223,224.touring-bike
data/raw/caltech256/256_ObjectCategories/224.touring-bike/224_0090.jpg,223,224.touring-bike
data/raw/caltech256/256_ObjectCategories/225.tower-pisa/225_0036.jpg,224,225.tower-pisa
data/raw/caltech256/256_ObjectCategories/225.tower-pisa/225_0082.jpg,224,225.tower-pisa
data/raw/caltech256/256_ObjectCategories/225.tower-pisa/225_0017.jpg,224,225.tower-pisa
data/raw/caltech256/256_ObjectCategories/225.tower-pisa/225_0039.jpg,224,225.tower-pisa
data/raw/caltech256/256_ObjectCategories/225.tower-pisa/225_0019.jpg,224,225.tower-pisa
data/raw/caltech256/256_ObjectCategories/225.tower-pisa/225_0058.jpg,224,225.tower-pisa
data/raw/caltech256/256_ObjectCategories/225.tower-pisa/225_0078.jpg,224,225.tower-pisa
data/raw/caltech256/256_ObjectCategories/225.tower-pisa/225_0083.jpg,224,225.tower-pisa
data/raw/caltech256/256_ObjectCategories/225.tower-pisa/225_0030.jpg,224,225.tower-pisa
data/raw/caltech256/256_ObjectCategories/225.tower-pisa/225_0042.jpg,224,225.tower-pisa
data/raw/caltech256/256_ObjectCategories/225.tower-pisa/225_0020.jpg,224,225.tower-pisa
data/raw/caltech256/256_ObjectCategories/225.tower-pisa/225_0047.jpg,224,225.tower-pisa
data/raw/caltech256/256_ObjectCategories/225.tower-pisa/225_0004.jpg,224,225.tower-pisa
data/raw/caltech256/256_ObjectCategories/225.tower-pisa/225_0052.jpg,224,225.tower-pisa
data/raw/caltech256/256_ObjectCategories/225.tower-pisa/225_0049.jpg,224,225.tower-pisa
data/raw/caltech256/256_ObjectCategories/225.tower-pisa/225_0003.jpg,224,225.tower-pisa
data/raw/caltech256/256_ObjectCategories/226.traffic-light/226_0012.jpg,225,226.traffic-light
data/raw/caltech256/256_ObjectCategories/226.traffic-light/226_0003.jpg,225,226.traffic-light
data/raw/caltech256/256_ObjectCategories/226.traffic-light/226_0093.jpg,225,226.traffic-light
data/raw/caltech256/256_ObjectCategories/226.traffic-light/226_0004.jpg,225,226.traffic-light
data/raw/caltech256/256_ObjectCategories/226.traffic-light/226_0064.jpg,225,226.traffic-light
data/raw/caltech256/256_ObjectCategories/226.traffic-light/226_0072.jpg,225,226.traffic-light
data/raw/caltech256/256_ObjectCategories/226.traffic-light/226_0089.jpg,225,226.traffic-light
data/raw/caltech256/256_ObjectCategories/226.traffic-light/226_0002.jpg,225,226.traffic-light
data/raw/caltech256/256_ObjectCategories/226.traffic-light/226_0095.jpg,225,226.traffic-light
data/raw/caltech256/256_ObjectCategories/226.traffic-light/226_0035.jpg,225,226.traffic-light
data/raw/caltech256/256_ObjectCategories/226.traffic-light/226_0086.jpg,225,226.traffic-light
data/raw/caltech256/256_ObjectCategories/226.traffic-light/226_0080.jpg,225,226.traffic-light
data/raw/caltech256/256_ObjectCategories/226.traffic-light/226_0042.jpg,225,226.traffic-light
data/raw/caltech256/256_ObjectCategories/226.traffic-light/226_0096.jpg,225,226.traffic-light
data/raw/caltech256/256_ObjectCategories/226.traffic-light/226_0032.jpg,225,226.traffic-light
data/raw/caltech256/256_ObjectCategories/226.traffic-light/226_0063.jpg,225,226.traffic-light
data/raw/caltech256/256_ObjectCategories/226.traffic-light/226_0039.jpg,225,226.traffic-light
data/raw/caltech256/256_ObjectCategories/226.traffic-light/226_0034.jpg,225,226.traffic-light
data/raw/caltech256/256_ObjectCategories/227.treadmill/227_0125.jpg,226,227.treadmill
data/raw/caltech256/256_ObjectCategories/227.treadmill/227_0028.jpg,226,227.treadmill
data/raw/caltech256/256_ObjectCategories/227.treadmill/227_0073.jpg,226,227.treadmill
data/raw/caltech256/256_ObjectCategories/227.treadmill/227_0013.jpg,226,227.treadmill
data/raw/caltech256/256_ObjectCategories/227.treadmill/227_0041.jpg,226,227.treadmill
data/raw/caltech256/256_ObjectCategories/227.treadmill/227_0083.jpg,226,227.treadmill
data/raw/caltech256/256_ObjectCategories/227.treadmill/227_0144.jpg,226,227.treadmill
data/raw/caltech256/256_ObjectCategories/227.treadmill/227_0088.jpg,226,227.treadmill
data/raw/caltech256/256_ObjectCategories/227.treadmill/227_0106.jpg,226,227.treadmill
data/raw/caltech256/256_ObjectCategories/227.treadmill/227_0080.jpg,226,227.treadmill
data/raw/caltech256/256_ObjectCategories/227.treadmill/227_0033.jpg,226,227.treadmill
data/raw/caltech256/256_ObjectCategories/227.treadmill/227_0058.jpg,226,227.treadmill
data/raw/caltech256/256_ObjectCategories/227.treadmill/227_0128.jpg,226,227.treadmill
data/raw/caltech256/256_ObjectCategories/227.treadmill/227_0135.jpg,226,227.treadmill
data/raw/caltech256/256_ObjectCategories/227.treadmill/227_0108.jpg,226,227.treadmill
data/raw/caltech256/256_ObjectCategories/227.treadmill/227_0103.jpg,226,227.treadmill
data/raw/caltech256/256_ObjectCategories/227.treadmill/227_0016.jpg,226,227.treadmill
data/raw/caltech256/256_ObjectCategories/227.treadmill/227_0102.jpg,226,227.treadmill
data/raw/caltech256/256_ObjectCategories/227.treadmill/227_0141.jpg,226,227.treadmill
data/raw/caltech256/256_ObjectCategories/227.treadmill/227_0113.jpg,226,227.treadmill
data/raw/caltech256/256_ObjectCategories/227.treadmill/227_0100.jpg,226,227.treadmill
data/raw/caltech256/256_ObjectCategories/227.treadmill/227_0054.jpg,226,227.treadmill
data/raw/caltech256/256_ObjectCategories/227.treadmill/227_0029.jpg,226,227.treadmill
data/raw/caltech256/256_ObjectCategories/227.treadmill/227_0027.jpg,226,227.treadmill
data/raw/caltech256/256_ObjectCategories/227.treadmill/227_0136.jpg,226,227.treadmill
data/raw/caltech256/256_ObjectCategories/227.treadmill/227_0101.jpg,226,227.treadmill
data/raw/caltech256/256_ObjectCategories/228.triceratops/228_0001.jpg,227,228.triceratops
data/raw/caltech256/256_ObjectCategories/228.triceratops/228_0015.jpg,227,228.triceratops
data/raw/caltech256/256_ObjectCategories/228.triceratops/228_0026.jpg,227,228.triceratops
data/raw/caltech256/256_ObjectCategories/228.triceratops/228_0083.jpg,227,228.triceratops
data/raw/caltech256/256_ObjectCategories/228.triceratops/228_0055.jpg,227,228.triceratops
data/raw/caltech256/256_ObjectCategories/228.triceratops/228_0058.jpg,227,228.triceratops
data/raw/caltech256/256_ObjectCategories/228.triceratops/228_0082.jpg,227,228.triceratops
data/raw/caltech256/256_ObjectCategories/228.triceratops/228_0022.jpg,227,228.triceratops
data/raw/caltech256/256_ObjectCategories/228.triceratops/228_0061.jpg,227,228.triceratops
data/raw/caltech256/256_ObjectCategories/228.triceratops/228_0053.jpg,227,228.triceratops
data/raw/caltech256/256_ObjectCategories/228.triceratops/228_0043.jpg,227,228.triceratops
data/raw/caltech256/256_ObjectCategories/228.triceratops/228_0024.jpg,227,228.triceratops
data/raw/caltech256/256_ObjectCategories/228.triceratops/228_0069.jpg,227,228.triceratops
data/raw/caltech256/256_ObjectCategories/228.triceratops/228_0028.jpg,227,228.triceratops
data/raw/caltech256/256_ObjectCategories/228.triceratops/228_0056.jpg,227,228.triceratops
data/raw/caltech256/256_ObjectCategories/228.triceratops/228_0092.jpg,227,228.triceratops
data/raw/caltech256/256_ObjectCategories/228.triceratops/228_0005.jpg,227,228.triceratops
data/raw/caltech256/256_ObjectCategories/229.tricycle/229_0090.jpg,228,229.tricycle
data/raw/caltech256/256_ObjectCategories/229.tricycle/229_0002.jpg,228,229.tricycle
data/raw/caltech256/256_ObjectCategories/229.tricycle/229_0093.jpg,228,229.tricycle
data/raw/caltech256/256_ObjectCategories/229.tricycle/229_0001.jpg,228,229.tricycle
data/raw/caltech256/256_ObjectCategories/229.tricycle/229_0077.jpg,228,229.tricycle
data/raw/caltech256/256_ObjectCategories/229.tricycle/229_0012.jpg,228,229.tricycle
data/raw/caltech256/256_ObjectCategories/229.tricycle/229_0030.jpg,228,229.tricycle
data/raw/caltech256/256_ObjectCategories/229.tricycle/229_0016.jpg,228,229.tricycle
data/raw/caltech256/256_ObjectCategories/229.tricycle/229_0037.jpg,228,229.tricycle
data/raw/caltech256/256_ObjectCategories/229.tricycle/229_0083.jpg,228,229.tricycle
data/raw/caltech256/256_ObjectCategories/229.tricycle/229_0021.jpg,228,229.tricycle
data/raw/caltech256/256_ObjectCategories/229.tricycle/229_0027.jpg,228,229.tricycle
data/raw/caltech256/256_ObjectCategories/229.tricycle/229_0063.jpg,228,229.tricycle
data/raw/caltech256/256_ObjectCategories/229.tricycle/229_0018.jpg,228,229.tricycle
data/raw/caltech256/256_ObjectCategories/229.tricycle/229_0014.jpg,228,229.tricycle
data/raw/caltech256/256_ObjectCategories/229.tricycle/229_0036.jpg,228,229.tricycle
data/raw/caltech256/256_ObjectCategories/229.tricycle/229_0028.jpg,228,229.tricycle
data/raw/caltech256/256_ObjectCategories/230.trilobite-101/230_0061.jpg,229,230.trilobite-101
data/raw/caltech256/256_ObjectCategories/230.trilobite-101/230_0028.jpg,229,230.trilobite-101
data/raw/caltech256/256_ObjectCategories/230.trilobite-101/230_0010.jpg,229,230.trilobite-101
data/raw/caltech256/256_ObjectCategories/230.trilobite-101/230_0068.jpg,229,230.trilobite-101
data/raw/caltech256/256_ObjectCategories/230.trilobite-101/230_0038.jpg,229,230.trilobite-101
data/raw/caltech256/256_ObjectCategories/230.trilobite-101/230_0078.jpg,229,230.trilobite-101
data/raw/caltech256/256_ObjectCategories/230.trilobite-101/230_0008.jpg,229,230.trilobite-101
data/raw/caltech256/256_ObjectCategories/230.trilobite-101/230_0089.jpg,229,230.trilobite-101
data/raw/caltech256/256_ObjectCategories/230.trilobite-101/230_0030.jpg,229,230.trilobite-101
data/raw/caltech256/256_ObjectCategories/230.trilobite-101/230_0017.jpg,229,230.trilobite-101
data/raw/caltech256/256_ObjectCategories/230.trilobite-101/230_0031.jpg,229,230.trilobite-101
data/raw/caltech256/256_ObjectCategories/230.trilobite-101/230_0087.jpg,229,230.trilobite-101
data/raw/caltech256/256_ObjectCategories/230.trilobite-101/230_0080.jpg,229,230.trilobite-101
data/raw/caltech256/256_ObjectCategories/230.trilobite-101/230_0057.jpg,229,230.trilobite-101
data/raw/caltech256/256_ObjectCategories/230.trilobite-101/230_0083.jpg,229,230.trilobite-101
data/raw/caltech256/256_ObjectCategories/230.trilobite-101/230_0067.jpg,229,230.trilobite-101
data/raw/caltech256/256_ObjectCategories/230.trilobite-101/230_0088.jpg,229,230.trilobite-101
data/raw/caltech256/256_ObjectCategories/231.tripod/231_0079.jpg,230,231.tripod
data/raw/caltech256/256_ObjectCategories/231.tripod/231_0054.jpg,230,231.tripod
data/raw/caltech256/256_ObjectCategories/231.tripod/231_0015.jpg,230,231.tripod
data/raw/caltech256/256_ObjectCategories/231.tripod/231_0049.jpg,230,231.tripod
data/raw/caltech256/256_ObjectCategories/231.tripod/231_0106.jpg,230,231.tripod
data/raw/caltech256/256_ObjectCategories/231.tripod/231_0108.jpg,230,231.tripod
data/raw/caltech256/256_ObjectCategories/231.tripod/231_0034.jpg,230,231.tripod
data/raw/caltech256/256_ObjectCategories/231.tripod/231_0099.jpg,230,231.tripod
data/raw/caltech256/256_ObjectCategories/231.tripod/231_0004.jpg,230,231.tripod
data/raw/caltech256/256_ObjectCategories/231.tripod/231_0020.jpg,230,231.tripod
data/raw/caltech256/256_ObjectCategories/231.tripod/231_0026.jpg,230,231.tripod
data/raw/caltech256/256_ObjectCategories/231.tripod/231_0001.jpg,230,231.tripod
data/raw/caltech256/256_ObjectCategories/231.tripod/231_0080.jpg,230,231.tripod
data/raw/caltech256/256_ObjectCategories/231.tripod/231_0035.jpg,230,231.tripod
data/raw/caltech256/256_ObjectCategories/231.tripod/231_0102.jpg,230,231.tripod
data/raw/caltech256/256_ObjectCategories/231.tripod/231_0044.jpg,230,231.tripod
data/raw/caltech256/256_ObjectCategories/231.tripod/231_0067.jpg,230,231.tripod
data/raw/caltech256/256_ObjectCategories/231.tripod/231_0060.jpg,230,231.tripod
data/raw/caltech256/256_ObjectCategories/231.tripod/231_0038.jpg,230,231.tripod
data/raw/caltech256/256_ObjectCategories/231.tripod/231_0062.jpg,230,231.tripod
data/raw/caltech256/256_ObjectCategories/232.t-shirt/232_0354.jpg,231,232.t-shirt
data/raw/caltech256/256_ObjectCategories/232.t-shirt/232_0033.jpg,231,232.t-shirt
data/raw/caltech256/256_ObjectCategories/232.t-shirt/232_0023.jpg,231,232.t-shirt
data/raw/caltech256/256_ObjectCategories/232.t-shirt/232_0331.jpg,231,232.t-shirt
data/raw/caltech256/256_ObjectCategories/232.t-shirt/232_0039.jpg,231,232.t-shirt
data/raw/caltech256/256_ObjectCategories/232.t-shirt/232_0101.jpg,231,232.t-shirt
data/raw/caltech256/256_ObjectCategories/232.t-shirt/232_0169.jpg,231,232.t-shirt
data/raw/caltech256/256_ObjectCategories/232.t-shirt/232_0273.jpg,231,232.t-shirt
data/raw/caltech256/256_ObjectCategories/232.t-shirt/232_0090.jpg,231,232.t-shirt
data/raw/caltech256/256_ObjectCategories/232.t-shirt/232_0123.jpg,231,232.t-shirt
data/raw/caltech256/256_ObjectCategories/232.t-shirt/232_0253.jpg,231,232.t-shirt
data/raw/caltech256/256_ObjectCategories/232.t-shirt/232_0303.jpg,231,232.t-shirt
data/raw/caltech256/256_ObjectCategories/232.t-shirt/232_0276.jpg,231,232.t-shirt
data/raw/caltech256/256_ObjectCategories/232.t-shirt/232_0250.jpg,231,232.t-shirt
data/raw/caltech256/256_ObjectCategories/232.t-shirt/232_0044.jpg,231,232.t-shirt
data/raw/caltech256/256_ObjectCategories/232.t-shirt/232_0173.jpg,231,232.t-shirt
data/raw/caltech256/256_ObjectCategories/232.t-shirt/232_0007.jpg,231,232.t-shirt
data/raw/caltech256/256_ObjectCategories/232.t-shirt/232_0167.jpg,231,232.t-shirt
data/raw/caltech256/256_ObjectCategories/232.t-shirt/232_0032.jpg,231,232.t-shirt
data/raw/caltech256/256_ObjectCategories/232.t-shirt/232_0047.jpg,231,232.t-shirt
data/raw/caltech256/256_ObjectCategories/232.t-shirt/232_0133.jpg,231,232.t-shirt
data/raw/caltech256/256_ObjectCategories/232.t-shirt/232_0328.jpg,231,232.t-shirt
data/raw/caltech256/256_ObjectCategories/232.t-shirt/232_0311.jpg,231,232.t-shirt
data/raw/caltech256/256_ObjectCategories/232.t-shirt/232_0048.jpg,231,232.t-shirt
data/raw/caltech256/256_ObjectCategories/232.t-shirt/232_0183.jpg,231,232.t-shirt
data/raw/caltech256/256_ObjectCategories/232.t-shirt/232_0025.jpg,231,232.t-shirt
data/raw/caltech256/256_ObjectCategories/232.t-shirt/232_0325.jpg,231,232.t-shirt
data/raw/caltech256/256_ObjectCategories/232.t-shirt/232_0099.jpg,231,232.t-shirt
data/raw/caltech256/256_ObjectCategories/232.t-shirt/232_0282.jpg,231,232.t-shirt
data/raw/caltech256/256_ObjectCategories/232.t-shirt/232_0138.jpg,231,232.t-shirt
data/raw/caltech256/256_ObjectCategories/232.t-shirt/232_0157.jpg,231,232.t-shirt
data/raw/caltech256/256_ObjectCategories/232.t-shirt/232_0198.jpg,231,232.t-shirt
data/raw/caltech256/256_ObjectCategories/232.t-shirt/232_0002.jpg,231,232.t-shirt
data/raw/caltech256/256_ObjectCategories/232.t-shirt/232_0295.jpg,231,232.t-shirt
data/raw/caltech256/256_ObjectCategories/232.t-shirt/232_0212.jpg,231,232.t-shirt
data/raw/caltech256/256_ObjectCategories/232.t-shirt/232_0116.jpg,231,232.t-shirt
data/raw/caltech256/256_ObjectCategories/232.t-shirt/232_0301.jpg,231,232.t-shirt
data/raw/caltech256/256_ObjectCategories/232.t-shirt/232_0035.jpg,231,232.t-shirt
data/raw/caltech256/256_ObjectCategories/232.t-shirt/232_0043.jpg,231,232.t-shirt
data/raw/caltech256/256_ObjectCategories/232.t-shirt/232_0036.jpg,231,232.t-shirt
data/raw/caltech256/256_ObjectCategories/232.t-shirt/232_0069.jpg,231,232.t-shirt
data/raw/caltech256/256_ObjectCategories/232.t-shirt/232_0310.jpg,231,232.t-shirt
data/raw/caltech256/256_ObjectCategories/232.t-shirt/232_0151.jpg,231,232.t-shirt
data/raw/caltech256/256_ObjectCategories/232.t-shirt/232_0223.jpg,231,232.t-shirt
data/raw/caltech256/256_ObjectCategories/232.t-shirt/232_0147.jpg,231,232.t-shirt
data/raw/caltech256/256_ObjectCategories/232.t-shirt/232_0112.jpg,231,232.t-shirt
data/raw/caltech256/256_ObjectCategories/232.t-shirt/232_0020.jpg,231,232.t-shirt
data/raw/caltech256/256_ObjectCategories/232.t-shirt/232_0135.jpg,231,232.t-shirt
data/raw/caltech256/256_ObjectCategories/232.t-shirt/232_0171.jpg,231,232.t-shirt
data/raw/caltech256/256_ObjectCategories/232.t-shirt/232_0098.jpg,231,232.t-shirt
data/raw/caltech256/256_ObjectCategories/232.t-shirt/232_0143.jpg,231,232.t-shirt
data/raw/caltech256/256_ObjectCategories/232.t-shirt/232_0001.jpg,231,232.t-shirt
data/raw/caltech256/256_ObjectCategories/232.t-shirt/232_0272.jpg,231,232.t-shirt
data/raw/caltech256/256_ObjectCategories/232.t-shirt/232_0080.jpg,231,232.t-shirt
data/raw/caltech256/256_ObjectCategories/232.t-shirt/232_0275.jpg,231,232.t-shirt
data/raw/caltech256/256_ObjectCategories/232.t-shirt/232_0353.jpg,231,232.t-shirt
data/raw/caltech256/256_ObjectCategories/232.t-shirt/232_0266.jpg,231,232.t-shirt
data/raw/caltech256/256_ObjectCategories/232.t-shirt/232_0327.jpg,231,232.t-shirt
data/raw/caltech256/256_ObjectCategories/232.t-shirt/232_0154.jpg,231,232.t-shirt
data/raw/caltech256/256_ObjectCategories/232.t-shirt/232_0004.jpg,231,232.t-shirt
data/raw/caltech256/256_ObjectCategories/232.t-shirt/232_0208.jpg,231,232.t-shirt
data/raw/caltech256/256_ObjectCategories/232.t-shirt/232_0019.jpg,231,232.t-shirt
data/raw/caltech256/256_ObjectCategories/232.t-shirt/232_0357.jpg,231,232.t-shirt
data/raw/caltech256/256_ObjectCategories/233.tuning-fork/233_0014.jpg,232,233.tuning-fork
data/raw/caltech256/256_ObjectCategories/233.tuning-fork/233_0011.jpg,232,233.tuning-fork
data/raw/caltech256/256_ObjectCategories/233.tuning-fork/233_0042.jpg,232,233.tuning-fork
data/raw/caltech256/256_ObjectCategories/233.tuning-fork/233_0083.jpg,232,233.tuning-fork
data/raw/caltech256/256_ObjectCategories/233.tuning-fork/233_0095.jpg,232,233.tuning-fork
data/raw/caltech256/256_ObjectCategories/233.tuning-fork/233_0041.jpg,232,233.tuning-fork
data/raw/caltech256/256_ObjectCategories/233.tuning-fork/233_0074.jpg,232,233.tuning-fork
data/raw/caltech256/256_ObjectCategories/233.tuning-fork/233_0064.jpg,232,233.tuning-fork
data/raw/caltech256/256_ObjectCategories/233.tuning-fork/233_0026.jpg,232,233.tuning-fork
data/raw/caltech256/256_ObjectCategories/233.tuning-fork/233_0055.jpg,232,233.tuning-fork
data/raw/caltech256/256_ObjectCategories/233.tuning-fork/233_0037.jpg,232,233.tuning-fork
data/raw/caltech256/256_ObjectCategories/233.tuning-fork/233_0012.jpg,232,233.tuning-fork
data/raw/caltech256/256_ObjectCategories/233.tuning-fork/233_0049.jpg,232,233.tuning-fork
data/raw/caltech256/256_ObjectCategories/233.tuning-fork/233_0005.jpg,232,233.tuning-fork
data/raw/caltech256/256_ObjectCategories/233.tuning-fork/233_0008.jpg,232,233.tuning-fork
data/raw/caltech256/256_ObjectCategories/233.tuning-fork/233_0016.jpg,232,233.tuning-fork
data/raw/caltech256/256_ObjectCategories/233.tuning-fork/233_0028.jpg,232,233.tuning-fork
data/raw/caltech256/256_ObjectCategories/233.tuning-fork/233_0045.jpg,232,233.tuning-fork
data/raw/caltech256/256_ObjectCategories/234.tweezer/234_0035.jpg,233,234.tweezer
data/raw/caltech256/256_ObjectCategories/234.tweezer/234_0085.jpg,233,234.tweezer
data/raw/caltech256/256_ObjectCategories/234.tweezer/234_0121.jpg,233,234.tweezer
data/raw/caltech256/256_ObjectCategories/234.tweezer/234_0084.jpg,233,234.tweezer
data/raw/caltech256/256_ObjectCategories/234.tweezer/234_0012.jpg,233,234.tweezer
data/raw/caltech256/256_ObjectCategories/234.tweezer/234_0046.jpg,233,234.tweezer
data/raw/caltech256/256_ObjectCategories/234.tweezer/234_0013.jpg,233,234.tweezer
data/raw/caltech256/256_ObjectCategories/234.tweezer/234_0058.jpg,233,234.tweezer
data/raw/caltech256/256_ObjectCategories/234.tweezer/234_0082.jpg,233,234.tweezer
data/raw/caltech256/256_ObjectCategories/234.tweezer/234_0073.jpg,233,234.tweezer
data/raw/caltech256/256_ObjectCategories/234.tweezer/234_0027.jpg,233,234.tweezer
data/raw/caltech256/256_ObjectCategories/234.tweezer/234_0078.jpg,233,234.tweezer
data/raw/caltech256/256_ObjectCategories/234.tweezer/234_0095.jpg,233,234.tweezer
data/raw/caltech256/256_ObjectCategories/234.tweezer/234_0016.jpg,233,234.tweezer
data/raw/caltech256/256_ObjectCategories/234.tweezer/234_0050.jpg,233,234.tweezer
data/raw/caltech256/256_ObjectCategories/234.tweezer/234_0108.jpg,233,234.tweezer
data/raw/caltech256/256_ObjectCategories/234.tweezer/234_0101.jpg,233,234.tweezer
data/raw/caltech256/256_ObjectCategories/234.tweezer/234_0025.jpg,233,234.tweezer
data/raw/caltech256/256_ObjectCategories/234.tweezer/234_0104.jpg,233,234.tweezer
data/raw/caltech256/256_ObjectCategories/234.tweezer/234_0071.jpg,233,234.tweezer
data/raw/caltech256/256_ObjectCategories/234.tweezer/234_0015.jpg,233,234.tweezer
data/raw/caltech256/256_ObjectCategories/234.tweezer/234_0115.jpg,233,234.tweezer
data/raw/caltech256/256_ObjectCategories/235.umbrella-101/235_0047.jpg,234,235.umbrella-101
data/raw/caltech256/256_ObjectCategories/235.umbrella-101/235_0079.jpg,234,235.umbrella-101
data/raw/caltech256/256_ObjectCategories/235.umbrella-101/235_0086.jpg,234,235.umbrella-101
data/raw/caltech256/256_ObjectCategories/235.umbrella-101/235_0008.jpg,234,235.umbrella-101
data/raw/caltech256/256_ObjectCategories/235.umbrella-101/235_0004.jpg,234,235.umbrella-101
data/raw/caltech256/256_ObjectCategories/235.umbrella-101/235_0054.jpg,234,235.umbrella-101
data/raw/caltech256/256_ObjectCategories/235.umbrella-101/235_0064.jpg,234,235.umbrella-101
data/raw/caltech256/256_ObjectCategories/235.umbrella-101/235_0013.jpg,234,235.umbrella-101
data/raw/caltech256/256_ObjectCategories/235.umbrella-101/235_0011.jpg,234,235.umbrella-101
data/raw/caltech256/256_ObjectCategories/235.umbrella-101/235_0023.jpg,234,235.umbrella-101
data/raw/caltech256/256_ObjectCategories/235.umbrella-101/235_0007.jpg,234,235.umbrella-101
data/raw/caltech256/256_ObjectCategories/235.umbrella-101/235_0073.jpg,234,235.umbrella-101
data/raw/caltech256/256_ObjectCategories/235.umbrella-101/235_0036.jpg,234,235.umbrella-101
data/raw/caltech256/256_ObjectCategories/235.umbrella-101/235_0060.jpg,234,235.umbrella-101
data/raw/caltech256/256_ObjectCategories/235.umbrella-101/235_0112.jpg,234,235.umbrella-101
data/raw/caltech256/256_ObjectCategories/235.umbrella-101/235_0083.jpg,234,235.umbrella-101
data/raw/caltech256/256_ObjectCategories/235.umbrella-101/235_0087.jpg,234,235.umbrella-101
data/raw/caltech256/256_ObjectCategories/235.umbrella-101/235_0050.jpg,234,235.umbrella-101
data/raw/caltech256/256_ObjectCategories/235.umbrella-101/235_0091.jpg,234,235.umbrella-101
data/raw/caltech256/256_ObjectCategories/235.umbrella-101/235_0097.jpg,234,235.umbrella-101
data/raw/caltech256/256_ObjectCategories/236.unicorn/236_0028.jpg,235,236.unicorn
data/raw/caltech256/256_ObjectCategories/236.unicorn/236_0063.jpg,235,236.unicorn
data/raw/caltech256/256_ObjectCategories/236.unicorn/236_0036.jpg,235,236.unicorn
data/raw/caltech256/256_ObjectCategories/236.unicorn/236_0022.jpg,235,236.unicorn
data/raw/caltech256/256_ObjectCategories/236.unicorn/236_0040.jpg,235,236.unicorn
data/raw/caltech256/256_ObjectCategories/236.unicorn/236_0075.jpg,235,236.unicorn
data/raw/caltech256/256_ObjectCategories/236.unicorn/236_0052.jpg,235,236.unicorn
data/raw/caltech256/256_ObjectCategories/236.unicorn/236_0092.jpg,235,236.unicorn
data/raw/caltech256/256_ObjectCategories/236.unicorn/236_0046.jpg,235,236.unicorn
data/raw/caltech256/256_ObjectCategories/236.unicorn/236_0061.jpg,235,236.unicorn
data/raw/caltech256/256_ObjectCategories/236.unicorn/236_0018.jpg,235,236.unicorn
data/raw/caltech256/256_ObjectCategories/236.unicorn/236_0044.jpg,235,236.unicorn
data/raw/caltech256/256_ObjectCategories/236.unicorn/236_0042.jpg,235,236.unicorn
data/raw/caltech256/256_ObjectCategories/236.unicorn/236_0086.jpg,235,236.unicorn
data/raw/caltech256/256_ObjectCategories/236.unicorn/236_0070.jpg,235,236.unicorn
data/raw/caltech256/256_ObjectCategories/236.unicorn/236_0093.jpg,235,236.unicorn
data/raw/caltech256/256_ObjectCategories/236.unicorn/236_0014.jpg,235,236.unicorn
data/raw/caltech256/256_ObjectCategories/237.vcr/237_0085.jpg,236,237.vcr
data/raw/caltech256/256_ObjectCategories/237.vcr/237_0056.jpg,236,237.vcr
data/raw/caltech256/256_ObjectCategories/237.vcr/237_0090.jpg,236,237.vcr
data/raw/caltech256/256_ObjectCategories/237.vcr/237_0019.jpg,236,237.vcr
data/raw/caltech256/256_ObjectCategories/237.vcr/237_0075.jpg,236,237.vcr
data/raw/caltech256/256_ObjectCategories/237.vcr/237_0062.jpg,236,237.vcr
data/raw/caltech256/256_ObjectCategories/237.vcr/237_0068.jpg,236,237.vcr
data/raw/caltech256/256_ObjectCategories/237.vcr/237_0018.jpg,236,237.vcr
data/raw/caltech256/256_ObjectCategories/237.vcr/237_0074.jpg,236,237.vcr
data/raw/caltech256/256_ObjectCategories/237.vcr/237_0036.jpg,236,237.vcr
data/raw/caltech256/256_ObjectCategories/237.vcr/237_0084.jpg,236,237.vcr
data/raw/caltech256/256_ObjectCategories/237.vcr/237_0060.jpg,236,237.vcr
data/raw/caltech256/256_ObjectCategories/237.vcr/237_0046.jpg,236,237.vcr
data/raw/caltech256/256_ObjectCategories/237.vcr/237_0011.jpg,236,237.vcr
data/raw/caltech256/256_ObjectCategories/237.vcr/237_0041.jpg,236,237.vcr
data/raw/caltech256/256_ObjectCategories/237.vcr/237_0049.jpg,236,237.vcr
data/raw/caltech256/256_ObjectCategories/238.video-projector/238_0038.jpg,237,238.video-projector
data/raw/caltech256/256_ObjectCategories/238.video-projector/238_0095.jpg,237,238.video-projector
data/raw/caltech256/256_ObjectCategories/238.video-projector/238_0076.jpg,237,238.video-projector
data/raw/caltech256/256_ObjectCategories/238.video-projector/238_0017.jpg,237,238.video-projector
data/raw/caltech256/256_ObjectCategories/238.video-projector/238_0016.jpg,237,238.video-projector
data/raw/caltech256/256_ObjectCategories/238.video-projector/238_0067.jpg,237,238.video-projector
data/raw/caltech256/256_ObjectCategories/238.video-projector/238_0050.jpg,237,238.video-projector
data/raw/caltech256/256_ObjectCategories/238.video-projector/238_0054.jpg,237,238.video-projector
data/raw/caltech256/256_ObjectCategories/238.video-projector/238_0028.jpg,237,238.video-projector
data/raw/caltech256/256_ObjectCategories/238.video-projector/238_0020.jpg,237,238.video-projector
data/raw/caltech256/256_ObjectCategories/238.video-projector/238_0049.jpg,237,238.video-projector
data/raw/caltech256/256_ObjectCategories/238.video-projector/238_0060.jpg,237,238.video-projector
data/raw/caltech256/256_ObjectCategories/238.video-projector/238_0033.jpg,237,238.video-projector
data/raw/caltech256/256_ObjectCategories/238.video-projector/238_0066.jpg,237,238.video-projector
data/raw/caltech256/256_ObjectCategories/238.video-projector/238_0086.jpg,237,238.video-projector
data/raw/caltech256/256_ObjectCategories/238.video-projector/238_0062.jpg,237,238.video-projector
data/raw/caltech256/256_ObjectCategories/238.video-projector/238_0007.jpg,237,238.video-projector
data/raw/caltech256/256_ObjectCategories/239.washing-machine/239_0019.jpg,238,239.washing-machine
data/raw/caltech256/256_ObjectCategories/239.washing-machine/239_0063.jpg,238,239.washing-machine
data/raw/caltech256/256_ObjectCategories/239.washing-machine/239_0001.jpg,238,239.washing-machine
data/raw/caltech256/256_ObjectCategories/239.washing-machine/239_0027.jpg,238,239.washing-machine
data/raw/caltech256/256_ObjectCategories/239.washing-machine/239_0036.jpg,238,239.washing-machine
data/raw/caltech256/256_ObjectCategories/239.washing-machine/239_0011.jpg,238,239.washing-machine
data/raw/caltech256/256_ObjectCategories/239.washing-machine/239_0030.jpg,238,239.washing-machine
data/raw/caltech256/256_ObjectCategories/239.washing-machine/239_0018.jpg,238,239.washing-machine
data/raw/caltech256/256_ObjectCategories/239.washing-machine/239_0064.jpg,238,239.washing-machine
data/raw/caltech256/256_ObjectCategories/239.washing-machine/239_0033.jpg,238,239.washing-machine
data/raw/caltech256/256_ObjectCategories/239.washing-machine/239_0014.jpg,238,239.washing-machine
data/raw/caltech256/256_ObjectCategories/239.washing-machine/239_0073.jpg,238,239.washing-machine
data/raw/caltech256/256_ObjectCategories/239.washing-machine/239_0062.jpg,238,239.washing-machine
data/raw/caltech256/256_ObjectCategories/239.washing-machine/239_0002.jpg,238,239.washing-machine
data/raw/caltech256/256_ObjectCategories/239.washing-machine/239_0081.jpg,238,239.washing-machine
data/raw/caltech256/256_ObjectCategories/240.watch-101/240_0047.jpg,239,240.watch-101
data/raw/caltech256/256_ObjectCategories/240.watch-101/240_0153.jpg,239,240.watch-101
data/raw/caltech256/256_ObjectCategories/240.watch-101/240_0124.jpg,239,240.watch-101
data/raw/caltech256/256_ObjectCategories/240.watch-101/240_0174.jpg,239,240.watch-101
data/raw/caltech256/256_ObjectCategories/240.watch-101/240_0083.jpg,239,240.watch-101
data/raw/caltech256/256_ObjectCategories/240.watch-101/240_0062.jpg,239,240.watch-101
data/raw/caltech256/256_ObjectCategories/240.watch-101/240_0197.jpg,239,240.watch-101
data/raw/caltech256/256_ObjectCategories/240.watch-101/240_0120.jpg,239,240.watch-101
data/raw/caltech256/256_ObjectCategories/240.watch-101/240_0107.jpg,239,240.watch-101
data/raw/caltech256/256_ObjectCategories/240.watch-101/240_0110.jpg,239,240.watch-101
data/raw/caltech256/256_ObjectCategories/240.watch-101/240_0136.jpg,239,240.watch-101
data/raw/caltech256/256_ObjectCategories/240.watch-101/240_0143.jpg,239,240.watch-101
data/raw/caltech256/256_ObjectCategories/240.watch-101/240_0170.jpg,239,240.watch-101
data/raw/caltech256/256_ObjectCategories/240.watch-101/240_0058.jpg,239,240.watch-101
data/raw/caltech256/256_ObjectCategories/240.watch-101/240_0198.jpg,239,240.watch-101
data/raw/caltech256/256_ObjectCategories/240.watch-101/240_0033.jpg,239,240.watch-101
data/raw/caltech256/256_ObjectCategories/240.watch-101/240_0004.jpg,239,240.watch-101
data/raw/caltech256/256_ObjectCategories/240.watch-101/240_0103.jpg,239,240.watch-101
data/raw/caltech256/256_ObjectCategories/240.watch-101/240_0086.jpg,239,240.watch-101
data/raw/caltech256/256_ObjectCategories/240.watch-101/240_0092.jpg,239,240.watch-101
data/raw/caltech256/256_ObjectCategories/240.watch-101/240_0007.jpg,239,240.watch-101
data/raw/caltech256/256_ObjectCategories/240.watch-101/240_0117.jpg,239,240.watch-101
data/raw/caltech256/256_ObjectCategories/240.watch-101/240_0042.jpg,239,240.watch-101
data/raw/caltech256/256_ObjectCategories/240.watch-101/240_0122.jpg,239,240.watch-101
data/raw/caltech256/256_ObjectCategories/240.watch-101/240_0189.jpg,239,240.watch-101
data/raw/caltech256/256_ObjectCategories/240.watch-101/240_0134.jpg,239,240.watch-101
data/raw/caltech256/256_ObjectCategories/240.watch-101/240_0030.jpg,239,240.watch-101
data/raw/caltech256/256_ObjectCategories/240.watch-101/240_0029.jpg,239,240.watch-101
data/raw/caltech256/256_ObjectCategories/240.watch-101/240_0118.jpg,239,240.watch-101
data/raw/caltech256/256_ObjectCategories/240.watch-101/240_0137.jpg,239,240.watch-101
data/raw/caltech256/256_ObjectCategories/240.watch-101/240_0049.jpg,239,240.watch-101
data/raw/caltech256/256_ObjectCategories/240.watch-101/240_0046.jpg,239,240.watch-101
data/raw/caltech256/256_ObjectCategories/240.watch-101/240_0051.jpg,239,240.watch-101
data/raw/caltech256/256_ObjectCategories/240.watch-101/240_0190.jpg,239,240.watch-101
data/raw/caltech256/256_ObjectCategories/240.watch-101/240_0073.jpg,239,240.watch-101
data/raw/caltech256/256_ObjectCategories/240.watch-101/240_0151.jpg,239,240.watch-101
data/raw/caltech256/256_ObjectCategories/241.waterfall/241_0077.jpg,240,241.waterfall
data/raw/caltech256/256_ObjectCategories/241.waterfall/241_0033.jpg,240,241.waterfall
data/raw/caltech256/256_ObjectCategories/241.waterfall/241_0048.jpg,240,241.waterfall
data/raw/caltech256/256_ObjectCategories/241.waterfall/241_0082.jpg,240,241.waterfall
data/raw/caltech256/256_ObjectCategories/241.waterfall/241_0083.jpg,240,241.waterfall
data/raw/caltech256/256_ObjectCategories/241.waterfall/241_0001.jpg,240,241.waterfall
data/raw/caltech256/256_ObjectCategories/241.waterfall/241_0084.jpg,240,241.waterfall
data/raw/caltech256/256_ObjectCategories/241.waterfall/241_0069.jpg,240,241.waterfall
data/raw/caltech256/256_ObjectCategories/241.waterfall/241_0093.jpg,240,241.waterfall
data/raw/caltech256/256_ObjectCategories/241.waterfall/241_0061.jpg,240,241.waterfall
data/raw/caltech256/256_ObjectCategories/241.waterfall/241_0034.jpg,240,241.waterfall
data/raw/caltech256/256_ObjectCategories/241.waterfall/241_0063.jpg,240,241.waterfall
data/raw/caltech256/256_ObjectCategories/241.waterfall/241_0050.jpg,240,241.waterfall
data/raw/caltech256/256_ObjectCategories/241.waterfall/241_0036.jpg,240,241.waterfall
data/raw/caltech256/256_ObjectCategories/241.waterfall/241_0015.jpg,240,241.waterfall
data/raw/caltech256/256_ObjectCategories/241.waterfall/241_0079.jpg,240,241.waterfall
data/raw/caltech256/256_ObjectCategories/241.waterfall/241_0017.jpg,240,241.waterfall
data/raw/caltech256/256_ObjectCategories/242.watermelon/242_0071.jpg,241,242.watermelon
data/raw/caltech256/256_ObjectCategories/242.watermelon/242_0084.jpg,241,242.watermelon
data/raw/caltech256/256_ObjectCategories/242.watermelon/242_0029.jpg,241,242.watermelon
data/raw/caltech256/256_ObjectCategories/242.watermelon/242_0067.jpg,241,242.watermelon
data/raw/caltech256/256_ObjectCategories/242.watermelon/242_0041.jpg,241,242.watermelon
data/raw/caltech256/256_ObjectCategories/242.watermelon/242_0032.jpg,241,242.watermelon
data/raw/caltech256/256_ObjectCategories/242.watermelon/242_0039.jpg,241,242.watermelon
data/raw/caltech256/256_ObjectCategories/242.watermelon/242_0035.jpg,241,242.watermelon
data/raw/caltech256/256_ObjectCategories/242.watermelon/242_0044.jpg,241,242.watermelon
data/raw/caltech256/256_ObjectCategories/242.watermelon/242_0091.jpg,241,242.watermelon
data/raw/caltech256/256_ObjectCategories/242.watermelon/242_0049.jpg,241,242.watermelon
data/raw/caltech256/256_ObjectCategories/242.watermelon/242_0015.jpg,241,242.watermelon
data/raw/caltech256/256_ObjectCategories/242.watermelon/242_0053.jpg,241,242.watermelon
data/raw/caltech256/256_ObjectCategories/242.watermelon/242_0048.jpg,241,242.watermelon
data/raw/caltech256/256_ObjectCategories/242.watermelon/242_0018.jpg,241,242.watermelon
data/raw/caltech256/256_ObjectCategories/242.watermelon/242_0060.jpg,241,242.watermelon
data/raw/caltech256/256_ObjectCategories/242.watermelon/242_0011.jpg,241,242.watermelon
data/raw/caltech256/256_ObjectCategories/243.welding-mask/243_0067.jpg,242,243.welding-mask
data/raw/caltech256/256_ObjectCategories/243.welding-mask/243_0080.jpg,242,243.welding-mask
data/raw/caltech256/256_ObjectCategories/243.welding-mask/243_0005.jpg,242,243.welding-mask
data/raw/caltech256/256_ObjectCategories/243.welding-mask/243_0039.jpg,242,243.welding-mask
data/raw/caltech256/256_ObjectCategories/243.welding-mask/243_0089.jpg,242,243.welding-mask
data/raw/caltech256/256_ObjectCategories/243.welding-mask/243_0073.jpg,242,243.welding-mask
data/raw/caltech256/256_ObjectCategories/243.welding-mask/243_0077.jpg,242,243.welding-mask
data/raw/caltech256/256_ObjectCategories/243.welding-mask/243_0024.jpg,242,243.welding-mask
data/raw/caltech256/256_ObjectCategories/243.welding-mask/243_0052.jpg,242,243.welding-mask
data/raw/caltech256/256_ObjectCategories/243.welding-mask/243_0028.jpg,242,243.welding-mask
data/raw/caltech256/256_ObjectCategories/243.welding-mask/243_0007.jpg,242,243.welding-mask
data/raw/caltech256/256_ObjectCategories/243.welding-mask/243_0055.jpg,242,243.welding-mask
data/raw/caltech256/256_ObjectCategories/243.welding-mask/243_0086.jpg,242,243.welding-mask
data/raw/caltech256/256_ObjectCategories/243.welding-mask/243_0011.jpg,242,243.welding-mask
data/raw/caltech256/256_ObjectCategories/243.welding-mask/243_0056.jpg,242,243.welding-mask
data/raw/caltech256/256_ObjectCategories/243.welding-mask/243_0022.jpg,242,243.welding-mask
data/raw/caltech256/256_ObjectCategories/244.wheelbarrow/244_0007.jpg,243,244.wheelbarrow
data/raw/caltech256/256_ObjectCategories/244.wheelbarrow/244_0060.jpg,243,244.wheelbarrow
data/raw/caltech256/256_ObjectCategories/244.wheelbarrow/244_0083.jpg,243,244.wheelbarrow
data/raw/caltech256/256_ObjectCategories/244.wheelbarrow/244_0081.jpg,243,244.wheelbarrow
data/raw/caltech256/256_ObjectCategories/244.wheelbarrow/244_0073.jpg,243,244.wheelbarrow
data/raw/caltech256/256_ObjectCategories/244.wheelbarrow/244_0038.jpg,243,244.wheelbarrow
data/raw/caltech256/256_ObjectCategories/244.wheelbarrow/244_0070.jpg,243,244.wheelbarrow
data/raw/caltech256/256_ObjectCategories/244.wheelbarrow/244_0041.jpg,243,244.wheelbarrow
data/raw/caltech256/256_ObjectCategories/244.wheelbarrow/244_0016.jpg,243,244.wheelbarrow
data/raw/caltech256/256_ObjectCategories/244.wheelbarrow/244_0072.jpg,243,244.wheelbarrow
data/raw/caltech256/256_ObjectCategories/244.wheelbarrow/244_0043.jpg,243,244.wheelbarrow
data/raw/caltech256/256_ObjectCategories/244.wheelbarrow/244_0014.jpg,243,244.wheelbarrow
data/raw/caltech256/256_ObjectCategories/244.wheelbarrow/244_0047.jpg,243,244.wheelbarrow
data/raw/caltech256/256_ObjectCategories/244.wheelbarrow/244_0035.jpg,243,244.wheelbarrow
data/raw/caltech256/256_ObjectCategories/244.wheelbarrow/244_0023.jpg,243,244.wheelbarrow
data/raw/caltech256/256_ObjectCategories/244.wheelbarrow/244_0003.jpg,243,244.wheelbarrow
data/raw/caltech256/256_ObjectCategories/245.windmill/245_0041.jpg,244,245.windmill
data/raw/caltech256/256_ObjectCategories/245.windmill/245_0059.jpg,244,245.windmill
data/raw/caltech256/256_ObjectCategories/245.windmill/245_0025.jpg,244,245.windmill
data/raw/caltech256/256_ObjectCategories/245.windmill/245_0035.jpg,244,245.windmill
data/raw/caltech256/256_ObjectCategories/245.windmill/245_0077.jpg,244,245.windmill
data/raw/caltech256/256_ObjectCategories/245.windmill/245_0086.jpg,244,245.windmill
data/raw/caltech256/256_ObjectCategories/245.windmill/245_0031.jpg,244,245.windmill
data/raw/caltech256/256_ObjectCategories/245.windmill/245_0087.jpg,244,245.windmill
data/raw/caltech256/256_ObjectCategories/245.windmill/245_0048.jpg,244,245.windmill
data/raw/caltech256/256_ObjectCategories/245.windmill/245_0007.jpg,244,245.windmill
data/raw/caltech256/256_ObjectCategories/245.windmill/245_0056.jpg,244,245.windmill
data/raw/caltech256/256_ObjectCategories/245.windmill/245_0027.jpg,244,245.windmill
data/raw/caltech256/256_ObjectCategories/245.windmill/245_0076.jpg,244,245.windmill
data/raw/caltech256/256_ObjectCategories/245.windmill/245_0084.jpg,244,245.windmill
data/raw/caltech256/256_ObjectCategories/245.windmill/245_0032.jpg,244,245.windmill
data/raw/caltech256/256_ObjectCategories/245.windmill/245_0073.jpg,244,245.windmill
data/raw/caltech256/256_ObjectCategories/246.wine-bottle/246_0025.jpg,245,246.wine-bottle
data/raw/caltech256/256_ObjectCategories/246.wine-bottle/246_0018.jpg,245,246.wine-bottle
data/raw/caltech256/256_ObjectCategories/246.wine-bottle/246_0060.jpg,245,246.wine-bottle
data/raw/caltech256/256_ObjectCategories/246.wine-bottle/246_0042.jpg,245,246.wine-bottle
data/raw/caltech256/256_ObjectCategories/246.wine-bottle/246_0059.jpg,245,246.wine-bottle
data/raw/caltech256/256_ObjectCategories/246.wine-bottle/246_0038.jpg,245,246.wine-bottle
data/raw/caltech256/256_ObjectCategories/246.wine-bottle/246_0076.jpg,245,246.wine-bottle
data/raw/caltech256/256_ObjectCategories/246.wine-bottle/246_0031.jpg,245,246.wine-bottle
data/raw/caltech256/256_ObjectCategories/246.wine-bottle/246_0013.jpg,245,246.wine-bottle
data/raw/caltech256/256_ObjectCategories/246.wine-bottle/246_0082.jpg,245,246.wine-bottle
data/raw/caltech256/256_ObjectCategories/246.wine-bottle/246_0022.jpg,245,246.wine-bottle
data/raw/caltech256/256_ObjectCategories/246.wine-bottle/246_0072.jpg,245,246.wine-bottle
data/raw/caltech256/256_ObjectCategories/246.wine-bottle/246_0037.jpg,245,246.wine-bottle
data/raw/caltech256/256_ObjectCategories/246.wine-bottle/246_0050.jpg,245,246.wine-bottle
data/raw/caltech256/256_ObjectCategories/246.wine-bottle/246_0014.jpg,245,246.wine-bottle
data/raw/caltech256/256_ObjectCategories/246.wine-bottle/246_0026.jpg,245,246.wine-bottle
data/raw/caltech256/256_ObjectCategories/246.wine-bottle/246_0016.jpg,245,246.wine-bottle
data/raw/caltech256/256_ObjectCategories/246.wine-bottle/246_0011.jpg,245,246.wine-bottle
data/raw/caltech256/256_ObjectCategories/247.xylophone/247_0076.jpg,246,247.xylophone
data/raw/caltech256/256_ObjectCategories/247.xylophone/247_0077.jpg,246,247.xylophone
data/raw/caltech256/256_ObjectCategories/247.xylophone/247_0088.jpg,246,247.xylophone
data/raw/caltech256/256_ObjectCategories/247.xylophone/247_0052.jpg,246,247.xylophone
data/raw/caltech256/256_ObjectCategories/247.xylophone/247_0072.jpg,246,247.xylophone
data/raw/caltech256/256_ObjectCategories/247.xylophone/247_0003.jpg,246,247.xylophone
data/raw/caltech256/256_ObjectCategories/247.xylophone/247_0061.jpg,246,247.xylophone
data/raw/caltech256/256_ObjectCategories/247.xylophone/247_0020.jpg,246,247.xylophone
data/raw/caltech256/256_ObjectCategories/247.xylophone/247_0084.jpg,246,247.xylophone
data/raw/caltech256/256_ObjectCategories/247.xylophone/247_0085.jpg,246,247.xylophone
data/raw/caltech256/256_ObjectCategories/247.xylophone/247_0078.jpg,246,247.xylophone
data/raw/caltech256/256_ObjectCategories/247.xylophone/247_0056.jpg,246,247.xylophone
data/raw/caltech256/256_ObjectCategories/247.xylophone/247_0058.jpg,246,247.xylophone
data/raw/caltech256/256_ObjectCategories/247.xylophone/247_0024.jpg,246,247.xylophone
data/raw/caltech256/256_ObjectCategories/247.xylophone/247_0002.jpg,246,247.xylophone
data/raw/caltech256/256_ObjectCategories/247.xylophone/247_0075.jpg,246,247.xylophone
data/raw/caltech256/256_ObjectCategories/247.xylophone/247_0009.jpg,246,247.xylophone
data/raw/caltech256/256_ObjectCategories/248.yarmulke/248_0072.jpg,247,248.yarmulke
data/raw/caltech256/256_ObjectCategories/248.yarmulke/248_0002.jpg,247,248.yarmulke
data/raw/caltech256/256_ObjectCategories/248.yarmulke/248_0026.jpg,247,248.yarmulke
data/raw/caltech256/256_ObjectCategories/248.yarmulke/248_0081.jpg,247,248.yarmulke
data/raw/caltech256/256_ObjectCategories/248.yarmulke/248_0035.jpg,247,248.yarmulke
data/raw/caltech256/256_ObjectCategories/248.yarmulke/248_0007.jpg,247,248.yarmulke
data/raw/caltech256/256_ObjectCategories/248.yarmulke/248_0051.jpg,247,248.yarmulke
data/raw/caltech256/256_ObjectCategories/248.yarmulke/248_0059.jpg,247,248.yarmulke
data/raw/caltech256/256_ObjectCategories/248.yarmulke/248_0009.jpg,247,248.yarmulke
data/raw/caltech256/256_ObjectCategories/248.yarmulke/248_0011.jpg,247,248.yarmulke
data/raw/caltech256/256_ObjectCategories/248.yarmulke/248_0041.jpg,247,248.yarmulke
data/raw/caltech256/256_ObjectCategories/248.yarmulke/248_0025.jpg,247,248.yarmulke
data/raw/caltech256/256_ObjectCategories/248.yarmulke/248_0032.jpg,247,248.yarmulke
data/raw/caltech256/256_ObjectCategories/248.yarmulke/248_0047.jpg,247,248.yarmulke
data/raw/caltech256/256_ObjectCategories/248.yarmulke/248_0034.jpg,247,248.yarmulke
data/raw/caltech256/256_ObjectCategories/249.yo-yo/249_0093.jpg,248,249.yo-yo
data/raw/caltech256/256_ObjectCategories/249.yo-yo/249_0049.jpg,248,249.yo-yo
data/raw/caltech256/256_ObjectCategories/249.yo-yo/249_0089.jpg,248,249.yo-yo
data/raw/caltech256/256_ObjectCategories/249.yo-yo/249_0019.jpg,248,249.yo-yo
data/raw/caltech256/256_ObjectCategories/249.yo-yo/249_0017.jpg,248,249.yo-yo
data/raw/caltech256/256_ObjectCategories/249.yo-yo/249_0052.jpg,248,249.yo-yo
data/raw/caltech256/256_ObjectCategories/249.yo-yo/249_0085.jpg,248,249.yo-yo
data/raw/caltech256/256_ObjectCategories/249.yo-yo/249_0083.jpg,248,249.yo-yo
data/raw/caltech256/256_ObjectCategories/249.yo-yo/249_0048.jpg,248,249.yo-yo
data/raw/caltech256/256_ObjectCategories/249.yo-yo/249_0092.jpg,248,249.yo-yo
data/raw/caltech256/256_ObjectCategories/249.yo-yo/249_0074.jpg,248,249.yo-yo
data/raw/caltech256/256_ObjectCategories/249.yo-yo/249_0098.jpg,248,249.yo-yo
data/raw/caltech256/256_ObjectCategories/249.yo-yo/249_0051.jpg,248,249.yo-yo
data/raw/caltech256/256_ObjectCategories/249.yo-yo/249_0082.jpg,248,249.yo-yo
data/raw/caltech256/256_ObjectCategories/249.yo-yo/249_0029.jpg,248,249.yo-yo
data/raw/caltech256/256_ObjectCategories/249.yo-yo/249_0070.jpg,248,249.yo-yo
data/raw/caltech256/256_ObjectCategories/249.yo-yo/249_0088.jpg,248,249.yo-yo
data/raw/caltech256/256_ObjectCategories/249.yo-yo/249_0045.jpg,248,249.yo-yo
data/raw/caltech256/256_ObjectCategories/250.zebra/250_0072.jpg,249,250.zebra
data/raw/caltech256/256_ObjectCategories/250.zebra/250_0074.jpg,249,250.zebra
data/raw/caltech256/256_ObjectCategories/250.zebra/250_0076.jpg,249,250.zebra
data/raw/caltech256/256_ObjectCategories/250.zebra/250_0008.jpg,249,250.zebra
data/raw/caltech256/256_ObjectCategories/250.zebra/250_0031.jpg,249,250.zebra
data/raw/caltech256/256_ObjectCategories/250.zebra/250_0050.jpg,249,250.zebra
data/raw/caltech256/256_ObjectCategories/250.zebra/250_0010.jpg,249,250.zebra
data/raw/caltech256/256_ObjectCategories/250.zebra/250_0075.jpg,249,250.zebra
data/raw/caltech256/256_ObjectCategories/250.zebra/250_0054.jpg,249,250.zebra
data/raw/caltech256/256_ObjectCategories/250.zebra/250_0092.jpg,249,250.zebra
data/raw/caltech256/256_ObjectCategories/250.zebra/250_0045.jpg,249,250.zebra
data/raw/caltech256/256_ObjectCategories/250.zebra/250_0048.jpg,249,250.zebra
data/raw/caltech256/256_ObjectCategories/250.zebra/250_0060.jpg,249,250.zebra
data/raw/caltech256/256_ObjectCategories/250.zebra/250_0086.jpg,249,250.zebra
data/raw/caltech256/256_ObjectCategories/250.zebra/250_0029.jpg,249,250.zebra
data/raw/caltech256/256_ObjectCategories/250.zebra/250_0026.jpg,249,250.zebra
data/raw/caltech256/256_ObjectCategories/250.zebra/250_0025.jpg,249,250.zebra
data/raw/caltech256/256_ObjectCategories/251.airplanes-101/251_0546.jpg,250,251.airplanes-101
data/raw/caltech256/256_ObjectCategories/251.airplanes-101/251_0288.jpg,250,251.airplanes-101
data/raw/caltech256/256_ObjectCategories/251.airplanes-101/251_0323.jpg,250,251.airplanes-101
data/raw/caltech256/256_ObjectCategories/251.airplanes-101/251_0335.jpg,250,251.airplanes-101
data/raw/caltech256/256_ObjectCategories/251.airplanes-101/251_0420.jpg,250,251.airplanes-101
data/raw/caltech256/256_ObjectCategories/251.airplanes-101/251_0759.jpg,250,251.airplanes-101
data/raw/caltech256/256_ObjectCategories/251.airplanes-101/251_0388.jpg,250,251.airplanes-101
data/raw/caltech256/256_ObjectCategories/251.airplanes-101/251_0380.jpg,250,251.airplanes-101
data/raw/caltech256/256_ObjectCategories/251.airplanes-101/251_0786.jpg,250,251.airplanes-101
data/raw/caltech256/256_ObjectCategories/251.airplanes-101/251_0483.jpg,250,251.airplanes-101
data/raw/caltech256/256_ObjectCategories/251.airplanes-101/251_0771.jpg,250,251.airplanes-101
data/raw/caltech256/256_ObjectCategories/251.airplanes-101/251_0148.jpg,250,251.airplanes-101
data/raw/caltech256/256_ObjectCategories/251.airplanes-101/251_0567.jpg,250,251.airplanes-101
data/raw/caltech256/256_ObjectCategories/251.airplanes-101/251_0248.jpg,250,251.airplanes-101
data/raw/caltech256/256_ObjectCategories/251.airplanes-101/251_0729.jpg,250,251.airplanes-101
data/raw/caltech256/256_ObjectCategories/251.airplanes-101/251_0170.jpg,250,251.airplanes-101
data/raw/caltech256/256_ObjectCategories/251.airplanes-101/251_0330.jpg,250,251.airplanes-101
data/raw/caltech256/256_ObjectCategories/251.airplanes-101/251_0081.jpg,250,251.airplanes-101
data/raw/caltech256/256_ObjectCategories/251.airplanes-101/251_0334.jpg,250,251.airplanes-101
data/raw/caltech256/256_ObjectCategories/251.airplanes-101/251_0652.jpg,250,251.airplanes-101
data/raw/caltech256/256_ObjectCategories/251.airplanes-101/251_0008.jpg,250,251.airplanes-101
data/raw/caltech256/256_ObjectCategories/251.airplanes-101/251_0562.jpg,250,251.airplanes-101
data/raw/caltech256/256_ObjectCategories/251.airplanes-101/251_0688.jpg,250,251.airplanes-101
data/raw/caltech256/256_ObjectCategories/251.airplanes-101/251_0327.jpg,250,251.airplanes-101
data/raw/caltech256/256_ObjectCategories/251.airplanes-101/251_0670.jpg,250,251.airplanes-101
data/raw/caltech256/256_ObjectCategories/251.airplanes-101/251_0718.jpg,250,251.airplanes-101
data/raw/caltech256/256_ObjectCategories/251.airplanes-101/251_0371.jpg,250,251.airplanes-101
data/raw/caltech256/256_ObjectCategories/251.airplanes-101/251_0152.jpg,250,251.airplanes-101
data/raw/caltech256/256_ObjectCategories/251.airplanes-101/251_0121.jpg,250,251.airplanes-101
data/raw/caltech256/256_ObjectCategories/251.airplanes-101/251_0321.jpg,250,251.airplanes-101
data/raw/caltech256/256_ObjectCategories/251.airplanes-101/251_0139.jpg,250,251.airplanes-101
data/raw/caltech256/256_ObjectCategories/251.airplanes-101/251_0605.jpg,250,251.airplanes-101
data/raw/caltech256/256_ObjectCategories/251.airplanes-101/251_0418.jpg,250,251.airplanes-101
data/raw/caltech256/256_ObjectCategories/251.airplanes-101/251_0500.jpg,250,251.airplanes-101
data/raw/caltech256/256_ObjectCategories/251.airplanes-101/251_0278.jpg,250,251.airplanes-101
data/raw/caltech256/256_ObjectCategories/251.airplanes-101/251_0398.jpg,250,251.airplanes-101
data/raw/caltech256/256_ObjectCategories/251.airplanes-101/251_0341.jpg,250,251.airplanes-101
data/raw/caltech256/256_ObjectCategories/251.airplanes-101/251_0217.jpg,250,251.airplanes-101
data/raw/caltech256/256_ObjectCategories/251.airplanes-101/251_0406.jpg,250,251.airplanes-101
data/raw/caltech256/256_ObjectCategories/251.airplanes-101/251_0221.jpg,250,251.airplanes-101
data/raw/caltech256/256_ObjectCategories/251.airplanes-101/251_0585.jpg,250,251.airplanes-101
data/raw/caltech256/256_ObjectCategories/251.airplanes-101/251_0229.jpg,250,251.airplanes-101
data/raw/caltech256/256_ObjectCategories/251.airplanes-101/251_0572.jpg,250,251.airplanes-101
data/raw/caltech256/256_ObjectCategories/251.airplanes-101/251_0082.jpg,250,251.airplanes-101
data/raw/caltech256/256_ObjectCategories/251.airplanes-101/251_0210.jpg,250,251.airplanes-101
data/raw/caltech256/256_ObjectCategories/251.airplanes-101/251_0476.jpg,250,251.airplanes-101
data/raw/caltech256/256_ObjectCategories/251.airplanes-101/251_0769.jpg,250,251.airplanes-101
data/raw/caltech256/256_ObjectCategories/251.airplanes-101/251_0113.jpg,250,251.airplanes-101
data/raw/caltech256/256_ObjectCategories/251.airplanes-101/251_0149.jpg,250,251.airplanes-101
data/raw/caltech256/256_ObjectCategories/251.airplanes-101/251_0110.jpg,250,251.airplanes-101
data/raw/caltech256/256_ObjectCategories/251.airplanes-101/251_0141.jpg,250,251.airplanes-101
data/raw/caltech256/256_ObjectCategories/251.airplanes-101/251_0125.jpg,250,251.airplanes-101
data/raw/caltech256/256_ObjectCategories/251.airplanes-101/251_0740.jpg,250,251.airplanes-101
data/raw/caltech256/256_ObjectCategories/251.airplanes-101/251_0066.jpg,250,251.airplanes-101
data/raw/caltech256/256_ObjectCategories/251.airplanes-101/251_0262.jpg,250,251.airplanes-101
data/raw/caltech256/256_ObjectCategories/251.airplanes-101/251_0411.jpg,250,251.airplanes-101
data/raw/caltech256/256_ObjectCategories/251.airplanes-101/251_0780.jpg,250,251.airplanes-101
data/raw/caltech256/256_ObjectCategories/251.airplanes-101/251_0466.jpg,250,251.airplanes-101
data/raw/caltech256/256_ObjectCategories/251.airplanes-101/251_0126.jpg,250,251.airplanes-101
data/raw/caltech256/256_ObjectCategories/251.airplanes-101/251_0127.jpg,250,251.airplanes-101
data/raw/caltech256/256_ObjectCategories/251.airplanes-101/251_0122.jpg,250,251.airplanes-101
data/raw/caltech256/256_ObjectCategories/251.airplanes-101/251_0422.jpg,250,251.airplanes-101
data/raw/caltech256/256_ObjectCategories/251.airplanes-101/251_0773.jpg,250,251.airplanes-101
data/raw/caltech256/256_ObjectCategories/251.airplanes-101/251_0234.jpg,250,251.airplanes-101
data/raw/caltech256/256_ObjectCategories/251.airplanes-101/251_0796.jpg,250,251.airplanes-101
data/raw/caltech256/256_ObjectCategories/251.airplanes-101/251_0415.jpg,250,251.airplanes-101
data/raw/caltech256/256_ObjectCategories/251.airplanes-101/251_0712.jpg,250,251.airplanes-101
data/raw/caltech256/256_ObjectCategories/251.airplanes-101/251_0660.jpg,250,251.airplanes-101
data/raw/caltech256/256_ObjectCategories/251.airplanes-101/251_0325.jpg,250,251.airplanes-101
data/raw/caltech256/256_ObjectCategories/251.airplanes-101/251_0189.jpg,250,251.airplanes-101
data/raw/caltech256/256_ObjectCategories/251.airplanes-101/251_0294.jpg,250,251.airplanes-101
data/raw/caltech256/256_ObjectCategories/251.airplanes-101/251_0641.jpg,250,251.airplanes-101
data/raw/caltech256/256_ObjectCategories/251.airplanes-101/251_0279.jpg,250,251.airplanes-101
data/raw/caltech256/256_ObjectCategories/251.airplanes-101/251_0010.jpg,250,251.airplanes-101
data/raw/caltech256/256_ObjectCategories/251.airplanes-101/251_0048.jpg,250,251.airplanes-101
data/raw/caltech256/256_ObjectCategories/251.airplanes-101/251_0509.jpg,250,251.airplanes-101
data/raw/caltech256/256_ObjectCategories/251.airplanes-101/251_0469.jpg,250,251.airplanes-101
data/raw/caltech256/256_ObjectCategories/251.airplanes-101/251_0677.jpg,250,251.airplanes-101
data/raw/caltech256/256_ObjectCategories/251.airplanes-101/251_0290.jpg,250,251.airplanes-101
data/raw/caltech256/256_ObjectCategories/251.airplanes-101/251_0662.jpg,250,251.airplanes-101
data/raw/caltech256/256_ObjectCategories/251.airplanes-101/251_0023.jpg,250,251.airplanes-101
data/raw/caltech256/256_ObjectCategories/251.airplanes-101/251_0609.jpg,250,251.airplanes-101
data/raw/caltech256/256_ObjectCategories/251.airplanes-101/251_0092.jpg,250,251.airplanes-101
data/raw/caltech256/256_ObjectCategories/251.airplanes-101/251_0754.jpg,250,251.airplanes-101
data/raw/caltech256/256_ObjectCategories/251.airplanes-101/251_0437.jpg,250,251.airplanes-101
data/raw/caltech256/256_ObjectCategories/251.airplanes-101/251_0516.jpg,250,251.airplanes-101
data/raw/caltech256/256_ObjectCategories/251.airplanes-101/251_0276.jpg,250,251.airplanes-101
data/raw/caltech256/256_ObjectCategories/251.airplanes-101/251_0084.jpg,250,251.airplanes-101
data/raw/caltech256/256_ObjectCategories/251.airplanes-101/251_0775.jpg,250,251.airplanes-101
data/raw/caltech256/256_ObjectCategories/251.airplanes-101/251_0686.jpg,250,251.airplanes-101
data/raw/caltech256/256_ObjectCategories/251.airplanes-101/251_0236.jpg,250,251.airplanes-101
data/raw/caltech256/256_ObjectCategories/251.airplanes-101/251_0230.jpg,250,251.airplanes-101
data/raw/caltech256/256_ObjectCategories/251.airplanes-101/251_0194.jpg,250,251.airplanes-101
data/raw/caltech256/256_ObjectCategories/251.airplanes-101/251_0112.jpg,250,251.airplanes-101
data/raw/caltech256/256_ObjectCategories/251.airplanes-101/251_0193.jpg,250,251.airplanes-101
data/raw/caltech256/256_ObjectCategories/251.airplanes-101/251_0634.jpg,250,251.airplanes-101
data/raw/caltech256/256_ObjectCategories/251.airplanes-101/251_0549.jpg,250,251.airplanes-101
data/raw/caltech256/256_ObjectCategories/251.airplanes-101/251_0047.jpg,250,251.airplanes-101
data/raw/caltech256/256_ObjectCategories/251.airplanes-101/251_0739.jpg,250,251.airplanes-101
data/raw/caltech256/256_ObjectCategories/251.airplanes-101/251_0725.jpg,250,251.airplanes-101
data/raw/caltech256/256_ObjectCategories/251.airplanes-101/251_0538.jpg,250,251.airplanes-101
data/raw/caltech256/256_ObjectCategories/251.airplanes-101/251_0669.jpg,250,251.airplanes-101
data/raw/caltech256/256_ObjectCategories/251.airplanes-101/251_0789.jpg,250,251.airplanes-101
data/raw/caltech256/256_ObjectCategories/251.airplanes-101/251_0635.jpg,250,251.airplanes-101
data/raw/caltech256/256_ObjectCategories/251.airplanes-101/251_0166.jpg,250,251.airplanes-101
data/raw/caltech256/256_ObjectCategories/251.airplanes-101/251_0552.jpg,250,251.airplanes-101
data/raw/caltech256/256_ObjectCategories/251.airplanes-101/251_0352.jpg,250,251.airplanes-101
data/raw/caltech256/256_ObjectCategories/251.airplanes-101/251_0642.jpg,250,251.airplanes-101
data/raw/caltech256/256_ObjectCategories/251.airplanes-101/251_0072.jpg,250,251.airplanes-101
data/raw/caltech256/256_ObjectCategories/251.airplanes-101/251_0728.jpg,250,251.airplanes-101
data/raw/caltech256/256_ObjectCategories/251.airplanes-101/251_0128.jpg,250,251.airplanes-101
data/raw/caltech256/256_ObjectCategories/251.airplanes-101/251_0394.jpg,250,251.airplanes-101
data/raw/caltech256/256_ObjectCategories/251.airplanes-101/251_0533.jpg,250,251.airplanes-101
data/raw/caltech256/256_ObjectCategories/251.airplanes-101/251_0520.jpg,250,251.airplanes-101
data/raw/caltech256/256_ObjectCategories/251.airplanes-101/251_0056.jpg,250,251.airplanes-101
data/raw/caltech256/256_ObjectCategories/251.airplanes-101/251_0743.jpg,250,251.airplanes-101
data/raw/caltech256/256_ObjectCategories/251.airplanes-101/251_0524.jpg,250,251.airplanes-101
data/raw/caltech256/256_ObjectCategories/251.airplanes-101/251_0202.jpg,250,251.airplanes-101
data/raw/caltech256/256_ObjectCategories/251.airplanes-101/251_0318.jpg,250,251.airplanes-101
data/raw/caltech256/256_ObjectCategories/251.airplanes-101/251_0486.jpg,250,251.airplanes-101
data/raw/caltech256/256_ObjectCategories/251.airplanes-101/251_0357.jpg,250,251.airplanes-101
data/raw/caltech256/256_ObjectCategories/251.airplanes-101/251_0354.jpg,250,251.airplanes-101
data/raw/caltech256/256_ObjectCategories/251.airplanes-101/251_0756.jpg,250,251.airplanes-101
data/raw/caltech256/256_ObjectCategories/251.airplanes-101/251_0633.jpg,250,251.airplanes-101
data/raw/caltech256/256_ObjectCategories/251.airplanes-101/251_0772.jpg,250,251.airplanes-101
data/raw/caltech256/256_ObjectCategories/251.airplanes-101/251_0557.jpg,250,251.airplanes-101
data/raw/caltech256/256_ObjectCategories/251.airplanes-101/251_0431.jpg,250,251.airplanes-101
data/raw/caltech256/256_ObjectCategories/251.airplanes-101/251_0623.jpg,250,251.airplanes-101
data/raw/caltech256/256_ObjectCategories/251.airplanes-101/251_0191.jpg,250,251.airplanes-101
data/raw/caltech256/256_ObjectCategories/251.airplanes-101/251_0534.jpg,250,251.airplanes-101
data/raw/caltech256/256_ObjectCategories/251.airplanes-101/251_0017.jpg,250,251.airplanes-101
data/raw/caltech256/256_ObjectCategories/251.airplanes-101/251_0748.jpg,250,251.airplanes-101
data/raw/caltech256/256_ObjectCategories/251.airplanes-101/251_0005.jpg,250,251.airplanes-101
data/raw/caltech256/256_ObjectCategories/251.airplanes-101/251_0503.jpg,250,251.airplanes-101
data/raw/caltech256/256_ObjectCategories/251.airplanes-101/251_0653.jpg,250,251.airplanes-101
data/raw/caltech256/256_ObjectCategories/251.airplanes-101/251_0383.jpg,250,251.airplanes-101
data/raw/caltech256/256_ObjectCategories/251.airplanes-101/251_0758.jpg,250,251.airplanes-101
data/raw/caltech256/256_ObjectCategories/251.airplanes-101/251_0068.jpg,250,251.airplanes-101
data/raw/caltech256/256_ObjectCategories/251.airplanes-101/251_0274.jpg,250,251.airplanes-101
data/raw/caltech256/256_ObjectCategories/251.airplanes-101/251_0181.jpg,250,251.airplanes-101
data/raw/caltech256/256_ObjectCategories/252.car-side-101/252_0048.jpg,251,252.car-side-101
data/raw/caltech256/256_ObjectCategories/252.car-side-101/252_0110.jpg,251,252.car-side-101
data/raw/caltech256/256_ObjectCategories/252.car-side-101/252_0112.jpg,251,252.car-side-101
data/raw/caltech256/256_ObjectCategories/252.car-side-101/252_0061.jpg,251,252.car-side-101
data/raw/caltech256/256_ObjectCategories/252.car-side-101/252_0114.jpg,251,252.car-side-101
data/raw/caltech256/256_ObjectCategories/252.car-side-101/252_0039.jpg,251,252.car-side-101
data/raw/caltech256/256_ObjectCategories/252.car-side-101/252_0065.jpg,251,252.car-side-101
data/raw/caltech256/256_ObjectCategories/252.car-side-101/252_0073.jpg,251,252.car-side-101
data/raw/caltech256/256_ObjectCategories/252.car-side-101/252_0067.jpg,251,252.car-side-101
data/raw/caltech256/256_ObjectCategories/252.car-side-101/252_0099.jpg,251,252.car-side-101
data/raw/caltech256/256_ObjectCategories/252.car-side-101/252_0025.jpg,251,252.car-side-101
data/raw/caltech256/256_ObjectCategories/252.car-side-101/252_0063.jpg,251,252.car-side-101
data/raw/caltech256/256_ObjectCategories/252.car-side-101/252_0040.jpg,251,252.car-side-101
data/raw/caltech256/256_ObjectCategories/252.car-side-101/252_0007.jpg,251,252.car-side-101
data/raw/caltech256/256_ObjectCategories/252.car-side-101/252_0064.jpg,251,252.car-side-101
data/raw/caltech256/256_ObjectCategories/252.car-side-101/252_0021.jpg,251,252.car-side-101
data/raw/caltech256/256_ObjectCategories/252.car-side-101/252_0024.jpg,251,252.car-side-101
data/raw/caltech256/256_ObjectCategories/252.car-side-101/252_0091.jpg,251,252.car-side-101
data/raw/caltech256/256_ObjectCategories/252.car-side-101/252_0031.jpg,251,252.car-side-101
data/raw/caltech256/256_ObjectCategories/252.car-side-101/252_0051.jpg,251,252.car-side-101
data/raw/caltech256/256_ObjectCategories/252.car-side-101/252_0069.jpg,251,252.car-side-101
data/raw/caltech256/256_ObjectCategories/253.faces-easy-101/253_0287.jpg,252,253.faces-easy-101
data/raw/caltech256/256_ObjectCategories/253.faces-easy-101/253_0320.jpg,252,253.faces-easy-101
data/raw/caltech256/256_ObjectCategories/253.faces-easy-101/253_0096.jpg,252,253.faces-easy-101
data/raw/caltech256/256_ObjectCategories/253.faces-easy-101/253_0292.jpg,252,253.faces-easy-101
data/raw/caltech256/256_ObjectCategories/253.faces-easy-101/253_0281.jpg,252,253.faces-easy-101
data/raw/caltech256/256_ObjectCategories/253.faces-easy-101/253_0211.jpg,252,253.faces-easy-101
data/raw/caltech256/256_ObjectCategories/253.faces-easy-101/253_0112.jpg,252,253.faces-easy-101
data/raw/caltech256/256_ObjectCategories/253.faces-easy-101/253_0199.jpg,252,253.faces-easy-101
data/raw/caltech256/256_ObjectCategories/253.faces-easy-101/253_0066.jpg,252,253.faces-easy-101
data/raw/caltech256/256_ObjectCategories/253.faces-easy-101/253_0137.jpg,252,253.faces-easy-101
data/raw/caltech256/256_ObjectCategories/253.faces-easy-101/253_0195.jpg,252,253.faces-easy-101
data/raw/caltech256/256_ObjectCategories/253.faces-easy-101/253_0426.jpg,252,253.faces-easy-101
data/raw/caltech256/256_ObjectCategories/253.faces-easy-101/253_0327.jpg,252,253.faces-easy-101
data/raw/caltech256/256_ObjectCategories/253.faces-easy-101/253_0141.jpg,252,253.faces-easy-101
data/raw/caltech256/256_ObjectCategories/253.faces-easy-101/253_0393.jpg,252,253.faces-easy-101
data/raw/caltech256/256_ObjectCategories/253.faces-easy-101/253_0202.jpg,252,253.faces-easy-101
data/raw/caltech256/256_ObjectCategories/253.faces-easy-101/253_0024.jpg,252,253.faces-easy-101
data/raw/caltech256/256_ObjectCategories/253.faces-easy-101/253_0035.jpg,252,253.faces-easy-101
data/raw/caltech256/256_ObjectCategories/253.faces-easy-101/253_0347.jpg,252,253.faces-easy-101
data/raw/caltech256/256_ObjectCategories/253.faces-easy-101/253_0409.jpg,252,253.faces-easy-101
data/raw/caltech256/256_ObjectCategories/253.faces-easy-101/253_0164.jpg,252,253.faces-easy-101
data/raw/caltech256/256_ObjectCategories/253.faces-easy-101/253_0187.jpg,252,253.faces-easy-101
data/raw/caltech256/256_ObjectCategories/253.faces-easy-101/253_0335.jpg,252,253.faces-easy-101
data/raw/caltech256/256_ObjectCategories/253.faces-easy-101/253_0340.jpg,252,253.faces-easy-101
data/raw/caltech256/256_ObjectCategories/253.faces-easy-101/253_0265.jpg,252,253.faces-easy-101
data/raw/caltech256/256_ObjectCategories/253.faces-easy-101/253_0013.jpg,252,253.faces-easy-101
data/raw/caltech256/256_ObjectCategories/253.faces-easy-101/253_0289.jpg,252,253.faces-easy-101
data/raw/caltech256/256_ObjectCategories/253.faces-easy-101/253_0277.jpg,252,253.faces-easy-101
data/raw/caltech256/256_ObjectCategories/253.faces-easy-101/253_0120.jpg,252,253.faces-easy-101
data/raw/caltech256/256_ObjectCategories/253.faces-easy-101/253_0085.jpg,252,253.faces-easy-101
data/raw/caltech256/256_ObjectCategories/253.faces-easy-101/253_0070.jpg,252,253.faces-easy-101
data/raw/caltech256/256_ObjectCategories/253.faces-easy-101/253_0413.jpg,252,253.faces-easy-101
data/raw/caltech256/256_ObjectCategories/253.faces-easy-101/253_0341.jpg,252,253.faces-easy-101
data/raw/caltech256/256_ObjectCategories/253.faces-easy-101/253_0002.jpg,252,253.faces-easy-101
data/raw/caltech256/256_ObjectCategories/253.faces-easy-101/253_0036.jpg,252,253.faces-easy-101
data/raw/caltech256/256_ObjectCategories/253.faces-easy-101/253_0111.jpg,252,253.faces-easy-101
data/raw/caltech256/256_ObjectCategories/253.faces-easy-101/253_0246.jpg,252,253.faces-easy-101
data/raw/caltech256/256_ObjectCategories/253.faces-easy-101/253_0317.jpg,252,253.faces-easy-101
data/raw/caltech256/256_ObjectCategories/253.faces-easy-101/253_0305.jpg,252,253.faces-easy-101
data/raw/caltech256/256_ObjectCategories/253.faces-easy-101/253_0234.jpg,252,253.faces-easy-101
data/raw/caltech256/256_ObjectCategories/253.faces-easy-101/253_0030.jpg,252,253.faces-easy-101
data/raw/caltech256/256_ObjectCategories/253.faces-easy-101/253_0173.jpg,252,253.faces-easy-101
data/raw/caltech256/256_ObjectCategories/253.faces-easy-101/253_0431.jpg,252,253.faces-easy-101
data/raw/caltech256/256_ObjectCategories/253.faces-easy-101/253_0061.jpg,252,253.faces-easy-101
data/raw/caltech256/256_ObjectCategories/253.faces-easy-101/253_0333.jpg,252,253.faces-easy-101
data/raw/caltech256/256_ObjectCategories/253.faces-easy-101/253_0368.jpg,252,253.faces-easy-101
data/raw/caltech256/256_ObjectCategories/253.faces-easy-101/253_0331.jpg,252,253.faces-easy-101
data/raw/caltech256/256_ObjectCategories/253.faces-easy-101/253_0201.jpg,252,253.faces-easy-101
data/raw/caltech256/256_ObjectCategories/253.faces-easy-101/253_0395.jpg,252,253.faces-easy-101
data/raw/caltech256/256_ObjectCategories/253.faces-easy-101/253_0225.jpg,252,253.faces-easy-101
data/raw/caltech256/256_ObjectCategories/253.faces-easy-101/253_0358.jpg,252,253.faces-easy-101
data/raw/caltech256/256_ObjectCategories/253.faces-easy-101/253_0380.jpg,252,253.faces-easy-101
data/raw/caltech256/256_ObjectCategories/253.faces-easy-101/253_0405.jpg,252,253.faces-easy-101
data/raw/caltech256/256_ObjectCategories/253.faces-easy-101/253_0389.jpg,252,253.faces-easy-101
data/raw/caltech256/256_ObjectCategories/253.faces-easy-101/253_0162.jpg,252,253.faces-easy-101
data/raw/caltech256/256_ObjectCategories/253.faces-easy-101/253_0131.jpg,252,253.faces-easy-101
data/raw/caltech256/256_ObjectCategories/253.faces-easy-101/253_0381.jpg,252,253.faces-easy-101
data/raw/caltech256/256_ObjectCategories/253.faces-easy-101/253_0046.jpg,252,253.faces-easy-101
data/raw/caltech256/256_ObjectCategories/253.faces-easy-101/253_0260.jpg,252,253.faces-easy-101
data/raw/caltech256/256_ObjectCategories/253.faces-easy-101/253_0049.jpg,252,253.faces-easy-101
data/raw/caltech256/256_ObjectCategories/253.faces-easy-101/253_0220.jpg,252,253.faces-easy-101
data/raw/caltech256/256_ObjectCategories/253.faces-easy-101/253_0416.jpg,252,253.faces-easy-101
data/raw/caltech256/256_ObjectCategories/253.faces-easy-101/253_0299.jpg,252,253.faces-easy-101
data/raw/caltech256/256_ObjectCategories/253.faces-easy-101/253_0084.jpg,252,253.faces-easy-101
data/raw/caltech256/256_ObjectCategories/253.faces-easy-101/253_0105.jpg,252,253.faces-easy-101
data/raw/caltech256/256_ObjectCategories/253.faces-easy-101/253_0076.jpg,252,253.faces-easy-101
data/raw/caltech256/256_ObjectCategories/253.faces-easy-101/253_0007.jpg,252,253.faces-easy-101
data/raw/caltech256/256_ObjectCategories/253.faces-easy-101/253_0297.jpg,252,253.faces-easy-101
data/raw/caltech256/256_ObjectCategories/253.faces-easy-101/253_0419.jpg,252,253.faces-easy-101
data/raw/caltech256/256_ObjectCategories/253.faces-easy-101/253_0322.jpg,252,253.faces-easy-101
data/raw/caltech256/256_ObjectCategories/253.faces-easy-101/253_0284.jpg,252,253.faces-easy-101
data/raw/caltech256/256_ObjectCategories/253.faces-easy-101/253_0357.jpg,252,253.faces-easy-101
data/raw/caltech256/256_ObjectCategories/253.faces-easy-101/253_0258.jpg,252,253.faces-easy-101
data/raw/caltech256/256_ObjectCategories/253.faces-easy-101/253_0165.jpg,252,253.faces-easy-101
data/raw/caltech256/256_ObjectCategories/253.faces-easy-101/253_0138.jpg,252,253.faces-easy-101
data/raw/caltech256/256_ObjectCategories/253.faces-easy-101/253_0091.jpg,252,253.faces-easy-101
data/raw/caltech256/256_ObjectCategories/254.greyhound/254_0029.jpg,253,254.greyhound
data/raw/caltech256/256_ObjectCategories/254.greyhound/254_0051.jpg,253,254.greyhound
data/raw/caltech256/256_ObjectCategories/254.greyhound/254_0021.jpg,253,254.greyhound
data/raw/caltech256/256_ObjectCategories/254.greyhound/254_0050.jpg,253,254.greyhound
data/raw/caltech256/256_ObjectCategories/254.greyhound/254_0033.jpg,253,254.greyhound
data/raw/caltech256/256_ObjectCategories/254.greyhound/254_0018.jpg,253,254.greyhound
data/raw/caltech256/256_ObjectCategories/254.greyhound/254_0040.jpg,253,254.greyhound
data/raw/caltech256/256_ObjectCategories/254.greyhound/254_0065.jpg,253,254.greyhound
data/raw/caltech256/256_ObjectCategories/254.greyhound/254_0047.jpg,253,254.greyhound
data/raw/caltech256/256_ObjectCategories/254.greyhound/254_0092.jpg,253,254.greyhound
data/raw/caltech256/256_ObjectCategories/254.greyhound/254_0072.jpg,253,254.greyhound
data/raw/caltech256/256_ObjectCategories/254.greyhound/254_0053.jpg,253,254.greyhound
data/raw/caltech256/256_ObjectCategories/254.greyhound/254_0031.jpg,253,254.greyhound
data/raw/caltech256/256_ObjectCategories/254.greyhound/254_0076.jpg,253,254.greyhound
data/raw/caltech256/256_ObjectCategories/254.greyhound/254_0026.jpg,253,254.greyhound
data/raw/caltech256/256_ObjectCategories/254.greyhound/254_0023.jpg,253,254.greyhound
data/raw/caltech256/256_ObjectCategories/254.greyhound/254_0035.jpg,253,254.greyhound
data/raw/caltech256/256_ObjectCategories/255.tennis-shoes/255_0048.jpg,254,255.tennis-shoes
data/raw/caltech256/256_ObjectCategories/255.tennis-shoes/255_0008.jpg,254,255.tennis-shoes
data/raw/caltech256/256_ObjectCategories/255.tennis-shoes/255_0103.jpg,254,255.tennis-shoes
data/raw/caltech256/256_ObjectCategories/255.tennis-shoes/255_0012.jpg,254,255.tennis-shoes
data/raw/caltech256/256_ObjectCategories/255.tennis-shoes/255_0049.jpg,254,255.tennis-shoes
data/raw/caltech256/256_ObjectCategories/255.tennis-shoes/255_0089.jpg,254,255.tennis-shoes
data/raw/caltech256/256_ObjectCategories/255.tennis-shoes/255_0081.jpg,254,255.tennis-shoes
data/raw/caltech256/256_ObjectCategories/255.tennis-shoes/255_0011.jpg,254,255.tennis-shoes
data/raw/caltech256/256_ObjectCategories/255.tennis-shoes/255_0024.jpg,254,255.tennis-shoes
data/raw/caltech256/256_ObjectCategories/255.tennis-shoes/255_0056.jpg,254,255.tennis-shoes
data/raw/caltech256/256_ObjectCategories/255.tennis-shoes/255_0097.jpg,254,255.tennis-shoes
data/raw/caltech256/256_ObjectCategories/255.tennis-shoes/255_0006.jpg,254,255.tennis-shoes
data/raw/caltech256/256_ObjectCategories/255.tennis-shoes/255_0047.jpg,254,255.tennis-shoes
data/raw/caltech256/256_ObjectCategories/255.tennis-shoes/255_0084.jpg,254,255.tennis-shoes
data/raw/caltech256/256_ObjectCategories/255.tennis-shoes/255_0025.jpg,254,255.tennis-shoes
data/raw/caltech256/256_ObjectCategories/255.tennis-shoes/255_0080.jpg,254,255.tennis-shoes
data/raw/caltech256/256_ObjectCategories/255.tennis-shoes/255_0021.jpg,254,255.tennis-shoes
data/raw/caltech256/256_ObjectCategories/255.tennis-shoes/255_0036.jpg,254,255.tennis-shoes
data/raw/caltech256/256_ObjectCategories/256.toad/256_0022.jpg,255,256.toad
data/raw/caltech256/256_ObjectCategories/256.toad/256_0059.jpg,255,256.toad
data/raw/caltech256/256_ObjectCategories/256.toad/256_0028.jpg,255,256.toad
data/raw/caltech256/256_ObjectCategories/256.toad/256_0027.jpg,255,256.toad
data/raw/caltech256/256_ObjectCategories/256.toad/256_0032.jpg,255,256.toad
data/raw/caltech256/256_ObjectCategories/256.toad/256_0065.jpg,255,256.toad
data/raw/caltech256/256_ObjectCategories/256.toad/256_0096.jpg,255,256.toad
data/raw/caltech256/256_ObjectCategories/256.toad/256_0087.jpg,255,256.toad
data/raw/caltech256/256_ObjectCategories/256.toad/256_0103.jpg,255,256.toad
data/raw/caltech256/256_ObjectCategories/256.toad/256_0095.jpg,255,256.toad
data/raw/caltech256/256_ObjectCategories/256.toad/256_0071.jpg,255,256.toad
data/raw/caltech256/256_ObjectCategories/256.toad/256_0035.jpg,255,256.toad
data/raw/caltech256/256_ObjectCategories/256.toad/256_0002.jpg,255,256.toad
data/raw/caltech256/256_ObjectCategories/256.toad/256_0101.jpg,255,256.toad
data/raw/caltech256/256_ObjectCategories/256.toad/256_0054.jpg,255,256.toad
data/raw/caltech256/256_ObjectCategories/256.toad/256_0089.jpg,255,256.toad
data/raw/caltech256/256_ObjectCategories/256.toad/256_0055.jpg,255,256.toad
data/raw/caltech256/256_ObjectCategories/256.toad/256_0018.jpg,255,256.toad
data/raw/caltech256/256_ObjectCategories/256.toad/256_0052.jpg,255,256.toad
