filepath,label,class_name
data/raw/caltech256/256_ObjectCategories/001.ak47/001_0055.jpg,0,001.ak47
data/raw/caltech256/256_ObjectCategories/001.ak47/001_0053.jpg,0,001.ak47
data/raw/caltech256/256_ObjectCategories/001.ak47/001_0085.jpg,0,001.ak47
data/raw/caltech256/256_ObjectCategories/001.ak47/001_0059.jpg,0,001.ak47
data/raw/caltech256/256_ObjectCategories/001.ak47/001_0082.jpg,0,001.ak47
data/raw/caltech256/256_ObjectCategories/001.ak47/001_0056.jpg,0,001.ak47
data/raw/caltech256/256_ObjectCategories/001.ak47/001_0072.jpg,0,001.ak47
data/raw/caltech256/256_ObjectCategories/002.american-flag/002_0038.jpg,1,002.american-flag
data/raw/caltech256/256_ObjectCategories/002.american-flag/002_0027.jpg,1,002.american-flag
data/raw/caltech256/256_ObjectCategories/002.american-flag/002_0086.jpg,1,002.american-flag
data/raw/caltech256/256_ObjectCategories/002.american-flag/002_0004.jpg,1,002.american-flag
data/raw/caltech256/256_ObjectCategories/002.american-flag/002_0050.jpg,1,002.american-flag
data/raw/caltech256/256_ObjectCategories/002.american-flag/002_0032.jpg,1,002.american-flag
data/raw/caltech256/256_ObjectCategories/002.american-flag/002_0009.jpg,1,002.american-flag
data/raw/caltech256/256_ObjectCategories/003.backpack/003_0128.jpg,2,003.backpack
data/raw/caltech256/256_ObjectCategories/003.backpack/003_0103.jpg,2,003.backpack
data/raw/caltech256/256_ObjectCategories/003.backpack/003_0135.jpg,2,003.backpack
data/raw/caltech256/256_ObjectCategories/003.backpack/003_0035.jpg,2,003.backpack
data/raw/caltech256/256_ObjectCategories/003.backpack/003_0018.jpg,2,003.backpack
data/raw/caltech256/256_ObjectCategories/003.backpack/003_0077.jpg,2,003.backpack
data/raw/caltech256/256_ObjectCategories/003.backpack/003_0036.jpg,2,003.backpack
data/raw/caltech256/256_ObjectCategories/003.backpack/003_0126.jpg,2,003.backpack
data/raw/caltech256/256_ObjectCategories/003.backpack/003_0096.jpg,2,003.backpack
data/raw/caltech256/256_ObjectCategories/003.backpack/003_0023.jpg,2,003.backpack
data/raw/caltech256/256_ObjectCategories/003.backpack/003_0064.jpg,2,003.backpack
data/raw/caltech256/256_ObjectCategories/004.baseball-bat/004_0083.jpg,3,004.baseball-bat
data/raw/caltech256/256_ObjectCategories/004.baseball-bat/004_0082.jpg,3,004.baseball-bat
data/raw/caltech256/256_ObjectCategories/004.baseball-bat/004_0058.jpg,3,004.baseball-bat
data/raw/caltech256/256_ObjectCategories/004.baseball-bat/004_0054.jpg,3,004.baseball-bat
data/raw/caltech256/256_ObjectCategories/004.baseball-bat/004_0011.jpg,3,004.baseball-bat
data/raw/caltech256/256_ObjectCategories/004.baseball-bat/004_0035.jpg,3,004.baseball-bat
data/raw/caltech256/256_ObjectCategories/004.baseball-bat/004_0050.jpg,3,004.baseball-bat
data/raw/caltech256/256_ObjectCategories/004.baseball-bat/004_0114.jpg,3,004.baseball-bat
data/raw/caltech256/256_ObjectCategories/004.baseball-bat/004_0030.jpg,3,004.baseball-bat
data/raw/caltech256/256_ObjectCategories/005.baseball-glove/005_0005.jpg,4,005.baseball-glove
data/raw/caltech256/256_ObjectCategories/005.baseball-glove/005_0040.jpg,4,005.baseball-glove
data/raw/caltech256/256_ObjectCategories/005.baseball-glove/005_0062.jpg,4,005.baseball-glove
data/raw/caltech256/256_ObjectCategories/005.baseball-glove/005_0013.jpg,4,005.baseball-glove
data/raw/caltech256/256_ObjectCategories/005.baseball-glove/005_0045.jpg,4,005.baseball-glove
data/raw/caltech256/256_ObjectCategories/005.baseball-glove/005_0085.jpg,4,005.baseball-glove
data/raw/caltech256/256_ObjectCategories/005.baseball-glove/005_0144.jpg,4,005.baseball-glove
data/raw/caltech256/256_ObjectCategories/005.baseball-glove/005_0006.jpg,4,005.baseball-glove
data/raw/caltech256/256_ObjectCategories/005.baseball-glove/005_0139.jpg,4,005.baseball-glove
data/raw/caltech256/256_ObjectCategories/005.baseball-glove/005_0056.jpg,4,005.baseball-glove
data/raw/caltech256/256_ObjectCategories/005.baseball-glove/005_0142.jpg,4,005.baseball-glove
data/raw/caltech256/256_ObjectCategories/006.basketball-hoop/006_0064.jpg,5,006.basketball-hoop
data/raw/caltech256/256_ObjectCategories/006.basketball-hoop/006_0069.jpg,5,006.basketball-hoop
data/raw/caltech256/256_ObjectCategories/006.basketball-hoop/006_0072.jpg,5,006.basketball-hoop
data/raw/caltech256/256_ObjectCategories/006.basketball-hoop/006_0089.jpg,5,006.basketball-hoop
data/raw/caltech256/256_ObjectCategories/006.basketball-hoop/006_0032.jpg,5,006.basketball-hoop
data/raw/caltech256/256_ObjectCategories/006.basketball-hoop/006_0001.jpg,5,006.basketball-hoop
data/raw/caltech256/256_ObjectCategories/006.basketball-hoop/006_0088.jpg,5,006.basketball-hoop
data/raw/caltech256/256_ObjectCategories/007.bat/007_0084.jpg,6,007.bat
data/raw/caltech256/256_ObjectCategories/007.bat/007_0083.jpg,6,007.bat
data/raw/caltech256/256_ObjectCategories/007.bat/007_0104.jpg,6,007.bat
data/raw/caltech256/256_ObjectCategories/007.bat/007_0049.jpg,6,007.bat
data/raw/caltech256/256_ObjectCategories/007.bat/007_0024.jpg,6,007.bat
data/raw/caltech256/256_ObjectCategories/007.bat/007_0031.jpg,6,007.bat
data/raw/caltech256/256_ObjectCategories/007.bat/007_0038.jpg,6,007.bat
data/raw/caltech256/256_ObjectCategories/007.bat/007_0061.jpg,6,007.bat
data/raw/caltech256/256_ObjectCategories/008.bathtub/008_0146.jpg,7,008.bathtub
data/raw/caltech256/256_ObjectCategories/008.bathtub/008_0004.jpg,7,008.bathtub
data/raw/caltech256/256_ObjectCategories/008.bathtub/008_0092.jpg,7,008.bathtub
data/raw/caltech256/256_ObjectCategories/008.bathtub/008_0066.jpg,7,008.bathtub
data/raw/caltech256/256_ObjectCategories/008.bathtub/008_0069.jpg,7,008.bathtub
data/raw/caltech256/256_ObjectCategories/008.bathtub/008_0156.jpg,7,008.bathtub
data/raw/caltech256/256_ObjectCategories/008.bathtub/008_0062.jpg,7,008.bathtub
data/raw/caltech256/256_ObjectCategories/008.bathtub/008_0202.jpg,7,008.bathtub
data/raw/caltech256/256_ObjectCategories/008.bathtub/008_0141.jpg,7,008.bathtub
data/raw/caltech256/256_ObjectCategories/008.bathtub/008_0074.jpg,7,008.bathtub
data/raw/caltech256/256_ObjectCategories/008.bathtub/008_0220.jpg,7,008.bathtub
data/raw/caltech256/256_ObjectCategories/008.bathtub/008_0019.jpg,7,008.bathtub
data/raw/caltech256/256_ObjectCategories/008.bathtub/008_0021.jpg,7,008.bathtub
data/raw/caltech256/256_ObjectCategories/008.bathtub/008_0162.jpg,7,008.bathtub
data/raw/caltech256/256_ObjectCategories/008.bathtub/008_0222.jpg,7,008.bathtub
data/raw/caltech256/256_ObjectCategories/008.bathtub/008_0023.jpg,7,008.bathtub
data/raw/caltech256/256_ObjectCategories/008.bathtub/008_0033.jpg,7,008.bathtub
data/raw/caltech256/256_ObjectCategories/009.bear/009_0030.jpg,8,009.bear
data/raw/caltech256/256_ObjectCategories/009.bear/009_0092.jpg,8,009.bear
data/raw/caltech256/256_ObjectCategories/009.bear/009_0077.jpg,8,009.bear
data/raw/caltech256/256_ObjectCategories/009.bear/009_0054.jpg,8,009.bear
data/raw/caltech256/256_ObjectCategories/009.bear/009_0007.jpg,8,009.bear
data/raw/caltech256/256_ObjectCategories/009.bear/009_0015.jpg,8,009.bear
data/raw/caltech256/256_ObjectCategories/009.bear/009_0062.jpg,8,009.bear
data/raw/caltech256/256_ObjectCategories/009.bear/009_0046.jpg,8,009.bear
data/raw/caltech256/256_ObjectCategories/010.beer-mug/010_0074.jpg,9,010.beer-mug
data/raw/caltech256/256_ObjectCategories/010.beer-mug/010_0089.jpg,9,010.beer-mug
data/raw/caltech256/256_ObjectCategories/010.beer-mug/010_0020.jpg,9,010.beer-mug
data/raw/caltech256/256_ObjectCategories/010.beer-mug/010_0030.jpg,9,010.beer-mug
data/raw/caltech256/256_ObjectCategories/010.beer-mug/010_0041.jpg,9,010.beer-mug
data/raw/caltech256/256_ObjectCategories/010.beer-mug/010_0052.jpg,9,010.beer-mug
data/raw/caltech256/256_ObjectCategories/010.beer-mug/010_0001.jpg,9,010.beer-mug
data/raw/caltech256/256_ObjectCategories/011.billiards/011_0130.jpg,10,011.billiards
data/raw/caltech256/256_ObjectCategories/011.billiards/011_0243.jpg,10,011.billiards
data/raw/caltech256/256_ObjectCategories/011.billiards/011_0136.jpg,10,011.billiards
data/raw/caltech256/256_ObjectCategories/011.billiards/011_0252.jpg,10,011.billiards
data/raw/caltech256/256_ObjectCategories/011.billiards/011_0220.jpg,10,011.billiards
data/raw/caltech256/256_ObjectCategories/011.billiards/011_0012.jpg,10,011.billiards
data/raw/caltech256/256_ObjectCategories/011.billiards/011_0271.jpg,10,011.billiards
data/raw/caltech256/256_ObjectCategories/011.billiards/011_0207.jpg,10,011.billiards
data/raw/caltech256/256_ObjectCategories/011.billiards/011_0272.jpg,10,011.billiards
data/raw/caltech256/256_ObjectCategories/011.billiards/011_0027.jpg,10,011.billiards
data/raw/caltech256/256_ObjectCategories/011.billiards/011_0103.jpg,10,011.billiards
data/raw/caltech256/256_ObjectCategories/011.billiards/011_0154.jpg,10,011.billiards
data/raw/caltech256/256_ObjectCategories/011.billiards/011_0190.jpg,10,011.billiards
data/raw/caltech256/256_ObjectCategories/011.billiards/011_0185.jpg,10,011.billiards
data/raw/caltech256/256_ObjectCategories/011.billiards/011_0032.jpg,10,011.billiards
data/raw/caltech256/256_ObjectCategories/011.billiards/011_0275.jpg,10,011.billiards
data/raw/caltech256/256_ObjectCategories/011.billiards/011_0073.jpg,10,011.billiards
data/raw/caltech256/256_ObjectCategories/011.billiards/011_0072.jpg,10,011.billiards
data/raw/caltech256/256_ObjectCategories/011.billiards/011_0006.jpg,10,011.billiards
data/raw/caltech256/256_ObjectCategories/011.billiards/011_0230.jpg,10,011.billiards
data/raw/caltech256/256_ObjectCategories/012.binoculars/012_0197.jpg,11,012.binoculars
data/raw/caltech256/256_ObjectCategories/012.binoculars/012_0122.jpg,11,012.binoculars
data/raw/caltech256/256_ObjectCategories/012.binoculars/012_0058.jpg,11,012.binoculars
data/raw/caltech256/256_ObjectCategories/012.binoculars/012_0146.jpg,11,012.binoculars
data/raw/caltech256/256_ObjectCategories/012.binoculars/012_0110.jpg,11,012.binoculars
data/raw/caltech256/256_ObjectCategories/012.binoculars/012_0175.jpg,11,012.binoculars
data/raw/caltech256/256_ObjectCategories/012.binoculars/012_0183.jpg,11,012.binoculars
data/raw/caltech256/256_ObjectCategories/012.binoculars/012_0050.jpg,11,012.binoculars
data/raw/caltech256/256_ObjectCategories/012.binoculars/012_0148.jpg,11,012.binoculars
data/raw/caltech256/256_ObjectCategories/012.binoculars/012_0036.jpg,11,012.binoculars
data/raw/caltech256/256_ObjectCategories/012.binoculars/012_0196.jpg,11,012.binoculars
data/raw/caltech256/256_ObjectCategories/012.binoculars/012_0144.jpg,11,012.binoculars
data/raw/caltech256/256_ObjectCategories/012.binoculars/012_0043.jpg,11,012.binoculars
data/raw/caltech256/256_ObjectCategories/012.binoculars/012_0194.jpg,11,012.binoculars
data/raw/caltech256/256_ObjectCategories/012.binoculars/012_0173.jpg,11,012.binoculars
data/raw/caltech256/256_ObjectCategories/012.binoculars/012_0124.jpg,11,012.binoculars
data/raw/caltech256/256_ObjectCategories/013.birdbath/013_0027.jpg,12,013.birdbath
data/raw/caltech256/256_ObjectCategories/013.birdbath/013_0040.jpg,12,013.birdbath
data/raw/caltech256/256_ObjectCategories/013.birdbath/013_0024.jpg,12,013.birdbath
data/raw/caltech256/256_ObjectCategories/013.birdbath/013_0093.jpg,12,013.birdbath
data/raw/caltech256/256_ObjectCategories/013.birdbath/013_0079.jpg,12,013.birdbath
data/raw/caltech256/256_ObjectCategories/013.birdbath/013_0020.jpg,12,013.birdbath
data/raw/caltech256/256_ObjectCategories/013.birdbath/013_0022.jpg,12,013.birdbath
data/raw/caltech256/256_ObjectCategories/014.blimp/014_0060.jpg,13,014.blimp
data/raw/caltech256/256_ObjectCategories/014.blimp/014_0026.jpg,13,014.blimp
data/raw/caltech256/256_ObjectCategories/014.blimp/014_0082.jpg,13,014.blimp
data/raw/caltech256/256_ObjectCategories/014.blimp/014_0030.jpg,13,014.blimp
data/raw/caltech256/256_ObjectCategories/014.blimp/014_0073.jpg,13,014.blimp
data/raw/caltech256/256_ObjectCategories/014.blimp/014_0041.jpg,13,014.blimp
data/raw/caltech256/256_ObjectCategories/015.bonsai-101/015_0098.jpg,14,015.bonsai-101
data/raw/caltech256/256_ObjectCategories/015.bonsai-101/015_0054.jpg,14,015.bonsai-101
data/raw/caltech256/256_ObjectCategories/015.bonsai-101/015_0058.jpg,14,015.bonsai-101
data/raw/caltech256/256_ObjectCategories/015.bonsai-101/015_0102.jpg,14,015.bonsai-101
data/raw/caltech256/256_ObjectCategories/015.bonsai-101/015_0019.jpg,14,015.bonsai-101
data/raw/caltech256/256_ObjectCategories/015.bonsai-101/015_0029.jpg,14,015.bonsai-101
data/raw/caltech256/256_ObjectCategories/015.bonsai-101/015_0065.jpg,14,015.bonsai-101
data/raw/caltech256/256_ObjectCategories/015.bonsai-101/015_0025.jpg,14,015.bonsai-101
data/raw/caltech256/256_ObjectCategories/015.bonsai-101/015_0121.jpg,14,015.bonsai-101
data/raw/caltech256/256_ObjectCategories/016.boom-box/016_0016.jpg,15,016.boom-box
data/raw/caltech256/256_ObjectCategories/016.boom-box/016_0090.jpg,15,016.boom-box
data/raw/caltech256/256_ObjectCategories/016.boom-box/016_0049.jpg,15,016.boom-box
data/raw/caltech256/256_ObjectCategories/016.boom-box/016_0019.jpg,15,016.boom-box
data/raw/caltech256/256_ObjectCategories/016.boom-box/016_0069.jpg,15,016.boom-box
data/raw/caltech256/256_ObjectCategories/016.boom-box/016_0021.jpg,15,016.boom-box
data/raw/caltech256/256_ObjectCategories/016.boom-box/016_0062.jpg,15,016.boom-box
data/raw/caltech256/256_ObjectCategories/017.bowling-ball/017_0035.jpg,16,017.bowling-ball
data/raw/caltech256/256_ObjectCategories/017.bowling-ball/017_0055.jpg,16,017.bowling-ball
data/raw/caltech256/256_ObjectCategories/017.bowling-ball/017_0078.jpg,16,017.bowling-ball
data/raw/caltech256/256_ObjectCategories/017.bowling-ball/017_0031.jpg,16,017.bowling-ball
data/raw/caltech256/256_ObjectCategories/017.bowling-ball/017_0018.jpg,16,017.bowling-ball
data/raw/caltech256/256_ObjectCategories/017.bowling-ball/017_0071.jpg,16,017.bowling-ball
data/raw/caltech256/256_ObjectCategories/017.bowling-ball/017_0082.jpg,16,017.bowling-ball
data/raw/caltech256/256_ObjectCategories/017.bowling-ball/017_0066.jpg,16,017.bowling-ball
data/raw/caltech256/256_ObjectCategories/018.bowling-pin/018_0096.jpg,17,018.bowling-pin
data/raw/caltech256/256_ObjectCategories/018.bowling-pin/018_0084.jpg,17,018.bowling-pin
data/raw/caltech256/256_ObjectCategories/018.bowling-pin/018_0007.jpg,17,018.bowling-pin
data/raw/caltech256/256_ObjectCategories/018.bowling-pin/018_0016.jpg,17,018.bowling-pin
data/raw/caltech256/256_ObjectCategories/018.bowling-pin/018_0090.jpg,17,018.bowling-pin
data/raw/caltech256/256_ObjectCategories/018.bowling-pin/018_0017.jpg,17,018.bowling-pin
data/raw/caltech256/256_ObjectCategories/018.bowling-pin/018_0034.jpg,17,018.bowling-pin
data/raw/caltech256/256_ObjectCategories/018.bowling-pin/018_0092.jpg,17,018.bowling-pin
data/raw/caltech256/256_ObjectCategories/019.boxing-glove/019_0057.jpg,18,019.boxing-glove
data/raw/caltech256/256_ObjectCategories/019.boxing-glove/019_0066.jpg,18,019.boxing-glove
data/raw/caltech256/256_ObjectCategories/019.boxing-glove/019_0105.jpg,18,019.boxing-glove
data/raw/caltech256/256_ObjectCategories/019.boxing-glove/019_0038.jpg,18,019.boxing-glove
data/raw/caltech256/256_ObjectCategories/019.boxing-glove/019_0021.jpg,18,019.boxing-glove
data/raw/caltech256/256_ObjectCategories/019.boxing-glove/019_0082.jpg,18,019.boxing-glove
data/raw/caltech256/256_ObjectCategories/019.boxing-glove/019_0061.jpg,18,019.boxing-glove
data/raw/caltech256/256_ObjectCategories/019.boxing-glove/019_0103.jpg,18,019.boxing-glove
data/raw/caltech256/256_ObjectCategories/019.boxing-glove/019_0006.jpg,18,019.boxing-glove
data/raw/caltech256/256_ObjectCategories/020.brain-101/020_0061.jpg,19,020.brain-101
data/raw/caltech256/256_ObjectCategories/020.brain-101/020_0045.jpg,19,020.brain-101
data/raw/caltech256/256_ObjectCategories/020.brain-101/020_0013.jpg,19,020.brain-101
data/raw/caltech256/256_ObjectCategories/020.brain-101/020_0031.jpg,19,020.brain-101
data/raw/caltech256/256_ObjectCategories/020.brain-101/020_0060.jpg,19,020.brain-101
data/raw/caltech256/256_ObjectCategories/020.brain-101/020_0012.jpg,19,020.brain-101
data/raw/caltech256/256_ObjectCategories/021.breadmaker/021_0108.jpg,20,021.breadmaker
data/raw/caltech256/256_ObjectCategories/021.breadmaker/021_0137.jpg,20,021.breadmaker
data/raw/caltech256/256_ObjectCategories/021.breadmaker/021_0096.jpg,20,021.breadmaker
data/raw/caltech256/256_ObjectCategories/021.breadmaker/021_0018.jpg,20,021.breadmaker
data/raw/caltech256/256_ObjectCategories/021.breadmaker/021_0024.jpg,20,021.breadmaker
data/raw/caltech256/256_ObjectCategories/021.breadmaker/021_0059.jpg,20,021.breadmaker
data/raw/caltech256/256_ObjectCategories/021.breadmaker/021_0132.jpg,20,021.breadmaker
data/raw/caltech256/256_ObjectCategories/021.breadmaker/021_0141.jpg,20,021.breadmaker
data/raw/caltech256/256_ObjectCategories/021.breadmaker/021_0014.jpg,20,021.breadmaker
data/raw/caltech256/256_ObjectCategories/021.breadmaker/021_0122.jpg,20,021.breadmaker
data/raw/caltech256/256_ObjectCategories/022.buddha-101/022_0097.jpg,21,022.buddha-101
data/raw/caltech256/256_ObjectCategories/022.buddha-101/022_0095.jpg,21,022.buddha-101
data/raw/caltech256/256_ObjectCategories/022.buddha-101/022_0092.jpg,21,022.buddha-101
data/raw/caltech256/256_ObjectCategories/022.buddha-101/022_0028.jpg,21,022.buddha-101
data/raw/caltech256/256_ObjectCategories/022.buddha-101/022_0051.jpg,21,022.buddha-101
data/raw/caltech256/256_ObjectCategories/022.buddha-101/022_0034.jpg,21,022.buddha-101
data/raw/caltech256/256_ObjectCategories/022.buddha-101/022_0002.jpg,21,022.buddha-101
data/raw/caltech256/256_ObjectCategories/023.bulldozer/023_0078.jpg,22,023.bulldozer
data/raw/caltech256/256_ObjectCategories/023.bulldozer/023_0031.jpg,22,023.bulldozer
data/raw/caltech256/256_ObjectCategories/023.bulldozer/023_0023.jpg,22,023.bulldozer
data/raw/caltech256/256_ObjectCategories/023.bulldozer/023_0018.jpg,22,023.bulldozer
data/raw/caltech256/256_ObjectCategories/023.bulldozer/023_0103.jpg,22,023.bulldozer
data/raw/caltech256/256_ObjectCategories/023.bulldozer/023_0085.jpg,22,023.bulldozer
data/raw/caltech256/256_ObjectCategories/023.bulldozer/023_0044.jpg,22,023.bulldozer
data/raw/caltech256/256_ObjectCategories/023.bulldozer/023_0041.jpg,22,023.bulldozer
data/raw/caltech256/256_ObjectCategories/024.butterfly/024_0094.jpg,23,024.butterfly
data/raw/caltech256/256_ObjectCategories/024.butterfly/024_0104.jpg,23,024.butterfly
data/raw/caltech256/256_ObjectCategories/024.butterfly/024_0066.jpg,23,024.butterfly
data/raw/caltech256/256_ObjectCategories/024.butterfly/024_0083.jpg,23,024.butterfly
data/raw/caltech256/256_ObjectCategories/024.butterfly/024_0005.jpg,23,024.butterfly
data/raw/caltech256/256_ObjectCategories/024.butterfly/024_0078.jpg,23,024.butterfly
data/raw/caltech256/256_ObjectCategories/024.butterfly/024_0046.jpg,23,024.butterfly
data/raw/caltech256/256_ObjectCategories/024.butterfly/024_0102.jpg,23,024.butterfly
data/raw/caltech256/256_ObjectCategories/025.cactus/025_0064.jpg,24,025.cactus
data/raw/caltech256/256_ObjectCategories/025.cactus/025_0114.jpg,24,025.cactus
data/raw/caltech256/256_ObjectCategories/025.cactus/025_0081.jpg,24,025.cactus
data/raw/caltech256/256_ObjectCategories/025.cactus/025_0029.jpg,24,025.cactus
data/raw/caltech256/256_ObjectCategories/025.cactus/025_0099.jpg,24,025.cactus
data/raw/caltech256/256_ObjectCategories/025.cactus/025_0112.jpg,24,025.cactus
data/raw/caltech256/256_ObjectCategories/025.cactus/025_0067.jpg,24,025.cactus
data/raw/caltech256/256_ObjectCategories/025.cactus/025_0026.jpg,24,025.cactus
data/raw/caltech256/256_ObjectCategories/026.cake/026_0031.jpg,25,026.cake
data/raw/caltech256/256_ObjectCategories/026.cake/026_0064.jpg,25,026.cake
data/raw/caltech256/256_ObjectCategories/026.cake/026_0057.jpg,25,026.cake
data/raw/caltech256/256_ObjectCategories/026.cake/026_0049.jpg,25,026.cake
data/raw/caltech256/256_ObjectCategories/026.cake/026_0021.jpg,25,026.cake
data/raw/caltech256/256_ObjectCategories/026.cake/026_0013.jpg,25,026.cake
data/raw/caltech256/256_ObjectCategories/026.cake/026_0037.jpg,25,026.cake
data/raw/caltech256/256_ObjectCategories/026.cake/026_0027.jpg,25,026.cake
data/raw/caltech256/256_ObjectCategories/027.calculator/027_0028.jpg,26,027.calculator
data/raw/caltech256/256_ObjectCategories/027.calculator/027_0067.jpg,26,027.calculator
data/raw/caltech256/256_ObjectCategories/027.calculator/027_0013.jpg,26,027.calculator
data/raw/caltech256/256_ObjectCategories/027.calculator/027_0005.jpg,26,027.calculator
data/raw/caltech256/256_ObjectCategories/027.calculator/027_0036.jpg,26,027.calculator
data/raw/caltech256/256_ObjectCategories/027.calculator/027_0024.jpg,26,027.calculator
data/raw/caltech256/256_ObjectCategories/027.calculator/027_0025.jpg,26,027.calculator
data/raw/caltech256/256_ObjectCategories/028.camel/028_0070.jpg,27,028.camel
data/raw/caltech256/256_ObjectCategories/028.camel/028_0016.jpg,27,028.camel
data/raw/caltech256/256_ObjectCategories/028.camel/028_0045.jpg,27,028.camel
data/raw/caltech256/256_ObjectCategories/028.camel/028_0110.jpg,27,028.camel
data/raw/caltech256/256_ObjectCategories/028.camel/028_0042.jpg,27,028.camel
data/raw/caltech256/256_ObjectCategories/028.camel/028_0060.jpg,27,028.camel
data/raw/caltech256/256_ObjectCategories/028.camel/028_0054.jpg,27,028.camel
data/raw/caltech256/256_ObjectCategories/028.camel/028_0007.jpg,27,028.camel
data/raw/caltech256/256_ObjectCategories/029.cannon/029_0080.jpg,28,029.cannon
data/raw/caltech256/256_ObjectCategories/029.cannon/029_0040.jpg,28,029.cannon
data/raw/caltech256/256_ObjectCategories/029.cannon/029_0032.jpg,28,029.cannon
data/raw/caltech256/256_ObjectCategories/029.cannon/029_0076.jpg,28,029.cannon
data/raw/caltech256/256_ObjectCategories/029.cannon/029_0023.jpg,28,029.cannon
data/raw/caltech256/256_ObjectCategories/029.cannon/029_0082.jpg,28,029.cannon
data/raw/caltech256/256_ObjectCategories/029.cannon/029_0085.jpg,28,029.cannon
data/raw/caltech256/256_ObjectCategories/029.cannon/029_0031.jpg,28,029.cannon
data/raw/caltech256/256_ObjectCategories/030.canoe/030_0037.jpg,29,030.canoe
data/raw/caltech256/256_ObjectCategories/030.canoe/030_0057.jpg,29,030.canoe
data/raw/caltech256/256_ObjectCategories/030.canoe/030_0052.jpg,29,030.canoe
data/raw/caltech256/256_ObjectCategories/030.canoe/030_0030.jpg,29,030.canoe
data/raw/caltech256/256_ObjectCategories/030.canoe/030_0026.jpg,29,030.canoe
data/raw/caltech256/256_ObjectCategories/030.canoe/030_0011.jpg,29,030.canoe
data/raw/caltech256/256_ObjectCategories/030.canoe/030_0090.jpg,29,030.canoe
data/raw/caltech256/256_ObjectCategories/030.canoe/030_0066.jpg,29,030.canoe
data/raw/caltech256/256_ObjectCategories/031.car-tire/031_0004.jpg,30,031.car-tire
data/raw/caltech256/256_ObjectCategories/031.car-tire/031_0061.jpg,30,031.car-tire
data/raw/caltech256/256_ObjectCategories/031.car-tire/031_0067.jpg,30,031.car-tire
data/raw/caltech256/256_ObjectCategories/031.car-tire/031_0006.jpg,30,031.car-tire
data/raw/caltech256/256_ObjectCategories/031.car-tire/031_0064.jpg,30,031.car-tire
data/raw/caltech256/256_ObjectCategories/031.car-tire/031_0073.jpg,30,031.car-tire
data/raw/caltech256/256_ObjectCategories/031.car-tire/031_0047.jpg,30,031.car-tire
data/raw/caltech256/256_ObjectCategories/032.cartman/032_0046.jpg,31,032.cartman
data/raw/caltech256/256_ObjectCategories/032.cartman/032_0027.jpg,31,032.cartman
data/raw/caltech256/256_ObjectCategories/032.cartman/032_0074.jpg,31,032.cartman
data/raw/caltech256/256_ObjectCategories/032.cartman/032_0083.jpg,31,032.cartman
data/raw/caltech256/256_ObjectCategories/032.cartman/032_0016.jpg,31,032.cartman
data/raw/caltech256/256_ObjectCategories/032.cartman/032_0021.jpg,31,032.cartman
data/raw/caltech256/256_ObjectCategories/032.cartman/032_0064.jpg,31,032.cartman
data/raw/caltech256/256_ObjectCategories/032.cartman/032_0088.jpg,31,032.cartman
data/raw/caltech256/256_ObjectCategories/033.cd/033_0088.jpg,32,033.cd
data/raw/caltech256/256_ObjectCategories/033.cd/033_0099.jpg,32,033.cd
data/raw/caltech256/256_ObjectCategories/033.cd/033_0097.jpg,32,033.cd
data/raw/caltech256/256_ObjectCategories/033.cd/033_0061.jpg,32,033.cd
data/raw/caltech256/256_ObjectCategories/033.cd/033_0040.jpg,32,033.cd
data/raw/caltech256/256_ObjectCategories/033.cd/033_0033.jpg,32,033.cd
data/raw/caltech256/256_ObjectCategories/033.cd/033_0008.jpg,32,033.cd
data/raw/caltech256/256_ObjectCategories/033.cd/033_0034.jpg,32,033.cd
data/raw/caltech256/256_ObjectCategories/034.centipede/034_0087.jpg,33,034.centipede
data/raw/caltech256/256_ObjectCategories/034.centipede/034_0013.jpg,33,034.centipede
data/raw/caltech256/256_ObjectCategories/034.centipede/034_0039.jpg,33,034.centipede
data/raw/caltech256/256_ObjectCategories/034.centipede/034_0026.jpg,33,034.centipede
data/raw/caltech256/256_ObjectCategories/034.centipede/034_0090.jpg,33,034.centipede
data/raw/caltech256/256_ObjectCategories/034.centipede/034_0097.jpg,33,034.centipede
data/raw/caltech256/256_ObjectCategories/034.centipede/034_0072.jpg,33,034.centipede
data/raw/caltech256/256_ObjectCategories/035.cereal-box/035_0040.jpg,34,035.cereal-box
data/raw/caltech256/256_ObjectCategories/035.cereal-box/035_0083.jpg,34,035.cereal-box
data/raw/caltech256/256_ObjectCategories/035.cereal-box/035_0066.jpg,34,035.cereal-box
data/raw/caltech256/256_ObjectCategories/035.cereal-box/035_0016.jpg,34,035.cereal-box
data/raw/caltech256/256_ObjectCategories/035.cereal-box/035_0015.jpg,34,035.cereal-box
data/raw/caltech256/256_ObjectCategories/035.cereal-box/035_0012.jpg,34,035.cereal-box
data/raw/caltech256/256_ObjectCategories/035.cereal-box/035_0027.jpg,34,035.cereal-box
data/raw/caltech256/256_ObjectCategories/036.chandelier-101/036_0060.jpg,35,036.chandelier-101
data/raw/caltech256/256_ObjectCategories/036.chandelier-101/036_0052.jpg,35,036.chandelier-101
data/raw/caltech256/256_ObjectCategories/036.chandelier-101/036_0039.jpg,35,036.chandelier-101
data/raw/caltech256/256_ObjectCategories/036.chandelier-101/036_0089.jpg,35,036.chandelier-101
data/raw/caltech256/256_ObjectCategories/036.chandelier-101/036_0080.jpg,35,036.chandelier-101
data/raw/caltech256/256_ObjectCategories/036.chandelier-101/036_0016.jpg,35,036.chandelier-101
data/raw/caltech256/256_ObjectCategories/036.chandelier-101/036_0042.jpg,35,036.chandelier-101
data/raw/caltech256/256_ObjectCategories/036.chandelier-101/036_0049.jpg,35,036.chandelier-101
data/raw/caltech256/256_ObjectCategories/037.chess-board/037_0028.jpg,36,037.chess-board
data/raw/caltech256/256_ObjectCategories/037.chess-board/037_0105.jpg,36,037.chess-board
data/raw/caltech256/256_ObjectCategories/037.chess-board/037_0120.jpg,36,037.chess-board
data/raw/caltech256/256_ObjectCategories/037.chess-board/037_0084.jpg,36,037.chess-board
data/raw/caltech256/256_ObjectCategories/037.chess-board/037_0053.jpg,36,037.chess-board
data/raw/caltech256/256_ObjectCategories/037.chess-board/037_0094.jpg,36,037.chess-board
data/raw/caltech256/256_ObjectCategories/037.chess-board/037_0047.jpg,36,037.chess-board
data/raw/caltech256/256_ObjectCategories/037.chess-board/037_0099.jpg,36,037.chess-board
data/raw/caltech256/256_ObjectCategories/037.chess-board/037_0070.jpg,36,037.chess-board
data/raw/caltech256/256_ObjectCategories/038.chimp/038_0024.jpg,37,038.chimp
data/raw/caltech256/256_ObjectCategories/038.chimp/038_0013.jpg,37,038.chimp
data/raw/caltech256/256_ObjectCategories/038.chimp/038_0037.jpg,37,038.chimp
data/raw/caltech256/256_ObjectCategories/038.chimp/038_0027.jpg,37,038.chimp
data/raw/caltech256/256_ObjectCategories/038.chimp/038_0005.jpg,37,038.chimp
data/raw/caltech256/256_ObjectCategories/038.chimp/038_0022.jpg,37,038.chimp
data/raw/caltech256/256_ObjectCategories/038.chimp/038_0042.jpg,37,038.chimp
data/raw/caltech256/256_ObjectCategories/038.chimp/038_0093.jpg,37,038.chimp
data/raw/caltech256/256_ObjectCategories/039.chopsticks/039_0084.jpg,38,039.chopsticks
data/raw/caltech256/256_ObjectCategories/039.chopsticks/039_0023.jpg,38,039.chopsticks
data/raw/caltech256/256_ObjectCategories/039.chopsticks/039_0022.jpg,38,039.chopsticks
data/raw/caltech256/256_ObjectCategories/039.chopsticks/039_0057.jpg,38,039.chopsticks
data/raw/caltech256/256_ObjectCategories/039.chopsticks/039_0071.jpg,38,039.chopsticks
data/raw/caltech256/256_ObjectCategories/039.chopsticks/039_0047.jpg,38,039.chopsticks
data/raw/caltech256/256_ObjectCategories/040.cockroach/040_0056.jpg,39,040.cockroach
data/raw/caltech256/256_ObjectCategories/040.cockroach/040_0084.jpg,39,040.cockroach
data/raw/caltech256/256_ObjectCategories/040.cockroach/040_0013.jpg,39,040.cockroach
data/raw/caltech256/256_ObjectCategories/040.cockroach/040_0017.jpg,39,040.cockroach
data/raw/caltech256/256_ObjectCategories/040.cockroach/040_0114.jpg,39,040.cockroach
data/raw/caltech256/256_ObjectCategories/040.cockroach/040_0019.jpg,39,040.cockroach
data/raw/caltech256/256_ObjectCategories/040.cockroach/040_0060.jpg,39,040.cockroach
data/raw/caltech256/256_ObjectCategories/040.cockroach/040_0032.jpg,39,040.cockroach
data/raw/caltech256/256_ObjectCategories/040.cockroach/040_0016.jpg,39,040.cockroach
data/raw/caltech256/256_ObjectCategories/041.coffee-mug/041_0011.jpg,40,041.coffee-mug
data/raw/caltech256/256_ObjectCategories/041.coffee-mug/041_0027.jpg,40,041.coffee-mug
data/raw/caltech256/256_ObjectCategories/041.coffee-mug/041_0052.jpg,40,041.coffee-mug
data/raw/caltech256/256_ObjectCategories/041.coffee-mug/041_0030.jpg,40,041.coffee-mug
data/raw/caltech256/256_ObjectCategories/041.coffee-mug/041_0021.jpg,40,041.coffee-mug
data/raw/caltech256/256_ObjectCategories/041.coffee-mug/041_0029.jpg,40,041.coffee-mug
data/raw/caltech256/256_ObjectCategories/041.coffee-mug/041_0064.jpg,40,041.coffee-mug
data/raw/caltech256/256_ObjectCategories/042.coffin/042_0023.jpg,41,042.coffin
data/raw/caltech256/256_ObjectCategories/042.coffin/042_0019.jpg,41,042.coffin
data/raw/caltech256/256_ObjectCategories/042.coffin/042_0035.jpg,41,042.coffin
data/raw/caltech256/256_ObjectCategories/042.coffin/042_0037.jpg,41,042.coffin
data/raw/caltech256/256_ObjectCategories/042.coffin/042_0007.jpg,41,042.coffin
data/raw/caltech256/256_ObjectCategories/042.coffin/042_0065.jpg,41,042.coffin
data/raw/caltech256/256_ObjectCategories/042.coffin/042_0014.jpg,41,042.coffin
data/raw/caltech256/256_ObjectCategories/043.coin/043_0082.jpg,42,043.coin
data/raw/caltech256/256_ObjectCategories/043.coin/043_0022.jpg,42,043.coin
data/raw/caltech256/256_ObjectCategories/043.coin/043_0069.jpg,42,043.coin
data/raw/caltech256/256_ObjectCategories/043.coin/043_0118.jpg,42,043.coin
data/raw/caltech256/256_ObjectCategories/043.coin/043_0110.jpg,42,043.coin
data/raw/caltech256/256_ObjectCategories/043.coin/043_0005.jpg,42,043.coin
data/raw/caltech256/256_ObjectCategories/043.coin/043_0098.jpg,42,043.coin
data/raw/caltech256/256_ObjectCategories/043.coin/043_0052.jpg,42,043.coin
data/raw/caltech256/256_ObjectCategories/043.coin/043_0093.jpg,42,043.coin
data/raw/caltech256/256_ObjectCategories/044.comet/044_0026.jpg,43,044.comet
data/raw/caltech256/256_ObjectCategories/044.comet/044_0003.jpg,43,044.comet
data/raw/caltech256/256_ObjectCategories/044.comet/044_0007.jpg,43,044.comet
data/raw/caltech256/256_ObjectCategories/044.comet/044_0043.jpg,43,044.comet
data/raw/caltech256/256_ObjectCategories/044.comet/044_0057.jpg,43,044.comet
data/raw/caltech256/256_ObjectCategories/044.comet/044_0092.jpg,43,044.comet
data/raw/caltech256/256_ObjectCategories/044.comet/044_0075.jpg,43,044.comet
data/raw/caltech256/256_ObjectCategories/044.comet/044_0055.jpg,43,044.comet
data/raw/caltech256/256_ObjectCategories/044.comet/044_0102.jpg,43,044.comet
data/raw/caltech256/256_ObjectCategories/045.computer-keyboard/045_0006.jpg,44,045.computer-keyboard
data/raw/caltech256/256_ObjectCategories/045.computer-keyboard/045_0048.jpg,44,045.computer-keyboard
data/raw/caltech256/256_ObjectCategories/045.computer-keyboard/045_0077.jpg,44,045.computer-keyboard
data/raw/caltech256/256_ObjectCategories/045.computer-keyboard/045_0070.jpg,44,045.computer-keyboard
data/raw/caltech256/256_ObjectCategories/045.computer-keyboard/045_0040.jpg,44,045.computer-keyboard
data/raw/caltech256/256_ObjectCategories/045.computer-keyboard/045_0069.jpg,44,045.computer-keyboard
data/raw/caltech256/256_ObjectCategories/046.computer-monitor/046_0001.jpg,45,046.computer-monitor
data/raw/caltech256/256_ObjectCategories/046.computer-monitor/046_0060.jpg,45,046.computer-monitor
data/raw/caltech256/256_ObjectCategories/046.computer-monitor/046_0025.jpg,45,046.computer-monitor
data/raw/caltech256/256_ObjectCategories/046.computer-monitor/046_0032.jpg,45,046.computer-monitor
data/raw/caltech256/256_ObjectCategories/046.computer-monitor/046_0127.jpg,45,046.computer-monitor
data/raw/caltech256/256_ObjectCategories/046.computer-monitor/046_0099.jpg,45,046.computer-monitor
data/raw/caltech256/256_ObjectCategories/046.computer-monitor/046_0098.jpg,45,046.computer-monitor
data/raw/caltech256/256_ObjectCategories/046.computer-monitor/046_0052.jpg,45,046.computer-monitor
data/raw/caltech256/256_ObjectCategories/046.computer-monitor/046_0040.jpg,45,046.computer-monitor
data/raw/caltech256/256_ObjectCategories/046.computer-monitor/046_0042.jpg,45,046.computer-monitor
data/raw/caltech256/256_ObjectCategories/047.computer-mouse/047_0075.jpg,46,047.computer-mouse
data/raw/caltech256/256_ObjectCategories/047.computer-mouse/047_0048.jpg,46,047.computer-mouse
data/raw/caltech256/256_ObjectCategories/047.computer-mouse/047_0082.jpg,46,047.computer-mouse
data/raw/caltech256/256_ObjectCategories/047.computer-mouse/047_0001.jpg,46,047.computer-mouse
data/raw/caltech256/256_ObjectCategories/047.computer-mouse/047_0035.jpg,46,047.computer-mouse
data/raw/caltech256/256_ObjectCategories/047.computer-mouse/047_0063.jpg,46,047.computer-mouse
data/raw/caltech256/256_ObjectCategories/047.computer-mouse/047_0055.jpg,46,047.computer-mouse
data/raw/caltech256/256_ObjectCategories/048.conch/048_0058.jpg,47,048.conch
data/raw/caltech256/256_ObjectCategories/048.conch/048_0036.jpg,47,048.conch
data/raw/caltech256/256_ObjectCategories/048.conch/048_0043.jpg,47,048.conch
data/raw/caltech256/256_ObjectCategories/048.conch/048_0023.jpg,47,048.conch
data/raw/caltech256/256_ObjectCategories/048.conch/048_0101.jpg,47,048.conch
data/raw/caltech256/256_ObjectCategories/048.conch/048_0083.jpg,47,048.conch
data/raw/caltech256/256_ObjectCategories/048.conch/048_0027.jpg,47,048.conch
data/raw/caltech256/256_ObjectCategories/048.conch/048_0038.jpg,47,048.conch
data/raw/caltech256/256_ObjectCategories/049.cormorant/049_0063.jpg,48,049.cormorant
data/raw/caltech256/256_ObjectCategories/049.cormorant/049_0028.jpg,48,049.cormorant
data/raw/caltech256/256_ObjectCategories/049.cormorant/049_0050.jpg,48,049.cormorant
data/raw/caltech256/256_ObjectCategories/049.cormorant/049_0043.jpg,48,049.cormorant
data/raw/caltech256/256_ObjectCategories/049.cormorant/049_0088.jpg,48,049.cormorant
data/raw/caltech256/256_ObjectCategories/049.cormorant/049_0022.jpg,48,049.cormorant
data/raw/caltech256/256_ObjectCategories/049.cormorant/049_0045.jpg,48,049.cormorant
data/raw/caltech256/256_ObjectCategories/049.cormorant/049_0070.jpg,48,049.cormorant
data/raw/caltech256/256_ObjectCategories/050.covered-wagon/050_0019.jpg,49,050.covered-wagon
data/raw/caltech256/256_ObjectCategories/050.covered-wagon/050_0025.jpg,49,050.covered-wagon
data/raw/caltech256/256_ObjectCategories/050.covered-wagon/050_0085.jpg,49,050.covered-wagon
data/raw/caltech256/256_ObjectCategories/050.covered-wagon/050_0094.jpg,49,050.covered-wagon
data/raw/caltech256/256_ObjectCategories/050.covered-wagon/050_0075.jpg,49,050.covered-wagon
data/raw/caltech256/256_ObjectCategories/050.covered-wagon/050_0028.jpg,49,050.covered-wagon
data/raw/caltech256/256_ObjectCategories/050.covered-wagon/050_0077.jpg,49,050.covered-wagon
data/raw/caltech256/256_ObjectCategories/051.cowboy-hat/051_0011.jpg,50,051.cowboy-hat
data/raw/caltech256/256_ObjectCategories/051.cowboy-hat/051_0058.jpg,50,051.cowboy-hat
data/raw/caltech256/256_ObjectCategories/051.cowboy-hat/051_0064.jpg,50,051.cowboy-hat
data/raw/caltech256/256_ObjectCategories/051.cowboy-hat/051_0029.jpg,50,051.cowboy-hat
data/raw/caltech256/256_ObjectCategories/051.cowboy-hat/051_0067.jpg,50,051.cowboy-hat
data/raw/caltech256/256_ObjectCategories/051.cowboy-hat/051_0049.jpg,50,051.cowboy-hat
data/raw/caltech256/256_ObjectCategories/051.cowboy-hat/051_0074.jpg,50,051.cowboy-hat
data/raw/caltech256/256_ObjectCategories/051.cowboy-hat/051_0059.jpg,50,051.cowboy-hat
data/raw/caltech256/256_ObjectCategories/052.crab-101/052_0025.jpg,51,052.crab-101
data/raw/caltech256/256_ObjectCategories/052.crab-101/052_0038.jpg,51,052.crab-101
data/raw/caltech256/256_ObjectCategories/052.crab-101/052_0034.jpg,51,052.crab-101
data/raw/caltech256/256_ObjectCategories/052.crab-101/052_0037.jpg,51,052.crab-101
data/raw/caltech256/256_ObjectCategories/052.crab-101/052_0074.jpg,51,052.crab-101
data/raw/caltech256/256_ObjectCategories/052.crab-101/052_0028.jpg,51,052.crab-101
data/raw/caltech256/256_ObjectCategories/053.desk-globe/053_0010.jpg,52,053.desk-globe
data/raw/caltech256/256_ObjectCategories/053.desk-globe/053_0031.jpg,52,053.desk-globe
data/raw/caltech256/256_ObjectCategories/053.desk-globe/053_0074.jpg,52,053.desk-globe
data/raw/caltech256/256_ObjectCategories/053.desk-globe/053_0066.jpg,52,053.desk-globe
data/raw/caltech256/256_ObjectCategories/053.desk-globe/053_0009.jpg,52,053.desk-globe
data/raw/caltech256/256_ObjectCategories/053.desk-globe/053_0044.jpg,52,053.desk-globe
data/raw/caltech256/256_ObjectCategories/054.diamond-ring/054_0048.jpg,53,054.diamond-ring
data/raw/caltech256/256_ObjectCategories/054.diamond-ring/054_0073.jpg,53,054.diamond-ring
data/raw/caltech256/256_ObjectCategories/054.diamond-ring/054_0084.jpg,53,054.diamond-ring
data/raw/caltech256/256_ObjectCategories/054.diamond-ring/054_0029.jpg,53,054.diamond-ring
data/raw/caltech256/256_ObjectCategories/054.diamond-ring/054_0013.jpg,53,054.diamond-ring
data/raw/caltech256/256_ObjectCategories/054.diamond-ring/054_0047.jpg,53,054.diamond-ring
data/raw/caltech256/256_ObjectCategories/054.diamond-ring/054_0033.jpg,53,054.diamond-ring
data/raw/caltech256/256_ObjectCategories/054.diamond-ring/054_0031.jpg,53,054.diamond-ring
data/raw/caltech256/256_ObjectCategories/054.diamond-ring/054_0060.jpg,53,054.diamond-ring
data/raw/caltech256/256_ObjectCategories/055.dice/055_0063.jpg,54,055.dice
data/raw/caltech256/256_ObjectCategories/055.dice/055_0084.jpg,54,055.dice
data/raw/caltech256/256_ObjectCategories/055.dice/055_0034.jpg,54,055.dice
data/raw/caltech256/256_ObjectCategories/055.dice/055_0089.jpg,54,055.dice
data/raw/caltech256/256_ObjectCategories/055.dice/055_0013.jpg,54,055.dice
data/raw/caltech256/256_ObjectCategories/055.dice/055_0003.jpg,54,055.dice
data/raw/caltech256/256_ObjectCategories/055.dice/055_0053.jpg,54,055.dice
data/raw/caltech256/256_ObjectCategories/056.dog/056_0029.jpg,55,056.dog
data/raw/caltech256/256_ObjectCategories/056.dog/056_0068.jpg,55,056.dog
data/raw/caltech256/256_ObjectCategories/056.dog/056_0044.jpg,55,056.dog
data/raw/caltech256/256_ObjectCategories/056.dog/056_0010.jpg,55,056.dog
data/raw/caltech256/256_ObjectCategories/056.dog/056_0001.jpg,55,056.dog
data/raw/caltech256/256_ObjectCategories/056.dog/056_0034.jpg,55,056.dog
data/raw/caltech256/256_ObjectCategories/056.dog/056_0094.jpg,55,056.dog
data/raw/caltech256/256_ObjectCategories/056.dog/056_0014.jpg,55,056.dog
data/raw/caltech256/256_ObjectCategories/057.dolphin-101/057_0033.jpg,56,057.dolphin-101
data/raw/caltech256/256_ObjectCategories/057.dolphin-101/057_0011.jpg,56,057.dolphin-101
data/raw/caltech256/256_ObjectCategories/057.dolphin-101/057_0104.jpg,56,057.dolphin-101
data/raw/caltech256/256_ObjectCategories/057.dolphin-101/057_0091.jpg,56,057.dolphin-101
data/raw/caltech256/256_ObjectCategories/057.dolphin-101/057_0041.jpg,56,057.dolphin-101
data/raw/caltech256/256_ObjectCategories/057.dolphin-101/057_0026.jpg,56,057.dolphin-101
data/raw/caltech256/256_ObjectCategories/057.dolphin-101/057_0008.jpg,56,057.dolphin-101
data/raw/caltech256/256_ObjectCategories/057.dolphin-101/057_0031.jpg,56,057.dolphin-101
data/raw/caltech256/256_ObjectCategories/058.doorknob/058_0089.jpg,57,058.doorknob
data/raw/caltech256/256_ObjectCategories/058.doorknob/058_0009.jpg,57,058.doorknob
data/raw/caltech256/256_ObjectCategories/058.doorknob/058_0040.jpg,57,058.doorknob
data/raw/caltech256/256_ObjectCategories/058.doorknob/058_0068.jpg,57,058.doorknob
data/raw/caltech256/256_ObjectCategories/058.doorknob/058_0082.jpg,57,058.doorknob
data/raw/caltech256/256_ObjectCategories/058.doorknob/058_0092.jpg,57,058.doorknob
data/raw/caltech256/256_ObjectCategories/058.doorknob/058_0061.jpg,57,058.doorknob
data/raw/caltech256/256_ObjectCategories/059.drinking-straw/059_0063.jpg,58,059.drinking-straw
data/raw/caltech256/256_ObjectCategories/059.drinking-straw/059_0081.jpg,58,059.drinking-straw
data/raw/caltech256/256_ObjectCategories/059.drinking-straw/059_0054.jpg,58,059.drinking-straw
data/raw/caltech256/256_ObjectCategories/059.drinking-straw/059_0074.jpg,58,059.drinking-straw
data/raw/caltech256/256_ObjectCategories/059.drinking-straw/059_0007.jpg,58,059.drinking-straw
data/raw/caltech256/256_ObjectCategories/059.drinking-straw/059_0035.jpg,58,059.drinking-straw
data/raw/caltech256/256_ObjectCategories/060.duck/060_0048.jpg,59,060.duck
data/raw/caltech256/256_ObjectCategories/060.duck/060_0001.jpg,59,060.duck
data/raw/caltech256/256_ObjectCategories/060.duck/060_0033.jpg,59,060.duck
data/raw/caltech256/256_ObjectCategories/060.duck/060_0047.jpg,59,060.duck
data/raw/caltech256/256_ObjectCategories/060.duck/060_0054.jpg,59,060.duck
data/raw/caltech256/256_ObjectCategories/060.duck/060_0059.jpg,59,060.duck
data/raw/caltech256/256_ObjectCategories/060.duck/060_0013.jpg,59,060.duck
data/raw/caltech256/256_ObjectCategories/061.dumb-bell/061_0009.jpg,60,061.dumb-bell
data/raw/caltech256/256_ObjectCategories/061.dumb-bell/061_0006.jpg,60,061.dumb-bell
data/raw/caltech256/256_ObjectCategories/061.dumb-bell/061_0040.jpg,60,061.dumb-bell
data/raw/caltech256/256_ObjectCategories/061.dumb-bell/061_0003.jpg,60,061.dumb-bell
data/raw/caltech256/256_ObjectCategories/061.dumb-bell/061_0068.jpg,60,061.dumb-bell
data/raw/caltech256/256_ObjectCategories/061.dumb-bell/061_0049.jpg,60,061.dumb-bell
data/raw/caltech256/256_ObjectCategories/061.dumb-bell/061_0041.jpg,60,061.dumb-bell
data/raw/caltech256/256_ObjectCategories/061.dumb-bell/061_0025.jpg,60,061.dumb-bell
data/raw/caltech256/256_ObjectCategories/062.eiffel-tower/062_0001.jpg,61,062.eiffel-tower
data/raw/caltech256/256_ObjectCategories/062.eiffel-tower/062_0042.jpg,61,062.eiffel-tower
data/raw/caltech256/256_ObjectCategories/062.eiffel-tower/062_0061.jpg,61,062.eiffel-tower
data/raw/caltech256/256_ObjectCategories/062.eiffel-tower/062_0015.jpg,61,062.eiffel-tower
data/raw/caltech256/256_ObjectCategories/062.eiffel-tower/062_0059.jpg,61,062.eiffel-tower
data/raw/caltech256/256_ObjectCategories/062.eiffel-tower/062_0006.jpg,61,062.eiffel-tower
data/raw/caltech256/256_ObjectCategories/063.electric-guitar-101/063_0118.jpg,62,063.electric-guitar-101
data/raw/caltech256/256_ObjectCategories/063.electric-guitar-101/063_0016.jpg,62,063.electric-guitar-101
data/raw/caltech256/256_ObjectCategories/063.electric-guitar-101/063_0100.jpg,62,063.electric-guitar-101
data/raw/caltech256/256_ObjectCategories/063.electric-guitar-101/063_0017.jpg,62,063.electric-guitar-101
data/raw/caltech256/256_ObjectCategories/063.electric-guitar-101/063_0081.jpg,62,063.electric-guitar-101
data/raw/caltech256/256_ObjectCategories/063.electric-guitar-101/063_0090.jpg,62,063.electric-guitar-101
data/raw/caltech256/256_ObjectCategories/063.electric-guitar-101/063_0059.jpg,62,063.electric-guitar-101
data/raw/caltech256/256_ObjectCategories/063.electric-guitar-101/063_0033.jpg,62,063.electric-guitar-101
data/raw/caltech256/256_ObjectCategories/063.electric-guitar-101/063_0104.jpg,62,063.electric-guitar-101
data/raw/caltech256/256_ObjectCategories/064.elephant-101/064_0044.jpg,63,064.elephant-101
data/raw/caltech256/256_ObjectCategories/064.elephant-101/064_0029.jpg,63,064.elephant-101
data/raw/caltech256/256_ObjectCategories/064.elephant-101/064_0073.jpg,63,064.elephant-101
data/raw/caltech256/256_ObjectCategories/064.elephant-101/064_0090.jpg,63,064.elephant-101
data/raw/caltech256/256_ObjectCategories/064.elephant-101/064_0068.jpg,63,064.elephant-101
data/raw/caltech256/256_ObjectCategories/064.elephant-101/064_0056.jpg,63,064.elephant-101
data/raw/caltech256/256_ObjectCategories/064.elephant-101/064_0007.jpg,63,064.elephant-101
data/raw/caltech256/256_ObjectCategories/064.elephant-101/064_0070.jpg,63,064.elephant-101
data/raw/caltech256/256_ObjectCategories/064.elephant-101/064_0087.jpg,63,064.elephant-101
data/raw/caltech256/256_ObjectCategories/064.elephant-101/064_0060.jpg,63,064.elephant-101
data/raw/caltech256/256_ObjectCategories/065.elk/065_0020.jpg,64,065.elk
data/raw/caltech256/256_ObjectCategories/065.elk/065_0023.jpg,64,065.elk
data/raw/caltech256/256_ObjectCategories/065.elk/065_0072.jpg,64,065.elk
data/raw/caltech256/256_ObjectCategories/065.elk/065_0084.jpg,64,065.elk
data/raw/caltech256/256_ObjectCategories/065.elk/065_0054.jpg,64,065.elk
data/raw/caltech256/256_ObjectCategories/065.elk/065_0041.jpg,64,065.elk
data/raw/caltech256/256_ObjectCategories/065.elk/065_0038.jpg,64,065.elk
data/raw/caltech256/256_ObjectCategories/065.elk/065_0082.jpg,64,065.elk
data/raw/caltech256/256_ObjectCategories/066.ewer-101/066_0066.jpg,65,066.ewer-101
data/raw/caltech256/256_ObjectCategories/066.ewer-101/066_0033.jpg,65,066.ewer-101
data/raw/caltech256/256_ObjectCategories/066.ewer-101/066_0030.jpg,65,066.ewer-101
data/raw/caltech256/256_ObjectCategories/066.ewer-101/066_0010.jpg,65,066.ewer-101
data/raw/caltech256/256_ObjectCategories/066.ewer-101/066_0032.jpg,65,066.ewer-101
data/raw/caltech256/256_ObjectCategories/066.ewer-101/066_0024.jpg,65,066.ewer-101
data/raw/caltech256/256_ObjectCategories/067.eyeglasses/067_0061.jpg,66,067.eyeglasses
data/raw/caltech256/256_ObjectCategories/067.eyeglasses/067_0006.jpg,66,067.eyeglasses
data/raw/caltech256/256_ObjectCategories/067.eyeglasses/067_0046.jpg,66,067.eyeglasses
data/raw/caltech256/256_ObjectCategories/067.eyeglasses/067_0011.jpg,66,067.eyeglasses
data/raw/caltech256/256_ObjectCategories/067.eyeglasses/067_0043.jpg,66,067.eyeglasses
data/raw/caltech256/256_ObjectCategories/067.eyeglasses/067_0016.jpg,66,067.eyeglasses
data/raw/caltech256/256_ObjectCategories/068.fern/068_0093.jpg,67,068.fern
data/raw/caltech256/256_ObjectCategories/068.fern/068_0067.jpg,67,068.fern
data/raw/caltech256/256_ObjectCategories/068.fern/068_0046.jpg,67,068.fern
data/raw/caltech256/256_ObjectCategories/068.fern/068_0028.jpg,67,068.fern
data/raw/caltech256/256_ObjectCategories/068.fern/068_0005.jpg,67,068.fern
data/raw/caltech256/256_ObjectCategories/068.fern/068_0071.jpg,67,068.fern
data/raw/caltech256/256_ObjectCategories/068.fern/068_0103.jpg,67,068.fern
data/raw/caltech256/256_ObjectCategories/068.fern/068_0060.jpg,67,068.fern
data/raw/caltech256/256_ObjectCategories/069.fighter-jet/069_0017.jpg,68,069.fighter-jet
data/raw/caltech256/256_ObjectCategories/069.fighter-jet/069_0072.jpg,68,069.fighter-jet
data/raw/caltech256/256_ObjectCategories/069.fighter-jet/069_0069.jpg,68,069.fighter-jet
data/raw/caltech256/256_ObjectCategories/069.fighter-jet/069_0018.jpg,68,069.fighter-jet
data/raw/caltech256/256_ObjectCategories/069.fighter-jet/069_0023.jpg,68,069.fighter-jet
data/raw/caltech256/256_ObjectCategories/069.fighter-jet/069_0050.jpg,68,069.fighter-jet
data/raw/caltech256/256_ObjectCategories/069.fighter-jet/069_0041.jpg,68,069.fighter-jet
data/raw/caltech256/256_ObjectCategories/070.fire-extinguisher/070_0008.jpg,69,070.fire-extinguisher
data/raw/caltech256/256_ObjectCategories/070.fire-extinguisher/070_0028.jpg,69,070.fire-extinguisher
data/raw/caltech256/256_ObjectCategories/070.fire-extinguisher/070_0046.jpg,69,070.fire-extinguisher
data/raw/caltech256/256_ObjectCategories/070.fire-extinguisher/070_0035.jpg,69,070.fire-extinguisher
data/raw/caltech256/256_ObjectCategories/070.fire-extinguisher/070_0002.jpg,69,070.fire-extinguisher
data/raw/caltech256/256_ObjectCategories/070.fire-extinguisher/070_0030.jpg,69,070.fire-extinguisher
data/raw/caltech256/256_ObjectCategories/071.fire-hydrant/071_0003.jpg,70,071.fire-hydrant
data/raw/caltech256/256_ObjectCategories/071.fire-hydrant/071_0083.jpg,70,071.fire-hydrant
data/raw/caltech256/256_ObjectCategories/071.fire-hydrant/071_0096.jpg,70,071.fire-hydrant
data/raw/caltech256/256_ObjectCategories/071.fire-hydrant/071_0002.jpg,70,071.fire-hydrant
data/raw/caltech256/256_ObjectCategories/071.fire-hydrant/071_0094.jpg,70,071.fire-hydrant
data/raw/caltech256/256_ObjectCategories/071.fire-hydrant/071_0043.jpg,70,071.fire-hydrant
data/raw/caltech256/256_ObjectCategories/071.fire-hydrant/071_0014.jpg,70,071.fire-hydrant
data/raw/caltech256/256_ObjectCategories/072.fire-truck/072_0086.jpg,71,072.fire-truck
data/raw/caltech256/256_ObjectCategories/072.fire-truck/072_0035.jpg,71,072.fire-truck
data/raw/caltech256/256_ObjectCategories/072.fire-truck/072_0005.jpg,71,072.fire-truck
data/raw/caltech256/256_ObjectCategories/072.fire-truck/072_0021.jpg,71,072.fire-truck
data/raw/caltech256/256_ObjectCategories/072.fire-truck/072_0092.jpg,71,072.fire-truck
data/raw/caltech256/256_ObjectCategories/072.fire-truck/072_0117.jpg,71,072.fire-truck
data/raw/caltech256/256_ObjectCategories/072.fire-truck/072_0006.jpg,71,072.fire-truck
data/raw/caltech256/256_ObjectCategories/072.fire-truck/072_0102.jpg,71,072.fire-truck
data/raw/caltech256/256_ObjectCategories/072.fire-truck/072_0087.jpg,71,072.fire-truck
data/raw/caltech256/256_ObjectCategories/073.fireworks/073_0004.jpg,72,073.fireworks
data/raw/caltech256/256_ObjectCategories/073.fireworks/073_0084.jpg,72,073.fireworks
data/raw/caltech256/256_ObjectCategories/073.fireworks/073_0028.jpg,72,073.fireworks
data/raw/caltech256/256_ObjectCategories/073.fireworks/073_0076.jpg,72,073.fireworks
data/raw/caltech256/256_ObjectCategories/073.fireworks/073_0097.jpg,72,073.fireworks
data/raw/caltech256/256_ObjectCategories/073.fireworks/073_0007.jpg,72,073.fireworks
data/raw/caltech256/256_ObjectCategories/073.fireworks/073_0037.jpg,72,073.fireworks
data/raw/caltech256/256_ObjectCategories/074.flashlight/074_0011.jpg,73,074.flashlight
data/raw/caltech256/256_ObjectCategories/074.flashlight/074_0112.jpg,73,074.flashlight
data/raw/caltech256/256_ObjectCategories/074.flashlight/074_0023.jpg,73,074.flashlight
data/raw/caltech256/256_ObjectCategories/074.flashlight/074_0071.jpg,73,074.flashlight
data/raw/caltech256/256_ObjectCategories/074.flashlight/074_0054.jpg,73,074.flashlight
data/raw/caltech256/256_ObjectCategories/074.flashlight/074_0092.jpg,73,074.flashlight
data/raw/caltech256/256_ObjectCategories/074.flashlight/074_0088.jpg,73,074.flashlight
data/raw/caltech256/256_ObjectCategories/074.flashlight/074_0104.jpg,73,074.flashlight
data/raw/caltech256/256_ObjectCategories/075.floppy-disk/075_0075.jpg,74,075.floppy-disk
data/raw/caltech256/256_ObjectCategories/075.floppy-disk/075_0058.jpg,74,075.floppy-disk
data/raw/caltech256/256_ObjectCategories/075.floppy-disk/075_0046.jpg,74,075.floppy-disk
data/raw/caltech256/256_ObjectCategories/075.floppy-disk/075_0037.jpg,74,075.floppy-disk
data/raw/caltech256/256_ObjectCategories/075.floppy-disk/075_0060.jpg,74,075.floppy-disk
data/raw/caltech256/256_ObjectCategories/075.floppy-disk/075_0053.jpg,74,075.floppy-disk
data/raw/caltech256/256_ObjectCategories/076.football-helmet/076_0078.jpg,75,076.football-helmet
data/raw/caltech256/256_ObjectCategories/076.football-helmet/076_0024.jpg,75,076.football-helmet
data/raw/caltech256/256_ObjectCategories/076.football-helmet/076_0037.jpg,75,076.football-helmet
data/raw/caltech256/256_ObjectCategories/076.football-helmet/076_0023.jpg,75,076.football-helmet
data/raw/caltech256/256_ObjectCategories/076.football-helmet/076_0002.jpg,75,076.football-helmet
data/raw/caltech256/256_ObjectCategories/076.football-helmet/076_0049.jpg,75,076.football-helmet
data/raw/caltech256/256_ObjectCategories/077.french-horn/077_0007.jpg,76,077.french-horn
data/raw/caltech256/256_ObjectCategories/077.french-horn/077_0011.jpg,76,077.french-horn
data/raw/caltech256/256_ObjectCategories/077.french-horn/077_0090.jpg,76,077.french-horn
data/raw/caltech256/256_ObjectCategories/077.french-horn/077_0074.jpg,76,077.french-horn
data/raw/caltech256/256_ObjectCategories/077.french-horn/077_0080.jpg,76,077.french-horn
data/raw/caltech256/256_ObjectCategories/077.french-horn/077_0070.jpg,76,077.french-horn
data/raw/caltech256/256_ObjectCategories/077.french-horn/077_0041.jpg,76,077.french-horn
data/raw/caltech256/256_ObjectCategories/078.fried-egg/078_0042.jpg,77,078.fried-egg
data/raw/caltech256/256_ObjectCategories/078.fried-egg/078_0007.jpg,77,078.fried-egg
data/raw/caltech256/256_ObjectCategories/078.fried-egg/078_0015.jpg,77,078.fried-egg
data/raw/caltech256/256_ObjectCategories/078.fried-egg/078_0078.jpg,77,078.fried-egg
data/raw/caltech256/256_ObjectCategories/078.fried-egg/078_0021.jpg,77,078.fried-egg
data/raw/caltech256/256_ObjectCategories/078.fried-egg/078_0022.jpg,77,078.fried-egg
data/raw/caltech256/256_ObjectCategories/078.fried-egg/078_0058.jpg,77,078.fried-egg
data/raw/caltech256/256_ObjectCategories/079.frisbee/079_0067.jpg,78,079.frisbee
data/raw/caltech256/256_ObjectCategories/079.frisbee/079_0078.jpg,78,079.frisbee
data/raw/caltech256/256_ObjectCategories/079.frisbee/079_0022.jpg,78,079.frisbee
data/raw/caltech256/256_ObjectCategories/079.frisbee/079_0028.jpg,78,079.frisbee
data/raw/caltech256/256_ObjectCategories/079.frisbee/079_0050.jpg,78,079.frisbee
data/raw/caltech256/256_ObjectCategories/079.frisbee/079_0064.jpg,78,079.frisbee
data/raw/caltech256/256_ObjectCategories/079.frisbee/079_0048.jpg,78,079.frisbee
data/raw/caltech256/256_ObjectCategories/080.frog/080_0060.jpg,79,080.frog
data/raw/caltech256/256_ObjectCategories/080.frog/080_0096.jpg,79,080.frog
data/raw/caltech256/256_ObjectCategories/080.frog/080_0076.jpg,79,080.frog
data/raw/caltech256/256_ObjectCategories/080.frog/080_0051.jpg,79,080.frog
data/raw/caltech256/256_ObjectCategories/080.frog/080_0085.jpg,79,080.frog
data/raw/caltech256/256_ObjectCategories/080.frog/080_0017.jpg,79,080.frog
data/raw/caltech256/256_ObjectCategories/080.frog/080_0113.jpg,79,080.frog
data/raw/caltech256/256_ObjectCategories/080.frog/080_0102.jpg,79,080.frog
data/raw/caltech256/256_ObjectCategories/080.frog/080_0110.jpg,79,080.frog
data/raw/caltech256/256_ObjectCategories/081.frying-pan/081_0005.jpg,80,081.frying-pan
data/raw/caltech256/256_ObjectCategories/081.frying-pan/081_0024.jpg,80,081.frying-pan
data/raw/caltech256/256_ObjectCategories/081.frying-pan/081_0042.jpg,80,081.frying-pan
data/raw/caltech256/256_ObjectCategories/081.frying-pan/081_0058.jpg,80,081.frying-pan
data/raw/caltech256/256_ObjectCategories/081.frying-pan/081_0026.jpg,80,081.frying-pan
data/raw/caltech256/256_ObjectCategories/081.frying-pan/081_0015.jpg,80,081.frying-pan
data/raw/caltech256/256_ObjectCategories/081.frying-pan/081_0019.jpg,80,081.frying-pan
data/raw/caltech256/256_ObjectCategories/082.galaxy/082_0016.jpg,81,082.galaxy
data/raw/caltech256/256_ObjectCategories/082.galaxy/082_0076.jpg,81,082.galaxy
data/raw/caltech256/256_ObjectCategories/082.galaxy/082_0040.jpg,81,082.galaxy
data/raw/caltech256/256_ObjectCategories/082.galaxy/082_0025.jpg,81,082.galaxy
data/raw/caltech256/256_ObjectCategories/082.galaxy/082_0062.jpg,81,082.galaxy
data/raw/caltech256/256_ObjectCategories/082.galaxy/082_0070.jpg,81,082.galaxy
data/raw/caltech256/256_ObjectCategories/083.gas-pump/083_0049.jpg,82,083.gas-pump
data/raw/caltech256/256_ObjectCategories/083.gas-pump/083_0037.jpg,82,083.gas-pump
data/raw/caltech256/256_ObjectCategories/083.gas-pump/083_0015.jpg,82,083.gas-pump
data/raw/caltech256/256_ObjectCategories/083.gas-pump/083_0086.jpg,82,083.gas-pump
data/raw/caltech256/256_ObjectCategories/083.gas-pump/083_0035.jpg,82,083.gas-pump
data/raw/caltech256/256_ObjectCategories/083.gas-pump/083_0001.jpg,82,083.gas-pump
data/raw/caltech256/256_ObjectCategories/083.gas-pump/083_0074.jpg,82,083.gas-pump
data/raw/caltech256/256_ObjectCategories/084.giraffe/084_0040.jpg,83,084.giraffe
data/raw/caltech256/256_ObjectCategories/084.giraffe/084_0006.jpg,83,084.giraffe
data/raw/caltech256/256_ObjectCategories/084.giraffe/084_0005.jpg,83,084.giraffe
data/raw/caltech256/256_ObjectCategories/084.giraffe/084_0044.jpg,83,084.giraffe
data/raw/caltech256/256_ObjectCategories/084.giraffe/084_0017.jpg,83,084.giraffe
data/raw/caltech256/256_ObjectCategories/084.giraffe/084_0037.jpg,83,084.giraffe
data/raw/caltech256/256_ObjectCategories/085.goat/085_0074.jpg,84,085.goat
data/raw/caltech256/256_ObjectCategories/085.goat/085_0011.jpg,84,085.goat
data/raw/caltech256/256_ObjectCategories/085.goat/085_0094.jpg,84,085.goat
data/raw/caltech256/256_ObjectCategories/085.goat/085_0067.jpg,84,085.goat
data/raw/caltech256/256_ObjectCategories/085.goat/085_0087.jpg,84,085.goat
data/raw/caltech256/256_ObjectCategories/085.goat/085_0086.jpg,84,085.goat
data/raw/caltech256/256_ObjectCategories/085.goat/085_0012.jpg,84,085.goat
data/raw/caltech256/256_ObjectCategories/085.goat/085_0043.jpg,84,085.goat
data/raw/caltech256/256_ObjectCategories/086.golden-gate-bridge/086_0070.jpg,85,086.golden-gate-bridge
data/raw/caltech256/256_ObjectCategories/086.golden-gate-bridge/086_0033.jpg,85,086.golden-gate-bridge
data/raw/caltech256/256_ObjectCategories/086.golden-gate-bridge/086_0021.jpg,85,086.golden-gate-bridge
data/raw/caltech256/256_ObjectCategories/086.golden-gate-bridge/086_0014.jpg,85,086.golden-gate-bridge
data/raw/caltech256/256_ObjectCategories/086.golden-gate-bridge/086_0074.jpg,85,086.golden-gate-bridge
data/raw/caltech256/256_ObjectCategories/086.golden-gate-bridge/086_0006.jpg,85,086.golden-gate-bridge
data/raw/caltech256/256_ObjectCategories/087.goldfish/087_0084.jpg,86,087.goldfish
data/raw/caltech256/256_ObjectCategories/087.goldfish/087_0054.jpg,86,087.goldfish
data/raw/caltech256/256_ObjectCategories/087.goldfish/087_0052.jpg,86,087.goldfish
data/raw/caltech256/256_ObjectCategories/087.goldfish/087_0046.jpg,86,087.goldfish
data/raw/caltech256/256_ObjectCategories/087.goldfish/087_0058.jpg,86,087.goldfish
data/raw/caltech256/256_ObjectCategories/087.goldfish/087_0044.jpg,86,087.goldfish
data/raw/caltech256/256_ObjectCategories/087.goldfish/087_0067.jpg,86,087.goldfish
data/raw/caltech256/256_ObjectCategories/088.golf-ball/088_0098.jpg,87,088.golf-ball
data/raw/caltech256/256_ObjectCategories/088.golf-ball/088_0038.jpg,87,088.golf-ball
data/raw/caltech256/256_ObjectCategories/088.golf-ball/088_0071.jpg,87,088.golf-ball
data/raw/caltech256/256_ObjectCategories/088.golf-ball/088_0027.jpg,87,088.golf-ball
data/raw/caltech256/256_ObjectCategories/088.golf-ball/088_0009.jpg,87,088.golf-ball
data/raw/caltech256/256_ObjectCategories/088.golf-ball/088_0089.jpg,87,088.golf-ball
data/raw/caltech256/256_ObjectCategories/088.golf-ball/088_0066.jpg,87,088.golf-ball
data/raw/caltech256/256_ObjectCategories/089.goose/089_0093.jpg,88,089.goose
data/raw/caltech256/256_ObjectCategories/089.goose/089_0099.jpg,88,089.goose
data/raw/caltech256/256_ObjectCategories/089.goose/089_0091.jpg,88,089.goose
data/raw/caltech256/256_ObjectCategories/089.goose/089_0018.jpg,88,089.goose
data/raw/caltech256/256_ObjectCategories/089.goose/089_0036.jpg,88,089.goose
data/raw/caltech256/256_ObjectCategories/089.goose/089_0079.jpg,88,089.goose
data/raw/caltech256/256_ObjectCategories/089.goose/089_0090.jpg,88,089.goose
data/raw/caltech256/256_ObjectCategories/089.goose/089_0096.jpg,88,089.goose
data/raw/caltech256/256_ObjectCategories/090.gorilla/090_0191.jpg,89,090.gorilla
data/raw/caltech256/256_ObjectCategories/090.gorilla/090_0021.jpg,89,090.gorilla
data/raw/caltech256/256_ObjectCategories/090.gorilla/090_0205.jpg,89,090.gorilla
data/raw/caltech256/256_ObjectCategories/090.gorilla/090_0050.jpg,89,090.gorilla
data/raw/caltech256/256_ObjectCategories/090.gorilla/090_0069.jpg,89,090.gorilla
data/raw/caltech256/256_ObjectCategories/090.gorilla/090_0110.jpg,89,090.gorilla
data/raw/caltech256/256_ObjectCategories/090.gorilla/090_0095.jpg,89,090.gorilla
data/raw/caltech256/256_ObjectCategories/090.gorilla/090_0056.jpg,89,090.gorilla
data/raw/caltech256/256_ObjectCategories/090.gorilla/090_0121.jpg,89,090.gorilla
data/raw/caltech256/256_ObjectCategories/090.gorilla/090_0152.jpg,89,090.gorilla
data/raw/caltech256/256_ObjectCategories/090.gorilla/090_0068.jpg,89,090.gorilla
data/raw/caltech256/256_ObjectCategories/090.gorilla/090_0016.jpg,89,090.gorilla
data/raw/caltech256/256_ObjectCategories/090.gorilla/090_0009.jpg,89,090.gorilla
data/raw/caltech256/256_ObjectCategories/090.gorilla/090_0115.jpg,89,090.gorilla
data/raw/caltech256/256_ObjectCategories/090.gorilla/090_0193.jpg,89,090.gorilla
data/raw/caltech256/256_ObjectCategories/091.grand-piano-101/091_0069.jpg,90,091.grand-piano-101
data/raw/caltech256/256_ObjectCategories/091.grand-piano-101/091_0027.jpg,90,091.grand-piano-101
data/raw/caltech256/256_ObjectCategories/091.grand-piano-101/091_0075.jpg,90,091.grand-piano-101
data/raw/caltech256/256_ObjectCategories/091.grand-piano-101/091_0019.jpg,90,091.grand-piano-101
data/raw/caltech256/256_ObjectCategories/091.grand-piano-101/091_0053.jpg,90,091.grand-piano-101
data/raw/caltech256/256_ObjectCategories/091.grand-piano-101/091_0065.jpg,90,091.grand-piano-101
data/raw/caltech256/256_ObjectCategories/091.grand-piano-101/091_0031.jpg,90,091.grand-piano-101
data/raw/caltech256/256_ObjectCategories/092.grapes/092_0168.jpg,91,092.grapes
data/raw/caltech256/256_ObjectCategories/092.grapes/092_0079.jpg,91,092.grapes
data/raw/caltech256/256_ObjectCategories/092.grapes/092_0200.jpg,91,092.grapes
data/raw/caltech256/256_ObjectCategories/092.grapes/092_0112.jpg,91,092.grapes
data/raw/caltech256/256_ObjectCategories/092.grapes/092_0090.jpg,91,092.grapes
data/raw/caltech256/256_ObjectCategories/092.grapes/092_0002.jpg,91,092.grapes
data/raw/caltech256/256_ObjectCategories/092.grapes/092_0027.jpg,91,092.grapes
data/raw/caltech256/256_ObjectCategories/092.grapes/092_0080.jpg,91,092.grapes
data/raw/caltech256/256_ObjectCategories/092.grapes/092_0091.jpg,91,092.grapes
data/raw/caltech256/256_ObjectCategories/092.grapes/092_0115.jpg,91,092.grapes
data/raw/caltech256/256_ObjectCategories/092.grapes/092_0116.jpg,91,092.grapes
data/raw/caltech256/256_ObjectCategories/092.grapes/092_0035.jpg,91,092.grapes
data/raw/caltech256/256_ObjectCategories/092.grapes/092_0143.jpg,91,092.grapes
data/raw/caltech256/256_ObjectCategories/092.grapes/092_0028.jpg,91,092.grapes
data/raw/caltech256/256_ObjectCategories/092.grapes/092_0089.jpg,91,092.grapes
data/raw/caltech256/256_ObjectCategories/093.grasshopper/093_0016.jpg,92,093.grasshopper
data/raw/caltech256/256_ObjectCategories/093.grasshopper/093_0082.jpg,92,093.grasshopper
data/raw/caltech256/256_ObjectCategories/093.grasshopper/093_0087.jpg,92,093.grasshopper
data/raw/caltech256/256_ObjectCategories/093.grasshopper/093_0011.jpg,92,093.grasshopper
data/raw/caltech256/256_ObjectCategories/093.grasshopper/093_0109.jpg,92,093.grasshopper
data/raw/caltech256/256_ObjectCategories/093.grasshopper/093_0020.jpg,92,093.grasshopper
data/raw/caltech256/256_ObjectCategories/093.grasshopper/093_0110.jpg,92,093.grasshopper
data/raw/caltech256/256_ObjectCategories/093.grasshopper/093_0022.jpg,92,093.grasshopper
data/raw/caltech256/256_ObjectCategories/094.guitar-pick/094_0007.jpg,93,094.guitar-pick
data/raw/caltech256/256_ObjectCategories/094.guitar-pick/094_0100.jpg,93,094.guitar-pick
data/raw/caltech256/256_ObjectCategories/094.guitar-pick/094_0062.jpg,93,094.guitar-pick
data/raw/caltech256/256_ObjectCategories/094.guitar-pick/094_0049.jpg,93,094.guitar-pick
data/raw/caltech256/256_ObjectCategories/094.guitar-pick/094_0051.jpg,93,094.guitar-pick
data/raw/caltech256/256_ObjectCategories/094.guitar-pick/094_0004.jpg,93,094.guitar-pick
data/raw/caltech256/256_ObjectCategories/094.guitar-pick/094_0075.jpg,93,094.guitar-pick
data/raw/caltech256/256_ObjectCategories/094.guitar-pick/094_0090.jpg,93,094.guitar-pick
data/raw/caltech256/256_ObjectCategories/095.hamburger/095_0004.jpg,94,095.hamburger
data/raw/caltech256/256_ObjectCategories/095.hamburger/095_0061.jpg,94,095.hamburger
data/raw/caltech256/256_ObjectCategories/095.hamburger/095_0006.jpg,94,095.hamburger
data/raw/caltech256/256_ObjectCategories/095.hamburger/095_0003.jpg,94,095.hamburger
data/raw/caltech256/256_ObjectCategories/095.hamburger/095_0008.jpg,94,095.hamburger
data/raw/caltech256/256_ObjectCategories/095.hamburger/095_0056.jpg,94,095.hamburger
data/raw/caltech256/256_ObjectCategories/096.hammock/096_0209.jpg,95,096.hammock
data/raw/caltech256/256_ObjectCategories/096.hammock/096_0060.jpg,95,096.hammock
data/raw/caltech256/256_ObjectCategories/096.hammock/096_0261.jpg,95,096.hammock
data/raw/caltech256/256_ObjectCategories/096.hammock/096_0179.jpg,95,096.hammock
data/raw/caltech256/256_ObjectCategories/096.hammock/096_0009.jpg,95,096.hammock
data/raw/caltech256/256_ObjectCategories/096.hammock/096_0274.jpg,95,096.hammock
data/raw/caltech256/256_ObjectCategories/096.hammock/096_0216.jpg,95,096.hammock
data/raw/caltech256/256_ObjectCategories/096.hammock/096_0138.jpg,95,096.hammock
data/raw/caltech256/256_ObjectCategories/096.hammock/096_0046.jpg,95,096.hammock
data/raw/caltech256/256_ObjectCategories/096.hammock/096_0084.jpg,95,096.hammock
data/raw/caltech256/256_ObjectCategories/096.hammock/096_0151.jpg,95,096.hammock
data/raw/caltech256/256_ObjectCategories/096.hammock/096_0052.jpg,95,096.hammock
data/raw/caltech256/256_ObjectCategories/096.hammock/096_0111.jpg,95,096.hammock
data/raw/caltech256/256_ObjectCategories/096.hammock/096_0055.jpg,95,096.hammock
data/raw/caltech256/256_ObjectCategories/096.hammock/096_0256.jpg,95,096.hammock
data/raw/caltech256/256_ObjectCategories/096.hammock/096_0077.jpg,95,096.hammock
data/raw/caltech256/256_ObjectCategories/096.hammock/096_0239.jpg,95,096.hammock
data/raw/caltech256/256_ObjectCategories/096.hammock/096_0150.jpg,95,096.hammock
data/raw/caltech256/256_ObjectCategories/096.hammock/096_0276.jpg,95,096.hammock
data/raw/caltech256/256_ObjectCategories/096.hammock/096_0185.jpg,95,096.hammock
data/raw/caltech256/256_ObjectCategories/097.harmonica/097_0015.jpg,96,097.harmonica
data/raw/caltech256/256_ObjectCategories/097.harmonica/097_0040.jpg,96,097.harmonica
data/raw/caltech256/256_ObjectCategories/097.harmonica/097_0026.jpg,96,097.harmonica
data/raw/caltech256/256_ObjectCategories/097.harmonica/097_0037.jpg,96,097.harmonica
data/raw/caltech256/256_ObjectCategories/097.harmonica/097_0023.jpg,96,097.harmonica
data/raw/caltech256/256_ObjectCategories/097.harmonica/097_0027.jpg,96,097.harmonica
data/raw/caltech256/256_ObjectCategories/097.harmonica/097_0062.jpg,96,097.harmonica
data/raw/caltech256/256_ObjectCategories/098.harp/098_0095.jpg,97,098.harp
data/raw/caltech256/256_ObjectCategories/098.harp/098_0097.jpg,97,098.harp
data/raw/caltech256/256_ObjectCategories/098.harp/098_0089.jpg,97,098.harp
data/raw/caltech256/256_ObjectCategories/098.harp/098_0022.jpg,97,098.harp
data/raw/caltech256/256_ObjectCategories/098.harp/098_0039.jpg,97,098.harp
data/raw/caltech256/256_ObjectCategories/098.harp/098_0013.jpg,97,098.harp
data/raw/caltech256/256_ObjectCategories/098.harp/098_0083.jpg,97,098.harp
data/raw/caltech256/256_ObjectCategories/099.harpsichord/099_0007.jpg,98,099.harpsichord
data/raw/caltech256/256_ObjectCategories/099.harpsichord/099_0019.jpg,98,099.harpsichord
data/raw/caltech256/256_ObjectCategories/099.harpsichord/099_0008.jpg,98,099.harpsichord
data/raw/caltech256/256_ObjectCategories/099.harpsichord/099_0023.jpg,98,099.harpsichord
data/raw/caltech256/256_ObjectCategories/099.harpsichord/099_0066.jpg,98,099.harpsichord
data/raw/caltech256/256_ObjectCategories/099.harpsichord/099_0026.jpg,98,099.harpsichord
data/raw/caltech256/256_ObjectCategories/100.hawksbill-101/100_0051.jpg,99,100.hawksbill-101
data/raw/caltech256/256_ObjectCategories/100.hawksbill-101/100_0079.jpg,99,100.hawksbill-101
data/raw/caltech256/256_ObjectCategories/100.hawksbill-101/100_0034.jpg,99,100.hawksbill-101
data/raw/caltech256/256_ObjectCategories/100.hawksbill-101/100_0004.jpg,99,100.hawksbill-101
data/raw/caltech256/256_ObjectCategories/100.hawksbill-101/100_0017.jpg,99,100.hawksbill-101
data/raw/caltech256/256_ObjectCategories/100.hawksbill-101/100_0035.jpg,99,100.hawksbill-101
data/raw/caltech256/256_ObjectCategories/100.hawksbill-101/100_0052.jpg,99,100.hawksbill-101
data/raw/caltech256/256_ObjectCategories/101.head-phones/101_0090.jpg,100,101.head-phones
data/raw/caltech256/256_ObjectCategories/101.head-phones/101_0134.jpg,100,101.head-phones
data/raw/caltech256/256_ObjectCategories/101.head-phones/101_0110.jpg,100,101.head-phones
data/raw/caltech256/256_ObjectCategories/101.head-phones/101_0006.jpg,100,101.head-phones
data/raw/caltech256/256_ObjectCategories/101.head-phones/101_0057.jpg,100,101.head-phones
data/raw/caltech256/256_ObjectCategories/101.head-phones/101_0012.jpg,100,101.head-phones
data/raw/caltech256/256_ObjectCategories/101.head-phones/101_0014.jpg,100,101.head-phones
data/raw/caltech256/256_ObjectCategories/101.head-phones/101_0125.jpg,100,101.head-phones
data/raw/caltech256/256_ObjectCategories/101.head-phones/101_0138.jpg,100,101.head-phones
data/raw/caltech256/256_ObjectCategories/101.head-phones/101_0095.jpg,100,101.head-phones
data/raw/caltech256/256_ObjectCategories/102.helicopter-101/102_0045.jpg,101,102.helicopter-101
data/raw/caltech256/256_ObjectCategories/102.helicopter-101/102_0012.jpg,101,102.helicopter-101
data/raw/caltech256/256_ObjectCategories/102.helicopter-101/102_0020.jpg,101,102.helicopter-101
data/raw/caltech256/256_ObjectCategories/102.helicopter-101/102_0033.jpg,101,102.helicopter-101
data/raw/caltech256/256_ObjectCategories/102.helicopter-101/102_0014.jpg,101,102.helicopter-101
data/raw/caltech256/256_ObjectCategories/102.helicopter-101/102_0056.jpg,101,102.helicopter-101
data/raw/caltech256/256_ObjectCategories/102.helicopter-101/102_0063.jpg,101,102.helicopter-101
data/raw/caltech256/256_ObjectCategories/103.hibiscus/103_0016.jpg,102,103.hibiscus
data/raw/caltech256/256_ObjectCategories/103.hibiscus/103_0101.jpg,102,103.hibiscus
data/raw/caltech256/256_ObjectCategories/103.hibiscus/103_0087.jpg,102,103.hibiscus
data/raw/caltech256/256_ObjectCategories/103.hibiscus/103_0099.jpg,102,103.hibiscus
data/raw/caltech256/256_ObjectCategories/103.hibiscus/103_0007.jpg,102,103.hibiscus
data/raw/caltech256/256_ObjectCategories/103.hibiscus/103_0081.jpg,102,103.hibiscus
data/raw/caltech256/256_ObjectCategories/103.hibiscus/103_0066.jpg,102,103.hibiscus
data/raw/caltech256/256_ObjectCategories/103.hibiscus/103_0047.jpg,102,103.hibiscus
data/raw/caltech256/256_ObjectCategories/104.homer-simpson/104_0022.jpg,103,104.homer-simpson
data/raw/caltech256/256_ObjectCategories/104.homer-simpson/104_0092.jpg,103,104.homer-simpson
data/raw/caltech256/256_ObjectCategories/104.homer-simpson/104_0023.jpg,103,104.homer-simpson
data/raw/caltech256/256_ObjectCategories/104.homer-simpson/104_0039.jpg,103,104.homer-simpson
data/raw/caltech256/256_ObjectCategories/104.homer-simpson/104_0069.jpg,103,104.homer-simpson
data/raw/caltech256/256_ObjectCategories/104.homer-simpson/104_0094.jpg,103,104.homer-simpson
data/raw/caltech256/256_ObjectCategories/104.homer-simpson/104_0042.jpg,103,104.homer-simpson
data/raw/caltech256/256_ObjectCategories/105.horse/105_0267.jpg,104,105.horse
data/raw/caltech256/256_ObjectCategories/105.horse/105_0208.jpg,104,105.horse
data/raw/caltech256/256_ObjectCategories/105.horse/105_0087.jpg,104,105.horse
data/raw/caltech256/256_ObjectCategories/105.horse/105_0091.jpg,104,105.horse
data/raw/caltech256/256_ObjectCategories/105.horse/105_0160.jpg,104,105.horse
data/raw/caltech256/256_ObjectCategories/105.horse/105_0112.jpg,104,105.horse
data/raw/caltech256/256_ObjectCategories/105.horse/105_0243.jpg,104,105.horse
data/raw/caltech256/256_ObjectCategories/105.horse/105_0194.jpg,104,105.horse
data/raw/caltech256/256_ObjectCategories/105.horse/105_0090.jpg,104,105.horse
data/raw/caltech256/256_ObjectCategories/105.horse/105_0055.jpg,104,105.horse
data/raw/caltech256/256_ObjectCategories/105.horse/105_0257.jpg,104,105.horse
data/raw/caltech256/256_ObjectCategories/105.horse/105_0078.jpg,104,105.horse
data/raw/caltech256/256_ObjectCategories/105.horse/105_0178.jpg,104,105.horse
data/raw/caltech256/256_ObjectCategories/105.horse/105_0199.jpg,104,105.horse
data/raw/caltech256/256_ObjectCategories/105.horse/105_0248.jpg,104,105.horse
data/raw/caltech256/256_ObjectCategories/105.horse/105_0230.jpg,104,105.horse
data/raw/caltech256/256_ObjectCategories/105.horse/105_0183.jpg,104,105.horse
data/raw/caltech256/256_ObjectCategories/105.horse/105_0170.jpg,104,105.horse
data/raw/caltech256/256_ObjectCategories/105.horse/105_0145.jpg,104,105.horse
data/raw/caltech256/256_ObjectCategories/106.horseshoe-crab/106_0010.jpg,105,106.horseshoe-crab
data/raw/caltech256/256_ObjectCategories/106.horseshoe-crab/106_0007.jpg,105,106.horseshoe-crab
data/raw/caltech256/256_ObjectCategories/106.horseshoe-crab/106_0083.jpg,105,106.horseshoe-crab
data/raw/caltech256/256_ObjectCategories/106.horseshoe-crab/106_0032.jpg,105,106.horseshoe-crab
data/raw/caltech256/256_ObjectCategories/106.horseshoe-crab/106_0060.jpg,105,106.horseshoe-crab
data/raw/caltech256/256_ObjectCategories/106.horseshoe-crab/106_0072.jpg,105,106.horseshoe-crab
data/raw/caltech256/256_ObjectCategories/106.horseshoe-crab/106_0042.jpg,105,106.horseshoe-crab
data/raw/caltech256/256_ObjectCategories/107.hot-air-balloon/107_0089.jpg,106,107.hot-air-balloon
data/raw/caltech256/256_ObjectCategories/107.hot-air-balloon/107_0043.jpg,106,107.hot-air-balloon
data/raw/caltech256/256_ObjectCategories/107.hot-air-balloon/107_0027.jpg,106,107.hot-air-balloon
data/raw/caltech256/256_ObjectCategories/107.hot-air-balloon/107_0056.jpg,106,107.hot-air-balloon
data/raw/caltech256/256_ObjectCategories/107.hot-air-balloon/107_0083.jpg,106,107.hot-air-balloon
data/raw/caltech256/256_ObjectCategories/107.hot-air-balloon/107_0077.jpg,106,107.hot-air-balloon
data/raw/caltech256/256_ObjectCategories/107.hot-air-balloon/107_0002.jpg,106,107.hot-air-balloon
data/raw/caltech256/256_ObjectCategories/108.hot-dog/108_0051.jpg,107,108.hot-dog
data/raw/caltech256/256_ObjectCategories/108.hot-dog/108_0085.jpg,107,108.hot-dog
data/raw/caltech256/256_ObjectCategories/108.hot-dog/108_0013.jpg,107,108.hot-dog
data/raw/caltech256/256_ObjectCategories/108.hot-dog/108_0043.jpg,107,108.hot-dog
data/raw/caltech256/256_ObjectCategories/108.hot-dog/108_0076.jpg,107,108.hot-dog
data/raw/caltech256/256_ObjectCategories/108.hot-dog/108_0005.jpg,107,108.hot-dog
data/raw/caltech256/256_ObjectCategories/109.hot-tub/109_0010.jpg,108,109.hot-tub
data/raw/caltech256/256_ObjectCategories/109.hot-tub/109_0029.jpg,108,109.hot-tub
data/raw/caltech256/256_ObjectCategories/109.hot-tub/109_0013.jpg,108,109.hot-tub
data/raw/caltech256/256_ObjectCategories/109.hot-tub/109_0086.jpg,108,109.hot-tub
data/raw/caltech256/256_ObjectCategories/109.hot-tub/109_0106.jpg,108,109.hot-tub
data/raw/caltech256/256_ObjectCategories/109.hot-tub/109_0098.jpg,108,109.hot-tub
data/raw/caltech256/256_ObjectCategories/109.hot-tub/109_0093.jpg,108,109.hot-tub
data/raw/caltech256/256_ObjectCategories/109.hot-tub/109_0037.jpg,108,109.hot-tub
data/raw/caltech256/256_ObjectCategories/109.hot-tub/109_0021.jpg,108,109.hot-tub
data/raw/caltech256/256_ObjectCategories/109.hot-tub/109_0036.jpg,108,109.hot-tub
data/raw/caltech256/256_ObjectCategories/109.hot-tub/109_0096.jpg,108,109.hot-tub
data/raw/caltech256/256_ObjectCategories/110.hourglass/110_0061.jpg,109,110.hourglass
data/raw/caltech256/256_ObjectCategories/110.hourglass/110_0009.jpg,109,110.hourglass
data/raw/caltech256/256_ObjectCategories/110.hourglass/110_0056.jpg,109,110.hourglass
data/raw/caltech256/256_ObjectCategories/110.hourglass/110_0004.jpg,109,110.hourglass
data/raw/caltech256/256_ObjectCategories/110.hourglass/110_0051.jpg,109,110.hourglass
data/raw/caltech256/256_ObjectCategories/110.hourglass/110_0053.jpg,109,110.hourglass
data/raw/caltech256/256_ObjectCategories/111.house-fly/111_0033.jpg,110,111.house-fly
data/raw/caltech256/256_ObjectCategories/111.house-fly/111_0051.jpg,110,111.house-fly
data/raw/caltech256/256_ObjectCategories/111.house-fly/111_0009.jpg,110,111.house-fly
data/raw/caltech256/256_ObjectCategories/111.house-fly/111_0075.jpg,110,111.house-fly
data/raw/caltech256/256_ObjectCategories/111.house-fly/111_0031.jpg,110,111.house-fly
data/raw/caltech256/256_ObjectCategories/111.house-fly/111_0025.jpg,110,111.house-fly
data/raw/caltech256/256_ObjectCategories/112.human-skeleton/112_0012.jpg,111,112.human-skeleton
data/raw/caltech256/256_ObjectCategories/112.human-skeleton/112_0063.jpg,111,112.human-skeleton
data/raw/caltech256/256_ObjectCategories/112.human-skeleton/112_0043.jpg,111,112.human-skeleton
data/raw/caltech256/256_ObjectCategories/112.human-skeleton/112_0018.jpg,111,112.human-skeleton
data/raw/caltech256/256_ObjectCategories/112.human-skeleton/112_0036.jpg,111,112.human-skeleton
data/raw/caltech256/256_ObjectCategories/112.human-skeleton/112_0027.jpg,111,112.human-skeleton
data/raw/caltech256/256_ObjectCategories/113.hummingbird/113_0049.jpg,112,113.hummingbird
data/raw/caltech256/256_ObjectCategories/113.hummingbird/113_0106.jpg,112,113.hummingbird
data/raw/caltech256/256_ObjectCategories/113.hummingbird/113_0105.jpg,112,113.hummingbird
data/raw/caltech256/256_ObjectCategories/113.hummingbird/113_0063.jpg,112,113.hummingbird
data/raw/caltech256/256_ObjectCategories/113.hummingbird/113_0031.jpg,112,113.hummingbird
data/raw/caltech256/256_ObjectCategories/113.hummingbird/113_0035.jpg,112,113.hummingbird
data/raw/caltech256/256_ObjectCategories/113.hummingbird/113_0003.jpg,112,113.hummingbird
data/raw/caltech256/256_ObjectCategories/113.hummingbird/113_0004.jpg,112,113.hummingbird
data/raw/caltech256/256_ObjectCategories/113.hummingbird/113_0044.jpg,112,113.hummingbird
data/raw/caltech256/256_ObjectCategories/114.ibis-101/114_0095.jpg,113,114.ibis-101
data/raw/caltech256/256_ObjectCategories/114.ibis-101/114_0077.jpg,113,114.ibis-101
data/raw/caltech256/256_ObjectCategories/114.ibis-101/114_0092.jpg,113,114.ibis-101
data/raw/caltech256/256_ObjectCategories/114.ibis-101/114_0013.jpg,113,114.ibis-101
data/raw/caltech256/256_ObjectCategories/114.ibis-101/114_0069.jpg,113,114.ibis-101
data/raw/caltech256/256_ObjectCategories/114.ibis-101/114_0088.jpg,113,114.ibis-101
data/raw/caltech256/256_ObjectCategories/114.ibis-101/114_0043.jpg,113,114.ibis-101
data/raw/caltech256/256_ObjectCategories/114.ibis-101/114_0114.jpg,113,114.ibis-101
data/raw/caltech256/256_ObjectCategories/114.ibis-101/114_0036.jpg,113,114.ibis-101
data/raw/caltech256/256_ObjectCategories/115.ice-cream-cone/115_0075.jpg,114,115.ice-cream-cone
data/raw/caltech256/256_ObjectCategories/115.ice-cream-cone/115_0070.jpg,114,115.ice-cream-cone
data/raw/caltech256/256_ObjectCategories/115.ice-cream-cone/115_0028.jpg,114,115.ice-cream-cone
data/raw/caltech256/256_ObjectCategories/115.ice-cream-cone/115_0056.jpg,114,115.ice-cream-cone
data/raw/caltech256/256_ObjectCategories/115.ice-cream-cone/115_0004.jpg,114,115.ice-cream-cone
data/raw/caltech256/256_ObjectCategories/115.ice-cream-cone/115_0077.jpg,114,115.ice-cream-cone
data/raw/caltech256/256_ObjectCategories/115.ice-cream-cone/115_0071.jpg,114,115.ice-cream-cone
data/raw/caltech256/256_ObjectCategories/116.iguana/116_0014.jpg,115,116.iguana
data/raw/caltech256/256_ObjectCategories/116.iguana/116_0062.jpg,115,116.iguana
data/raw/caltech256/256_ObjectCategories/116.iguana/116_0006.jpg,115,116.iguana
data/raw/caltech256/256_ObjectCategories/116.iguana/116_0037.jpg,115,116.iguana
data/raw/caltech256/256_ObjectCategories/116.iguana/116_0021.jpg,115,116.iguana
data/raw/caltech256/256_ObjectCategories/116.iguana/116_0038.jpg,115,116.iguana
data/raw/caltech256/256_ObjectCategories/116.iguana/116_0026.jpg,115,116.iguana
data/raw/caltech256/256_ObjectCategories/116.iguana/116_0025.jpg,115,116.iguana
data/raw/caltech256/256_ObjectCategories/117.ipod/117_0010.jpg,116,117.ipod
data/raw/caltech256/256_ObjectCategories/117.ipod/117_0038.jpg,116,117.ipod
data/raw/caltech256/256_ObjectCategories/117.ipod/117_0055.jpg,116,117.ipod
data/raw/caltech256/256_ObjectCategories/117.ipod/117_0083.jpg,116,117.ipod
data/raw/caltech256/256_ObjectCategories/117.ipod/117_0117.jpg,116,117.ipod
data/raw/caltech256/256_ObjectCategories/117.ipod/117_0104.jpg,116,117.ipod
data/raw/caltech256/256_ObjectCategories/117.ipod/117_0005.jpg,116,117.ipod
data/raw/caltech256/256_ObjectCategories/117.ipod/117_0019.jpg,116,117.ipod
data/raw/caltech256/256_ObjectCategories/117.ipod/117_0069.jpg,116,117.ipod
data/raw/caltech256/256_ObjectCategories/118.iris/118_0017.jpg,117,118.iris
data/raw/caltech256/256_ObjectCategories/118.iris/118_0104.jpg,117,118.iris
data/raw/caltech256/256_ObjectCategories/118.iris/118_0070.jpg,117,118.iris
data/raw/caltech256/256_ObjectCategories/118.iris/118_0032.jpg,117,118.iris
data/raw/caltech256/256_ObjectCategories/118.iris/118_0097.jpg,117,118.iris
data/raw/caltech256/256_ObjectCategories/118.iris/118_0010.jpg,117,118.iris
data/raw/caltech256/256_ObjectCategories/118.iris/118_0056.jpg,117,118.iris
data/raw/caltech256/256_ObjectCategories/118.iris/118_0065.jpg,117,118.iris
data/raw/caltech256/256_ObjectCategories/119.jesus-christ/119_0025.jpg,118,119.jesus-christ
data/raw/caltech256/256_ObjectCategories/119.jesus-christ/119_0023.jpg,118,119.jesus-christ
data/raw/caltech256/256_ObjectCategories/119.jesus-christ/119_0029.jpg,118,119.jesus-christ
data/raw/caltech256/256_ObjectCategories/119.jesus-christ/119_0004.jpg,118,119.jesus-christ
data/raw/caltech256/256_ObjectCategories/119.jesus-christ/119_0010.jpg,118,119.jesus-christ
data/raw/caltech256/256_ObjectCategories/119.jesus-christ/119_0085.jpg,118,119.jesus-christ
data/raw/caltech256/256_ObjectCategories/119.jesus-christ/119_0076.jpg,118,119.jesus-christ
data/raw/caltech256/256_ObjectCategories/120.joy-stick/120_0030.jpg,119,120.joy-stick
data/raw/caltech256/256_ObjectCategories/120.joy-stick/120_0128.jpg,119,120.joy-stick
data/raw/caltech256/256_ObjectCategories/120.joy-stick/120_0097.jpg,119,120.joy-stick
data/raw/caltech256/256_ObjectCategories/120.joy-stick/120_0062.jpg,119,120.joy-stick
data/raw/caltech256/256_ObjectCategories/120.joy-stick/120_0115.jpg,119,120.joy-stick
data/raw/caltech256/256_ObjectCategories/120.joy-stick/120_0063.jpg,119,120.joy-stick
data/raw/caltech256/256_ObjectCategories/120.joy-stick/120_0102.jpg,119,120.joy-stick
data/raw/caltech256/256_ObjectCategories/120.joy-stick/120_0008.jpg,119,120.joy-stick
data/raw/caltech256/256_ObjectCategories/120.joy-stick/120_0065.jpg,119,120.joy-stick
data/raw/caltech256/256_ObjectCategories/120.joy-stick/120_0093.jpg,119,120.joy-stick
data/raw/caltech256/256_ObjectCategories/121.kangaroo-101/121_0049.jpg,120,121.kangaroo-101
data/raw/caltech256/256_ObjectCategories/121.kangaroo-101/121_0070.jpg,120,121.kangaroo-101
data/raw/caltech256/256_ObjectCategories/121.kangaroo-101/121_0031.jpg,120,121.kangaroo-101
data/raw/caltech256/256_ObjectCategories/121.kangaroo-101/121_0064.jpg,120,121.kangaroo-101
data/raw/caltech256/256_ObjectCategories/121.kangaroo-101/121_0063.jpg,120,121.kangaroo-101
data/raw/caltech256/256_ObjectCategories/121.kangaroo-101/121_0015.jpg,120,121.kangaroo-101
data/raw/caltech256/256_ObjectCategories/122.kayak/122_0006.jpg,121,122.kayak
data/raw/caltech256/256_ObjectCategories/122.kayak/122_0038.jpg,121,122.kayak
data/raw/caltech256/256_ObjectCategories/122.kayak/122_0086.jpg,121,122.kayak
data/raw/caltech256/256_ObjectCategories/122.kayak/122_0047.jpg,121,122.kayak
data/raw/caltech256/256_ObjectCategories/122.kayak/122_0031.jpg,121,122.kayak
data/raw/caltech256/256_ObjectCategories/122.kayak/122_0002.jpg,121,122.kayak
data/raw/caltech256/256_ObjectCategories/122.kayak/122_0064.jpg,121,122.kayak
data/raw/caltech256/256_ObjectCategories/122.kayak/122_0077.jpg,121,122.kayak
data/raw/caltech256/256_ObjectCategories/123.ketch-101/123_0036.jpg,122,123.ketch-101
data/raw/caltech256/256_ObjectCategories/123.ketch-101/123_0054.jpg,122,123.ketch-101
data/raw/caltech256/256_ObjectCategories/123.ketch-101/123_0042.jpg,122,123.ketch-101
data/raw/caltech256/256_ObjectCategories/123.ketch-101/123_0057.jpg,122,123.ketch-101
data/raw/caltech256/256_ObjectCategories/123.ketch-101/123_0049.jpg,122,123.ketch-101
data/raw/caltech256/256_ObjectCategories/123.ketch-101/123_0045.jpg,122,123.ketch-101
data/raw/caltech256/256_ObjectCategories/123.ketch-101/123_0070.jpg,122,123.ketch-101
data/raw/caltech256/256_ObjectCategories/123.ketch-101/123_0110.jpg,122,123.ketch-101
data/raw/caltech256/256_ObjectCategories/124.killer-whale/124_0085.jpg,123,124.killer-whale
data/raw/caltech256/256_ObjectCategories/124.killer-whale/124_0077.jpg,123,124.killer-whale
data/raw/caltech256/256_ObjectCategories/124.killer-whale/124_0086.jpg,123,124.killer-whale
data/raw/caltech256/256_ObjectCategories/124.killer-whale/124_0040.jpg,123,124.killer-whale
data/raw/caltech256/256_ObjectCategories/124.killer-whale/124_0084.jpg,123,124.killer-whale
data/raw/caltech256/256_ObjectCategories/124.killer-whale/124_0062.jpg,123,124.killer-whale
data/raw/caltech256/256_ObjectCategories/124.killer-whale/124_0075.jpg,123,124.killer-whale
data/raw/caltech256/256_ObjectCategories/125.knife/125_0047.jpg,124,125.knife
data/raw/caltech256/256_ObjectCategories/125.knife/125_0058.jpg,124,125.knife
data/raw/caltech256/256_ObjectCategories/125.knife/125_0007.jpg,124,125.knife
data/raw/caltech256/256_ObjectCategories/125.knife/125_0009.jpg,124,125.knife
data/raw/caltech256/256_ObjectCategories/125.knife/125_0018.jpg,124,125.knife
data/raw/caltech256/256_ObjectCategories/125.knife/125_0013.jpg,124,125.knife
data/raw/caltech256/256_ObjectCategories/125.knife/125_0001.jpg,124,125.knife
data/raw/caltech256/256_ObjectCategories/125.knife/125_0075.jpg,124,125.knife
data/raw/caltech256/256_ObjectCategories/126.ladder/126_0161.jpg,125,126.ladder
data/raw/caltech256/256_ObjectCategories/126.ladder/126_0049.jpg,125,126.ladder
data/raw/caltech256/256_ObjectCategories/126.ladder/126_0122.jpg,125,126.ladder
data/raw/caltech256/256_ObjectCategories/126.ladder/126_0177.jpg,125,126.ladder
data/raw/caltech256/256_ObjectCategories/126.ladder/126_0061.jpg,125,126.ladder
data/raw/caltech256/256_ObjectCategories/126.ladder/126_0003.jpg,125,126.ladder
data/raw/caltech256/256_ObjectCategories/126.ladder/126_0204.jpg,125,126.ladder
data/raw/caltech256/256_ObjectCategories/126.ladder/126_0181.jpg,125,126.ladder
data/raw/caltech256/256_ObjectCategories/126.ladder/126_0082.jpg,125,126.ladder
data/raw/caltech256/256_ObjectCategories/126.ladder/126_0232.jpg,125,126.ladder
data/raw/caltech256/256_ObjectCategories/126.ladder/126_0114.jpg,125,126.ladder
data/raw/caltech256/256_ObjectCategories/126.ladder/126_0073.jpg,125,126.ladder
data/raw/caltech256/256_ObjectCategories/126.ladder/126_0011.jpg,125,126.ladder
data/raw/caltech256/256_ObjectCategories/126.ladder/126_0175.jpg,125,126.ladder
data/raw/caltech256/256_ObjectCategories/126.ladder/126_0120.jpg,125,126.ladder
data/raw/caltech256/256_ObjectCategories/126.ladder/126_0192.jpg,125,126.ladder
data/raw/caltech256/256_ObjectCategories/126.ladder/126_0191.jpg,125,126.ladder
data/raw/caltech256/256_ObjectCategories/127.laptop-101/127_0023.jpg,126,127.laptop-101
data/raw/caltech256/256_ObjectCategories/127.laptop-101/127_0069.jpg,126,127.laptop-101
data/raw/caltech256/256_ObjectCategories/127.laptop-101/127_0005.jpg,126,127.laptop-101
data/raw/caltech256/256_ObjectCategories/127.laptop-101/127_0076.jpg,126,127.laptop-101
data/raw/caltech256/256_ObjectCategories/127.laptop-101/127_0104.jpg,126,127.laptop-101
data/raw/caltech256/256_ObjectCategories/127.laptop-101/127_0029.jpg,126,127.laptop-101
data/raw/caltech256/256_ObjectCategories/127.laptop-101/127_0092.jpg,126,127.laptop-101
data/raw/caltech256/256_ObjectCategories/127.laptop-101/127_0071.jpg,126,127.laptop-101
data/raw/caltech256/256_ObjectCategories/127.laptop-101/127_0112.jpg,126,127.laptop-101
data/raw/caltech256/256_ObjectCategories/128.lathe/128_0037.jpg,127,128.lathe
data/raw/caltech256/256_ObjectCategories/128.lathe/128_0076.jpg,127,128.lathe
data/raw/caltech256/256_ObjectCategories/128.lathe/128_0018.jpg,127,128.lathe
data/raw/caltech256/256_ObjectCategories/128.lathe/128_0016.jpg,127,128.lathe
data/raw/caltech256/256_ObjectCategories/128.lathe/128_0082.jpg,127,128.lathe
data/raw/caltech256/256_ObjectCategories/128.lathe/128_0098.jpg,127,128.lathe
data/raw/caltech256/256_ObjectCategories/128.lathe/128_0032.jpg,127,128.lathe
data/raw/caltech256/256_ObjectCategories/128.lathe/128_0061.jpg,127,128.lathe
data/raw/caltech256/256_ObjectCategories/129.leopards-101/129_0134.jpg,128,129.leopards-101
data/raw/caltech256/256_ObjectCategories/129.leopards-101/129_0127.jpg,128,129.leopards-101
data/raw/caltech256/256_ObjectCategories/129.leopards-101/129_0138.jpg,128,129.leopards-101
data/raw/caltech256/256_ObjectCategories/129.leopards-101/129_0175.jpg,128,129.leopards-101
data/raw/caltech256/256_ObjectCategories/129.leopards-101/129_0013.jpg,128,129.leopards-101
data/raw/caltech256/256_ObjectCategories/129.leopards-101/129_0019.jpg,128,129.leopards-101
data/raw/caltech256/256_ObjectCategories/129.leopards-101/129_0051.jpg,128,129.leopards-101
data/raw/caltech256/256_ObjectCategories/129.leopards-101/129_0182.jpg,128,129.leopards-101
data/raw/caltech256/256_ObjectCategories/129.leopards-101/129_0172.jpg,128,129.leopards-101
data/raw/caltech256/256_ObjectCategories/129.leopards-101/129_0088.jpg,128,129.leopards-101
data/raw/caltech256/256_ObjectCategories/129.leopards-101/129_0056.jpg,128,129.leopards-101
data/raw/caltech256/256_ObjectCategories/129.leopards-101/129_0103.jpg,128,129.leopards-101
data/raw/caltech256/256_ObjectCategories/129.leopards-101/129_0147.jpg,128,129.leopards-101
data/raw/caltech256/256_ObjectCategories/129.leopards-101/129_0053.jpg,128,129.leopards-101
data/raw/caltech256/256_ObjectCategories/130.license-plate/130_0090.jpg,129,130.license-plate
data/raw/caltech256/256_ObjectCategories/130.license-plate/130_0009.jpg,129,130.license-plate
data/raw/caltech256/256_ObjectCategories/130.license-plate/130_0091.jpg,129,130.license-plate
data/raw/caltech256/256_ObjectCategories/130.license-plate/130_0050.jpg,129,130.license-plate
data/raw/caltech256/256_ObjectCategories/130.license-plate/130_0003.jpg,129,130.license-plate
data/raw/caltech256/256_ObjectCategories/130.license-plate/130_0045.jpg,129,130.license-plate
data/raw/caltech256/256_ObjectCategories/130.license-plate/130_0002.jpg,129,130.license-plate
data/raw/caltech256/256_ObjectCategories/131.lightbulb/131_0063.jpg,130,131.lightbulb
data/raw/caltech256/256_ObjectCategories/131.lightbulb/131_0004.jpg,130,131.lightbulb
data/raw/caltech256/256_ObjectCategories/131.lightbulb/131_0027.jpg,130,131.lightbulb
data/raw/caltech256/256_ObjectCategories/131.lightbulb/131_0073.jpg,130,131.lightbulb
data/raw/caltech256/256_ObjectCategories/131.lightbulb/131_0066.jpg,130,131.lightbulb
data/raw/caltech256/256_ObjectCategories/131.lightbulb/131_0052.jpg,130,131.lightbulb
data/raw/caltech256/256_ObjectCategories/131.lightbulb/131_0022.jpg,130,131.lightbulb
data/raw/caltech256/256_ObjectCategories/132.light-house/132_0054.jpg,131,132.light-house
data/raw/caltech256/256_ObjectCategories/132.light-house/132_0016.jpg,131,132.light-house
data/raw/caltech256/256_ObjectCategories/132.light-house/132_0020.jpg,131,132.light-house
data/raw/caltech256/256_ObjectCategories/132.light-house/132_0035.jpg,131,132.light-house
data/raw/caltech256/256_ObjectCategories/132.light-house/132_0039.jpg,131,132.light-house
data/raw/caltech256/256_ObjectCategories/132.light-house/132_0060.jpg,131,132.light-house
data/raw/caltech256/256_ObjectCategories/132.light-house/132_0052.jpg,131,132.light-house
data/raw/caltech256/256_ObjectCategories/132.light-house/132_0030.jpg,131,132.light-house
data/raw/caltech256/256_ObjectCategories/132.light-house/132_0092.jpg,131,132.light-house
data/raw/caltech256/256_ObjectCategories/132.light-house/132_0023.jpg,131,132.light-house
data/raw/caltech256/256_ObjectCategories/132.light-house/132_0135.jpg,131,132.light-house
data/raw/caltech256/256_ObjectCategories/132.light-house/132_0080.jpg,131,132.light-house
data/raw/caltech256/256_ObjectCategories/132.light-house/132_0146.jpg,131,132.light-house
data/raw/caltech256/256_ObjectCategories/132.light-house/132_0125.jpg,131,132.light-house
data/raw/caltech256/256_ObjectCategories/133.lightning/133_0076.jpg,132,133.lightning
data/raw/caltech256/256_ObjectCategories/133.lightning/133_0019.jpg,132,133.lightning
data/raw/caltech256/256_ObjectCategories/133.lightning/133_0035.jpg,132,133.lightning
data/raw/caltech256/256_ObjectCategories/133.lightning/133_0134.jpg,132,133.lightning
data/raw/caltech256/256_ObjectCategories/133.lightning/133_0059.jpg,132,133.lightning
data/raw/caltech256/256_ObjectCategories/133.lightning/133_0107.jpg,132,133.lightning
data/raw/caltech256/256_ObjectCategories/133.lightning/133_0085.jpg,132,133.lightning
data/raw/caltech256/256_ObjectCategories/133.lightning/133_0039.jpg,132,133.lightning
data/raw/caltech256/256_ObjectCategories/133.lightning/133_0098.jpg,132,133.lightning
data/raw/caltech256/256_ObjectCategories/133.lightning/133_0072.jpg,132,133.lightning
data/raw/caltech256/256_ObjectCategories/134.llama-101/134_0050.jpg,133,134.llama-101
data/raw/caltech256/256_ObjectCategories/134.llama-101/134_0007.jpg,133,134.llama-101
data/raw/caltech256/256_ObjectCategories/134.llama-101/134_0014.jpg,133,134.llama-101
data/raw/caltech256/256_ObjectCategories/134.llama-101/134_0046.jpg,133,134.llama-101
data/raw/caltech256/256_ObjectCategories/134.llama-101/134_0094.jpg,133,134.llama-101
data/raw/caltech256/256_ObjectCategories/134.llama-101/134_0060.jpg,133,134.llama-101
data/raw/caltech256/256_ObjectCategories/134.llama-101/134_0040.jpg,133,134.llama-101
data/raw/caltech256/256_ObjectCategories/134.llama-101/134_0023.jpg,133,134.llama-101
data/raw/caltech256/256_ObjectCategories/134.llama-101/134_0086.jpg,133,134.llama-101
data/raw/caltech256/256_ObjectCategories/135.mailbox/135_0040.jpg,134,135.mailbox
data/raw/caltech256/256_ObjectCategories/135.mailbox/135_0076.jpg,134,135.mailbox
data/raw/caltech256/256_ObjectCategories/135.mailbox/135_0054.jpg,134,135.mailbox
data/raw/caltech256/256_ObjectCategories/135.mailbox/135_0013.jpg,134,135.mailbox
data/raw/caltech256/256_ObjectCategories/135.mailbox/135_0032.jpg,134,135.mailbox
data/raw/caltech256/256_ObjectCategories/135.mailbox/135_0061.jpg,134,135.mailbox
data/raw/caltech256/256_ObjectCategories/135.mailbox/135_0088.jpg,134,135.mailbox
data/raw/caltech256/256_ObjectCategories/136.mandolin/136_0012.jpg,135,136.mandolin
data/raw/caltech256/256_ObjectCategories/136.mandolin/136_0073.jpg,135,136.mandolin
data/raw/caltech256/256_ObjectCategories/136.mandolin/136_0019.jpg,135,136.mandolin
data/raw/caltech256/256_ObjectCategories/136.mandolin/136_0021.jpg,135,136.mandolin
data/raw/caltech256/256_ObjectCategories/136.mandolin/136_0089.jpg,135,136.mandolin
data/raw/caltech256/256_ObjectCategories/136.mandolin/136_0042.jpg,135,136.mandolin
data/raw/caltech256/256_ObjectCategories/136.mandolin/136_0007.jpg,135,136.mandolin
data/raw/caltech256/256_ObjectCategories/137.mars/137_0115.jpg,136,137.mars
data/raw/caltech256/256_ObjectCategories/137.mars/137_0037.jpg,136,137.mars
data/raw/caltech256/256_ObjectCategories/137.mars/137_0093.jpg,136,137.mars
data/raw/caltech256/256_ObjectCategories/137.mars/137_0056.jpg,136,137.mars
data/raw/caltech256/256_ObjectCategories/137.mars/137_0085.jpg,136,137.mars
data/raw/caltech256/256_ObjectCategories/137.mars/137_0053.jpg,136,137.mars
data/raw/caltech256/256_ObjectCategories/137.mars/137_0105.jpg,136,137.mars
data/raw/caltech256/256_ObjectCategories/137.mars/137_0131.jpg,136,137.mars
data/raw/caltech256/256_ObjectCategories/137.mars/137_0087.jpg,136,137.mars
data/raw/caltech256/256_ObjectCategories/137.mars/137_0095.jpg,136,137.mars
data/raw/caltech256/256_ObjectCategories/137.mars/137_0080.jpg,136,137.mars
data/raw/caltech256/256_ObjectCategories/138.mattress/138_0067.jpg,137,138.mattress
data/raw/caltech256/256_ObjectCategories/138.mattress/138_0049.jpg,137,138.mattress
data/raw/caltech256/256_ObjectCategories/138.mattress/138_0036.jpg,137,138.mattress
data/raw/caltech256/256_ObjectCategories/138.mattress/138_0071.jpg,137,138.mattress
data/raw/caltech256/256_ObjectCategories/138.mattress/138_0087.jpg,137,138.mattress
data/raw/caltech256/256_ObjectCategories/138.mattress/138_0008.jpg,137,138.mattress
data/raw/caltech256/256_ObjectCategories/138.mattress/138_0133.jpg,137,138.mattress
data/raw/caltech256/256_ObjectCategories/138.mattress/138_0108.jpg,137,138.mattress
data/raw/caltech256/256_ObjectCategories/138.mattress/138_0061.jpg,137,138.mattress
data/raw/caltech256/256_ObjectCategories/138.mattress/138_0187.jpg,137,138.mattress
data/raw/caltech256/256_ObjectCategories/138.mattress/138_0158.jpg,137,138.mattress
data/raw/caltech256/256_ObjectCategories/138.mattress/138_0023.jpg,137,138.mattress
data/raw/caltech256/256_ObjectCategories/138.mattress/138_0089.jpg,137,138.mattress
data/raw/caltech256/256_ObjectCategories/138.mattress/138_0066.jpg,137,138.mattress
data/raw/caltech256/256_ObjectCategories/139.megaphone/139_0003.jpg,138,139.megaphone
data/raw/caltech256/256_ObjectCategories/139.megaphone/139_0001.jpg,138,139.megaphone
data/raw/caltech256/256_ObjectCategories/139.megaphone/139_0019.jpg,138,139.megaphone
data/raw/caltech256/256_ObjectCategories/139.megaphone/139_0039.jpg,138,139.megaphone
data/raw/caltech256/256_ObjectCategories/139.megaphone/139_0085.jpg,138,139.megaphone
data/raw/caltech256/256_ObjectCategories/139.megaphone/139_0066.jpg,138,139.megaphone
data/raw/caltech256/256_ObjectCategories/140.menorah-101/140_0072.jpg,139,140.menorah-101
data/raw/caltech256/256_ObjectCategories/140.menorah-101/140_0077.jpg,139,140.menorah-101
data/raw/caltech256/256_ObjectCategories/140.menorah-101/140_0021.jpg,139,140.menorah-101
data/raw/caltech256/256_ObjectCategories/140.menorah-101/140_0061.jpg,139,140.menorah-101
data/raw/caltech256/256_ObjectCategories/140.menorah-101/140_0015.jpg,139,140.menorah-101
data/raw/caltech256/256_ObjectCategories/140.menorah-101/140_0044.jpg,139,140.menorah-101
data/raw/caltech256/256_ObjectCategories/140.menorah-101/140_0065.jpg,139,140.menorah-101
data/raw/caltech256/256_ObjectCategories/141.microscope/141_0021.jpg,140,141.microscope
data/raw/caltech256/256_ObjectCategories/141.microscope/141_0070.jpg,140,141.microscope
data/raw/caltech256/256_ObjectCategories/141.microscope/141_0098.jpg,140,141.microscope
data/raw/caltech256/256_ObjectCategories/141.microscope/141_0088.jpg,140,141.microscope
data/raw/caltech256/256_ObjectCategories/141.microscope/141_0100.jpg,140,141.microscope
data/raw/caltech256/256_ObjectCategories/141.microscope/141_0048.jpg,140,141.microscope
data/raw/caltech256/256_ObjectCategories/141.microscope/141_0026.jpg,140,141.microscope
data/raw/caltech256/256_ObjectCategories/141.microscope/141_0082.jpg,140,141.microscope
data/raw/caltech256/256_ObjectCategories/141.microscope/141_0104.jpg,140,141.microscope
data/raw/caltech256/256_ObjectCategories/142.microwave/142_0020.jpg,141,142.microwave
data/raw/caltech256/256_ObjectCategories/142.microwave/142_0015.jpg,141,142.microwave
data/raw/caltech256/256_ObjectCategories/142.microwave/142_0093.jpg,141,142.microwave
data/raw/caltech256/256_ObjectCategories/142.microwave/142_0043.jpg,141,142.microwave
data/raw/caltech256/256_ObjectCategories/142.microwave/142_0068.jpg,141,142.microwave
data/raw/caltech256/256_ObjectCategories/142.microwave/142_0007.jpg,141,142.microwave
data/raw/caltech256/256_ObjectCategories/142.microwave/142_0002.jpg,141,142.microwave
data/raw/caltech256/256_ObjectCategories/142.microwave/142_0027.jpg,141,142.microwave
data/raw/caltech256/256_ObjectCategories/143.minaret/143_0059.jpg,142,143.minaret
data/raw/caltech256/256_ObjectCategories/143.minaret/143_0075.jpg,142,143.minaret
data/raw/caltech256/256_ObjectCategories/143.minaret/143_0123.jpg,142,143.minaret
data/raw/caltech256/256_ObjectCategories/143.minaret/143_0007.jpg,142,143.minaret
data/raw/caltech256/256_ObjectCategories/143.minaret/143_0033.jpg,142,143.minaret
data/raw/caltech256/256_ObjectCategories/143.minaret/143_0088.jpg,142,143.minaret
data/raw/caltech256/256_ObjectCategories/143.minaret/143_0113.jpg,142,143.minaret
data/raw/caltech256/256_ObjectCategories/143.minaret/143_0124.jpg,142,143.minaret
data/raw/caltech256/256_ObjectCategories/143.minaret/143_0063.jpg,142,143.minaret
data/raw/caltech256/256_ObjectCategories/143.minaret/143_0109.jpg,142,143.minaret
data/raw/caltech256/256_ObjectCategories/144.minotaur/144_0040.jpg,143,144.minotaur
data/raw/caltech256/256_ObjectCategories/144.minotaur/144_0017.jpg,143,144.minotaur
data/raw/caltech256/256_ObjectCategories/144.minotaur/144_0055.jpg,143,144.minotaur
data/raw/caltech256/256_ObjectCategories/144.minotaur/144_0066.jpg,143,144.minotaur
data/raw/caltech256/256_ObjectCategories/144.minotaur/144_0049.jpg,143,144.minotaur
data/raw/caltech256/256_ObjectCategories/144.minotaur/144_0065.jpg,143,144.minotaur
data/raw/caltech256/256_ObjectCategories/145.motorbikes-101/145_0775.jpg,144,145.motorbikes-101
data/raw/caltech256/256_ObjectCategories/145.motorbikes-101/145_0048.jpg,144,145.motorbikes-101
data/raw/caltech256/256_ObjectCategories/145.motorbikes-101/145_0640.jpg,144,145.motorbikes-101
data/raw/caltech256/256_ObjectCategories/145.motorbikes-101/145_0641.jpg,144,145.motorbikes-101
data/raw/caltech256/256_ObjectCategories/145.motorbikes-101/145_0759.jpg,144,145.motorbikes-101
data/raw/caltech256/256_ObjectCategories/145.motorbikes-101/145_0413.jpg,144,145.motorbikes-101
data/raw/caltech256/256_ObjectCategories/145.motorbikes-101/145_0369.jpg,144,145.motorbikes-101
data/raw/caltech256/256_ObjectCategories/145.motorbikes-101/145_0254.jpg,144,145.motorbikes-101
data/raw/caltech256/256_ObjectCategories/145.motorbikes-101/145_0555.jpg,144,145.motorbikes-101
data/raw/caltech256/256_ObjectCategories/145.motorbikes-101/145_0511.jpg,144,145.motorbikes-101
data/raw/caltech256/256_ObjectCategories/145.motorbikes-101/145_0421.jpg,144,145.motorbikes-101
data/raw/caltech256/256_ObjectCategories/145.motorbikes-101/145_0508.jpg,144,145.motorbikes-101
data/raw/caltech256/256_ObjectCategories/145.motorbikes-101/145_0782.jpg,144,145.motorbikes-101
data/raw/caltech256/256_ObjectCategories/145.motorbikes-101/145_0377.jpg,144,145.motorbikes-101
data/raw/caltech256/256_ObjectCategories/145.motorbikes-101/145_0022.jpg,144,145.motorbikes-101
data/raw/caltech256/256_ObjectCategories/145.motorbikes-101/145_0124.jpg,144,145.motorbikes-101
data/raw/caltech256/256_ObjectCategories/145.motorbikes-101/145_0597.jpg,144,145.motorbikes-101
data/raw/caltech256/256_ObjectCategories/145.motorbikes-101/145_0292.jpg,144,145.motorbikes-101
data/raw/caltech256/256_ObjectCategories/145.motorbikes-101/145_0575.jpg,144,145.motorbikes-101
data/raw/caltech256/256_ObjectCategories/145.motorbikes-101/145_0310.jpg,144,145.motorbikes-101
data/raw/caltech256/256_ObjectCategories/145.motorbikes-101/145_0572.jpg,144,145.motorbikes-101
data/raw/caltech256/256_ObjectCategories/145.motorbikes-101/145_0625.jpg,144,145.motorbikes-101
data/raw/caltech256/256_ObjectCategories/145.motorbikes-101/145_0379.jpg,144,145.motorbikes-101
data/raw/caltech256/256_ObjectCategories/145.motorbikes-101/145_0772.jpg,144,145.motorbikes-101
data/raw/caltech256/256_ObjectCategories/145.motorbikes-101/145_0793.jpg,144,145.motorbikes-101
data/raw/caltech256/256_ObjectCategories/145.motorbikes-101/145_0602.jpg,144,145.motorbikes-101
data/raw/caltech256/256_ObjectCategories/145.motorbikes-101/145_0778.jpg,144,145.motorbikes-101
data/raw/caltech256/256_ObjectCategories/145.motorbikes-101/145_0412.jpg,144,145.motorbikes-101
data/raw/caltech256/256_ObjectCategories/145.motorbikes-101/145_0346.jpg,144,145.motorbikes-101
data/raw/caltech256/256_ObjectCategories/145.motorbikes-101/145_0486.jpg,144,145.motorbikes-101
data/raw/caltech256/256_ObjectCategories/145.motorbikes-101/145_0765.jpg,144,145.motorbikes-101
data/raw/caltech256/256_ObjectCategories/145.motorbikes-101/145_0227.jpg,144,145.motorbikes-101
data/raw/caltech256/256_ObjectCategories/145.motorbikes-101/145_0345.jpg,144,145.motorbikes-101
data/raw/caltech256/256_ObjectCategories/145.motorbikes-101/145_0316.jpg,144,145.motorbikes-101
data/raw/caltech256/256_ObjectCategories/145.motorbikes-101/145_0207.jpg,144,145.motorbikes-101
data/raw/caltech256/256_ObjectCategories/145.motorbikes-101/145_0073.jpg,144,145.motorbikes-101
data/raw/caltech256/256_ObjectCategories/145.motorbikes-101/145_0690.jpg,144,145.motorbikes-101
data/raw/caltech256/256_ObjectCategories/145.motorbikes-101/145_0726.jpg,144,145.motorbikes-101
data/raw/caltech256/256_ObjectCategories/145.motorbikes-101/145_0055.jpg,144,145.motorbikes-101
data/raw/caltech256/256_ObjectCategories/145.motorbikes-101/145_0151.jpg,144,145.motorbikes-101
data/raw/caltech256/256_ObjectCategories/145.motorbikes-101/145_0206.jpg,144,145.motorbikes-101
data/raw/caltech256/256_ObjectCategories/145.motorbikes-101/145_0749.jpg,144,145.motorbikes-101
data/raw/caltech256/256_ObjectCategories/145.motorbikes-101/145_0174.jpg,144,145.motorbikes-101
data/raw/caltech256/256_ObjectCategories/145.motorbikes-101/145_0551.jpg,144,145.motorbikes-101
data/raw/caltech256/256_ObjectCategories/145.motorbikes-101/145_0193.jpg,144,145.motorbikes-101
data/raw/caltech256/256_ObjectCategories/145.motorbikes-101/145_0281.jpg,144,145.motorbikes-101
data/raw/caltech256/256_ObjectCategories/145.motorbikes-101/145_0285.jpg,144,145.motorbikes-101
data/raw/caltech256/256_ObjectCategories/145.motorbikes-101/145_0180.jpg,144,145.motorbikes-101
data/raw/caltech256/256_ObjectCategories/145.motorbikes-101/145_0323.jpg,144,145.motorbikes-101
data/raw/caltech256/256_ObjectCategories/145.motorbikes-101/145_0773.jpg,144,145.motorbikes-101
data/raw/caltech256/256_ObjectCategories/145.motorbikes-101/145_0037.jpg,144,145.motorbikes-101
data/raw/caltech256/256_ObjectCategories/145.motorbikes-101/145_0383.jpg,144,145.motorbikes-101
data/raw/caltech256/256_ObjectCategories/145.motorbikes-101/145_0436.jpg,144,145.motorbikes-101
data/raw/caltech256/256_ObjectCategories/145.motorbikes-101/145_0732.jpg,144,145.motorbikes-101
data/raw/caltech256/256_ObjectCategories/145.motorbikes-101/145_0137.jpg,144,145.motorbikes-101
data/raw/caltech256/256_ObjectCategories/145.motorbikes-101/145_0510.jpg,144,145.motorbikes-101
data/raw/caltech256/256_ObjectCategories/146.mountain-bike/146_0037.jpg,145,146.mountain-bike
data/raw/caltech256/256_ObjectCategories/146.mountain-bike/146_0019.jpg,145,146.mountain-bike
data/raw/caltech256/256_ObjectCategories/146.mountain-bike/146_0061.jpg,145,146.mountain-bike
data/raw/caltech256/256_ObjectCategories/146.mountain-bike/146_0028.jpg,145,146.mountain-bike
data/raw/caltech256/256_ObjectCategories/146.mountain-bike/146_0065.jpg,145,146.mountain-bike
data/raw/caltech256/256_ObjectCategories/146.mountain-bike/146_0044.jpg,145,146.mountain-bike
data/raw/caltech256/256_ObjectCategories/147.mushroom/147_0108.jpg,146,147.mushroom
data/raw/caltech256/256_ObjectCategories/147.mushroom/147_0165.jpg,146,147.mushroom
data/raw/caltech256/256_ObjectCategories/147.mushroom/147_0199.jpg,146,147.mushroom
data/raw/caltech256/256_ObjectCategories/147.mushroom/147_0123.jpg,146,147.mushroom
data/raw/caltech256/256_ObjectCategories/147.mushroom/147_0175.jpg,146,147.mushroom
data/raw/caltech256/256_ObjectCategories/147.mushroom/147_0085.jpg,146,147.mushroom
data/raw/caltech256/256_ObjectCategories/147.mushroom/147_0090.jpg,146,147.mushroom
data/raw/caltech256/256_ObjectCategories/147.mushroom/147_0105.jpg,146,147.mushroom
data/raw/caltech256/256_ObjectCategories/147.mushroom/147_0122.jpg,146,147.mushroom
data/raw/caltech256/256_ObjectCategories/147.mushroom/147_0045.jpg,146,147.mushroom
data/raw/caltech256/256_ObjectCategories/147.mushroom/147_0157.jpg,146,147.mushroom
data/raw/caltech256/256_ObjectCategories/147.mushroom/147_0056.jpg,146,147.mushroom
data/raw/caltech256/256_ObjectCategories/147.mushroom/147_0200.jpg,146,147.mushroom
data/raw/caltech256/256_ObjectCategories/147.mushroom/147_0001.jpg,146,147.mushroom
data/raw/caltech256/256_ObjectCategories/147.mushroom/147_0081.jpg,146,147.mushroom
data/raw/caltech256/256_ObjectCategories/148.mussels/148_0041.jpg,147,148.mussels
data/raw/caltech256/256_ObjectCategories/148.mussels/148_0036.jpg,147,148.mussels
data/raw/caltech256/256_ObjectCategories/148.mussels/148_0066.jpg,147,148.mussels
data/raw/caltech256/256_ObjectCategories/148.mussels/148_0047.jpg,147,148.mussels
data/raw/caltech256/256_ObjectCategories/148.mussels/148_0107.jpg,147,148.mussels
data/raw/caltech256/256_ObjectCategories/148.mussels/148_0091.jpg,147,148.mussels
data/raw/caltech256/256_ObjectCategories/148.mussels/148_0103.jpg,147,148.mussels
data/raw/caltech256/256_ObjectCategories/148.mussels/148_0111.jpg,147,148.mussels
data/raw/caltech256/256_ObjectCategories/148.mussels/148_0002.jpg,147,148.mussels
data/raw/caltech256/256_ObjectCategories/148.mussels/148_0042.jpg,147,148.mussels
data/raw/caltech256/256_ObjectCategories/148.mussels/148_0143.jpg,147,148.mussels
data/raw/caltech256/256_ObjectCategories/148.mussels/148_0100.jpg,147,148.mussels
data/raw/caltech256/256_ObjectCategories/148.mussels/148_0165.jpg,147,148.mussels
data/raw/caltech256/256_ObjectCategories/149.necktie/149_0095.jpg,148,149.necktie
data/raw/caltech256/256_ObjectCategories/149.necktie/149_0076.jpg,148,149.necktie
data/raw/caltech256/256_ObjectCategories/149.necktie/149_0053.jpg,148,149.necktie
data/raw/caltech256/256_ObjectCategories/149.necktie/149_0039.jpg,148,149.necktie
data/raw/caltech256/256_ObjectCategories/149.necktie/149_0024.jpg,148,149.necktie
data/raw/caltech256/256_ObjectCategories/149.necktie/149_0005.jpg,148,149.necktie
data/raw/caltech256/256_ObjectCategories/149.necktie/149_0102.jpg,148,149.necktie
data/raw/caltech256/256_ObjectCategories/149.necktie/149_0052.jpg,148,149.necktie
data/raw/caltech256/256_ObjectCategories/150.octopus/150_0026.jpg,149,150.octopus
data/raw/caltech256/256_ObjectCategories/150.octopus/150_0024.jpg,149,150.octopus
data/raw/caltech256/256_ObjectCategories/150.octopus/150_0012.jpg,149,150.octopus
data/raw/caltech256/256_ObjectCategories/150.octopus/150_0070.jpg,149,150.octopus
data/raw/caltech256/256_ObjectCategories/150.octopus/150_0049.jpg,149,150.octopus
data/raw/caltech256/256_ObjectCategories/150.octopus/150_0019.jpg,149,150.octopus
data/raw/caltech256/256_ObjectCategories/150.octopus/150_0007.jpg,149,150.octopus
data/raw/caltech256/256_ObjectCategories/150.octopus/150_0091.jpg,149,150.octopus
data/raw/caltech256/256_ObjectCategories/151.ostrich/151_0023.jpg,150,151.ostrich
data/raw/caltech256/256_ObjectCategories/151.ostrich/151_0045.jpg,150,151.ostrich
data/raw/caltech256/256_ObjectCategories/151.ostrich/151_0109.jpg,150,151.ostrich
data/raw/caltech256/256_ObjectCategories/151.ostrich/151_0105.jpg,150,151.ostrich
data/raw/caltech256/256_ObjectCategories/151.ostrich/151_0088.jpg,150,151.ostrich
data/raw/caltech256/256_ObjectCategories/151.ostrich/151_0016.jpg,150,151.ostrich
data/raw/caltech256/256_ObjectCategories/151.ostrich/151_0102.jpg,150,151.ostrich
data/raw/caltech256/256_ObjectCategories/151.ostrich/151_0079.jpg,150,151.ostrich
data/raw/caltech256/256_ObjectCategories/152.owl/152_0020.jpg,151,152.owl
data/raw/caltech256/256_ObjectCategories/152.owl/152_0037.jpg,151,152.owl
data/raw/caltech256/256_ObjectCategories/152.owl/152_0107.jpg,151,152.owl
data/raw/caltech256/256_ObjectCategories/152.owl/152_0044.jpg,151,152.owl
data/raw/caltech256/256_ObjectCategories/152.owl/152_0088.jpg,151,152.owl
data/raw/caltech256/256_ObjectCategories/152.owl/152_0001.jpg,151,152.owl
data/raw/caltech256/256_ObjectCategories/152.owl/152_0052.jpg,151,152.owl
data/raw/caltech256/256_ObjectCategories/152.owl/152_0112.jpg,151,152.owl
data/raw/caltech256/256_ObjectCategories/152.owl/152_0025.jpg,151,152.owl
data/raw/caltech256/256_ObjectCategories/153.palm-pilot/153_0036.jpg,152,153.palm-pilot
data/raw/caltech256/256_ObjectCategories/153.palm-pilot/153_0017.jpg,152,153.palm-pilot
data/raw/caltech256/256_ObjectCategories/153.palm-pilot/153_0055.jpg,152,153.palm-pilot
data/raw/caltech256/256_ObjectCategories/153.palm-pilot/153_0051.jpg,152,153.palm-pilot
data/raw/caltech256/256_ObjectCategories/153.palm-pilot/153_0042.jpg,152,153.palm-pilot
data/raw/caltech256/256_ObjectCategories/153.palm-pilot/153_0023.jpg,152,153.palm-pilot
data/raw/caltech256/256_ObjectCategories/153.palm-pilot/153_0043.jpg,152,153.palm-pilot
data/raw/caltech256/256_ObjectCategories/154.palm-tree/154_0087.jpg,153,154.palm-tree
data/raw/caltech256/256_ObjectCategories/154.palm-tree/154_0024.jpg,153,154.palm-tree
data/raw/caltech256/256_ObjectCategories/154.palm-tree/154_0042.jpg,153,154.palm-tree
data/raw/caltech256/256_ObjectCategories/154.palm-tree/154_0094.jpg,153,154.palm-tree
data/raw/caltech256/256_ObjectCategories/154.palm-tree/154_0010.jpg,153,154.palm-tree
data/raw/caltech256/256_ObjectCategories/154.palm-tree/154_0022.jpg,153,154.palm-tree
data/raw/caltech256/256_ObjectCategories/154.palm-tree/154_0001.jpg,153,154.palm-tree
data/raw/caltech256/256_ObjectCategories/154.palm-tree/154_0073.jpg,153,154.palm-tree
data/raw/caltech256/256_ObjectCategories/155.paperclip/155_0047.jpg,154,155.paperclip
data/raw/caltech256/256_ObjectCategories/155.paperclip/155_0087.jpg,154,155.paperclip
data/raw/caltech256/256_ObjectCategories/155.paperclip/155_0069.jpg,154,155.paperclip
data/raw/caltech256/256_ObjectCategories/155.paperclip/155_0039.jpg,154,155.paperclip
data/raw/caltech256/256_ObjectCategories/155.paperclip/155_0065.jpg,154,155.paperclip
data/raw/caltech256/256_ObjectCategories/155.paperclip/155_0053.jpg,154,155.paperclip
data/raw/caltech256/256_ObjectCategories/155.paperclip/155_0045.jpg,154,155.paperclip
data/raw/caltech256/256_ObjectCategories/156.paper-shredder/156_0011.jpg,155,156.paper-shredder
data/raw/caltech256/256_ObjectCategories/156.paper-shredder/156_0037.jpg,155,156.paper-shredder
data/raw/caltech256/256_ObjectCategories/156.paper-shredder/156_0010.jpg,155,156.paper-shredder
data/raw/caltech256/256_ObjectCategories/156.paper-shredder/156_0039.jpg,155,156.paper-shredder
data/raw/caltech256/256_ObjectCategories/156.paper-shredder/156_0029.jpg,155,156.paper-shredder
data/raw/caltech256/256_ObjectCategories/156.paper-shredder/156_0009.jpg,155,156.paper-shredder
data/raw/caltech256/256_ObjectCategories/156.paper-shredder/156_0083.jpg,155,156.paper-shredder
data/raw/caltech256/256_ObjectCategories/157.pci-card/157_0025.jpg,156,157.pci-card
data/raw/caltech256/256_ObjectCategories/157.pci-card/157_0051.jpg,156,157.pci-card
data/raw/caltech256/256_ObjectCategories/157.pci-card/157_0008.jpg,156,157.pci-card
data/raw/caltech256/256_ObjectCategories/157.pci-card/157_0017.jpg,156,157.pci-card
data/raw/caltech256/256_ObjectCategories/157.pci-card/157_0101.jpg,156,157.pci-card
data/raw/caltech256/256_ObjectCategories/157.pci-card/157_0060.jpg,156,157.pci-card
data/raw/caltech256/256_ObjectCategories/157.pci-card/157_0098.jpg,156,157.pci-card
data/raw/caltech256/256_ObjectCategories/157.pci-card/157_0050.jpg,156,157.pci-card
data/raw/caltech256/256_ObjectCategories/158.penguin/158_0054.jpg,157,158.penguin
data/raw/caltech256/256_ObjectCategories/158.penguin/158_0146.jpg,157,158.penguin
data/raw/caltech256/256_ObjectCategories/158.penguin/158_0068.jpg,157,158.penguin
data/raw/caltech256/256_ObjectCategories/158.penguin/158_0121.jpg,157,158.penguin
data/raw/caltech256/256_ObjectCategories/158.penguin/158_0105.jpg,157,158.penguin
data/raw/caltech256/256_ObjectCategories/158.penguin/158_0134.jpg,157,158.penguin
data/raw/caltech256/256_ObjectCategories/158.penguin/158_0095.jpg,157,158.penguin
data/raw/caltech256/256_ObjectCategories/158.penguin/158_0085.jpg,157,158.penguin
data/raw/caltech256/256_ObjectCategories/158.penguin/158_0135.jpg,157,158.penguin
data/raw/caltech256/256_ObjectCategories/158.penguin/158_0015.jpg,157,158.penguin
data/raw/caltech256/256_ObjectCategories/158.penguin/158_0044.jpg,157,158.penguin
data/raw/caltech256/256_ObjectCategories/159.people/159_0060.jpg,158,159.people
data/raw/caltech256/256_ObjectCategories/159.people/159_0133.jpg,158,159.people
data/raw/caltech256/256_ObjectCategories/159.people/159_0134.jpg,158,159.people
data/raw/caltech256/256_ObjectCategories/159.people/159_0113.jpg,158,159.people
data/raw/caltech256/256_ObjectCategories/159.people/159_0085.jpg,158,159.people
data/raw/caltech256/256_ObjectCategories/159.people/159_0055.jpg,158,159.people
data/raw/caltech256/256_ObjectCategories/159.people/159_0170.jpg,158,159.people
data/raw/caltech256/256_ObjectCategories/159.people/159_0007.jpg,158,159.people
data/raw/caltech256/256_ObjectCategories/159.people/159_0191.jpg,158,159.people
data/raw/caltech256/256_ObjectCategories/159.people/159_0139.jpg,158,159.people
data/raw/caltech256/256_ObjectCategories/159.people/159_0056.jpg,158,159.people
data/raw/caltech256/256_ObjectCategories/159.people/159_0005.jpg,158,159.people
data/raw/caltech256/256_ObjectCategories/159.people/159_0124.jpg,158,159.people
data/raw/caltech256/256_ObjectCategories/159.people/159_0118.jpg,158,159.people
data/raw/caltech256/256_ObjectCategories/159.people/159_0076.jpg,158,159.people
data/raw/caltech256/256_ObjectCategories/160.pez-dispenser/160_0037.jpg,159,160.pez-dispenser
data/raw/caltech256/256_ObjectCategories/160.pez-dispenser/160_0067.jpg,159,160.pez-dispenser
data/raw/caltech256/256_ObjectCategories/160.pez-dispenser/160_0040.jpg,159,160.pez-dispenser
data/raw/caltech256/256_ObjectCategories/160.pez-dispenser/160_0060.jpg,159,160.pez-dispenser
data/raw/caltech256/256_ObjectCategories/160.pez-dispenser/160_0016.jpg,159,160.pez-dispenser
data/raw/caltech256/256_ObjectCategories/160.pez-dispenser/160_0039.jpg,159,160.pez-dispenser
data/raw/caltech256/256_ObjectCategories/161.photocopier/161_0010.jpg,160,161.photocopier
data/raw/caltech256/256_ObjectCategories/161.photocopier/161_0066.jpg,160,161.photocopier
data/raw/caltech256/256_ObjectCategories/161.photocopier/161_0076.jpg,160,161.photocopier
data/raw/caltech256/256_ObjectCategories/161.photocopier/161_0059.jpg,160,161.photocopier
data/raw/caltech256/256_ObjectCategories/161.photocopier/161_0048.jpg,160,161.photocopier
data/raw/caltech256/256_ObjectCategories/161.photocopier/161_0011.jpg,160,161.photocopier
data/raw/caltech256/256_ObjectCategories/161.photocopier/161_0023.jpg,160,161.photocopier
data/raw/caltech256/256_ObjectCategories/161.photocopier/161_0022.jpg,160,161.photocopier
data/raw/caltech256/256_ObjectCategories/162.picnic-table/162_0075.jpg,161,162.picnic-table
data/raw/caltech256/256_ObjectCategories/162.picnic-table/162_0012.jpg,161,162.picnic-table
data/raw/caltech256/256_ObjectCategories/162.picnic-table/162_0037.jpg,161,162.picnic-table
data/raw/caltech256/256_ObjectCategories/162.picnic-table/162_0015.jpg,161,162.picnic-table
data/raw/caltech256/256_ObjectCategories/162.picnic-table/162_0028.jpg,161,162.picnic-table
data/raw/caltech256/256_ObjectCategories/162.picnic-table/162_0006.jpg,161,162.picnic-table
data/raw/caltech256/256_ObjectCategories/162.picnic-table/162_0072.jpg,161,162.picnic-table
data/raw/caltech256/256_ObjectCategories/163.playing-card/163_0085.jpg,162,163.playing-card
data/raw/caltech256/256_ObjectCategories/163.playing-card/163_0040.jpg,162,163.playing-card
data/raw/caltech256/256_ObjectCategories/163.playing-card/163_0083.jpg,162,163.playing-card
data/raw/caltech256/256_ObjectCategories/163.playing-card/163_0081.jpg,162,163.playing-card
data/raw/caltech256/256_ObjectCategories/163.playing-card/163_0026.jpg,162,163.playing-card
data/raw/caltech256/256_ObjectCategories/163.playing-card/163_0082.jpg,162,163.playing-card
data/raw/caltech256/256_ObjectCategories/163.playing-card/163_0005.jpg,162,163.playing-card
data/raw/caltech256/256_ObjectCategories/164.porcupine/164_0043.jpg,163,164.porcupine
data/raw/caltech256/256_ObjectCategories/164.porcupine/164_0087.jpg,163,164.porcupine
data/raw/caltech256/256_ObjectCategories/164.porcupine/164_0076.jpg,163,164.porcupine
data/raw/caltech256/256_ObjectCategories/164.porcupine/164_0066.jpg,163,164.porcupine
data/raw/caltech256/256_ObjectCategories/164.porcupine/164_0049.jpg,163,164.porcupine
data/raw/caltech256/256_ObjectCategories/164.porcupine/164_0013.jpg,163,164.porcupine
data/raw/caltech256/256_ObjectCategories/164.porcupine/164_0027.jpg,163,164.porcupine
data/raw/caltech256/256_ObjectCategories/164.porcupine/164_0031.jpg,163,164.porcupine
data/raw/caltech256/256_ObjectCategories/165.pram/165_0015.jpg,164,165.pram
data/raw/caltech256/256_ObjectCategories/165.pram/165_0076.jpg,164,165.pram
data/raw/caltech256/256_ObjectCategories/165.pram/165_0004.jpg,164,165.pram
data/raw/caltech256/256_ObjectCategories/165.pram/165_0060.jpg,164,165.pram
data/raw/caltech256/256_ObjectCategories/165.pram/165_0086.jpg,164,165.pram
data/raw/caltech256/256_ObjectCategories/165.pram/165_0075.jpg,164,165.pram
data/raw/caltech256/256_ObjectCategories/165.pram/165_0005.jpg,164,165.pram
data/raw/caltech256/256_ObjectCategories/166.praying-mantis/166_0089.jpg,165,166.praying-mantis
data/raw/caltech256/256_ObjectCategories/166.praying-mantis/166_0067.jpg,165,166.praying-mantis
data/raw/caltech256/256_ObjectCategories/166.praying-mantis/166_0047.jpg,165,166.praying-mantis
data/raw/caltech256/256_ObjectCategories/166.praying-mantis/166_0034.jpg,165,166.praying-mantis
data/raw/caltech256/256_ObjectCategories/166.praying-mantis/166_0019.jpg,165,166.praying-mantis
data/raw/caltech256/256_ObjectCategories/166.praying-mantis/166_0005.jpg,165,166.praying-mantis
data/raw/caltech256/256_ObjectCategories/166.praying-mantis/166_0083.jpg,165,166.praying-mantis
data/raw/caltech256/256_ObjectCategories/167.pyramid/167_0044.jpg,166,167.pyramid
data/raw/caltech256/256_ObjectCategories/167.pyramid/167_0026.jpg,166,167.pyramid
data/raw/caltech256/256_ObjectCategories/167.pyramid/167_0024.jpg,166,167.pyramid
data/raw/caltech256/256_ObjectCategories/167.pyramid/167_0040.jpg,166,167.pyramid
data/raw/caltech256/256_ObjectCategories/167.pyramid/167_0011.jpg,166,167.pyramid
data/raw/caltech256/256_ObjectCategories/167.pyramid/167_0085.jpg,166,167.pyramid
data/raw/caltech256/256_ObjectCategories/168.raccoon/168_0135.jpg,167,168.raccoon
data/raw/caltech256/256_ObjectCategories/168.raccoon/168_0074.jpg,167,168.raccoon
data/raw/caltech256/256_ObjectCategories/168.raccoon/168_0101.jpg,167,168.raccoon
data/raw/caltech256/256_ObjectCategories/168.raccoon/168_0019.jpg,167,168.raccoon
data/raw/caltech256/256_ObjectCategories/168.raccoon/168_0103.jpg,167,168.raccoon
data/raw/caltech256/256_ObjectCategories/168.raccoon/168_0095.jpg,167,168.raccoon
data/raw/caltech256/256_ObjectCategories/168.raccoon/168_0010.jpg,167,168.raccoon
data/raw/caltech256/256_ObjectCategories/168.raccoon/168_0023.jpg,167,168.raccoon
data/raw/caltech256/256_ObjectCategories/168.raccoon/168_0005.jpg,167,168.raccoon
data/raw/caltech256/256_ObjectCategories/168.raccoon/168_0054.jpg,167,168.raccoon
data/raw/caltech256/256_ObjectCategories/169.radio-telescope/169_0056.jpg,168,169.radio-telescope
data/raw/caltech256/256_ObjectCategories/169.radio-telescope/169_0068.jpg,168,169.radio-telescope
data/raw/caltech256/256_ObjectCategories/169.radio-telescope/169_0058.jpg,168,169.radio-telescope
data/raw/caltech256/256_ObjectCategories/169.radio-telescope/169_0031.jpg,168,169.radio-telescope
data/raw/caltech256/256_ObjectCategories/169.radio-telescope/169_0018.jpg,168,169.radio-telescope
data/raw/caltech256/256_ObjectCategories/169.radio-telescope/169_0057.jpg,168,169.radio-telescope
data/raw/caltech256/256_ObjectCategories/169.radio-telescope/169_0005.jpg,168,169.radio-telescope
data/raw/caltech256/256_ObjectCategories/170.rainbow/170_0014.jpg,169,170.rainbow
data/raw/caltech256/256_ObjectCategories/170.rainbow/170_0048.jpg,169,170.rainbow
data/raw/caltech256/256_ObjectCategories/170.rainbow/170_0087.jpg,169,170.rainbow
data/raw/caltech256/256_ObjectCategories/170.rainbow/170_0077.jpg,169,170.rainbow
data/raw/caltech256/256_ObjectCategories/170.rainbow/170_0068.jpg,169,170.rainbow
data/raw/caltech256/256_ObjectCategories/170.rainbow/170_0086.jpg,169,170.rainbow
data/raw/caltech256/256_ObjectCategories/170.rainbow/170_0094.jpg,169,170.rainbow
data/raw/caltech256/256_ObjectCategories/170.rainbow/170_0080.jpg,169,170.rainbow
data/raw/caltech256/256_ObjectCategories/171.refrigerator/171_0074.jpg,170,171.refrigerator
data/raw/caltech256/256_ObjectCategories/171.refrigerator/171_0064.jpg,170,171.refrigerator
data/raw/caltech256/256_ObjectCategories/171.refrigerator/171_0005.jpg,170,171.refrigerator
data/raw/caltech256/256_ObjectCategories/171.refrigerator/171_0070.jpg,170,171.refrigerator
data/raw/caltech256/256_ObjectCategories/171.refrigerator/171_0016.jpg,170,171.refrigerator
data/raw/caltech256/256_ObjectCategories/171.refrigerator/171_0032.jpg,170,171.refrigerator
data/raw/caltech256/256_ObjectCategories/172.revolver-101/172_0071.jpg,171,172.revolver-101
data/raw/caltech256/256_ObjectCategories/172.revolver-101/172_0096.jpg,171,172.revolver-101
data/raw/caltech256/256_ObjectCategories/172.revolver-101/172_0041.jpg,171,172.revolver-101
data/raw/caltech256/256_ObjectCategories/172.revolver-101/172_0022.jpg,171,172.revolver-101
data/raw/caltech256/256_ObjectCategories/172.revolver-101/172_0062.jpg,171,172.revolver-101
data/raw/caltech256/256_ObjectCategories/172.revolver-101/172_0065.jpg,171,172.revolver-101
data/raw/caltech256/256_ObjectCategories/172.revolver-101/172_0009.jpg,171,172.revolver-101
data/raw/caltech256/256_ObjectCategories/173.rifle/173_0005.jpg,172,173.rifle
data/raw/caltech256/256_ObjectCategories/173.rifle/173_0025.jpg,172,173.rifle
data/raw/caltech256/256_ObjectCategories/173.rifle/173_0047.jpg,172,173.rifle
data/raw/caltech256/256_ObjectCategories/173.rifle/173_0089.jpg,172,173.rifle
data/raw/caltech256/256_ObjectCategories/173.rifle/173_0003.jpg,172,173.rifle
data/raw/caltech256/256_ObjectCategories/173.rifle/173_0086.jpg,172,173.rifle
data/raw/caltech256/256_ObjectCategories/173.rifle/173_0016.jpg,172,173.rifle
data/raw/caltech256/256_ObjectCategories/173.rifle/173_0059.jpg,172,173.rifle
data/raw/caltech256/256_ObjectCategories/174.rotary-phone/174_0079.jpg,173,174.rotary-phone
data/raw/caltech256/256_ObjectCategories/174.rotary-phone/174_0002.jpg,173,174.rotary-phone
data/raw/caltech256/256_ObjectCategories/174.rotary-phone/174_0078.jpg,173,174.rotary-phone
data/raw/caltech256/256_ObjectCategories/174.rotary-phone/174_0003.jpg,173,174.rotary-phone
data/raw/caltech256/256_ObjectCategories/174.rotary-phone/174_0014.jpg,173,174.rotary-phone
data/raw/caltech256/256_ObjectCategories/174.rotary-phone/174_0010.jpg,173,174.rotary-phone
data/raw/caltech256/256_ObjectCategories/175.roulette-wheel/175_0063.jpg,174,175.roulette-wheel
data/raw/caltech256/256_ObjectCategories/175.roulette-wheel/175_0067.jpg,174,175.roulette-wheel
data/raw/caltech256/256_ObjectCategories/175.roulette-wheel/175_0009.jpg,174,175.roulette-wheel
data/raw/caltech256/256_ObjectCategories/175.roulette-wheel/175_0076.jpg,174,175.roulette-wheel
data/raw/caltech256/256_ObjectCategories/175.roulette-wheel/175_0065.jpg,174,175.roulette-wheel
data/raw/caltech256/256_ObjectCategories/175.roulette-wheel/175_0048.jpg,174,175.roulette-wheel
data/raw/caltech256/256_ObjectCategories/176.saddle/176_0099.jpg,175,176.saddle
data/raw/caltech256/256_ObjectCategories/176.saddle/176_0049.jpg,175,176.saddle
data/raw/caltech256/256_ObjectCategories/176.saddle/176_0020.jpg,175,176.saddle
data/raw/caltech256/256_ObjectCategories/176.saddle/176_0004.jpg,175,176.saddle
data/raw/caltech256/256_ObjectCategories/176.saddle/176_0071.jpg,175,176.saddle
data/raw/caltech256/256_ObjectCategories/176.saddle/176_0098.jpg,175,176.saddle
data/raw/caltech256/256_ObjectCategories/176.saddle/176_0110.jpg,175,176.saddle
data/raw/caltech256/256_ObjectCategories/176.saddle/176_0083.jpg,175,176.saddle
data/raw/caltech256/256_ObjectCategories/177.saturn/177_0051.jpg,176,177.saturn
data/raw/caltech256/256_ObjectCategories/177.saturn/177_0046.jpg,176,177.saturn
data/raw/caltech256/256_ObjectCategories/177.saturn/177_0028.jpg,176,177.saturn
data/raw/caltech256/256_ObjectCategories/177.saturn/177_0088.jpg,176,177.saturn
data/raw/caltech256/256_ObjectCategories/177.saturn/177_0004.jpg,176,177.saturn
data/raw/caltech256/256_ObjectCategories/177.saturn/177_0017.jpg,176,177.saturn
data/raw/caltech256/256_ObjectCategories/177.saturn/177_0021.jpg,176,177.saturn
data/raw/caltech256/256_ObjectCategories/178.school-bus/178_0029.jpg,177,178.school-bus
data/raw/caltech256/256_ObjectCategories/178.school-bus/178_0038.jpg,177,178.school-bus
data/raw/caltech256/256_ObjectCategories/178.school-bus/178_0098.jpg,177,178.school-bus
data/raw/caltech256/256_ObjectCategories/178.school-bus/178_0083.jpg,177,178.school-bus
data/raw/caltech256/256_ObjectCategories/178.school-bus/178_0036.jpg,177,178.school-bus
data/raw/caltech256/256_ObjectCategories/178.school-bus/178_0043.jpg,177,178.school-bus
data/raw/caltech256/256_ObjectCategories/178.school-bus/178_0024.jpg,177,178.school-bus
data/raw/caltech256/256_ObjectCategories/179.scorpion-101/179_0045.jpg,178,179.scorpion-101
data/raw/caltech256/256_ObjectCategories/179.scorpion-101/179_0048.jpg,178,179.scorpion-101
data/raw/caltech256/256_ObjectCategories/179.scorpion-101/179_0013.jpg,178,179.scorpion-101
data/raw/caltech256/256_ObjectCategories/179.scorpion-101/179_0075.jpg,178,179.scorpion-101
data/raw/caltech256/256_ObjectCategories/179.scorpion-101/179_0050.jpg,178,179.scorpion-101
data/raw/caltech256/256_ObjectCategories/179.scorpion-101/179_0052.jpg,178,179.scorpion-101
data/raw/caltech256/256_ObjectCategories/180.screwdriver/180_0100.jpg,179,180.screwdriver
data/raw/caltech256/256_ObjectCategories/180.screwdriver/180_0037.jpg,179,180.screwdriver
data/raw/caltech256/256_ObjectCategories/180.screwdriver/180_0024.jpg,179,180.screwdriver
data/raw/caltech256/256_ObjectCategories/180.screwdriver/180_0065.jpg,179,180.screwdriver
data/raw/caltech256/256_ObjectCategories/180.screwdriver/180_0091.jpg,179,180.screwdriver
data/raw/caltech256/256_ObjectCategories/180.screwdriver/180_0098.jpg,179,180.screwdriver
data/raw/caltech256/256_ObjectCategories/180.screwdriver/180_0038.jpg,179,180.screwdriver
data/raw/caltech256/256_ObjectCategories/180.screwdriver/180_0012.jpg,179,180.screwdriver
data/raw/caltech256/256_ObjectCategories/181.segway/181_0012.jpg,180,181.segway
data/raw/caltech256/256_ObjectCategories/181.segway/181_0020.jpg,180,181.segway
data/raw/caltech256/256_ObjectCategories/181.segway/181_0035.jpg,180,181.segway
data/raw/caltech256/256_ObjectCategories/181.segway/181_0077.jpg,180,181.segway
data/raw/caltech256/256_ObjectCategories/181.segway/181_0089.jpg,180,181.segway
data/raw/caltech256/256_ObjectCategories/181.segway/181_0079.jpg,180,181.segway
data/raw/caltech256/256_ObjectCategories/181.segway/181_0070.jpg,180,181.segway
data/raw/caltech256/256_ObjectCategories/182.self-propelled-lawn-mower/182_0093.jpg,181,182.self-propelled-lawn-mower
data/raw/caltech256/256_ObjectCategories/182.self-propelled-lawn-mower/182_0051.jpg,181,182.self-propelled-lawn-mower
data/raw/caltech256/256_ObjectCategories/182.self-propelled-lawn-mower/182_0102.jpg,181,182.self-propelled-lawn-mower
data/raw/caltech256/256_ObjectCategories/182.self-propelled-lawn-mower/182_0104.jpg,181,182.self-propelled-lawn-mower
data/raw/caltech256/256_ObjectCategories/182.self-propelled-lawn-mower/182_0061.jpg,181,182.self-propelled-lawn-mower
data/raw/caltech256/256_ObjectCategories/182.self-propelled-lawn-mower/182_0029.jpg,181,182.self-propelled-lawn-mower
data/raw/caltech256/256_ObjectCategories/182.self-propelled-lawn-mower/182_0009.jpg,181,182.self-propelled-lawn-mower
data/raw/caltech256/256_ObjectCategories/182.self-propelled-lawn-mower/182_0072.jpg,181,182.self-propelled-lawn-mower
data/raw/caltech256/256_ObjectCategories/182.self-propelled-lawn-mower/182_0031.jpg,181,182.self-propelled-lawn-mower
data/raw/caltech256/256_ObjectCategories/183.sextant/183_0009.jpg,182,183.sextant
data/raw/caltech256/256_ObjectCategories/183.sextant/183_0050.jpg,182,183.sextant
data/raw/caltech256/256_ObjectCategories/183.sextant/183_0072.jpg,182,183.sextant
data/raw/caltech256/256_ObjectCategories/183.sextant/183_0066.jpg,182,183.sextant
data/raw/caltech256/256_ObjectCategories/183.sextant/183_0020.jpg,182,183.sextant
data/raw/caltech256/256_ObjectCategories/183.sextant/183_0060.jpg,182,183.sextant
data/raw/caltech256/256_ObjectCategories/183.sextant/183_0052.jpg,182,183.sextant
data/raw/caltech256/256_ObjectCategories/184.sheet-music/184_0031.jpg,183,184.sheet-music
data/raw/caltech256/256_ObjectCategories/184.sheet-music/184_0065.jpg,183,184.sheet-music
data/raw/caltech256/256_ObjectCategories/184.sheet-music/184_0024.jpg,183,184.sheet-music
data/raw/caltech256/256_ObjectCategories/184.sheet-music/184_0076.jpg,183,184.sheet-music
data/raw/caltech256/256_ObjectCategories/184.sheet-music/184_0037.jpg,183,184.sheet-music
data/raw/caltech256/256_ObjectCategories/184.sheet-music/184_0030.jpg,183,184.sheet-music
data/raw/caltech256/256_ObjectCategories/185.skateboard/185_0074.jpg,184,185.skateboard
data/raw/caltech256/256_ObjectCategories/185.skateboard/185_0067.jpg,184,185.skateboard
data/raw/caltech256/256_ObjectCategories/185.skateboard/185_0070.jpg,184,185.skateboard
data/raw/caltech256/256_ObjectCategories/185.skateboard/185_0041.jpg,184,185.skateboard
data/raw/caltech256/256_ObjectCategories/185.skateboard/185_0024.jpg,184,185.skateboard
data/raw/caltech256/256_ObjectCategories/185.skateboard/185_0040.jpg,184,185.skateboard
data/raw/caltech256/256_ObjectCategories/185.skateboard/185_0082.jpg,184,185.skateboard
data/raw/caltech256/256_ObjectCategories/185.skateboard/185_0098.jpg,184,185.skateboard
data/raw/caltech256/256_ObjectCategories/186.skunk/186_0017.jpg,185,186.skunk
data/raw/caltech256/256_ObjectCategories/186.skunk/186_0052.jpg,185,186.skunk
data/raw/caltech256/256_ObjectCategories/186.skunk/186_0050.jpg,185,186.skunk
data/raw/caltech256/256_ObjectCategories/186.skunk/186_0026.jpg,185,186.skunk
data/raw/caltech256/256_ObjectCategories/186.skunk/186_0067.jpg,185,186.skunk
data/raw/caltech256/256_ObjectCategories/186.skunk/186_0001.jpg,185,186.skunk
data/raw/caltech256/256_ObjectCategories/187.skyscraper/187_0013.jpg,186,187.skyscraper
data/raw/caltech256/256_ObjectCategories/187.skyscraper/187_0042.jpg,186,187.skyscraper
data/raw/caltech256/256_ObjectCategories/187.skyscraper/187_0077.jpg,186,187.skyscraper
data/raw/caltech256/256_ObjectCategories/187.skyscraper/187_0070.jpg,186,187.skyscraper
data/raw/caltech256/256_ObjectCategories/187.skyscraper/187_0073.jpg,186,187.skyscraper
data/raw/caltech256/256_ObjectCategories/187.skyscraper/187_0006.jpg,186,187.skyscraper
data/raw/caltech256/256_ObjectCategories/187.skyscraper/187_0068.jpg,186,187.skyscraper
data/raw/caltech256/256_ObjectCategories/188.smokestack/188_0034.jpg,187,188.smokestack
data/raw/caltech256/256_ObjectCategories/188.smokestack/188_0020.jpg,187,188.smokestack
data/raw/caltech256/256_ObjectCategories/188.smokestack/188_0048.jpg,187,188.smokestack
data/raw/caltech256/256_ObjectCategories/188.smokestack/188_0016.jpg,187,188.smokestack
data/raw/caltech256/256_ObjectCategories/188.smokestack/188_0087.jpg,187,188.smokestack
data/raw/caltech256/256_ObjectCategories/188.smokestack/188_0051.jpg,187,188.smokestack
data/raw/caltech256/256_ObjectCategories/188.smokestack/188_0021.jpg,187,188.smokestack
data/raw/caltech256/256_ObjectCategories/189.snail/189_0009.jpg,188,189.snail
data/raw/caltech256/256_ObjectCategories/189.snail/189_0086.jpg,188,189.snail
data/raw/caltech256/256_ObjectCategories/189.snail/189_0075.jpg,188,189.snail
data/raw/caltech256/256_ObjectCategories/189.snail/189_0054.jpg,188,189.snail
data/raw/caltech256/256_ObjectCategories/189.snail/189_0022.jpg,188,189.snail
data/raw/caltech256/256_ObjectCategories/189.snail/189_0034.jpg,188,189.snail
data/raw/caltech256/256_ObjectCategories/189.snail/189_0093.jpg,188,189.snail
data/raw/caltech256/256_ObjectCategories/189.snail/189_0099.jpg,188,189.snail
data/raw/caltech256/256_ObjectCategories/189.snail/189_0074.jpg,188,189.snail
data/raw/caltech256/256_ObjectCategories/190.snake/190_0066.jpg,189,190.snake
data/raw/caltech256/256_ObjectCategories/190.snake/190_0063.jpg,189,190.snake
data/raw/caltech256/256_ObjectCategories/190.snake/190_0102.jpg,189,190.snake
data/raw/caltech256/256_ObjectCategories/190.snake/190_0046.jpg,189,190.snake
data/raw/caltech256/256_ObjectCategories/190.snake/190_0096.jpg,189,190.snake
data/raw/caltech256/256_ObjectCategories/190.snake/190_0075.jpg,189,190.snake
data/raw/caltech256/256_ObjectCategories/190.snake/190_0007.jpg,189,190.snake
data/raw/caltech256/256_ObjectCategories/190.snake/190_0051.jpg,189,190.snake
data/raw/caltech256/256_ObjectCategories/191.sneaker/191_0090.jpg,190,191.sneaker
data/raw/caltech256/256_ObjectCategories/191.sneaker/191_0079.jpg,190,191.sneaker
data/raw/caltech256/256_ObjectCategories/191.sneaker/191_0084.jpg,190,191.sneaker
data/raw/caltech256/256_ObjectCategories/191.sneaker/191_0106.jpg,190,191.sneaker
data/raw/caltech256/256_ObjectCategories/191.sneaker/191_0036.jpg,190,191.sneaker
data/raw/caltech256/256_ObjectCategories/191.sneaker/191_0026.jpg,190,191.sneaker
data/raw/caltech256/256_ObjectCategories/191.sneaker/191_0102.jpg,190,191.sneaker
data/raw/caltech256/256_ObjectCategories/191.sneaker/191_0065.jpg,190,191.sneaker
data/raw/caltech256/256_ObjectCategories/192.snowmobile/192_0083.jpg,191,192.snowmobile
data/raw/caltech256/256_ObjectCategories/192.snowmobile/192_0031.jpg,191,192.snowmobile
data/raw/caltech256/256_ObjectCategories/192.snowmobile/192_0104.jpg,191,192.snowmobile
data/raw/caltech256/256_ObjectCategories/192.snowmobile/192_0101.jpg,191,192.snowmobile
data/raw/caltech256/256_ObjectCategories/192.snowmobile/192_0111.jpg,191,192.snowmobile
data/raw/caltech256/256_ObjectCategories/192.snowmobile/192_0041.jpg,191,192.snowmobile
data/raw/caltech256/256_ObjectCategories/192.snowmobile/192_0105.jpg,191,192.snowmobile
data/raw/caltech256/256_ObjectCategories/192.snowmobile/192_0052.jpg,191,192.snowmobile
data/raw/caltech256/256_ObjectCategories/193.soccer-ball/193_0129.jpg,192,193.soccer-ball
data/raw/caltech256/256_ObjectCategories/193.soccer-ball/193_0058.jpg,192,193.soccer-ball
data/raw/caltech256/256_ObjectCategories/193.soccer-ball/193_0093.jpg,192,193.soccer-ball
data/raw/caltech256/256_ObjectCategories/193.soccer-ball/193_0060.jpg,192,193.soccer-ball
data/raw/caltech256/256_ObjectCategories/193.soccer-ball/193_0153.jpg,192,193.soccer-ball
data/raw/caltech256/256_ObjectCategories/193.soccer-ball/193_0034.jpg,192,193.soccer-ball
data/raw/caltech256/256_ObjectCategories/193.soccer-ball/193_0049.jpg,192,193.soccer-ball
data/raw/caltech256/256_ObjectCategories/193.soccer-ball/193_0101.jpg,192,193.soccer-ball
data/raw/caltech256/256_ObjectCategories/193.soccer-ball/193_0124.jpg,192,193.soccer-ball
data/raw/caltech256/256_ObjectCategories/193.soccer-ball/193_0105.jpg,192,193.soccer-ball
data/raw/caltech256/256_ObjectCategories/193.soccer-ball/193_0171.jpg,192,193.soccer-ball
data/raw/caltech256/256_ObjectCategories/193.soccer-ball/193_0145.jpg,192,193.soccer-ball
data/raw/caltech256/256_ObjectCategories/193.soccer-ball/193_0028.jpg,192,193.soccer-ball
data/raw/caltech256/256_ObjectCategories/194.socks/194_0106.jpg,193,194.socks
data/raw/caltech256/256_ObjectCategories/194.socks/194_0006.jpg,193,194.socks
data/raw/caltech256/256_ObjectCategories/194.socks/194_0088.jpg,193,194.socks
data/raw/caltech256/256_ObjectCategories/194.socks/194_0040.jpg,193,194.socks
data/raw/caltech256/256_ObjectCategories/194.socks/194_0051.jpg,193,194.socks
data/raw/caltech256/256_ObjectCategories/194.socks/194_0023.jpg,193,194.socks
data/raw/caltech256/256_ObjectCategories/194.socks/194_0035.jpg,193,194.socks
data/raw/caltech256/256_ObjectCategories/194.socks/194_0057.jpg,193,194.socks
data/raw/caltech256/256_ObjectCategories/195.soda-can/195_0015.jpg,194,195.soda-can
data/raw/caltech256/256_ObjectCategories/195.soda-can/195_0035.jpg,194,195.soda-can
data/raw/caltech256/256_ObjectCategories/195.soda-can/195_0057.jpg,194,195.soda-can
data/raw/caltech256/256_ObjectCategories/195.soda-can/195_0019.jpg,194,195.soda-can
data/raw/caltech256/256_ObjectCategories/195.soda-can/195_0055.jpg,194,195.soda-can
data/raw/caltech256/256_ObjectCategories/195.soda-can/195_0059.jpg,194,195.soda-can
data/raw/caltech256/256_ObjectCategories/195.soda-can/195_0030.jpg,194,195.soda-can
data/raw/caltech256/256_ObjectCategories/196.spaghetti/196_0042.jpg,195,196.spaghetti
data/raw/caltech256/256_ObjectCategories/196.spaghetti/196_0006.jpg,195,196.spaghetti
data/raw/caltech256/256_ObjectCategories/196.spaghetti/196_0050.jpg,195,196.spaghetti
data/raw/caltech256/256_ObjectCategories/196.spaghetti/196_0095.jpg,195,196.spaghetti
data/raw/caltech256/256_ObjectCategories/196.spaghetti/196_0051.jpg,195,196.spaghetti
data/raw/caltech256/256_ObjectCategories/196.spaghetti/196_0003.jpg,195,196.spaghetti
data/raw/caltech256/256_ObjectCategories/196.spaghetti/196_0083.jpg,195,196.spaghetti
data/raw/caltech256/256_ObjectCategories/196.spaghetti/196_0013.jpg,195,196.spaghetti
data/raw/caltech256/256_ObjectCategories/197.speed-boat/197_0068.jpg,196,197.speed-boat
data/raw/caltech256/256_ObjectCategories/197.speed-boat/197_0081.jpg,196,197.speed-boat
data/raw/caltech256/256_ObjectCategories/197.speed-boat/197_0042.jpg,196,197.speed-boat
data/raw/caltech256/256_ObjectCategories/197.speed-boat/197_0055.jpg,196,197.speed-boat
data/raw/caltech256/256_ObjectCategories/197.speed-boat/197_0029.jpg,196,197.speed-boat
data/raw/caltech256/256_ObjectCategories/197.speed-boat/197_0030.jpg,196,197.speed-boat
data/raw/caltech256/256_ObjectCategories/197.speed-boat/197_0100.jpg,196,197.speed-boat
data/raw/caltech256/256_ObjectCategories/198.spider/198_0022.jpg,197,198.spider
data/raw/caltech256/256_ObjectCategories/198.spider/198_0037.jpg,197,198.spider
data/raw/caltech256/256_ObjectCategories/198.spider/198_0106.jpg,197,198.spider
data/raw/caltech256/256_ObjectCategories/198.spider/198_0098.jpg,197,198.spider
data/raw/caltech256/256_ObjectCategories/198.spider/198_0085.jpg,197,198.spider
data/raw/caltech256/256_ObjectCategories/198.spider/198_0018.jpg,197,198.spider
data/raw/caltech256/256_ObjectCategories/198.spider/198_0020.jpg,197,198.spider
data/raw/caltech256/256_ObjectCategories/198.spider/198_0059.jpg,197,198.spider
data/raw/caltech256/256_ObjectCategories/199.spoon/199_0095.jpg,198,199.spoon
data/raw/caltech256/256_ObjectCategories/199.spoon/199_0088.jpg,198,199.spoon
data/raw/caltech256/256_ObjectCategories/199.spoon/199_0060.jpg,198,199.spoon
data/raw/caltech256/256_ObjectCategories/199.spoon/199_0064.jpg,198,199.spoon
data/raw/caltech256/256_ObjectCategories/199.spoon/199_0024.jpg,198,199.spoon
data/raw/caltech256/256_ObjectCategories/199.spoon/199_0008.jpg,198,199.spoon
data/raw/caltech256/256_ObjectCategories/199.spoon/199_0054.jpg,198,199.spoon
data/raw/caltech256/256_ObjectCategories/199.spoon/199_0005.jpg,198,199.spoon
data/raw/caltech256/256_ObjectCategories/200.stained-glass/200_0003.jpg,199,200.stained-glass
data/raw/caltech256/256_ObjectCategories/200.stained-glass/200_0025.jpg,199,200.stained-glass
data/raw/caltech256/256_ObjectCategories/200.stained-glass/200_0085.jpg,199,200.stained-glass
data/raw/caltech256/256_ObjectCategories/200.stained-glass/200_0097.jpg,199,200.stained-glass
data/raw/caltech256/256_ObjectCategories/200.stained-glass/200_0059.jpg,199,200.stained-glass
data/raw/caltech256/256_ObjectCategories/200.stained-glass/200_0089.jpg,199,200.stained-glass
data/raw/caltech256/256_ObjectCategories/200.stained-glass/200_0042.jpg,199,200.stained-glass
data/raw/caltech256/256_ObjectCategories/201.starfish-101/201_0013.jpg,200,201.starfish-101
data/raw/caltech256/256_ObjectCategories/201.starfish-101/201_0006.jpg,200,201.starfish-101
data/raw/caltech256/256_ObjectCategories/201.starfish-101/201_0025.jpg,200,201.starfish-101
data/raw/caltech256/256_ObjectCategories/201.starfish-101/201_0058.jpg,200,201.starfish-101
data/raw/caltech256/256_ObjectCategories/201.starfish-101/201_0017.jpg,200,201.starfish-101
data/raw/caltech256/256_ObjectCategories/201.starfish-101/201_0079.jpg,200,201.starfish-101
data/raw/caltech256/256_ObjectCategories/202.steering-wheel/202_0030.jpg,201,202.steering-wheel
data/raw/caltech256/256_ObjectCategories/202.steering-wheel/202_0019.jpg,201,202.steering-wheel
data/raw/caltech256/256_ObjectCategories/202.steering-wheel/202_0075.jpg,201,202.steering-wheel
data/raw/caltech256/256_ObjectCategories/202.steering-wheel/202_0014.jpg,201,202.steering-wheel
data/raw/caltech256/256_ObjectCategories/202.steering-wheel/202_0036.jpg,201,202.steering-wheel
data/raw/caltech256/256_ObjectCategories/202.steering-wheel/202_0004.jpg,201,202.steering-wheel
data/raw/caltech256/256_ObjectCategories/202.steering-wheel/202_0061.jpg,201,202.steering-wheel
data/raw/caltech256/256_ObjectCategories/203.stirrups/203_0023.jpg,202,203.stirrups
data/raw/caltech256/256_ObjectCategories/203.stirrups/203_0004.jpg,202,203.stirrups
data/raw/caltech256/256_ObjectCategories/203.stirrups/203_0027.jpg,202,203.stirrups
data/raw/caltech256/256_ObjectCategories/203.stirrups/203_0052.jpg,202,203.stirrups
data/raw/caltech256/256_ObjectCategories/203.stirrups/203_0085.jpg,202,203.stirrups
data/raw/caltech256/256_ObjectCategories/203.stirrups/203_0041.jpg,202,203.stirrups
data/raw/caltech256/256_ObjectCategories/203.stirrups/203_0053.jpg,202,203.stirrups
data/raw/caltech256/256_ObjectCategories/204.sunflower-101/204_0031.jpg,203,204.sunflower-101
data/raw/caltech256/256_ObjectCategories/204.sunflower-101/204_0015.jpg,203,204.sunflower-101
data/raw/caltech256/256_ObjectCategories/204.sunflower-101/204_0057.jpg,203,204.sunflower-101
data/raw/caltech256/256_ObjectCategories/204.sunflower-101/204_0019.jpg,203,204.sunflower-101
data/raw/caltech256/256_ObjectCategories/204.sunflower-101/204_0045.jpg,203,204.sunflower-101
data/raw/caltech256/256_ObjectCategories/204.sunflower-101/204_0004.jpg,203,204.sunflower-101
data/raw/caltech256/256_ObjectCategories/205.superman/205_0002.jpg,204,205.superman
data/raw/caltech256/256_ObjectCategories/205.superman/205_0035.jpg,204,205.superman
data/raw/caltech256/256_ObjectCategories/205.superman/205_0046.jpg,204,205.superman
data/raw/caltech256/256_ObjectCategories/205.superman/205_0016.jpg,204,205.superman
data/raw/caltech256/256_ObjectCategories/205.superman/205_0074.jpg,204,205.superman
data/raw/caltech256/256_ObjectCategories/205.superman/205_0019.jpg,204,205.superman
data/raw/caltech256/256_ObjectCategories/205.superman/205_0009.jpg,204,205.superman
data/raw/caltech256/256_ObjectCategories/206.sushi/206_0040.jpg,205,206.sushi
data/raw/caltech256/256_ObjectCategories/206.sushi/206_0055.jpg,205,206.sushi
data/raw/caltech256/256_ObjectCategories/206.sushi/206_0044.jpg,205,206.sushi
data/raw/caltech256/256_ObjectCategories/206.sushi/206_0034.jpg,205,206.sushi
data/raw/caltech256/256_ObjectCategories/206.sushi/206_0059.jpg,205,206.sushi
data/raw/caltech256/256_ObjectCategories/206.sushi/206_0039.jpg,205,206.sushi
data/raw/caltech256/256_ObjectCategories/206.sushi/206_0004.jpg,205,206.sushi
data/raw/caltech256/256_ObjectCategories/207.swan/207_0029.jpg,206,207.swan
data/raw/caltech256/256_ObjectCategories/207.swan/207_0042.jpg,206,207.swan
data/raw/caltech256/256_ObjectCategories/207.swan/207_0068.jpg,206,207.swan
data/raw/caltech256/256_ObjectCategories/207.swan/207_0091.jpg,206,207.swan
data/raw/caltech256/256_ObjectCategories/207.swan/207_0101.jpg,206,207.swan
data/raw/caltech256/256_ObjectCategories/207.swan/207_0057.jpg,206,207.swan
data/raw/caltech256/256_ObjectCategories/207.swan/207_0039.jpg,206,207.swan
data/raw/caltech256/256_ObjectCategories/207.swan/207_0051.jpg,206,207.swan
data/raw/caltech256/256_ObjectCategories/208.swiss-army-knife/208_0010.jpg,207,208.swiss-army-knife
data/raw/caltech256/256_ObjectCategories/208.swiss-army-knife/208_0098.jpg,207,208.swiss-army-knife
data/raw/caltech256/256_ObjectCategories/208.swiss-army-knife/208_0029.jpg,207,208.swiss-army-knife
data/raw/caltech256/256_ObjectCategories/208.swiss-army-knife/208_0031.jpg,207,208.swiss-army-knife
data/raw/caltech256/256_ObjectCategories/208.swiss-army-knife/208_0028.jpg,207,208.swiss-army-knife
data/raw/caltech256/256_ObjectCategories/208.swiss-army-knife/208_0109.jpg,207,208.swiss-army-knife
data/raw/caltech256/256_ObjectCategories/208.swiss-army-knife/208_0106.jpg,207,208.swiss-army-knife
data/raw/caltech256/256_ObjectCategories/208.swiss-army-knife/208_0101.jpg,207,208.swiss-army-knife
data/raw/caltech256/256_ObjectCategories/209.sword/209_0067.jpg,208,209.sword
data/raw/caltech256/256_ObjectCategories/209.sword/209_0044.jpg,208,209.sword
data/raw/caltech256/256_ObjectCategories/209.sword/209_0069.jpg,208,209.sword
data/raw/caltech256/256_ObjectCategories/209.sword/209_0031.jpg,208,209.sword
data/raw/caltech256/256_ObjectCategories/209.sword/209_0012.jpg,208,209.sword
data/raw/caltech256/256_ObjectCategories/209.sword/209_0039.jpg,208,209.sword
data/raw/caltech256/256_ObjectCategories/209.sword/209_0078.jpg,208,209.sword
data/raw/caltech256/256_ObjectCategories/209.sword/209_0061.jpg,208,209.sword
data/raw/caltech256/256_ObjectCategories/210.syringe/210_0091.jpg,209,210.syringe
data/raw/caltech256/256_ObjectCategories/210.syringe/210_0036.jpg,209,210.syringe
data/raw/caltech256/256_ObjectCategories/210.syringe/210_0070.jpg,209,210.syringe
data/raw/caltech256/256_ObjectCategories/210.syringe/210_0075.jpg,209,210.syringe
data/raw/caltech256/256_ObjectCategories/210.syringe/210_0072.jpg,209,210.syringe
data/raw/caltech256/256_ObjectCategories/210.syringe/210_0065.jpg,209,210.syringe
data/raw/caltech256/256_ObjectCategories/210.syringe/210_0106.jpg,209,210.syringe
data/raw/caltech256/256_ObjectCategories/210.syringe/210_0105.jpg,209,210.syringe
data/raw/caltech256/256_ObjectCategories/211.tambourine/211_0037.jpg,210,211.tambourine
data/raw/caltech256/256_ObjectCategories/211.tambourine/211_0089.jpg,210,211.tambourine
data/raw/caltech256/256_ObjectCategories/211.tambourine/211_0067.jpg,210,211.tambourine
data/raw/caltech256/256_ObjectCategories/211.tambourine/211_0079.jpg,210,211.tambourine
data/raw/caltech256/256_ObjectCategories/211.tambourine/211_0068.jpg,210,211.tambourine
data/raw/caltech256/256_ObjectCategories/211.tambourine/211_0092.jpg,210,211.tambourine
data/raw/caltech256/256_ObjectCategories/211.tambourine/211_0054.jpg,210,211.tambourine
data/raw/caltech256/256_ObjectCategories/212.teapot/212_0099.jpg,211,212.teapot
data/raw/caltech256/256_ObjectCategories/212.teapot/212_0127.jpg,211,212.teapot
data/raw/caltech256/256_ObjectCategories/212.teapot/212_0060.jpg,211,212.teapot
data/raw/caltech256/256_ObjectCategories/212.teapot/212_0081.jpg,211,212.teapot
data/raw/caltech256/256_ObjectCategories/212.teapot/212_0101.jpg,211,212.teapot
data/raw/caltech256/256_ObjectCategories/212.teapot/212_0007.jpg,211,212.teapot
data/raw/caltech256/256_ObjectCategories/212.teapot/212_0114.jpg,211,212.teapot
data/raw/caltech256/256_ObjectCategories/212.teapot/212_0052.jpg,211,212.teapot
data/raw/caltech256/256_ObjectCategories/212.teapot/212_0107.jpg,211,212.teapot
data/raw/caltech256/256_ObjectCategories/212.teapot/212_0077.jpg,211,212.teapot
data/raw/caltech256/256_ObjectCategories/213.teddy-bear/213_0045.jpg,212,213.teddy-bear
data/raw/caltech256/256_ObjectCategories/213.teddy-bear/213_0073.jpg,212,213.teddy-bear
data/raw/caltech256/256_ObjectCategories/213.teddy-bear/213_0086.jpg,212,213.teddy-bear
data/raw/caltech256/256_ObjectCategories/213.teddy-bear/213_0098.jpg,212,213.teddy-bear
data/raw/caltech256/256_ObjectCategories/213.teddy-bear/213_0055.jpg,212,213.teddy-bear
data/raw/caltech256/256_ObjectCategories/213.teddy-bear/213_0042.jpg,212,213.teddy-bear
data/raw/caltech256/256_ObjectCategories/213.teddy-bear/213_0053.jpg,212,213.teddy-bear
data/raw/caltech256/256_ObjectCategories/213.teddy-bear/213_0097.jpg,212,213.teddy-bear
data/raw/caltech256/256_ObjectCategories/214.teepee/214_0037.jpg,213,214.teepee
data/raw/caltech256/256_ObjectCategories/214.teepee/214_0106.jpg,213,214.teepee
data/raw/caltech256/256_ObjectCategories/214.teepee/214_0014.jpg,213,214.teepee
data/raw/caltech256/256_ObjectCategories/214.teepee/214_0107.jpg,213,214.teepee
data/raw/caltech256/256_ObjectCategories/214.teepee/214_0042.jpg,213,214.teepee
data/raw/caltech256/256_ObjectCategories/214.teepee/214_0099.jpg,213,214.teepee
data/raw/caltech256/256_ObjectCategories/214.teepee/214_0113.jpg,213,214.teepee
data/raw/caltech256/256_ObjectCategories/214.teepee/214_0100.jpg,213,214.teepee
data/raw/caltech256/256_ObjectCategories/214.teepee/214_0026.jpg,213,214.teepee
data/raw/caltech256/256_ObjectCategories/214.teepee/214_0088.jpg,213,214.teepee
data/raw/caltech256/256_ObjectCategories/215.telephone-box/215_0050.jpg,214,215.telephone-box
data/raw/caltech256/256_ObjectCategories/215.telephone-box/215_0059.jpg,214,215.telephone-box
data/raw/caltech256/256_ObjectCategories/215.telephone-box/215_0016.jpg,214,215.telephone-box
data/raw/caltech256/256_ObjectCategories/215.telephone-box/215_0081.jpg,214,215.telephone-box
data/raw/caltech256/256_ObjectCategories/215.telephone-box/215_0044.jpg,214,215.telephone-box
data/raw/caltech256/256_ObjectCategories/215.telephone-box/215_0073.jpg,214,215.telephone-box
data/raw/caltech256/256_ObjectCategories/216.tennis-ball/216_0004.jpg,215,216.tennis-ball
data/raw/caltech256/256_ObjectCategories/216.tennis-ball/216_0022.jpg,215,216.tennis-ball
data/raw/caltech256/256_ObjectCategories/216.tennis-ball/216_0066.jpg,215,216.tennis-ball
data/raw/caltech256/256_ObjectCategories/216.tennis-ball/216_0091.jpg,215,216.tennis-ball
data/raw/caltech256/256_ObjectCategories/216.tennis-ball/216_0018.jpg,215,216.tennis-ball
data/raw/caltech256/256_ObjectCategories/216.tennis-ball/216_0006.jpg,215,216.tennis-ball
data/raw/caltech256/256_ObjectCategories/216.tennis-ball/216_0042.jpg,215,216.tennis-ball
data/raw/caltech256/256_ObjectCategories/217.tennis-court/217_0089.jpg,216,217.tennis-court
data/raw/caltech256/256_ObjectCategories/217.tennis-court/217_0100.jpg,216,217.tennis-court
data/raw/caltech256/256_ObjectCategories/217.tennis-court/217_0084.jpg,216,217.tennis-court
data/raw/caltech256/256_ObjectCategories/217.tennis-court/217_0002.jpg,216,217.tennis-court
data/raw/caltech256/256_ObjectCategories/217.tennis-court/217_0042.jpg,216,217.tennis-court
data/raw/caltech256/256_ObjectCategories/217.tennis-court/217_0016.jpg,216,217.tennis-court
data/raw/caltech256/256_ObjectCategories/217.tennis-court/217_0077.jpg,216,217.tennis-court
data/raw/caltech256/256_ObjectCategories/217.tennis-court/217_0040.jpg,216,217.tennis-court
data/raw/caltech256/256_ObjectCategories/218.tennis-racket/218_0048.jpg,217,218.tennis-racket
data/raw/caltech256/256_ObjectCategories/218.tennis-racket/218_0007.jpg,217,218.tennis-racket
data/raw/caltech256/256_ObjectCategories/218.tennis-racket/218_0035.jpg,217,218.tennis-racket
data/raw/caltech256/256_ObjectCategories/218.tennis-racket/218_0041.jpg,217,218.tennis-racket
data/raw/caltech256/256_ObjectCategories/218.tennis-racket/218_0002.jpg,217,218.tennis-racket
data/raw/caltech256/256_ObjectCategories/218.tennis-racket/218_0012.jpg,217,218.tennis-racket
data/raw/caltech256/256_ObjectCategories/219.theodolite/219_0058.jpg,218,219.theodolite
data/raw/caltech256/256_ObjectCategories/219.theodolite/219_0056.jpg,218,219.theodolite
data/raw/caltech256/256_ObjectCategories/219.theodolite/219_0074.jpg,218,219.theodolite
data/raw/caltech256/256_ObjectCategories/219.theodolite/219_0014.jpg,218,219.theodolite
data/raw/caltech256/256_ObjectCategories/219.theodolite/219_0042.jpg,218,219.theodolite
data/raw/caltech256/256_ObjectCategories/219.theodolite/219_0010.jpg,218,219.theodolite
data/raw/caltech256/256_ObjectCategories/220.toaster/220_0053.jpg,219,220.toaster
data/raw/caltech256/256_ObjectCategories/220.toaster/220_0009.jpg,219,220.toaster
data/raw/caltech256/256_ObjectCategories/220.toaster/220_0030.jpg,219,220.toaster
data/raw/caltech256/256_ObjectCategories/220.toaster/220_0016.jpg,219,220.toaster
data/raw/caltech256/256_ObjectCategories/220.toaster/220_0064.jpg,219,220.toaster
data/raw/caltech256/256_ObjectCategories/220.toaster/220_0069.jpg,219,220.toaster
data/raw/caltech256/256_ObjectCategories/220.toaster/220_0051.jpg,219,220.toaster
data/raw/caltech256/256_ObjectCategories/221.tomato/221_0001.jpg,220,221.tomato
data/raw/caltech256/256_ObjectCategories/221.tomato/221_0060.jpg,220,221.tomato
data/raw/caltech256/256_ObjectCategories/221.tomato/221_0011.jpg,220,221.tomato
data/raw/caltech256/256_ObjectCategories/221.tomato/221_0052.jpg,220,221.tomato
data/raw/caltech256/256_ObjectCategories/221.tomato/221_0093.jpg,220,221.tomato
data/raw/caltech256/256_ObjectCategories/221.tomato/221_0069.jpg,220,221.tomato
data/raw/caltech256/256_ObjectCategories/221.tomato/221_0034.jpg,220,221.tomato
data/raw/caltech256/256_ObjectCategories/221.tomato/221_0063.jpg,220,221.tomato
data/raw/caltech256/256_ObjectCategories/222.tombstone/222_0014.jpg,221,222.tombstone
data/raw/caltech256/256_ObjectCategories/222.tombstone/222_0050.jpg,221,222.tombstone
data/raw/caltech256/256_ObjectCategories/222.tombstone/222_0035.jpg,221,222.tombstone
data/raw/caltech256/256_ObjectCategories/222.tombstone/222_0042.jpg,221,222.tombstone
data/raw/caltech256/256_ObjectCategories/222.tombstone/222_0049.jpg,221,222.tombstone
data/raw/caltech256/256_ObjectCategories/222.tombstone/222_0027.jpg,221,222.tombstone
data/raw/caltech256/256_ObjectCategories/222.tombstone/222_0080.jpg,221,222.tombstone
data/raw/caltech256/256_ObjectCategories/223.top-hat/223_0063.jpg,222,223.top-hat
data/raw/caltech256/256_ObjectCategories/223.top-hat/223_0040.jpg,222,223.top-hat
data/raw/caltech256/256_ObjectCategories/223.top-hat/223_0022.jpg,222,223.top-hat
data/raw/caltech256/256_ObjectCategories/223.top-hat/223_0077.jpg,222,223.top-hat
data/raw/caltech256/256_ObjectCategories/223.top-hat/223_0012.jpg,222,223.top-hat
data/raw/caltech256/256_ObjectCategories/223.top-hat/223_0013.jpg,222,223.top-hat
data/raw/caltech256/256_ObjectCategories/224.touring-bike/224_0024.jpg,223,224.touring-bike
data/raw/caltech256/256_ObjectCategories/224.touring-bike/224_0089.jpg,223,224.touring-bike
data/raw/caltech256/256_ObjectCategories/224.touring-bike/224_0063.jpg,223,224.touring-bike
data/raw/caltech256/256_ObjectCategories/224.touring-bike/224_0099.jpg,223,224.touring-bike
data/raw/caltech256/256_ObjectCategories/224.touring-bike/224_0032.jpg,223,224.touring-bike
data/raw/caltech256/256_ObjectCategories/224.touring-bike/224_0076.jpg,223,224.touring-bike
data/raw/caltech256/256_ObjectCategories/224.touring-bike/224_0008.jpg,223,224.touring-bike
data/raw/caltech256/256_ObjectCategories/224.touring-bike/224_0106.jpg,223,224.touring-bike
data/raw/caltech256/256_ObjectCategories/225.tower-pisa/225_0002.jpg,224,225.tower-pisa
data/raw/caltech256/256_ObjectCategories/225.tower-pisa/225_0063.jpg,224,225.tower-pisa
data/raw/caltech256/256_ObjectCategories/225.tower-pisa/225_0018.jpg,224,225.tower-pisa
data/raw/caltech256/256_ObjectCategories/225.tower-pisa/225_0036.jpg,224,225.tower-pisa
data/raw/caltech256/256_ObjectCategories/225.tower-pisa/225_0062.jpg,224,225.tower-pisa
data/raw/caltech256/256_ObjectCategories/225.tower-pisa/225_0087.jpg,224,225.tower-pisa
data/raw/caltech256/256_ObjectCategories/225.tower-pisa/225_0027.jpg,224,225.tower-pisa
data/raw/caltech256/256_ObjectCategories/226.traffic-light/226_0061.jpg,225,226.traffic-light
data/raw/caltech256/256_ObjectCategories/226.traffic-light/226_0017.jpg,225,226.traffic-light
data/raw/caltech256/256_ObjectCategories/226.traffic-light/226_0042.jpg,225,226.traffic-light
data/raw/caltech256/256_ObjectCategories/226.traffic-light/226_0038.jpg,225,226.traffic-light
data/raw/caltech256/256_ObjectCategories/226.traffic-light/226_0037.jpg,225,226.traffic-light
data/raw/caltech256/256_ObjectCategories/226.traffic-light/226_0054.jpg,225,226.traffic-light
data/raw/caltech256/256_ObjectCategories/226.traffic-light/226_0055.jpg,225,226.traffic-light
data/raw/caltech256/256_ObjectCategories/227.treadmill/227_0080.jpg,226,227.treadmill
data/raw/caltech256/256_ObjectCategories/227.treadmill/227_0138.jpg,226,227.treadmill
data/raw/caltech256/256_ObjectCategories/227.treadmill/227_0040.jpg,226,227.treadmill
data/raw/caltech256/256_ObjectCategories/227.treadmill/227_0131.jpg,226,227.treadmill
data/raw/caltech256/256_ObjectCategories/227.treadmill/227_0146.jpg,226,227.treadmill
data/raw/caltech256/256_ObjectCategories/227.treadmill/227_0096.jpg,226,227.treadmill
data/raw/caltech256/256_ObjectCategories/227.treadmill/227_0145.jpg,226,227.treadmill
data/raw/caltech256/256_ObjectCategories/227.treadmill/227_0042.jpg,226,227.treadmill
data/raw/caltech256/256_ObjectCategories/227.treadmill/227_0016.jpg,226,227.treadmill
data/raw/caltech256/256_ObjectCategories/227.treadmill/227_0027.jpg,226,227.treadmill
data/raw/caltech256/256_ObjectCategories/227.treadmill/227_0090.jpg,226,227.treadmill
data/raw/caltech256/256_ObjectCategories/228.triceratops/228_0005.jpg,227,228.triceratops
data/raw/caltech256/256_ObjectCategories/228.triceratops/228_0048.jpg,227,228.triceratops
data/raw/caltech256/256_ObjectCategories/228.triceratops/228_0019.jpg,227,228.triceratops
data/raw/caltech256/256_ObjectCategories/228.triceratops/228_0009.jpg,227,228.triceratops
data/raw/caltech256/256_ObjectCategories/228.triceratops/228_0011.jpg,227,228.triceratops
data/raw/caltech256/256_ObjectCategories/228.triceratops/228_0050.jpg,227,228.triceratops
data/raw/caltech256/256_ObjectCategories/228.triceratops/228_0031.jpg,227,228.triceratops
data/raw/caltech256/256_ObjectCategories/229.tricycle/229_0064.jpg,228,229.tricycle
data/raw/caltech256/256_ObjectCategories/229.tricycle/229_0077.jpg,228,229.tricycle
data/raw/caltech256/256_ObjectCategories/229.tricycle/229_0090.jpg,228,229.tricycle
data/raw/caltech256/256_ObjectCategories/229.tricycle/229_0082.jpg,228,229.tricycle
data/raw/caltech256/256_ObjectCategories/229.tricycle/229_0076.jpg,228,229.tricycle
data/raw/caltech256/256_ObjectCategories/229.tricycle/229_0028.jpg,228,229.tricycle
data/raw/caltech256/256_ObjectCategories/229.tricycle/229_0085.jpg,228,229.tricycle
data/raw/caltech256/256_ObjectCategories/230.trilobite-101/230_0017.jpg,229,230.trilobite-101
data/raw/caltech256/256_ObjectCategories/230.trilobite-101/230_0034.jpg,229,230.trilobite-101
data/raw/caltech256/256_ObjectCategories/230.trilobite-101/230_0063.jpg,229,230.trilobite-101
data/raw/caltech256/256_ObjectCategories/230.trilobite-101/230_0047.jpg,229,230.trilobite-101
data/raw/caltech256/256_ObjectCategories/230.trilobite-101/230_0060.jpg,229,230.trilobite-101
data/raw/caltech256/256_ObjectCategories/230.trilobite-101/230_0022.jpg,229,230.trilobite-101
data/raw/caltech256/256_ObjectCategories/230.trilobite-101/230_0048.jpg,229,230.trilobite-101
data/raw/caltech256/256_ObjectCategories/231.tripod/231_0075.jpg,230,231.tripod
data/raw/caltech256/256_ObjectCategories/231.tripod/231_0009.jpg,230,231.tripod
data/raw/caltech256/256_ObjectCategories/231.tripod/231_0015.jpg,230,231.tripod
data/raw/caltech256/256_ObjectCategories/231.tripod/231_0047.jpg,230,231.tripod
data/raw/caltech256/256_ObjectCategories/231.tripod/231_0059.jpg,230,231.tripod
data/raw/caltech256/256_ObjectCategories/231.tripod/231_0004.jpg,230,231.tripod
data/raw/caltech256/256_ObjectCategories/231.tripod/231_0043.jpg,230,231.tripod
data/raw/caltech256/256_ObjectCategories/231.tripod/231_0062.jpg,230,231.tripod
data/raw/caltech256/256_ObjectCategories/232.t-shirt/232_0151.jpg,231,232.t-shirt
data/raw/caltech256/256_ObjectCategories/232.t-shirt/232_0182.jpg,231,232.t-shirt
data/raw/caltech256/256_ObjectCategories/232.t-shirt/232_0128.jpg,231,232.t-shirt
data/raw/caltech256/256_ObjectCategories/232.t-shirt/232_0330.jpg,231,232.t-shirt
data/raw/caltech256/256_ObjectCategories/232.t-shirt/232_0247.jpg,231,232.t-shirt
data/raw/caltech256/256_ObjectCategories/232.t-shirt/232_0295.jpg,231,232.t-shirt
data/raw/caltech256/256_ObjectCategories/232.t-shirt/232_0201.jpg,231,232.t-shirt
data/raw/caltech256/256_ObjectCategories/232.t-shirt/232_0200.jpg,231,232.t-shirt
data/raw/caltech256/256_ObjectCategories/232.t-shirt/232_0277.jpg,231,232.t-shirt
data/raw/caltech256/256_ObjectCategories/232.t-shirt/232_0016.jpg,231,232.t-shirt
data/raw/caltech256/256_ObjectCategories/232.t-shirt/232_0269.jpg,231,232.t-shirt
data/raw/caltech256/256_ObjectCategories/232.t-shirt/232_0293.jpg,231,232.t-shirt
data/raw/caltech256/256_ObjectCategories/232.t-shirt/232_0160.jpg,231,232.t-shirt
data/raw/caltech256/256_ObjectCategories/232.t-shirt/232_0205.jpg,231,232.t-shirt
data/raw/caltech256/256_ObjectCategories/232.t-shirt/232_0057.jpg,231,232.t-shirt
data/raw/caltech256/256_ObjectCategories/232.t-shirt/232_0297.jpg,231,232.t-shirt
data/raw/caltech256/256_ObjectCategories/232.t-shirt/232_0166.jpg,231,232.t-shirt
data/raw/caltech256/256_ObjectCategories/232.t-shirt/232_0115.jpg,231,232.t-shirt
data/raw/caltech256/256_ObjectCategories/232.t-shirt/232_0189.jpg,231,232.t-shirt
data/raw/caltech256/256_ObjectCategories/232.t-shirt/232_0301.jpg,231,232.t-shirt
data/raw/caltech256/256_ObjectCategories/232.t-shirt/232_0032.jpg,231,232.t-shirt
data/raw/caltech256/256_ObjectCategories/232.t-shirt/232_0354.jpg,231,232.t-shirt
data/raw/caltech256/256_ObjectCategories/232.t-shirt/232_0227.jpg,231,232.t-shirt
data/raw/caltech256/256_ObjectCategories/232.t-shirt/232_0159.jpg,231,232.t-shirt
data/raw/caltech256/256_ObjectCategories/232.t-shirt/232_0276.jpg,231,232.t-shirt
data/raw/caltech256/256_ObjectCategories/233.tuning-fork/233_0096.jpg,232,233.tuning-fork
data/raw/caltech256/256_ObjectCategories/233.tuning-fork/233_0006.jpg,232,233.tuning-fork
data/raw/caltech256/256_ObjectCategories/233.tuning-fork/233_0010.jpg,232,233.tuning-fork
data/raw/caltech256/256_ObjectCategories/233.tuning-fork/233_0093.jpg,232,233.tuning-fork
data/raw/caltech256/256_ObjectCategories/233.tuning-fork/233_0039.jpg,232,233.tuning-fork
data/raw/caltech256/256_ObjectCategories/233.tuning-fork/233_0098.jpg,232,233.tuning-fork
data/raw/caltech256/256_ObjectCategories/233.tuning-fork/233_0055.jpg,232,233.tuning-fork
data/raw/caltech256/256_ObjectCategories/234.tweezer/234_0057.jpg,233,234.tweezer
data/raw/caltech256/256_ObjectCategories/234.tweezer/234_0038.jpg,233,234.tweezer
data/raw/caltech256/256_ObjectCategories/234.tweezer/234_0037.jpg,233,234.tweezer
data/raw/caltech256/256_ObjectCategories/234.tweezer/234_0075.jpg,233,234.tweezer
data/raw/caltech256/256_ObjectCategories/234.tweezer/234_0114.jpg,233,234.tweezer
data/raw/caltech256/256_ObjectCategories/234.tweezer/234_0082.jpg,233,234.tweezer
data/raw/caltech256/256_ObjectCategories/234.tweezer/234_0102.jpg,233,234.tweezer
data/raw/caltech256/256_ObjectCategories/234.tweezer/234_0081.jpg,233,234.tweezer
data/raw/caltech256/256_ObjectCategories/234.tweezer/234_0117.jpg,233,234.tweezer
data/raw/caltech256/256_ObjectCategories/235.umbrella-101/235_0021.jpg,234,235.umbrella-101
data/raw/caltech256/256_ObjectCategories/235.umbrella-101/235_0074.jpg,234,235.umbrella-101
data/raw/caltech256/256_ObjectCategories/235.umbrella-101/235_0063.jpg,234,235.umbrella-101
data/raw/caltech256/256_ObjectCategories/235.umbrella-101/235_0094.jpg,234,235.umbrella-101
data/raw/caltech256/256_ObjectCategories/235.umbrella-101/235_0011.jpg,234,235.umbrella-101
data/raw/caltech256/256_ObjectCategories/235.umbrella-101/235_0016.jpg,234,235.umbrella-101
data/raw/caltech256/256_ObjectCategories/235.umbrella-101/235_0104.jpg,234,235.umbrella-101
data/raw/caltech256/256_ObjectCategories/235.umbrella-101/235_0086.jpg,234,235.umbrella-101
data/raw/caltech256/256_ObjectCategories/236.unicorn/236_0077.jpg,235,236.unicorn
data/raw/caltech256/256_ObjectCategories/236.unicorn/236_0015.jpg,235,236.unicorn
data/raw/caltech256/256_ObjectCategories/236.unicorn/236_0047.jpg,235,236.unicorn
data/raw/caltech256/256_ObjectCategories/236.unicorn/236_0089.jpg,235,236.unicorn
data/raw/caltech256/256_ObjectCategories/236.unicorn/236_0009.jpg,235,236.unicorn
data/raw/caltech256/256_ObjectCategories/236.unicorn/236_0069.jpg,235,236.unicorn
data/raw/caltech256/256_ObjectCategories/236.unicorn/236_0092.jpg,235,236.unicorn
data/raw/caltech256/256_ObjectCategories/237.vcr/237_0050.jpg,236,237.vcr
data/raw/caltech256/256_ObjectCategories/237.vcr/237_0001.jpg,236,237.vcr
data/raw/caltech256/256_ObjectCategories/237.vcr/237_0036.jpg,236,237.vcr
data/raw/caltech256/256_ObjectCategories/237.vcr/237_0044.jpg,236,237.vcr
data/raw/caltech256/256_ObjectCategories/237.vcr/237_0031.jpg,236,237.vcr
data/raw/caltech256/256_ObjectCategories/237.vcr/237_0081.jpg,236,237.vcr
data/raw/caltech256/256_ObjectCategories/237.vcr/237_0056.jpg,236,237.vcr
data/raw/caltech256/256_ObjectCategories/238.video-projector/238_0032.jpg,237,238.video-projector
data/raw/caltech256/256_ObjectCategories/238.video-projector/238_0083.jpg,237,238.video-projector
data/raw/caltech256/256_ObjectCategories/238.video-projector/238_0008.jpg,237,238.video-projector
data/raw/caltech256/256_ObjectCategories/238.video-projector/238_0023.jpg,237,238.video-projector
data/raw/caltech256/256_ObjectCategories/238.video-projector/238_0072.jpg,237,238.video-projector
data/raw/caltech256/256_ObjectCategories/238.video-projector/238_0091.jpg,237,238.video-projector
data/raw/caltech256/256_ObjectCategories/238.video-projector/238_0092.jpg,237,238.video-projector
data/raw/caltech256/256_ObjectCategories/239.washing-machine/239_0031.jpg,238,239.washing-machine
data/raw/caltech256/256_ObjectCategories/239.washing-machine/239_0020.jpg,238,239.washing-machine
data/raw/caltech256/256_ObjectCategories/239.washing-machine/239_0024.jpg,238,239.washing-machine
data/raw/caltech256/256_ObjectCategories/239.washing-machine/239_0039.jpg,238,239.washing-machine
data/raw/caltech256/256_ObjectCategories/239.washing-machine/239_0012.jpg,238,239.washing-machine
data/raw/caltech256/256_ObjectCategories/239.washing-machine/239_0074.jpg,238,239.washing-machine
data/raw/caltech256/256_ObjectCategories/240.watch-101/240_0043.jpg,239,240.watch-101
data/raw/caltech256/256_ObjectCategories/240.watch-101/240_0124.jpg,239,240.watch-101
data/raw/caltech256/256_ObjectCategories/240.watch-101/240_0128.jpg,239,240.watch-101
data/raw/caltech256/256_ObjectCategories/240.watch-101/240_0017.jpg,239,240.watch-101
data/raw/caltech256/256_ObjectCategories/240.watch-101/240_0093.jpg,239,240.watch-101
data/raw/caltech256/256_ObjectCategories/240.watch-101/240_0157.jpg,239,240.watch-101
data/raw/caltech256/256_ObjectCategories/240.watch-101/240_0042.jpg,239,240.watch-101
data/raw/caltech256/256_ObjectCategories/240.watch-101/240_0151.jpg,239,240.watch-101
data/raw/caltech256/256_ObjectCategories/240.watch-101/240_0139.jpg,239,240.watch-101
data/raw/caltech256/256_ObjectCategories/240.watch-101/240_0030.jpg,239,240.watch-101
data/raw/caltech256/256_ObjectCategories/240.watch-101/240_0117.jpg,239,240.watch-101
data/raw/caltech256/256_ObjectCategories/240.watch-101/240_0134.jpg,239,240.watch-101
data/raw/caltech256/256_ObjectCategories/240.watch-101/240_0082.jpg,239,240.watch-101
data/raw/caltech256/256_ObjectCategories/240.watch-101/240_0069.jpg,239,240.watch-101
data/raw/caltech256/256_ObjectCategories/240.watch-101/240_0072.jpg,239,240.watch-101
data/raw/caltech256/256_ObjectCategories/241.waterfall/241_0004.jpg,240,241.waterfall
data/raw/caltech256/256_ObjectCategories/241.waterfall/241_0043.jpg,240,241.waterfall
data/raw/caltech256/256_ObjectCategories/241.waterfall/241_0039.jpg,240,241.waterfall
data/raw/caltech256/256_ObjectCategories/241.waterfall/241_0041.jpg,240,241.waterfall
data/raw/caltech256/256_ObjectCategories/241.waterfall/241_0002.jpg,240,241.waterfall
data/raw/caltech256/256_ObjectCategories/241.waterfall/241_0064.jpg,240,241.waterfall
data/raw/caltech256/256_ObjectCategories/241.waterfall/241_0088.jpg,240,241.waterfall
data/raw/caltech256/256_ObjectCategories/242.watermelon/242_0044.jpg,241,242.watermelon
data/raw/caltech256/256_ObjectCategories/242.watermelon/242_0059.jpg,241,242.watermelon
data/raw/caltech256/256_ObjectCategories/242.watermelon/242_0083.jpg,241,242.watermelon
data/raw/caltech256/256_ObjectCategories/242.watermelon/242_0074.jpg,241,242.watermelon
data/raw/caltech256/256_ObjectCategories/242.watermelon/242_0068.jpg,241,242.watermelon
data/raw/caltech256/256_ObjectCategories/242.watermelon/242_0089.jpg,241,242.watermelon
data/raw/caltech256/256_ObjectCategories/242.watermelon/242_0025.jpg,241,242.watermelon
data/raw/caltech256/256_ObjectCategories/243.welding-mask/243_0007.jpg,242,243.welding-mask
data/raw/caltech256/256_ObjectCategories/243.welding-mask/243_0067.jpg,242,243.welding-mask
data/raw/caltech256/256_ObjectCategories/243.welding-mask/243_0034.jpg,242,243.welding-mask
data/raw/caltech256/256_ObjectCategories/243.welding-mask/243_0031.jpg,242,243.welding-mask
data/raw/caltech256/256_ObjectCategories/243.welding-mask/243_0020.jpg,242,243.welding-mask
data/raw/caltech256/256_ObjectCategories/243.welding-mask/243_0058.jpg,242,243.welding-mask
data/raw/caltech256/256_ObjectCategories/243.welding-mask/243_0028.jpg,242,243.welding-mask
data/raw/caltech256/256_ObjectCategories/244.wheelbarrow/244_0025.jpg,243,244.wheelbarrow
data/raw/caltech256/256_ObjectCategories/244.wheelbarrow/244_0032.jpg,243,244.wheelbarrow
data/raw/caltech256/256_ObjectCategories/244.wheelbarrow/244_0007.jpg,243,244.wheelbarrow
data/raw/caltech256/256_ObjectCategories/244.wheelbarrow/244_0076.jpg,243,244.wheelbarrow
data/raw/caltech256/256_ObjectCategories/244.wheelbarrow/244_0049.jpg,243,244.wheelbarrow
data/raw/caltech256/256_ObjectCategories/244.wheelbarrow/244_0046.jpg,243,244.wheelbarrow
data/raw/caltech256/256_ObjectCategories/244.wheelbarrow/244_0006.jpg,243,244.wheelbarrow
data/raw/caltech256/256_ObjectCategories/245.windmill/245_0067.jpg,244,245.windmill
data/raw/caltech256/256_ObjectCategories/245.windmill/245_0026.jpg,244,245.windmill
data/raw/caltech256/256_ObjectCategories/245.windmill/245_0048.jpg,244,245.windmill
data/raw/caltech256/256_ObjectCategories/245.windmill/245_0040.jpg,244,245.windmill
data/raw/caltech256/256_ObjectCategories/245.windmill/245_0060.jpg,244,245.windmill
data/raw/caltech256/256_ObjectCategories/245.windmill/245_0014.jpg,244,245.windmill
data/raw/caltech256/256_ObjectCategories/245.windmill/245_0090.jpg,244,245.windmill
data/raw/caltech256/256_ObjectCategories/246.wine-bottle/246_0024.jpg,245,246.wine-bottle
data/raw/caltech256/256_ObjectCategories/246.wine-bottle/246_0041.jpg,245,246.wine-bottle
data/raw/caltech256/256_ObjectCategories/246.wine-bottle/246_0046.jpg,245,246.wine-bottle
data/raw/caltech256/256_ObjectCategories/246.wine-bottle/246_0027.jpg,245,246.wine-bottle
data/raw/caltech256/256_ObjectCategories/246.wine-bottle/246_0029.jpg,245,246.wine-bottle
data/raw/caltech256/256_ObjectCategories/246.wine-bottle/246_0076.jpg,245,246.wine-bottle
data/raw/caltech256/256_ObjectCategories/246.wine-bottle/246_0054.jpg,245,246.wine-bottle
data/raw/caltech256/256_ObjectCategories/246.wine-bottle/246_0033.jpg,245,246.wine-bottle
data/raw/caltech256/256_ObjectCategories/247.xylophone/247_0086.jpg,246,247.xylophone
data/raw/caltech256/256_ObjectCategories/247.xylophone/247_0026.jpg,246,247.xylophone
data/raw/caltech256/256_ObjectCategories/247.xylophone/247_0003.jpg,246,247.xylophone
data/raw/caltech256/256_ObjectCategories/247.xylophone/247_0074.jpg,246,247.xylophone
data/raw/caltech256/256_ObjectCategories/247.xylophone/247_0075.jpg,246,247.xylophone
data/raw/caltech256/256_ObjectCategories/247.xylophone/247_0045.jpg,246,247.xylophone
data/raw/caltech256/256_ObjectCategories/247.xylophone/247_0062.jpg,246,247.xylophone
data/raw/caltech256/256_ObjectCategories/248.yarmulke/248_0006.jpg,247,248.yarmulke
data/raw/caltech256/256_ObjectCategories/248.yarmulke/248_0014.jpg,247,248.yarmulke
data/raw/caltech256/256_ObjectCategories/248.yarmulke/248_0056.jpg,247,248.yarmulke
data/raw/caltech256/256_ObjectCategories/248.yarmulke/248_0047.jpg,247,248.yarmulke
data/raw/caltech256/256_ObjectCategories/248.yarmulke/248_0019.jpg,247,248.yarmulke
data/raw/caltech256/256_ObjectCategories/248.yarmulke/248_0025.jpg,247,248.yarmulke
data/raw/caltech256/256_ObjectCategories/249.yo-yo/249_0004.jpg,248,249.yo-yo
data/raw/caltech256/256_ObjectCategories/249.yo-yo/249_0049.jpg,248,249.yo-yo
data/raw/caltech256/256_ObjectCategories/249.yo-yo/249_0040.jpg,248,249.yo-yo
data/raw/caltech256/256_ObjectCategories/249.yo-yo/249_0075.jpg,248,249.yo-yo
data/raw/caltech256/256_ObjectCategories/249.yo-yo/249_0098.jpg,248,249.yo-yo
data/raw/caltech256/256_ObjectCategories/249.yo-yo/249_0023.jpg,248,249.yo-yo
data/raw/caltech256/256_ObjectCategories/249.yo-yo/249_0039.jpg,248,249.yo-yo
data/raw/caltech256/256_ObjectCategories/250.zebra/250_0009.jpg,249,250.zebra
data/raw/caltech256/256_ObjectCategories/250.zebra/250_0065.jpg,249,250.zebra
data/raw/caltech256/256_ObjectCategories/250.zebra/250_0049.jpg,249,250.zebra
data/raw/caltech256/256_ObjectCategories/250.zebra/250_0045.jpg,249,250.zebra
data/raw/caltech256/256_ObjectCategories/250.zebra/250_0091.jpg,249,250.zebra
data/raw/caltech256/256_ObjectCategories/250.zebra/250_0067.jpg,249,250.zebra
data/raw/caltech256/256_ObjectCategories/250.zebra/250_0053.jpg,249,250.zebra
data/raw/caltech256/256_ObjectCategories/251.airplanes-101/251_0653.jpg,250,251.airplanes-101
data/raw/caltech256/256_ObjectCategories/251.airplanes-101/251_0546.jpg,250,251.airplanes-101
data/raw/caltech256/256_ObjectCategories/251.airplanes-101/251_0124.jpg,250,251.airplanes-101
data/raw/caltech256/256_ObjectCategories/251.airplanes-101/251_0505.jpg,250,251.airplanes-101
data/raw/caltech256/256_ObjectCategories/251.airplanes-101/251_0737.jpg,250,251.airplanes-101
data/raw/caltech256/256_ObjectCategories/251.airplanes-101/251_0507.jpg,250,251.airplanes-101
data/raw/caltech256/256_ObjectCategories/251.airplanes-101/251_0104.jpg,250,251.airplanes-101
data/raw/caltech256/256_ObjectCategories/251.airplanes-101/251_0562.jpg,250,251.airplanes-101
data/raw/caltech256/256_ObjectCategories/251.airplanes-101/251_0027.jpg,250,251.airplanes-101
data/raw/caltech256/256_ObjectCategories/251.airplanes-101/251_0267.jpg,250,251.airplanes-101
data/raw/caltech256/256_ObjectCategories/251.airplanes-101/251_0665.jpg,250,251.airplanes-101
data/raw/caltech256/256_ObjectCategories/251.airplanes-101/251_0290.jpg,250,251.airplanes-101
data/raw/caltech256/256_ObjectCategories/251.airplanes-101/251_0148.jpg,250,251.airplanes-101
data/raw/caltech256/256_ObjectCategories/251.airplanes-101/251_0426.jpg,250,251.airplanes-101
data/raw/caltech256/256_ObjectCategories/251.airplanes-101/251_0125.jpg,250,251.airplanes-101
data/raw/caltech256/256_ObjectCategories/251.airplanes-101/251_0452.jpg,250,251.airplanes-101
data/raw/caltech256/256_ObjectCategories/251.airplanes-101/251_0012.jpg,250,251.airplanes-101
data/raw/caltech256/256_ObjectCategories/251.airplanes-101/251_0365.jpg,250,251.airplanes-101
data/raw/caltech256/256_ObjectCategories/251.airplanes-101/251_0207.jpg,250,251.airplanes-101
data/raw/caltech256/256_ObjectCategories/251.airplanes-101/251_0048.jpg,250,251.airplanes-101
data/raw/caltech256/256_ObjectCategories/251.airplanes-101/251_0579.jpg,250,251.airplanes-101
data/raw/caltech256/256_ObjectCategories/251.airplanes-101/251_0155.jpg,250,251.airplanes-101
data/raw/caltech256/256_ObjectCategories/251.airplanes-101/251_0477.jpg,250,251.airplanes-101
data/raw/caltech256/256_ObjectCategories/251.airplanes-101/251_0577.jpg,250,251.airplanes-101
data/raw/caltech256/256_ObjectCategories/251.airplanes-101/251_0167.jpg,250,251.airplanes-101
data/raw/caltech256/256_ObjectCategories/251.airplanes-101/251_0248.jpg,250,251.airplanes-101
data/raw/caltech256/256_ObjectCategories/251.airplanes-101/251_0375.jpg,250,251.airplanes-101
data/raw/caltech256/256_ObjectCategories/251.airplanes-101/251_0128.jpg,250,251.airplanes-101
data/raw/caltech256/256_ObjectCategories/251.airplanes-101/251_0206.jpg,250,251.airplanes-101
data/raw/caltech256/256_ObjectCategories/251.airplanes-101/251_0058.jpg,250,251.airplanes-101
data/raw/caltech256/256_ObjectCategories/251.airplanes-101/251_0658.jpg,250,251.airplanes-101
data/raw/caltech256/256_ObjectCategories/251.airplanes-101/251_0659.jpg,250,251.airplanes-101
data/raw/caltech256/256_ObjectCategories/251.airplanes-101/251_0089.jpg,250,251.airplanes-101
data/raw/caltech256/256_ObjectCategories/251.airplanes-101/251_0503.jpg,250,251.airplanes-101
data/raw/caltech256/256_ObjectCategories/251.airplanes-101/251_0330.jpg,250,251.airplanes-101
data/raw/caltech256/256_ObjectCategories/251.airplanes-101/251_0400.jpg,250,251.airplanes-101
data/raw/caltech256/256_ObjectCategories/251.airplanes-101/251_0280.jpg,250,251.airplanes-101
data/raw/caltech256/256_ObjectCategories/251.airplanes-101/251_0459.jpg,250,251.airplanes-101
data/raw/caltech256/256_ObjectCategories/251.airplanes-101/251_0129.jpg,250,251.airplanes-101
data/raw/caltech256/256_ObjectCategories/251.airplanes-101/251_0098.jpg,250,251.airplanes-101
data/raw/caltech256/256_ObjectCategories/251.airplanes-101/251_0371.jpg,250,251.airplanes-101
data/raw/caltech256/256_ObjectCategories/251.airplanes-101/251_0370.jpg,250,251.airplanes-101
data/raw/caltech256/256_ObjectCategories/251.airplanes-101/251_0714.jpg,250,251.airplanes-101
data/raw/caltech256/256_ObjectCategories/251.airplanes-101/251_0770.jpg,250,251.airplanes-101
data/raw/caltech256/256_ObjectCategories/251.airplanes-101/251_0208.jpg,250,251.airplanes-101
data/raw/caltech256/256_ObjectCategories/251.airplanes-101/251_0311.jpg,250,251.airplanes-101
data/raw/caltech256/256_ObjectCategories/251.airplanes-101/251_0231.jpg,250,251.airplanes-101
data/raw/caltech256/256_ObjectCategories/251.airplanes-101/251_0741.jpg,250,251.airplanes-101
data/raw/caltech256/256_ObjectCategories/251.airplanes-101/251_0641.jpg,250,251.airplanes-101
data/raw/caltech256/256_ObjectCategories/251.airplanes-101/251_0061.jpg,250,251.airplanes-101
data/raw/caltech256/256_ObjectCategories/251.airplanes-101/251_0428.jpg,250,251.airplanes-101
data/raw/caltech256/256_ObjectCategories/251.airplanes-101/251_0253.jpg,250,251.airplanes-101
data/raw/caltech256/256_ObjectCategories/251.airplanes-101/251_0050.jpg,250,251.airplanes-101
data/raw/caltech256/256_ObjectCategories/251.airplanes-101/251_0055.jpg,250,251.airplanes-101
data/raw/caltech256/256_ObjectCategories/251.airplanes-101/251_0447.jpg,250,251.airplanes-101
data/raw/caltech256/256_ObjectCategories/251.airplanes-101/251_0187.jpg,250,251.airplanes-101
data/raw/caltech256/256_ObjectCategories/252.car-side-101/252_0116.jpg,251,252.car-side-101
data/raw/caltech256/256_ObjectCategories/252.car-side-101/252_0008.jpg,251,252.car-side-101
data/raw/caltech256/256_ObjectCategories/252.car-side-101/252_0014.jpg,251,252.car-side-101
data/raw/caltech256/256_ObjectCategories/252.car-side-101/252_0015.jpg,251,252.car-side-101
data/raw/caltech256/256_ObjectCategories/252.car-side-101/252_0002.jpg,251,252.car-side-101
data/raw/caltech256/256_ObjectCategories/252.car-side-101/252_0057.jpg,251,252.car-side-101
data/raw/caltech256/256_ObjectCategories/252.car-side-101/252_0006.jpg,251,252.car-side-101
data/raw/caltech256/256_ObjectCategories/252.car-side-101/252_0028.jpg,251,252.car-side-101
data/raw/caltech256/256_ObjectCategories/252.car-side-101/252_0064.jpg,251,252.car-side-101
data/raw/caltech256/256_ObjectCategories/253.faces-easy-101/253_0062.jpg,252,253.faces-easy-101
data/raw/caltech256/256_ObjectCategories/253.faces-easy-101/253_0399.jpg,252,253.faces-easy-101
data/raw/caltech256/256_ObjectCategories/253.faces-easy-101/253_0125.jpg,252,253.faces-easy-101
data/raw/caltech256/256_ObjectCategories/253.faces-easy-101/253_0230.jpg,252,253.faces-easy-101
data/raw/caltech256/256_ObjectCategories/253.faces-easy-101/253_0426.jpg,252,253.faces-easy-101
data/raw/caltech256/256_ObjectCategories/253.faces-easy-101/253_0014.jpg,252,253.faces-easy-101
data/raw/caltech256/256_ObjectCategories/253.faces-easy-101/253_0413.jpg,252,253.faces-easy-101
data/raw/caltech256/256_ObjectCategories/253.faces-easy-101/253_0207.jpg,252,253.faces-easy-101
data/raw/caltech256/256_ObjectCategories/253.faces-easy-101/253_0124.jpg,252,253.faces-easy-101
data/raw/caltech256/256_ObjectCategories/253.faces-easy-101/253_0263.jpg,252,253.faces-easy-101
data/raw/caltech256/256_ObjectCategories/253.faces-easy-101/253_0245.jpg,252,253.faces-easy-101
data/raw/caltech256/256_ObjectCategories/253.faces-easy-101/253_0004.jpg,252,253.faces-easy-101
data/raw/caltech256/256_ObjectCategories/253.faces-easy-101/253_0333.jpg,252,253.faces-easy-101
data/raw/caltech256/256_ObjectCategories/253.faces-easy-101/253_0390.jpg,252,253.faces-easy-101
data/raw/caltech256/256_ObjectCategories/253.faces-easy-101/253_0306.jpg,252,253.faces-easy-101
data/raw/caltech256/256_ObjectCategories/253.faces-easy-101/253_0030.jpg,252,253.faces-easy-101
data/raw/caltech256/256_ObjectCategories/253.faces-easy-101/253_0341.jpg,252,253.faces-easy-101
data/raw/caltech256/256_ObjectCategories/253.faces-easy-101/253_0283.jpg,252,253.faces-easy-101
data/raw/caltech256/256_ObjectCategories/253.faces-easy-101/253_0327.jpg,252,253.faces-easy-101
data/raw/caltech256/256_ObjectCategories/253.faces-easy-101/253_0023.jpg,252,253.faces-easy-101
data/raw/caltech256/256_ObjectCategories/253.faces-easy-101/253_0177.jpg,252,253.faces-easy-101
data/raw/caltech256/256_ObjectCategories/253.faces-easy-101/253_0386.jpg,252,253.faces-easy-101
data/raw/caltech256/256_ObjectCategories/253.faces-easy-101/253_0310.jpg,252,253.faces-easy-101
data/raw/caltech256/256_ObjectCategories/253.faces-easy-101/253_0409.jpg,252,253.faces-easy-101
data/raw/caltech256/256_ObjectCategories/253.faces-easy-101/253_0163.jpg,252,253.faces-easy-101
data/raw/caltech256/256_ObjectCategories/253.faces-easy-101/253_0228.jpg,252,253.faces-easy-101
data/raw/caltech256/256_ObjectCategories/253.faces-easy-101/253_0147.jpg,252,253.faces-easy-101
data/raw/caltech256/256_ObjectCategories/253.faces-easy-101/253_0415.jpg,252,253.faces-easy-101
data/raw/caltech256/256_ObjectCategories/253.faces-easy-101/253_0394.jpg,252,253.faces-easy-101
data/raw/caltech256/256_ObjectCategories/253.faces-easy-101/253_0380.jpg,252,253.faces-easy-101
data/raw/caltech256/256_ObjectCategories/253.faces-easy-101/253_0382.jpg,252,253.faces-easy-101
data/raw/caltech256/256_ObjectCategories/254.greyhound/254_0057.jpg,253,254.greyhound
data/raw/caltech256/256_ObjectCategories/254.greyhound/254_0050.jpg,253,254.greyhound
data/raw/caltech256/256_ObjectCategories/254.greyhound/254_0079.jpg,253,254.greyhound
data/raw/caltech256/256_ObjectCategories/254.greyhound/254_0056.jpg,253,254.greyhound
data/raw/caltech256/256_ObjectCategories/254.greyhound/254_0031.jpg,253,254.greyhound
data/raw/caltech256/256_ObjectCategories/254.greyhound/254_0021.jpg,253,254.greyhound
data/raw/caltech256/256_ObjectCategories/254.greyhound/254_0084.jpg,253,254.greyhound
data/raw/caltech256/256_ObjectCategories/255.tennis-shoes/255_0025.jpg,254,255.tennis-shoes
data/raw/caltech256/256_ObjectCategories/255.tennis-shoes/255_0089.jpg,254,255.tennis-shoes
data/raw/caltech256/256_ObjectCategories/255.tennis-shoes/255_0059.jpg,254,255.tennis-shoes
data/raw/caltech256/256_ObjectCategories/255.tennis-shoes/255_0078.jpg,254,255.tennis-shoes
data/raw/caltech256/256_ObjectCategories/255.tennis-shoes/255_0056.jpg,254,255.tennis-shoes
data/raw/caltech256/256_ObjectCategories/255.tennis-shoes/255_0070.jpg,254,255.tennis-shoes
data/raw/caltech256/256_ObjectCategories/255.tennis-shoes/255_0001.jpg,254,255.tennis-shoes
data/raw/caltech256/256_ObjectCategories/255.tennis-shoes/255_0077.jpg,254,255.tennis-shoes
data/raw/caltech256/256_ObjectCategories/256.toad/256_0072.jpg,255,256.toad
data/raw/caltech256/256_ObjectCategories/256.toad/256_0085.jpg,255,256.toad
data/raw/caltech256/256_ObjectCategories/256.toad/256_0030.jpg,255,256.toad
data/raw/caltech256/256_ObjectCategories/256.toad/256_0087.jpg,255,256.toad
data/raw/caltech256/256_ObjectCategories/256.toad/256_0007.jpg,255,256.toad
data/raw/caltech256/256_ObjectCategories/256.toad/256_0097.jpg,255,256.toad
data/raw/caltech256/256_ObjectCategories/256.toad/256_0044.jpg,255,256.toad
data/raw/caltech256/256_ObjectCategories/256.toad/256_0031.jpg,255,256.toad
