filepath,label,class_name
data/raw/caltech256/256_ObjectCategories/001.ak47/001_0055.jpg,0,001.ak47
data/raw/caltech256/256_ObjectCategories/001.ak47/001_0053.jpg,0,001.ak47
data/raw/caltech256/256_ObjectCategories/001.ak47/001_0085.jpg,0,001.ak47
data/raw/caltech256/256_ObjectCategories/001.ak47/001_0059.jpg,0,001.ak47
data/raw/caltech256/256_ObjectCategories/001.ak47/001_0082.jpg,0,001.ak47
data/raw/caltech256/256_ObjectCategories/001.ak47/001_0056.jpg,0,001.ak47
data/raw/caltech256/256_ObjectCategories/001.ak47/001_0072.jpg,0,001.ak47
data/raw/caltech256/256_ObjectCategories/001.ak47/001_0031.jpg,0,001.ak47
data/raw/caltech256/256_ObjectCategories/001.ak47/001_0078.jpg,0,001.ak47
data/raw/caltech256/256_ObjectCategories/001.ak47/001_0004.jpg,0,001.ak47
data/raw/caltech256/256_ObjectCategories/001.ak47/001_0003.jpg,0,001.ak47
data/raw/caltech256/256_ObjectCategories/001.ak47/001_0037.jpg,0,001.ak47
data/raw/caltech256/256_ObjectCategories/001.ak47/001_0094.jpg,0,001.ak47
data/raw/caltech256/256_ObjectCategories/001.ak47/001_0083.jpg,0,001.ak47
data/raw/caltech256/256_ObjectCategories/001.ak47/001_0014.jpg,0,001.ak47
data/raw/caltech256/256_ObjectCategories/001.ak47/001_0006.jpg,0,001.ak47
data/raw/caltech256/256_ObjectCategories/001.ak47/001_0038.jpg,0,001.ak47
data/raw/caltech256/256_ObjectCategories/001.ak47/001_0049.jpg,0,001.ak47
data/raw/caltech256/256_ObjectCategories/001.ak47/001_0070.jpg,0,001.ak47
data/raw/caltech256/256_ObjectCategories/001.ak47/001_0030.jpg,0,001.ak47
data/raw/caltech256/256_ObjectCategories/001.ak47/001_0044.jpg,0,001.ak47
data/raw/caltech256/256_ObjectCategories/001.ak47/001_0069.jpg,0,001.ak47
data/raw/caltech256/256_ObjectCategories/001.ak47/001_0061.jpg,0,001.ak47
data/raw/caltech256/256_ObjectCategories/001.ak47/001_0039.jpg,0,001.ak47
data/raw/caltech256/256_ObjectCategories/001.ak47/001_0081.jpg,0,001.ak47
data/raw/caltech256/256_ObjectCategories/001.ak47/001_0048.jpg,0,001.ak47
data/raw/caltech256/256_ObjectCategories/001.ak47/001_0036.jpg,0,001.ak47
data/raw/caltech256/256_ObjectCategories/001.ak47/001_0077.jpg,0,001.ak47
data/raw/caltech256/256_ObjectCategories/001.ak47/001_0086.jpg,0,001.ak47
data/raw/caltech256/256_ObjectCategories/001.ak47/001_0001.jpg,0,001.ak47
data/raw/caltech256/256_ObjectCategories/001.ak47/001_0098.jpg,0,001.ak47
data/raw/caltech256/256_ObjectCategories/001.ak47/001_0057.jpg,0,001.ak47
data/raw/caltech256/256_ObjectCategories/001.ak47/001_0075.jpg,0,001.ak47
data/raw/caltech256/256_ObjectCategories/001.ak47/001_0073.jpg,0,001.ak47
data/raw/caltech256/256_ObjectCategories/002.american-flag/002_0038.jpg,1,002.american-flag
data/raw/caltech256/256_ObjectCategories/002.american-flag/002_0027.jpg,1,002.american-flag
data/raw/caltech256/256_ObjectCategories/002.american-flag/002_0086.jpg,1,002.american-flag
data/raw/caltech256/256_ObjectCategories/002.american-flag/002_0004.jpg,1,002.american-flag
data/raw/caltech256/256_ObjectCategories/002.american-flag/002_0050.jpg,1,002.american-flag
data/raw/caltech256/256_ObjectCategories/002.american-flag/002_0032.jpg,1,002.american-flag
data/raw/caltech256/256_ObjectCategories/002.american-flag/002_0009.jpg,1,002.american-flag
data/raw/caltech256/256_ObjectCategories/002.american-flag/002_0013.jpg,1,002.american-flag
data/raw/caltech256/256_ObjectCategories/002.american-flag/002_0025.jpg,1,002.american-flag
data/raw/caltech256/256_ObjectCategories/002.american-flag/002_0071.jpg,1,002.american-flag
data/raw/caltech256/256_ObjectCategories/002.american-flag/002_0051.jpg,1,002.american-flag
data/raw/caltech256/256_ObjectCategories/002.american-flag/002_0014.jpg,1,002.american-flag
data/raw/caltech256/256_ObjectCategories/002.american-flag/002_0088.jpg,1,002.american-flag
data/raw/caltech256/256_ObjectCategories/002.american-flag/002_0080.jpg,1,002.american-flag
data/raw/caltech256/256_ObjectCategories/002.american-flag/002_0062.jpg,1,002.american-flag
data/raw/caltech256/256_ObjectCategories/002.american-flag/002_0001.jpg,1,002.american-flag
data/raw/caltech256/256_ObjectCategories/002.american-flag/002_0085.jpg,1,002.american-flag
data/raw/caltech256/256_ObjectCategories/002.american-flag/002_0005.jpg,1,002.american-flag
data/raw/caltech256/256_ObjectCategories/002.american-flag/002_0044.jpg,1,002.american-flag
data/raw/caltech256/256_ObjectCategories/002.american-flag/002_0017.jpg,1,002.american-flag
data/raw/caltech256/256_ObjectCategories/002.american-flag/002_0003.jpg,1,002.american-flag
data/raw/caltech256/256_ObjectCategories/002.american-flag/002_0084.jpg,1,002.american-flag
data/raw/caltech256/256_ObjectCategories/002.american-flag/002_0094.jpg,1,002.american-flag
data/raw/caltech256/256_ObjectCategories/002.american-flag/002_0083.jpg,1,002.american-flag
data/raw/caltech256/256_ObjectCategories/002.american-flag/002_0007.jpg,1,002.american-flag
data/raw/caltech256/256_ObjectCategories/002.american-flag/002_0073.jpg,1,002.american-flag
data/raw/caltech256/256_ObjectCategories/002.american-flag/002_0049.jpg,1,002.american-flag
data/raw/caltech256/256_ObjectCategories/002.american-flag/002_0069.jpg,1,002.american-flag
data/raw/caltech256/256_ObjectCategories/002.american-flag/002_0036.jpg,1,002.american-flag
data/raw/caltech256/256_ObjectCategories/002.american-flag/002_0031.jpg,1,002.american-flag
data/raw/caltech256/256_ObjectCategories/002.american-flag/002_0011.jpg,1,002.american-flag
data/raw/caltech256/256_ObjectCategories/002.american-flag/002_0057.jpg,1,002.american-flag
data/raw/caltech256/256_ObjectCategories/002.american-flag/002_0018.jpg,1,002.american-flag
data/raw/caltech256/256_ObjectCategories/002.american-flag/002_0008.jpg,1,002.american-flag
data/raw/caltech256/256_ObjectCategories/003.backpack/003_0128.jpg,2,003.backpack
data/raw/caltech256/256_ObjectCategories/003.backpack/003_0103.jpg,2,003.backpack
data/raw/caltech256/256_ObjectCategories/003.backpack/003_0135.jpg,2,003.backpack
data/raw/caltech256/256_ObjectCategories/003.backpack/003_0035.jpg,2,003.backpack
data/raw/caltech256/256_ObjectCategories/003.backpack/003_0018.jpg,2,003.backpack
data/raw/caltech256/256_ObjectCategories/003.backpack/003_0077.jpg,2,003.backpack
data/raw/caltech256/256_ObjectCategories/003.backpack/003_0036.jpg,2,003.backpack
data/raw/caltech256/256_ObjectCategories/003.backpack/003_0126.jpg,2,003.backpack
data/raw/caltech256/256_ObjectCategories/003.backpack/003_0096.jpg,2,003.backpack
data/raw/caltech256/256_ObjectCategories/003.backpack/003_0023.jpg,2,003.backpack
data/raw/caltech256/256_ObjectCategories/003.backpack/003_0064.jpg,2,003.backpack
data/raw/caltech256/256_ObjectCategories/003.backpack/003_0056.jpg,2,003.backpack
data/raw/caltech256/256_ObjectCategories/003.backpack/003_0130.jpg,2,003.backpack
data/raw/caltech256/256_ObjectCategories/003.backpack/003_0120.jpg,2,003.backpack
data/raw/caltech256/256_ObjectCategories/003.backpack/003_0068.jpg,2,003.backpack
data/raw/caltech256/256_ObjectCategories/003.backpack/003_0101.jpg,2,003.backpack
data/raw/caltech256/256_ObjectCategories/003.backpack/003_0024.jpg,2,003.backpack
data/raw/caltech256/256_ObjectCategories/003.backpack/003_0073.jpg,2,003.backpack
data/raw/caltech256/256_ObjectCategories/003.backpack/003_0136.jpg,2,003.backpack
data/raw/caltech256/256_ObjectCategories/003.backpack/003_0095.jpg,2,003.backpack
data/raw/caltech256/256_ObjectCategories/003.backpack/003_0105.jpg,2,003.backpack
data/raw/caltech256/256_ObjectCategories/003.backpack/003_0129.jpg,2,003.backpack
data/raw/caltech256/256_ObjectCategories/003.backpack/003_0038.jpg,2,003.backpack
data/raw/caltech256/256_ObjectCategories/003.backpack/003_0027.jpg,2,003.backpack
data/raw/caltech256/256_ObjectCategories/003.backpack/003_0142.jpg,2,003.backpack
data/raw/caltech256/256_ObjectCategories/003.backpack/003_0025.jpg,2,003.backpack
data/raw/caltech256/256_ObjectCategories/003.backpack/003_0041.jpg,2,003.backpack
data/raw/caltech256/256_ObjectCategories/003.backpack/003_0006.jpg,2,003.backpack
data/raw/caltech256/256_ObjectCategories/003.backpack/003_0051.jpg,2,003.backpack
data/raw/caltech256/256_ObjectCategories/003.backpack/003_0100.jpg,2,003.backpack
data/raw/caltech256/256_ObjectCategories/003.backpack/003_0132.jpg,2,003.backpack
data/raw/caltech256/256_ObjectCategories/003.backpack/003_0082.jpg,2,003.backpack
data/raw/caltech256/256_ObjectCategories/003.backpack/003_0032.jpg,2,003.backpack
data/raw/caltech256/256_ObjectCategories/003.backpack/003_0121.jpg,2,003.backpack
data/raw/caltech256/256_ObjectCategories/003.backpack/003_0104.jpg,2,003.backpack
data/raw/caltech256/256_ObjectCategories/003.backpack/003_0131.jpg,2,003.backpack
data/raw/caltech256/256_ObjectCategories/003.backpack/003_0150.jpg,2,003.backpack
data/raw/caltech256/256_ObjectCategories/003.backpack/003_0119.jpg,2,003.backpack
data/raw/caltech256/256_ObjectCategories/003.backpack/003_0039.jpg,2,003.backpack
data/raw/caltech256/256_ObjectCategories/003.backpack/003_0122.jpg,2,003.backpack
data/raw/caltech256/256_ObjectCategories/003.backpack/003_0125.jpg,2,003.backpack
data/raw/caltech256/256_ObjectCategories/003.backpack/003_0053.jpg,2,003.backpack
data/raw/caltech256/256_ObjectCategories/003.backpack/003_0106.jpg,2,003.backpack
data/raw/caltech256/256_ObjectCategories/003.backpack/003_0050.jpg,2,003.backpack
data/raw/caltech256/256_ObjectCategories/003.backpack/003_0145.jpg,2,003.backpack
data/raw/caltech256/256_ObjectCategories/003.backpack/003_0028.jpg,2,003.backpack
data/raw/caltech256/256_ObjectCategories/003.backpack/003_0133.jpg,2,003.backpack
data/raw/caltech256/256_ObjectCategories/003.backpack/003_0003.jpg,2,003.backpack
data/raw/caltech256/256_ObjectCategories/003.backpack/003_0009.jpg,2,003.backpack
data/raw/caltech256/256_ObjectCategories/003.backpack/003_0086.jpg,2,003.backpack
data/raw/caltech256/256_ObjectCategories/003.backpack/003_0089.jpg,2,003.backpack
data/raw/caltech256/256_ObjectCategories/003.backpack/003_0045.jpg,2,003.backpack
data/raw/caltech256/256_ObjectCategories/003.backpack/003_0091.jpg,2,003.backpack
data/raw/caltech256/256_ObjectCategories/004.baseball-bat/004_0083.jpg,3,004.baseball-bat
data/raw/caltech256/256_ObjectCategories/004.baseball-bat/004_0082.jpg,3,004.baseball-bat
data/raw/caltech256/256_ObjectCategories/004.baseball-bat/004_0058.jpg,3,004.baseball-bat
data/raw/caltech256/256_ObjectCategories/004.baseball-bat/004_0054.jpg,3,004.baseball-bat
data/raw/caltech256/256_ObjectCategories/004.baseball-bat/004_0011.jpg,3,004.baseball-bat
data/raw/caltech256/256_ObjectCategories/004.baseball-bat/004_0035.jpg,3,004.baseball-bat
data/raw/caltech256/256_ObjectCategories/004.baseball-bat/004_0050.jpg,3,004.baseball-bat
data/raw/caltech256/256_ObjectCategories/004.baseball-bat/004_0114.jpg,3,004.baseball-bat
data/raw/caltech256/256_ObjectCategories/004.baseball-bat/004_0030.jpg,3,004.baseball-bat
data/raw/caltech256/256_ObjectCategories/004.baseball-bat/004_0056.jpg,3,004.baseball-bat
data/raw/caltech256/256_ObjectCategories/004.baseball-bat/004_0049.jpg,3,004.baseball-bat
data/raw/caltech256/256_ObjectCategories/004.baseball-bat/004_0072.jpg,3,004.baseball-bat
data/raw/caltech256/256_ObjectCategories/004.baseball-bat/004_0100.jpg,3,004.baseball-bat
data/raw/caltech256/256_ObjectCategories/004.baseball-bat/004_0003.jpg,3,004.baseball-bat
data/raw/caltech256/256_ObjectCategories/004.baseball-bat/004_0111.jpg,3,004.baseball-bat
data/raw/caltech256/256_ObjectCategories/004.baseball-bat/004_0109.jpg,3,004.baseball-bat
data/raw/caltech256/256_ObjectCategories/004.baseball-bat/004_0046.jpg,3,004.baseball-bat
data/raw/caltech256/256_ObjectCategories/004.baseball-bat/004_0107.jpg,3,004.baseball-bat
data/raw/caltech256/256_ObjectCategories/004.baseball-bat/004_0042.jpg,3,004.baseball-bat
data/raw/caltech256/256_ObjectCategories/004.baseball-bat/004_0033.jpg,3,004.baseball-bat
data/raw/caltech256/256_ObjectCategories/004.baseball-bat/004_0022.jpg,3,004.baseball-bat
data/raw/caltech256/256_ObjectCategories/004.baseball-bat/004_0096.jpg,3,004.baseball-bat
data/raw/caltech256/256_ObjectCategories/004.baseball-bat/004_0061.jpg,3,004.baseball-bat
data/raw/caltech256/256_ObjectCategories/004.baseball-bat/004_0004.jpg,3,004.baseball-bat
data/raw/caltech256/256_ObjectCategories/004.baseball-bat/004_0038.jpg,3,004.baseball-bat
data/raw/caltech256/256_ObjectCategories/004.baseball-bat/004_0005.jpg,3,004.baseball-bat
data/raw/caltech256/256_ObjectCategories/004.baseball-bat/004_0065.jpg,3,004.baseball-bat
data/raw/caltech256/256_ObjectCategories/004.baseball-bat/004_0047.jpg,3,004.baseball-bat
data/raw/caltech256/256_ObjectCategories/004.baseball-bat/004_0001.jpg,3,004.baseball-bat
data/raw/caltech256/256_ObjectCategories/004.baseball-bat/004_0120.jpg,3,004.baseball-bat
data/raw/caltech256/256_ObjectCategories/004.baseball-bat/004_0074.jpg,3,004.baseball-bat
data/raw/caltech256/256_ObjectCategories/004.baseball-bat/004_0095.jpg,3,004.baseball-bat
data/raw/caltech256/256_ObjectCategories/004.baseball-bat/004_0063.jpg,3,004.baseball-bat
data/raw/caltech256/256_ObjectCategories/004.baseball-bat/004_0110.jpg,3,004.baseball-bat
data/raw/caltech256/256_ObjectCategories/004.baseball-bat/004_0012.jpg,3,004.baseball-bat
data/raw/caltech256/256_ObjectCategories/004.baseball-bat/004_0069.jpg,3,004.baseball-bat
data/raw/caltech256/256_ObjectCategories/004.baseball-bat/004_0077.jpg,3,004.baseball-bat
data/raw/caltech256/256_ObjectCategories/004.baseball-bat/004_0090.jpg,3,004.baseball-bat
data/raw/caltech256/256_ObjectCategories/004.baseball-bat/004_0028.jpg,3,004.baseball-bat
data/raw/caltech256/256_ObjectCategories/004.baseball-bat/004_0105.jpg,3,004.baseball-bat
data/raw/caltech256/256_ObjectCategories/004.baseball-bat/004_0055.jpg,3,004.baseball-bat
data/raw/caltech256/256_ObjectCategories/004.baseball-bat/004_0115.jpg,3,004.baseball-bat
data/raw/caltech256/256_ObjectCategories/004.baseball-bat/004_0112.jpg,3,004.baseball-bat
data/raw/caltech256/256_ObjectCategories/004.baseball-bat/004_0029.jpg,3,004.baseball-bat
data/raw/caltech256/256_ObjectCategories/004.baseball-bat/004_0020.jpg,3,004.baseball-bat
data/raw/caltech256/256_ObjectCategories/005.baseball-glove/005_0005.jpg,4,005.baseball-glove
data/raw/caltech256/256_ObjectCategories/005.baseball-glove/005_0040.jpg,4,005.baseball-glove
data/raw/caltech256/256_ObjectCategories/005.baseball-glove/005_0062.jpg,4,005.baseball-glove
data/raw/caltech256/256_ObjectCategories/005.baseball-glove/005_0013.jpg,4,005.baseball-glove
data/raw/caltech256/256_ObjectCategories/005.baseball-glove/005_0045.jpg,4,005.baseball-glove
data/raw/caltech256/256_ObjectCategories/005.baseball-glove/005_0085.jpg,4,005.baseball-glove
data/raw/caltech256/256_ObjectCategories/005.baseball-glove/005_0144.jpg,4,005.baseball-glove
data/raw/caltech256/256_ObjectCategories/005.baseball-glove/005_0006.jpg,4,005.baseball-glove
data/raw/caltech256/256_ObjectCategories/005.baseball-glove/005_0139.jpg,4,005.baseball-glove
data/raw/caltech256/256_ObjectCategories/005.baseball-glove/005_0056.jpg,4,005.baseball-glove
data/raw/caltech256/256_ObjectCategories/005.baseball-glove/005_0142.jpg,4,005.baseball-glove
data/raw/caltech256/256_ObjectCategories/005.baseball-glove/005_0048.jpg,4,005.baseball-glove
data/raw/caltech256/256_ObjectCategories/005.baseball-glove/005_0106.jpg,4,005.baseball-glove
data/raw/caltech256/256_ObjectCategories/005.baseball-glove/005_0115.jpg,4,005.baseball-glove
data/raw/caltech256/256_ObjectCategories/005.baseball-glove/005_0007.jpg,4,005.baseball-glove
data/raw/caltech256/256_ObjectCategories/005.baseball-glove/005_0050.jpg,4,005.baseball-glove
data/raw/caltech256/256_ObjectCategories/005.baseball-glove/005_0024.jpg,4,005.baseball-glove
data/raw/caltech256/256_ObjectCategories/005.baseball-glove/005_0093.jpg,4,005.baseball-glove
data/raw/caltech256/256_ObjectCategories/005.baseball-glove/005_0067.jpg,4,005.baseball-glove
data/raw/caltech256/256_ObjectCategories/005.baseball-glove/005_0107.jpg,4,005.baseball-glove
data/raw/caltech256/256_ObjectCategories/005.baseball-glove/005_0068.jpg,4,005.baseball-glove
data/raw/caltech256/256_ObjectCategories/005.baseball-glove/005_0044.jpg,4,005.baseball-glove
data/raw/caltech256/256_ObjectCategories/005.baseball-glove/005_0035.jpg,4,005.baseball-glove
data/raw/caltech256/256_ObjectCategories/005.baseball-glove/005_0059.jpg,4,005.baseball-glove
data/raw/caltech256/256_ObjectCategories/005.baseball-glove/005_0091.jpg,4,005.baseball-glove
data/raw/caltech256/256_ObjectCategories/005.baseball-glove/005_0132.jpg,4,005.baseball-glove
data/raw/caltech256/256_ObjectCategories/005.baseball-glove/005_0148.jpg,4,005.baseball-glove
data/raw/caltech256/256_ObjectCategories/005.baseball-glove/005_0111.jpg,4,005.baseball-glove
data/raw/caltech256/256_ObjectCategories/005.baseball-glove/005_0004.jpg,4,005.baseball-glove
data/raw/caltech256/256_ObjectCategories/005.baseball-glove/005_0108.jpg,4,005.baseball-glove
data/raw/caltech256/256_ObjectCategories/005.baseball-glove/005_0014.jpg,4,005.baseball-glove
data/raw/caltech256/256_ObjectCategories/005.baseball-glove/005_0063.jpg,4,005.baseball-glove
data/raw/caltech256/256_ObjectCategories/005.baseball-glove/005_0036.jpg,4,005.baseball-glove
data/raw/caltech256/256_ObjectCategories/005.baseball-glove/005_0134.jpg,4,005.baseball-glove
data/raw/caltech256/256_ObjectCategories/005.baseball-glove/005_0101.jpg,4,005.baseball-glove
data/raw/caltech256/256_ObjectCategories/005.baseball-glove/005_0078.jpg,4,005.baseball-glove
data/raw/caltech256/256_ObjectCategories/005.baseball-glove/005_0033.jpg,4,005.baseball-glove
data/raw/caltech256/256_ObjectCategories/005.baseball-glove/005_0038.jpg,4,005.baseball-glove
data/raw/caltech256/256_ObjectCategories/005.baseball-glove/005_0030.jpg,4,005.baseball-glove
data/raw/caltech256/256_ObjectCategories/005.baseball-glove/005_0086.jpg,4,005.baseball-glove
data/raw/caltech256/256_ObjectCategories/005.baseball-glove/005_0124.jpg,4,005.baseball-glove
data/raw/caltech256/256_ObjectCategories/005.baseball-glove/005_0064.jpg,4,005.baseball-glove
data/raw/caltech256/256_ObjectCategories/005.baseball-glove/005_0029.jpg,4,005.baseball-glove
data/raw/caltech256/256_ObjectCategories/005.baseball-glove/005_0109.jpg,4,005.baseball-glove
data/raw/caltech256/256_ObjectCategories/005.baseball-glove/005_0081.jpg,4,005.baseball-glove
data/raw/caltech256/256_ObjectCategories/005.baseball-glove/005_0080.jpg,4,005.baseball-glove
data/raw/caltech256/256_ObjectCategories/005.baseball-glove/005_0125.jpg,4,005.baseball-glove
data/raw/caltech256/256_ObjectCategories/005.baseball-glove/005_0031.jpg,4,005.baseball-glove
data/raw/caltech256/256_ObjectCategories/005.baseball-glove/005_0117.jpg,4,005.baseball-glove
data/raw/caltech256/256_ObjectCategories/005.baseball-glove/005_0069.jpg,4,005.baseball-glove
data/raw/caltech256/256_ObjectCategories/005.baseball-glove/005_0037.jpg,4,005.baseball-glove
data/raw/caltech256/256_ObjectCategories/005.baseball-glove/005_0010.jpg,4,005.baseball-glove
data/raw/caltech256/256_ObjectCategories/006.basketball-hoop/006_0064.jpg,5,006.basketball-hoop
data/raw/caltech256/256_ObjectCategories/006.basketball-hoop/006_0069.jpg,5,006.basketball-hoop
data/raw/caltech256/256_ObjectCategories/006.basketball-hoop/006_0072.jpg,5,006.basketball-hoop
data/raw/caltech256/256_ObjectCategories/006.basketball-hoop/006_0089.jpg,5,006.basketball-hoop
data/raw/caltech256/256_ObjectCategories/006.basketball-hoop/006_0032.jpg,5,006.basketball-hoop
data/raw/caltech256/256_ObjectCategories/006.basketball-hoop/006_0001.jpg,5,006.basketball-hoop
data/raw/caltech256/256_ObjectCategories/006.basketball-hoop/006_0088.jpg,5,006.basketball-hoop
data/raw/caltech256/256_ObjectCategories/006.basketball-hoop/006_0030.jpg,5,006.basketball-hoop
data/raw/caltech256/256_ObjectCategories/006.basketball-hoop/006_0027.jpg,5,006.basketball-hoop
data/raw/caltech256/256_ObjectCategories/006.basketball-hoop/006_0035.jpg,5,006.basketball-hoop
data/raw/caltech256/256_ObjectCategories/006.basketball-hoop/006_0084.jpg,5,006.basketball-hoop
data/raw/caltech256/256_ObjectCategories/006.basketball-hoop/006_0033.jpg,5,006.basketball-hoop
data/raw/caltech256/256_ObjectCategories/006.basketball-hoop/006_0062.jpg,5,006.basketball-hoop
data/raw/caltech256/256_ObjectCategories/006.basketball-hoop/006_0046.jpg,5,006.basketball-hoop
data/raw/caltech256/256_ObjectCategories/006.basketball-hoop/006_0024.jpg,5,006.basketball-hoop
data/raw/caltech256/256_ObjectCategories/006.basketball-hoop/006_0015.jpg,5,006.basketball-hoop
data/raw/caltech256/256_ObjectCategories/006.basketball-hoop/006_0080.jpg,5,006.basketball-hoop
data/raw/caltech256/256_ObjectCategories/006.basketball-hoop/006_0063.jpg,5,006.basketball-hoop
data/raw/caltech256/256_ObjectCategories/006.basketball-hoop/006_0081.jpg,5,006.basketball-hoop
data/raw/caltech256/256_ObjectCategories/006.basketball-hoop/006_0071.jpg,5,006.basketball-hoop
data/raw/caltech256/256_ObjectCategories/006.basketball-hoop/006_0076.jpg,5,006.basketball-hoop
data/raw/caltech256/256_ObjectCategories/006.basketball-hoop/006_0019.jpg,5,006.basketball-hoop
data/raw/caltech256/256_ObjectCategories/006.basketball-hoop/006_0067.jpg,5,006.basketball-hoop
data/raw/caltech256/256_ObjectCategories/006.basketball-hoop/006_0051.jpg,5,006.basketball-hoop
data/raw/caltech256/256_ObjectCategories/006.basketball-hoop/006_0075.jpg,5,006.basketball-hoop
data/raw/caltech256/256_ObjectCategories/006.basketball-hoop/006_0045.jpg,5,006.basketball-hoop
data/raw/caltech256/256_ObjectCategories/006.basketball-hoop/006_0025.jpg,5,006.basketball-hoop
data/raw/caltech256/256_ObjectCategories/006.basketball-hoop/006_0036.jpg,5,006.basketball-hoop
data/raw/caltech256/256_ObjectCategories/006.basketball-hoop/006_0012.jpg,5,006.basketball-hoop
data/raw/caltech256/256_ObjectCategories/006.basketball-hoop/006_0077.jpg,5,006.basketball-hoop
data/raw/caltech256/256_ObjectCategories/006.basketball-hoop/006_0017.jpg,5,006.basketball-hoop
data/raw/caltech256/256_ObjectCategories/006.basketball-hoop/006_0010.jpg,5,006.basketball-hoop
data/raw/caltech256/256_ObjectCategories/007.bat/007_0084.jpg,6,007.bat
data/raw/caltech256/256_ObjectCategories/007.bat/007_0083.jpg,6,007.bat
data/raw/caltech256/256_ObjectCategories/007.bat/007_0104.jpg,6,007.bat
data/raw/caltech256/256_ObjectCategories/007.bat/007_0049.jpg,6,007.bat
data/raw/caltech256/256_ObjectCategories/007.bat/007_0024.jpg,6,007.bat
data/raw/caltech256/256_ObjectCategories/007.bat/007_0031.jpg,6,007.bat
data/raw/caltech256/256_ObjectCategories/007.bat/007_0038.jpg,6,007.bat
data/raw/caltech256/256_ObjectCategories/007.bat/007_0061.jpg,6,007.bat
data/raw/caltech256/256_ObjectCategories/007.bat/007_0016.jpg,6,007.bat
data/raw/caltech256/256_ObjectCategories/007.bat/007_0088.jpg,6,007.bat
data/raw/caltech256/256_ObjectCategories/007.bat/007_0011.jpg,6,007.bat
data/raw/caltech256/256_ObjectCategories/007.bat/007_0086.jpg,6,007.bat
data/raw/caltech256/256_ObjectCategories/007.bat/007_0040.jpg,6,007.bat
data/raw/caltech256/256_ObjectCategories/007.bat/007_0105.jpg,6,007.bat
data/raw/caltech256/256_ObjectCategories/007.bat/007_0045.jpg,6,007.bat
data/raw/caltech256/256_ObjectCategories/007.bat/007_0009.jpg,6,007.bat
data/raw/caltech256/256_ObjectCategories/007.bat/007_0063.jpg,6,007.bat
data/raw/caltech256/256_ObjectCategories/007.bat/007_0067.jpg,6,007.bat
data/raw/caltech256/256_ObjectCategories/007.bat/007_0027.jpg,6,007.bat
data/raw/caltech256/256_ObjectCategories/007.bat/007_0018.jpg,6,007.bat
data/raw/caltech256/256_ObjectCategories/007.bat/007_0004.jpg,6,007.bat
data/raw/caltech256/256_ObjectCategories/007.bat/007_0081.jpg,6,007.bat
data/raw/caltech256/256_ObjectCategories/007.bat/007_0010.jpg,6,007.bat
data/raw/caltech256/256_ObjectCategories/007.bat/007_0050.jpg,6,007.bat
data/raw/caltech256/256_ObjectCategories/007.bat/007_0101.jpg,6,007.bat
data/raw/caltech256/256_ObjectCategories/007.bat/007_0096.jpg,6,007.bat
data/raw/caltech256/256_ObjectCategories/007.bat/007_0068.jpg,6,007.bat
data/raw/caltech256/256_ObjectCategories/007.bat/007_0089.jpg,6,007.bat
data/raw/caltech256/256_ObjectCategories/007.bat/007_0097.jpg,6,007.bat
data/raw/caltech256/256_ObjectCategories/007.bat/007_0033.jpg,6,007.bat
data/raw/caltech256/256_ObjectCategories/007.bat/007_0042.jpg,6,007.bat
data/raw/caltech256/256_ObjectCategories/007.bat/007_0062.jpg,6,007.bat
data/raw/caltech256/256_ObjectCategories/007.bat/007_0051.jpg,6,007.bat
data/raw/caltech256/256_ObjectCategories/007.bat/007_0087.jpg,6,007.bat
data/raw/caltech256/256_ObjectCategories/007.bat/007_0092.jpg,6,007.bat
data/raw/caltech256/256_ObjectCategories/007.bat/007_0055.jpg,6,007.bat
data/raw/caltech256/256_ObjectCategories/007.bat/007_0037.jpg,6,007.bat
data/raw/caltech256/256_ObjectCategories/008.bathtub/008_0146.jpg,7,008.bathtub
data/raw/caltech256/256_ObjectCategories/008.bathtub/008_0004.jpg,7,008.bathtub
data/raw/caltech256/256_ObjectCategories/008.bathtub/008_0092.jpg,7,008.bathtub
data/raw/caltech256/256_ObjectCategories/008.bathtub/008_0066.jpg,7,008.bathtub
data/raw/caltech256/256_ObjectCategories/008.bathtub/008_0069.jpg,7,008.bathtub
data/raw/caltech256/256_ObjectCategories/008.bathtub/008_0156.jpg,7,008.bathtub
data/raw/caltech256/256_ObjectCategories/008.bathtub/008_0062.jpg,7,008.bathtub
data/raw/caltech256/256_ObjectCategories/008.bathtub/008_0202.jpg,7,008.bathtub
data/raw/caltech256/256_ObjectCategories/008.bathtub/008_0141.jpg,7,008.bathtub
data/raw/caltech256/256_ObjectCategories/008.bathtub/008_0074.jpg,7,008.bathtub
data/raw/caltech256/256_ObjectCategories/008.bathtub/008_0220.jpg,7,008.bathtub
data/raw/caltech256/256_ObjectCategories/008.bathtub/008_0019.jpg,7,008.bathtub
data/raw/caltech256/256_ObjectCategories/008.bathtub/008_0021.jpg,7,008.bathtub
data/raw/caltech256/256_ObjectCategories/008.bathtub/008_0162.jpg,7,008.bathtub
data/raw/caltech256/256_ObjectCategories/008.bathtub/008_0222.jpg,7,008.bathtub
data/raw/caltech256/256_ObjectCategories/008.bathtub/008_0023.jpg,7,008.bathtub
data/raw/caltech256/256_ObjectCategories/008.bathtub/008_0033.jpg,7,008.bathtub
data/raw/caltech256/256_ObjectCategories/008.bathtub/008_0068.jpg,7,008.bathtub
data/raw/caltech256/256_ObjectCategories/008.bathtub/008_0046.jpg,7,008.bathtub
data/raw/caltech256/256_ObjectCategories/008.bathtub/008_0014.jpg,7,008.bathtub
data/raw/caltech256/256_ObjectCategories/008.bathtub/008_0098.jpg,7,008.bathtub
data/raw/caltech256/256_ObjectCategories/008.bathtub/008_0005.jpg,7,008.bathtub
data/raw/caltech256/256_ObjectCategories/008.bathtub/008_0147.jpg,7,008.bathtub
data/raw/caltech256/256_ObjectCategories/008.bathtub/008_0084.jpg,7,008.bathtub
data/raw/caltech256/256_ObjectCategories/008.bathtub/008_0182.jpg,7,008.bathtub
data/raw/caltech256/256_ObjectCategories/008.bathtub/008_0025.jpg,7,008.bathtub
data/raw/caltech256/256_ObjectCategories/008.bathtub/008_0148.jpg,7,008.bathtub
data/raw/caltech256/256_ObjectCategories/008.bathtub/008_0015.jpg,7,008.bathtub
data/raw/caltech256/256_ObjectCategories/008.bathtub/008_0198.jpg,7,008.bathtub
data/raw/caltech256/256_ObjectCategories/008.bathtub/008_0103.jpg,7,008.bathtub
data/raw/caltech256/256_ObjectCategories/008.bathtub/008_0135.jpg,7,008.bathtub
data/raw/caltech256/256_ObjectCategories/008.bathtub/008_0124.jpg,7,008.bathtub
data/raw/caltech256/256_ObjectCategories/008.bathtub/008_0024.jpg,7,008.bathtub
data/raw/caltech256/256_ObjectCategories/008.bathtub/008_0118.jpg,7,008.bathtub
data/raw/caltech256/256_ObjectCategories/008.bathtub/008_0179.jpg,7,008.bathtub
data/raw/caltech256/256_ObjectCategories/008.bathtub/008_0205.jpg,7,008.bathtub
data/raw/caltech256/256_ObjectCategories/008.bathtub/008_0043.jpg,7,008.bathtub
data/raw/caltech256/256_ObjectCategories/008.bathtub/008_0003.jpg,7,008.bathtub
data/raw/caltech256/256_ObjectCategories/008.bathtub/008_0082.jpg,7,008.bathtub
data/raw/caltech256/256_ObjectCategories/008.bathtub/008_0165.jpg,7,008.bathtub
data/raw/caltech256/256_ObjectCategories/008.bathtub/008_0083.jpg,7,008.bathtub
data/raw/caltech256/256_ObjectCategories/008.bathtub/008_0216.jpg,7,008.bathtub
data/raw/caltech256/256_ObjectCategories/008.bathtub/008_0096.jpg,7,008.bathtub
data/raw/caltech256/256_ObjectCategories/008.bathtub/008_0210.jpg,7,008.bathtub
data/raw/caltech256/256_ObjectCategories/008.bathtub/008_0190.jpg,7,008.bathtub
data/raw/caltech256/256_ObjectCategories/008.bathtub/008_0196.jpg,7,008.bathtub
data/raw/caltech256/256_ObjectCategories/008.bathtub/008_0099.jpg,7,008.bathtub
data/raw/caltech256/256_ObjectCategories/008.bathtub/008_0209.jpg,7,008.bathtub
data/raw/caltech256/256_ObjectCategories/008.bathtub/008_0206.jpg,7,008.bathtub
data/raw/caltech256/256_ObjectCategories/008.bathtub/008_0038.jpg,7,008.bathtub
data/raw/caltech256/256_ObjectCategories/008.bathtub/008_0169.jpg,7,008.bathtub
data/raw/caltech256/256_ObjectCategories/008.bathtub/008_0076.jpg,7,008.bathtub
data/raw/caltech256/256_ObjectCategories/008.bathtub/008_0113.jpg,7,008.bathtub
data/raw/caltech256/256_ObjectCategories/008.bathtub/008_0067.jpg,7,008.bathtub
data/raw/caltech256/256_ObjectCategories/008.bathtub/008_0010.jpg,7,008.bathtub
data/raw/caltech256/256_ObjectCategories/008.bathtub/008_0072.jpg,7,008.bathtub
data/raw/caltech256/256_ObjectCategories/008.bathtub/008_0150.jpg,7,008.bathtub
data/raw/caltech256/256_ObjectCategories/008.bathtub/008_0123.jpg,7,008.bathtub
data/raw/caltech256/256_ObjectCategories/008.bathtub/008_0149.jpg,7,008.bathtub
data/raw/caltech256/256_ObjectCategories/008.bathtub/008_0133.jpg,7,008.bathtub
data/raw/caltech256/256_ObjectCategories/008.bathtub/008_0112.jpg,7,008.bathtub
data/raw/caltech256/256_ObjectCategories/008.bathtub/008_0089.jpg,7,008.bathtub
data/raw/caltech256/256_ObjectCategories/008.bathtub/008_0119.jpg,7,008.bathtub
data/raw/caltech256/256_ObjectCategories/008.bathtub/008_0063.jpg,7,008.bathtub
data/raw/caltech256/256_ObjectCategories/008.bathtub/008_0218.jpg,7,008.bathtub
data/raw/caltech256/256_ObjectCategories/008.bathtub/008_0134.jpg,7,008.bathtub
data/raw/caltech256/256_ObjectCategories/008.bathtub/008_0214.jpg,7,008.bathtub
data/raw/caltech256/256_ObjectCategories/008.bathtub/008_0042.jpg,7,008.bathtub
data/raw/caltech256/256_ObjectCategories/008.bathtub/008_0055.jpg,7,008.bathtub
data/raw/caltech256/256_ObjectCategories/008.bathtub/008_0011.jpg,7,008.bathtub
data/raw/caltech256/256_ObjectCategories/008.bathtub/008_0137.jpg,7,008.bathtub
data/raw/caltech256/256_ObjectCategories/008.bathtub/008_0159.jpg,7,008.bathtub
data/raw/caltech256/256_ObjectCategories/008.bathtub/008_0073.jpg,7,008.bathtub
data/raw/caltech256/256_ObjectCategories/008.bathtub/008_0049.jpg,7,008.bathtub
data/raw/caltech256/256_ObjectCategories/008.bathtub/008_0086.jpg,7,008.bathtub
data/raw/caltech256/256_ObjectCategories/008.bathtub/008_0028.jpg,7,008.bathtub
data/raw/caltech256/256_ObjectCategories/008.bathtub/008_0160.jpg,7,008.bathtub
data/raw/caltech256/256_ObjectCategories/008.bathtub/008_0121.jpg,7,008.bathtub
data/raw/caltech256/256_ObjectCategories/008.bathtub/008_0158.jpg,7,008.bathtub
data/raw/caltech256/256_ObjectCategories/008.bathtub/008_0034.jpg,7,008.bathtub
data/raw/caltech256/256_ObjectCategories/008.bathtub/008_0020.jpg,7,008.bathtub
data/raw/caltech256/256_ObjectCategories/008.bathtub/008_0030.jpg,7,008.bathtub
data/raw/caltech256/256_ObjectCategories/009.bear/009_0030.jpg,8,009.bear
data/raw/caltech256/256_ObjectCategories/009.bear/009_0092.jpg,8,009.bear
data/raw/caltech256/256_ObjectCategories/009.bear/009_0077.jpg,8,009.bear
data/raw/caltech256/256_ObjectCategories/009.bear/009_0054.jpg,8,009.bear
data/raw/caltech256/256_ObjectCategories/009.bear/009_0007.jpg,8,009.bear
data/raw/caltech256/256_ObjectCategories/009.bear/009_0015.jpg,8,009.bear
data/raw/caltech256/256_ObjectCategories/009.bear/009_0062.jpg,8,009.bear
data/raw/caltech256/256_ObjectCategories/009.bear/009_0046.jpg,8,009.bear
data/raw/caltech256/256_ObjectCategories/009.bear/009_0086.jpg,8,009.bear
data/raw/caltech256/256_ObjectCategories/009.bear/009_0024.jpg,8,009.bear
data/raw/caltech256/256_ObjectCategories/009.bear/009_0076.jpg,8,009.bear
data/raw/caltech256/256_ObjectCategories/009.bear/009_0011.jpg,8,009.bear
data/raw/caltech256/256_ObjectCategories/009.bear/009_0095.jpg,8,009.bear
data/raw/caltech256/256_ObjectCategories/009.bear/009_0078.jpg,8,009.bear
data/raw/caltech256/256_ObjectCategories/009.bear/009_0099.jpg,8,009.bear
data/raw/caltech256/256_ObjectCategories/009.bear/009_0097.jpg,8,009.bear
data/raw/caltech256/256_ObjectCategories/009.bear/009_0043.jpg,8,009.bear
data/raw/caltech256/256_ObjectCategories/009.bear/009_0013.jpg,8,009.bear
data/raw/caltech256/256_ObjectCategories/009.bear/009_0038.jpg,8,009.bear
data/raw/caltech256/256_ObjectCategories/009.bear/009_0080.jpg,8,009.bear
data/raw/caltech256/256_ObjectCategories/009.bear/009_0002.jpg,8,009.bear
data/raw/caltech256/256_ObjectCategories/009.bear/009_0065.jpg,8,009.bear
data/raw/caltech256/256_ObjectCategories/009.bear/009_0049.jpg,8,009.bear
data/raw/caltech256/256_ObjectCategories/009.bear/009_0035.jpg,8,009.bear
data/raw/caltech256/256_ObjectCategories/009.bear/009_0025.jpg,8,009.bear
data/raw/caltech256/256_ObjectCategories/009.bear/009_0061.jpg,8,009.bear
data/raw/caltech256/256_ObjectCategories/009.bear/009_0064.jpg,8,009.bear
data/raw/caltech256/256_ObjectCategories/009.bear/009_0057.jpg,8,009.bear
data/raw/caltech256/256_ObjectCategories/009.bear/009_0090.jpg,8,009.bear
data/raw/caltech256/256_ObjectCategories/009.bear/009_0040.jpg,8,009.bear
data/raw/caltech256/256_ObjectCategories/009.bear/009_0060.jpg,8,009.bear
data/raw/caltech256/256_ObjectCategories/009.bear/009_0068.jpg,8,009.bear
data/raw/caltech256/256_ObjectCategories/009.bear/009_0036.jpg,8,009.bear
data/raw/caltech256/256_ObjectCategories/009.bear/009_0026.jpg,8,009.bear
data/raw/caltech256/256_ObjectCategories/009.bear/009_0069.jpg,8,009.bear
data/raw/caltech256/256_ObjectCategories/009.bear/009_0039.jpg,8,009.bear
data/raw/caltech256/256_ObjectCategories/010.beer-mug/010_0074.jpg,9,010.beer-mug
data/raw/caltech256/256_ObjectCategories/010.beer-mug/010_0089.jpg,9,010.beer-mug
data/raw/caltech256/256_ObjectCategories/010.beer-mug/010_0020.jpg,9,010.beer-mug
data/raw/caltech256/256_ObjectCategories/010.beer-mug/010_0030.jpg,9,010.beer-mug
data/raw/caltech256/256_ObjectCategories/010.beer-mug/010_0041.jpg,9,010.beer-mug
data/raw/caltech256/256_ObjectCategories/010.beer-mug/010_0052.jpg,9,010.beer-mug
data/raw/caltech256/256_ObjectCategories/010.beer-mug/010_0001.jpg,9,010.beer-mug
data/raw/caltech256/256_ObjectCategories/010.beer-mug/010_0060.jpg,9,010.beer-mug
data/raw/caltech256/256_ObjectCategories/010.beer-mug/010_0043.jpg,9,010.beer-mug
data/raw/caltech256/256_ObjectCategories/010.beer-mug/010_0019.jpg,9,010.beer-mug
data/raw/caltech256/256_ObjectCategories/010.beer-mug/010_0087.jpg,9,010.beer-mug
data/raw/caltech256/256_ObjectCategories/010.beer-mug/010_0044.jpg,9,010.beer-mug
data/raw/caltech256/256_ObjectCategories/010.beer-mug/010_0064.jpg,9,010.beer-mug
data/raw/caltech256/256_ObjectCategories/010.beer-mug/010_0037.jpg,9,010.beer-mug
data/raw/caltech256/256_ObjectCategories/010.beer-mug/010_0039.jpg,9,010.beer-mug
data/raw/caltech256/256_ObjectCategories/010.beer-mug/010_0017.jpg,9,010.beer-mug
data/raw/caltech256/256_ObjectCategories/010.beer-mug/010_0092.jpg,9,010.beer-mug
data/raw/caltech256/256_ObjectCategories/010.beer-mug/010_0062.jpg,9,010.beer-mug
data/raw/caltech256/256_ObjectCategories/010.beer-mug/010_0038.jpg,9,010.beer-mug
data/raw/caltech256/256_ObjectCategories/010.beer-mug/010_0073.jpg,9,010.beer-mug
data/raw/caltech256/256_ObjectCategories/010.beer-mug/010_0081.jpg,9,010.beer-mug
data/raw/caltech256/256_ObjectCategories/010.beer-mug/010_0079.jpg,9,010.beer-mug
data/raw/caltech256/256_ObjectCategories/010.beer-mug/010_0006.jpg,9,010.beer-mug
data/raw/caltech256/256_ObjectCategories/010.beer-mug/010_0065.jpg,9,010.beer-mug
data/raw/caltech256/256_ObjectCategories/010.beer-mug/010_0024.jpg,9,010.beer-mug
data/raw/caltech256/256_ObjectCategories/010.beer-mug/010_0071.jpg,9,010.beer-mug
data/raw/caltech256/256_ObjectCategories/010.beer-mug/010_0093.jpg,9,010.beer-mug
data/raw/caltech256/256_ObjectCategories/010.beer-mug/010_0009.jpg,9,010.beer-mug
data/raw/caltech256/256_ObjectCategories/010.beer-mug/010_0067.jpg,9,010.beer-mug
data/raw/caltech256/256_ObjectCategories/010.beer-mug/010_0053.jpg,9,010.beer-mug
data/raw/caltech256/256_ObjectCategories/010.beer-mug/010_0036.jpg,9,010.beer-mug
data/raw/caltech256/256_ObjectCategories/010.beer-mug/010_0090.jpg,9,010.beer-mug
data/raw/caltech256/256_ObjectCategories/010.beer-mug/010_0077.jpg,9,010.beer-mug
data/raw/caltech256/256_ObjectCategories/011.billiards/011_0130.jpg,10,011.billiards
data/raw/caltech256/256_ObjectCategories/011.billiards/011_0243.jpg,10,011.billiards
data/raw/caltech256/256_ObjectCategories/011.billiards/011_0136.jpg,10,011.billiards
data/raw/caltech256/256_ObjectCategories/011.billiards/011_0252.jpg,10,011.billiards
data/raw/caltech256/256_ObjectCategories/011.billiards/011_0220.jpg,10,011.billiards
data/raw/caltech256/256_ObjectCategories/011.billiards/011_0012.jpg,10,011.billiards
data/raw/caltech256/256_ObjectCategories/011.billiards/011_0271.jpg,10,011.billiards
data/raw/caltech256/256_ObjectCategories/011.billiards/011_0207.jpg,10,011.billiards
data/raw/caltech256/256_ObjectCategories/011.billiards/011_0272.jpg,10,011.billiards
data/raw/caltech256/256_ObjectCategories/011.billiards/011_0027.jpg,10,011.billiards
data/raw/caltech256/256_ObjectCategories/011.billiards/011_0103.jpg,10,011.billiards
data/raw/caltech256/256_ObjectCategories/011.billiards/011_0154.jpg,10,011.billiards
data/raw/caltech256/256_ObjectCategories/011.billiards/011_0190.jpg,10,011.billiards
data/raw/caltech256/256_ObjectCategories/011.billiards/011_0185.jpg,10,011.billiards
data/raw/caltech256/256_ObjectCategories/011.billiards/011_0032.jpg,10,011.billiards
data/raw/caltech256/256_ObjectCategories/011.billiards/011_0275.jpg,10,011.billiards
data/raw/caltech256/256_ObjectCategories/011.billiards/011_0073.jpg,10,011.billiards
data/raw/caltech256/256_ObjectCategories/011.billiards/011_0072.jpg,10,011.billiards
data/raw/caltech256/256_ObjectCategories/011.billiards/011_0006.jpg,10,011.billiards
data/raw/caltech256/256_ObjectCategories/011.billiards/011_0230.jpg,10,011.billiards
data/raw/caltech256/256_ObjectCategories/011.billiards/011_0104.jpg,10,011.billiards
data/raw/caltech256/256_ObjectCategories/011.billiards/011_0089.jpg,10,011.billiards
data/raw/caltech256/256_ObjectCategories/011.billiards/011_0118.jpg,10,011.billiards
data/raw/caltech256/256_ObjectCategories/011.billiards/011_0024.jpg,10,011.billiards
data/raw/caltech256/256_ObjectCategories/011.billiards/011_0269.jpg,10,011.billiards
data/raw/caltech256/256_ObjectCategories/011.billiards/011_0079.jpg,10,011.billiards
data/raw/caltech256/256_ObjectCategories/011.billiards/011_0206.jpg,10,011.billiards
data/raw/caltech256/256_ObjectCategories/011.billiards/011_0145.jpg,10,011.billiards
data/raw/caltech256/256_ObjectCategories/011.billiards/011_0041.jpg,10,011.billiards
data/raw/caltech256/256_ObjectCategories/011.billiards/011_0239.jpg,10,011.billiards
data/raw/caltech256/256_ObjectCategories/011.billiards/011_0004.jpg,10,011.billiards
data/raw/caltech256/256_ObjectCategories/011.billiards/011_0169.jpg,10,011.billiards
data/raw/caltech256/256_ObjectCategories/011.billiards/011_0052.jpg,10,011.billiards
data/raw/caltech256/256_ObjectCategories/011.billiards/011_0113.jpg,10,011.billiards
data/raw/caltech256/256_ObjectCategories/011.billiards/011_0125.jpg,10,011.billiards
data/raw/caltech256/256_ObjectCategories/011.billiards/011_0021.jpg,10,011.billiards
data/raw/caltech256/256_ObjectCategories/011.billiards/011_0198.jpg,10,011.billiards
data/raw/caltech256/256_ObjectCategories/011.billiards/011_0211.jpg,10,011.billiards
data/raw/caltech256/256_ObjectCategories/011.billiards/011_0173.jpg,10,011.billiards
data/raw/caltech256/256_ObjectCategories/011.billiards/011_0143.jpg,10,011.billiards
data/raw/caltech256/256_ObjectCategories/011.billiards/011_0265.jpg,10,011.billiards
data/raw/caltech256/256_ObjectCategories/011.billiards/011_0164.jpg,10,011.billiards
data/raw/caltech256/256_ObjectCategories/011.billiards/011_0242.jpg,10,011.billiards
data/raw/caltech256/256_ObjectCategories/011.billiards/011_0166.jpg,10,011.billiards
data/raw/caltech256/256_ObjectCategories/011.billiards/011_0227.jpg,10,011.billiards
data/raw/caltech256/256_ObjectCategories/011.billiards/011_0085.jpg,10,011.billiards
data/raw/caltech256/256_ObjectCategories/011.billiards/011_0132.jpg,10,011.billiards
data/raw/caltech256/256_ObjectCategories/011.billiards/011_0064.jpg,10,011.billiards
data/raw/caltech256/256_ObjectCategories/011.billiards/011_0229.jpg,10,011.billiards
data/raw/caltech256/256_ObjectCategories/011.billiards/011_0061.jpg,10,011.billiards
data/raw/caltech256/256_ObjectCategories/011.billiards/011_0028.jpg,10,011.billiards
data/raw/caltech256/256_ObjectCategories/011.billiards/011_0141.jpg,10,011.billiards
data/raw/caltech256/256_ObjectCategories/011.billiards/011_0221.jpg,10,011.billiards
data/raw/caltech256/256_ObjectCategories/011.billiards/011_0056.jpg,10,011.billiards
data/raw/caltech256/256_ObjectCategories/011.billiards/011_0140.jpg,10,011.billiards
data/raw/caltech256/256_ObjectCategories/011.billiards/011_0148.jpg,10,011.billiards
data/raw/caltech256/256_ObjectCategories/011.billiards/011_0077.jpg,10,011.billiards
data/raw/caltech256/256_ObjectCategories/011.billiards/011_0216.jpg,10,011.billiards
data/raw/caltech256/256_ObjectCategories/011.billiards/011_0218.jpg,10,011.billiards
data/raw/caltech256/256_ObjectCategories/011.billiards/011_0214.jpg,10,011.billiards
data/raw/caltech256/256_ObjectCategories/011.billiards/011_0039.jpg,10,011.billiards
data/raw/caltech256/256_ObjectCategories/011.billiards/011_0158.jpg,10,011.billiards
data/raw/caltech256/256_ObjectCategories/011.billiards/011_0002.jpg,10,011.billiards
data/raw/caltech256/256_ObjectCategories/011.billiards/011_0176.jpg,10,011.billiards
data/raw/caltech256/256_ObjectCategories/011.billiards/011_0055.jpg,10,011.billiards
data/raw/caltech256/256_ObjectCategories/011.billiards/011_0078.jpg,10,011.billiards
data/raw/caltech256/256_ObjectCategories/011.billiards/011_0202.jpg,10,011.billiards
data/raw/caltech256/256_ObjectCategories/011.billiards/011_0262.jpg,10,011.billiards
data/raw/caltech256/256_ObjectCategories/011.billiards/011_0062.jpg,10,011.billiards
data/raw/caltech256/256_ObjectCategories/011.billiards/011_0091.jpg,10,011.billiards
data/raw/caltech256/256_ObjectCategories/011.billiards/011_0070.jpg,10,011.billiards
data/raw/caltech256/256_ObjectCategories/011.billiards/011_0042.jpg,10,011.billiards
data/raw/caltech256/256_ObjectCategories/011.billiards/011_0081.jpg,10,011.billiards
data/raw/caltech256/256_ObjectCategories/011.billiards/011_0263.jpg,10,011.billiards
data/raw/caltech256/256_ObjectCategories/011.billiards/011_0084.jpg,10,011.billiards
data/raw/caltech256/256_ObjectCategories/011.billiards/011_0129.jpg,10,011.billiards
data/raw/caltech256/256_ObjectCategories/011.billiards/011_0057.jpg,10,011.billiards
data/raw/caltech256/256_ObjectCategories/011.billiards/011_0150.jpg,10,011.billiards
data/raw/caltech256/256_ObjectCategories/011.billiards/011_0253.jpg,10,011.billiards
data/raw/caltech256/256_ObjectCategories/011.billiards/011_0127.jpg,10,011.billiards
data/raw/caltech256/256_ObjectCategories/011.billiards/011_0066.jpg,10,011.billiards
data/raw/caltech256/256_ObjectCategories/011.billiards/011_0017.jpg,10,011.billiards
data/raw/caltech256/256_ObjectCategories/011.billiards/011_0025.jpg,10,011.billiards
data/raw/caltech256/256_ObjectCategories/011.billiards/011_0058.jpg,10,011.billiards
data/raw/caltech256/256_ObjectCategories/011.billiards/011_0040.jpg,10,011.billiards
data/raw/caltech256/256_ObjectCategories/011.billiards/011_0106.jpg,10,011.billiards
data/raw/caltech256/256_ObjectCategories/011.billiards/011_0233.jpg,10,011.billiards
data/raw/caltech256/256_ObjectCategories/011.billiards/011_0015.jpg,10,011.billiards
data/raw/caltech256/256_ObjectCategories/011.billiards/011_0065.jpg,10,011.billiards
data/raw/caltech256/256_ObjectCategories/011.billiards/011_0037.jpg,10,011.billiards
data/raw/caltech256/256_ObjectCategories/011.billiards/011_0112.jpg,10,011.billiards
data/raw/caltech256/256_ObjectCategories/011.billiards/011_0117.jpg,10,011.billiards
data/raw/caltech256/256_ObjectCategories/011.billiards/011_0248.jpg,10,011.billiards
data/raw/caltech256/256_ObjectCategories/011.billiards/011_0122.jpg,10,011.billiards
data/raw/caltech256/256_ObjectCategories/011.billiards/011_0110.jpg,10,011.billiards
data/raw/caltech256/256_ObjectCategories/011.billiards/011_0001.jpg,10,011.billiards
data/raw/caltech256/256_ObjectCategories/011.billiards/011_0276.jpg,10,011.billiards
data/raw/caltech256/256_ObjectCategories/012.binoculars/012_0197.jpg,11,012.binoculars
data/raw/caltech256/256_ObjectCategories/012.binoculars/012_0122.jpg,11,012.binoculars
data/raw/caltech256/256_ObjectCategories/012.binoculars/012_0058.jpg,11,012.binoculars
data/raw/caltech256/256_ObjectCategories/012.binoculars/012_0146.jpg,11,012.binoculars
data/raw/caltech256/256_ObjectCategories/012.binoculars/012_0110.jpg,11,012.binoculars
data/raw/caltech256/256_ObjectCategories/012.binoculars/012_0175.jpg,11,012.binoculars
data/raw/caltech256/256_ObjectCategories/012.binoculars/012_0183.jpg,11,012.binoculars
data/raw/caltech256/256_ObjectCategories/012.binoculars/012_0050.jpg,11,012.binoculars
data/raw/caltech256/256_ObjectCategories/012.binoculars/012_0148.jpg,11,012.binoculars
data/raw/caltech256/256_ObjectCategories/012.binoculars/012_0036.jpg,11,012.binoculars
data/raw/caltech256/256_ObjectCategories/012.binoculars/012_0196.jpg,11,012.binoculars
data/raw/caltech256/256_ObjectCategories/012.binoculars/012_0144.jpg,11,012.binoculars
data/raw/caltech256/256_ObjectCategories/012.binoculars/012_0043.jpg,11,012.binoculars
data/raw/caltech256/256_ObjectCategories/012.binoculars/012_0194.jpg,11,012.binoculars
data/raw/caltech256/256_ObjectCategories/012.binoculars/012_0173.jpg,11,012.binoculars
data/raw/caltech256/256_ObjectCategories/012.binoculars/012_0124.jpg,11,012.binoculars
data/raw/caltech256/256_ObjectCategories/012.binoculars/012_0038.jpg,11,012.binoculars
data/raw/caltech256/256_ObjectCategories/012.binoculars/012_0048.jpg,11,012.binoculars
data/raw/caltech256/256_ObjectCategories/012.binoculars/012_0188.jpg,11,012.binoculars
data/raw/caltech256/256_ObjectCategories/012.binoculars/012_0034.jpg,11,012.binoculars
data/raw/caltech256/256_ObjectCategories/012.binoculars/012_0147.jpg,11,012.binoculars
data/raw/caltech256/256_ObjectCategories/012.binoculars/012_0134.jpg,11,012.binoculars
data/raw/caltech256/256_ObjectCategories/012.binoculars/012_0047.jpg,11,012.binoculars
data/raw/caltech256/256_ObjectCategories/012.binoculars/012_0213.jpg,11,012.binoculars
data/raw/caltech256/256_ObjectCategories/012.binoculars/012_0177.jpg,11,012.binoculars
data/raw/caltech256/256_ObjectCategories/012.binoculars/012_0055.jpg,11,012.binoculars
data/raw/caltech256/256_ObjectCategories/012.binoculars/012_0215.jpg,11,012.binoculars
data/raw/caltech256/256_ObjectCategories/012.binoculars/012_0113.jpg,11,012.binoculars
data/raw/caltech256/256_ObjectCategories/012.binoculars/012_0166.jpg,11,012.binoculars
data/raw/caltech256/256_ObjectCategories/012.binoculars/012_0059.jpg,11,012.binoculars
data/raw/caltech256/256_ObjectCategories/012.binoculars/012_0127.jpg,11,012.binoculars
data/raw/caltech256/256_ObjectCategories/012.binoculars/012_0189.jpg,11,012.binoculars
data/raw/caltech256/256_ObjectCategories/012.binoculars/012_0106.jpg,11,012.binoculars
data/raw/caltech256/256_ObjectCategories/012.binoculars/012_0112.jpg,11,012.binoculars
data/raw/caltech256/256_ObjectCategories/012.binoculars/012_0007.jpg,11,012.binoculars
data/raw/caltech256/256_ObjectCategories/012.binoculars/012_0069.jpg,11,012.binoculars
data/raw/caltech256/256_ObjectCategories/012.binoculars/012_0131.jpg,11,012.binoculars
data/raw/caltech256/256_ObjectCategories/012.binoculars/012_0115.jpg,11,012.binoculars
data/raw/caltech256/256_ObjectCategories/012.binoculars/012_0025.jpg,11,012.binoculars
data/raw/caltech256/256_ObjectCategories/012.binoculars/012_0073.jpg,11,012.binoculars
data/raw/caltech256/256_ObjectCategories/012.binoculars/012_0016.jpg,11,012.binoculars
data/raw/caltech256/256_ObjectCategories/012.binoculars/012_0022.jpg,11,012.binoculars
data/raw/caltech256/256_ObjectCategories/012.binoculars/012_0168.jpg,11,012.binoculars
data/raw/caltech256/256_ObjectCategories/012.binoculars/012_0199.jpg,11,012.binoculars
data/raw/caltech256/256_ObjectCategories/012.binoculars/012_0192.jpg,11,012.binoculars
data/raw/caltech256/256_ObjectCategories/012.binoculars/012_0067.jpg,11,012.binoculars
data/raw/caltech256/256_ObjectCategories/012.binoculars/012_0208.jpg,11,012.binoculars
data/raw/caltech256/256_ObjectCategories/012.binoculars/012_0026.jpg,11,012.binoculars
data/raw/caltech256/256_ObjectCategories/012.binoculars/012_0027.jpg,11,012.binoculars
data/raw/caltech256/256_ObjectCategories/012.binoculars/012_0028.jpg,11,012.binoculars
data/raw/caltech256/256_ObjectCategories/012.binoculars/012_0054.jpg,11,012.binoculars
data/raw/caltech256/256_ObjectCategories/012.binoculars/012_0156.jpg,11,012.binoculars
data/raw/caltech256/256_ObjectCategories/012.binoculars/012_0084.jpg,11,012.binoculars
data/raw/caltech256/256_ObjectCategories/012.binoculars/012_0133.jpg,11,012.binoculars
data/raw/caltech256/256_ObjectCategories/012.binoculars/012_0010.jpg,11,012.binoculars
data/raw/caltech256/256_ObjectCategories/012.binoculars/012_0014.jpg,11,012.binoculars
data/raw/caltech256/256_ObjectCategories/012.binoculars/012_0092.jpg,11,012.binoculars
data/raw/caltech256/256_ObjectCategories/012.binoculars/012_0041.jpg,11,012.binoculars
data/raw/caltech256/256_ObjectCategories/012.binoculars/012_0079.jpg,11,012.binoculars
data/raw/caltech256/256_ObjectCategories/012.binoculars/012_0103.jpg,11,012.binoculars
data/raw/caltech256/256_ObjectCategories/012.binoculars/012_0045.jpg,11,012.binoculars
data/raw/caltech256/256_ObjectCategories/012.binoculars/012_0017.jpg,11,012.binoculars
data/raw/caltech256/256_ObjectCategories/012.binoculars/012_0205.jpg,11,012.binoculars
data/raw/caltech256/256_ObjectCategories/012.binoculars/012_0019.jpg,11,012.binoculars
data/raw/caltech256/256_ObjectCategories/012.binoculars/012_0209.jpg,11,012.binoculars
data/raw/caltech256/256_ObjectCategories/012.binoculars/012_0108.jpg,11,012.binoculars
data/raw/caltech256/256_ObjectCategories/012.binoculars/012_0211.jpg,11,012.binoculars
data/raw/caltech256/256_ObjectCategories/012.binoculars/012_0053.jpg,11,012.binoculars
data/raw/caltech256/256_ObjectCategories/012.binoculars/012_0163.jpg,11,012.binoculars
data/raw/caltech256/256_ObjectCategories/012.binoculars/012_0011.jpg,11,012.binoculars
data/raw/caltech256/256_ObjectCategories/012.binoculars/012_0182.jpg,11,012.binoculars
data/raw/caltech256/256_ObjectCategories/012.binoculars/012_0018.jpg,11,012.binoculars
data/raw/caltech256/256_ObjectCategories/012.binoculars/012_0063.jpg,11,012.binoculars
data/raw/caltech256/256_ObjectCategories/012.binoculars/012_0121.jpg,11,012.binoculars
data/raw/caltech256/256_ObjectCategories/012.binoculars/012_0201.jpg,11,012.binoculars
data/raw/caltech256/256_ObjectCategories/012.binoculars/012_0162.jpg,11,012.binoculars
data/raw/caltech256/256_ObjectCategories/013.birdbath/013_0027.jpg,12,013.birdbath
data/raw/caltech256/256_ObjectCategories/013.birdbath/013_0040.jpg,12,013.birdbath
data/raw/caltech256/256_ObjectCategories/013.birdbath/013_0024.jpg,12,013.birdbath
data/raw/caltech256/256_ObjectCategories/013.birdbath/013_0093.jpg,12,013.birdbath
data/raw/caltech256/256_ObjectCategories/013.birdbath/013_0079.jpg,12,013.birdbath
data/raw/caltech256/256_ObjectCategories/013.birdbath/013_0020.jpg,12,013.birdbath
data/raw/caltech256/256_ObjectCategories/013.birdbath/013_0022.jpg,12,013.birdbath
data/raw/caltech256/256_ObjectCategories/013.birdbath/013_0061.jpg,12,013.birdbath
data/raw/caltech256/256_ObjectCategories/013.birdbath/013_0091.jpg,12,013.birdbath
data/raw/caltech256/256_ObjectCategories/013.birdbath/013_0082.jpg,12,013.birdbath
data/raw/caltech256/256_ObjectCategories/013.birdbath/013_0031.jpg,12,013.birdbath
data/raw/caltech256/256_ObjectCategories/013.birdbath/013_0002.jpg,12,013.birdbath
data/raw/caltech256/256_ObjectCategories/013.birdbath/013_0010.jpg,12,013.birdbath
data/raw/caltech256/256_ObjectCategories/013.birdbath/013_0074.jpg,12,013.birdbath
data/raw/caltech256/256_ObjectCategories/013.birdbath/013_0017.jpg,12,013.birdbath
data/raw/caltech256/256_ObjectCategories/013.birdbath/013_0011.jpg,12,013.birdbath
data/raw/caltech256/256_ObjectCategories/013.birdbath/013_0045.jpg,12,013.birdbath
data/raw/caltech256/256_ObjectCategories/013.birdbath/013_0016.jpg,12,013.birdbath
data/raw/caltech256/256_ObjectCategories/013.birdbath/013_0065.jpg,12,013.birdbath
data/raw/caltech256/256_ObjectCategories/013.birdbath/013_0018.jpg,12,013.birdbath
data/raw/caltech256/256_ObjectCategories/013.birdbath/013_0041.jpg,12,013.birdbath
data/raw/caltech256/256_ObjectCategories/013.birdbath/013_0042.jpg,12,013.birdbath
data/raw/caltech256/256_ObjectCategories/013.birdbath/013_0033.jpg,12,013.birdbath
data/raw/caltech256/256_ObjectCategories/013.birdbath/013_0053.jpg,12,013.birdbath
data/raw/caltech256/256_ObjectCategories/013.birdbath/013_0087.jpg,12,013.birdbath
data/raw/caltech256/256_ObjectCategories/013.birdbath/013_0060.jpg,12,013.birdbath
data/raw/caltech256/256_ObjectCategories/013.birdbath/013_0058.jpg,12,013.birdbath
data/raw/caltech256/256_ObjectCategories/013.birdbath/013_0085.jpg,12,013.birdbath
data/raw/caltech256/256_ObjectCategories/013.birdbath/013_0052.jpg,12,013.birdbath
data/raw/caltech256/256_ObjectCategories/013.birdbath/013_0038.jpg,12,013.birdbath
data/raw/caltech256/256_ObjectCategories/013.birdbath/013_0047.jpg,12,013.birdbath
data/raw/caltech256/256_ObjectCategories/013.birdbath/013_0090.jpg,12,013.birdbath
data/raw/caltech256/256_ObjectCategories/013.birdbath/013_0064.jpg,12,013.birdbath
data/raw/caltech256/256_ObjectCategories/013.birdbath/013_0036.jpg,12,013.birdbath
data/raw/caltech256/256_ObjectCategories/014.blimp/014_0060.jpg,13,014.blimp
data/raw/caltech256/256_ObjectCategories/014.blimp/014_0026.jpg,13,014.blimp
data/raw/caltech256/256_ObjectCategories/014.blimp/014_0082.jpg,13,014.blimp
data/raw/caltech256/256_ObjectCategories/014.blimp/014_0030.jpg,13,014.blimp
data/raw/caltech256/256_ObjectCategories/014.blimp/014_0073.jpg,13,014.blimp
data/raw/caltech256/256_ObjectCategories/014.blimp/014_0041.jpg,13,014.blimp
data/raw/caltech256/256_ObjectCategories/014.blimp/014_0035.jpg,13,014.blimp
data/raw/caltech256/256_ObjectCategories/014.blimp/014_0063.jpg,13,014.blimp
data/raw/caltech256/256_ObjectCategories/014.blimp/014_0024.jpg,13,014.blimp
data/raw/caltech256/256_ObjectCategories/014.blimp/014_0059.jpg,13,014.blimp
data/raw/caltech256/256_ObjectCategories/014.blimp/014_0004.jpg,13,014.blimp
data/raw/caltech256/256_ObjectCategories/014.blimp/014_0054.jpg,13,014.blimp
data/raw/caltech256/256_ObjectCategories/014.blimp/014_0017.jpg,13,014.blimp
data/raw/caltech256/256_ObjectCategories/014.blimp/014_0052.jpg,13,014.blimp
data/raw/caltech256/256_ObjectCategories/014.blimp/014_0084.jpg,13,014.blimp
data/raw/caltech256/256_ObjectCategories/014.blimp/014_0066.jpg,13,014.blimp
data/raw/caltech256/256_ObjectCategories/014.blimp/014_0068.jpg,13,014.blimp
data/raw/caltech256/256_ObjectCategories/014.blimp/014_0039.jpg,13,014.blimp
data/raw/caltech256/256_ObjectCategories/014.blimp/014_0032.jpg,13,014.blimp
data/raw/caltech256/256_ObjectCategories/014.blimp/014_0021.jpg,13,014.blimp
data/raw/caltech256/256_ObjectCategories/014.blimp/014_0044.jpg,13,014.blimp
data/raw/caltech256/256_ObjectCategories/014.blimp/014_0033.jpg,13,014.blimp
data/raw/caltech256/256_ObjectCategories/014.blimp/014_0034.jpg,13,014.blimp
data/raw/caltech256/256_ObjectCategories/014.blimp/014_0071.jpg,13,014.blimp
data/raw/caltech256/256_ObjectCategories/014.blimp/014_0006.jpg,13,014.blimp
data/raw/caltech256/256_ObjectCategories/014.blimp/014_0058.jpg,13,014.blimp
data/raw/caltech256/256_ObjectCategories/014.blimp/014_0031.jpg,13,014.blimp
data/raw/caltech256/256_ObjectCategories/014.blimp/014_0076.jpg,13,014.blimp
data/raw/caltech256/256_ObjectCategories/014.blimp/014_0072.jpg,13,014.blimp
data/raw/caltech256/256_ObjectCategories/014.blimp/014_0029.jpg,13,014.blimp
data/raw/caltech256/256_ObjectCategories/015.bonsai-101/015_0098.jpg,14,015.bonsai-101
data/raw/caltech256/256_ObjectCategories/015.bonsai-101/015_0054.jpg,14,015.bonsai-101
data/raw/caltech256/256_ObjectCategories/015.bonsai-101/015_0058.jpg,14,015.bonsai-101
data/raw/caltech256/256_ObjectCategories/015.bonsai-101/015_0102.jpg,14,015.bonsai-101
data/raw/caltech256/256_ObjectCategories/015.bonsai-101/015_0019.jpg,14,015.bonsai-101
data/raw/caltech256/256_ObjectCategories/015.bonsai-101/015_0029.jpg,14,015.bonsai-101
data/raw/caltech256/256_ObjectCategories/015.bonsai-101/015_0065.jpg,14,015.bonsai-101
data/raw/caltech256/256_ObjectCategories/015.bonsai-101/015_0025.jpg,14,015.bonsai-101
data/raw/caltech256/256_ObjectCategories/015.bonsai-101/015_0121.jpg,14,015.bonsai-101
data/raw/caltech256/256_ObjectCategories/015.bonsai-101/015_0093.jpg,14,015.bonsai-101
data/raw/caltech256/256_ObjectCategories/015.bonsai-101/015_0010.jpg,14,015.bonsai-101
data/raw/caltech256/256_ObjectCategories/015.bonsai-101/015_0043.jpg,14,015.bonsai-101
data/raw/caltech256/256_ObjectCategories/015.bonsai-101/015_0086.jpg,14,015.bonsai-101
data/raw/caltech256/256_ObjectCategories/015.bonsai-101/015_0064.jpg,14,015.bonsai-101
data/raw/caltech256/256_ObjectCategories/015.bonsai-101/015_0055.jpg,14,015.bonsai-101
data/raw/caltech256/256_ObjectCategories/015.bonsai-101/015_0096.jpg,14,015.bonsai-101
data/raw/caltech256/256_ObjectCategories/015.bonsai-101/015_0097.jpg,14,015.bonsai-101
data/raw/caltech256/256_ObjectCategories/015.bonsai-101/015_0002.jpg,14,015.bonsai-101
data/raw/caltech256/256_ObjectCategories/015.bonsai-101/015_0089.jpg,14,015.bonsai-101
data/raw/caltech256/256_ObjectCategories/015.bonsai-101/015_0014.jpg,14,015.bonsai-101
data/raw/caltech256/256_ObjectCategories/015.bonsai-101/015_0033.jpg,14,015.bonsai-101
data/raw/caltech256/256_ObjectCategories/015.bonsai-101/015_0075.jpg,14,015.bonsai-101
data/raw/caltech256/256_ObjectCategories/015.bonsai-101/015_0117.jpg,14,015.bonsai-101
data/raw/caltech256/256_ObjectCategories/015.bonsai-101/015_0004.jpg,14,015.bonsai-101
data/raw/caltech256/256_ObjectCategories/015.bonsai-101/015_0021.jpg,14,015.bonsai-101
data/raw/caltech256/256_ObjectCategories/015.bonsai-101/015_0090.jpg,14,015.bonsai-101
data/raw/caltech256/256_ObjectCategories/015.bonsai-101/015_0039.jpg,14,015.bonsai-101
data/raw/caltech256/256_ObjectCategories/015.bonsai-101/015_0062.jpg,14,015.bonsai-101
data/raw/caltech256/256_ObjectCategories/015.bonsai-101/015_0122.jpg,14,015.bonsai-101
data/raw/caltech256/256_ObjectCategories/015.bonsai-101/015_0073.jpg,14,015.bonsai-101
data/raw/caltech256/256_ObjectCategories/015.bonsai-101/015_0046.jpg,14,015.bonsai-101
data/raw/caltech256/256_ObjectCategories/015.bonsai-101/015_0069.jpg,14,015.bonsai-101
data/raw/caltech256/256_ObjectCategories/015.bonsai-101/015_0023.jpg,14,015.bonsai-101
data/raw/caltech256/256_ObjectCategories/015.bonsai-101/015_0092.jpg,14,015.bonsai-101
data/raw/caltech256/256_ObjectCategories/015.bonsai-101/015_0059.jpg,14,015.bonsai-101
data/raw/caltech256/256_ObjectCategories/015.bonsai-101/015_0040.jpg,14,015.bonsai-101
data/raw/caltech256/256_ObjectCategories/015.bonsai-101/015_0049.jpg,14,015.bonsai-101
data/raw/caltech256/256_ObjectCategories/015.bonsai-101/015_0063.jpg,14,015.bonsai-101
data/raw/caltech256/256_ObjectCategories/015.bonsai-101/015_0113.jpg,14,015.bonsai-101
data/raw/caltech256/256_ObjectCategories/015.bonsai-101/015_0115.jpg,14,015.bonsai-101
data/raw/caltech256/256_ObjectCategories/015.bonsai-101/015_0008.jpg,14,015.bonsai-101
data/raw/caltech256/256_ObjectCategories/015.bonsai-101/015_0048.jpg,14,015.bonsai-101
data/raw/caltech256/256_ObjectCategories/015.bonsai-101/015_0072.jpg,14,015.bonsai-101
data/raw/caltech256/256_ObjectCategories/016.boom-box/016_0016.jpg,15,016.boom-box
data/raw/caltech256/256_ObjectCategories/016.boom-box/016_0090.jpg,15,016.boom-box
data/raw/caltech256/256_ObjectCategories/016.boom-box/016_0049.jpg,15,016.boom-box
data/raw/caltech256/256_ObjectCategories/016.boom-box/016_0019.jpg,15,016.boom-box
data/raw/caltech256/256_ObjectCategories/016.boom-box/016_0069.jpg,15,016.boom-box
data/raw/caltech256/256_ObjectCategories/016.boom-box/016_0021.jpg,15,016.boom-box
data/raw/caltech256/256_ObjectCategories/016.boom-box/016_0062.jpg,15,016.boom-box
data/raw/caltech256/256_ObjectCategories/016.boom-box/016_0043.jpg,15,016.boom-box
data/raw/caltech256/256_ObjectCategories/016.boom-box/016_0070.jpg,15,016.boom-box
data/raw/caltech256/256_ObjectCategories/016.boom-box/016_0045.jpg,15,016.boom-box
data/raw/caltech256/256_ObjectCategories/016.boom-box/016_0002.jpg,15,016.boom-box
data/raw/caltech256/256_ObjectCategories/016.boom-box/016_0014.jpg,15,016.boom-box
data/raw/caltech256/256_ObjectCategories/016.boom-box/016_0060.jpg,15,016.boom-box
data/raw/caltech256/256_ObjectCategories/016.boom-box/016_0085.jpg,15,016.boom-box
data/raw/caltech256/256_ObjectCategories/016.boom-box/016_0082.jpg,15,016.boom-box
data/raw/caltech256/256_ObjectCategories/016.boom-box/016_0078.jpg,15,016.boom-box
data/raw/caltech256/256_ObjectCategories/016.boom-box/016_0058.jpg,15,016.boom-box
data/raw/caltech256/256_ObjectCategories/016.boom-box/016_0066.jpg,15,016.boom-box
data/raw/caltech256/256_ObjectCategories/016.boom-box/016_0039.jpg,15,016.boom-box
data/raw/caltech256/256_ObjectCategories/016.boom-box/016_0054.jpg,15,016.boom-box
data/raw/caltech256/256_ObjectCategories/016.boom-box/016_0026.jpg,15,016.boom-box
data/raw/caltech256/256_ObjectCategories/016.boom-box/016_0047.jpg,15,016.boom-box
data/raw/caltech256/256_ObjectCategories/016.boom-box/016_0064.jpg,15,016.boom-box
data/raw/caltech256/256_ObjectCategories/016.boom-box/016_0005.jpg,15,016.boom-box
data/raw/caltech256/256_ObjectCategories/016.boom-box/016_0025.jpg,15,016.boom-box
data/raw/caltech256/256_ObjectCategories/016.boom-box/016_0059.jpg,15,016.boom-box
data/raw/caltech256/256_ObjectCategories/016.boom-box/016_0036.jpg,15,016.boom-box
data/raw/caltech256/256_ObjectCategories/016.boom-box/016_0067.jpg,15,016.boom-box
data/raw/caltech256/256_ObjectCategories/016.boom-box/016_0087.jpg,15,016.boom-box
data/raw/caltech256/256_ObjectCategories/016.boom-box/016_0091.jpg,15,016.boom-box
data/raw/caltech256/256_ObjectCategories/016.boom-box/016_0068.jpg,15,016.boom-box
data/raw/caltech256/256_ObjectCategories/016.boom-box/016_0081.jpg,15,016.boom-box
data/raw/caltech256/256_ObjectCategories/017.bowling-ball/017_0035.jpg,16,017.bowling-ball
data/raw/caltech256/256_ObjectCategories/017.bowling-ball/017_0055.jpg,16,017.bowling-ball
data/raw/caltech256/256_ObjectCategories/017.bowling-ball/017_0078.jpg,16,017.bowling-ball
data/raw/caltech256/256_ObjectCategories/017.bowling-ball/017_0031.jpg,16,017.bowling-ball
data/raw/caltech256/256_ObjectCategories/017.bowling-ball/017_0018.jpg,16,017.bowling-ball
data/raw/caltech256/256_ObjectCategories/017.bowling-ball/017_0071.jpg,16,017.bowling-ball
data/raw/caltech256/256_ObjectCategories/017.bowling-ball/017_0082.jpg,16,017.bowling-ball
data/raw/caltech256/256_ObjectCategories/017.bowling-ball/017_0066.jpg,16,017.bowling-ball
data/raw/caltech256/256_ObjectCategories/017.bowling-ball/017_0017.jpg,16,017.bowling-ball
data/raw/caltech256/256_ObjectCategories/017.bowling-ball/017_0080.jpg,16,017.bowling-ball
data/raw/caltech256/256_ObjectCategories/017.bowling-ball/017_0039.jpg,16,017.bowling-ball
data/raw/caltech256/256_ObjectCategories/017.bowling-ball/017_0075.jpg,16,017.bowling-ball
data/raw/caltech256/256_ObjectCategories/017.bowling-ball/017_0024.jpg,16,017.bowling-ball
data/raw/caltech256/256_ObjectCategories/017.bowling-ball/017_0076.jpg,16,017.bowling-ball
data/raw/caltech256/256_ObjectCategories/017.bowling-ball/017_0098.jpg,16,017.bowling-ball
data/raw/caltech256/256_ObjectCategories/017.bowling-ball/017_0006.jpg,16,017.bowling-ball
data/raw/caltech256/256_ObjectCategories/017.bowling-ball/017_0034.jpg,16,017.bowling-ball
data/raw/caltech256/256_ObjectCategories/017.bowling-ball/017_0027.jpg,16,017.bowling-ball
data/raw/caltech256/256_ObjectCategories/017.bowling-ball/017_0077.jpg,16,017.bowling-ball
data/raw/caltech256/256_ObjectCategories/017.bowling-ball/017_0103.jpg,16,017.bowling-ball
data/raw/caltech256/256_ObjectCategories/017.bowling-ball/017_0009.jpg,16,017.bowling-ball
data/raw/caltech256/256_ObjectCategories/017.bowling-ball/017_0088.jpg,16,017.bowling-ball
data/raw/caltech256/256_ObjectCategories/017.bowling-ball/017_0030.jpg,16,017.bowling-ball
data/raw/caltech256/256_ObjectCategories/017.bowling-ball/017_0007.jpg,16,017.bowling-ball
data/raw/caltech256/256_ObjectCategories/017.bowling-ball/017_0008.jpg,16,017.bowling-ball
data/raw/caltech256/256_ObjectCategories/017.bowling-ball/017_0092.jpg,16,017.bowling-ball
data/raw/caltech256/256_ObjectCategories/017.bowling-ball/017_0104.jpg,16,017.bowling-ball
data/raw/caltech256/256_ObjectCategories/017.bowling-ball/017_0045.jpg,16,017.bowling-ball
data/raw/caltech256/256_ObjectCategories/017.bowling-ball/017_0061.jpg,16,017.bowling-ball
data/raw/caltech256/256_ObjectCategories/017.bowling-ball/017_0060.jpg,16,017.bowling-ball
data/raw/caltech256/256_ObjectCategories/017.bowling-ball/017_0036.jpg,16,017.bowling-ball
data/raw/caltech256/256_ObjectCategories/017.bowling-ball/017_0099.jpg,16,017.bowling-ball
data/raw/caltech256/256_ObjectCategories/017.bowling-ball/017_0049.jpg,16,017.bowling-ball
data/raw/caltech256/256_ObjectCategories/017.bowling-ball/017_0085.jpg,16,017.bowling-ball
data/raw/caltech256/256_ObjectCategories/017.bowling-ball/017_0073.jpg,16,017.bowling-ball
data/raw/caltech256/256_ObjectCategories/017.bowling-ball/017_0051.jpg,16,017.bowling-ball
data/raw/caltech256/256_ObjectCategories/017.bowling-ball/017_0100.jpg,16,017.bowling-ball
data/raw/caltech256/256_ObjectCategories/018.bowling-pin/018_0096.jpg,17,018.bowling-pin
data/raw/caltech256/256_ObjectCategories/018.bowling-pin/018_0084.jpg,17,018.bowling-pin
data/raw/caltech256/256_ObjectCategories/018.bowling-pin/018_0007.jpg,17,018.bowling-pin
data/raw/caltech256/256_ObjectCategories/018.bowling-pin/018_0016.jpg,17,018.bowling-pin
data/raw/caltech256/256_ObjectCategories/018.bowling-pin/018_0090.jpg,17,018.bowling-pin
data/raw/caltech256/256_ObjectCategories/018.bowling-pin/018_0017.jpg,17,018.bowling-pin
data/raw/caltech256/256_ObjectCategories/018.bowling-pin/018_0034.jpg,17,018.bowling-pin
data/raw/caltech256/256_ObjectCategories/018.bowling-pin/018_0092.jpg,17,018.bowling-pin
data/raw/caltech256/256_ObjectCategories/018.bowling-pin/018_0011.jpg,17,018.bowling-pin
data/raw/caltech256/256_ObjectCategories/018.bowling-pin/018_0098.jpg,17,018.bowling-pin
data/raw/caltech256/256_ObjectCategories/018.bowling-pin/018_0074.jpg,17,018.bowling-pin
data/raw/caltech256/256_ObjectCategories/018.bowling-pin/018_0043.jpg,17,018.bowling-pin
data/raw/caltech256/256_ObjectCategories/018.bowling-pin/018_0031.jpg,17,018.bowling-pin
data/raw/caltech256/256_ObjectCategories/018.bowling-pin/018_0068.jpg,17,018.bowling-pin
data/raw/caltech256/256_ObjectCategories/018.bowling-pin/018_0021.jpg,17,018.bowling-pin
data/raw/caltech256/256_ObjectCategories/018.bowling-pin/018_0056.jpg,17,018.bowling-pin
data/raw/caltech256/256_ObjectCategories/018.bowling-pin/018_0025.jpg,17,018.bowling-pin
data/raw/caltech256/256_ObjectCategories/018.bowling-pin/018_0066.jpg,17,018.bowling-pin
data/raw/caltech256/256_ObjectCategories/018.bowling-pin/018_0013.jpg,17,018.bowling-pin
data/raw/caltech256/256_ObjectCategories/018.bowling-pin/018_0035.jpg,17,018.bowling-pin
data/raw/caltech256/256_ObjectCategories/018.bowling-pin/018_0036.jpg,17,018.bowling-pin
data/raw/caltech256/256_ObjectCategories/018.bowling-pin/018_0070.jpg,17,018.bowling-pin
data/raw/caltech256/256_ObjectCategories/018.bowling-pin/018_0005.jpg,17,018.bowling-pin
data/raw/caltech256/256_ObjectCategories/018.bowling-pin/018_0051.jpg,17,018.bowling-pin
data/raw/caltech256/256_ObjectCategories/018.bowling-pin/018_0065.jpg,17,018.bowling-pin
data/raw/caltech256/256_ObjectCategories/018.bowling-pin/018_0047.jpg,17,018.bowling-pin
data/raw/caltech256/256_ObjectCategories/018.bowling-pin/018_0039.jpg,17,018.bowling-pin
data/raw/caltech256/256_ObjectCategories/018.bowling-pin/018_0010.jpg,17,018.bowling-pin
data/raw/caltech256/256_ObjectCategories/018.bowling-pin/018_0091.jpg,17,018.bowling-pin
data/raw/caltech256/256_ObjectCategories/018.bowling-pin/018_0094.jpg,17,018.bowling-pin
data/raw/caltech256/256_ObjectCategories/018.bowling-pin/018_0087.jpg,17,018.bowling-pin
data/raw/caltech256/256_ObjectCategories/018.bowling-pin/018_0026.jpg,17,018.bowling-pin
data/raw/caltech256/256_ObjectCategories/018.bowling-pin/018_0079.jpg,17,018.bowling-pin
data/raw/caltech256/256_ObjectCategories/018.bowling-pin/018_0004.jpg,17,018.bowling-pin
data/raw/caltech256/256_ObjectCategories/018.bowling-pin/018_0058.jpg,17,018.bowling-pin
data/raw/caltech256/256_ObjectCategories/018.bowling-pin/018_0002.jpg,17,018.bowling-pin
data/raw/caltech256/256_ObjectCategories/019.boxing-glove/019_0057.jpg,18,019.boxing-glove
data/raw/caltech256/256_ObjectCategories/019.boxing-glove/019_0066.jpg,18,019.boxing-glove
data/raw/caltech256/256_ObjectCategories/019.boxing-glove/019_0105.jpg,18,019.boxing-glove
data/raw/caltech256/256_ObjectCategories/019.boxing-glove/019_0038.jpg,18,019.boxing-glove
data/raw/caltech256/256_ObjectCategories/019.boxing-glove/019_0021.jpg,18,019.boxing-glove
data/raw/caltech256/256_ObjectCategories/019.boxing-glove/019_0082.jpg,18,019.boxing-glove
data/raw/caltech256/256_ObjectCategories/019.boxing-glove/019_0061.jpg,18,019.boxing-glove
data/raw/caltech256/256_ObjectCategories/019.boxing-glove/019_0103.jpg,18,019.boxing-glove
data/raw/caltech256/256_ObjectCategories/019.boxing-glove/019_0006.jpg,18,019.boxing-glove
data/raw/caltech256/256_ObjectCategories/019.boxing-glove/019_0078.jpg,18,019.boxing-glove
data/raw/caltech256/256_ObjectCategories/019.boxing-glove/019_0010.jpg,18,019.boxing-glove
data/raw/caltech256/256_ObjectCategories/019.boxing-glove/019_0095.jpg,18,019.boxing-glove
data/raw/caltech256/256_ObjectCategories/019.boxing-glove/019_0040.jpg,18,019.boxing-glove
data/raw/caltech256/256_ObjectCategories/019.boxing-glove/019_0116.jpg,18,019.boxing-glove
data/raw/caltech256/256_ObjectCategories/019.boxing-glove/019_0069.jpg,18,019.boxing-glove
data/raw/caltech256/256_ObjectCategories/019.boxing-glove/019_0032.jpg,18,019.boxing-glove
data/raw/caltech256/256_ObjectCategories/019.boxing-glove/019_0099.jpg,18,019.boxing-glove
data/raw/caltech256/256_ObjectCategories/019.boxing-glove/019_0059.jpg,18,019.boxing-glove
data/raw/caltech256/256_ObjectCategories/019.boxing-glove/019_0098.jpg,18,019.boxing-glove
data/raw/caltech256/256_ObjectCategories/019.boxing-glove/019_0083.jpg,18,019.boxing-glove
data/raw/caltech256/256_ObjectCategories/019.boxing-glove/019_0023.jpg,18,019.boxing-glove
data/raw/caltech256/256_ObjectCategories/019.boxing-glove/019_0044.jpg,18,019.boxing-glove
data/raw/caltech256/256_ObjectCategories/019.boxing-glove/019_0075.jpg,18,019.boxing-glove
data/raw/caltech256/256_ObjectCategories/019.boxing-glove/019_0122.jpg,18,019.boxing-glove
data/raw/caltech256/256_ObjectCategories/019.boxing-glove/019_0109.jpg,18,019.boxing-glove
data/raw/caltech256/256_ObjectCategories/019.boxing-glove/019_0002.jpg,18,019.boxing-glove
data/raw/caltech256/256_ObjectCategories/019.boxing-glove/019_0052.jpg,18,019.boxing-glove
data/raw/caltech256/256_ObjectCategories/019.boxing-glove/019_0073.jpg,18,019.boxing-glove
data/raw/caltech256/256_ObjectCategories/019.boxing-glove/019_0007.jpg,18,019.boxing-glove
data/raw/caltech256/256_ObjectCategories/019.boxing-glove/019_0065.jpg,18,019.boxing-glove
data/raw/caltech256/256_ObjectCategories/019.boxing-glove/019_0123.jpg,18,019.boxing-glove
data/raw/caltech256/256_ObjectCategories/019.boxing-glove/019_0051.jpg,18,019.boxing-glove
data/raw/caltech256/256_ObjectCategories/019.boxing-glove/019_0121.jpg,18,019.boxing-glove
data/raw/caltech256/256_ObjectCategories/019.boxing-glove/019_0062.jpg,18,019.boxing-glove
data/raw/caltech256/256_ObjectCategories/019.boxing-glove/019_0097.jpg,18,019.boxing-glove
data/raw/caltech256/256_ObjectCategories/019.boxing-glove/019_0064.jpg,18,019.boxing-glove
data/raw/caltech256/256_ObjectCategories/019.boxing-glove/019_0102.jpg,18,019.boxing-glove
data/raw/caltech256/256_ObjectCategories/019.boxing-glove/019_0005.jpg,18,019.boxing-glove
data/raw/caltech256/256_ObjectCategories/019.boxing-glove/019_0085.jpg,18,019.boxing-glove
data/raw/caltech256/256_ObjectCategories/019.boxing-glove/019_0086.jpg,18,019.boxing-glove
data/raw/caltech256/256_ObjectCategories/019.boxing-glove/019_0120.jpg,18,019.boxing-glove
data/raw/caltech256/256_ObjectCategories/019.boxing-glove/019_0015.jpg,18,019.boxing-glove
data/raw/caltech256/256_ObjectCategories/019.boxing-glove/019_0093.jpg,18,019.boxing-glove
data/raw/caltech256/256_ObjectCategories/019.boxing-glove/019_0113.jpg,18,019.boxing-glove
data/raw/caltech256/256_ObjectCategories/020.brain-101/020_0061.jpg,19,020.brain-101
data/raw/caltech256/256_ObjectCategories/020.brain-101/020_0045.jpg,19,020.brain-101
data/raw/caltech256/256_ObjectCategories/020.brain-101/020_0013.jpg,19,020.brain-101
data/raw/caltech256/256_ObjectCategories/020.brain-101/020_0031.jpg,19,020.brain-101
data/raw/caltech256/256_ObjectCategories/020.brain-101/020_0060.jpg,19,020.brain-101
data/raw/caltech256/256_ObjectCategories/020.brain-101/020_0012.jpg,19,020.brain-101
data/raw/caltech256/256_ObjectCategories/020.brain-101/020_0056.jpg,19,020.brain-101
data/raw/caltech256/256_ObjectCategories/020.brain-101/020_0047.jpg,19,020.brain-101
data/raw/caltech256/256_ObjectCategories/020.brain-101/020_0044.jpg,19,020.brain-101
data/raw/caltech256/256_ObjectCategories/020.brain-101/020_0066.jpg,19,020.brain-101
data/raw/caltech256/256_ObjectCategories/020.brain-101/020_0058.jpg,19,020.brain-101
data/raw/caltech256/256_ObjectCategories/020.brain-101/020_0051.jpg,19,020.brain-101
data/raw/caltech256/256_ObjectCategories/020.brain-101/020_0071.jpg,19,020.brain-101
data/raw/caltech256/256_ObjectCategories/020.brain-101/020_0078.jpg,19,020.brain-101
data/raw/caltech256/256_ObjectCategories/020.brain-101/020_0063.jpg,19,020.brain-101
data/raw/caltech256/256_ObjectCategories/020.brain-101/020_0008.jpg,19,020.brain-101
data/raw/caltech256/256_ObjectCategories/020.brain-101/020_0065.jpg,19,020.brain-101
data/raw/caltech256/256_ObjectCategories/020.brain-101/020_0053.jpg,19,020.brain-101
data/raw/caltech256/256_ObjectCategories/020.brain-101/020_0027.jpg,19,020.brain-101
data/raw/caltech256/256_ObjectCategories/020.brain-101/020_0025.jpg,19,020.brain-101
data/raw/caltech256/256_ObjectCategories/020.brain-101/020_0069.jpg,19,020.brain-101
data/raw/caltech256/256_ObjectCategories/020.brain-101/020_0035.jpg,19,020.brain-101
data/raw/caltech256/256_ObjectCategories/020.brain-101/020_0082.jpg,19,020.brain-101
data/raw/caltech256/256_ObjectCategories/020.brain-101/020_0054.jpg,19,020.brain-101
data/raw/caltech256/256_ObjectCategories/020.brain-101/020_0010.jpg,19,020.brain-101
data/raw/caltech256/256_ObjectCategories/020.brain-101/020_0052.jpg,19,020.brain-101
data/raw/caltech256/256_ObjectCategories/020.brain-101/020_0067.jpg,19,020.brain-101
data/raw/caltech256/256_ObjectCategories/020.brain-101/020_0049.jpg,19,020.brain-101
data/raw/caltech256/256_ObjectCategories/020.brain-101/020_0007.jpg,19,020.brain-101
data/raw/caltech256/256_ObjectCategories/021.breadmaker/021_0108.jpg,20,021.breadmaker
data/raw/caltech256/256_ObjectCategories/021.breadmaker/021_0137.jpg,20,021.breadmaker
data/raw/caltech256/256_ObjectCategories/021.breadmaker/021_0096.jpg,20,021.breadmaker
data/raw/caltech256/256_ObjectCategories/021.breadmaker/021_0018.jpg,20,021.breadmaker
data/raw/caltech256/256_ObjectCategories/021.breadmaker/021_0024.jpg,20,021.breadmaker
data/raw/caltech256/256_ObjectCategories/021.breadmaker/021_0059.jpg,20,021.breadmaker
data/raw/caltech256/256_ObjectCategories/021.breadmaker/021_0132.jpg,20,021.breadmaker
data/raw/caltech256/256_ObjectCategories/021.breadmaker/021_0141.jpg,20,021.breadmaker
data/raw/caltech256/256_ObjectCategories/021.breadmaker/021_0014.jpg,20,021.breadmaker
data/raw/caltech256/256_ObjectCategories/021.breadmaker/021_0122.jpg,20,021.breadmaker
data/raw/caltech256/256_ObjectCategories/021.breadmaker/021_0013.jpg,20,021.breadmaker
data/raw/caltech256/256_ObjectCategories/021.breadmaker/021_0094.jpg,20,021.breadmaker
data/raw/caltech256/256_ObjectCategories/021.breadmaker/021_0092.jpg,20,021.breadmaker
data/raw/caltech256/256_ObjectCategories/021.breadmaker/021_0029.jpg,20,021.breadmaker
data/raw/caltech256/256_ObjectCategories/021.breadmaker/021_0077.jpg,20,021.breadmaker
data/raw/caltech256/256_ObjectCategories/021.breadmaker/021_0007.jpg,20,021.breadmaker
data/raw/caltech256/256_ObjectCategories/021.breadmaker/021_0097.jpg,20,021.breadmaker
data/raw/caltech256/256_ObjectCategories/021.breadmaker/021_0123.jpg,20,021.breadmaker
data/raw/caltech256/256_ObjectCategories/021.breadmaker/021_0135.jpg,20,021.breadmaker
data/raw/caltech256/256_ObjectCategories/021.breadmaker/021_0127.jpg,20,021.breadmaker
data/raw/caltech256/256_ObjectCategories/021.breadmaker/021_0109.jpg,20,021.breadmaker
data/raw/caltech256/256_ObjectCategories/021.breadmaker/021_0058.jpg,20,021.breadmaker
data/raw/caltech256/256_ObjectCategories/021.breadmaker/021_0076.jpg,20,021.breadmaker
data/raw/caltech256/256_ObjectCategories/021.breadmaker/021_0021.jpg,20,021.breadmaker
data/raw/caltech256/256_ObjectCategories/021.breadmaker/021_0022.jpg,20,021.breadmaker
data/raw/caltech256/256_ObjectCategories/021.breadmaker/021_0080.jpg,20,021.breadmaker
data/raw/caltech256/256_ObjectCategories/021.breadmaker/021_0006.jpg,20,021.breadmaker
data/raw/caltech256/256_ObjectCategories/021.breadmaker/021_0010.jpg,20,021.breadmaker
data/raw/caltech256/256_ObjectCategories/021.breadmaker/021_0063.jpg,20,021.breadmaker
data/raw/caltech256/256_ObjectCategories/021.breadmaker/021_0020.jpg,20,021.breadmaker
data/raw/caltech256/256_ObjectCategories/021.breadmaker/021_0055.jpg,20,021.breadmaker
data/raw/caltech256/256_ObjectCategories/021.breadmaker/021_0074.jpg,20,021.breadmaker
data/raw/caltech256/256_ObjectCategories/021.breadmaker/021_0062.jpg,20,021.breadmaker
data/raw/caltech256/256_ObjectCategories/021.breadmaker/021_0011.jpg,20,021.breadmaker
data/raw/caltech256/256_ObjectCategories/021.breadmaker/021_0075.jpg,20,021.breadmaker
data/raw/caltech256/256_ObjectCategories/021.breadmaker/021_0068.jpg,20,021.breadmaker
data/raw/caltech256/256_ObjectCategories/021.breadmaker/021_0057.jpg,20,021.breadmaker
data/raw/caltech256/256_ObjectCategories/021.breadmaker/021_0103.jpg,20,021.breadmaker
data/raw/caltech256/256_ObjectCategories/021.breadmaker/021_0038.jpg,20,021.breadmaker
data/raw/caltech256/256_ObjectCategories/021.breadmaker/021_0089.jpg,20,021.breadmaker
data/raw/caltech256/256_ObjectCategories/021.breadmaker/021_0090.jpg,20,021.breadmaker
data/raw/caltech256/256_ObjectCategories/021.breadmaker/021_0093.jpg,20,021.breadmaker
data/raw/caltech256/256_ObjectCategories/021.breadmaker/021_0030.jpg,20,021.breadmaker
data/raw/caltech256/256_ObjectCategories/021.breadmaker/021_0015.jpg,20,021.breadmaker
data/raw/caltech256/256_ObjectCategories/021.breadmaker/021_0121.jpg,20,021.breadmaker
data/raw/caltech256/256_ObjectCategories/021.breadmaker/021_0125.jpg,20,021.breadmaker
data/raw/caltech256/256_ObjectCategories/021.breadmaker/021_0113.jpg,20,021.breadmaker
data/raw/caltech256/256_ObjectCategories/021.breadmaker/021_0044.jpg,20,021.breadmaker
data/raw/caltech256/256_ObjectCategories/021.breadmaker/021_0032.jpg,20,021.breadmaker
data/raw/caltech256/256_ObjectCategories/021.breadmaker/021_0124.jpg,20,021.breadmaker
data/raw/caltech256/256_ObjectCategories/022.buddha-101/022_0097.jpg,21,022.buddha-101
data/raw/caltech256/256_ObjectCategories/022.buddha-101/022_0095.jpg,21,022.buddha-101
data/raw/caltech256/256_ObjectCategories/022.buddha-101/022_0092.jpg,21,022.buddha-101
data/raw/caltech256/256_ObjectCategories/022.buddha-101/022_0028.jpg,21,022.buddha-101
data/raw/caltech256/256_ObjectCategories/022.buddha-101/022_0051.jpg,21,022.buddha-101
data/raw/caltech256/256_ObjectCategories/022.buddha-101/022_0034.jpg,21,022.buddha-101
data/raw/caltech256/256_ObjectCategories/022.buddha-101/022_0002.jpg,21,022.buddha-101
data/raw/caltech256/256_ObjectCategories/022.buddha-101/022_0073.jpg,21,022.buddha-101
data/raw/caltech256/256_ObjectCategories/022.buddha-101/022_0055.jpg,21,022.buddha-101
data/raw/caltech256/256_ObjectCategories/022.buddha-101/022_0069.jpg,21,022.buddha-101
data/raw/caltech256/256_ObjectCategories/022.buddha-101/022_0074.jpg,21,022.buddha-101
data/raw/caltech256/256_ObjectCategories/022.buddha-101/022_0044.jpg,21,022.buddha-101
data/raw/caltech256/256_ObjectCategories/022.buddha-101/022_0043.jpg,21,022.buddha-101
data/raw/caltech256/256_ObjectCategories/022.buddha-101/022_0096.jpg,21,022.buddha-101
data/raw/caltech256/256_ObjectCategories/022.buddha-101/022_0070.jpg,21,022.buddha-101
data/raw/caltech256/256_ObjectCategories/022.buddha-101/022_0018.jpg,21,022.buddha-101
data/raw/caltech256/256_ObjectCategories/022.buddha-101/022_0067.jpg,21,022.buddha-101
data/raw/caltech256/256_ObjectCategories/022.buddha-101/022_0022.jpg,21,022.buddha-101
data/raw/caltech256/256_ObjectCategories/022.buddha-101/022_0082.jpg,21,022.buddha-101
data/raw/caltech256/256_ObjectCategories/022.buddha-101/022_0059.jpg,21,022.buddha-101
data/raw/caltech256/256_ObjectCategories/022.buddha-101/022_0030.jpg,21,022.buddha-101
data/raw/caltech256/256_ObjectCategories/022.buddha-101/022_0053.jpg,21,022.buddha-101
data/raw/caltech256/256_ObjectCategories/022.buddha-101/022_0087.jpg,21,022.buddha-101
data/raw/caltech256/256_ObjectCategories/022.buddha-101/022_0017.jpg,21,022.buddha-101
data/raw/caltech256/256_ObjectCategories/022.buddha-101/022_0001.jpg,21,022.buddha-101
data/raw/caltech256/256_ObjectCategories/022.buddha-101/022_0031.jpg,21,022.buddha-101
data/raw/caltech256/256_ObjectCategories/022.buddha-101/022_0007.jpg,21,022.buddha-101
data/raw/caltech256/256_ObjectCategories/022.buddha-101/022_0077.jpg,21,022.buddha-101
data/raw/caltech256/256_ObjectCategories/022.buddha-101/022_0020.jpg,21,022.buddha-101
data/raw/caltech256/256_ObjectCategories/022.buddha-101/022_0072.jpg,21,022.buddha-101
data/raw/caltech256/256_ObjectCategories/022.buddha-101/022_0006.jpg,21,022.buddha-101
data/raw/caltech256/256_ObjectCategories/022.buddha-101/022_0046.jpg,21,022.buddha-101
data/raw/caltech256/256_ObjectCategories/022.buddha-101/022_0027.jpg,21,022.buddha-101
data/raw/caltech256/256_ObjectCategories/022.buddha-101/022_0012.jpg,21,022.buddha-101
data/raw/caltech256/256_ObjectCategories/023.bulldozer/023_0078.jpg,22,023.bulldozer
data/raw/caltech256/256_ObjectCategories/023.bulldozer/023_0031.jpg,22,023.bulldozer
data/raw/caltech256/256_ObjectCategories/023.bulldozer/023_0023.jpg,22,023.bulldozer
data/raw/caltech256/256_ObjectCategories/023.bulldozer/023_0018.jpg,22,023.bulldozer
data/raw/caltech256/256_ObjectCategories/023.bulldozer/023_0103.jpg,22,023.bulldozer
data/raw/caltech256/256_ObjectCategories/023.bulldozer/023_0085.jpg,22,023.bulldozer
data/raw/caltech256/256_ObjectCategories/023.bulldozer/023_0044.jpg,22,023.bulldozer
data/raw/caltech256/256_ObjectCategories/023.bulldozer/023_0041.jpg,22,023.bulldozer
data/raw/caltech256/256_ObjectCategories/023.bulldozer/023_0009.jpg,22,023.bulldozer
data/raw/caltech256/256_ObjectCategories/023.bulldozer/023_0099.jpg,22,023.bulldozer
data/raw/caltech256/256_ObjectCategories/023.bulldozer/023_0059.jpg,22,023.bulldozer
data/raw/caltech256/256_ObjectCategories/023.bulldozer/023_0019.jpg,22,023.bulldozer
data/raw/caltech256/256_ObjectCategories/023.bulldozer/023_0110.jpg,22,023.bulldozer
data/raw/caltech256/256_ObjectCategories/023.bulldozer/023_0038.jpg,22,023.bulldozer
data/raw/caltech256/256_ObjectCategories/023.bulldozer/023_0003.jpg,22,023.bulldozer
data/raw/caltech256/256_ObjectCategories/023.bulldozer/023_0092.jpg,22,023.bulldozer
data/raw/caltech256/256_ObjectCategories/023.bulldozer/023_0054.jpg,22,023.bulldozer
data/raw/caltech256/256_ObjectCategories/023.bulldozer/023_0028.jpg,22,023.bulldozer
data/raw/caltech256/256_ObjectCategories/023.bulldozer/023_0086.jpg,22,023.bulldozer
data/raw/caltech256/256_ObjectCategories/023.bulldozer/023_0043.jpg,22,023.bulldozer
data/raw/caltech256/256_ObjectCategories/023.bulldozer/023_0051.jpg,22,023.bulldozer
data/raw/caltech256/256_ObjectCategories/023.bulldozer/023_0100.jpg,22,023.bulldozer
data/raw/caltech256/256_ObjectCategories/023.bulldozer/023_0006.jpg,22,023.bulldozer
data/raw/caltech256/256_ObjectCategories/023.bulldozer/023_0047.jpg,22,023.bulldozer
data/raw/caltech256/256_ObjectCategories/023.bulldozer/023_0095.jpg,22,023.bulldozer
data/raw/caltech256/256_ObjectCategories/023.bulldozer/023_0080.jpg,22,023.bulldozer
data/raw/caltech256/256_ObjectCategories/023.bulldozer/023_0073.jpg,22,023.bulldozer
data/raw/caltech256/256_ObjectCategories/023.bulldozer/023_0097.jpg,22,023.bulldozer
data/raw/caltech256/256_ObjectCategories/023.bulldozer/023_0104.jpg,22,023.bulldozer
data/raw/caltech256/256_ObjectCategories/023.bulldozer/023_0088.jpg,22,023.bulldozer
data/raw/caltech256/256_ObjectCategories/023.bulldozer/023_0093.jpg,22,023.bulldozer
data/raw/caltech256/256_ObjectCategories/023.bulldozer/023_0013.jpg,22,023.bulldozer
data/raw/caltech256/256_ObjectCategories/023.bulldozer/023_0064.jpg,22,023.bulldozer
data/raw/caltech256/256_ObjectCategories/023.bulldozer/023_0017.jpg,22,023.bulldozer
data/raw/caltech256/256_ObjectCategories/023.bulldozer/023_0082.jpg,22,023.bulldozer
data/raw/caltech256/256_ObjectCategories/023.bulldozer/023_0048.jpg,22,023.bulldozer
data/raw/caltech256/256_ObjectCategories/023.bulldozer/023_0029.jpg,22,023.bulldozer
data/raw/caltech256/256_ObjectCategories/023.bulldozer/023_0077.jpg,22,023.bulldozer
data/raw/caltech256/256_ObjectCategories/023.bulldozer/023_0070.jpg,22,023.bulldozer
data/raw/caltech256/256_ObjectCategories/024.butterfly/024_0094.jpg,23,024.butterfly
data/raw/caltech256/256_ObjectCategories/024.butterfly/024_0104.jpg,23,024.butterfly
data/raw/caltech256/256_ObjectCategories/024.butterfly/024_0066.jpg,23,024.butterfly
data/raw/caltech256/256_ObjectCategories/024.butterfly/024_0083.jpg,23,024.butterfly
data/raw/caltech256/256_ObjectCategories/024.butterfly/024_0005.jpg,23,024.butterfly
data/raw/caltech256/256_ObjectCategories/024.butterfly/024_0078.jpg,23,024.butterfly
data/raw/caltech256/256_ObjectCategories/024.butterfly/024_0046.jpg,23,024.butterfly
data/raw/caltech256/256_ObjectCategories/024.butterfly/024_0102.jpg,23,024.butterfly
data/raw/caltech256/256_ObjectCategories/024.butterfly/024_0090.jpg,23,024.butterfly
data/raw/caltech256/256_ObjectCategories/024.butterfly/024_0040.jpg,23,024.butterfly
data/raw/caltech256/256_ObjectCategories/024.butterfly/024_0099.jpg,23,024.butterfly
data/raw/caltech256/256_ObjectCategories/024.butterfly/024_0064.jpg,23,024.butterfly
data/raw/caltech256/256_ObjectCategories/024.butterfly/024_0080.jpg,23,024.butterfly
data/raw/caltech256/256_ObjectCategories/024.butterfly/024_0073.jpg,23,024.butterfly
data/raw/caltech256/256_ObjectCategories/024.butterfly/024_0074.jpg,23,024.butterfly
data/raw/caltech256/256_ObjectCategories/024.butterfly/024_0070.jpg,23,024.butterfly
data/raw/caltech256/256_ObjectCategories/024.butterfly/024_0017.jpg,23,024.butterfly
data/raw/caltech256/256_ObjectCategories/024.butterfly/024_0004.jpg,23,024.butterfly
data/raw/caltech256/256_ObjectCategories/024.butterfly/024_0091.jpg,23,024.butterfly
data/raw/caltech256/256_ObjectCategories/024.butterfly/024_0068.jpg,23,024.butterfly
data/raw/caltech256/256_ObjectCategories/024.butterfly/024_0106.jpg,23,024.butterfly
data/raw/caltech256/256_ObjectCategories/024.butterfly/024_0088.jpg,23,024.butterfly
data/raw/caltech256/256_ObjectCategories/024.butterfly/024_0013.jpg,23,024.butterfly
data/raw/caltech256/256_ObjectCategories/024.butterfly/024_0007.jpg,23,024.butterfly
data/raw/caltech256/256_ObjectCategories/024.butterfly/024_0026.jpg,23,024.butterfly
data/raw/caltech256/256_ObjectCategories/024.butterfly/024_0060.jpg,23,024.butterfly
data/raw/caltech256/256_ObjectCategories/024.butterfly/024_0059.jpg,23,024.butterfly
data/raw/caltech256/256_ObjectCategories/024.butterfly/024_0108.jpg,23,024.butterfly
data/raw/caltech256/256_ObjectCategories/024.butterfly/024_0087.jpg,23,024.butterfly
data/raw/caltech256/256_ObjectCategories/024.butterfly/024_0048.jpg,23,024.butterfly
data/raw/caltech256/256_ObjectCategories/024.butterfly/024_0025.jpg,23,024.butterfly
data/raw/caltech256/256_ObjectCategories/024.butterfly/024_0052.jpg,23,024.butterfly
data/raw/caltech256/256_ObjectCategories/024.butterfly/024_0014.jpg,23,024.butterfly
data/raw/caltech256/256_ObjectCategories/024.butterfly/024_0062.jpg,23,024.butterfly
data/raw/caltech256/256_ObjectCategories/024.butterfly/024_0057.jpg,23,024.butterfly
data/raw/caltech256/256_ObjectCategories/024.butterfly/024_0018.jpg,23,024.butterfly
data/raw/caltech256/256_ObjectCategories/024.butterfly/024_0058.jpg,23,024.butterfly
data/raw/caltech256/256_ObjectCategories/024.butterfly/024_0065.jpg,23,024.butterfly
data/raw/caltech256/256_ObjectCategories/024.butterfly/024_0032.jpg,23,024.butterfly
data/raw/caltech256/256_ObjectCategories/024.butterfly/024_0084.jpg,23,024.butterfly
data/raw/caltech256/256_ObjectCategories/025.cactus/025_0064.jpg,24,025.cactus
data/raw/caltech256/256_ObjectCategories/025.cactus/025_0114.jpg,24,025.cactus
data/raw/caltech256/256_ObjectCategories/025.cactus/025_0081.jpg,24,025.cactus
data/raw/caltech256/256_ObjectCategories/025.cactus/025_0029.jpg,24,025.cactus
data/raw/caltech256/256_ObjectCategories/025.cactus/025_0099.jpg,24,025.cactus
data/raw/caltech256/256_ObjectCategories/025.cactus/025_0112.jpg,24,025.cactus
data/raw/caltech256/256_ObjectCategories/025.cactus/025_0067.jpg,24,025.cactus
data/raw/caltech256/256_ObjectCategories/025.cactus/025_0026.jpg,24,025.cactus
data/raw/caltech256/256_ObjectCategories/025.cactus/025_0044.jpg,24,025.cactus
data/raw/caltech256/256_ObjectCategories/025.cactus/025_0071.jpg,24,025.cactus
data/raw/caltech256/256_ObjectCategories/025.cactus/025_0104.jpg,24,025.cactus
data/raw/caltech256/256_ObjectCategories/025.cactus/025_0098.jpg,24,025.cactus
data/raw/caltech256/256_ObjectCategories/025.cactus/025_0086.jpg,24,025.cactus
data/raw/caltech256/256_ObjectCategories/025.cactus/025_0111.jpg,24,025.cactus
data/raw/caltech256/256_ObjectCategories/025.cactus/025_0010.jpg,24,025.cactus
data/raw/caltech256/256_ObjectCategories/025.cactus/025_0039.jpg,24,025.cactus
data/raw/caltech256/256_ObjectCategories/025.cactus/025_0063.jpg,24,025.cactus
data/raw/caltech256/256_ObjectCategories/025.cactus/025_0090.jpg,24,025.cactus
data/raw/caltech256/256_ObjectCategories/025.cactus/025_0032.jpg,24,025.cactus
data/raw/caltech256/256_ObjectCategories/025.cactus/025_0057.jpg,24,025.cactus
data/raw/caltech256/256_ObjectCategories/025.cactus/025_0078.jpg,24,025.cactus
data/raw/caltech256/256_ObjectCategories/025.cactus/025_0061.jpg,24,025.cactus
data/raw/caltech256/256_ObjectCategories/025.cactus/025_0062.jpg,24,025.cactus
data/raw/caltech256/256_ObjectCategories/025.cactus/025_0022.jpg,24,025.cactus
data/raw/caltech256/256_ObjectCategories/025.cactus/025_0009.jpg,24,025.cactus
data/raw/caltech256/256_ObjectCategories/025.cactus/025_0024.jpg,24,025.cactus
data/raw/caltech256/256_ObjectCategories/025.cactus/025_0091.jpg,24,025.cactus
data/raw/caltech256/256_ObjectCategories/025.cactus/025_0106.jpg,24,025.cactus
data/raw/caltech256/256_ObjectCategories/025.cactus/025_0016.jpg,24,025.cactus
data/raw/caltech256/256_ObjectCategories/025.cactus/025_0027.jpg,24,025.cactus
data/raw/caltech256/256_ObjectCategories/025.cactus/025_0030.jpg,24,025.cactus
data/raw/caltech256/256_ObjectCategories/025.cactus/025_0041.jpg,24,025.cactus
data/raw/caltech256/256_ObjectCategories/025.cactus/025_0025.jpg,24,025.cactus
data/raw/caltech256/256_ObjectCategories/025.cactus/025_0018.jpg,24,025.cactus
data/raw/caltech256/256_ObjectCategories/025.cactus/025_0077.jpg,24,025.cactus
data/raw/caltech256/256_ObjectCategories/025.cactus/025_0080.jpg,24,025.cactus
data/raw/caltech256/256_ObjectCategories/025.cactus/025_0034.jpg,24,025.cactus
data/raw/caltech256/256_ObjectCategories/025.cactus/025_0092.jpg,24,025.cactus
data/raw/caltech256/256_ObjectCategories/025.cactus/025_0036.jpg,24,025.cactus
data/raw/caltech256/256_ObjectCategories/025.cactus/025_0007.jpg,24,025.cactus
data/raw/caltech256/256_ObjectCategories/026.cake/026_0031.jpg,25,026.cake
data/raw/caltech256/256_ObjectCategories/026.cake/026_0064.jpg,25,026.cake
data/raw/caltech256/256_ObjectCategories/026.cake/026_0057.jpg,25,026.cake
data/raw/caltech256/256_ObjectCategories/026.cake/026_0049.jpg,25,026.cake
data/raw/caltech256/256_ObjectCategories/026.cake/026_0021.jpg,25,026.cake
data/raw/caltech256/256_ObjectCategories/026.cake/026_0013.jpg,25,026.cake
data/raw/caltech256/256_ObjectCategories/026.cake/026_0037.jpg,25,026.cake
data/raw/caltech256/256_ObjectCategories/026.cake/026_0027.jpg,25,026.cake
data/raw/caltech256/256_ObjectCategories/026.cake/026_0089.jpg,25,026.cake
data/raw/caltech256/256_ObjectCategories/026.cake/026_0046.jpg,25,026.cake
data/raw/caltech256/256_ObjectCategories/026.cake/026_0024.jpg,25,026.cake
data/raw/caltech256/256_ObjectCategories/026.cake/026_0026.jpg,25,026.cake
data/raw/caltech256/256_ObjectCategories/026.cake/026_0087.jpg,25,026.cake
data/raw/caltech256/256_ObjectCategories/026.cake/026_0033.jpg,25,026.cake
data/raw/caltech256/256_ObjectCategories/026.cake/026_0104.jpg,25,026.cake
data/raw/caltech256/256_ObjectCategories/026.cake/026_0056.jpg,25,026.cake
data/raw/caltech256/256_ObjectCategories/026.cake/026_0086.jpg,25,026.cake
data/raw/caltech256/256_ObjectCategories/026.cake/026_0054.jpg,25,026.cake
data/raw/caltech256/256_ObjectCategories/026.cake/026_0012.jpg,25,026.cake
data/raw/caltech256/256_ObjectCategories/026.cake/026_0075.jpg,25,026.cake
data/raw/caltech256/256_ObjectCategories/026.cake/026_0038.jpg,25,026.cake
data/raw/caltech256/256_ObjectCategories/026.cake/026_0071.jpg,25,026.cake
data/raw/caltech256/256_ObjectCategories/026.cake/026_0058.jpg,25,026.cake
data/raw/caltech256/256_ObjectCategories/026.cake/026_0063.jpg,25,026.cake
data/raw/caltech256/256_ObjectCategories/026.cake/026_0015.jpg,25,026.cake
data/raw/caltech256/256_ObjectCategories/026.cake/026_0090.jpg,25,026.cake
data/raw/caltech256/256_ObjectCategories/026.cake/026_0042.jpg,25,026.cake
data/raw/caltech256/256_ObjectCategories/026.cake/026_0077.jpg,25,026.cake
data/raw/caltech256/256_ObjectCategories/026.cake/026_0102.jpg,25,026.cake
data/raw/caltech256/256_ObjectCategories/026.cake/026_0084.jpg,25,026.cake
data/raw/caltech256/256_ObjectCategories/026.cake/026_0011.jpg,25,026.cake
data/raw/caltech256/256_ObjectCategories/026.cake/026_0005.jpg,25,026.cake
data/raw/caltech256/256_ObjectCategories/026.cake/026_0052.jpg,25,026.cake
data/raw/caltech256/256_ObjectCategories/026.cake/026_0059.jpg,25,026.cake
data/raw/caltech256/256_ObjectCategories/026.cake/026_0095.jpg,25,026.cake
data/raw/caltech256/256_ObjectCategories/026.cake/026_0085.jpg,25,026.cake
data/raw/caltech256/256_ObjectCategories/026.cake/026_0040.jpg,25,026.cake
data/raw/caltech256/256_ObjectCategories/027.calculator/027_0028.jpg,26,027.calculator
data/raw/caltech256/256_ObjectCategories/027.calculator/027_0067.jpg,26,027.calculator
data/raw/caltech256/256_ObjectCategories/027.calculator/027_0013.jpg,26,027.calculator
data/raw/caltech256/256_ObjectCategories/027.calculator/027_0005.jpg,26,027.calculator
data/raw/caltech256/256_ObjectCategories/027.calculator/027_0036.jpg,26,027.calculator
data/raw/caltech256/256_ObjectCategories/027.calculator/027_0024.jpg,26,027.calculator
data/raw/caltech256/256_ObjectCategories/027.calculator/027_0025.jpg,26,027.calculator
data/raw/caltech256/256_ObjectCategories/027.calculator/027_0022.jpg,26,027.calculator
data/raw/caltech256/256_ObjectCategories/027.calculator/027_0091.jpg,26,027.calculator
data/raw/caltech256/256_ObjectCategories/027.calculator/027_0079.jpg,26,027.calculator
data/raw/caltech256/256_ObjectCategories/027.calculator/027_0066.jpg,26,027.calculator
data/raw/caltech256/256_ObjectCategories/027.calculator/027_0076.jpg,26,027.calculator
data/raw/caltech256/256_ObjectCategories/027.calculator/027_0096.jpg,26,027.calculator
data/raw/caltech256/256_ObjectCategories/027.calculator/027_0072.jpg,26,027.calculator
data/raw/caltech256/256_ObjectCategories/027.calculator/027_0002.jpg,26,027.calculator
data/raw/caltech256/256_ObjectCategories/027.calculator/027_0007.jpg,26,027.calculator
data/raw/caltech256/256_ObjectCategories/027.calculator/027_0057.jpg,26,027.calculator
data/raw/caltech256/256_ObjectCategories/027.calculator/027_0052.jpg,26,027.calculator
data/raw/caltech256/256_ObjectCategories/027.calculator/027_0044.jpg,26,027.calculator
data/raw/caltech256/256_ObjectCategories/027.calculator/027_0095.jpg,26,027.calculator
data/raw/caltech256/256_ObjectCategories/027.calculator/027_0053.jpg,26,027.calculator
data/raw/caltech256/256_ObjectCategories/027.calculator/027_0041.jpg,26,027.calculator
data/raw/caltech256/256_ObjectCategories/027.calculator/027_0035.jpg,26,027.calculator
data/raw/caltech256/256_ObjectCategories/027.calculator/027_0085.jpg,26,027.calculator
data/raw/caltech256/256_ObjectCategories/027.calculator/027_0094.jpg,26,027.calculator
data/raw/caltech256/256_ObjectCategories/027.calculator/027_0008.jpg,26,027.calculator
data/raw/caltech256/256_ObjectCategories/027.calculator/027_0082.jpg,26,027.calculator
data/raw/caltech256/256_ObjectCategories/027.calculator/027_0039.jpg,26,027.calculator
data/raw/caltech256/256_ObjectCategories/027.calculator/027_0032.jpg,26,027.calculator
data/raw/caltech256/256_ObjectCategories/027.calculator/027_0016.jpg,26,027.calculator
data/raw/caltech256/256_ObjectCategories/027.calculator/027_0031.jpg,26,027.calculator
data/raw/caltech256/256_ObjectCategories/027.calculator/027_0056.jpg,26,027.calculator
data/raw/caltech256/256_ObjectCategories/027.calculator/027_0047.jpg,26,027.calculator
data/raw/caltech256/256_ObjectCategories/027.calculator/027_0043.jpg,26,027.calculator
data/raw/caltech256/256_ObjectCategories/027.calculator/027_0087.jpg,26,027.calculator
data/raw/caltech256/256_ObjectCategories/028.camel/028_0070.jpg,27,028.camel
data/raw/caltech256/256_ObjectCategories/028.camel/028_0016.jpg,27,028.camel
data/raw/caltech256/256_ObjectCategories/028.camel/028_0045.jpg,27,028.camel
data/raw/caltech256/256_ObjectCategories/028.camel/028_0110.jpg,27,028.camel
data/raw/caltech256/256_ObjectCategories/028.camel/028_0042.jpg,27,028.camel
data/raw/caltech256/256_ObjectCategories/028.camel/028_0060.jpg,27,028.camel
data/raw/caltech256/256_ObjectCategories/028.camel/028_0054.jpg,27,028.camel
data/raw/caltech256/256_ObjectCategories/028.camel/028_0007.jpg,27,028.camel
data/raw/caltech256/256_ObjectCategories/028.camel/028_0107.jpg,27,028.camel
data/raw/caltech256/256_ObjectCategories/028.camel/028_0105.jpg,27,028.camel
data/raw/caltech256/256_ObjectCategories/028.camel/028_0109.jpg,27,028.camel
data/raw/caltech256/256_ObjectCategories/028.camel/028_0071.jpg,27,028.camel
data/raw/caltech256/256_ObjectCategories/028.camel/028_0024.jpg,27,028.camel
data/raw/caltech256/256_ObjectCategories/028.camel/028_0039.jpg,27,028.camel
data/raw/caltech256/256_ObjectCategories/028.camel/028_0083.jpg,27,028.camel
data/raw/caltech256/256_ObjectCategories/028.camel/028_0087.jpg,27,028.camel
data/raw/caltech256/256_ObjectCategories/028.camel/028_0063.jpg,27,028.camel
data/raw/caltech256/256_ObjectCategories/028.camel/028_0069.jpg,27,028.camel
data/raw/caltech256/256_ObjectCategories/028.camel/028_0078.jpg,27,028.camel
data/raw/caltech256/256_ObjectCategories/028.camel/028_0044.jpg,27,028.camel
data/raw/caltech256/256_ObjectCategories/028.camel/028_0022.jpg,27,028.camel
data/raw/caltech256/256_ObjectCategories/028.camel/028_0082.jpg,27,028.camel
data/raw/caltech256/256_ObjectCategories/028.camel/028_0108.jpg,27,028.camel
data/raw/caltech256/256_ObjectCategories/028.camel/028_0094.jpg,27,028.camel
data/raw/caltech256/256_ObjectCategories/028.camel/028_0048.jpg,27,028.camel
data/raw/caltech256/256_ObjectCategories/028.camel/028_0041.jpg,27,028.camel
data/raw/caltech256/256_ObjectCategories/028.camel/028_0035.jpg,27,028.camel
data/raw/caltech256/256_ObjectCategories/028.camel/028_0103.jpg,27,028.camel
data/raw/caltech256/256_ObjectCategories/028.camel/028_0090.jpg,27,028.camel
data/raw/caltech256/256_ObjectCategories/028.camel/028_0092.jpg,27,028.camel
data/raw/caltech256/256_ObjectCategories/028.camel/028_0008.jpg,27,028.camel
data/raw/caltech256/256_ObjectCategories/028.camel/028_0081.jpg,27,028.camel
data/raw/caltech256/256_ObjectCategories/028.camel/028_0093.jpg,27,028.camel
data/raw/caltech256/256_ObjectCategories/028.camel/028_0033.jpg,27,028.camel
data/raw/caltech256/256_ObjectCategories/028.camel/028_0009.jpg,27,028.camel
data/raw/caltech256/256_ObjectCategories/028.camel/028_0031.jpg,27,028.camel
data/raw/caltech256/256_ObjectCategories/028.camel/028_0011.jpg,27,028.camel
data/raw/caltech256/256_ObjectCategories/028.camel/028_0058.jpg,27,028.camel
data/raw/caltech256/256_ObjectCategories/028.camel/028_0100.jpg,27,028.camel
data/raw/caltech256/256_ObjectCategories/029.cannon/029_0080.jpg,28,029.cannon
data/raw/caltech256/256_ObjectCategories/029.cannon/029_0040.jpg,28,029.cannon
data/raw/caltech256/256_ObjectCategories/029.cannon/029_0032.jpg,28,029.cannon
data/raw/caltech256/256_ObjectCategories/029.cannon/029_0076.jpg,28,029.cannon
data/raw/caltech256/256_ObjectCategories/029.cannon/029_0023.jpg,28,029.cannon
data/raw/caltech256/256_ObjectCategories/029.cannon/029_0082.jpg,28,029.cannon
data/raw/caltech256/256_ObjectCategories/029.cannon/029_0085.jpg,28,029.cannon
data/raw/caltech256/256_ObjectCategories/029.cannon/029_0031.jpg,28,029.cannon
data/raw/caltech256/256_ObjectCategories/029.cannon/029_0027.jpg,28,029.cannon
data/raw/caltech256/256_ObjectCategories/029.cannon/029_0014.jpg,28,029.cannon
data/raw/caltech256/256_ObjectCategories/029.cannon/029_0045.jpg,28,029.cannon
data/raw/caltech256/256_ObjectCategories/029.cannon/029_0091.jpg,28,029.cannon
data/raw/caltech256/256_ObjectCategories/029.cannon/029_0050.jpg,28,029.cannon
data/raw/caltech256/256_ObjectCategories/029.cannon/029_0044.jpg,28,029.cannon
data/raw/caltech256/256_ObjectCategories/029.cannon/029_0060.jpg,28,029.cannon
data/raw/caltech256/256_ObjectCategories/029.cannon/029_0047.jpg,28,029.cannon
data/raw/caltech256/256_ObjectCategories/029.cannon/029_0039.jpg,28,029.cannon
data/raw/caltech256/256_ObjectCategories/029.cannon/029_0073.jpg,28,029.cannon
data/raw/caltech256/256_ObjectCategories/029.cannon/029_0009.jpg,28,029.cannon
data/raw/caltech256/256_ObjectCategories/029.cannon/029_0074.jpg,28,029.cannon
data/raw/caltech256/256_ObjectCategories/029.cannon/029_0022.jpg,28,029.cannon
data/raw/caltech256/256_ObjectCategories/029.cannon/029_0007.jpg,28,029.cannon
data/raw/caltech256/256_ObjectCategories/029.cannon/029_0059.jpg,28,029.cannon
data/raw/caltech256/256_ObjectCategories/029.cannon/029_0071.jpg,28,029.cannon
data/raw/caltech256/256_ObjectCategories/029.cannon/029_0041.jpg,28,029.cannon
data/raw/caltech256/256_ObjectCategories/029.cannon/029_0098.jpg,28,029.cannon
data/raw/caltech256/256_ObjectCategories/029.cannon/029_0034.jpg,28,029.cannon
data/raw/caltech256/256_ObjectCategories/029.cannon/029_0086.jpg,28,029.cannon
data/raw/caltech256/256_ObjectCategories/029.cannon/029_0065.jpg,28,029.cannon
data/raw/caltech256/256_ObjectCategories/029.cannon/029_0067.jpg,28,029.cannon
data/raw/caltech256/256_ObjectCategories/029.cannon/029_0072.jpg,28,029.cannon
data/raw/caltech256/256_ObjectCategories/029.cannon/029_0026.jpg,28,029.cannon
data/raw/caltech256/256_ObjectCategories/029.cannon/029_0093.jpg,28,029.cannon
data/raw/caltech256/256_ObjectCategories/029.cannon/029_0004.jpg,28,029.cannon
data/raw/caltech256/256_ObjectCategories/029.cannon/029_0015.jpg,28,029.cannon
data/raw/caltech256/256_ObjectCategories/029.cannon/029_0046.jpg,28,029.cannon
data/raw/caltech256/256_ObjectCategories/030.canoe/030_0037.jpg,29,030.canoe
data/raw/caltech256/256_ObjectCategories/030.canoe/030_0057.jpg,29,030.canoe
data/raw/caltech256/256_ObjectCategories/030.canoe/030_0052.jpg,29,030.canoe
data/raw/caltech256/256_ObjectCategories/030.canoe/030_0030.jpg,29,030.canoe
data/raw/caltech256/256_ObjectCategories/030.canoe/030_0026.jpg,29,030.canoe
data/raw/caltech256/256_ObjectCategories/030.canoe/030_0011.jpg,29,030.canoe
data/raw/caltech256/256_ObjectCategories/030.canoe/030_0090.jpg,29,030.canoe
data/raw/caltech256/256_ObjectCategories/030.canoe/030_0066.jpg,29,030.canoe
data/raw/caltech256/256_ObjectCategories/030.canoe/030_0086.jpg,29,030.canoe
data/raw/caltech256/256_ObjectCategories/030.canoe/030_0075.jpg,29,030.canoe
data/raw/caltech256/256_ObjectCategories/030.canoe/030_0065.jpg,29,030.canoe
data/raw/caltech256/256_ObjectCategories/030.canoe/030_0064.jpg,29,030.canoe
data/raw/caltech256/256_ObjectCategories/030.canoe/030_0022.jpg,29,030.canoe
data/raw/caltech256/256_ObjectCategories/030.canoe/030_0006.jpg,29,030.canoe
data/raw/caltech256/256_ObjectCategories/030.canoe/030_0021.jpg,29,030.canoe
data/raw/caltech256/256_ObjectCategories/030.canoe/030_0043.jpg,29,030.canoe
data/raw/caltech256/256_ObjectCategories/030.canoe/030_0039.jpg,29,030.canoe
data/raw/caltech256/256_ObjectCategories/030.canoe/030_0018.jpg,29,030.canoe
data/raw/caltech256/256_ObjectCategories/030.canoe/030_0085.jpg,29,030.canoe
data/raw/caltech256/256_ObjectCategories/030.canoe/030_0013.jpg,29,030.canoe
data/raw/caltech256/256_ObjectCategories/030.canoe/030_0069.jpg,29,030.canoe
data/raw/caltech256/256_ObjectCategories/030.canoe/030_0079.jpg,29,030.canoe
data/raw/caltech256/256_ObjectCategories/030.canoe/030_0020.jpg,29,030.canoe
data/raw/caltech256/256_ObjectCategories/030.canoe/030_0084.jpg,29,030.canoe
data/raw/caltech256/256_ObjectCategories/030.canoe/030_0002.jpg,29,030.canoe
data/raw/caltech256/256_ObjectCategories/030.canoe/030_0088.jpg,29,030.canoe
data/raw/caltech256/256_ObjectCategories/030.canoe/030_0005.jpg,29,030.canoe
data/raw/caltech256/256_ObjectCategories/030.canoe/030_0019.jpg,29,030.canoe
data/raw/caltech256/256_ObjectCategories/030.canoe/030_0060.jpg,29,030.canoe
data/raw/caltech256/256_ObjectCategories/030.canoe/030_0048.jpg,29,030.canoe
data/raw/caltech256/256_ObjectCategories/030.canoe/030_0051.jpg,29,030.canoe
data/raw/caltech256/256_ObjectCategories/030.canoe/030_0104.jpg,29,030.canoe
data/raw/caltech256/256_ObjectCategories/030.canoe/030_0025.jpg,29,030.canoe
data/raw/caltech256/256_ObjectCategories/030.canoe/030_0050.jpg,29,030.canoe
data/raw/caltech256/256_ObjectCategories/030.canoe/030_0094.jpg,29,030.canoe
data/raw/caltech256/256_ObjectCategories/030.canoe/030_0032.jpg,29,030.canoe
data/raw/caltech256/256_ObjectCategories/030.canoe/030_0038.jpg,29,030.canoe
data/raw/caltech256/256_ObjectCategories/031.car-tire/031_0004.jpg,30,031.car-tire
data/raw/caltech256/256_ObjectCategories/031.car-tire/031_0061.jpg,30,031.car-tire
data/raw/caltech256/256_ObjectCategories/031.car-tire/031_0067.jpg,30,031.car-tire
data/raw/caltech256/256_ObjectCategories/031.car-tire/031_0006.jpg,30,031.car-tire
data/raw/caltech256/256_ObjectCategories/031.car-tire/031_0064.jpg,30,031.car-tire
data/raw/caltech256/256_ObjectCategories/031.car-tire/031_0073.jpg,30,031.car-tire
data/raw/caltech256/256_ObjectCategories/031.car-tire/031_0047.jpg,30,031.car-tire
data/raw/caltech256/256_ObjectCategories/031.car-tire/031_0087.jpg,30,031.car-tire
data/raw/caltech256/256_ObjectCategories/031.car-tire/031_0013.jpg,30,031.car-tire
data/raw/caltech256/256_ObjectCategories/031.car-tire/031_0049.jpg,30,031.car-tire
data/raw/caltech256/256_ObjectCategories/031.car-tire/031_0019.jpg,30,031.car-tire
data/raw/caltech256/256_ObjectCategories/031.car-tire/031_0030.jpg,30,031.car-tire
data/raw/caltech256/256_ObjectCategories/031.car-tire/031_0056.jpg,30,031.car-tire
data/raw/caltech256/256_ObjectCategories/031.car-tire/031_0005.jpg,30,031.car-tire
data/raw/caltech256/256_ObjectCategories/031.car-tire/031_0011.jpg,30,031.car-tire
data/raw/caltech256/256_ObjectCategories/031.car-tire/031_0046.jpg,30,031.car-tire
data/raw/caltech256/256_ObjectCategories/031.car-tire/031_0052.jpg,30,031.car-tire
data/raw/caltech256/256_ObjectCategories/031.car-tire/031_0068.jpg,30,031.car-tire
data/raw/caltech256/256_ObjectCategories/031.car-tire/031_0054.jpg,30,031.car-tire
data/raw/caltech256/256_ObjectCategories/031.car-tire/031_0014.jpg,30,031.car-tire
data/raw/caltech256/256_ObjectCategories/031.car-tire/031_0022.jpg,30,031.car-tire
data/raw/caltech256/256_ObjectCategories/031.car-tire/031_0020.jpg,30,031.car-tire
data/raw/caltech256/256_ObjectCategories/031.car-tire/031_0027.jpg,30,031.car-tire
data/raw/caltech256/256_ObjectCategories/031.car-tire/031_0034.jpg,30,031.car-tire
data/raw/caltech256/256_ObjectCategories/031.car-tire/031_0089.jpg,30,031.car-tire
data/raw/caltech256/256_ObjectCategories/031.car-tire/031_0003.jpg,30,031.car-tire
data/raw/caltech256/256_ObjectCategories/031.car-tire/031_0065.jpg,30,031.car-tire
data/raw/caltech256/256_ObjectCategories/031.car-tire/031_0028.jpg,30,031.car-tire
data/raw/caltech256/256_ObjectCategories/031.car-tire/031_0069.jpg,30,031.car-tire
data/raw/caltech256/256_ObjectCategories/031.car-tire/031_0071.jpg,30,031.car-tire
data/raw/caltech256/256_ObjectCategories/031.car-tire/031_0012.jpg,30,031.car-tire
data/raw/caltech256/256_ObjectCategories/031.car-tire/031_0025.jpg,30,031.car-tire
data/raw/caltech256/256_ObjectCategories/032.cartman/032_0046.jpg,31,032.cartman
data/raw/caltech256/256_ObjectCategories/032.cartman/032_0027.jpg,31,032.cartman
data/raw/caltech256/256_ObjectCategories/032.cartman/032_0074.jpg,31,032.cartman
data/raw/caltech256/256_ObjectCategories/032.cartman/032_0083.jpg,31,032.cartman
data/raw/caltech256/256_ObjectCategories/032.cartman/032_0016.jpg,31,032.cartman
data/raw/caltech256/256_ObjectCategories/032.cartman/032_0021.jpg,31,032.cartman
data/raw/caltech256/256_ObjectCategories/032.cartman/032_0064.jpg,31,032.cartman
data/raw/caltech256/256_ObjectCategories/032.cartman/032_0088.jpg,31,032.cartman
data/raw/caltech256/256_ObjectCategories/032.cartman/032_0097.jpg,31,032.cartman
data/raw/caltech256/256_ObjectCategories/032.cartman/032_0032.jpg,31,032.cartman
data/raw/caltech256/256_ObjectCategories/032.cartman/032_0005.jpg,31,032.cartman
data/raw/caltech256/256_ObjectCategories/032.cartman/032_0007.jpg,31,032.cartman
data/raw/caltech256/256_ObjectCategories/032.cartman/032_0065.jpg,31,032.cartman
data/raw/caltech256/256_ObjectCategories/032.cartman/032_0081.jpg,31,032.cartman
data/raw/caltech256/256_ObjectCategories/032.cartman/032_0080.jpg,31,032.cartman
data/raw/caltech256/256_ObjectCategories/032.cartman/032_0053.jpg,31,032.cartman
data/raw/caltech256/256_ObjectCategories/032.cartman/032_0087.jpg,31,032.cartman
data/raw/caltech256/256_ObjectCategories/032.cartman/032_0002.jpg,31,032.cartman
data/raw/caltech256/256_ObjectCategories/032.cartman/032_0048.jpg,31,032.cartman
data/raw/caltech256/256_ObjectCategories/032.cartman/032_0003.jpg,31,032.cartman
data/raw/caltech256/256_ObjectCategories/032.cartman/032_0054.jpg,31,032.cartman
data/raw/caltech256/256_ObjectCategories/032.cartman/032_0058.jpg,31,032.cartman
data/raw/caltech256/256_ObjectCategories/032.cartman/032_0008.jpg,31,032.cartman
data/raw/caltech256/256_ObjectCategories/032.cartman/032_0095.jpg,31,032.cartman
data/raw/caltech256/256_ObjectCategories/032.cartman/032_0066.jpg,31,032.cartman
data/raw/caltech256/256_ObjectCategories/032.cartman/032_0024.jpg,31,032.cartman
data/raw/caltech256/256_ObjectCategories/032.cartman/032_0051.jpg,31,032.cartman
data/raw/caltech256/256_ObjectCategories/032.cartman/032_0071.jpg,31,032.cartman
data/raw/caltech256/256_ObjectCategories/032.cartman/032_0099.jpg,31,032.cartman
data/raw/caltech256/256_ObjectCategories/032.cartman/032_0059.jpg,31,032.cartman
data/raw/caltech256/256_ObjectCategories/032.cartman/032_0023.jpg,31,032.cartman
data/raw/caltech256/256_ObjectCategories/032.cartman/032_0037.jpg,31,032.cartman
data/raw/caltech256/256_ObjectCategories/032.cartman/032_0035.jpg,31,032.cartman
data/raw/caltech256/256_ObjectCategories/032.cartman/032_0044.jpg,31,032.cartman
data/raw/caltech256/256_ObjectCategories/032.cartman/032_0077.jpg,31,032.cartman
data/raw/caltech256/256_ObjectCategories/032.cartman/032_0055.jpg,31,032.cartman
data/raw/caltech256/256_ObjectCategories/033.cd/033_0088.jpg,32,033.cd
data/raw/caltech256/256_ObjectCategories/033.cd/033_0099.jpg,32,033.cd
data/raw/caltech256/256_ObjectCategories/033.cd/033_0097.jpg,32,033.cd
data/raw/caltech256/256_ObjectCategories/033.cd/033_0061.jpg,32,033.cd
data/raw/caltech256/256_ObjectCategories/033.cd/033_0040.jpg,32,033.cd
data/raw/caltech256/256_ObjectCategories/033.cd/033_0033.jpg,32,033.cd
data/raw/caltech256/256_ObjectCategories/033.cd/033_0008.jpg,32,033.cd
data/raw/caltech256/256_ObjectCategories/033.cd/033_0034.jpg,32,033.cd
data/raw/caltech256/256_ObjectCategories/033.cd/033_0079.jpg,32,033.cd
data/raw/caltech256/256_ObjectCategories/033.cd/033_0028.jpg,32,033.cd
data/raw/caltech256/256_ObjectCategories/033.cd/033_0078.jpg,32,033.cd
data/raw/caltech256/256_ObjectCategories/033.cd/033_0087.jpg,32,033.cd
data/raw/caltech256/256_ObjectCategories/033.cd/033_0026.jpg,32,033.cd
data/raw/caltech256/256_ObjectCategories/033.cd/033_0085.jpg,32,033.cd
data/raw/caltech256/256_ObjectCategories/033.cd/033_0004.jpg,32,033.cd
data/raw/caltech256/256_ObjectCategories/033.cd/033_0044.jpg,32,033.cd
data/raw/caltech256/256_ObjectCategories/033.cd/033_0100.jpg,32,033.cd
data/raw/caltech256/256_ObjectCategories/033.cd/033_0006.jpg,32,033.cd
data/raw/caltech256/256_ObjectCategories/033.cd/033_0001.jpg,32,033.cd
data/raw/caltech256/256_ObjectCategories/033.cd/033_0058.jpg,32,033.cd
data/raw/caltech256/256_ObjectCategories/033.cd/033_0025.jpg,32,033.cd
data/raw/caltech256/256_ObjectCategories/033.cd/033_0070.jpg,32,033.cd
data/raw/caltech256/256_ObjectCategories/033.cd/033_0045.jpg,32,033.cd
data/raw/caltech256/256_ObjectCategories/033.cd/033_0005.jpg,32,033.cd
data/raw/caltech256/256_ObjectCategories/033.cd/033_0090.jpg,32,033.cd
data/raw/caltech256/256_ObjectCategories/033.cd/033_0059.jpg,32,033.cd
data/raw/caltech256/256_ObjectCategories/033.cd/033_0041.jpg,32,033.cd
data/raw/caltech256/256_ObjectCategories/033.cd/033_0024.jpg,32,033.cd
data/raw/caltech256/256_ObjectCategories/033.cd/033_0036.jpg,32,033.cd
data/raw/caltech256/256_ObjectCategories/033.cd/033_0077.jpg,32,033.cd
data/raw/caltech256/256_ObjectCategories/033.cd/033_0083.jpg,32,033.cd
data/raw/caltech256/256_ObjectCategories/033.cd/033_0069.jpg,32,033.cd
data/raw/caltech256/256_ObjectCategories/033.cd/033_0031.jpg,32,033.cd
data/raw/caltech256/256_ObjectCategories/033.cd/033_0023.jpg,32,033.cd
data/raw/caltech256/256_ObjectCategories/033.cd/033_0019.jpg,32,033.cd
data/raw/caltech256/256_ObjectCategories/033.cd/033_0081.jpg,32,033.cd
data/raw/caltech256/256_ObjectCategories/034.centipede/034_0087.jpg,33,034.centipede
data/raw/caltech256/256_ObjectCategories/034.centipede/034_0013.jpg,33,034.centipede
data/raw/caltech256/256_ObjectCategories/034.centipede/034_0039.jpg,33,034.centipede
data/raw/caltech256/256_ObjectCategories/034.centipede/034_0026.jpg,33,034.centipede
data/raw/caltech256/256_ObjectCategories/034.centipede/034_0090.jpg,33,034.centipede
data/raw/caltech256/256_ObjectCategories/034.centipede/034_0097.jpg,33,034.centipede
data/raw/caltech256/256_ObjectCategories/034.centipede/034_0072.jpg,33,034.centipede
data/raw/caltech256/256_ObjectCategories/034.centipede/034_0035.jpg,33,034.centipede
data/raw/caltech256/256_ObjectCategories/034.centipede/034_0044.jpg,33,034.centipede
data/raw/caltech256/256_ObjectCategories/034.centipede/034_0005.jpg,33,034.centipede
data/raw/caltech256/256_ObjectCategories/034.centipede/034_0064.jpg,33,034.centipede
data/raw/caltech256/256_ObjectCategories/034.centipede/034_0098.jpg,33,034.centipede
data/raw/caltech256/256_ObjectCategories/034.centipede/034_0062.jpg,33,034.centipede
data/raw/caltech256/256_ObjectCategories/034.centipede/034_0037.jpg,33,034.centipede
data/raw/caltech256/256_ObjectCategories/034.centipede/034_0081.jpg,33,034.centipede
data/raw/caltech256/256_ObjectCategories/034.centipede/034_0049.jpg,33,034.centipede
data/raw/caltech256/256_ObjectCategories/034.centipede/034_0022.jpg,33,034.centipede
data/raw/caltech256/256_ObjectCategories/034.centipede/034_0052.jpg,33,034.centipede
data/raw/caltech256/256_ObjectCategories/034.centipede/034_0024.jpg,33,034.centipede
data/raw/caltech256/256_ObjectCategories/034.centipede/034_0028.jpg,33,034.centipede
data/raw/caltech256/256_ObjectCategories/034.centipede/034_0051.jpg,33,034.centipede
data/raw/caltech256/256_ObjectCategories/034.centipede/034_0025.jpg,33,034.centipede
data/raw/caltech256/256_ObjectCategories/034.centipede/034_0063.jpg,33,034.centipede
data/raw/caltech256/256_ObjectCategories/034.centipede/034_0077.jpg,33,034.centipede
data/raw/caltech256/256_ObjectCategories/034.centipede/034_0075.jpg,33,034.centipede
data/raw/caltech256/256_ObjectCategories/034.centipede/034_0083.jpg,33,034.centipede
data/raw/caltech256/256_ObjectCategories/034.centipede/034_0057.jpg,33,034.centipede
data/raw/caltech256/256_ObjectCategories/034.centipede/034_0079.jpg,33,034.centipede
data/raw/caltech256/256_ObjectCategories/034.centipede/034_0008.jpg,33,034.centipede
data/raw/caltech256/256_ObjectCategories/034.centipede/034_0034.jpg,33,034.centipede
data/raw/caltech256/256_ObjectCategories/034.centipede/034_0047.jpg,33,034.centipede
data/raw/caltech256/256_ObjectCategories/034.centipede/034_0073.jpg,33,034.centipede
data/raw/caltech256/256_ObjectCategories/034.centipede/034_0060.jpg,33,034.centipede
data/raw/caltech256/256_ObjectCategories/034.centipede/034_0010.jpg,33,034.centipede
data/raw/caltech256/256_ObjectCategories/034.centipede/034_0076.jpg,33,034.centipede
data/raw/caltech256/256_ObjectCategories/035.cereal-box/035_0040.jpg,34,035.cereal-box
data/raw/caltech256/256_ObjectCategories/035.cereal-box/035_0083.jpg,34,035.cereal-box
data/raw/caltech256/256_ObjectCategories/035.cereal-box/035_0066.jpg,34,035.cereal-box
data/raw/caltech256/256_ObjectCategories/035.cereal-box/035_0016.jpg,34,035.cereal-box
data/raw/caltech256/256_ObjectCategories/035.cereal-box/035_0015.jpg,34,035.cereal-box
data/raw/caltech256/256_ObjectCategories/035.cereal-box/035_0012.jpg,34,035.cereal-box
data/raw/caltech256/256_ObjectCategories/035.cereal-box/035_0027.jpg,34,035.cereal-box
data/raw/caltech256/256_ObjectCategories/035.cereal-box/035_0014.jpg,34,035.cereal-box
data/raw/caltech256/256_ObjectCategories/035.cereal-box/035_0035.jpg,34,035.cereal-box
data/raw/caltech256/256_ObjectCategories/035.cereal-box/035_0025.jpg,34,035.cereal-box
data/raw/caltech256/256_ObjectCategories/035.cereal-box/035_0070.jpg,34,035.cereal-box
data/raw/caltech256/256_ObjectCategories/035.cereal-box/035_0013.jpg,34,035.cereal-box
data/raw/caltech256/256_ObjectCategories/035.cereal-box/035_0001.jpg,34,035.cereal-box
data/raw/caltech256/256_ObjectCategories/035.cereal-box/035_0020.jpg,34,035.cereal-box
data/raw/caltech256/256_ObjectCategories/035.cereal-box/035_0062.jpg,34,035.cereal-box
data/raw/caltech256/256_ObjectCategories/035.cereal-box/035_0086.jpg,34,035.cereal-box
data/raw/caltech256/256_ObjectCategories/035.cereal-box/035_0063.jpg,34,035.cereal-box
data/raw/caltech256/256_ObjectCategories/035.cereal-box/035_0007.jpg,34,035.cereal-box
data/raw/caltech256/256_ObjectCategories/035.cereal-box/035_0052.jpg,34,035.cereal-box
data/raw/caltech256/256_ObjectCategories/035.cereal-box/035_0079.jpg,34,035.cereal-box
data/raw/caltech256/256_ObjectCategories/035.cereal-box/035_0023.jpg,34,035.cereal-box
data/raw/caltech256/256_ObjectCategories/035.cereal-box/035_0003.jpg,34,035.cereal-box
data/raw/caltech256/256_ObjectCategories/035.cereal-box/035_0029.jpg,34,035.cereal-box
data/raw/caltech256/256_ObjectCategories/035.cereal-box/035_0028.jpg,34,035.cereal-box
data/raw/caltech256/256_ObjectCategories/035.cereal-box/035_0055.jpg,34,035.cereal-box
data/raw/caltech256/256_ObjectCategories/035.cereal-box/035_0081.jpg,34,035.cereal-box
data/raw/caltech256/256_ObjectCategories/035.cereal-box/035_0076.jpg,34,035.cereal-box
data/raw/caltech256/256_ObjectCategories/035.cereal-box/035_0041.jpg,34,035.cereal-box
data/raw/caltech256/256_ObjectCategories/035.cereal-box/035_0039.jpg,34,035.cereal-box
data/raw/caltech256/256_ObjectCategories/035.cereal-box/035_0056.jpg,34,035.cereal-box
data/raw/caltech256/256_ObjectCategories/035.cereal-box/035_0032.jpg,34,035.cereal-box
data/raw/caltech256/256_ObjectCategories/036.chandelier-101/036_0060.jpg,35,036.chandelier-101
data/raw/caltech256/256_ObjectCategories/036.chandelier-101/036_0052.jpg,35,036.chandelier-101
data/raw/caltech256/256_ObjectCategories/036.chandelier-101/036_0039.jpg,35,036.chandelier-101
data/raw/caltech256/256_ObjectCategories/036.chandelier-101/036_0089.jpg,35,036.chandelier-101
data/raw/caltech256/256_ObjectCategories/036.chandelier-101/036_0080.jpg,35,036.chandelier-101
data/raw/caltech256/256_ObjectCategories/036.chandelier-101/036_0016.jpg,35,036.chandelier-101
data/raw/caltech256/256_ObjectCategories/036.chandelier-101/036_0042.jpg,35,036.chandelier-101
data/raw/caltech256/256_ObjectCategories/036.chandelier-101/036_0049.jpg,35,036.chandelier-101
data/raw/caltech256/256_ObjectCategories/036.chandelier-101/036_0090.jpg,35,036.chandelier-101
data/raw/caltech256/256_ObjectCategories/036.chandelier-101/036_0055.jpg,35,036.chandelier-101
data/raw/caltech256/256_ObjectCategories/036.chandelier-101/036_0025.jpg,35,036.chandelier-101
data/raw/caltech256/256_ObjectCategories/036.chandelier-101/036_0021.jpg,35,036.chandelier-101
data/raw/caltech256/256_ObjectCategories/036.chandelier-101/036_0099.jpg,35,036.chandelier-101
data/raw/caltech256/256_ObjectCategories/036.chandelier-101/036_0098.jpg,35,036.chandelier-101
data/raw/caltech256/256_ObjectCategories/036.chandelier-101/036_0077.jpg,35,036.chandelier-101
data/raw/caltech256/256_ObjectCategories/036.chandelier-101/036_0085.jpg,35,036.chandelier-101
data/raw/caltech256/256_ObjectCategories/036.chandelier-101/036_0004.jpg,35,036.chandelier-101
data/raw/caltech256/256_ObjectCategories/036.chandelier-101/036_0076.jpg,35,036.chandelier-101
data/raw/caltech256/256_ObjectCategories/036.chandelier-101/036_0009.jpg,35,036.chandelier-101
data/raw/caltech256/256_ObjectCategories/036.chandelier-101/036_0084.jpg,35,036.chandelier-101
data/raw/caltech256/256_ObjectCategories/036.chandelier-101/036_0043.jpg,35,036.chandelier-101
data/raw/caltech256/256_ObjectCategories/036.chandelier-101/036_0002.jpg,35,036.chandelier-101
data/raw/caltech256/256_ObjectCategories/036.chandelier-101/036_0046.jpg,35,036.chandelier-101
data/raw/caltech256/256_ObjectCategories/036.chandelier-101/036_0081.jpg,35,036.chandelier-101
data/raw/caltech256/256_ObjectCategories/036.chandelier-101/036_0102.jpg,35,036.chandelier-101
data/raw/caltech256/256_ObjectCategories/036.chandelier-101/036_0071.jpg,35,036.chandelier-101
data/raw/caltech256/256_ObjectCategories/036.chandelier-101/036_0017.jpg,35,036.chandelier-101
data/raw/caltech256/256_ObjectCategories/036.chandelier-101/036_0067.jpg,35,036.chandelier-101
data/raw/caltech256/256_ObjectCategories/036.chandelier-101/036_0065.jpg,35,036.chandelier-101
data/raw/caltech256/256_ObjectCategories/036.chandelier-101/036_0008.jpg,35,036.chandelier-101
data/raw/caltech256/256_ObjectCategories/036.chandelier-101/036_0005.jpg,35,036.chandelier-101
data/raw/caltech256/256_ObjectCategories/036.chandelier-101/036_0097.jpg,35,036.chandelier-101
data/raw/caltech256/256_ObjectCategories/036.chandelier-101/036_0100.jpg,35,036.chandelier-101
data/raw/caltech256/256_ObjectCategories/036.chandelier-101/036_0063.jpg,35,036.chandelier-101
data/raw/caltech256/256_ObjectCategories/036.chandelier-101/036_0030.jpg,35,036.chandelier-101
data/raw/caltech256/256_ObjectCategories/036.chandelier-101/036_0066.jpg,35,036.chandelier-101
data/raw/caltech256/256_ObjectCategories/036.chandelier-101/036_0045.jpg,35,036.chandelier-101
data/raw/caltech256/256_ObjectCategories/037.chess-board/037_0028.jpg,36,037.chess-board
data/raw/caltech256/256_ObjectCategories/037.chess-board/037_0105.jpg,36,037.chess-board
data/raw/caltech256/256_ObjectCategories/037.chess-board/037_0120.jpg,36,037.chess-board
data/raw/caltech256/256_ObjectCategories/037.chess-board/037_0084.jpg,36,037.chess-board
data/raw/caltech256/256_ObjectCategories/037.chess-board/037_0053.jpg,36,037.chess-board
data/raw/caltech256/256_ObjectCategories/037.chess-board/037_0094.jpg,36,037.chess-board
data/raw/caltech256/256_ObjectCategories/037.chess-board/037_0047.jpg,36,037.chess-board
data/raw/caltech256/256_ObjectCategories/037.chess-board/037_0099.jpg,36,037.chess-board
data/raw/caltech256/256_ObjectCategories/037.chess-board/037_0070.jpg,36,037.chess-board
data/raw/caltech256/256_ObjectCategories/037.chess-board/037_0039.jpg,36,037.chess-board
data/raw/caltech256/256_ObjectCategories/037.chess-board/037_0067.jpg,36,037.chess-board
data/raw/caltech256/256_ObjectCategories/037.chess-board/037_0005.jpg,36,037.chess-board
data/raw/caltech256/256_ObjectCategories/037.chess-board/037_0093.jpg,36,037.chess-board
data/raw/caltech256/256_ObjectCategories/037.chess-board/037_0021.jpg,36,037.chess-board
data/raw/caltech256/256_ObjectCategories/037.chess-board/037_0016.jpg,36,037.chess-board
data/raw/caltech256/256_ObjectCategories/037.chess-board/037_0023.jpg,36,037.chess-board
data/raw/caltech256/256_ObjectCategories/037.chess-board/037_0002.jpg,36,037.chess-board
data/raw/caltech256/256_ObjectCategories/037.chess-board/037_0072.jpg,36,037.chess-board
data/raw/caltech256/256_ObjectCategories/037.chess-board/037_0043.jpg,36,037.chess-board
data/raw/caltech256/256_ObjectCategories/037.chess-board/037_0033.jpg,36,037.chess-board
data/raw/caltech256/256_ObjectCategories/037.chess-board/037_0087.jpg,36,037.chess-board
data/raw/caltech256/256_ObjectCategories/037.chess-board/037_0074.jpg,36,037.chess-board
data/raw/caltech256/256_ObjectCategories/037.chess-board/037_0106.jpg,36,037.chess-board
data/raw/caltech256/256_ObjectCategories/037.chess-board/037_0009.jpg,36,037.chess-board
data/raw/caltech256/256_ObjectCategories/037.chess-board/037_0013.jpg,36,037.chess-board
data/raw/caltech256/256_ObjectCategories/037.chess-board/037_0041.jpg,36,037.chess-board
data/raw/caltech256/256_ObjectCategories/037.chess-board/037_0006.jpg,36,037.chess-board
data/raw/caltech256/256_ObjectCategories/037.chess-board/037_0019.jpg,36,037.chess-board
data/raw/caltech256/256_ObjectCategories/037.chess-board/037_0040.jpg,36,037.chess-board
data/raw/caltech256/256_ObjectCategories/037.chess-board/037_0090.jpg,36,037.chess-board
data/raw/caltech256/256_ObjectCategories/037.chess-board/037_0056.jpg,36,037.chess-board
data/raw/caltech256/256_ObjectCategories/037.chess-board/037_0044.jpg,36,037.chess-board
data/raw/caltech256/256_ObjectCategories/037.chess-board/037_0065.jpg,36,037.chess-board
data/raw/caltech256/256_ObjectCategories/037.chess-board/037_0064.jpg,36,037.chess-board
data/raw/caltech256/256_ObjectCategories/037.chess-board/037_0018.jpg,36,037.chess-board
data/raw/caltech256/256_ObjectCategories/037.chess-board/037_0038.jpg,36,037.chess-board
data/raw/caltech256/256_ObjectCategories/037.chess-board/037_0027.jpg,36,037.chess-board
data/raw/caltech256/256_ObjectCategories/037.chess-board/037_0113.jpg,36,037.chess-board
data/raw/caltech256/256_ObjectCategories/037.chess-board/037_0078.jpg,36,037.chess-board
data/raw/caltech256/256_ObjectCategories/037.chess-board/037_0048.jpg,36,037.chess-board
data/raw/caltech256/256_ObjectCategories/037.chess-board/037_0069.jpg,36,037.chess-board
data/raw/caltech256/256_ObjectCategories/037.chess-board/037_0022.jpg,36,037.chess-board
data/raw/caltech256/256_ObjectCategories/038.chimp/038_0024.jpg,37,038.chimp
data/raw/caltech256/256_ObjectCategories/038.chimp/038_0013.jpg,37,038.chimp
data/raw/caltech256/256_ObjectCategories/038.chimp/038_0037.jpg,37,038.chimp
data/raw/caltech256/256_ObjectCategories/038.chimp/038_0027.jpg,37,038.chimp
data/raw/caltech256/256_ObjectCategories/038.chimp/038_0005.jpg,37,038.chimp
data/raw/caltech256/256_ObjectCategories/038.chimp/038_0022.jpg,37,038.chimp
data/raw/caltech256/256_ObjectCategories/038.chimp/038_0042.jpg,37,038.chimp
data/raw/caltech256/256_ObjectCategories/038.chimp/038_0093.jpg,37,038.chimp
data/raw/caltech256/256_ObjectCategories/038.chimp/038_0057.jpg,37,038.chimp
data/raw/caltech256/256_ObjectCategories/038.chimp/038_0108.jpg,37,038.chimp
data/raw/caltech256/256_ObjectCategories/038.chimp/038_0079.jpg,37,038.chimp
data/raw/caltech256/256_ObjectCategories/038.chimp/038_0003.jpg,37,038.chimp
data/raw/caltech256/256_ObjectCategories/038.chimp/038_0099.jpg,37,038.chimp
data/raw/caltech256/256_ObjectCategories/038.chimp/038_0023.jpg,37,038.chimp
data/raw/caltech256/256_ObjectCategories/038.chimp/038_0063.jpg,37,038.chimp
data/raw/caltech256/256_ObjectCategories/038.chimp/038_0002.jpg,37,038.chimp
data/raw/caltech256/256_ObjectCategories/038.chimp/038_0101.jpg,37,038.chimp
data/raw/caltech256/256_ObjectCategories/038.chimp/038_0026.jpg,37,038.chimp
data/raw/caltech256/256_ObjectCategories/038.chimp/038_0017.jpg,37,038.chimp
data/raw/caltech256/256_ObjectCategories/038.chimp/038_0011.jpg,37,038.chimp
data/raw/caltech256/256_ObjectCategories/038.chimp/038_0010.jpg,37,038.chimp
data/raw/caltech256/256_ObjectCategories/038.chimp/038_0031.jpg,37,038.chimp
data/raw/caltech256/256_ObjectCategories/038.chimp/038_0094.jpg,37,038.chimp
data/raw/caltech256/256_ObjectCategories/038.chimp/038_0019.jpg,37,038.chimp
data/raw/caltech256/256_ObjectCategories/038.chimp/038_0012.jpg,37,038.chimp
data/raw/caltech256/256_ObjectCategories/038.chimp/038_0095.jpg,37,038.chimp
data/raw/caltech256/256_ObjectCategories/038.chimp/038_0098.jpg,37,038.chimp
data/raw/caltech256/256_ObjectCategories/038.chimp/038_0074.jpg,37,038.chimp
data/raw/caltech256/256_ObjectCategories/038.chimp/038_0036.jpg,37,038.chimp
data/raw/caltech256/256_ObjectCategories/038.chimp/038_0034.jpg,37,038.chimp
data/raw/caltech256/256_ObjectCategories/038.chimp/038_0067.jpg,37,038.chimp
data/raw/caltech256/256_ObjectCategories/038.chimp/038_0035.jpg,37,038.chimp
data/raw/caltech256/256_ObjectCategories/038.chimp/038_0109.jpg,37,038.chimp
data/raw/caltech256/256_ObjectCategories/038.chimp/038_0020.jpg,37,038.chimp
data/raw/caltech256/256_ObjectCategories/038.chimp/038_0039.jpg,37,038.chimp
data/raw/caltech256/256_ObjectCategories/038.chimp/038_0103.jpg,37,038.chimp
data/raw/caltech256/256_ObjectCategories/038.chimp/038_0082.jpg,37,038.chimp
data/raw/caltech256/256_ObjectCategories/038.chimp/038_0016.jpg,37,038.chimp
data/raw/caltech256/256_ObjectCategories/038.chimp/038_0106.jpg,37,038.chimp
data/raw/caltech256/256_ObjectCategories/039.chopsticks/039_0084.jpg,38,039.chopsticks
data/raw/caltech256/256_ObjectCategories/039.chopsticks/039_0023.jpg,38,039.chopsticks
data/raw/caltech256/256_ObjectCategories/039.chopsticks/039_0022.jpg,38,039.chopsticks
data/raw/caltech256/256_ObjectCategories/039.chopsticks/039_0057.jpg,38,039.chopsticks
data/raw/caltech256/256_ObjectCategories/039.chopsticks/039_0071.jpg,38,039.chopsticks
data/raw/caltech256/256_ObjectCategories/039.chopsticks/039_0047.jpg,38,039.chopsticks
data/raw/caltech256/256_ObjectCategories/039.chopsticks/039_0009.jpg,38,039.chopsticks
data/raw/caltech256/256_ObjectCategories/039.chopsticks/039_0073.jpg,38,039.chopsticks
data/raw/caltech256/256_ObjectCategories/039.chopsticks/039_0027.jpg,38,039.chopsticks
data/raw/caltech256/256_ObjectCategories/039.chopsticks/039_0037.jpg,38,039.chopsticks
data/raw/caltech256/256_ObjectCategories/039.chopsticks/039_0082.jpg,38,039.chopsticks
data/raw/caltech256/256_ObjectCategories/039.chopsticks/039_0043.jpg,38,039.chopsticks
data/raw/caltech256/256_ObjectCategories/039.chopsticks/039_0041.jpg,38,039.chopsticks
data/raw/caltech256/256_ObjectCategories/039.chopsticks/039_0054.jpg,38,039.chopsticks
data/raw/caltech256/256_ObjectCategories/039.chopsticks/039_0028.jpg,38,039.chopsticks
data/raw/caltech256/256_ObjectCategories/039.chopsticks/039_0080.jpg,38,039.chopsticks
data/raw/caltech256/256_ObjectCategories/039.chopsticks/039_0044.jpg,38,039.chopsticks
data/raw/caltech256/256_ObjectCategories/039.chopsticks/039_0005.jpg,38,039.chopsticks
data/raw/caltech256/256_ObjectCategories/039.chopsticks/039_0076.jpg,38,039.chopsticks
data/raw/caltech256/256_ObjectCategories/039.chopsticks/039_0046.jpg,38,039.chopsticks
data/raw/caltech256/256_ObjectCategories/039.chopsticks/039_0074.jpg,38,039.chopsticks
data/raw/caltech256/256_ObjectCategories/039.chopsticks/039_0051.jpg,38,039.chopsticks
data/raw/caltech256/256_ObjectCategories/039.chopsticks/039_0020.jpg,38,039.chopsticks
data/raw/caltech256/256_ObjectCategories/039.chopsticks/039_0081.jpg,38,039.chopsticks
data/raw/caltech256/256_ObjectCategories/039.chopsticks/039_0083.jpg,38,039.chopsticks
data/raw/caltech256/256_ObjectCategories/039.chopsticks/039_0052.jpg,38,039.chopsticks
data/raw/caltech256/256_ObjectCategories/039.chopsticks/039_0059.jpg,38,039.chopsticks
data/raw/caltech256/256_ObjectCategories/039.chopsticks/039_0030.jpg,38,039.chopsticks
data/raw/caltech256/256_ObjectCategories/039.chopsticks/039_0064.jpg,38,039.chopsticks
data/raw/caltech256/256_ObjectCategories/039.chopsticks/039_0085.jpg,38,039.chopsticks
data/raw/caltech256/256_ObjectCategories/040.cockroach/040_0056.jpg,39,040.cockroach
data/raw/caltech256/256_ObjectCategories/040.cockroach/040_0084.jpg,39,040.cockroach
data/raw/caltech256/256_ObjectCategories/040.cockroach/040_0013.jpg,39,040.cockroach
data/raw/caltech256/256_ObjectCategories/040.cockroach/040_0017.jpg,39,040.cockroach
data/raw/caltech256/256_ObjectCategories/040.cockroach/040_0114.jpg,39,040.cockroach
data/raw/caltech256/256_ObjectCategories/040.cockroach/040_0019.jpg,39,040.cockroach
data/raw/caltech256/256_ObjectCategories/040.cockroach/040_0060.jpg,39,040.cockroach
data/raw/caltech256/256_ObjectCategories/040.cockroach/040_0032.jpg,39,040.cockroach
data/raw/caltech256/256_ObjectCategories/040.cockroach/040_0016.jpg,39,040.cockroach
data/raw/caltech256/256_ObjectCategories/040.cockroach/040_0006.jpg,39,040.cockroach
data/raw/caltech256/256_ObjectCategories/040.cockroach/040_0102.jpg,39,040.cockroach
data/raw/caltech256/256_ObjectCategories/040.cockroach/040_0010.jpg,39,040.cockroach
data/raw/caltech256/256_ObjectCategories/040.cockroach/040_0014.jpg,39,040.cockroach
data/raw/caltech256/256_ObjectCategories/040.cockroach/040_0052.jpg,39,040.cockroach
data/raw/caltech256/256_ObjectCategories/040.cockroach/040_0109.jpg,39,040.cockroach
data/raw/caltech256/256_ObjectCategories/040.cockroach/040_0030.jpg,39,040.cockroach
data/raw/caltech256/256_ObjectCategories/040.cockroach/040_0015.jpg,39,040.cockroach
data/raw/caltech256/256_ObjectCategories/040.cockroach/040_0123.jpg,39,040.cockroach
data/raw/caltech256/256_ObjectCategories/040.cockroach/040_0073.jpg,39,040.cockroach
data/raw/caltech256/256_ObjectCategories/040.cockroach/040_0012.jpg,39,040.cockroach
data/raw/caltech256/256_ObjectCategories/040.cockroach/040_0111.jpg,39,040.cockroach
data/raw/caltech256/256_ObjectCategories/040.cockroach/040_0089.jpg,39,040.cockroach
data/raw/caltech256/256_ObjectCategories/040.cockroach/040_0083.jpg,39,040.cockroach
data/raw/caltech256/256_ObjectCategories/040.cockroach/040_0029.jpg,39,040.cockroach
data/raw/caltech256/256_ObjectCategories/040.cockroach/040_0077.jpg,39,040.cockroach
data/raw/caltech256/256_ObjectCategories/040.cockroach/040_0023.jpg,39,040.cockroach
data/raw/caltech256/256_ObjectCategories/040.cockroach/040_0035.jpg,39,040.cockroach
data/raw/caltech256/256_ObjectCategories/040.cockroach/040_0080.jpg,39,040.cockroach
data/raw/caltech256/256_ObjectCategories/040.cockroach/040_0072.jpg,39,040.cockroach
data/raw/caltech256/256_ObjectCategories/040.cockroach/040_0075.jpg,39,040.cockroach
data/raw/caltech256/256_ObjectCategories/040.cockroach/040_0063.jpg,39,040.cockroach
data/raw/caltech256/256_ObjectCategories/040.cockroach/040_0036.jpg,39,040.cockroach
data/raw/caltech256/256_ObjectCategories/040.cockroach/040_0001.jpg,39,040.cockroach
data/raw/caltech256/256_ObjectCategories/040.cockroach/040_0094.jpg,39,040.cockroach
data/raw/caltech256/256_ObjectCategories/040.cockroach/040_0085.jpg,39,040.cockroach
data/raw/caltech256/256_ObjectCategories/040.cockroach/040_0095.jpg,39,040.cockroach
data/raw/caltech256/256_ObjectCategories/040.cockroach/040_0124.jpg,39,040.cockroach
data/raw/caltech256/256_ObjectCategories/040.cockroach/040_0071.jpg,39,040.cockroach
data/raw/caltech256/256_ObjectCategories/040.cockroach/040_0034.jpg,39,040.cockroach
data/raw/caltech256/256_ObjectCategories/040.cockroach/040_0121.jpg,39,040.cockroach
data/raw/caltech256/256_ObjectCategories/040.cockroach/040_0051.jpg,39,040.cockroach
data/raw/caltech256/256_ObjectCategories/040.cockroach/040_0103.jpg,39,040.cockroach
data/raw/caltech256/256_ObjectCategories/040.cockroach/040_0062.jpg,39,040.cockroach
data/raw/caltech256/256_ObjectCategories/040.cockroach/040_0070.jpg,39,040.cockroach
data/raw/caltech256/256_ObjectCategories/041.coffee-mug/041_0011.jpg,40,041.coffee-mug
data/raw/caltech256/256_ObjectCategories/041.coffee-mug/041_0027.jpg,40,041.coffee-mug
data/raw/caltech256/256_ObjectCategories/041.coffee-mug/041_0052.jpg,40,041.coffee-mug
data/raw/caltech256/256_ObjectCategories/041.coffee-mug/041_0030.jpg,40,041.coffee-mug
data/raw/caltech256/256_ObjectCategories/041.coffee-mug/041_0021.jpg,40,041.coffee-mug
data/raw/caltech256/256_ObjectCategories/041.coffee-mug/041_0029.jpg,40,041.coffee-mug
data/raw/caltech256/256_ObjectCategories/041.coffee-mug/041_0064.jpg,40,041.coffee-mug
data/raw/caltech256/256_ObjectCategories/041.coffee-mug/041_0017.jpg,40,041.coffee-mug
data/raw/caltech256/256_ObjectCategories/041.coffee-mug/041_0057.jpg,40,041.coffee-mug
data/raw/caltech256/256_ObjectCategories/041.coffee-mug/041_0006.jpg,40,041.coffee-mug
data/raw/caltech256/256_ObjectCategories/041.coffee-mug/041_0009.jpg,40,041.coffee-mug
data/raw/caltech256/256_ObjectCategories/041.coffee-mug/041_0010.jpg,40,041.coffee-mug
data/raw/caltech256/256_ObjectCategories/041.coffee-mug/041_0019.jpg,40,041.coffee-mug
data/raw/caltech256/256_ObjectCategories/041.coffee-mug/041_0045.jpg,40,041.coffee-mug
data/raw/caltech256/256_ObjectCategories/041.coffee-mug/041_0063.jpg,40,041.coffee-mug
data/raw/caltech256/256_ObjectCategories/041.coffee-mug/041_0013.jpg,40,041.coffee-mug
data/raw/caltech256/256_ObjectCategories/041.coffee-mug/041_0023.jpg,40,041.coffee-mug
data/raw/caltech256/256_ObjectCategories/041.coffee-mug/041_0015.jpg,40,041.coffee-mug
data/raw/caltech256/256_ObjectCategories/041.coffee-mug/041_0080.jpg,40,041.coffee-mug
data/raw/caltech256/256_ObjectCategories/041.coffee-mug/041_0056.jpg,40,041.coffee-mug
data/raw/caltech256/256_ObjectCategories/041.coffee-mug/041_0008.jpg,40,041.coffee-mug
data/raw/caltech256/256_ObjectCategories/041.coffee-mug/041_0044.jpg,40,041.coffee-mug
data/raw/caltech256/256_ObjectCategories/041.coffee-mug/041_0051.jpg,40,041.coffee-mug
data/raw/caltech256/256_ObjectCategories/041.coffee-mug/041_0062.jpg,40,041.coffee-mug
data/raw/caltech256/256_ObjectCategories/041.coffee-mug/041_0037.jpg,40,041.coffee-mug
data/raw/caltech256/256_ObjectCategories/041.coffee-mug/041_0007.jpg,40,041.coffee-mug
data/raw/caltech256/256_ObjectCategories/041.coffee-mug/041_0071.jpg,40,041.coffee-mug
data/raw/caltech256/256_ObjectCategories/041.coffee-mug/041_0043.jpg,40,041.coffee-mug
data/raw/caltech256/256_ObjectCategories/041.coffee-mug/041_0012.jpg,40,041.coffee-mug
data/raw/caltech256/256_ObjectCategories/041.coffee-mug/041_0047.jpg,40,041.coffee-mug
data/raw/caltech256/256_ObjectCategories/041.coffee-mug/041_0048.jpg,40,041.coffee-mug
data/raw/caltech256/256_ObjectCategories/042.coffin/042_0023.jpg,41,042.coffin
data/raw/caltech256/256_ObjectCategories/042.coffin/042_0019.jpg,41,042.coffin
data/raw/caltech256/256_ObjectCategories/042.coffin/042_0035.jpg,41,042.coffin
data/raw/caltech256/256_ObjectCategories/042.coffin/042_0037.jpg,41,042.coffin
data/raw/caltech256/256_ObjectCategories/042.coffin/042_0007.jpg,41,042.coffin
data/raw/caltech256/256_ObjectCategories/042.coffin/042_0065.jpg,41,042.coffin
data/raw/caltech256/256_ObjectCategories/042.coffin/042_0014.jpg,41,042.coffin
data/raw/caltech256/256_ObjectCategories/042.coffin/042_0025.jpg,41,042.coffin
data/raw/caltech256/256_ObjectCategories/042.coffin/042_0039.jpg,41,042.coffin
data/raw/caltech256/256_ObjectCategories/042.coffin/042_0004.jpg,41,042.coffin
data/raw/caltech256/256_ObjectCategories/042.coffin/042_0015.jpg,41,042.coffin
data/raw/caltech256/256_ObjectCategories/042.coffin/042_0059.jpg,41,042.coffin
data/raw/caltech256/256_ObjectCategories/042.coffin/042_0003.jpg,41,042.coffin
data/raw/caltech256/256_ObjectCategories/042.coffin/042_0013.jpg,41,042.coffin
data/raw/caltech256/256_ObjectCategories/042.coffin/042_0036.jpg,41,042.coffin
data/raw/caltech256/256_ObjectCategories/042.coffin/042_0075.jpg,41,042.coffin
data/raw/caltech256/256_ObjectCategories/042.coffin/042_0016.jpg,41,042.coffin
data/raw/caltech256/256_ObjectCategories/042.coffin/042_0042.jpg,41,042.coffin
data/raw/caltech256/256_ObjectCategories/042.coffin/042_0074.jpg,41,042.coffin
data/raw/caltech256/256_ObjectCategories/042.coffin/042_0083.jpg,41,042.coffin
data/raw/caltech256/256_ObjectCategories/042.coffin/042_0027.jpg,41,042.coffin
data/raw/caltech256/256_ObjectCategories/042.coffin/042_0077.jpg,41,042.coffin
data/raw/caltech256/256_ObjectCategories/042.coffin/042_0022.jpg,41,042.coffin
data/raw/caltech256/256_ObjectCategories/042.coffin/042_0057.jpg,41,042.coffin
data/raw/caltech256/256_ObjectCategories/042.coffin/042_0052.jpg,41,042.coffin
data/raw/caltech256/256_ObjectCategories/042.coffin/042_0005.jpg,41,042.coffin
data/raw/caltech256/256_ObjectCategories/042.coffin/042_0045.jpg,41,042.coffin
data/raw/caltech256/256_ObjectCategories/042.coffin/042_0079.jpg,41,042.coffin
data/raw/caltech256/256_ObjectCategories/042.coffin/042_0060.jpg,41,042.coffin
data/raw/caltech256/256_ObjectCategories/042.coffin/042_0067.jpg,41,042.coffin
data/raw/caltech256/256_ObjectCategories/042.coffin/042_0030.jpg,41,042.coffin
data/raw/caltech256/256_ObjectCategories/043.coin/043_0082.jpg,42,043.coin
data/raw/caltech256/256_ObjectCategories/043.coin/043_0022.jpg,42,043.coin
data/raw/caltech256/256_ObjectCategories/043.coin/043_0069.jpg,42,043.coin
data/raw/caltech256/256_ObjectCategories/043.coin/043_0118.jpg,42,043.coin
data/raw/caltech256/256_ObjectCategories/043.coin/043_0110.jpg,42,043.coin
data/raw/caltech256/256_ObjectCategories/043.coin/043_0005.jpg,42,043.coin
data/raw/caltech256/256_ObjectCategories/043.coin/043_0098.jpg,42,043.coin
data/raw/caltech256/256_ObjectCategories/043.coin/043_0052.jpg,42,043.coin
data/raw/caltech256/256_ObjectCategories/043.coin/043_0093.jpg,42,043.coin
data/raw/caltech256/256_ObjectCategories/043.coin/043_0041.jpg,42,043.coin
data/raw/caltech256/256_ObjectCategories/043.coin/043_0066.jpg,42,043.coin
data/raw/caltech256/256_ObjectCategories/043.coin/043_0091.jpg,42,043.coin
data/raw/caltech256/256_ObjectCategories/043.coin/043_0063.jpg,42,043.coin
data/raw/caltech256/256_ObjectCategories/043.coin/043_0090.jpg,42,043.coin
data/raw/caltech256/256_ObjectCategories/043.coin/043_0100.jpg,42,043.coin
data/raw/caltech256/256_ObjectCategories/043.coin/043_0088.jpg,42,043.coin
data/raw/caltech256/256_ObjectCategories/043.coin/043_0071.jpg,42,043.coin
data/raw/caltech256/256_ObjectCategories/043.coin/043_0109.jpg,42,043.coin
data/raw/caltech256/256_ObjectCategories/043.coin/043_0001.jpg,42,043.coin
data/raw/caltech256/256_ObjectCategories/043.coin/043_0013.jpg,42,043.coin
data/raw/caltech256/256_ObjectCategories/043.coin/043_0018.jpg,42,043.coin
data/raw/caltech256/256_ObjectCategories/043.coin/043_0060.jpg,42,043.coin
data/raw/caltech256/256_ObjectCategories/043.coin/043_0043.jpg,42,043.coin
data/raw/caltech256/256_ObjectCategories/043.coin/043_0123.jpg,42,043.coin
data/raw/caltech256/256_ObjectCategories/043.coin/043_0057.jpg,42,043.coin
data/raw/caltech256/256_ObjectCategories/043.coin/043_0012.jpg,42,043.coin
data/raw/caltech256/256_ObjectCategories/043.coin/043_0053.jpg,42,043.coin
data/raw/caltech256/256_ObjectCategories/043.coin/043_0079.jpg,42,043.coin
data/raw/caltech256/256_ObjectCategories/043.coin/043_0055.jpg,42,043.coin
data/raw/caltech256/256_ObjectCategories/043.coin/043_0024.jpg,42,043.coin
data/raw/caltech256/256_ObjectCategories/043.coin/043_0115.jpg,42,043.coin
data/raw/caltech256/256_ObjectCategories/043.coin/043_0083.jpg,42,043.coin
data/raw/caltech256/256_ObjectCategories/043.coin/043_0120.jpg,42,043.coin
data/raw/caltech256/256_ObjectCategories/043.coin/043_0076.jpg,42,043.coin
data/raw/caltech256/256_ObjectCategories/043.coin/043_0080.jpg,42,043.coin
data/raw/caltech256/256_ObjectCategories/043.coin/043_0086.jpg,42,043.coin
data/raw/caltech256/256_ObjectCategories/043.coin/043_0017.jpg,42,043.coin
data/raw/caltech256/256_ObjectCategories/043.coin/043_0054.jpg,42,043.coin
data/raw/caltech256/256_ObjectCategories/043.coin/043_0008.jpg,42,043.coin
data/raw/caltech256/256_ObjectCategories/043.coin/043_0003.jpg,42,043.coin
data/raw/caltech256/256_ObjectCategories/043.coin/043_0094.jpg,42,043.coin
data/raw/caltech256/256_ObjectCategories/043.coin/043_0085.jpg,42,043.coin
data/raw/caltech256/256_ObjectCategories/043.coin/043_0061.jpg,42,043.coin
data/raw/caltech256/256_ObjectCategories/043.coin/043_0059.jpg,42,043.coin
data/raw/caltech256/256_ObjectCategories/044.comet/044_0026.jpg,43,044.comet
data/raw/caltech256/256_ObjectCategories/044.comet/044_0003.jpg,43,044.comet
data/raw/caltech256/256_ObjectCategories/044.comet/044_0007.jpg,43,044.comet
data/raw/caltech256/256_ObjectCategories/044.comet/044_0043.jpg,43,044.comet
data/raw/caltech256/256_ObjectCategories/044.comet/044_0057.jpg,43,044.comet
data/raw/caltech256/256_ObjectCategories/044.comet/044_0092.jpg,43,044.comet
data/raw/caltech256/256_ObjectCategories/044.comet/044_0075.jpg,43,044.comet
data/raw/caltech256/256_ObjectCategories/044.comet/044_0055.jpg,43,044.comet
data/raw/caltech256/256_ObjectCategories/044.comet/044_0102.jpg,43,044.comet
data/raw/caltech256/256_ObjectCategories/044.comet/044_0088.jpg,43,044.comet
data/raw/caltech256/256_ObjectCategories/044.comet/044_0097.jpg,43,044.comet
data/raw/caltech256/256_ObjectCategories/044.comet/044_0087.jpg,43,044.comet
data/raw/caltech256/256_ObjectCategories/044.comet/044_0100.jpg,43,044.comet
data/raw/caltech256/256_ObjectCategories/044.comet/044_0076.jpg,43,044.comet
data/raw/caltech256/256_ObjectCategories/044.comet/044_0113.jpg,43,044.comet
data/raw/caltech256/256_ObjectCategories/044.comet/044_0081.jpg,43,044.comet
data/raw/caltech256/256_ObjectCategories/044.comet/044_0083.jpg,43,044.comet
data/raw/caltech256/256_ObjectCategories/044.comet/044_0066.jpg,43,044.comet
data/raw/caltech256/256_ObjectCategories/044.comet/044_0089.jpg,43,044.comet
data/raw/caltech256/256_ObjectCategories/044.comet/044_0028.jpg,43,044.comet
data/raw/caltech256/256_ObjectCategories/044.comet/044_0120.jpg,43,044.comet
data/raw/caltech256/256_ObjectCategories/044.comet/044_0042.jpg,43,044.comet
data/raw/caltech256/256_ObjectCategories/044.comet/044_0107.jpg,43,044.comet
data/raw/caltech256/256_ObjectCategories/044.comet/044_0031.jpg,43,044.comet
data/raw/caltech256/256_ObjectCategories/044.comet/044_0060.jpg,43,044.comet
data/raw/caltech256/256_ObjectCategories/044.comet/044_0009.jpg,43,044.comet
data/raw/caltech256/256_ObjectCategories/044.comet/044_0049.jpg,43,044.comet
data/raw/caltech256/256_ObjectCategories/044.comet/044_0030.jpg,43,044.comet
data/raw/caltech256/256_ObjectCategories/044.comet/044_0074.jpg,43,044.comet
data/raw/caltech256/256_ObjectCategories/044.comet/044_0117.jpg,43,044.comet
data/raw/caltech256/256_ObjectCategories/044.comet/044_0053.jpg,43,044.comet
data/raw/caltech256/256_ObjectCategories/044.comet/044_0099.jpg,43,044.comet
data/raw/caltech256/256_ObjectCategories/044.comet/044_0063.jpg,43,044.comet
data/raw/caltech256/256_ObjectCategories/044.comet/044_0024.jpg,43,044.comet
data/raw/caltech256/256_ObjectCategories/044.comet/044_0040.jpg,43,044.comet
data/raw/caltech256/256_ObjectCategories/044.comet/044_0027.jpg,43,044.comet
data/raw/caltech256/256_ObjectCategories/044.comet/044_0016.jpg,43,044.comet
data/raw/caltech256/256_ObjectCategories/044.comet/044_0021.jpg,43,044.comet
data/raw/caltech256/256_ObjectCategories/044.comet/044_0109.jpg,43,044.comet
data/raw/caltech256/256_ObjectCategories/044.comet/044_0098.jpg,43,044.comet
data/raw/caltech256/256_ObjectCategories/044.comet/044_0101.jpg,43,044.comet
data/raw/caltech256/256_ObjectCategories/044.comet/044_0110.jpg,43,044.comet
data/raw/caltech256/256_ObjectCategories/044.comet/044_0111.jpg,43,044.comet
data/raw/caltech256/256_ObjectCategories/045.computer-keyboard/045_0006.jpg,44,045.computer-keyboard
data/raw/caltech256/256_ObjectCategories/045.computer-keyboard/045_0048.jpg,44,045.computer-keyboard
data/raw/caltech256/256_ObjectCategories/045.computer-keyboard/045_0077.jpg,44,045.computer-keyboard
data/raw/caltech256/256_ObjectCategories/045.computer-keyboard/045_0070.jpg,44,045.computer-keyboard
data/raw/caltech256/256_ObjectCategories/045.computer-keyboard/045_0040.jpg,44,045.computer-keyboard
data/raw/caltech256/256_ObjectCategories/045.computer-keyboard/045_0069.jpg,44,045.computer-keyboard
data/raw/caltech256/256_ObjectCategories/045.computer-keyboard/045_0082.jpg,44,045.computer-keyboard
data/raw/caltech256/256_ObjectCategories/045.computer-keyboard/045_0063.jpg,44,045.computer-keyboard
data/raw/caltech256/256_ObjectCategories/045.computer-keyboard/045_0058.jpg,44,045.computer-keyboard
data/raw/caltech256/256_ObjectCategories/045.computer-keyboard/045_0016.jpg,44,045.computer-keyboard
data/raw/caltech256/256_ObjectCategories/045.computer-keyboard/045_0042.jpg,44,045.computer-keyboard
data/raw/caltech256/256_ObjectCategories/045.computer-keyboard/045_0062.jpg,44,045.computer-keyboard
data/raw/caltech256/256_ObjectCategories/045.computer-keyboard/045_0001.jpg,44,045.computer-keyboard
data/raw/caltech256/256_ObjectCategories/045.computer-keyboard/045_0009.jpg,44,045.computer-keyboard
data/raw/caltech256/256_ObjectCategories/045.computer-keyboard/045_0083.jpg,44,045.computer-keyboard
data/raw/caltech256/256_ObjectCategories/045.computer-keyboard/045_0061.jpg,44,045.computer-keyboard
data/raw/caltech256/256_ObjectCategories/045.computer-keyboard/045_0033.jpg,44,045.computer-keyboard
data/raw/caltech256/256_ObjectCategories/045.computer-keyboard/045_0035.jpg,44,045.computer-keyboard
data/raw/caltech256/256_ObjectCategories/045.computer-keyboard/045_0060.jpg,44,045.computer-keyboard
data/raw/caltech256/256_ObjectCategories/045.computer-keyboard/045_0052.jpg,44,045.computer-keyboard
data/raw/caltech256/256_ObjectCategories/045.computer-keyboard/045_0043.jpg,44,045.computer-keyboard
data/raw/caltech256/256_ObjectCategories/045.computer-keyboard/045_0026.jpg,44,045.computer-keyboard
data/raw/caltech256/256_ObjectCategories/045.computer-keyboard/045_0039.jpg,44,045.computer-keyboard
data/raw/caltech256/256_ObjectCategories/045.computer-keyboard/045_0034.jpg,44,045.computer-keyboard
data/raw/caltech256/256_ObjectCategories/045.computer-keyboard/045_0029.jpg,44,045.computer-keyboard
data/raw/caltech256/256_ObjectCategories/045.computer-keyboard/045_0027.jpg,44,045.computer-keyboard
data/raw/caltech256/256_ObjectCategories/045.computer-keyboard/045_0014.jpg,44,045.computer-keyboard
data/raw/caltech256/256_ObjectCategories/045.computer-keyboard/045_0011.jpg,44,045.computer-keyboard
data/raw/caltech256/256_ObjectCategories/045.computer-keyboard/045_0067.jpg,44,045.computer-keyboard
data/raw/caltech256/256_ObjectCategories/045.computer-keyboard/045_0047.jpg,44,045.computer-keyboard
data/raw/caltech256/256_ObjectCategories/046.computer-monitor/046_0001.jpg,45,046.computer-monitor
data/raw/caltech256/256_ObjectCategories/046.computer-monitor/046_0060.jpg,45,046.computer-monitor
data/raw/caltech256/256_ObjectCategories/046.computer-monitor/046_0025.jpg,45,046.computer-monitor
data/raw/caltech256/256_ObjectCategories/046.computer-monitor/046_0032.jpg,45,046.computer-monitor
data/raw/caltech256/256_ObjectCategories/046.computer-monitor/046_0127.jpg,45,046.computer-monitor
data/raw/caltech256/256_ObjectCategories/046.computer-monitor/046_0099.jpg,45,046.computer-monitor
data/raw/caltech256/256_ObjectCategories/046.computer-monitor/046_0098.jpg,45,046.computer-monitor
data/raw/caltech256/256_ObjectCategories/046.computer-monitor/046_0052.jpg,45,046.computer-monitor
data/raw/caltech256/256_ObjectCategories/046.computer-monitor/046_0040.jpg,45,046.computer-monitor
data/raw/caltech256/256_ObjectCategories/046.computer-monitor/046_0042.jpg,45,046.computer-monitor
data/raw/caltech256/256_ObjectCategories/046.computer-monitor/046_0072.jpg,45,046.computer-monitor
data/raw/caltech256/256_ObjectCategories/046.computer-monitor/046_0125.jpg,45,046.computer-monitor
data/raw/caltech256/256_ObjectCategories/046.computer-monitor/046_0018.jpg,45,046.computer-monitor
data/raw/caltech256/256_ObjectCategories/046.computer-monitor/046_0076.jpg,45,046.computer-monitor
data/raw/caltech256/256_ObjectCategories/046.computer-monitor/046_0051.jpg,45,046.computer-monitor
data/raw/caltech256/256_ObjectCategories/046.computer-monitor/046_0133.jpg,45,046.computer-monitor
data/raw/caltech256/256_ObjectCategories/046.computer-monitor/046_0116.jpg,45,046.computer-monitor
data/raw/caltech256/256_ObjectCategories/046.computer-monitor/046_0130.jpg,45,046.computer-monitor
data/raw/caltech256/256_ObjectCategories/046.computer-monitor/046_0071.jpg,45,046.computer-monitor
data/raw/caltech256/256_ObjectCategories/046.computer-monitor/046_0081.jpg,45,046.computer-monitor
data/raw/caltech256/256_ObjectCategories/046.computer-monitor/046_0030.jpg,45,046.computer-monitor
data/raw/caltech256/256_ObjectCategories/046.computer-monitor/046_0093.jpg,45,046.computer-monitor
data/raw/caltech256/256_ObjectCategories/046.computer-monitor/046_0088.jpg,45,046.computer-monitor
data/raw/caltech256/256_ObjectCategories/046.computer-monitor/046_0082.jpg,45,046.computer-monitor
data/raw/caltech256/256_ObjectCategories/046.computer-monitor/046_0123.jpg,45,046.computer-monitor
data/raw/caltech256/256_ObjectCategories/046.computer-monitor/046_0083.jpg,45,046.computer-monitor
data/raw/caltech256/256_ObjectCategories/046.computer-monitor/046_0017.jpg,45,046.computer-monitor
data/raw/caltech256/256_ObjectCategories/046.computer-monitor/046_0078.jpg,45,046.computer-monitor
data/raw/caltech256/256_ObjectCategories/046.computer-monitor/046_0062.jpg,45,046.computer-monitor
data/raw/caltech256/256_ObjectCategories/046.computer-monitor/046_0055.jpg,45,046.computer-monitor
data/raw/caltech256/256_ObjectCategories/046.computer-monitor/046_0120.jpg,45,046.computer-monitor
data/raw/caltech256/256_ObjectCategories/046.computer-monitor/046_0016.jpg,45,046.computer-monitor
data/raw/caltech256/256_ObjectCategories/046.computer-monitor/046_0024.jpg,45,046.computer-monitor
data/raw/caltech256/256_ObjectCategories/046.computer-monitor/046_0033.jpg,45,046.computer-monitor
data/raw/caltech256/256_ObjectCategories/046.computer-monitor/046_0006.jpg,45,046.computer-monitor
data/raw/caltech256/256_ObjectCategories/046.computer-monitor/046_0050.jpg,45,046.computer-monitor
data/raw/caltech256/256_ObjectCategories/046.computer-monitor/046_0074.jpg,45,046.computer-monitor
data/raw/caltech256/256_ObjectCategories/046.computer-monitor/046_0058.jpg,45,046.computer-monitor
data/raw/caltech256/256_ObjectCategories/046.computer-monitor/046_0002.jpg,45,046.computer-monitor
data/raw/caltech256/256_ObjectCategories/046.computer-monitor/046_0079.jpg,45,046.computer-monitor
data/raw/caltech256/256_ObjectCategories/046.computer-monitor/046_0039.jpg,45,046.computer-monitor
data/raw/caltech256/256_ObjectCategories/046.computer-monitor/046_0075.jpg,45,046.computer-monitor
data/raw/caltech256/256_ObjectCategories/046.computer-monitor/046_0084.jpg,45,046.computer-monitor
data/raw/caltech256/256_ObjectCategories/046.computer-monitor/046_0003.jpg,45,046.computer-monitor
data/raw/caltech256/256_ObjectCategories/046.computer-monitor/046_0102.jpg,45,046.computer-monitor
data/raw/caltech256/256_ObjectCategories/046.computer-monitor/046_0118.jpg,45,046.computer-monitor
data/raw/caltech256/256_ObjectCategories/046.computer-monitor/046_0004.jpg,45,046.computer-monitor
data/raw/caltech256/256_ObjectCategories/047.computer-mouse/047_0075.jpg,46,047.computer-mouse
data/raw/caltech256/256_ObjectCategories/047.computer-mouse/047_0048.jpg,46,047.computer-mouse
data/raw/caltech256/256_ObjectCategories/047.computer-mouse/047_0082.jpg,46,047.computer-mouse
data/raw/caltech256/256_ObjectCategories/047.computer-mouse/047_0001.jpg,46,047.computer-mouse
data/raw/caltech256/256_ObjectCategories/047.computer-mouse/047_0035.jpg,46,047.computer-mouse
data/raw/caltech256/256_ObjectCategories/047.computer-mouse/047_0063.jpg,46,047.computer-mouse
data/raw/caltech256/256_ObjectCategories/047.computer-mouse/047_0055.jpg,46,047.computer-mouse
data/raw/caltech256/256_ObjectCategories/047.computer-mouse/047_0028.jpg,46,047.computer-mouse
data/raw/caltech256/256_ObjectCategories/047.computer-mouse/047_0057.jpg,46,047.computer-mouse
data/raw/caltech256/256_ObjectCategories/047.computer-mouse/047_0064.jpg,46,047.computer-mouse
data/raw/caltech256/256_ObjectCategories/047.computer-mouse/047_0012.jpg,46,047.computer-mouse
data/raw/caltech256/256_ObjectCategories/047.computer-mouse/047_0053.jpg,46,047.computer-mouse
data/raw/caltech256/256_ObjectCategories/047.computer-mouse/047_0015.jpg,46,047.computer-mouse
data/raw/caltech256/256_ObjectCategories/047.computer-mouse/047_0061.jpg,46,047.computer-mouse
data/raw/caltech256/256_ObjectCategories/047.computer-mouse/047_0066.jpg,46,047.computer-mouse
data/raw/caltech256/256_ObjectCategories/047.computer-mouse/047_0043.jpg,46,047.computer-mouse
data/raw/caltech256/256_ObjectCategories/047.computer-mouse/047_0065.jpg,46,047.computer-mouse
data/raw/caltech256/256_ObjectCategories/047.computer-mouse/047_0006.jpg,46,047.computer-mouse
data/raw/caltech256/256_ObjectCategories/047.computer-mouse/047_0092.jpg,46,047.computer-mouse
data/raw/caltech256/256_ObjectCategories/047.computer-mouse/047_0017.jpg,46,047.computer-mouse
data/raw/caltech256/256_ObjectCategories/047.computer-mouse/047_0078.jpg,46,047.computer-mouse
data/raw/caltech256/256_ObjectCategories/047.computer-mouse/047_0036.jpg,46,047.computer-mouse
data/raw/caltech256/256_ObjectCategories/047.computer-mouse/047_0005.jpg,46,047.computer-mouse
data/raw/caltech256/256_ObjectCategories/047.computer-mouse/047_0004.jpg,46,047.computer-mouse
data/raw/caltech256/256_ObjectCategories/047.computer-mouse/047_0025.jpg,46,047.computer-mouse
data/raw/caltech256/256_ObjectCategories/047.computer-mouse/047_0050.jpg,46,047.computer-mouse
data/raw/caltech256/256_ObjectCategories/047.computer-mouse/047_0022.jpg,46,047.computer-mouse
data/raw/caltech256/256_ObjectCategories/047.computer-mouse/047_0044.jpg,46,047.computer-mouse
data/raw/caltech256/256_ObjectCategories/047.computer-mouse/047_0051.jpg,46,047.computer-mouse
data/raw/caltech256/256_ObjectCategories/047.computer-mouse/047_0046.jpg,46,047.computer-mouse
data/raw/caltech256/256_ObjectCategories/047.computer-mouse/047_0077.jpg,46,047.computer-mouse
data/raw/caltech256/256_ObjectCategories/047.computer-mouse/047_0008.jpg,46,047.computer-mouse
data/raw/caltech256/256_ObjectCategories/047.computer-mouse/047_0009.jpg,46,047.computer-mouse
data/raw/caltech256/256_ObjectCategories/048.conch/048_0058.jpg,47,048.conch
data/raw/caltech256/256_ObjectCategories/048.conch/048_0036.jpg,47,048.conch
data/raw/caltech256/256_ObjectCategories/048.conch/048_0043.jpg,47,048.conch
data/raw/caltech256/256_ObjectCategories/048.conch/048_0023.jpg,47,048.conch
data/raw/caltech256/256_ObjectCategories/048.conch/048_0101.jpg,47,048.conch
data/raw/caltech256/256_ObjectCategories/048.conch/048_0083.jpg,47,048.conch
data/raw/caltech256/256_ObjectCategories/048.conch/048_0027.jpg,47,048.conch
data/raw/caltech256/256_ObjectCategories/048.conch/048_0038.jpg,47,048.conch
data/raw/caltech256/256_ObjectCategories/048.conch/048_0103.jpg,47,048.conch
data/raw/caltech256/256_ObjectCategories/048.conch/048_0014.jpg,47,048.conch
data/raw/caltech256/256_ObjectCategories/048.conch/048_0010.jpg,47,048.conch
data/raw/caltech256/256_ObjectCategories/048.conch/048_0045.jpg,47,048.conch
data/raw/caltech256/256_ObjectCategories/048.conch/048_0071.jpg,47,048.conch
data/raw/caltech256/256_ObjectCategories/048.conch/048_0095.jpg,47,048.conch
data/raw/caltech256/256_ObjectCategories/048.conch/048_0100.jpg,47,048.conch
data/raw/caltech256/256_ObjectCategories/048.conch/048_0092.jpg,47,048.conch
data/raw/caltech256/256_ObjectCategories/048.conch/048_0002.jpg,47,048.conch
data/raw/caltech256/256_ObjectCategories/048.conch/048_0022.jpg,47,048.conch
data/raw/caltech256/256_ObjectCategories/048.conch/048_0007.jpg,47,048.conch
data/raw/caltech256/256_ObjectCategories/048.conch/048_0009.jpg,47,048.conch
data/raw/caltech256/256_ObjectCategories/048.conch/048_0041.jpg,47,048.conch
data/raw/caltech256/256_ObjectCategories/048.conch/048_0050.jpg,47,048.conch
data/raw/caltech256/256_ObjectCategories/048.conch/048_0030.jpg,47,048.conch
data/raw/caltech256/256_ObjectCategories/048.conch/048_0019.jpg,47,048.conch
data/raw/caltech256/256_ObjectCategories/048.conch/048_0048.jpg,47,048.conch
data/raw/caltech256/256_ObjectCategories/048.conch/048_0063.jpg,47,048.conch
data/raw/caltech256/256_ObjectCategories/048.conch/048_0062.jpg,47,048.conch
data/raw/caltech256/256_ObjectCategories/048.conch/048_0003.jpg,47,048.conch
data/raw/caltech256/256_ObjectCategories/048.conch/048_0055.jpg,47,048.conch
data/raw/caltech256/256_ObjectCategories/048.conch/048_0021.jpg,47,048.conch
data/raw/caltech256/256_ObjectCategories/048.conch/048_0015.jpg,47,048.conch
data/raw/caltech256/256_ObjectCategories/048.conch/048_0085.jpg,47,048.conch
data/raw/caltech256/256_ObjectCategories/048.conch/048_0044.jpg,47,048.conch
data/raw/caltech256/256_ObjectCategories/048.conch/048_0078.jpg,47,048.conch
data/raw/caltech256/256_ObjectCategories/048.conch/048_0093.jpg,47,048.conch
data/raw/caltech256/256_ObjectCategories/048.conch/048_0097.jpg,47,048.conch
data/raw/caltech256/256_ObjectCategories/049.cormorant/049_0063.jpg,48,049.cormorant
data/raw/caltech256/256_ObjectCategories/049.cormorant/049_0028.jpg,48,049.cormorant
data/raw/caltech256/256_ObjectCategories/049.cormorant/049_0050.jpg,48,049.cormorant
data/raw/caltech256/256_ObjectCategories/049.cormorant/049_0043.jpg,48,049.cormorant
data/raw/caltech256/256_ObjectCategories/049.cormorant/049_0088.jpg,48,049.cormorant
data/raw/caltech256/256_ObjectCategories/049.cormorant/049_0022.jpg,48,049.cormorant
data/raw/caltech256/256_ObjectCategories/049.cormorant/049_0045.jpg,48,049.cormorant
data/raw/caltech256/256_ObjectCategories/049.cormorant/049_0070.jpg,48,049.cormorant
data/raw/caltech256/256_ObjectCategories/049.cormorant/049_0041.jpg,48,049.cormorant
data/raw/caltech256/256_ObjectCategories/049.cormorant/049_0027.jpg,48,049.cormorant
data/raw/caltech256/256_ObjectCategories/049.cormorant/049_0093.jpg,48,049.cormorant
data/raw/caltech256/256_ObjectCategories/049.cormorant/049_0018.jpg,48,049.cormorant
data/raw/caltech256/256_ObjectCategories/049.cormorant/049_0004.jpg,48,049.cormorant
data/raw/caltech256/256_ObjectCategories/049.cormorant/049_0015.jpg,48,049.cormorant
data/raw/caltech256/256_ObjectCategories/049.cormorant/049_0047.jpg,48,049.cormorant
data/raw/caltech256/256_ObjectCategories/049.cormorant/049_0011.jpg,48,049.cormorant
data/raw/caltech256/256_ObjectCategories/049.cormorant/049_0005.jpg,48,049.cormorant
data/raw/caltech256/256_ObjectCategories/049.cormorant/049_0101.jpg,48,049.cormorant
data/raw/caltech256/256_ObjectCategories/049.cormorant/049_0035.jpg,48,049.cormorant
data/raw/caltech256/256_ObjectCategories/049.cormorant/049_0099.jpg,48,049.cormorant
data/raw/caltech256/256_ObjectCategories/049.cormorant/049_0061.jpg,48,049.cormorant
data/raw/caltech256/256_ObjectCategories/049.cormorant/049_0010.jpg,48,049.cormorant
data/raw/caltech256/256_ObjectCategories/049.cormorant/049_0073.jpg,48,049.cormorant
data/raw/caltech256/256_ObjectCategories/049.cormorant/049_0023.jpg,48,049.cormorant
data/raw/caltech256/256_ObjectCategories/049.cormorant/049_0052.jpg,48,049.cormorant
data/raw/caltech256/256_ObjectCategories/049.cormorant/049_0090.jpg,48,049.cormorant
data/raw/caltech256/256_ObjectCategories/049.cormorant/049_0066.jpg,48,049.cormorant
data/raw/caltech256/256_ObjectCategories/049.cormorant/049_0017.jpg,48,049.cormorant
data/raw/caltech256/256_ObjectCategories/049.cormorant/049_0059.jpg,48,049.cormorant
data/raw/caltech256/256_ObjectCategories/049.cormorant/049_0039.jpg,48,049.cormorant
data/raw/caltech256/256_ObjectCategories/049.cormorant/049_0085.jpg,48,049.cormorant
data/raw/caltech256/256_ObjectCategories/049.cormorant/049_0030.jpg,48,049.cormorant
data/raw/caltech256/256_ObjectCategories/049.cormorant/049_0054.jpg,48,049.cormorant
data/raw/caltech256/256_ObjectCategories/049.cormorant/049_0094.jpg,48,049.cormorant
data/raw/caltech256/256_ObjectCategories/049.cormorant/049_0037.jpg,48,049.cormorant
data/raw/caltech256/256_ObjectCategories/049.cormorant/049_0092.jpg,48,049.cormorant
data/raw/caltech256/256_ObjectCategories/049.cormorant/049_0009.jpg,48,049.cormorant
data/raw/caltech256/256_ObjectCategories/050.covered-wagon/050_0019.jpg,49,050.covered-wagon
data/raw/caltech256/256_ObjectCategories/050.covered-wagon/050_0025.jpg,49,050.covered-wagon
data/raw/caltech256/256_ObjectCategories/050.covered-wagon/050_0085.jpg,49,050.covered-wagon
data/raw/caltech256/256_ObjectCategories/050.covered-wagon/050_0094.jpg,49,050.covered-wagon
data/raw/caltech256/256_ObjectCategories/050.covered-wagon/050_0075.jpg,49,050.covered-wagon
data/raw/caltech256/256_ObjectCategories/050.covered-wagon/050_0028.jpg,49,050.covered-wagon
data/raw/caltech256/256_ObjectCategories/050.covered-wagon/050_0077.jpg,49,050.covered-wagon
data/raw/caltech256/256_ObjectCategories/050.covered-wagon/050_0070.jpg,49,050.covered-wagon
data/raw/caltech256/256_ObjectCategories/050.covered-wagon/050_0034.jpg,49,050.covered-wagon
data/raw/caltech256/256_ObjectCategories/050.covered-wagon/050_0022.jpg,49,050.covered-wagon
data/raw/caltech256/256_ObjectCategories/050.covered-wagon/050_0015.jpg,49,050.covered-wagon
data/raw/caltech256/256_ObjectCategories/050.covered-wagon/050_0016.jpg,49,050.covered-wagon
data/raw/caltech256/256_ObjectCategories/050.covered-wagon/050_0017.jpg,49,050.covered-wagon
data/raw/caltech256/256_ObjectCategories/050.covered-wagon/050_0042.jpg,49,050.covered-wagon
data/raw/caltech256/256_ObjectCategories/050.covered-wagon/050_0071.jpg,49,050.covered-wagon
data/raw/caltech256/256_ObjectCategories/050.covered-wagon/050_0010.jpg,49,050.covered-wagon
data/raw/caltech256/256_ObjectCategories/050.covered-wagon/050_0008.jpg,49,050.covered-wagon
data/raw/caltech256/256_ObjectCategories/050.covered-wagon/050_0014.jpg,49,050.covered-wagon
data/raw/caltech256/256_ObjectCategories/050.covered-wagon/050_0035.jpg,49,050.covered-wagon
data/raw/caltech256/256_ObjectCategories/050.covered-wagon/050_0004.jpg,49,050.covered-wagon
data/raw/caltech256/256_ObjectCategories/050.covered-wagon/050_0079.jpg,49,050.covered-wagon
data/raw/caltech256/256_ObjectCategories/050.covered-wagon/050_0065.jpg,49,050.covered-wagon
data/raw/caltech256/256_ObjectCategories/050.covered-wagon/050_0054.jpg,49,050.covered-wagon
data/raw/caltech256/256_ObjectCategories/050.covered-wagon/050_0031.jpg,49,050.covered-wagon
data/raw/caltech256/256_ObjectCategories/050.covered-wagon/050_0084.jpg,49,050.covered-wagon
data/raw/caltech256/256_ObjectCategories/050.covered-wagon/050_0082.jpg,49,050.covered-wagon
data/raw/caltech256/256_ObjectCategories/050.covered-wagon/050_0074.jpg,49,050.covered-wagon
data/raw/caltech256/256_ObjectCategories/050.covered-wagon/050_0089.jpg,49,050.covered-wagon
data/raw/caltech256/256_ObjectCategories/050.covered-wagon/050_0081.jpg,49,050.covered-wagon
data/raw/caltech256/256_ObjectCategories/050.covered-wagon/050_0038.jpg,49,050.covered-wagon
data/raw/caltech256/256_ObjectCategories/050.covered-wagon/050_0076.jpg,49,050.covered-wagon
data/raw/caltech256/256_ObjectCategories/050.covered-wagon/050_0072.jpg,49,050.covered-wagon
data/raw/caltech256/256_ObjectCategories/050.covered-wagon/050_0055.jpg,49,050.covered-wagon
data/raw/caltech256/256_ObjectCategories/050.covered-wagon/050_0011.jpg,49,050.covered-wagon
data/raw/caltech256/256_ObjectCategories/051.cowboy-hat/051_0011.jpg,50,051.cowboy-hat
data/raw/caltech256/256_ObjectCategories/051.cowboy-hat/051_0058.jpg,50,051.cowboy-hat
data/raw/caltech256/256_ObjectCategories/051.cowboy-hat/051_0064.jpg,50,051.cowboy-hat
data/raw/caltech256/256_ObjectCategories/051.cowboy-hat/051_0029.jpg,50,051.cowboy-hat
data/raw/caltech256/256_ObjectCategories/051.cowboy-hat/051_0067.jpg,50,051.cowboy-hat
data/raw/caltech256/256_ObjectCategories/051.cowboy-hat/051_0049.jpg,50,051.cowboy-hat
data/raw/caltech256/256_ObjectCategories/051.cowboy-hat/051_0074.jpg,50,051.cowboy-hat
data/raw/caltech256/256_ObjectCategories/051.cowboy-hat/051_0059.jpg,50,051.cowboy-hat
data/raw/caltech256/256_ObjectCategories/051.cowboy-hat/051_0047.jpg,50,051.cowboy-hat
data/raw/caltech256/256_ObjectCategories/051.cowboy-hat/051_0020.jpg,50,051.cowboy-hat
data/raw/caltech256/256_ObjectCategories/051.cowboy-hat/051_0102.jpg,50,051.cowboy-hat
data/raw/caltech256/256_ObjectCategories/051.cowboy-hat/051_0071.jpg,50,051.cowboy-hat
data/raw/caltech256/256_ObjectCategories/051.cowboy-hat/051_0016.jpg,50,051.cowboy-hat
data/raw/caltech256/256_ObjectCategories/051.cowboy-hat/051_0075.jpg,50,051.cowboy-hat
data/raw/caltech256/256_ObjectCategories/051.cowboy-hat/051_0001.jpg,50,051.cowboy-hat
data/raw/caltech256/256_ObjectCategories/051.cowboy-hat/051_0070.jpg,50,051.cowboy-hat
data/raw/caltech256/256_ObjectCategories/051.cowboy-hat/051_0109.jpg,50,051.cowboy-hat
data/raw/caltech256/256_ObjectCategories/051.cowboy-hat/051_0041.jpg,50,051.cowboy-hat
data/raw/caltech256/256_ObjectCategories/051.cowboy-hat/051_0004.jpg,50,051.cowboy-hat
data/raw/caltech256/256_ObjectCategories/051.cowboy-hat/051_0106.jpg,50,051.cowboy-hat
data/raw/caltech256/256_ObjectCategories/051.cowboy-hat/051_0035.jpg,50,051.cowboy-hat
data/raw/caltech256/256_ObjectCategories/051.cowboy-hat/051_0039.jpg,50,051.cowboy-hat
data/raw/caltech256/256_ObjectCategories/051.cowboy-hat/051_0073.jpg,50,051.cowboy-hat
data/raw/caltech256/256_ObjectCategories/051.cowboy-hat/051_0013.jpg,50,051.cowboy-hat
data/raw/caltech256/256_ObjectCategories/051.cowboy-hat/051_0099.jpg,50,051.cowboy-hat
data/raw/caltech256/256_ObjectCategories/051.cowboy-hat/051_0050.jpg,50,051.cowboy-hat
data/raw/caltech256/256_ObjectCategories/051.cowboy-hat/051_0101.jpg,50,051.cowboy-hat
data/raw/caltech256/256_ObjectCategories/051.cowboy-hat/051_0045.jpg,50,051.cowboy-hat
data/raw/caltech256/256_ObjectCategories/051.cowboy-hat/051_0082.jpg,50,051.cowboy-hat
data/raw/caltech256/256_ObjectCategories/051.cowboy-hat/051_0061.jpg,50,051.cowboy-hat
data/raw/caltech256/256_ObjectCategories/051.cowboy-hat/051_0098.jpg,50,051.cowboy-hat
data/raw/caltech256/256_ObjectCategories/051.cowboy-hat/051_0034.jpg,50,051.cowboy-hat
data/raw/caltech256/256_ObjectCategories/051.cowboy-hat/051_0057.jpg,50,051.cowboy-hat
data/raw/caltech256/256_ObjectCategories/051.cowboy-hat/051_0105.jpg,50,051.cowboy-hat
data/raw/caltech256/256_ObjectCategories/051.cowboy-hat/051_0104.jpg,50,051.cowboy-hat
data/raw/caltech256/256_ObjectCategories/051.cowboy-hat/051_0113.jpg,50,051.cowboy-hat
data/raw/caltech256/256_ObjectCategories/051.cowboy-hat/051_0023.jpg,50,051.cowboy-hat
data/raw/caltech256/256_ObjectCategories/051.cowboy-hat/051_0027.jpg,50,051.cowboy-hat
data/raw/caltech256/256_ObjectCategories/051.cowboy-hat/051_0026.jpg,50,051.cowboy-hat
data/raw/caltech256/256_ObjectCategories/051.cowboy-hat/051_0069.jpg,50,051.cowboy-hat
data/raw/caltech256/256_ObjectCategories/052.crab-101/052_0025.jpg,51,052.crab-101
data/raw/caltech256/256_ObjectCategories/052.crab-101/052_0038.jpg,51,052.crab-101
data/raw/caltech256/256_ObjectCategories/052.crab-101/052_0034.jpg,51,052.crab-101
data/raw/caltech256/256_ObjectCategories/052.crab-101/052_0037.jpg,51,052.crab-101
data/raw/caltech256/256_ObjectCategories/052.crab-101/052_0074.jpg,51,052.crab-101
data/raw/caltech256/256_ObjectCategories/052.crab-101/052_0028.jpg,51,052.crab-101
data/raw/caltech256/256_ObjectCategories/052.crab-101/052_0022.jpg,51,052.crab-101
data/raw/caltech256/256_ObjectCategories/052.crab-101/052_0010.jpg,51,052.crab-101
data/raw/caltech256/256_ObjectCategories/052.crab-101/052_0013.jpg,51,052.crab-101
data/raw/caltech256/256_ObjectCategories/052.crab-101/052_0070.jpg,51,052.crab-101
data/raw/caltech256/256_ObjectCategories/052.crab-101/052_0032.jpg,51,052.crab-101
data/raw/caltech256/256_ObjectCategories/052.crab-101/052_0063.jpg,51,052.crab-101
data/raw/caltech256/256_ObjectCategories/052.crab-101/052_0019.jpg,51,052.crab-101
data/raw/caltech256/256_ObjectCategories/052.crab-101/052_0073.jpg,51,052.crab-101
data/raw/caltech256/256_ObjectCategories/052.crab-101/052_0008.jpg,51,052.crab-101
data/raw/caltech256/256_ObjectCategories/052.crab-101/052_0081.jpg,51,052.crab-101
data/raw/caltech256/256_ObjectCategories/052.crab-101/052_0053.jpg,51,052.crab-101
data/raw/caltech256/256_ObjectCategories/052.crab-101/052_0031.jpg,51,052.crab-101
data/raw/caltech256/256_ObjectCategories/052.crab-101/052_0050.jpg,51,052.crab-101
data/raw/caltech256/256_ObjectCategories/052.crab-101/052_0016.jpg,51,052.crab-101
data/raw/caltech256/256_ObjectCategories/052.crab-101/052_0076.jpg,51,052.crab-101
data/raw/caltech256/256_ObjectCategories/052.crab-101/052_0064.jpg,51,052.crab-101
data/raw/caltech256/256_ObjectCategories/052.crab-101/052_0066.jpg,51,052.crab-101
data/raw/caltech256/256_ObjectCategories/052.crab-101/052_0041.jpg,51,052.crab-101
data/raw/caltech256/256_ObjectCategories/052.crab-101/052_0021.jpg,51,052.crab-101
data/raw/caltech256/256_ObjectCategories/052.crab-101/052_0065.jpg,51,052.crab-101
data/raw/caltech256/256_ObjectCategories/052.crab-101/052_0082.jpg,51,052.crab-101
data/raw/caltech256/256_ObjectCategories/052.crab-101/052_0033.jpg,51,052.crab-101
data/raw/caltech256/256_ObjectCategories/052.crab-101/052_0071.jpg,51,052.crab-101
data/raw/caltech256/256_ObjectCategories/052.crab-101/052_0049.jpg,51,052.crab-101
data/raw/caltech256/256_ObjectCategories/053.desk-globe/053_0010.jpg,52,053.desk-globe
data/raw/caltech256/256_ObjectCategories/053.desk-globe/053_0031.jpg,52,053.desk-globe
data/raw/caltech256/256_ObjectCategories/053.desk-globe/053_0074.jpg,52,053.desk-globe
data/raw/caltech256/256_ObjectCategories/053.desk-globe/053_0066.jpg,52,053.desk-globe
data/raw/caltech256/256_ObjectCategories/053.desk-globe/053_0009.jpg,52,053.desk-globe
data/raw/caltech256/256_ObjectCategories/053.desk-globe/053_0044.jpg,52,053.desk-globe
data/raw/caltech256/256_ObjectCategories/053.desk-globe/053_0025.jpg,52,053.desk-globe
data/raw/caltech256/256_ObjectCategories/053.desk-globe/053_0012.jpg,52,053.desk-globe
data/raw/caltech256/256_ObjectCategories/053.desk-globe/053_0059.jpg,52,053.desk-globe
data/raw/caltech256/256_ObjectCategories/053.desk-globe/053_0069.jpg,52,053.desk-globe
data/raw/caltech256/256_ObjectCategories/053.desk-globe/053_0002.jpg,52,053.desk-globe
data/raw/caltech256/256_ObjectCategories/053.desk-globe/053_0024.jpg,52,053.desk-globe
data/raw/caltech256/256_ObjectCategories/053.desk-globe/053_0068.jpg,52,053.desk-globe
data/raw/caltech256/256_ObjectCategories/053.desk-globe/053_0001.jpg,52,053.desk-globe
data/raw/caltech256/256_ObjectCategories/053.desk-globe/053_0075.jpg,52,053.desk-globe
data/raw/caltech256/256_ObjectCategories/053.desk-globe/053_0070.jpg,52,053.desk-globe
data/raw/caltech256/256_ObjectCategories/053.desk-globe/053_0033.jpg,52,053.desk-globe
data/raw/caltech256/256_ObjectCategories/053.desk-globe/053_0076.jpg,52,053.desk-globe
data/raw/caltech256/256_ObjectCategories/053.desk-globe/053_0016.jpg,52,053.desk-globe
data/raw/caltech256/256_ObjectCategories/053.desk-globe/053_0015.jpg,52,053.desk-globe
data/raw/caltech256/256_ObjectCategories/053.desk-globe/053_0029.jpg,52,053.desk-globe
data/raw/caltech256/256_ObjectCategories/053.desk-globe/053_0072.jpg,52,053.desk-globe
data/raw/caltech256/256_ObjectCategories/053.desk-globe/053_0050.jpg,52,053.desk-globe
data/raw/caltech256/256_ObjectCategories/053.desk-globe/053_0048.jpg,52,053.desk-globe
data/raw/caltech256/256_ObjectCategories/053.desk-globe/053_0058.jpg,52,053.desk-globe
data/raw/caltech256/256_ObjectCategories/053.desk-globe/053_0052.jpg,52,053.desk-globe
data/raw/caltech256/256_ObjectCategories/053.desk-globe/053_0042.jpg,52,053.desk-globe
data/raw/caltech256/256_ObjectCategories/053.desk-globe/053_0019.jpg,52,053.desk-globe
data/raw/caltech256/256_ObjectCategories/053.desk-globe/053_0008.jpg,52,053.desk-globe
data/raw/caltech256/256_ObjectCategories/054.diamond-ring/054_0048.jpg,53,054.diamond-ring
data/raw/caltech256/256_ObjectCategories/054.diamond-ring/054_0073.jpg,53,054.diamond-ring
data/raw/caltech256/256_ObjectCategories/054.diamond-ring/054_0084.jpg,53,054.diamond-ring
data/raw/caltech256/256_ObjectCategories/054.diamond-ring/054_0029.jpg,53,054.diamond-ring
data/raw/caltech256/256_ObjectCategories/054.diamond-ring/054_0013.jpg,53,054.diamond-ring
data/raw/caltech256/256_ObjectCategories/054.diamond-ring/054_0047.jpg,53,054.diamond-ring
data/raw/caltech256/256_ObjectCategories/054.diamond-ring/054_0033.jpg,53,054.diamond-ring
data/raw/caltech256/256_ObjectCategories/054.diamond-ring/054_0031.jpg,53,054.diamond-ring
data/raw/caltech256/256_ObjectCategories/054.diamond-ring/054_0060.jpg,53,054.diamond-ring
data/raw/caltech256/256_ObjectCategories/054.diamond-ring/054_0051.jpg,53,054.diamond-ring
data/raw/caltech256/256_ObjectCategories/054.diamond-ring/054_0112.jpg,53,054.diamond-ring
data/raw/caltech256/256_ObjectCategories/054.diamond-ring/054_0091.jpg,53,054.diamond-ring
data/raw/caltech256/256_ObjectCategories/054.diamond-ring/054_0012.jpg,53,054.diamond-ring
data/raw/caltech256/256_ObjectCategories/054.diamond-ring/054_0062.jpg,53,054.diamond-ring
data/raw/caltech256/256_ObjectCategories/054.diamond-ring/054_0011.jpg,53,054.diamond-ring
data/raw/caltech256/256_ObjectCategories/054.diamond-ring/054_0094.jpg,53,054.diamond-ring
data/raw/caltech256/256_ObjectCategories/054.diamond-ring/054_0039.jpg,53,054.diamond-ring
data/raw/caltech256/256_ObjectCategories/054.diamond-ring/054_0064.jpg,53,054.diamond-ring
data/raw/caltech256/256_ObjectCategories/054.diamond-ring/054_0111.jpg,53,054.diamond-ring
data/raw/caltech256/256_ObjectCategories/054.diamond-ring/054_0043.jpg,53,054.diamond-ring
data/raw/caltech256/256_ObjectCategories/054.diamond-ring/054_0001.jpg,53,054.diamond-ring
data/raw/caltech256/256_ObjectCategories/054.diamond-ring/054_0100.jpg,53,054.diamond-ring
data/raw/caltech256/256_ObjectCategories/054.diamond-ring/054_0087.jpg,53,054.diamond-ring
data/raw/caltech256/256_ObjectCategories/054.diamond-ring/054_0032.jpg,53,054.diamond-ring
data/raw/caltech256/256_ObjectCategories/054.diamond-ring/054_0105.jpg,53,054.diamond-ring
data/raw/caltech256/256_ObjectCategories/054.diamond-ring/054_0024.jpg,53,054.diamond-ring
data/raw/caltech256/256_ObjectCategories/054.diamond-ring/054_0038.jpg,53,054.diamond-ring
data/raw/caltech256/256_ObjectCategories/054.diamond-ring/054_0099.jpg,53,054.diamond-ring
data/raw/caltech256/256_ObjectCategories/054.diamond-ring/054_0014.jpg,53,054.diamond-ring
data/raw/caltech256/256_ObjectCategories/054.diamond-ring/054_0090.jpg,53,054.diamond-ring
data/raw/caltech256/256_ObjectCategories/054.diamond-ring/054_0113.jpg,53,054.diamond-ring
data/raw/caltech256/256_ObjectCategories/054.diamond-ring/054_0030.jpg,53,054.diamond-ring
data/raw/caltech256/256_ObjectCategories/054.diamond-ring/054_0005.jpg,53,054.diamond-ring
data/raw/caltech256/256_ObjectCategories/054.diamond-ring/054_0065.jpg,53,054.diamond-ring
data/raw/caltech256/256_ObjectCategories/054.diamond-ring/054_0114.jpg,53,054.diamond-ring
data/raw/caltech256/256_ObjectCategories/054.diamond-ring/054_0076.jpg,53,054.diamond-ring
data/raw/caltech256/256_ObjectCategories/054.diamond-ring/054_0057.jpg,53,054.diamond-ring
data/raw/caltech256/256_ObjectCategories/054.diamond-ring/054_0066.jpg,53,054.diamond-ring
data/raw/caltech256/256_ObjectCategories/054.diamond-ring/054_0071.jpg,53,054.diamond-ring
data/raw/caltech256/256_ObjectCategories/054.diamond-ring/054_0027.jpg,53,054.diamond-ring
data/raw/caltech256/256_ObjectCategories/054.diamond-ring/054_0037.jpg,53,054.diamond-ring
data/raw/caltech256/256_ObjectCategories/055.dice/055_0063.jpg,54,055.dice
data/raw/caltech256/256_ObjectCategories/055.dice/055_0084.jpg,54,055.dice
data/raw/caltech256/256_ObjectCategories/055.dice/055_0034.jpg,54,055.dice
data/raw/caltech256/256_ObjectCategories/055.dice/055_0089.jpg,54,055.dice
data/raw/caltech256/256_ObjectCategories/055.dice/055_0013.jpg,54,055.dice
data/raw/caltech256/256_ObjectCategories/055.dice/055_0003.jpg,54,055.dice
data/raw/caltech256/256_ObjectCategories/055.dice/055_0053.jpg,54,055.dice
data/raw/caltech256/256_ObjectCategories/055.dice/055_0097.jpg,54,055.dice
data/raw/caltech256/256_ObjectCategories/055.dice/055_0045.jpg,54,055.dice
data/raw/caltech256/256_ObjectCategories/055.dice/055_0081.jpg,54,055.dice
data/raw/caltech256/256_ObjectCategories/055.dice/055_0059.jpg,54,055.dice
data/raw/caltech256/256_ObjectCategories/055.dice/055_0005.jpg,54,055.dice
data/raw/caltech256/256_ObjectCategories/055.dice/055_0070.jpg,54,055.dice
data/raw/caltech256/256_ObjectCategories/055.dice/055_0029.jpg,54,055.dice
data/raw/caltech256/256_ObjectCategories/055.dice/055_0027.jpg,54,055.dice
data/raw/caltech256/256_ObjectCategories/055.dice/055_0094.jpg,54,055.dice
data/raw/caltech256/256_ObjectCategories/055.dice/055_0095.jpg,54,055.dice
data/raw/caltech256/256_ObjectCategories/055.dice/055_0077.jpg,54,055.dice
data/raw/caltech256/256_ObjectCategories/055.dice/055_0091.jpg,54,055.dice
data/raw/caltech256/256_ObjectCategories/055.dice/055_0067.jpg,54,055.dice
data/raw/caltech256/256_ObjectCategories/055.dice/055_0043.jpg,54,055.dice
data/raw/caltech256/256_ObjectCategories/055.dice/055_0007.jpg,54,055.dice
data/raw/caltech256/256_ObjectCategories/055.dice/055_0011.jpg,54,055.dice
data/raw/caltech256/256_ObjectCategories/055.dice/055_0087.jpg,54,055.dice
data/raw/caltech256/256_ObjectCategories/055.dice/055_0024.jpg,54,055.dice
data/raw/caltech256/256_ObjectCategories/055.dice/055_0012.jpg,54,055.dice
data/raw/caltech256/256_ObjectCategories/055.dice/055_0054.jpg,54,055.dice
data/raw/caltech256/256_ObjectCategories/055.dice/055_0023.jpg,54,055.dice
data/raw/caltech256/256_ObjectCategories/055.dice/055_0036.jpg,54,055.dice
data/raw/caltech256/256_ObjectCategories/055.dice/055_0083.jpg,54,055.dice
data/raw/caltech256/256_ObjectCategories/055.dice/055_0031.jpg,54,055.dice
data/raw/caltech256/256_ObjectCategories/055.dice/055_0069.jpg,54,055.dice
data/raw/caltech256/256_ObjectCategories/055.dice/055_0057.jpg,54,055.dice
data/raw/caltech256/256_ObjectCategories/055.dice/055_0079.jpg,54,055.dice
data/raw/caltech256/256_ObjectCategories/056.dog/056_0029.jpg,55,056.dog
data/raw/caltech256/256_ObjectCategories/056.dog/056_0068.jpg,55,056.dog
data/raw/caltech256/256_ObjectCategories/056.dog/056_0044.jpg,55,056.dog
data/raw/caltech256/256_ObjectCategories/056.dog/056_0010.jpg,55,056.dog
data/raw/caltech256/256_ObjectCategories/056.dog/056_0001.jpg,55,056.dog
data/raw/caltech256/256_ObjectCategories/056.dog/056_0034.jpg,55,056.dog
data/raw/caltech256/256_ObjectCategories/056.dog/056_0094.jpg,55,056.dog
data/raw/caltech256/256_ObjectCategories/056.dog/056_0014.jpg,55,056.dog
data/raw/caltech256/256_ObjectCategories/056.dog/056_0090.jpg,55,056.dog
data/raw/caltech256/256_ObjectCategories/056.dog/056_0027.jpg,55,056.dog
data/raw/caltech256/256_ObjectCategories/056.dog/056_0075.jpg,55,056.dog
data/raw/caltech256/256_ObjectCategories/056.dog/056_0098.jpg,55,056.dog
data/raw/caltech256/256_ObjectCategories/056.dog/056_0102.jpg,55,056.dog
data/raw/caltech256/256_ObjectCategories/056.dog/056_0041.jpg,55,056.dog
data/raw/caltech256/256_ObjectCategories/056.dog/056_0005.jpg,55,056.dog
data/raw/caltech256/256_ObjectCategories/056.dog/056_0013.jpg,55,056.dog
data/raw/caltech256/256_ObjectCategories/056.dog/056_0011.jpg,55,056.dog
data/raw/caltech256/256_ObjectCategories/056.dog/056_0054.jpg,55,056.dog
data/raw/caltech256/256_ObjectCategories/056.dog/056_0052.jpg,55,056.dog
data/raw/caltech256/256_ObjectCategories/056.dog/056_0007.jpg,55,056.dog
data/raw/caltech256/256_ObjectCategories/056.dog/056_0066.jpg,55,056.dog
data/raw/caltech256/256_ObjectCategories/056.dog/056_0057.jpg,55,056.dog
data/raw/caltech256/256_ObjectCategories/056.dog/056_0087.jpg,55,056.dog
data/raw/caltech256/256_ObjectCategories/056.dog/056_0028.jpg,55,056.dog
data/raw/caltech256/256_ObjectCategories/056.dog/056_0008.jpg,55,056.dog
data/raw/caltech256/256_ObjectCategories/056.dog/056_0040.jpg,55,056.dog
data/raw/caltech256/256_ObjectCategories/056.dog/056_0070.jpg,55,056.dog
data/raw/caltech256/256_ObjectCategories/056.dog/056_0059.jpg,55,056.dog
data/raw/caltech256/256_ObjectCategories/056.dog/056_0096.jpg,55,056.dog
data/raw/caltech256/256_ObjectCategories/056.dog/056_0024.jpg,55,056.dog
data/raw/caltech256/256_ObjectCategories/056.dog/056_0035.jpg,55,056.dog
data/raw/caltech256/256_ObjectCategories/056.dog/056_0081.jpg,55,056.dog
data/raw/caltech256/256_ObjectCategories/056.dog/056_0053.jpg,55,056.dog
data/raw/caltech256/256_ObjectCategories/056.dog/056_0032.jpg,55,056.dog
data/raw/caltech256/256_ObjectCategories/056.dog/056_0015.jpg,55,056.dog
data/raw/caltech256/256_ObjectCategories/056.dog/056_0058.jpg,55,056.dog
data/raw/caltech256/256_ObjectCategories/057.dolphin-101/057_0033.jpg,56,057.dolphin-101
data/raw/caltech256/256_ObjectCategories/057.dolphin-101/057_0011.jpg,56,057.dolphin-101
data/raw/caltech256/256_ObjectCategories/057.dolphin-101/057_0104.jpg,56,057.dolphin-101
data/raw/caltech256/256_ObjectCategories/057.dolphin-101/057_0091.jpg,56,057.dolphin-101
data/raw/caltech256/256_ObjectCategories/057.dolphin-101/057_0041.jpg,56,057.dolphin-101
data/raw/caltech256/256_ObjectCategories/057.dolphin-101/057_0026.jpg,56,057.dolphin-101
data/raw/caltech256/256_ObjectCategories/057.dolphin-101/057_0008.jpg,56,057.dolphin-101
data/raw/caltech256/256_ObjectCategories/057.dolphin-101/057_0031.jpg,56,057.dolphin-101
data/raw/caltech256/256_ObjectCategories/057.dolphin-101/057_0009.jpg,56,057.dolphin-101
data/raw/caltech256/256_ObjectCategories/057.dolphin-101/057_0037.jpg,56,057.dolphin-101
data/raw/caltech256/256_ObjectCategories/057.dolphin-101/057_0032.jpg,56,057.dolphin-101
data/raw/caltech256/256_ObjectCategories/057.dolphin-101/057_0056.jpg,56,057.dolphin-101
data/raw/caltech256/256_ObjectCategories/057.dolphin-101/057_0028.jpg,56,057.dolphin-101
data/raw/caltech256/256_ObjectCategories/057.dolphin-101/057_0087.jpg,56,057.dolphin-101
data/raw/caltech256/256_ObjectCategories/057.dolphin-101/057_0048.jpg,56,057.dolphin-101
data/raw/caltech256/256_ObjectCategories/057.dolphin-101/057_0057.jpg,56,057.dolphin-101
data/raw/caltech256/256_ObjectCategories/057.dolphin-101/057_0076.jpg,56,057.dolphin-101
data/raw/caltech256/256_ObjectCategories/057.dolphin-101/057_0010.jpg,56,057.dolphin-101
data/raw/caltech256/256_ObjectCategories/057.dolphin-101/057_0061.jpg,56,057.dolphin-101
data/raw/caltech256/256_ObjectCategories/057.dolphin-101/057_0100.jpg,56,057.dolphin-101
data/raw/caltech256/256_ObjectCategories/057.dolphin-101/057_0097.jpg,56,057.dolphin-101
data/raw/caltech256/256_ObjectCategories/057.dolphin-101/057_0025.jpg,56,057.dolphin-101
data/raw/caltech256/256_ObjectCategories/057.dolphin-101/057_0095.jpg,56,057.dolphin-101
data/raw/caltech256/256_ObjectCategories/057.dolphin-101/057_0034.jpg,56,057.dolphin-101
data/raw/caltech256/256_ObjectCategories/057.dolphin-101/057_0050.jpg,56,057.dolphin-101
data/raw/caltech256/256_ObjectCategories/057.dolphin-101/057_0101.jpg,56,057.dolphin-101
data/raw/caltech256/256_ObjectCategories/057.dolphin-101/057_0053.jpg,56,057.dolphin-101
data/raw/caltech256/256_ObjectCategories/057.dolphin-101/057_0080.jpg,56,057.dolphin-101
data/raw/caltech256/256_ObjectCategories/057.dolphin-101/057_0075.jpg,56,057.dolphin-101
data/raw/caltech256/256_ObjectCategories/057.dolphin-101/057_0094.jpg,56,057.dolphin-101
data/raw/caltech256/256_ObjectCategories/057.dolphin-101/057_0049.jpg,56,057.dolphin-101
data/raw/caltech256/256_ObjectCategories/057.dolphin-101/057_0067.jpg,56,057.dolphin-101
data/raw/caltech256/256_ObjectCategories/057.dolphin-101/057_0006.jpg,56,057.dolphin-101
data/raw/caltech256/256_ObjectCategories/057.dolphin-101/057_0014.jpg,56,057.dolphin-101
data/raw/caltech256/256_ObjectCategories/057.dolphin-101/057_0055.jpg,56,057.dolphin-101
data/raw/caltech256/256_ObjectCategories/057.dolphin-101/057_0082.jpg,56,057.dolphin-101
data/raw/caltech256/256_ObjectCategories/057.dolphin-101/057_0035.jpg,56,057.dolphin-101
data/raw/caltech256/256_ObjectCategories/058.doorknob/058_0089.jpg,57,058.doorknob
data/raw/caltech256/256_ObjectCategories/058.doorknob/058_0009.jpg,57,058.doorknob
data/raw/caltech256/256_ObjectCategories/058.doorknob/058_0040.jpg,57,058.doorknob
data/raw/caltech256/256_ObjectCategories/058.doorknob/058_0068.jpg,57,058.doorknob
data/raw/caltech256/256_ObjectCategories/058.doorknob/058_0082.jpg,57,058.doorknob
data/raw/caltech256/256_ObjectCategories/058.doorknob/058_0092.jpg,57,058.doorknob
data/raw/caltech256/256_ObjectCategories/058.doorknob/058_0061.jpg,57,058.doorknob
data/raw/caltech256/256_ObjectCategories/058.doorknob/058_0017.jpg,57,058.doorknob
data/raw/caltech256/256_ObjectCategories/058.doorknob/058_0077.jpg,57,058.doorknob
data/raw/caltech256/256_ObjectCategories/058.doorknob/058_0022.jpg,57,058.doorknob
data/raw/caltech256/256_ObjectCategories/058.doorknob/058_0088.jpg,57,058.doorknob
data/raw/caltech256/256_ObjectCategories/058.doorknob/058_0058.jpg,57,058.doorknob
data/raw/caltech256/256_ObjectCategories/058.doorknob/058_0072.jpg,57,058.doorknob
data/raw/caltech256/256_ObjectCategories/058.doorknob/058_0002.jpg,57,058.doorknob
data/raw/caltech256/256_ObjectCategories/058.doorknob/058_0035.jpg,57,058.doorknob
data/raw/caltech256/256_ObjectCategories/058.doorknob/058_0037.jpg,57,058.doorknob
data/raw/caltech256/256_ObjectCategories/058.doorknob/058_0019.jpg,57,058.doorknob
data/raw/caltech256/256_ObjectCategories/058.doorknob/058_0012.jpg,57,058.doorknob
data/raw/caltech256/256_ObjectCategories/058.doorknob/058_0066.jpg,57,058.doorknob
data/raw/caltech256/256_ObjectCategories/058.doorknob/058_0044.jpg,57,058.doorknob
data/raw/caltech256/256_ObjectCategories/058.doorknob/058_0018.jpg,57,058.doorknob
data/raw/caltech256/256_ObjectCategories/058.doorknob/058_0070.jpg,57,058.doorknob
data/raw/caltech256/256_ObjectCategories/058.doorknob/058_0050.jpg,57,058.doorknob
data/raw/caltech256/256_ObjectCategories/058.doorknob/058_0055.jpg,57,058.doorknob
data/raw/caltech256/256_ObjectCategories/058.doorknob/058_0045.jpg,57,058.doorknob
data/raw/caltech256/256_ObjectCategories/058.doorknob/058_0057.jpg,57,058.doorknob
data/raw/caltech256/256_ObjectCategories/058.doorknob/058_0071.jpg,57,058.doorknob
data/raw/caltech256/256_ObjectCategories/058.doorknob/058_0021.jpg,57,058.doorknob
data/raw/caltech256/256_ObjectCategories/058.doorknob/058_0056.jpg,57,058.doorknob
data/raw/caltech256/256_ObjectCategories/058.doorknob/058_0010.jpg,57,058.doorknob
data/raw/caltech256/256_ObjectCategories/058.doorknob/058_0081.jpg,57,058.doorknob
data/raw/caltech256/256_ObjectCategories/058.doorknob/058_0028.jpg,57,058.doorknob
data/raw/caltech256/256_ObjectCategories/058.doorknob/058_0060.jpg,57,058.doorknob
data/raw/caltech256/256_ObjectCategories/059.drinking-straw/059_0063.jpg,58,059.drinking-straw
data/raw/caltech256/256_ObjectCategories/059.drinking-straw/059_0081.jpg,58,059.drinking-straw
data/raw/caltech256/256_ObjectCategories/059.drinking-straw/059_0054.jpg,58,059.drinking-straw
data/raw/caltech256/256_ObjectCategories/059.drinking-straw/059_0074.jpg,58,059.drinking-straw
data/raw/caltech256/256_ObjectCategories/059.drinking-straw/059_0007.jpg,58,059.drinking-straw
data/raw/caltech256/256_ObjectCategories/059.drinking-straw/059_0035.jpg,58,059.drinking-straw
data/raw/caltech256/256_ObjectCategories/059.drinking-straw/059_0023.jpg,58,059.drinking-straw
data/raw/caltech256/256_ObjectCategories/059.drinking-straw/059_0006.jpg,58,059.drinking-straw
data/raw/caltech256/256_ObjectCategories/059.drinking-straw/059_0028.jpg,58,059.drinking-straw
data/raw/caltech256/256_ObjectCategories/059.drinking-straw/059_0039.jpg,58,059.drinking-straw
data/raw/caltech256/256_ObjectCategories/059.drinking-straw/059_0076.jpg,58,059.drinking-straw
data/raw/caltech256/256_ObjectCategories/059.drinking-straw/059_0044.jpg,58,059.drinking-straw
data/raw/caltech256/256_ObjectCategories/059.drinking-straw/059_0078.jpg,58,059.drinking-straw
data/raw/caltech256/256_ObjectCategories/059.drinking-straw/059_0018.jpg,58,059.drinking-straw
data/raw/caltech256/256_ObjectCategories/059.drinking-straw/059_0025.jpg,58,059.drinking-straw
data/raw/caltech256/256_ObjectCategories/059.drinking-straw/059_0021.jpg,58,059.drinking-straw
data/raw/caltech256/256_ObjectCategories/059.drinking-straw/059_0058.jpg,58,059.drinking-straw
data/raw/caltech256/256_ObjectCategories/059.drinking-straw/059_0036.jpg,58,059.drinking-straw
data/raw/caltech256/256_ObjectCategories/059.drinking-straw/059_0012.jpg,58,059.drinking-straw
data/raw/caltech256/256_ObjectCategories/059.drinking-straw/059_0060.jpg,58,059.drinking-straw
data/raw/caltech256/256_ObjectCategories/059.drinking-straw/059_0046.jpg,58,059.drinking-straw
data/raw/caltech256/256_ObjectCategories/059.drinking-straw/059_0026.jpg,58,059.drinking-straw
data/raw/caltech256/256_ObjectCategories/059.drinking-straw/059_0042.jpg,58,059.drinking-straw
data/raw/caltech256/256_ObjectCategories/059.drinking-straw/059_0080.jpg,58,059.drinking-straw
data/raw/caltech256/256_ObjectCategories/059.drinking-straw/059_0071.jpg,58,059.drinking-straw
data/raw/caltech256/256_ObjectCategories/059.drinking-straw/059_0070.jpg,58,059.drinking-straw
data/raw/caltech256/256_ObjectCategories/059.drinking-straw/059_0033.jpg,58,059.drinking-straw
data/raw/caltech256/256_ObjectCategories/059.drinking-straw/059_0075.jpg,58,059.drinking-straw
data/raw/caltech256/256_ObjectCategories/059.drinking-straw/059_0056.jpg,58,059.drinking-straw
data/raw/caltech256/256_ObjectCategories/060.duck/060_0048.jpg,59,060.duck
data/raw/caltech256/256_ObjectCategories/060.duck/060_0001.jpg,59,060.duck
data/raw/caltech256/256_ObjectCategories/060.duck/060_0033.jpg,59,060.duck
data/raw/caltech256/256_ObjectCategories/060.duck/060_0047.jpg,59,060.duck
data/raw/caltech256/256_ObjectCategories/060.duck/060_0054.jpg,59,060.duck
data/raw/caltech256/256_ObjectCategories/060.duck/060_0059.jpg,59,060.duck
data/raw/caltech256/256_ObjectCategories/060.duck/060_0013.jpg,59,060.duck
data/raw/caltech256/256_ObjectCategories/060.duck/060_0083.jpg,59,060.duck
data/raw/caltech256/256_ObjectCategories/060.duck/060_0066.jpg,59,060.duck
data/raw/caltech256/256_ObjectCategories/060.duck/060_0037.jpg,59,060.duck
data/raw/caltech256/256_ObjectCategories/060.duck/060_0069.jpg,59,060.duck
data/raw/caltech256/256_ObjectCategories/060.duck/060_0052.jpg,59,060.duck
data/raw/caltech256/256_ObjectCategories/060.duck/060_0086.jpg,59,060.duck
data/raw/caltech256/256_ObjectCategories/060.duck/060_0023.jpg,59,060.duck
data/raw/caltech256/256_ObjectCategories/060.duck/060_0082.jpg,59,060.duck
data/raw/caltech256/256_ObjectCategories/060.duck/060_0056.jpg,59,060.duck
data/raw/caltech256/256_ObjectCategories/060.duck/060_0079.jpg,59,060.duck
data/raw/caltech256/256_ObjectCategories/060.duck/060_0063.jpg,59,060.duck
data/raw/caltech256/256_ObjectCategories/060.duck/060_0078.jpg,59,060.duck
data/raw/caltech256/256_ObjectCategories/060.duck/060_0076.jpg,59,060.duck
data/raw/caltech256/256_ObjectCategories/060.duck/060_0016.jpg,59,060.duck
data/raw/caltech256/256_ObjectCategories/060.duck/060_0022.jpg,59,060.duck
data/raw/caltech256/256_ObjectCategories/060.duck/060_0014.jpg,59,060.duck
data/raw/caltech256/256_ObjectCategories/060.duck/060_0020.jpg,59,060.duck
data/raw/caltech256/256_ObjectCategories/060.duck/060_0072.jpg,59,060.duck
data/raw/caltech256/256_ObjectCategories/060.duck/060_0028.jpg,59,060.duck
data/raw/caltech256/256_ObjectCategories/060.duck/060_0017.jpg,59,060.duck
data/raw/caltech256/256_ObjectCategories/060.duck/060_0009.jpg,59,060.duck
data/raw/caltech256/256_ObjectCategories/060.duck/060_0062.jpg,59,060.duck
data/raw/caltech256/256_ObjectCategories/060.duck/060_0075.jpg,59,060.duck
data/raw/caltech256/256_ObjectCategories/060.duck/060_0015.jpg,59,060.duck
data/raw/caltech256/256_ObjectCategories/061.dumb-bell/061_0009.jpg,60,061.dumb-bell
data/raw/caltech256/256_ObjectCategories/061.dumb-bell/061_0006.jpg,60,061.dumb-bell
data/raw/caltech256/256_ObjectCategories/061.dumb-bell/061_0040.jpg,60,061.dumb-bell
data/raw/caltech256/256_ObjectCategories/061.dumb-bell/061_0003.jpg,60,061.dumb-bell
data/raw/caltech256/256_ObjectCategories/061.dumb-bell/061_0068.jpg,60,061.dumb-bell
data/raw/caltech256/256_ObjectCategories/061.dumb-bell/061_0049.jpg,60,061.dumb-bell
data/raw/caltech256/256_ObjectCategories/061.dumb-bell/061_0041.jpg,60,061.dumb-bell
data/raw/caltech256/256_ObjectCategories/061.dumb-bell/061_0025.jpg,60,061.dumb-bell
data/raw/caltech256/256_ObjectCategories/061.dumb-bell/061_0028.jpg,60,061.dumb-bell
data/raw/caltech256/256_ObjectCategories/061.dumb-bell/061_0024.jpg,60,061.dumb-bell
data/raw/caltech256/256_ObjectCategories/061.dumb-bell/061_0066.jpg,60,061.dumb-bell
data/raw/caltech256/256_ObjectCategories/061.dumb-bell/061_0014.jpg,60,061.dumb-bell
data/raw/caltech256/256_ObjectCategories/061.dumb-bell/061_0076.jpg,60,061.dumb-bell
data/raw/caltech256/256_ObjectCategories/061.dumb-bell/061_0032.jpg,60,061.dumb-bell
data/raw/caltech256/256_ObjectCategories/061.dumb-bell/061_0012.jpg,60,061.dumb-bell
data/raw/caltech256/256_ObjectCategories/061.dumb-bell/061_0074.jpg,60,061.dumb-bell
data/raw/caltech256/256_ObjectCategories/061.dumb-bell/061_0088.jpg,60,061.dumb-bell
data/raw/caltech256/256_ObjectCategories/061.dumb-bell/061_0069.jpg,60,061.dumb-bell
data/raw/caltech256/256_ObjectCategories/061.dumb-bell/061_0099.jpg,60,061.dumb-bell
data/raw/caltech256/256_ObjectCategories/061.dumb-bell/061_0019.jpg,60,061.dumb-bell
data/raw/caltech256/256_ObjectCategories/061.dumb-bell/061_0043.jpg,60,061.dumb-bell
data/raw/caltech256/256_ObjectCategories/061.dumb-bell/061_0071.jpg,60,061.dumb-bell
data/raw/caltech256/256_ObjectCategories/061.dumb-bell/061_0013.jpg,60,061.dumb-bell
data/raw/caltech256/256_ObjectCategories/061.dumb-bell/061_0083.jpg,60,061.dumb-bell
data/raw/caltech256/256_ObjectCategories/061.dumb-bell/061_0094.jpg,60,061.dumb-bell
data/raw/caltech256/256_ObjectCategories/061.dumb-bell/061_0031.jpg,60,061.dumb-bell
data/raw/caltech256/256_ObjectCategories/061.dumb-bell/061_0010.jpg,60,061.dumb-bell
data/raw/caltech256/256_ObjectCategories/061.dumb-bell/061_0044.jpg,60,061.dumb-bell
data/raw/caltech256/256_ObjectCategories/061.dumb-bell/061_0046.jpg,60,061.dumb-bell
data/raw/caltech256/256_ObjectCategories/061.dumb-bell/061_0056.jpg,60,061.dumb-bell
data/raw/caltech256/256_ObjectCategories/061.dumb-bell/061_0053.jpg,60,061.dumb-bell
data/raw/caltech256/256_ObjectCategories/061.dumb-bell/061_0011.jpg,60,061.dumb-bell
data/raw/caltech256/256_ObjectCategories/061.dumb-bell/061_0007.jpg,60,061.dumb-bell
data/raw/caltech256/256_ObjectCategories/061.dumb-bell/061_0050.jpg,60,061.dumb-bell
data/raw/caltech256/256_ObjectCategories/061.dumb-bell/061_0035.jpg,60,061.dumb-bell
data/raw/caltech256/256_ObjectCategories/061.dumb-bell/061_0022.jpg,60,061.dumb-bell
data/raw/caltech256/256_ObjectCategories/062.eiffel-tower/062_0001.jpg,61,062.eiffel-tower
data/raw/caltech256/256_ObjectCategories/062.eiffel-tower/062_0042.jpg,61,062.eiffel-tower
data/raw/caltech256/256_ObjectCategories/062.eiffel-tower/062_0061.jpg,61,062.eiffel-tower
data/raw/caltech256/256_ObjectCategories/062.eiffel-tower/062_0015.jpg,61,062.eiffel-tower
data/raw/caltech256/256_ObjectCategories/062.eiffel-tower/062_0059.jpg,61,062.eiffel-tower
data/raw/caltech256/256_ObjectCategories/062.eiffel-tower/062_0006.jpg,61,062.eiffel-tower
data/raw/caltech256/256_ObjectCategories/062.eiffel-tower/062_0017.jpg,61,062.eiffel-tower
data/raw/caltech256/256_ObjectCategories/062.eiffel-tower/062_0028.jpg,61,062.eiffel-tower
data/raw/caltech256/256_ObjectCategories/062.eiffel-tower/062_0081.jpg,61,062.eiffel-tower
data/raw/caltech256/256_ObjectCategories/062.eiffel-tower/062_0025.jpg,61,062.eiffel-tower
data/raw/caltech256/256_ObjectCategories/062.eiffel-tower/062_0026.jpg,61,062.eiffel-tower
data/raw/caltech256/256_ObjectCategories/062.eiffel-tower/062_0029.jpg,61,062.eiffel-tower
data/raw/caltech256/256_ObjectCategories/062.eiffel-tower/062_0065.jpg,61,062.eiffel-tower
data/raw/caltech256/256_ObjectCategories/062.eiffel-tower/062_0071.jpg,61,062.eiffel-tower
data/raw/caltech256/256_ObjectCategories/062.eiffel-tower/062_0027.jpg,61,062.eiffel-tower
data/raw/caltech256/256_ObjectCategories/062.eiffel-tower/062_0041.jpg,61,062.eiffel-tower
data/raw/caltech256/256_ObjectCategories/062.eiffel-tower/062_0080.jpg,61,062.eiffel-tower
data/raw/caltech256/256_ObjectCategories/062.eiffel-tower/062_0076.jpg,61,062.eiffel-tower
data/raw/caltech256/256_ObjectCategories/062.eiffel-tower/062_0009.jpg,61,062.eiffel-tower
data/raw/caltech256/256_ObjectCategories/062.eiffel-tower/062_0046.jpg,61,062.eiffel-tower
data/raw/caltech256/256_ObjectCategories/062.eiffel-tower/062_0063.jpg,61,062.eiffel-tower
data/raw/caltech256/256_ObjectCategories/062.eiffel-tower/062_0049.jpg,61,062.eiffel-tower
data/raw/caltech256/256_ObjectCategories/062.eiffel-tower/062_0062.jpg,61,062.eiffel-tower
data/raw/caltech256/256_ObjectCategories/062.eiffel-tower/062_0033.jpg,61,062.eiffel-tower
data/raw/caltech256/256_ObjectCategories/062.eiffel-tower/062_0053.jpg,61,062.eiffel-tower
data/raw/caltech256/256_ObjectCategories/062.eiffel-tower/062_0005.jpg,61,062.eiffel-tower
data/raw/caltech256/256_ObjectCategories/062.eiffel-tower/062_0013.jpg,61,062.eiffel-tower
data/raw/caltech256/256_ObjectCategories/062.eiffel-tower/062_0072.jpg,61,062.eiffel-tower
data/raw/caltech256/256_ObjectCategories/062.eiffel-tower/062_0064.jpg,61,062.eiffel-tower
data/raw/caltech256/256_ObjectCategories/063.electric-guitar-101/063_0118.jpg,62,063.electric-guitar-101
data/raw/caltech256/256_ObjectCategories/063.electric-guitar-101/063_0016.jpg,62,063.electric-guitar-101
data/raw/caltech256/256_ObjectCategories/063.electric-guitar-101/063_0100.jpg,62,063.electric-guitar-101
data/raw/caltech256/256_ObjectCategories/063.electric-guitar-101/063_0017.jpg,62,063.electric-guitar-101
data/raw/caltech256/256_ObjectCategories/063.electric-guitar-101/063_0081.jpg,62,063.electric-guitar-101
data/raw/caltech256/256_ObjectCategories/063.electric-guitar-101/063_0090.jpg,62,063.electric-guitar-101
data/raw/caltech256/256_ObjectCategories/063.electric-guitar-101/063_0059.jpg,62,063.electric-guitar-101
data/raw/caltech256/256_ObjectCategories/063.electric-guitar-101/063_0033.jpg,62,063.electric-guitar-101
data/raw/caltech256/256_ObjectCategories/063.electric-guitar-101/063_0104.jpg,62,063.electric-guitar-101
data/raw/caltech256/256_ObjectCategories/063.electric-guitar-101/063_0006.jpg,62,063.electric-guitar-101
data/raw/caltech256/256_ObjectCategories/063.electric-guitar-101/063_0067.jpg,62,063.electric-guitar-101
data/raw/caltech256/256_ObjectCategories/063.electric-guitar-101/063_0020.jpg,62,063.electric-guitar-101
data/raw/caltech256/256_ObjectCategories/063.electric-guitar-101/063_0085.jpg,62,063.electric-guitar-101
data/raw/caltech256/256_ObjectCategories/063.electric-guitar-101/063_0023.jpg,62,063.electric-guitar-101
data/raw/caltech256/256_ObjectCategories/063.electric-guitar-101/063_0019.jpg,62,063.electric-guitar-101
data/raw/caltech256/256_ObjectCategories/063.electric-guitar-101/063_0046.jpg,62,063.electric-guitar-101
data/raw/caltech256/256_ObjectCategories/063.electric-guitar-101/063_0037.jpg,62,063.electric-guitar-101
data/raw/caltech256/256_ObjectCategories/063.electric-guitar-101/063_0047.jpg,62,063.electric-guitar-101
data/raw/caltech256/256_ObjectCategories/063.electric-guitar-101/063_0036.jpg,62,063.electric-guitar-101
data/raw/caltech256/256_ObjectCategories/063.electric-guitar-101/063_0049.jpg,62,063.electric-guitar-101
data/raw/caltech256/256_ObjectCategories/063.electric-guitar-101/063_0083.jpg,62,063.electric-guitar-101
data/raw/caltech256/256_ObjectCategories/063.electric-guitar-101/063_0056.jpg,62,063.electric-guitar-101
data/raw/caltech256/256_ObjectCategories/063.electric-guitar-101/063_0039.jpg,62,063.electric-guitar-101
data/raw/caltech256/256_ObjectCategories/063.electric-guitar-101/063_0043.jpg,62,063.electric-guitar-101
data/raw/caltech256/256_ObjectCategories/063.electric-guitar-101/063_0053.jpg,62,063.electric-guitar-101
data/raw/caltech256/256_ObjectCategories/063.electric-guitar-101/063_0001.jpg,62,063.electric-guitar-101
data/raw/caltech256/256_ObjectCategories/063.electric-guitar-101/063_0054.jpg,62,063.electric-guitar-101
data/raw/caltech256/256_ObjectCategories/063.electric-guitar-101/063_0106.jpg,62,063.electric-guitar-101
data/raw/caltech256/256_ObjectCategories/063.electric-guitar-101/063_0097.jpg,62,063.electric-guitar-101
data/raw/caltech256/256_ObjectCategories/063.electric-guitar-101/063_0115.jpg,62,063.electric-guitar-101
data/raw/caltech256/256_ObjectCategories/063.electric-guitar-101/063_0116.jpg,62,063.electric-guitar-101
data/raw/caltech256/256_ObjectCategories/063.electric-guitar-101/063_0048.jpg,62,063.electric-guitar-101
data/raw/caltech256/256_ObjectCategories/063.electric-guitar-101/063_0005.jpg,62,063.electric-guitar-101
data/raw/caltech256/256_ObjectCategories/063.electric-guitar-101/063_0088.jpg,62,063.electric-guitar-101
data/raw/caltech256/256_ObjectCategories/063.electric-guitar-101/063_0008.jpg,62,063.electric-guitar-101
data/raw/caltech256/256_ObjectCategories/063.electric-guitar-101/063_0098.jpg,62,063.electric-guitar-101
data/raw/caltech256/256_ObjectCategories/063.electric-guitar-101/063_0087.jpg,62,063.electric-guitar-101
data/raw/caltech256/256_ObjectCategories/063.electric-guitar-101/063_0010.jpg,62,063.electric-guitar-101
data/raw/caltech256/256_ObjectCategories/063.electric-guitar-101/063_0045.jpg,62,063.electric-guitar-101
data/raw/caltech256/256_ObjectCategories/063.electric-guitar-101/063_0014.jpg,62,063.electric-guitar-101
data/raw/caltech256/256_ObjectCategories/063.electric-guitar-101/063_0114.jpg,62,063.electric-guitar-101
data/raw/caltech256/256_ObjectCategories/063.electric-guitar-101/063_0122.jpg,62,063.electric-guitar-101
data/raw/caltech256/256_ObjectCategories/063.electric-guitar-101/063_0076.jpg,62,063.electric-guitar-101
data/raw/caltech256/256_ObjectCategories/064.elephant-101/064_0044.jpg,63,064.elephant-101
data/raw/caltech256/256_ObjectCategories/064.elephant-101/064_0029.jpg,63,064.elephant-101
data/raw/caltech256/256_ObjectCategories/064.elephant-101/064_0073.jpg,63,064.elephant-101
data/raw/caltech256/256_ObjectCategories/064.elephant-101/064_0090.jpg,63,064.elephant-101
data/raw/caltech256/256_ObjectCategories/064.elephant-101/064_0068.jpg,63,064.elephant-101
data/raw/caltech256/256_ObjectCategories/064.elephant-101/064_0056.jpg,63,064.elephant-101
data/raw/caltech256/256_ObjectCategories/064.elephant-101/064_0007.jpg,63,064.elephant-101
data/raw/caltech256/256_ObjectCategories/064.elephant-101/064_0070.jpg,63,064.elephant-101
data/raw/caltech256/256_ObjectCategories/064.elephant-101/064_0087.jpg,63,064.elephant-101
data/raw/caltech256/256_ObjectCategories/064.elephant-101/064_0060.jpg,63,064.elephant-101
data/raw/caltech256/256_ObjectCategories/064.elephant-101/064_0023.jpg,63,064.elephant-101
data/raw/caltech256/256_ObjectCategories/064.elephant-101/064_0092.jpg,63,064.elephant-101
data/raw/caltech256/256_ObjectCategories/064.elephant-101/064_0118.jpg,63,064.elephant-101
data/raw/caltech256/256_ObjectCategories/064.elephant-101/064_0127.jpg,63,064.elephant-101
data/raw/caltech256/256_ObjectCategories/064.elephant-101/064_0110.jpg,63,064.elephant-101
data/raw/caltech256/256_ObjectCategories/064.elephant-101/064_0123.jpg,63,064.elephant-101
data/raw/caltech256/256_ObjectCategories/064.elephant-101/064_0033.jpg,63,064.elephant-101
data/raw/caltech256/256_ObjectCategories/064.elephant-101/064_0130.jpg,63,064.elephant-101
data/raw/caltech256/256_ObjectCategories/064.elephant-101/064_0125.jpg,63,064.elephant-101
data/raw/caltech256/256_ObjectCategories/064.elephant-101/064_0021.jpg,63,064.elephant-101
data/raw/caltech256/256_ObjectCategories/064.elephant-101/064_0089.jpg,63,064.elephant-101
data/raw/caltech256/256_ObjectCategories/064.elephant-101/064_0040.jpg,63,064.elephant-101
data/raw/caltech256/256_ObjectCategories/064.elephant-101/064_0003.jpg,63,064.elephant-101
data/raw/caltech256/256_ObjectCategories/064.elephant-101/064_0076.jpg,63,064.elephant-101
data/raw/caltech256/256_ObjectCategories/064.elephant-101/064_0074.jpg,63,064.elephant-101
data/raw/caltech256/256_ObjectCategories/064.elephant-101/064_0046.jpg,63,064.elephant-101
data/raw/caltech256/256_ObjectCategories/064.elephant-101/064_0020.jpg,63,064.elephant-101
data/raw/caltech256/256_ObjectCategories/064.elephant-101/064_0038.jpg,63,064.elephant-101
data/raw/caltech256/256_ObjectCategories/064.elephant-101/064_0005.jpg,63,064.elephant-101
data/raw/caltech256/256_ObjectCategories/064.elephant-101/064_0055.jpg,63,064.elephant-101
data/raw/caltech256/256_ObjectCategories/064.elephant-101/064_0014.jpg,63,064.elephant-101
data/raw/caltech256/256_ObjectCategories/064.elephant-101/064_0115.jpg,63,064.elephant-101
data/raw/caltech256/256_ObjectCategories/064.elephant-101/064_0001.jpg,63,064.elephant-101
data/raw/caltech256/256_ObjectCategories/064.elephant-101/064_0120.jpg,63,064.elephant-101
data/raw/caltech256/256_ObjectCategories/064.elephant-101/064_0113.jpg,63,064.elephant-101
data/raw/caltech256/256_ObjectCategories/064.elephant-101/064_0096.jpg,63,064.elephant-101
data/raw/caltech256/256_ObjectCategories/064.elephant-101/064_0091.jpg,63,064.elephant-101
data/raw/caltech256/256_ObjectCategories/064.elephant-101/064_0041.jpg,63,064.elephant-101
data/raw/caltech256/256_ObjectCategories/064.elephant-101/064_0013.jpg,63,064.elephant-101
data/raw/caltech256/256_ObjectCategories/064.elephant-101/064_0047.jpg,63,064.elephant-101
data/raw/caltech256/256_ObjectCategories/064.elephant-101/064_0025.jpg,63,064.elephant-101
data/raw/caltech256/256_ObjectCategories/064.elephant-101/064_0019.jpg,63,064.elephant-101
data/raw/caltech256/256_ObjectCategories/064.elephant-101/064_0043.jpg,63,064.elephant-101
data/raw/caltech256/256_ObjectCategories/064.elephant-101/064_0106.jpg,63,064.elephant-101
data/raw/caltech256/256_ObjectCategories/064.elephant-101/064_0048.jpg,63,064.elephant-101
data/raw/caltech256/256_ObjectCategories/064.elephant-101/064_0101.jpg,63,064.elephant-101
data/raw/caltech256/256_ObjectCategories/065.elk/065_0020.jpg,64,065.elk
data/raw/caltech256/256_ObjectCategories/065.elk/065_0023.jpg,64,065.elk
data/raw/caltech256/256_ObjectCategories/065.elk/065_0072.jpg,64,065.elk
data/raw/caltech256/256_ObjectCategories/065.elk/065_0084.jpg,64,065.elk
data/raw/caltech256/256_ObjectCategories/065.elk/065_0054.jpg,64,065.elk
data/raw/caltech256/256_ObjectCategories/065.elk/065_0041.jpg,64,065.elk
data/raw/caltech256/256_ObjectCategories/065.elk/065_0038.jpg,64,065.elk
data/raw/caltech256/256_ObjectCategories/065.elk/065_0082.jpg,64,065.elk
data/raw/caltech256/256_ObjectCategories/065.elk/065_0024.jpg,64,065.elk
data/raw/caltech256/256_ObjectCategories/065.elk/065_0096.jpg,64,065.elk
data/raw/caltech256/256_ObjectCategories/065.elk/065_0029.jpg,64,065.elk
data/raw/caltech256/256_ObjectCategories/065.elk/065_0035.jpg,64,065.elk
data/raw/caltech256/256_ObjectCategories/065.elk/065_0078.jpg,64,065.elk
data/raw/caltech256/256_ObjectCategories/065.elk/065_0074.jpg,64,065.elk
data/raw/caltech256/256_ObjectCategories/065.elk/065_0058.jpg,64,065.elk
data/raw/caltech256/256_ObjectCategories/065.elk/065_0039.jpg,64,065.elk
data/raw/caltech256/256_ObjectCategories/065.elk/065_0040.jpg,64,065.elk
data/raw/caltech256/256_ObjectCategories/065.elk/065_0065.jpg,64,065.elk
data/raw/caltech256/256_ObjectCategories/065.elk/065_0081.jpg,64,065.elk
data/raw/caltech256/256_ObjectCategories/065.elk/065_0034.jpg,64,065.elk
data/raw/caltech256/256_ObjectCategories/065.elk/065_0076.jpg,64,065.elk
data/raw/caltech256/256_ObjectCategories/065.elk/065_0083.jpg,64,065.elk
data/raw/caltech256/256_ObjectCategories/065.elk/065_0002.jpg,64,065.elk
data/raw/caltech256/256_ObjectCategories/065.elk/065_0014.jpg,64,065.elk
data/raw/caltech256/256_ObjectCategories/065.elk/065_0048.jpg,64,065.elk
data/raw/caltech256/256_ObjectCategories/065.elk/065_0032.jpg,64,065.elk
data/raw/caltech256/256_ObjectCategories/065.elk/065_0043.jpg,64,065.elk
data/raw/caltech256/256_ObjectCategories/065.elk/065_0036.jpg,64,065.elk
data/raw/caltech256/256_ObjectCategories/065.elk/065_0071.jpg,64,065.elk
data/raw/caltech256/256_ObjectCategories/065.elk/065_0066.jpg,64,065.elk
data/raw/caltech256/256_ObjectCategories/065.elk/065_0052.jpg,64,065.elk
data/raw/caltech256/256_ObjectCategories/065.elk/065_0097.jpg,64,065.elk
data/raw/caltech256/256_ObjectCategories/065.elk/065_0088.jpg,64,065.elk
data/raw/caltech256/256_ObjectCategories/065.elk/065_0069.jpg,64,065.elk
data/raw/caltech256/256_ObjectCategories/065.elk/065_0087.jpg,64,065.elk
data/raw/caltech256/256_ObjectCategories/065.elk/065_0055.jpg,64,065.elk
data/raw/caltech256/256_ObjectCategories/066.ewer-101/066_0066.jpg,65,066.ewer-101
data/raw/caltech256/256_ObjectCategories/066.ewer-101/066_0033.jpg,65,066.ewer-101
data/raw/caltech256/256_ObjectCategories/066.ewer-101/066_0030.jpg,65,066.ewer-101
data/raw/caltech256/256_ObjectCategories/066.ewer-101/066_0010.jpg,65,066.ewer-101
data/raw/caltech256/256_ObjectCategories/066.ewer-101/066_0032.jpg,65,066.ewer-101
data/raw/caltech256/256_ObjectCategories/066.ewer-101/066_0024.jpg,65,066.ewer-101
data/raw/caltech256/256_ObjectCategories/066.ewer-101/066_0002.jpg,65,066.ewer-101
data/raw/caltech256/256_ObjectCategories/066.ewer-101/066_0044.jpg,65,066.ewer-101
data/raw/caltech256/256_ObjectCategories/066.ewer-101/066_0059.jpg,65,066.ewer-101
data/raw/caltech256/256_ObjectCategories/066.ewer-101/066_0061.jpg,65,066.ewer-101
data/raw/caltech256/256_ObjectCategories/066.ewer-101/066_0076.jpg,65,066.ewer-101
data/raw/caltech256/256_ObjectCategories/066.ewer-101/066_0022.jpg,65,066.ewer-101
data/raw/caltech256/256_ObjectCategories/066.ewer-101/066_0017.jpg,65,066.ewer-101
data/raw/caltech256/256_ObjectCategories/066.ewer-101/066_0074.jpg,65,066.ewer-101
data/raw/caltech256/256_ObjectCategories/066.ewer-101/066_0001.jpg,65,066.ewer-101
data/raw/caltech256/256_ObjectCategories/066.ewer-101/066_0026.jpg,65,066.ewer-101
data/raw/caltech256/256_ObjectCategories/066.ewer-101/066_0013.jpg,65,066.ewer-101
data/raw/caltech256/256_ObjectCategories/066.ewer-101/066_0031.jpg,65,066.ewer-101
data/raw/caltech256/256_ObjectCategories/066.ewer-101/066_0029.jpg,65,066.ewer-101
data/raw/caltech256/256_ObjectCategories/066.ewer-101/066_0064.jpg,65,066.ewer-101
data/raw/caltech256/256_ObjectCategories/066.ewer-101/066_0052.jpg,65,066.ewer-101
data/raw/caltech256/256_ObjectCategories/066.ewer-101/066_0027.jpg,65,066.ewer-101
data/raw/caltech256/256_ObjectCategories/066.ewer-101/066_0056.jpg,65,066.ewer-101
data/raw/caltech256/256_ObjectCategories/066.ewer-101/066_0009.jpg,65,066.ewer-101
data/raw/caltech256/256_ObjectCategories/066.ewer-101/066_0075.jpg,65,066.ewer-101
data/raw/caltech256/256_ObjectCategories/066.ewer-101/066_0053.jpg,65,066.ewer-101
data/raw/caltech256/256_ObjectCategories/066.ewer-101/066_0021.jpg,65,066.ewer-101
data/raw/caltech256/256_ObjectCategories/066.ewer-101/066_0036.jpg,65,066.ewer-101
data/raw/caltech256/256_ObjectCategories/066.ewer-101/066_0050.jpg,65,066.ewer-101
data/raw/caltech256/256_ObjectCategories/067.eyeglasses/067_0061.jpg,66,067.eyeglasses
data/raw/caltech256/256_ObjectCategories/067.eyeglasses/067_0006.jpg,66,067.eyeglasses
data/raw/caltech256/256_ObjectCategories/067.eyeglasses/067_0046.jpg,66,067.eyeglasses
data/raw/caltech256/256_ObjectCategories/067.eyeglasses/067_0011.jpg,66,067.eyeglasses
data/raw/caltech256/256_ObjectCategories/067.eyeglasses/067_0043.jpg,66,067.eyeglasses
data/raw/caltech256/256_ObjectCategories/067.eyeglasses/067_0016.jpg,66,067.eyeglasses
data/raw/caltech256/256_ObjectCategories/067.eyeglasses/067_0007.jpg,66,067.eyeglasses
data/raw/caltech256/256_ObjectCategories/067.eyeglasses/067_0039.jpg,66,067.eyeglasses
data/raw/caltech256/256_ObjectCategories/067.eyeglasses/067_0052.jpg,66,067.eyeglasses
data/raw/caltech256/256_ObjectCategories/067.eyeglasses/067_0019.jpg,66,067.eyeglasses
data/raw/caltech256/256_ObjectCategories/067.eyeglasses/067_0029.jpg,66,067.eyeglasses
data/raw/caltech256/256_ObjectCategories/067.eyeglasses/067_0050.jpg,66,067.eyeglasses
data/raw/caltech256/256_ObjectCategories/067.eyeglasses/067_0041.jpg,66,067.eyeglasses
data/raw/caltech256/256_ObjectCategories/067.eyeglasses/067_0004.jpg,66,067.eyeglasses
data/raw/caltech256/256_ObjectCategories/067.eyeglasses/067_0036.jpg,66,067.eyeglasses
data/raw/caltech256/256_ObjectCategories/067.eyeglasses/067_0001.jpg,66,067.eyeglasses
data/raw/caltech256/256_ObjectCategories/067.eyeglasses/067_0073.jpg,66,067.eyeglasses
data/raw/caltech256/256_ObjectCategories/067.eyeglasses/067_0022.jpg,66,067.eyeglasses
data/raw/caltech256/256_ObjectCategories/067.eyeglasses/067_0057.jpg,66,067.eyeglasses
data/raw/caltech256/256_ObjectCategories/067.eyeglasses/067_0009.jpg,66,067.eyeglasses
data/raw/caltech256/256_ObjectCategories/067.eyeglasses/067_0026.jpg,66,067.eyeglasses
data/raw/caltech256/256_ObjectCategories/067.eyeglasses/067_0066.jpg,66,067.eyeglasses
data/raw/caltech256/256_ObjectCategories/067.eyeglasses/067_0074.jpg,66,067.eyeglasses
data/raw/caltech256/256_ObjectCategories/067.eyeglasses/067_0024.jpg,66,067.eyeglasses
data/raw/caltech256/256_ObjectCategories/067.eyeglasses/067_0038.jpg,66,067.eyeglasses
data/raw/caltech256/256_ObjectCategories/067.eyeglasses/067_0042.jpg,66,067.eyeglasses
data/raw/caltech256/256_ObjectCategories/067.eyeglasses/067_0070.jpg,66,067.eyeglasses
data/raw/caltech256/256_ObjectCategories/067.eyeglasses/067_0008.jpg,66,067.eyeglasses
data/raw/caltech256/256_ObjectCategories/067.eyeglasses/067_0082.jpg,66,067.eyeglasses
data/raw/caltech256/256_ObjectCategories/068.fern/068_0093.jpg,67,068.fern
data/raw/caltech256/256_ObjectCategories/068.fern/068_0067.jpg,67,068.fern
data/raw/caltech256/256_ObjectCategories/068.fern/068_0046.jpg,67,068.fern
data/raw/caltech256/256_ObjectCategories/068.fern/068_0028.jpg,67,068.fern
data/raw/caltech256/256_ObjectCategories/068.fern/068_0005.jpg,67,068.fern
data/raw/caltech256/256_ObjectCategories/068.fern/068_0071.jpg,67,068.fern
data/raw/caltech256/256_ObjectCategories/068.fern/068_0103.jpg,67,068.fern
data/raw/caltech256/256_ObjectCategories/068.fern/068_0060.jpg,67,068.fern
data/raw/caltech256/256_ObjectCategories/068.fern/068_0023.jpg,67,068.fern
data/raw/caltech256/256_ObjectCategories/068.fern/068_0083.jpg,67,068.fern
data/raw/caltech256/256_ObjectCategories/068.fern/068_0108.jpg,67,068.fern
data/raw/caltech256/256_ObjectCategories/068.fern/068_0050.jpg,67,068.fern
data/raw/caltech256/256_ObjectCategories/068.fern/068_0055.jpg,67,068.fern
data/raw/caltech256/256_ObjectCategories/068.fern/068_0065.jpg,67,068.fern
data/raw/caltech256/256_ObjectCategories/068.fern/068_0092.jpg,67,068.fern
data/raw/caltech256/256_ObjectCategories/068.fern/068_0037.jpg,67,068.fern
data/raw/caltech256/256_ObjectCategories/068.fern/068_0052.jpg,67,068.fern
data/raw/caltech256/256_ObjectCategories/068.fern/068_0053.jpg,67,068.fern
data/raw/caltech256/256_ObjectCategories/068.fern/068_0025.jpg,67,068.fern
data/raw/caltech256/256_ObjectCategories/068.fern/068_0057.jpg,67,068.fern
data/raw/caltech256/256_ObjectCategories/068.fern/068_0029.jpg,67,068.fern
data/raw/caltech256/256_ObjectCategories/068.fern/068_0102.jpg,67,068.fern
data/raw/caltech256/256_ObjectCategories/068.fern/068_0105.jpg,67,068.fern
data/raw/caltech256/256_ObjectCategories/068.fern/068_0001.jpg,67,068.fern
data/raw/caltech256/256_ObjectCategories/068.fern/068_0096.jpg,67,068.fern
data/raw/caltech256/256_ObjectCategories/068.fern/068_0076.jpg,67,068.fern
data/raw/caltech256/256_ObjectCategories/068.fern/068_0054.jpg,67,068.fern
data/raw/caltech256/256_ObjectCategories/068.fern/068_0100.jpg,67,068.fern
data/raw/caltech256/256_ObjectCategories/068.fern/068_0062.jpg,67,068.fern
data/raw/caltech256/256_ObjectCategories/068.fern/068_0098.jpg,67,068.fern
data/raw/caltech256/256_ObjectCategories/068.fern/068_0008.jpg,67,068.fern
data/raw/caltech256/256_ObjectCategories/068.fern/068_0014.jpg,67,068.fern
data/raw/caltech256/256_ObjectCategories/068.fern/068_0039.jpg,67,068.fern
data/raw/caltech256/256_ObjectCategories/068.fern/068_0090.jpg,67,068.fern
data/raw/caltech256/256_ObjectCategories/068.fern/068_0026.jpg,67,068.fern
data/raw/caltech256/256_ObjectCategories/068.fern/068_0036.jpg,67,068.fern
data/raw/caltech256/256_ObjectCategories/068.fern/068_0031.jpg,67,068.fern
data/raw/caltech256/256_ObjectCategories/068.fern/068_0040.jpg,67,068.fern
data/raw/caltech256/256_ObjectCategories/068.fern/068_0082.jpg,67,068.fern
data/raw/caltech256/256_ObjectCategories/069.fighter-jet/069_0017.jpg,68,069.fighter-jet
data/raw/caltech256/256_ObjectCategories/069.fighter-jet/069_0072.jpg,68,069.fighter-jet
data/raw/caltech256/256_ObjectCategories/069.fighter-jet/069_0069.jpg,68,069.fighter-jet
data/raw/caltech256/256_ObjectCategories/069.fighter-jet/069_0018.jpg,68,069.fighter-jet
data/raw/caltech256/256_ObjectCategories/069.fighter-jet/069_0023.jpg,68,069.fighter-jet
data/raw/caltech256/256_ObjectCategories/069.fighter-jet/069_0050.jpg,68,069.fighter-jet
data/raw/caltech256/256_ObjectCategories/069.fighter-jet/069_0041.jpg,68,069.fighter-jet
data/raw/caltech256/256_ObjectCategories/069.fighter-jet/069_0087.jpg,68,069.fighter-jet
data/raw/caltech256/256_ObjectCategories/069.fighter-jet/069_0043.jpg,68,069.fighter-jet
data/raw/caltech256/256_ObjectCategories/069.fighter-jet/069_0020.jpg,68,069.fighter-jet
data/raw/caltech256/256_ObjectCategories/069.fighter-jet/069_0044.jpg,68,069.fighter-jet
data/raw/caltech256/256_ObjectCategories/069.fighter-jet/069_0055.jpg,68,069.fighter-jet
data/raw/caltech256/256_ObjectCategories/069.fighter-jet/069_0066.jpg,68,069.fighter-jet
data/raw/caltech256/256_ObjectCategories/069.fighter-jet/069_0037.jpg,68,069.fighter-jet
data/raw/caltech256/256_ObjectCategories/069.fighter-jet/069_0019.jpg,68,069.fighter-jet
data/raw/caltech256/256_ObjectCategories/069.fighter-jet/069_0089.jpg,68,069.fighter-jet
data/raw/caltech256/256_ObjectCategories/069.fighter-jet/069_0075.jpg,68,069.fighter-jet
data/raw/caltech256/256_ObjectCategories/069.fighter-jet/069_0031.jpg,68,069.fighter-jet
data/raw/caltech256/256_ObjectCategories/069.fighter-jet/069_0035.jpg,68,069.fighter-jet
data/raw/caltech256/256_ObjectCategories/069.fighter-jet/069_0028.jpg,68,069.fighter-jet
data/raw/caltech256/256_ObjectCategories/069.fighter-jet/069_0082.jpg,68,069.fighter-jet
data/raw/caltech256/256_ObjectCategories/069.fighter-jet/069_0024.jpg,68,069.fighter-jet
data/raw/caltech256/256_ObjectCategories/069.fighter-jet/069_0016.jpg,68,069.fighter-jet
data/raw/caltech256/256_ObjectCategories/069.fighter-jet/069_0057.jpg,68,069.fighter-jet
data/raw/caltech256/256_ObjectCategories/069.fighter-jet/069_0053.jpg,68,069.fighter-jet
data/raw/caltech256/256_ObjectCategories/069.fighter-jet/069_0054.jpg,68,069.fighter-jet
data/raw/caltech256/256_ObjectCategories/069.fighter-jet/069_0088.jpg,68,069.fighter-jet
data/raw/caltech256/256_ObjectCategories/069.fighter-jet/069_0064.jpg,68,069.fighter-jet
data/raw/caltech256/256_ObjectCategories/069.fighter-jet/069_0097.jpg,68,069.fighter-jet
data/raw/caltech256/256_ObjectCategories/069.fighter-jet/069_0067.jpg,68,069.fighter-jet
data/raw/caltech256/256_ObjectCategories/069.fighter-jet/069_0003.jpg,68,069.fighter-jet
data/raw/caltech256/256_ObjectCategories/069.fighter-jet/069_0074.jpg,68,069.fighter-jet
data/raw/caltech256/256_ObjectCategories/069.fighter-jet/069_0093.jpg,68,069.fighter-jet
data/raw/caltech256/256_ObjectCategories/069.fighter-jet/069_0086.jpg,68,069.fighter-jet
data/raw/caltech256/256_ObjectCategories/069.fighter-jet/069_0004.jpg,68,069.fighter-jet
data/raw/caltech256/256_ObjectCategories/070.fire-extinguisher/070_0008.jpg,69,070.fire-extinguisher
data/raw/caltech256/256_ObjectCategories/070.fire-extinguisher/070_0028.jpg,69,070.fire-extinguisher
data/raw/caltech256/256_ObjectCategories/070.fire-extinguisher/070_0046.jpg,69,070.fire-extinguisher
data/raw/caltech256/256_ObjectCategories/070.fire-extinguisher/070_0035.jpg,69,070.fire-extinguisher
data/raw/caltech256/256_ObjectCategories/070.fire-extinguisher/070_0002.jpg,69,070.fire-extinguisher
data/raw/caltech256/256_ObjectCategories/070.fire-extinguisher/070_0030.jpg,69,070.fire-extinguisher
data/raw/caltech256/256_ObjectCategories/070.fire-extinguisher/070_0053.jpg,69,070.fire-extinguisher
data/raw/caltech256/256_ObjectCategories/070.fire-extinguisher/070_0016.jpg,69,070.fire-extinguisher
data/raw/caltech256/256_ObjectCategories/070.fire-extinguisher/070_0063.jpg,69,070.fire-extinguisher
data/raw/caltech256/256_ObjectCategories/070.fire-extinguisher/070_0021.jpg,69,070.fire-extinguisher
data/raw/caltech256/256_ObjectCategories/070.fire-extinguisher/070_0060.jpg,69,070.fire-extinguisher
data/raw/caltech256/256_ObjectCategories/070.fire-extinguisher/070_0034.jpg,69,070.fire-extinguisher
data/raw/caltech256/256_ObjectCategories/070.fire-extinguisher/070_0019.jpg,69,070.fire-extinguisher
data/raw/caltech256/256_ObjectCategories/070.fire-extinguisher/070_0073.jpg,69,070.fire-extinguisher
data/raw/caltech256/256_ObjectCategories/070.fire-extinguisher/070_0065.jpg,69,070.fire-extinguisher
data/raw/caltech256/256_ObjectCategories/070.fire-extinguisher/070_0047.jpg,69,070.fire-extinguisher
data/raw/caltech256/256_ObjectCategories/070.fire-extinguisher/070_0072.jpg,69,070.fire-extinguisher
data/raw/caltech256/256_ObjectCategories/070.fire-extinguisher/070_0007.jpg,69,070.fire-extinguisher
data/raw/caltech256/256_ObjectCategories/070.fire-extinguisher/070_0052.jpg,69,070.fire-extinguisher
data/raw/caltech256/256_ObjectCategories/070.fire-extinguisher/070_0077.jpg,69,070.fire-extinguisher
data/raw/caltech256/256_ObjectCategories/070.fire-extinguisher/070_0003.jpg,69,070.fire-extinguisher
data/raw/caltech256/256_ObjectCategories/070.fire-extinguisher/070_0017.jpg,69,070.fire-extinguisher
data/raw/caltech256/256_ObjectCategories/070.fire-extinguisher/070_0012.jpg,69,070.fire-extinguisher
data/raw/caltech256/256_ObjectCategories/070.fire-extinguisher/070_0025.jpg,69,070.fire-extinguisher
data/raw/caltech256/256_ObjectCategories/070.fire-extinguisher/070_0001.jpg,69,070.fire-extinguisher
data/raw/caltech256/256_ObjectCategories/070.fire-extinguisher/070_0043.jpg,69,070.fire-extinguisher
data/raw/caltech256/256_ObjectCategories/070.fire-extinguisher/070_0032.jpg,69,070.fire-extinguisher
data/raw/caltech256/256_ObjectCategories/070.fire-extinguisher/070_0024.jpg,69,070.fire-extinguisher
data/raw/caltech256/256_ObjectCategories/070.fire-extinguisher/070_0074.jpg,69,070.fire-extinguisher
data/raw/caltech256/256_ObjectCategories/070.fire-extinguisher/070_0071.jpg,69,070.fire-extinguisher
data/raw/caltech256/256_ObjectCategories/071.fire-hydrant/071_0003.jpg,70,071.fire-hydrant
data/raw/caltech256/256_ObjectCategories/071.fire-hydrant/071_0083.jpg,70,071.fire-hydrant
data/raw/caltech256/256_ObjectCategories/071.fire-hydrant/071_0096.jpg,70,071.fire-hydrant
data/raw/caltech256/256_ObjectCategories/071.fire-hydrant/071_0002.jpg,70,071.fire-hydrant
data/raw/caltech256/256_ObjectCategories/071.fire-hydrant/071_0094.jpg,70,071.fire-hydrant
data/raw/caltech256/256_ObjectCategories/071.fire-hydrant/071_0043.jpg,70,071.fire-hydrant
data/raw/caltech256/256_ObjectCategories/071.fire-hydrant/071_0014.jpg,70,071.fire-hydrant
data/raw/caltech256/256_ObjectCategories/071.fire-hydrant/071_0026.jpg,70,071.fire-hydrant
data/raw/caltech256/256_ObjectCategories/071.fire-hydrant/071_0018.jpg,70,071.fire-hydrant
data/raw/caltech256/256_ObjectCategories/071.fire-hydrant/071_0082.jpg,70,071.fire-hydrant
data/raw/caltech256/256_ObjectCategories/071.fire-hydrant/071_0087.jpg,70,071.fire-hydrant
data/raw/caltech256/256_ObjectCategories/071.fire-hydrant/071_0056.jpg,70,071.fire-hydrant
data/raw/caltech256/256_ObjectCategories/071.fire-hydrant/071_0055.jpg,70,071.fire-hydrant
data/raw/caltech256/256_ObjectCategories/071.fire-hydrant/071_0098.jpg,70,071.fire-hydrant
data/raw/caltech256/256_ObjectCategories/071.fire-hydrant/071_0072.jpg,70,071.fire-hydrant
data/raw/caltech256/256_ObjectCategories/071.fire-hydrant/071_0053.jpg,70,071.fire-hydrant
data/raw/caltech256/256_ObjectCategories/071.fire-hydrant/071_0069.jpg,70,071.fire-hydrant
data/raw/caltech256/256_ObjectCategories/071.fire-hydrant/071_0078.jpg,70,071.fire-hydrant
data/raw/caltech256/256_ObjectCategories/071.fire-hydrant/071_0029.jpg,70,071.fire-hydrant
data/raw/caltech256/256_ObjectCategories/071.fire-hydrant/071_0034.jpg,70,071.fire-hydrant
data/raw/caltech256/256_ObjectCategories/071.fire-hydrant/071_0080.jpg,70,071.fire-hydrant
data/raw/caltech256/256_ObjectCategories/071.fire-hydrant/071_0009.jpg,70,071.fire-hydrant
data/raw/caltech256/256_ObjectCategories/071.fire-hydrant/071_0046.jpg,70,071.fire-hydrant
data/raw/caltech256/256_ObjectCategories/071.fire-hydrant/071_0005.jpg,70,071.fire-hydrant
data/raw/caltech256/256_ObjectCategories/071.fire-hydrant/071_0091.jpg,70,071.fire-hydrant
data/raw/caltech256/256_ObjectCategories/071.fire-hydrant/071_0060.jpg,70,071.fire-hydrant
data/raw/caltech256/256_ObjectCategories/071.fire-hydrant/071_0023.jpg,70,071.fire-hydrant
data/raw/caltech256/256_ObjectCategories/071.fire-hydrant/071_0077.jpg,70,071.fire-hydrant
data/raw/caltech256/256_ObjectCategories/071.fire-hydrant/071_0067.jpg,70,071.fire-hydrant
data/raw/caltech256/256_ObjectCategories/071.fire-hydrant/071_0015.jpg,70,071.fire-hydrant
data/raw/caltech256/256_ObjectCategories/071.fire-hydrant/071_0068.jpg,70,071.fire-hydrant
data/raw/caltech256/256_ObjectCategories/071.fire-hydrant/071_0059.jpg,70,071.fire-hydrant
data/raw/caltech256/256_ObjectCategories/071.fire-hydrant/071_0054.jpg,70,071.fire-hydrant
data/raw/caltech256/256_ObjectCategories/071.fire-hydrant/071_0070.jpg,70,071.fire-hydrant
data/raw/caltech256/256_ObjectCategories/071.fire-hydrant/071_0099.jpg,70,071.fire-hydrant
data/raw/caltech256/256_ObjectCategories/072.fire-truck/072_0086.jpg,71,072.fire-truck
data/raw/caltech256/256_ObjectCategories/072.fire-truck/072_0035.jpg,71,072.fire-truck
data/raw/caltech256/256_ObjectCategories/072.fire-truck/072_0005.jpg,71,072.fire-truck
data/raw/caltech256/256_ObjectCategories/072.fire-truck/072_0021.jpg,71,072.fire-truck
data/raw/caltech256/256_ObjectCategories/072.fire-truck/072_0092.jpg,71,072.fire-truck
data/raw/caltech256/256_ObjectCategories/072.fire-truck/072_0117.jpg,71,072.fire-truck
data/raw/caltech256/256_ObjectCategories/072.fire-truck/072_0006.jpg,71,072.fire-truck
data/raw/caltech256/256_ObjectCategories/072.fire-truck/072_0102.jpg,71,072.fire-truck
data/raw/caltech256/256_ObjectCategories/072.fire-truck/072_0087.jpg,71,072.fire-truck
data/raw/caltech256/256_ObjectCategories/072.fire-truck/072_0041.jpg,71,072.fire-truck
data/raw/caltech256/256_ObjectCategories/072.fire-truck/072_0055.jpg,71,072.fire-truck
data/raw/caltech256/256_ObjectCategories/072.fire-truck/072_0023.jpg,71,072.fire-truck
data/raw/caltech256/256_ObjectCategories/072.fire-truck/072_0022.jpg,71,072.fire-truck
data/raw/caltech256/256_ObjectCategories/072.fire-truck/072_0097.jpg,71,072.fire-truck
data/raw/caltech256/256_ObjectCategories/072.fire-truck/072_0096.jpg,71,072.fire-truck
data/raw/caltech256/256_ObjectCategories/072.fire-truck/072_0008.jpg,71,072.fire-truck
data/raw/caltech256/256_ObjectCategories/072.fire-truck/072_0063.jpg,71,072.fire-truck
data/raw/caltech256/256_ObjectCategories/072.fire-truck/072_0026.jpg,71,072.fire-truck
data/raw/caltech256/256_ObjectCategories/072.fire-truck/072_0058.jpg,71,072.fire-truck
data/raw/caltech256/256_ObjectCategories/072.fire-truck/072_0083.jpg,71,072.fire-truck
data/raw/caltech256/256_ObjectCategories/072.fire-truck/072_0113.jpg,71,072.fire-truck
data/raw/caltech256/256_ObjectCategories/072.fire-truck/072_0106.jpg,71,072.fire-truck
data/raw/caltech256/256_ObjectCategories/072.fire-truck/072_0084.jpg,71,072.fire-truck
data/raw/caltech256/256_ObjectCategories/072.fire-truck/072_0037.jpg,71,072.fire-truck
data/raw/caltech256/256_ObjectCategories/072.fire-truck/072_0018.jpg,71,072.fire-truck
data/raw/caltech256/256_ObjectCategories/072.fire-truck/072_0013.jpg,71,072.fire-truck
data/raw/caltech256/256_ObjectCategories/072.fire-truck/072_0116.jpg,71,072.fire-truck
data/raw/caltech256/256_ObjectCategories/072.fire-truck/072_0043.jpg,71,072.fire-truck
data/raw/caltech256/256_ObjectCategories/072.fire-truck/072_0082.jpg,71,072.fire-truck
data/raw/caltech256/256_ObjectCategories/072.fire-truck/072_0069.jpg,71,072.fire-truck
data/raw/caltech256/256_ObjectCategories/072.fire-truck/072_0093.jpg,71,072.fire-truck
data/raw/caltech256/256_ObjectCategories/072.fire-truck/072_0110.jpg,71,072.fire-truck
data/raw/caltech256/256_ObjectCategories/072.fire-truck/072_0042.jpg,71,072.fire-truck
data/raw/caltech256/256_ObjectCategories/072.fire-truck/072_0012.jpg,71,072.fire-truck
data/raw/caltech256/256_ObjectCategories/072.fire-truck/072_0071.jpg,71,072.fire-truck
data/raw/caltech256/256_ObjectCategories/072.fire-truck/072_0014.jpg,71,072.fire-truck
data/raw/caltech256/256_ObjectCategories/072.fire-truck/072_0003.jpg,71,072.fire-truck
data/raw/caltech256/256_ObjectCategories/072.fire-truck/072_0079.jpg,71,072.fire-truck
data/raw/caltech256/256_ObjectCategories/072.fire-truck/072_0104.jpg,71,072.fire-truck
data/raw/caltech256/256_ObjectCategories/072.fire-truck/072_0029.jpg,71,072.fire-truck
data/raw/caltech256/256_ObjectCategories/072.fire-truck/072_0033.jpg,71,072.fire-truck
data/raw/caltech256/256_ObjectCategories/073.fireworks/073_0004.jpg,72,073.fireworks
data/raw/caltech256/256_ObjectCategories/073.fireworks/073_0084.jpg,72,073.fireworks
data/raw/caltech256/256_ObjectCategories/073.fireworks/073_0028.jpg,72,073.fireworks
data/raw/caltech256/256_ObjectCategories/073.fireworks/073_0076.jpg,72,073.fireworks
data/raw/caltech256/256_ObjectCategories/073.fireworks/073_0097.jpg,72,073.fireworks
data/raw/caltech256/256_ObjectCategories/073.fireworks/073_0007.jpg,72,073.fireworks
data/raw/caltech256/256_ObjectCategories/073.fireworks/073_0037.jpg,72,073.fireworks
data/raw/caltech256/256_ObjectCategories/073.fireworks/073_0024.jpg,72,073.fireworks
data/raw/caltech256/256_ObjectCategories/073.fireworks/073_0099.jpg,72,073.fireworks
data/raw/caltech256/256_ObjectCategories/073.fireworks/073_0030.jpg,72,073.fireworks
data/raw/caltech256/256_ObjectCategories/073.fireworks/073_0029.jpg,72,073.fireworks
data/raw/caltech256/256_ObjectCategories/073.fireworks/073_0042.jpg,72,073.fireworks
data/raw/caltech256/256_ObjectCategories/073.fireworks/073_0021.jpg,72,073.fireworks
data/raw/caltech256/256_ObjectCategories/073.fireworks/073_0008.jpg,72,073.fireworks
data/raw/caltech256/256_ObjectCategories/073.fireworks/073_0096.jpg,72,073.fireworks
data/raw/caltech256/256_ObjectCategories/073.fireworks/073_0026.jpg,72,073.fireworks
data/raw/caltech256/256_ObjectCategories/073.fireworks/073_0001.jpg,72,073.fireworks
data/raw/caltech256/256_ObjectCategories/073.fireworks/073_0086.jpg,72,073.fireworks
data/raw/caltech256/256_ObjectCategories/073.fireworks/073_0032.jpg,72,073.fireworks
data/raw/caltech256/256_ObjectCategories/073.fireworks/073_0066.jpg,72,073.fireworks
data/raw/caltech256/256_ObjectCategories/073.fireworks/073_0048.jpg,72,073.fireworks
data/raw/caltech256/256_ObjectCategories/073.fireworks/073_0035.jpg,72,073.fireworks
data/raw/caltech256/256_ObjectCategories/073.fireworks/073_0100.jpg,72,073.fireworks
data/raw/caltech256/256_ObjectCategories/073.fireworks/073_0083.jpg,72,073.fireworks
data/raw/caltech256/256_ObjectCategories/073.fireworks/073_0050.jpg,72,073.fireworks
data/raw/caltech256/256_ObjectCategories/073.fireworks/073_0017.jpg,72,073.fireworks
data/raw/caltech256/256_ObjectCategories/073.fireworks/073_0058.jpg,72,073.fireworks
data/raw/caltech256/256_ObjectCategories/073.fireworks/073_0089.jpg,72,073.fireworks
data/raw/caltech256/256_ObjectCategories/073.fireworks/073_0041.jpg,72,073.fireworks
data/raw/caltech256/256_ObjectCategories/073.fireworks/073_0078.jpg,72,073.fireworks
data/raw/caltech256/256_ObjectCategories/073.fireworks/073_0012.jpg,72,073.fireworks
data/raw/caltech256/256_ObjectCategories/073.fireworks/073_0010.jpg,72,073.fireworks
data/raw/caltech256/256_ObjectCategories/073.fireworks/073_0038.jpg,72,073.fireworks
data/raw/caltech256/256_ObjectCategories/073.fireworks/073_0098.jpg,72,073.fireworks
data/raw/caltech256/256_ObjectCategories/073.fireworks/073_0091.jpg,72,073.fireworks
data/raw/caltech256/256_ObjectCategories/074.flashlight/074_0011.jpg,73,074.flashlight
data/raw/caltech256/256_ObjectCategories/074.flashlight/074_0112.jpg,73,074.flashlight
data/raw/caltech256/256_ObjectCategories/074.flashlight/074_0023.jpg,73,074.flashlight
data/raw/caltech256/256_ObjectCategories/074.flashlight/074_0071.jpg,73,074.flashlight
data/raw/caltech256/256_ObjectCategories/074.flashlight/074_0054.jpg,73,074.flashlight
data/raw/caltech256/256_ObjectCategories/074.flashlight/074_0092.jpg,73,074.flashlight
data/raw/caltech256/256_ObjectCategories/074.flashlight/074_0088.jpg,73,074.flashlight
data/raw/caltech256/256_ObjectCategories/074.flashlight/074_0104.jpg,73,074.flashlight
data/raw/caltech256/256_ObjectCategories/074.flashlight/074_0106.jpg,73,074.flashlight
data/raw/caltech256/256_ObjectCategories/074.flashlight/074_0077.jpg,73,074.flashlight
data/raw/caltech256/256_ObjectCategories/074.flashlight/074_0086.jpg,73,074.flashlight
data/raw/caltech256/256_ObjectCategories/074.flashlight/074_0030.jpg,73,074.flashlight
data/raw/caltech256/256_ObjectCategories/074.flashlight/074_0115.jpg,73,074.flashlight
data/raw/caltech256/256_ObjectCategories/074.flashlight/074_0067.jpg,73,074.flashlight
data/raw/caltech256/256_ObjectCategories/074.flashlight/074_0084.jpg,73,074.flashlight
data/raw/caltech256/256_ObjectCategories/074.flashlight/074_0094.jpg,73,074.flashlight
data/raw/caltech256/256_ObjectCategories/074.flashlight/074_0016.jpg,73,074.flashlight
data/raw/caltech256/256_ObjectCategories/074.flashlight/074_0080.jpg,73,074.flashlight
data/raw/caltech256/256_ObjectCategories/074.flashlight/074_0002.jpg,73,074.flashlight
data/raw/caltech256/256_ObjectCategories/074.flashlight/074_0087.jpg,73,074.flashlight
data/raw/caltech256/256_ObjectCategories/074.flashlight/074_0007.jpg,73,074.flashlight
data/raw/caltech256/256_ObjectCategories/074.flashlight/074_0037.jpg,73,074.flashlight
data/raw/caltech256/256_ObjectCategories/074.flashlight/074_0033.jpg,73,074.flashlight
data/raw/caltech256/256_ObjectCategories/074.flashlight/074_0095.jpg,73,074.flashlight
data/raw/caltech256/256_ObjectCategories/074.flashlight/074_0031.jpg,73,074.flashlight
data/raw/caltech256/256_ObjectCategories/074.flashlight/074_0022.jpg,73,074.flashlight
data/raw/caltech256/256_ObjectCategories/074.flashlight/074_0034.jpg,73,074.flashlight
data/raw/caltech256/256_ObjectCategories/074.flashlight/074_0064.jpg,73,074.flashlight
data/raw/caltech256/256_ObjectCategories/074.flashlight/074_0081.jpg,73,074.flashlight
data/raw/caltech256/256_ObjectCategories/074.flashlight/074_0004.jpg,73,074.flashlight
data/raw/caltech256/256_ObjectCategories/074.flashlight/074_0108.jpg,73,074.flashlight
data/raw/caltech256/256_ObjectCategories/074.flashlight/074_0019.jpg,73,074.flashlight
data/raw/caltech256/256_ObjectCategories/074.flashlight/074_0051.jpg,73,074.flashlight
data/raw/caltech256/256_ObjectCategories/074.flashlight/074_0065.jpg,73,074.flashlight
data/raw/caltech256/256_ObjectCategories/074.flashlight/074_0068.jpg,73,074.flashlight
data/raw/caltech256/256_ObjectCategories/074.flashlight/074_0032.jpg,73,074.flashlight
data/raw/caltech256/256_ObjectCategories/074.flashlight/074_0048.jpg,73,074.flashlight
data/raw/caltech256/256_ObjectCategories/074.flashlight/074_0015.jpg,73,074.flashlight
data/raw/caltech256/256_ObjectCategories/074.flashlight/074_0052.jpg,73,074.flashlight
data/raw/caltech256/256_ObjectCategories/074.flashlight/074_0063.jpg,73,074.flashlight
data/raw/caltech256/256_ObjectCategories/075.floppy-disk/075_0075.jpg,74,075.floppy-disk
data/raw/caltech256/256_ObjectCategories/075.floppy-disk/075_0058.jpg,74,075.floppy-disk
data/raw/caltech256/256_ObjectCategories/075.floppy-disk/075_0046.jpg,74,075.floppy-disk
data/raw/caltech256/256_ObjectCategories/075.floppy-disk/075_0037.jpg,74,075.floppy-disk
data/raw/caltech256/256_ObjectCategories/075.floppy-disk/075_0060.jpg,74,075.floppy-disk
data/raw/caltech256/256_ObjectCategories/075.floppy-disk/075_0053.jpg,74,075.floppy-disk
data/raw/caltech256/256_ObjectCategories/075.floppy-disk/075_0056.jpg,74,075.floppy-disk
data/raw/caltech256/256_ObjectCategories/075.floppy-disk/075_0076.jpg,74,075.floppy-disk
data/raw/caltech256/256_ObjectCategories/075.floppy-disk/075_0033.jpg,74,075.floppy-disk
data/raw/caltech256/256_ObjectCategories/075.floppy-disk/075_0038.jpg,74,075.floppy-disk
data/raw/caltech256/256_ObjectCategories/075.floppy-disk/075_0022.jpg,74,075.floppy-disk
data/raw/caltech256/256_ObjectCategories/075.floppy-disk/075_0008.jpg,74,075.floppy-disk
data/raw/caltech256/256_ObjectCategories/075.floppy-disk/075_0064.jpg,74,075.floppy-disk
data/raw/caltech256/256_ObjectCategories/075.floppy-disk/075_0039.jpg,74,075.floppy-disk
data/raw/caltech256/256_ObjectCategories/075.floppy-disk/075_0029.jpg,74,075.floppy-disk
data/raw/caltech256/256_ObjectCategories/075.floppy-disk/075_0080.jpg,74,075.floppy-disk
data/raw/caltech256/256_ObjectCategories/075.floppy-disk/075_0001.jpg,74,075.floppy-disk
data/raw/caltech256/256_ObjectCategories/075.floppy-disk/075_0019.jpg,74,075.floppy-disk
data/raw/caltech256/256_ObjectCategories/075.floppy-disk/075_0013.jpg,74,075.floppy-disk
data/raw/caltech256/256_ObjectCategories/075.floppy-disk/075_0052.jpg,74,075.floppy-disk
data/raw/caltech256/256_ObjectCategories/075.floppy-disk/075_0071.jpg,74,075.floppy-disk
data/raw/caltech256/256_ObjectCategories/075.floppy-disk/075_0063.jpg,74,075.floppy-disk
data/raw/caltech256/256_ObjectCategories/075.floppy-disk/075_0007.jpg,74,075.floppy-disk
data/raw/caltech256/256_ObjectCategories/075.floppy-disk/075_0059.jpg,74,075.floppy-disk
data/raw/caltech256/256_ObjectCategories/075.floppy-disk/075_0068.jpg,74,075.floppy-disk
data/raw/caltech256/256_ObjectCategories/075.floppy-disk/075_0042.jpg,74,075.floppy-disk
data/raw/caltech256/256_ObjectCategories/075.floppy-disk/075_0074.jpg,74,075.floppy-disk
data/raw/caltech256/256_ObjectCategories/075.floppy-disk/075_0016.jpg,74,075.floppy-disk
data/raw/caltech256/256_ObjectCategories/075.floppy-disk/075_0061.jpg,74,075.floppy-disk
data/raw/caltech256/256_ObjectCategories/076.football-helmet/076_0078.jpg,75,076.football-helmet
data/raw/caltech256/256_ObjectCategories/076.football-helmet/076_0024.jpg,75,076.football-helmet
data/raw/caltech256/256_ObjectCategories/076.football-helmet/076_0037.jpg,75,076.football-helmet
data/raw/caltech256/256_ObjectCategories/076.football-helmet/076_0023.jpg,75,076.football-helmet
data/raw/caltech256/256_ObjectCategories/076.football-helmet/076_0002.jpg,75,076.football-helmet
data/raw/caltech256/256_ObjectCategories/076.football-helmet/076_0049.jpg,75,076.football-helmet
data/raw/caltech256/256_ObjectCategories/076.football-helmet/076_0032.jpg,75,076.football-helmet
data/raw/caltech256/256_ObjectCategories/076.football-helmet/076_0064.jpg,75,076.football-helmet
data/raw/caltech256/256_ObjectCategories/076.football-helmet/076_0039.jpg,75,076.football-helmet
data/raw/caltech256/256_ObjectCategories/076.football-helmet/076_0043.jpg,75,076.football-helmet
data/raw/caltech256/256_ObjectCategories/076.football-helmet/076_0036.jpg,75,076.football-helmet
data/raw/caltech256/256_ObjectCategories/076.football-helmet/076_0028.jpg,75,076.football-helmet
data/raw/caltech256/256_ObjectCategories/076.football-helmet/076_0004.jpg,75,076.football-helmet
data/raw/caltech256/256_ObjectCategories/076.football-helmet/076_0033.jpg,75,076.football-helmet
data/raw/caltech256/256_ObjectCategories/076.football-helmet/076_0018.jpg,75,076.football-helmet
data/raw/caltech256/256_ObjectCategories/076.football-helmet/076_0058.jpg,75,076.football-helmet
data/raw/caltech256/256_ObjectCategories/076.football-helmet/076_0080.jpg,75,076.football-helmet
data/raw/caltech256/256_ObjectCategories/076.football-helmet/076_0072.jpg,75,076.football-helmet
data/raw/caltech256/256_ObjectCategories/076.football-helmet/076_0045.jpg,75,076.football-helmet
data/raw/caltech256/256_ObjectCategories/076.football-helmet/076_0035.jpg,75,076.football-helmet
data/raw/caltech256/256_ObjectCategories/076.football-helmet/076_0050.jpg,75,076.football-helmet
data/raw/caltech256/256_ObjectCategories/076.football-helmet/076_0079.jpg,75,076.football-helmet
data/raw/caltech256/256_ObjectCategories/076.football-helmet/076_0013.jpg,75,076.football-helmet
data/raw/caltech256/256_ObjectCategories/076.football-helmet/076_0034.jpg,75,076.football-helmet
data/raw/caltech256/256_ObjectCategories/076.football-helmet/076_0048.jpg,75,076.football-helmet
data/raw/caltech256/256_ObjectCategories/076.football-helmet/076_0040.jpg,75,076.football-helmet
data/raw/caltech256/256_ObjectCategories/076.football-helmet/076_0003.jpg,75,076.football-helmet
data/raw/caltech256/256_ObjectCategories/076.football-helmet/076_0022.jpg,75,076.football-helmet
data/raw/caltech256/256_ObjectCategories/076.football-helmet/076_0011.jpg,75,076.football-helmet
data/raw/caltech256/256_ObjectCategories/076.football-helmet/076_0042.jpg,75,076.football-helmet
data/raw/caltech256/256_ObjectCategories/077.french-horn/077_0007.jpg,76,077.french-horn
data/raw/caltech256/256_ObjectCategories/077.french-horn/077_0011.jpg,76,077.french-horn
data/raw/caltech256/256_ObjectCategories/077.french-horn/077_0090.jpg,76,077.french-horn
data/raw/caltech256/256_ObjectCategories/077.french-horn/077_0074.jpg,76,077.french-horn
data/raw/caltech256/256_ObjectCategories/077.french-horn/077_0080.jpg,76,077.french-horn
data/raw/caltech256/256_ObjectCategories/077.french-horn/077_0070.jpg,76,077.french-horn
data/raw/caltech256/256_ObjectCategories/077.french-horn/077_0041.jpg,76,077.french-horn
data/raw/caltech256/256_ObjectCategories/077.french-horn/077_0064.jpg,76,077.french-horn
data/raw/caltech256/256_ObjectCategories/077.french-horn/077_0014.jpg,76,077.french-horn
data/raw/caltech256/256_ObjectCategories/077.french-horn/077_0031.jpg,76,077.french-horn
data/raw/caltech256/256_ObjectCategories/077.french-horn/077_0015.jpg,76,077.french-horn
data/raw/caltech256/256_ObjectCategories/077.french-horn/077_0086.jpg,76,077.french-horn
data/raw/caltech256/256_ObjectCategories/077.french-horn/077_0018.jpg,76,077.french-horn
data/raw/caltech256/256_ObjectCategories/077.french-horn/077_0034.jpg,76,077.french-horn
data/raw/caltech256/256_ObjectCategories/077.french-horn/077_0002.jpg,76,077.french-horn
data/raw/caltech256/256_ObjectCategories/077.french-horn/077_0081.jpg,76,077.french-horn
data/raw/caltech256/256_ObjectCategories/077.french-horn/077_0008.jpg,76,077.french-horn
data/raw/caltech256/256_ObjectCategories/077.french-horn/077_0020.jpg,76,077.french-horn
data/raw/caltech256/256_ObjectCategories/077.french-horn/077_0078.jpg,76,077.french-horn
data/raw/caltech256/256_ObjectCategories/077.french-horn/077_0059.jpg,76,077.french-horn
data/raw/caltech256/256_ObjectCategories/077.french-horn/077_0036.jpg,76,077.french-horn
data/raw/caltech256/256_ObjectCategories/077.french-horn/077_0040.jpg,76,077.french-horn
data/raw/caltech256/256_ObjectCategories/077.french-horn/077_0069.jpg,76,077.french-horn
data/raw/caltech256/256_ObjectCategories/077.french-horn/077_0010.jpg,76,077.french-horn
data/raw/caltech256/256_ObjectCategories/077.french-horn/077_0019.jpg,76,077.french-horn
data/raw/caltech256/256_ObjectCategories/077.french-horn/077_0068.jpg,76,077.french-horn
data/raw/caltech256/256_ObjectCategories/077.french-horn/077_0087.jpg,76,077.french-horn
data/raw/caltech256/256_ObjectCategories/077.french-horn/077_0089.jpg,76,077.french-horn
data/raw/caltech256/256_ObjectCategories/077.french-horn/077_0025.jpg,76,077.french-horn
data/raw/caltech256/256_ObjectCategories/077.french-horn/077_0026.jpg,76,077.french-horn
data/raw/caltech256/256_ObjectCategories/077.french-horn/077_0035.jpg,76,077.french-horn
data/raw/caltech256/256_ObjectCategories/077.french-horn/077_0076.jpg,76,077.french-horn
data/raw/caltech256/256_ObjectCategories/077.french-horn/077_0082.jpg,76,077.french-horn
data/raw/caltech256/256_ObjectCategories/078.fried-egg/078_0042.jpg,77,078.fried-egg
data/raw/caltech256/256_ObjectCategories/078.fried-egg/078_0007.jpg,77,078.fried-egg
data/raw/caltech256/256_ObjectCategories/078.fried-egg/078_0015.jpg,77,078.fried-egg
data/raw/caltech256/256_ObjectCategories/078.fried-egg/078_0078.jpg,77,078.fried-egg
data/raw/caltech256/256_ObjectCategories/078.fried-egg/078_0021.jpg,77,078.fried-egg
data/raw/caltech256/256_ObjectCategories/078.fried-egg/078_0022.jpg,77,078.fried-egg
data/raw/caltech256/256_ObjectCategories/078.fried-egg/078_0058.jpg,77,078.fried-egg
data/raw/caltech256/256_ObjectCategories/078.fried-egg/078_0041.jpg,77,078.fried-egg
data/raw/caltech256/256_ObjectCategories/078.fried-egg/078_0012.jpg,77,078.fried-egg
data/raw/caltech256/256_ObjectCategories/078.fried-egg/078_0048.jpg,77,078.fried-egg
data/raw/caltech256/256_ObjectCategories/078.fried-egg/078_0067.jpg,77,078.fried-egg
data/raw/caltech256/256_ObjectCategories/078.fried-egg/078_0037.jpg,77,078.fried-egg
data/raw/caltech256/256_ObjectCategories/078.fried-egg/078_0017.jpg,77,078.fried-egg
data/raw/caltech256/256_ObjectCategories/078.fried-egg/078_0073.jpg,77,078.fried-egg
data/raw/caltech256/256_ObjectCategories/078.fried-egg/078_0014.jpg,77,078.fried-egg
data/raw/caltech256/256_ObjectCategories/078.fried-egg/078_0008.jpg,77,078.fried-egg
data/raw/caltech256/256_ObjectCategories/078.fried-egg/078_0064.jpg,77,078.fried-egg
data/raw/caltech256/256_ObjectCategories/078.fried-egg/078_0034.jpg,77,078.fried-egg
data/raw/caltech256/256_ObjectCategories/078.fried-egg/078_0019.jpg,77,078.fried-egg
data/raw/caltech256/256_ObjectCategories/078.fried-egg/078_0076.jpg,77,078.fried-egg
data/raw/caltech256/256_ObjectCategories/078.fried-egg/078_0077.jpg,77,078.fried-egg
data/raw/caltech256/256_ObjectCategories/078.fried-egg/078_0039.jpg,77,078.fried-egg
data/raw/caltech256/256_ObjectCategories/078.fried-egg/078_0044.jpg,77,078.fried-egg
data/raw/caltech256/256_ObjectCategories/078.fried-egg/078_0086.jpg,77,078.fried-egg
data/raw/caltech256/256_ObjectCategories/078.fried-egg/078_0023.jpg,77,078.fried-egg
data/raw/caltech256/256_ObjectCategories/078.fried-egg/078_0001.jpg,77,078.fried-egg
data/raw/caltech256/256_ObjectCategories/078.fried-egg/078_0072.jpg,77,078.fried-egg
data/raw/caltech256/256_ObjectCategories/078.fried-egg/078_0049.jpg,77,078.fried-egg
data/raw/caltech256/256_ObjectCategories/078.fried-egg/078_0070.jpg,77,078.fried-egg
data/raw/caltech256/256_ObjectCategories/078.fried-egg/078_0056.jpg,77,078.fried-egg
data/raw/caltech256/256_ObjectCategories/078.fried-egg/078_0030.jpg,77,078.fried-egg
data/raw/caltech256/256_ObjectCategories/078.fried-egg/078_0087.jpg,77,078.fried-egg
data/raw/caltech256/256_ObjectCategories/079.frisbee/079_0067.jpg,78,079.frisbee
data/raw/caltech256/256_ObjectCategories/079.frisbee/079_0078.jpg,78,079.frisbee
data/raw/caltech256/256_ObjectCategories/079.frisbee/079_0022.jpg,78,079.frisbee
data/raw/caltech256/256_ObjectCategories/079.frisbee/079_0028.jpg,78,079.frisbee
data/raw/caltech256/256_ObjectCategories/079.frisbee/079_0050.jpg,78,079.frisbee
data/raw/caltech256/256_ObjectCategories/079.frisbee/079_0064.jpg,78,079.frisbee
data/raw/caltech256/256_ObjectCategories/079.frisbee/079_0048.jpg,78,079.frisbee
data/raw/caltech256/256_ObjectCategories/079.frisbee/079_0025.jpg,78,079.frisbee
data/raw/caltech256/256_ObjectCategories/079.frisbee/079_0070.jpg,78,079.frisbee
data/raw/caltech256/256_ObjectCategories/079.frisbee/079_0089.jpg,78,079.frisbee
data/raw/caltech256/256_ObjectCategories/079.frisbee/079_0085.jpg,78,079.frisbee
data/raw/caltech256/256_ObjectCategories/079.frisbee/079_0069.jpg,78,079.frisbee
data/raw/caltech256/256_ObjectCategories/079.frisbee/079_0097.jpg,78,079.frisbee
data/raw/caltech256/256_ObjectCategories/079.frisbee/079_0020.jpg,78,079.frisbee
data/raw/caltech256/256_ObjectCategories/079.frisbee/079_0044.jpg,78,079.frisbee
data/raw/caltech256/256_ObjectCategories/079.frisbee/079_0016.jpg,78,079.frisbee
data/raw/caltech256/256_ObjectCategories/079.frisbee/079_0057.jpg,78,079.frisbee
data/raw/caltech256/256_ObjectCategories/079.frisbee/079_0014.jpg,78,079.frisbee
data/raw/caltech256/256_ObjectCategories/079.frisbee/079_0074.jpg,78,079.frisbee
data/raw/caltech256/256_ObjectCategories/079.frisbee/079_0068.jpg,78,079.frisbee
data/raw/caltech256/256_ObjectCategories/079.frisbee/079_0032.jpg,78,079.frisbee
data/raw/caltech256/256_ObjectCategories/079.frisbee/079_0054.jpg,78,079.frisbee
data/raw/caltech256/256_ObjectCategories/079.frisbee/079_0034.jpg,78,079.frisbee
data/raw/caltech256/256_ObjectCategories/079.frisbee/079_0045.jpg,78,079.frisbee
data/raw/caltech256/256_ObjectCategories/079.frisbee/079_0023.jpg,78,079.frisbee
data/raw/caltech256/256_ObjectCategories/079.frisbee/079_0012.jpg,78,079.frisbee
data/raw/caltech256/256_ObjectCategories/079.frisbee/079_0029.jpg,78,079.frisbee
data/raw/caltech256/256_ObjectCategories/079.frisbee/079_0076.jpg,78,079.frisbee
data/raw/caltech256/256_ObjectCategories/079.frisbee/079_0081.jpg,78,079.frisbee
data/raw/caltech256/256_ObjectCategories/079.frisbee/079_0002.jpg,78,079.frisbee
data/raw/caltech256/256_ObjectCategories/079.frisbee/079_0084.jpg,78,079.frisbee
data/raw/caltech256/256_ObjectCategories/079.frisbee/079_0086.jpg,78,079.frisbee
data/raw/caltech256/256_ObjectCategories/079.frisbee/079_0071.jpg,78,079.frisbee
data/raw/caltech256/256_ObjectCategories/079.frisbee/079_0024.jpg,78,079.frisbee
data/raw/caltech256/256_ObjectCategories/079.frisbee/079_0096.jpg,78,079.frisbee
data/raw/caltech256/256_ObjectCategories/080.frog/080_0060.jpg,79,080.frog
data/raw/caltech256/256_ObjectCategories/080.frog/080_0096.jpg,79,080.frog
data/raw/caltech256/256_ObjectCategories/080.frog/080_0076.jpg,79,080.frog
data/raw/caltech256/256_ObjectCategories/080.frog/080_0051.jpg,79,080.frog
data/raw/caltech256/256_ObjectCategories/080.frog/080_0085.jpg,79,080.frog
data/raw/caltech256/256_ObjectCategories/080.frog/080_0017.jpg,79,080.frog
data/raw/caltech256/256_ObjectCategories/080.frog/080_0113.jpg,79,080.frog
data/raw/caltech256/256_ObjectCategories/080.frog/080_0102.jpg,79,080.frog
data/raw/caltech256/256_ObjectCategories/080.frog/080_0110.jpg,79,080.frog
data/raw/caltech256/256_ObjectCategories/080.frog/080_0088.jpg,79,080.frog
data/raw/caltech256/256_ObjectCategories/080.frog/080_0108.jpg,79,080.frog
data/raw/caltech256/256_ObjectCategories/080.frog/080_0034.jpg,79,080.frog
data/raw/caltech256/256_ObjectCategories/080.frog/080_0023.jpg,79,080.frog
data/raw/caltech256/256_ObjectCategories/080.frog/080_0078.jpg,79,080.frog
data/raw/caltech256/256_ObjectCategories/080.frog/080_0091.jpg,79,080.frog
data/raw/caltech256/256_ObjectCategories/080.frog/080_0008.jpg,79,080.frog
data/raw/caltech256/256_ObjectCategories/080.frog/080_0114.jpg,79,080.frog
data/raw/caltech256/256_ObjectCategories/080.frog/080_0013.jpg,79,080.frog
data/raw/caltech256/256_ObjectCategories/080.frog/080_0020.jpg,79,080.frog
data/raw/caltech256/256_ObjectCategories/080.frog/080_0004.jpg,79,080.frog
data/raw/caltech256/256_ObjectCategories/080.frog/080_0026.jpg,79,080.frog
data/raw/caltech256/256_ObjectCategories/080.frog/080_0033.jpg,79,080.frog
data/raw/caltech256/256_ObjectCategories/080.frog/080_0021.jpg,79,080.frog
data/raw/caltech256/256_ObjectCategories/080.frog/080_0069.jpg,79,080.frog
data/raw/caltech256/256_ObjectCategories/080.frog/080_0064.jpg,79,080.frog
data/raw/caltech256/256_ObjectCategories/080.frog/080_0071.jpg,79,080.frog
data/raw/caltech256/256_ObjectCategories/080.frog/080_0097.jpg,79,080.frog
data/raw/caltech256/256_ObjectCategories/080.frog/080_0106.jpg,79,080.frog
data/raw/caltech256/256_ObjectCategories/080.frog/080_0002.jpg,79,080.frog
data/raw/caltech256/256_ObjectCategories/080.frog/080_0087.jpg,79,080.frog
data/raw/caltech256/256_ObjectCategories/080.frog/080_0029.jpg,79,080.frog
data/raw/caltech256/256_ObjectCategories/080.frog/080_0027.jpg,79,080.frog
data/raw/caltech256/256_ObjectCategories/080.frog/080_0098.jpg,79,080.frog
data/raw/caltech256/256_ObjectCategories/080.frog/080_0015.jpg,79,080.frog
data/raw/caltech256/256_ObjectCategories/080.frog/080_0059.jpg,79,080.frog
data/raw/caltech256/256_ObjectCategories/080.frog/080_0054.jpg,79,080.frog
data/raw/caltech256/256_ObjectCategories/080.frog/080_0070.jpg,79,080.frog
data/raw/caltech256/256_ObjectCategories/080.frog/080_0073.jpg,79,080.frog
data/raw/caltech256/256_ObjectCategories/080.frog/080_0019.jpg,79,080.frog
data/raw/caltech256/256_ObjectCategories/080.frog/080_0007.jpg,79,080.frog
data/raw/caltech256/256_ObjectCategories/080.frog/080_0094.jpg,79,080.frog
data/raw/caltech256/256_ObjectCategories/081.frying-pan/081_0005.jpg,80,081.frying-pan
data/raw/caltech256/256_ObjectCategories/081.frying-pan/081_0024.jpg,80,081.frying-pan
data/raw/caltech256/256_ObjectCategories/081.frying-pan/081_0042.jpg,80,081.frying-pan
data/raw/caltech256/256_ObjectCategories/081.frying-pan/081_0058.jpg,80,081.frying-pan
data/raw/caltech256/256_ObjectCategories/081.frying-pan/081_0026.jpg,80,081.frying-pan
data/raw/caltech256/256_ObjectCategories/081.frying-pan/081_0015.jpg,80,081.frying-pan
data/raw/caltech256/256_ObjectCategories/081.frying-pan/081_0019.jpg,80,081.frying-pan
data/raw/caltech256/256_ObjectCategories/081.frying-pan/081_0025.jpg,80,081.frying-pan
data/raw/caltech256/256_ObjectCategories/081.frying-pan/081_0011.jpg,80,081.frying-pan
data/raw/caltech256/256_ObjectCategories/081.frying-pan/081_0006.jpg,80,081.frying-pan
data/raw/caltech256/256_ObjectCategories/081.frying-pan/081_0091.jpg,80,081.frying-pan
data/raw/caltech256/256_ObjectCategories/081.frying-pan/081_0094.jpg,80,081.frying-pan
data/raw/caltech256/256_ObjectCategories/081.frying-pan/081_0049.jpg,80,081.frying-pan
data/raw/caltech256/256_ObjectCategories/081.frying-pan/081_0028.jpg,80,081.frying-pan
data/raw/caltech256/256_ObjectCategories/081.frying-pan/081_0020.jpg,80,081.frying-pan
data/raw/caltech256/256_ObjectCategories/081.frying-pan/081_0046.jpg,80,081.frying-pan
data/raw/caltech256/256_ObjectCategories/081.frying-pan/081_0029.jpg,80,081.frying-pan
data/raw/caltech256/256_ObjectCategories/081.frying-pan/081_0079.jpg,80,081.frying-pan
data/raw/caltech256/256_ObjectCategories/081.frying-pan/081_0054.jpg,80,081.frying-pan
data/raw/caltech256/256_ObjectCategories/081.frying-pan/081_0088.jpg,80,081.frying-pan
data/raw/caltech256/256_ObjectCategories/081.frying-pan/081_0073.jpg,80,081.frying-pan
data/raw/caltech256/256_ObjectCategories/081.frying-pan/081_0071.jpg,80,081.frying-pan
data/raw/caltech256/256_ObjectCategories/081.frying-pan/081_0064.jpg,80,081.frying-pan
data/raw/caltech256/256_ObjectCategories/081.frying-pan/081_0072.jpg,80,081.frying-pan
data/raw/caltech256/256_ObjectCategories/081.frying-pan/081_0016.jpg,80,081.frying-pan
data/raw/caltech256/256_ObjectCategories/081.frying-pan/081_0062.jpg,80,081.frying-pan
data/raw/caltech256/256_ObjectCategories/081.frying-pan/081_0002.jpg,80,081.frying-pan
data/raw/caltech256/256_ObjectCategories/081.frying-pan/081_0092.jpg,80,081.frying-pan
data/raw/caltech256/256_ObjectCategories/081.frying-pan/081_0083.jpg,80,081.frying-pan
data/raw/caltech256/256_ObjectCategories/081.frying-pan/081_0089.jpg,80,081.frying-pan
data/raw/caltech256/256_ObjectCategories/081.frying-pan/081_0066.jpg,80,081.frying-pan
data/raw/caltech256/256_ObjectCategories/081.frying-pan/081_0055.jpg,80,081.frying-pan
data/raw/caltech256/256_ObjectCategories/081.frying-pan/081_0061.jpg,80,081.frying-pan
data/raw/caltech256/256_ObjectCategories/082.galaxy/082_0016.jpg,81,082.galaxy
data/raw/caltech256/256_ObjectCategories/082.galaxy/082_0076.jpg,81,082.galaxy
data/raw/caltech256/256_ObjectCategories/082.galaxy/082_0040.jpg,81,082.galaxy
data/raw/caltech256/256_ObjectCategories/082.galaxy/082_0025.jpg,81,082.galaxy
data/raw/caltech256/256_ObjectCategories/082.galaxy/082_0062.jpg,81,082.galaxy
data/raw/caltech256/256_ObjectCategories/082.galaxy/082_0070.jpg,81,082.galaxy
data/raw/caltech256/256_ObjectCategories/082.galaxy/082_0074.jpg,81,082.galaxy
data/raw/caltech256/256_ObjectCategories/082.galaxy/082_0054.jpg,81,082.galaxy
data/raw/caltech256/256_ObjectCategories/082.galaxy/082_0006.jpg,81,082.galaxy
data/raw/caltech256/256_ObjectCategories/082.galaxy/082_0079.jpg,81,082.galaxy
data/raw/caltech256/256_ObjectCategories/082.galaxy/082_0037.jpg,81,082.galaxy
data/raw/caltech256/256_ObjectCategories/082.galaxy/082_0015.jpg,81,082.galaxy
data/raw/caltech256/256_ObjectCategories/082.galaxy/082_0064.jpg,81,082.galaxy
data/raw/caltech256/256_ObjectCategories/082.galaxy/082_0080.jpg,81,082.galaxy
data/raw/caltech256/256_ObjectCategories/082.galaxy/082_0024.jpg,81,082.galaxy
data/raw/caltech256/256_ObjectCategories/082.galaxy/082_0019.jpg,81,082.galaxy
data/raw/caltech256/256_ObjectCategories/082.galaxy/082_0048.jpg,81,082.galaxy
data/raw/caltech256/256_ObjectCategories/082.galaxy/082_0065.jpg,81,082.galaxy
data/raw/caltech256/256_ObjectCategories/082.galaxy/082_0001.jpg,81,082.galaxy
data/raw/caltech256/256_ObjectCategories/082.galaxy/082_0013.jpg,81,082.galaxy
data/raw/caltech256/256_ObjectCategories/082.galaxy/082_0036.jpg,81,082.galaxy
data/raw/caltech256/256_ObjectCategories/082.galaxy/082_0018.jpg,81,082.galaxy
data/raw/caltech256/256_ObjectCategories/082.galaxy/082_0051.jpg,81,082.galaxy
data/raw/caltech256/256_ObjectCategories/082.galaxy/082_0061.jpg,81,082.galaxy
data/raw/caltech256/256_ObjectCategories/082.galaxy/082_0046.jpg,81,082.galaxy
data/raw/caltech256/256_ObjectCategories/082.galaxy/082_0038.jpg,81,082.galaxy
data/raw/caltech256/256_ObjectCategories/082.galaxy/082_0021.jpg,81,082.galaxy
data/raw/caltech256/256_ObjectCategories/082.galaxy/082_0022.jpg,81,082.galaxy
data/raw/caltech256/256_ObjectCategories/082.galaxy/082_0075.jpg,81,082.galaxy
data/raw/caltech256/256_ObjectCategories/083.gas-pump/083_0049.jpg,82,083.gas-pump
data/raw/caltech256/256_ObjectCategories/083.gas-pump/083_0037.jpg,82,083.gas-pump
data/raw/caltech256/256_ObjectCategories/083.gas-pump/083_0015.jpg,82,083.gas-pump
data/raw/caltech256/256_ObjectCategories/083.gas-pump/083_0086.jpg,82,083.gas-pump
data/raw/caltech256/256_ObjectCategories/083.gas-pump/083_0035.jpg,82,083.gas-pump
data/raw/caltech256/256_ObjectCategories/083.gas-pump/083_0001.jpg,82,083.gas-pump
data/raw/caltech256/256_ObjectCategories/083.gas-pump/083_0074.jpg,82,083.gas-pump
data/raw/caltech256/256_ObjectCategories/083.gas-pump/083_0083.jpg,82,083.gas-pump
data/raw/caltech256/256_ObjectCategories/083.gas-pump/083_0093.jpg,82,083.gas-pump
data/raw/caltech256/256_ObjectCategories/083.gas-pump/083_0061.jpg,82,083.gas-pump
data/raw/caltech256/256_ObjectCategories/083.gas-pump/083_0007.jpg,82,083.gas-pump
data/raw/caltech256/256_ObjectCategories/083.gas-pump/083_0062.jpg,82,083.gas-pump
data/raw/caltech256/256_ObjectCategories/083.gas-pump/083_0090.jpg,82,083.gas-pump
data/raw/caltech256/256_ObjectCategories/083.gas-pump/083_0048.jpg,82,083.gas-pump
data/raw/caltech256/256_ObjectCategories/083.gas-pump/083_0003.jpg,82,083.gas-pump
data/raw/caltech256/256_ObjectCategories/083.gas-pump/083_0012.jpg,82,083.gas-pump
data/raw/caltech256/256_ObjectCategories/083.gas-pump/083_0028.jpg,82,083.gas-pump
data/raw/caltech256/256_ObjectCategories/083.gas-pump/083_0087.jpg,82,083.gas-pump
data/raw/caltech256/256_ObjectCategories/083.gas-pump/083_0009.jpg,82,083.gas-pump
data/raw/caltech256/256_ObjectCategories/083.gas-pump/083_0044.jpg,82,083.gas-pump
data/raw/caltech256/256_ObjectCategories/083.gas-pump/083_0091.jpg,82,083.gas-pump
data/raw/caltech256/256_ObjectCategories/083.gas-pump/083_0056.jpg,82,083.gas-pump
data/raw/caltech256/256_ObjectCategories/083.gas-pump/083_0002.jpg,82,083.gas-pump
data/raw/caltech256/256_ObjectCategories/083.gas-pump/083_0063.jpg,82,083.gas-pump
data/raw/caltech256/256_ObjectCategories/083.gas-pump/083_0023.jpg,82,083.gas-pump
data/raw/caltech256/256_ObjectCategories/083.gas-pump/083_0073.jpg,82,083.gas-pump
data/raw/caltech256/256_ObjectCategories/083.gas-pump/083_0092.jpg,82,083.gas-pump
data/raw/caltech256/256_ObjectCategories/083.gas-pump/083_0050.jpg,82,083.gas-pump
data/raw/caltech256/256_ObjectCategories/083.gas-pump/083_0039.jpg,82,083.gas-pump
data/raw/caltech256/256_ObjectCategories/083.gas-pump/083_0054.jpg,82,083.gas-pump
data/raw/caltech256/256_ObjectCategories/083.gas-pump/083_0027.jpg,82,083.gas-pump
data/raw/caltech256/256_ObjectCategories/083.gas-pump/083_0089.jpg,82,083.gas-pump
data/raw/caltech256/256_ObjectCategories/083.gas-pump/083_0071.jpg,82,083.gas-pump
data/raw/caltech256/256_ObjectCategories/084.giraffe/084_0040.jpg,83,084.giraffe
data/raw/caltech256/256_ObjectCategories/084.giraffe/084_0006.jpg,83,084.giraffe
data/raw/caltech256/256_ObjectCategories/084.giraffe/084_0005.jpg,83,084.giraffe
data/raw/caltech256/256_ObjectCategories/084.giraffe/084_0044.jpg,83,084.giraffe
data/raw/caltech256/256_ObjectCategories/084.giraffe/084_0017.jpg,83,084.giraffe
data/raw/caltech256/256_ObjectCategories/084.giraffe/084_0037.jpg,83,084.giraffe
data/raw/caltech256/256_ObjectCategories/084.giraffe/084_0047.jpg,83,084.giraffe
data/raw/caltech256/256_ObjectCategories/084.giraffe/084_0026.jpg,83,084.giraffe
data/raw/caltech256/256_ObjectCategories/084.giraffe/084_0010.jpg,83,084.giraffe
data/raw/caltech256/256_ObjectCategories/084.giraffe/084_0055.jpg,83,084.giraffe
data/raw/caltech256/256_ObjectCategories/084.giraffe/084_0052.jpg,83,084.giraffe
data/raw/caltech256/256_ObjectCategories/084.giraffe/084_0046.jpg,83,084.giraffe
data/raw/caltech256/256_ObjectCategories/084.giraffe/084_0080.jpg,83,084.giraffe
data/raw/caltech256/256_ObjectCategories/084.giraffe/084_0038.jpg,83,084.giraffe
data/raw/caltech256/256_ObjectCategories/084.giraffe/084_0036.jpg,83,084.giraffe
data/raw/caltech256/256_ObjectCategories/084.giraffe/084_0014.jpg,83,084.giraffe
data/raw/caltech256/256_ObjectCategories/084.giraffe/084_0007.jpg,83,084.giraffe
data/raw/caltech256/256_ObjectCategories/084.giraffe/084_0016.jpg,83,084.giraffe
data/raw/caltech256/256_ObjectCategories/084.giraffe/084_0030.jpg,83,084.giraffe
data/raw/caltech256/256_ObjectCategories/084.giraffe/084_0011.jpg,83,084.giraffe
data/raw/caltech256/256_ObjectCategories/084.giraffe/084_0045.jpg,83,084.giraffe
data/raw/caltech256/256_ObjectCategories/084.giraffe/084_0063.jpg,83,084.giraffe
data/raw/caltech256/256_ObjectCategories/084.giraffe/084_0058.jpg,83,084.giraffe
data/raw/caltech256/256_ObjectCategories/084.giraffe/084_0034.jpg,83,084.giraffe
data/raw/caltech256/256_ObjectCategories/084.giraffe/084_0060.jpg,83,084.giraffe
data/raw/caltech256/256_ObjectCategories/084.giraffe/084_0028.jpg,83,084.giraffe
data/raw/caltech256/256_ObjectCategories/084.giraffe/084_0024.jpg,83,084.giraffe
data/raw/caltech256/256_ObjectCategories/084.giraffe/084_0009.jpg,83,084.giraffe
data/raw/caltech256/256_ObjectCategories/084.giraffe/084_0004.jpg,83,084.giraffe
data/raw/caltech256/256_ObjectCategories/084.giraffe/084_0050.jpg,83,084.giraffe
data/raw/caltech256/256_ObjectCategories/085.goat/085_0074.jpg,84,085.goat
data/raw/caltech256/256_ObjectCategories/085.goat/085_0011.jpg,84,085.goat
data/raw/caltech256/256_ObjectCategories/085.goat/085_0094.jpg,84,085.goat
data/raw/caltech256/256_ObjectCategories/085.goat/085_0067.jpg,84,085.goat
data/raw/caltech256/256_ObjectCategories/085.goat/085_0087.jpg,84,085.goat
data/raw/caltech256/256_ObjectCategories/085.goat/085_0086.jpg,84,085.goat
data/raw/caltech256/256_ObjectCategories/085.goat/085_0012.jpg,84,085.goat
data/raw/caltech256/256_ObjectCategories/085.goat/085_0043.jpg,84,085.goat
data/raw/caltech256/256_ObjectCategories/085.goat/085_0058.jpg,84,085.goat
data/raw/caltech256/256_ObjectCategories/085.goat/085_0049.jpg,84,085.goat
data/raw/caltech256/256_ObjectCategories/085.goat/085_0053.jpg,84,085.goat
data/raw/caltech256/256_ObjectCategories/085.goat/085_0095.jpg,84,085.goat
data/raw/caltech256/256_ObjectCategories/085.goat/085_0099.jpg,84,085.goat
data/raw/caltech256/256_ObjectCategories/085.goat/085_0089.jpg,84,085.goat
data/raw/caltech256/256_ObjectCategories/085.goat/085_0096.jpg,84,085.goat
data/raw/caltech256/256_ObjectCategories/085.goat/085_0084.jpg,84,085.goat
data/raw/caltech256/256_ObjectCategories/085.goat/085_0063.jpg,84,085.goat
data/raw/caltech256/256_ObjectCategories/085.goat/085_0101.jpg,84,085.goat
data/raw/caltech256/256_ObjectCategories/085.goat/085_0090.jpg,84,085.goat
data/raw/caltech256/256_ObjectCategories/085.goat/085_0032.jpg,84,085.goat
data/raw/caltech256/256_ObjectCategories/085.goat/085_0037.jpg,84,085.goat
data/raw/caltech256/256_ObjectCategories/085.goat/085_0076.jpg,84,085.goat
data/raw/caltech256/256_ObjectCategories/085.goat/085_0061.jpg,84,085.goat
data/raw/caltech256/256_ObjectCategories/085.goat/085_0010.jpg,84,085.goat
data/raw/caltech256/256_ObjectCategories/085.goat/085_0041.jpg,84,085.goat
data/raw/caltech256/256_ObjectCategories/085.goat/085_0036.jpg,84,085.goat
data/raw/caltech256/256_ObjectCategories/085.goat/085_0082.jpg,84,085.goat
data/raw/caltech256/256_ObjectCategories/085.goat/085_0028.jpg,84,085.goat
data/raw/caltech256/256_ObjectCategories/085.goat/085_0054.jpg,84,085.goat
data/raw/caltech256/256_ObjectCategories/085.goat/085_0097.jpg,84,085.goat
data/raw/caltech256/256_ObjectCategories/085.goat/085_0106.jpg,84,085.goat
data/raw/caltech256/256_ObjectCategories/085.goat/085_0107.jpg,84,085.goat
data/raw/caltech256/256_ObjectCategories/085.goat/085_0071.jpg,84,085.goat
data/raw/caltech256/256_ObjectCategories/085.goat/085_0069.jpg,84,085.goat
data/raw/caltech256/256_ObjectCategories/085.goat/085_0019.jpg,84,085.goat
data/raw/caltech256/256_ObjectCategories/085.goat/085_0059.jpg,84,085.goat
data/raw/caltech256/256_ObjectCategories/085.goat/085_0005.jpg,84,085.goat
data/raw/caltech256/256_ObjectCategories/085.goat/085_0040.jpg,84,085.goat
data/raw/caltech256/256_ObjectCategories/085.goat/085_0004.jpg,84,085.goat
data/raw/caltech256/256_ObjectCategories/085.goat/085_0056.jpg,84,085.goat
data/raw/caltech256/256_ObjectCategories/086.golden-gate-bridge/086_0070.jpg,85,086.golden-gate-bridge
data/raw/caltech256/256_ObjectCategories/086.golden-gate-bridge/086_0033.jpg,85,086.golden-gate-bridge
data/raw/caltech256/256_ObjectCategories/086.golden-gate-bridge/086_0021.jpg,85,086.golden-gate-bridge
data/raw/caltech256/256_ObjectCategories/086.golden-gate-bridge/086_0014.jpg,85,086.golden-gate-bridge
data/raw/caltech256/256_ObjectCategories/086.golden-gate-bridge/086_0074.jpg,85,086.golden-gate-bridge
data/raw/caltech256/256_ObjectCategories/086.golden-gate-bridge/086_0006.jpg,85,086.golden-gate-bridge
data/raw/caltech256/256_ObjectCategories/086.golden-gate-bridge/086_0003.jpg,85,086.golden-gate-bridge
data/raw/caltech256/256_ObjectCategories/086.golden-gate-bridge/086_0024.jpg,85,086.golden-gate-bridge
data/raw/caltech256/256_ObjectCategories/086.golden-gate-bridge/086_0012.jpg,85,086.golden-gate-bridge
data/raw/caltech256/256_ObjectCategories/086.golden-gate-bridge/086_0029.jpg,85,086.golden-gate-bridge
data/raw/caltech256/256_ObjectCategories/086.golden-gate-bridge/086_0026.jpg,85,086.golden-gate-bridge
data/raw/caltech256/256_ObjectCategories/086.golden-gate-bridge/086_0043.jpg,85,086.golden-gate-bridge
data/raw/caltech256/256_ObjectCategories/086.golden-gate-bridge/086_0052.jpg,85,086.golden-gate-bridge
data/raw/caltech256/256_ObjectCategories/086.golden-gate-bridge/086_0038.jpg,85,086.golden-gate-bridge
data/raw/caltech256/256_ObjectCategories/086.golden-gate-bridge/086_0036.jpg,85,086.golden-gate-bridge
data/raw/caltech256/256_ObjectCategories/086.golden-gate-bridge/086_0016.jpg,85,086.golden-gate-bridge
data/raw/caltech256/256_ObjectCategories/086.golden-gate-bridge/086_0072.jpg,85,086.golden-gate-bridge
data/raw/caltech256/256_ObjectCategories/086.golden-gate-bridge/086_0034.jpg,85,086.golden-gate-bridge
data/raw/caltech256/256_ObjectCategories/086.golden-gate-bridge/086_0037.jpg,85,086.golden-gate-bridge
data/raw/caltech256/256_ObjectCategories/086.golden-gate-bridge/086_0023.jpg,85,086.golden-gate-bridge
data/raw/caltech256/256_ObjectCategories/086.golden-gate-bridge/086_0015.jpg,85,086.golden-gate-bridge
data/raw/caltech256/256_ObjectCategories/086.golden-gate-bridge/086_0002.jpg,85,086.golden-gate-bridge
data/raw/caltech256/256_ObjectCategories/086.golden-gate-bridge/086_0075.jpg,85,086.golden-gate-bridge
data/raw/caltech256/256_ObjectCategories/086.golden-gate-bridge/086_0071.jpg,85,086.golden-gate-bridge
data/raw/caltech256/256_ObjectCategories/086.golden-gate-bridge/086_0063.jpg,85,086.golden-gate-bridge
data/raw/caltech256/256_ObjectCategories/086.golden-gate-bridge/086_0078.jpg,85,086.golden-gate-bridge
data/raw/caltech256/256_ObjectCategories/086.golden-gate-bridge/086_0001.jpg,85,086.golden-gate-bridge
data/raw/caltech256/256_ObjectCategories/086.golden-gate-bridge/086_0068.jpg,85,086.golden-gate-bridge
data/raw/caltech256/256_ObjectCategories/087.goldfish/087_0084.jpg,86,087.goldfish
data/raw/caltech256/256_ObjectCategories/087.goldfish/087_0054.jpg,86,087.goldfish
data/raw/caltech256/256_ObjectCategories/087.goldfish/087_0052.jpg,86,087.goldfish
data/raw/caltech256/256_ObjectCategories/087.goldfish/087_0046.jpg,86,087.goldfish
data/raw/caltech256/256_ObjectCategories/087.goldfish/087_0058.jpg,86,087.goldfish
data/raw/caltech256/256_ObjectCategories/087.goldfish/087_0044.jpg,86,087.goldfish
data/raw/caltech256/256_ObjectCategories/087.goldfish/087_0067.jpg,86,087.goldfish
data/raw/caltech256/256_ObjectCategories/087.goldfish/087_0007.jpg,86,087.goldfish
data/raw/caltech256/256_ObjectCategories/087.goldfish/087_0018.jpg,86,087.goldfish
data/raw/caltech256/256_ObjectCategories/087.goldfish/087_0059.jpg,86,087.goldfish
data/raw/caltech256/256_ObjectCategories/087.goldfish/087_0074.jpg,86,087.goldfish
data/raw/caltech256/256_ObjectCategories/087.goldfish/087_0088.jpg,86,087.goldfish
data/raw/caltech256/256_ObjectCategories/087.goldfish/087_0005.jpg,86,087.goldfish
data/raw/caltech256/256_ObjectCategories/087.goldfish/087_0062.jpg,86,087.goldfish
data/raw/caltech256/256_ObjectCategories/087.goldfish/087_0014.jpg,86,087.goldfish
data/raw/caltech256/256_ObjectCategories/087.goldfish/087_0091.jpg,86,087.goldfish
data/raw/caltech256/256_ObjectCategories/087.goldfish/087_0023.jpg,86,087.goldfish
data/raw/caltech256/256_ObjectCategories/087.goldfish/087_0039.jpg,86,087.goldfish
data/raw/caltech256/256_ObjectCategories/087.goldfish/087_0075.jpg,86,087.goldfish
data/raw/caltech256/256_ObjectCategories/087.goldfish/087_0045.jpg,86,087.goldfish
data/raw/caltech256/256_ObjectCategories/087.goldfish/087_0009.jpg,86,087.goldfish
data/raw/caltech256/256_ObjectCategories/087.goldfish/087_0079.jpg,86,087.goldfish
data/raw/caltech256/256_ObjectCategories/087.goldfish/087_0034.jpg,86,087.goldfish
data/raw/caltech256/256_ObjectCategories/087.goldfish/087_0013.jpg,86,087.goldfish
data/raw/caltech256/256_ObjectCategories/087.goldfish/087_0001.jpg,86,087.goldfish
data/raw/caltech256/256_ObjectCategories/087.goldfish/087_0056.jpg,86,087.goldfish
data/raw/caltech256/256_ObjectCategories/087.goldfish/087_0041.jpg,86,087.goldfish
data/raw/caltech256/256_ObjectCategories/087.goldfish/087_0017.jpg,86,087.goldfish
data/raw/caltech256/256_ObjectCategories/087.goldfish/087_0029.jpg,86,087.goldfish
data/raw/caltech256/256_ObjectCategories/087.goldfish/087_0027.jpg,86,087.goldfish
data/raw/caltech256/256_ObjectCategories/087.goldfish/087_0053.jpg,86,087.goldfish
data/raw/caltech256/256_ObjectCategories/087.goldfish/087_0073.jpg,86,087.goldfish
data/raw/caltech256/256_ObjectCategories/087.goldfish/087_0080.jpg,86,087.goldfish
data/raw/caltech256/256_ObjectCategories/088.golf-ball/088_0098.jpg,87,088.golf-ball
data/raw/caltech256/256_ObjectCategories/088.golf-ball/088_0038.jpg,87,088.golf-ball
data/raw/caltech256/256_ObjectCategories/088.golf-ball/088_0071.jpg,87,088.golf-ball
data/raw/caltech256/256_ObjectCategories/088.golf-ball/088_0027.jpg,87,088.golf-ball
data/raw/caltech256/256_ObjectCategories/088.golf-ball/088_0009.jpg,87,088.golf-ball
data/raw/caltech256/256_ObjectCategories/088.golf-ball/088_0089.jpg,87,088.golf-ball
data/raw/caltech256/256_ObjectCategories/088.golf-ball/088_0066.jpg,87,088.golf-ball
data/raw/caltech256/256_ObjectCategories/088.golf-ball/088_0022.jpg,87,088.golf-ball
data/raw/caltech256/256_ObjectCategories/088.golf-ball/088_0017.jpg,87,088.golf-ball
data/raw/caltech256/256_ObjectCategories/088.golf-ball/088_0039.jpg,87,088.golf-ball
data/raw/caltech256/256_ObjectCategories/088.golf-ball/088_0076.jpg,87,088.golf-ball
data/raw/caltech256/256_ObjectCategories/088.golf-ball/088_0033.jpg,87,088.golf-ball
data/raw/caltech256/256_ObjectCategories/088.golf-ball/088_0084.jpg,87,088.golf-ball
data/raw/caltech256/256_ObjectCategories/088.golf-ball/088_0086.jpg,87,088.golf-ball
data/raw/caltech256/256_ObjectCategories/088.golf-ball/088_0091.jpg,87,088.golf-ball
data/raw/caltech256/256_ObjectCategories/088.golf-ball/088_0001.jpg,87,088.golf-ball
data/raw/caltech256/256_ObjectCategories/088.golf-ball/088_0088.jpg,87,088.golf-ball
data/raw/caltech256/256_ObjectCategories/088.golf-ball/088_0074.jpg,87,088.golf-ball
data/raw/caltech256/256_ObjectCategories/088.golf-ball/088_0083.jpg,87,088.golf-ball
data/raw/caltech256/256_ObjectCategories/088.golf-ball/088_0070.jpg,87,088.golf-ball
data/raw/caltech256/256_ObjectCategories/088.golf-ball/088_0020.jpg,87,088.golf-ball
data/raw/caltech256/256_ObjectCategories/088.golf-ball/088_0079.jpg,87,088.golf-ball
data/raw/caltech256/256_ObjectCategories/088.golf-ball/088_0078.jpg,87,088.golf-ball
data/raw/caltech256/256_ObjectCategories/088.golf-ball/088_0048.jpg,87,088.golf-ball
data/raw/caltech256/256_ObjectCategories/088.golf-ball/088_0054.jpg,87,088.golf-ball
data/raw/caltech256/256_ObjectCategories/088.golf-ball/088_0096.jpg,87,088.golf-ball
data/raw/caltech256/256_ObjectCategories/088.golf-ball/088_0042.jpg,87,088.golf-ball
data/raw/caltech256/256_ObjectCategories/088.golf-ball/088_0015.jpg,87,088.golf-ball
data/raw/caltech256/256_ObjectCategories/088.golf-ball/088_0010.jpg,87,088.golf-ball
data/raw/caltech256/256_ObjectCategories/088.golf-ball/088_0011.jpg,87,088.golf-ball
data/raw/caltech256/256_ObjectCategories/088.golf-ball/088_0005.jpg,87,088.golf-ball
data/raw/caltech256/256_ObjectCategories/088.golf-ball/088_0087.jpg,87,088.golf-ball
data/raw/caltech256/256_ObjectCategories/088.golf-ball/088_0069.jpg,87,088.golf-ball
data/raw/caltech256/256_ObjectCategories/088.golf-ball/088_0097.jpg,87,088.golf-ball
data/raw/caltech256/256_ObjectCategories/089.goose/089_0093.jpg,88,089.goose
data/raw/caltech256/256_ObjectCategories/089.goose/089_0099.jpg,88,089.goose
data/raw/caltech256/256_ObjectCategories/089.goose/089_0091.jpg,88,089.goose
data/raw/caltech256/256_ObjectCategories/089.goose/089_0018.jpg,88,089.goose
data/raw/caltech256/256_ObjectCategories/089.goose/089_0036.jpg,88,089.goose
data/raw/caltech256/256_ObjectCategories/089.goose/089_0079.jpg,88,089.goose
data/raw/caltech256/256_ObjectCategories/089.goose/089_0090.jpg,88,089.goose
data/raw/caltech256/256_ObjectCategories/089.goose/089_0096.jpg,88,089.goose
data/raw/caltech256/256_ObjectCategories/089.goose/089_0060.jpg,88,089.goose
data/raw/caltech256/256_ObjectCategories/089.goose/089_0015.jpg,88,089.goose
data/raw/caltech256/256_ObjectCategories/089.goose/089_0040.jpg,88,089.goose
data/raw/caltech256/256_ObjectCategories/089.goose/089_0074.jpg,88,089.goose
data/raw/caltech256/256_ObjectCategories/089.goose/089_0101.jpg,88,089.goose
data/raw/caltech256/256_ObjectCategories/089.goose/089_0037.jpg,88,089.goose
data/raw/caltech256/256_ObjectCategories/089.goose/089_0004.jpg,88,089.goose
data/raw/caltech256/256_ObjectCategories/089.goose/089_0072.jpg,88,089.goose
data/raw/caltech256/256_ObjectCategories/089.goose/089_0041.jpg,88,089.goose
data/raw/caltech256/256_ObjectCategories/089.goose/089_0071.jpg,88,089.goose
data/raw/caltech256/256_ObjectCategories/089.goose/089_0006.jpg,88,089.goose
data/raw/caltech256/256_ObjectCategories/089.goose/089_0043.jpg,88,089.goose
data/raw/caltech256/256_ObjectCategories/089.goose/089_0063.jpg,88,089.goose
data/raw/caltech256/256_ObjectCategories/089.goose/089_0007.jpg,88,089.goose
data/raw/caltech256/256_ObjectCategories/089.goose/089_0035.jpg,88,089.goose
data/raw/caltech256/256_ObjectCategories/089.goose/089_0089.jpg,88,089.goose
data/raw/caltech256/256_ObjectCategories/089.goose/089_0024.jpg,88,089.goose
data/raw/caltech256/256_ObjectCategories/089.goose/089_0109.jpg,88,089.goose
data/raw/caltech256/256_ObjectCategories/089.goose/089_0008.jpg,88,089.goose
data/raw/caltech256/256_ObjectCategories/089.goose/089_0107.jpg,88,089.goose
data/raw/caltech256/256_ObjectCategories/089.goose/089_0002.jpg,88,089.goose
data/raw/caltech256/256_ObjectCategories/089.goose/089_0038.jpg,88,089.goose
data/raw/caltech256/256_ObjectCategories/089.goose/089_0021.jpg,88,089.goose
data/raw/caltech256/256_ObjectCategories/089.goose/089_0100.jpg,88,089.goose
data/raw/caltech256/256_ObjectCategories/089.goose/089_0033.jpg,88,089.goose
data/raw/caltech256/256_ObjectCategories/089.goose/089_0055.jpg,88,089.goose
data/raw/caltech256/256_ObjectCategories/089.goose/089_0034.jpg,88,089.goose
data/raw/caltech256/256_ObjectCategories/089.goose/089_0081.jpg,88,089.goose
data/raw/caltech256/256_ObjectCategories/089.goose/089_0003.jpg,88,089.goose
data/raw/caltech256/256_ObjectCategories/089.goose/089_0076.jpg,88,089.goose
data/raw/caltech256/256_ObjectCategories/089.goose/089_0030.jpg,88,089.goose
data/raw/caltech256/256_ObjectCategories/090.gorilla/090_0191.jpg,89,090.gorilla
data/raw/caltech256/256_ObjectCategories/090.gorilla/090_0021.jpg,89,090.gorilla
data/raw/caltech256/256_ObjectCategories/090.gorilla/090_0205.jpg,89,090.gorilla
data/raw/caltech256/256_ObjectCategories/090.gorilla/090_0050.jpg,89,090.gorilla
data/raw/caltech256/256_ObjectCategories/090.gorilla/090_0069.jpg,89,090.gorilla
data/raw/caltech256/256_ObjectCategories/090.gorilla/090_0110.jpg,89,090.gorilla
data/raw/caltech256/256_ObjectCategories/090.gorilla/090_0095.jpg,89,090.gorilla
data/raw/caltech256/256_ObjectCategories/090.gorilla/090_0056.jpg,89,090.gorilla
data/raw/caltech256/256_ObjectCategories/090.gorilla/090_0121.jpg,89,090.gorilla
data/raw/caltech256/256_ObjectCategories/090.gorilla/090_0152.jpg,89,090.gorilla
data/raw/caltech256/256_ObjectCategories/090.gorilla/090_0068.jpg,89,090.gorilla
data/raw/caltech256/256_ObjectCategories/090.gorilla/090_0016.jpg,89,090.gorilla
data/raw/caltech256/256_ObjectCategories/090.gorilla/090_0009.jpg,89,090.gorilla
data/raw/caltech256/256_ObjectCategories/090.gorilla/090_0115.jpg,89,090.gorilla
data/raw/caltech256/256_ObjectCategories/090.gorilla/090_0193.jpg,89,090.gorilla
data/raw/caltech256/256_ObjectCategories/090.gorilla/090_0062.jpg,89,090.gorilla
data/raw/caltech256/256_ObjectCategories/090.gorilla/090_0179.jpg,89,090.gorilla
data/raw/caltech256/256_ObjectCategories/090.gorilla/090_0130.jpg,89,090.gorilla
data/raw/caltech256/256_ObjectCategories/090.gorilla/090_0090.jpg,89,090.gorilla
data/raw/caltech256/256_ObjectCategories/090.gorilla/090_0184.jpg,89,090.gorilla
data/raw/caltech256/256_ObjectCategories/090.gorilla/090_0046.jpg,89,090.gorilla
data/raw/caltech256/256_ObjectCategories/090.gorilla/090_0123.jpg,89,090.gorilla
data/raw/caltech256/256_ObjectCategories/090.gorilla/090_0014.jpg,89,090.gorilla
data/raw/caltech256/256_ObjectCategories/090.gorilla/090_0144.jpg,89,090.gorilla
data/raw/caltech256/256_ObjectCategories/090.gorilla/090_0108.jpg,89,090.gorilla
data/raw/caltech256/256_ObjectCategories/090.gorilla/090_0094.jpg,89,090.gorilla
data/raw/caltech256/256_ObjectCategories/090.gorilla/090_0156.jpg,89,090.gorilla
data/raw/caltech256/256_ObjectCategories/090.gorilla/090_0048.jpg,89,090.gorilla
data/raw/caltech256/256_ObjectCategories/090.gorilla/090_0042.jpg,89,090.gorilla
data/raw/caltech256/256_ObjectCategories/090.gorilla/090_0005.jpg,89,090.gorilla
data/raw/caltech256/256_ObjectCategories/090.gorilla/090_0091.jpg,89,090.gorilla
data/raw/caltech256/256_ObjectCategories/090.gorilla/090_0067.jpg,89,090.gorilla
data/raw/caltech256/256_ObjectCategories/090.gorilla/090_0210.jpg,89,090.gorilla
data/raw/caltech256/256_ObjectCategories/090.gorilla/090_0198.jpg,89,090.gorilla
data/raw/caltech256/256_ObjectCategories/090.gorilla/090_0077.jpg,89,090.gorilla
data/raw/caltech256/256_ObjectCategories/090.gorilla/090_0138.jpg,89,090.gorilla
data/raw/caltech256/256_ObjectCategories/090.gorilla/090_0053.jpg,89,090.gorilla
data/raw/caltech256/256_ObjectCategories/090.gorilla/090_0081.jpg,89,090.gorilla
data/raw/caltech256/256_ObjectCategories/090.gorilla/090_0142.jpg,89,090.gorilla
data/raw/caltech256/256_ObjectCategories/090.gorilla/090_0034.jpg,89,090.gorilla
data/raw/caltech256/256_ObjectCategories/090.gorilla/090_0169.jpg,89,090.gorilla
data/raw/caltech256/256_ObjectCategories/090.gorilla/090_0128.jpg,89,090.gorilla
data/raw/caltech256/256_ObjectCategories/090.gorilla/090_0088.jpg,89,090.gorilla
data/raw/caltech256/256_ObjectCategories/090.gorilla/090_0025.jpg,89,090.gorilla
data/raw/caltech256/256_ObjectCategories/090.gorilla/090_0127.jpg,89,090.gorilla
data/raw/caltech256/256_ObjectCategories/090.gorilla/090_0119.jpg,89,090.gorilla
data/raw/caltech256/256_ObjectCategories/090.gorilla/090_0154.jpg,89,090.gorilla
data/raw/caltech256/256_ObjectCategories/090.gorilla/090_0161.jpg,89,090.gorilla
data/raw/caltech256/256_ObjectCategories/090.gorilla/090_0097.jpg,89,090.gorilla
data/raw/caltech256/256_ObjectCategories/090.gorilla/090_0027.jpg,89,090.gorilla
data/raw/caltech256/256_ObjectCategories/090.gorilla/090_0206.jpg,89,090.gorilla
data/raw/caltech256/256_ObjectCategories/090.gorilla/090_0186.jpg,89,090.gorilla
data/raw/caltech256/256_ObjectCategories/090.gorilla/090_0024.jpg,89,090.gorilla
data/raw/caltech256/256_ObjectCategories/090.gorilla/090_0065.jpg,89,090.gorilla
data/raw/caltech256/256_ObjectCategories/090.gorilla/090_0018.jpg,89,090.gorilla
data/raw/caltech256/256_ObjectCategories/090.gorilla/090_0045.jpg,89,090.gorilla
data/raw/caltech256/256_ObjectCategories/090.gorilla/090_0146.jpg,89,090.gorilla
data/raw/caltech256/256_ObjectCategories/090.gorilla/090_0112.jpg,89,090.gorilla
data/raw/caltech256/256_ObjectCategories/090.gorilla/090_0004.jpg,89,090.gorilla
data/raw/caltech256/256_ObjectCategories/090.gorilla/090_0158.jpg,89,090.gorilla
data/raw/caltech256/256_ObjectCategories/090.gorilla/090_0181.jpg,89,090.gorilla
data/raw/caltech256/256_ObjectCategories/090.gorilla/090_0084.jpg,89,090.gorilla
data/raw/caltech256/256_ObjectCategories/090.gorilla/090_0051.jpg,89,090.gorilla
data/raw/caltech256/256_ObjectCategories/090.gorilla/090_0117.jpg,89,090.gorilla
data/raw/caltech256/256_ObjectCategories/090.gorilla/090_0163.jpg,89,090.gorilla
data/raw/caltech256/256_ObjectCategories/090.gorilla/090_0006.jpg,89,090.gorilla
data/raw/caltech256/256_ObjectCategories/090.gorilla/090_0131.jpg,89,090.gorilla
data/raw/caltech256/256_ObjectCategories/090.gorilla/090_0159.jpg,89,090.gorilla
data/raw/caltech256/256_ObjectCategories/090.gorilla/090_0122.jpg,89,090.gorilla
data/raw/caltech256/256_ObjectCategories/090.gorilla/090_0013.jpg,89,090.gorilla
data/raw/caltech256/256_ObjectCategories/090.gorilla/090_0089.jpg,89,090.gorilla
data/raw/caltech256/256_ObjectCategories/090.gorilla/090_0116.jpg,89,090.gorilla
data/raw/caltech256/256_ObjectCategories/090.gorilla/090_0066.jpg,89,090.gorilla
data/raw/caltech256/256_ObjectCategories/090.gorilla/090_0040.jpg,89,090.gorilla
data/raw/caltech256/256_ObjectCategories/090.gorilla/090_0072.jpg,89,090.gorilla
data/raw/caltech256/256_ObjectCategories/091.grand-piano-101/091_0069.jpg,90,091.grand-piano-101
data/raw/caltech256/256_ObjectCategories/091.grand-piano-101/091_0027.jpg,90,091.grand-piano-101
data/raw/caltech256/256_ObjectCategories/091.grand-piano-101/091_0075.jpg,90,091.grand-piano-101
data/raw/caltech256/256_ObjectCategories/091.grand-piano-101/091_0019.jpg,90,091.grand-piano-101
data/raw/caltech256/256_ObjectCategories/091.grand-piano-101/091_0053.jpg,90,091.grand-piano-101
data/raw/caltech256/256_ObjectCategories/091.grand-piano-101/091_0065.jpg,90,091.grand-piano-101
data/raw/caltech256/256_ObjectCategories/091.grand-piano-101/091_0031.jpg,90,091.grand-piano-101
data/raw/caltech256/256_ObjectCategories/091.grand-piano-101/091_0084.jpg,90,091.grand-piano-101
data/raw/caltech256/256_ObjectCategories/091.grand-piano-101/091_0044.jpg,90,091.grand-piano-101
data/raw/caltech256/256_ObjectCategories/091.grand-piano-101/091_0067.jpg,90,091.grand-piano-101
data/raw/caltech256/256_ObjectCategories/091.grand-piano-101/091_0060.jpg,90,091.grand-piano-101
data/raw/caltech256/256_ObjectCategories/091.grand-piano-101/091_0070.jpg,90,091.grand-piano-101
data/raw/caltech256/256_ObjectCategories/091.grand-piano-101/091_0037.jpg,90,091.grand-piano-101
data/raw/caltech256/256_ObjectCategories/091.grand-piano-101/091_0056.jpg,90,091.grand-piano-101
data/raw/caltech256/256_ObjectCategories/091.grand-piano-101/091_0002.jpg,90,091.grand-piano-101
data/raw/caltech256/256_ObjectCategories/091.grand-piano-101/091_0016.jpg,90,091.grand-piano-101
data/raw/caltech256/256_ObjectCategories/091.grand-piano-101/091_0036.jpg,90,091.grand-piano-101
data/raw/caltech256/256_ObjectCategories/091.grand-piano-101/091_0003.jpg,90,091.grand-piano-101
data/raw/caltech256/256_ObjectCategories/091.grand-piano-101/091_0086.jpg,90,091.grand-piano-101
data/raw/caltech256/256_ObjectCategories/091.grand-piano-101/091_0021.jpg,90,091.grand-piano-101
data/raw/caltech256/256_ObjectCategories/091.grand-piano-101/091_0033.jpg,90,091.grand-piano-101
data/raw/caltech256/256_ObjectCategories/091.grand-piano-101/091_0040.jpg,90,091.grand-piano-101
data/raw/caltech256/256_ObjectCategories/091.grand-piano-101/091_0026.jpg,90,091.grand-piano-101
data/raw/caltech256/256_ObjectCategories/091.grand-piano-101/091_0095.jpg,90,091.grand-piano-101
data/raw/caltech256/256_ObjectCategories/091.grand-piano-101/091_0058.jpg,90,091.grand-piano-101
data/raw/caltech256/256_ObjectCategories/091.grand-piano-101/091_0030.jpg,90,091.grand-piano-101
data/raw/caltech256/256_ObjectCategories/091.grand-piano-101/091_0025.jpg,90,091.grand-piano-101
data/raw/caltech256/256_ObjectCategories/091.grand-piano-101/091_0080.jpg,90,091.grand-piano-101
data/raw/caltech256/256_ObjectCategories/091.grand-piano-101/091_0023.jpg,90,091.grand-piano-101
data/raw/caltech256/256_ObjectCategories/091.grand-piano-101/091_0087.jpg,90,091.grand-piano-101
data/raw/caltech256/256_ObjectCategories/091.grand-piano-101/091_0032.jpg,90,091.grand-piano-101
data/raw/caltech256/256_ObjectCategories/091.grand-piano-101/091_0071.jpg,90,091.grand-piano-101
data/raw/caltech256/256_ObjectCategories/091.grand-piano-101/091_0017.jpg,90,091.grand-piano-101
data/raw/caltech256/256_ObjectCategories/092.grapes/092_0168.jpg,91,092.grapes
data/raw/caltech256/256_ObjectCategories/092.grapes/092_0079.jpg,91,092.grapes
data/raw/caltech256/256_ObjectCategories/092.grapes/092_0200.jpg,91,092.grapes
data/raw/caltech256/256_ObjectCategories/092.grapes/092_0112.jpg,91,092.grapes
data/raw/caltech256/256_ObjectCategories/092.grapes/092_0090.jpg,91,092.grapes
data/raw/caltech256/256_ObjectCategories/092.grapes/092_0002.jpg,91,092.grapes
data/raw/caltech256/256_ObjectCategories/092.grapes/092_0027.jpg,91,092.grapes
data/raw/caltech256/256_ObjectCategories/092.grapes/092_0080.jpg,91,092.grapes
data/raw/caltech256/256_ObjectCategories/092.grapes/092_0091.jpg,91,092.grapes
data/raw/caltech256/256_ObjectCategories/092.grapes/092_0115.jpg,91,092.grapes
data/raw/caltech256/256_ObjectCategories/092.grapes/092_0116.jpg,91,092.grapes
data/raw/caltech256/256_ObjectCategories/092.grapes/092_0035.jpg,91,092.grapes
data/raw/caltech256/256_ObjectCategories/092.grapes/092_0143.jpg,91,092.grapes
data/raw/caltech256/256_ObjectCategories/092.grapes/092_0028.jpg,91,092.grapes
data/raw/caltech256/256_ObjectCategories/092.grapes/092_0089.jpg,91,092.grapes
data/raw/caltech256/256_ObjectCategories/092.grapes/092_0153.jpg,91,092.grapes
data/raw/caltech256/256_ObjectCategories/092.grapes/092_0066.jpg,91,092.grapes
data/raw/caltech256/256_ObjectCategories/092.grapes/092_0134.jpg,91,092.grapes
data/raw/caltech256/256_ObjectCategories/092.grapes/092_0044.jpg,91,092.grapes
data/raw/caltech256/256_ObjectCategories/092.grapes/092_0103.jpg,91,092.grapes
data/raw/caltech256/256_ObjectCategories/092.grapes/092_0136.jpg,91,092.grapes
data/raw/caltech256/256_ObjectCategories/092.grapes/092_0053.jpg,91,092.grapes
data/raw/caltech256/256_ObjectCategories/092.grapes/092_0176.jpg,91,092.grapes
data/raw/caltech256/256_ObjectCategories/092.grapes/092_0192.jpg,91,092.grapes
data/raw/caltech256/256_ObjectCategories/092.grapes/092_0119.jpg,91,092.grapes
data/raw/caltech256/256_ObjectCategories/092.grapes/092_0088.jpg,91,092.grapes
data/raw/caltech256/256_ObjectCategories/092.grapes/092_0145.jpg,91,092.grapes
data/raw/caltech256/256_ObjectCategories/092.grapes/092_0019.jpg,91,092.grapes
data/raw/caltech256/256_ObjectCategories/092.grapes/092_0082.jpg,91,092.grapes
data/raw/caltech256/256_ObjectCategories/092.grapes/092_0083.jpg,91,092.grapes
data/raw/caltech256/256_ObjectCategories/092.grapes/092_0195.jpg,91,092.grapes
data/raw/caltech256/256_ObjectCategories/092.grapes/092_0169.jpg,91,092.grapes
data/raw/caltech256/256_ObjectCategories/092.grapes/092_0199.jpg,91,092.grapes
data/raw/caltech256/256_ObjectCategories/092.grapes/092_0166.jpg,91,092.grapes
data/raw/caltech256/256_ObjectCategories/092.grapes/092_0102.jpg,91,092.grapes
data/raw/caltech256/256_ObjectCategories/092.grapes/092_0120.jpg,91,092.grapes
data/raw/caltech256/256_ObjectCategories/092.grapes/092_0159.jpg,91,092.grapes
data/raw/caltech256/256_ObjectCategories/092.grapes/092_0013.jpg,91,092.grapes
data/raw/caltech256/256_ObjectCategories/092.grapes/092_0033.jpg,91,092.grapes
data/raw/caltech256/256_ObjectCategories/092.grapes/092_0129.jpg,91,092.grapes
data/raw/caltech256/256_ObjectCategories/092.grapes/092_0094.jpg,91,092.grapes
data/raw/caltech256/256_ObjectCategories/092.grapes/092_0038.jpg,91,092.grapes
data/raw/caltech256/256_ObjectCategories/092.grapes/092_0058.jpg,91,092.grapes
data/raw/caltech256/256_ObjectCategories/092.grapes/092_0146.jpg,91,092.grapes
data/raw/caltech256/256_ObjectCategories/092.grapes/092_0181.jpg,91,092.grapes
data/raw/caltech256/256_ObjectCategories/092.grapes/092_0189.jpg,91,092.grapes
data/raw/caltech256/256_ObjectCategories/092.grapes/092_0162.jpg,91,092.grapes
data/raw/caltech256/256_ObjectCategories/092.grapes/092_0098.jpg,91,092.grapes
data/raw/caltech256/256_ObjectCategories/092.grapes/092_0198.jpg,91,092.grapes
data/raw/caltech256/256_ObjectCategories/092.grapes/092_0076.jpg,91,092.grapes
data/raw/caltech256/256_ObjectCategories/092.grapes/092_0150.jpg,91,092.grapes
data/raw/caltech256/256_ObjectCategories/092.grapes/092_0142.jpg,91,092.grapes
data/raw/caltech256/256_ObjectCategories/092.grapes/092_0086.jpg,91,092.grapes
data/raw/caltech256/256_ObjectCategories/092.grapes/092_0126.jpg,91,092.grapes
data/raw/caltech256/256_ObjectCategories/092.grapes/092_0012.jpg,91,092.grapes
data/raw/caltech256/256_ObjectCategories/092.grapes/092_0065.jpg,91,092.grapes
data/raw/caltech256/256_ObjectCategories/092.grapes/092_0147.jpg,91,092.grapes
data/raw/caltech256/256_ObjectCategories/092.grapes/092_0037.jpg,91,092.grapes
data/raw/caltech256/256_ObjectCategories/092.grapes/092_0099.jpg,91,092.grapes
data/raw/caltech256/256_ObjectCategories/092.grapes/092_0061.jpg,91,092.grapes
data/raw/caltech256/256_ObjectCategories/092.grapes/092_0110.jpg,91,092.grapes
data/raw/caltech256/256_ObjectCategories/092.grapes/092_0127.jpg,91,092.grapes
data/raw/caltech256/256_ObjectCategories/092.grapes/092_0160.jpg,91,092.grapes
data/raw/caltech256/256_ObjectCategories/092.grapes/092_0008.jpg,91,092.grapes
data/raw/caltech256/256_ObjectCategories/092.grapes/092_0138.jpg,91,092.grapes
data/raw/caltech256/256_ObjectCategories/092.grapes/092_0105.jpg,91,092.grapes
data/raw/caltech256/256_ObjectCategories/092.grapes/092_0188.jpg,91,092.grapes
data/raw/caltech256/256_ObjectCategories/092.grapes/092_0174.jpg,91,092.grapes
data/raw/caltech256/256_ObjectCategories/092.grapes/092_0062.jpg,91,092.grapes
data/raw/caltech256/256_ObjectCategories/092.grapes/092_0036.jpg,91,092.grapes
data/raw/caltech256/256_ObjectCategories/092.grapes/092_0030.jpg,91,092.grapes
data/raw/caltech256/256_ObjectCategories/093.grasshopper/093_0016.jpg,92,093.grasshopper
data/raw/caltech256/256_ObjectCategories/093.grasshopper/093_0082.jpg,92,093.grasshopper
data/raw/caltech256/256_ObjectCategories/093.grasshopper/093_0087.jpg,92,093.grasshopper
data/raw/caltech256/256_ObjectCategories/093.grasshopper/093_0011.jpg,92,093.grasshopper
data/raw/caltech256/256_ObjectCategories/093.grasshopper/093_0109.jpg,92,093.grasshopper
data/raw/caltech256/256_ObjectCategories/093.grasshopper/093_0020.jpg,92,093.grasshopper
data/raw/caltech256/256_ObjectCategories/093.grasshopper/093_0110.jpg,92,093.grasshopper
data/raw/caltech256/256_ObjectCategories/093.grasshopper/093_0022.jpg,92,093.grasshopper
data/raw/caltech256/256_ObjectCategories/093.grasshopper/093_0098.jpg,92,093.grasshopper
data/raw/caltech256/256_ObjectCategories/093.grasshopper/093_0047.jpg,92,093.grasshopper
data/raw/caltech256/256_ObjectCategories/093.grasshopper/093_0073.jpg,92,093.grasshopper
data/raw/caltech256/256_ObjectCategories/093.grasshopper/093_0012.jpg,92,093.grasshopper
data/raw/caltech256/256_ObjectCategories/093.grasshopper/093_0046.jpg,92,093.grasshopper
data/raw/caltech256/256_ObjectCategories/093.grasshopper/093_0043.jpg,92,093.grasshopper
data/raw/caltech256/256_ObjectCategories/093.grasshopper/093_0040.jpg,92,093.grasshopper
data/raw/caltech256/256_ObjectCategories/093.grasshopper/093_0081.jpg,92,093.grasshopper
data/raw/caltech256/256_ObjectCategories/093.grasshopper/093_0077.jpg,92,093.grasshopper
data/raw/caltech256/256_ObjectCategories/093.grasshopper/093_0008.jpg,92,093.grasshopper
data/raw/caltech256/256_ObjectCategories/093.grasshopper/093_0049.jpg,92,093.grasshopper
data/raw/caltech256/256_ObjectCategories/093.grasshopper/093_0055.jpg,92,093.grasshopper
data/raw/caltech256/256_ObjectCategories/093.grasshopper/093_0033.jpg,92,093.grasshopper
data/raw/caltech256/256_ObjectCategories/093.grasshopper/093_0021.jpg,92,093.grasshopper
data/raw/caltech256/256_ObjectCategories/093.grasshopper/093_0037.jpg,92,093.grasshopper
data/raw/caltech256/256_ObjectCategories/093.grasshopper/093_0036.jpg,92,093.grasshopper
data/raw/caltech256/256_ObjectCategories/093.grasshopper/093_0078.jpg,92,093.grasshopper
data/raw/caltech256/256_ObjectCategories/093.grasshopper/093_0065.jpg,92,093.grasshopper
data/raw/caltech256/256_ObjectCategories/093.grasshopper/093_0105.jpg,92,093.grasshopper
data/raw/caltech256/256_ObjectCategories/093.grasshopper/093_0035.jpg,92,093.grasshopper
data/raw/caltech256/256_ObjectCategories/093.grasshopper/093_0010.jpg,92,093.grasshopper
data/raw/caltech256/256_ObjectCategories/093.grasshopper/093_0074.jpg,92,093.grasshopper
data/raw/caltech256/256_ObjectCategories/093.grasshopper/093_0023.jpg,92,093.grasshopper
data/raw/caltech256/256_ObjectCategories/093.grasshopper/093_0067.jpg,92,093.grasshopper
data/raw/caltech256/256_ObjectCategories/093.grasshopper/093_0009.jpg,92,093.grasshopper
data/raw/caltech256/256_ObjectCategories/093.grasshopper/093_0026.jpg,92,093.grasshopper
data/raw/caltech256/256_ObjectCategories/093.grasshopper/093_0090.jpg,92,093.grasshopper
data/raw/caltech256/256_ObjectCategories/093.grasshopper/093_0045.jpg,92,093.grasshopper
data/raw/caltech256/256_ObjectCategories/093.grasshopper/093_0080.jpg,92,093.grasshopper
data/raw/caltech256/256_ObjectCategories/093.grasshopper/093_0032.jpg,92,093.grasshopper
data/raw/caltech256/256_ObjectCategories/093.grasshopper/093_0086.jpg,92,093.grasshopper
data/raw/caltech256/256_ObjectCategories/093.grasshopper/093_0063.jpg,92,093.grasshopper
data/raw/caltech256/256_ObjectCategories/094.guitar-pick/094_0007.jpg,93,094.guitar-pick
data/raw/caltech256/256_ObjectCategories/094.guitar-pick/094_0100.jpg,93,094.guitar-pick
data/raw/caltech256/256_ObjectCategories/094.guitar-pick/094_0062.jpg,93,094.guitar-pick
data/raw/caltech256/256_ObjectCategories/094.guitar-pick/094_0049.jpg,93,094.guitar-pick
data/raw/caltech256/256_ObjectCategories/094.guitar-pick/094_0051.jpg,93,094.guitar-pick
data/raw/caltech256/256_ObjectCategories/094.guitar-pick/094_0004.jpg,93,094.guitar-pick
data/raw/caltech256/256_ObjectCategories/094.guitar-pick/094_0075.jpg,93,094.guitar-pick
data/raw/caltech256/256_ObjectCategories/094.guitar-pick/094_0090.jpg,93,094.guitar-pick
data/raw/caltech256/256_ObjectCategories/094.guitar-pick/094_0083.jpg,93,094.guitar-pick
data/raw/caltech256/256_ObjectCategories/094.guitar-pick/094_0071.jpg,93,094.guitar-pick
data/raw/caltech256/256_ObjectCategories/094.guitar-pick/094_0028.jpg,93,094.guitar-pick
data/raw/caltech256/256_ObjectCategories/094.guitar-pick/094_0061.jpg,93,094.guitar-pick
data/raw/caltech256/256_ObjectCategories/094.guitar-pick/094_0010.jpg,93,094.guitar-pick
data/raw/caltech256/256_ObjectCategories/094.guitar-pick/094_0087.jpg,93,094.guitar-pick
data/raw/caltech256/256_ObjectCategories/094.guitar-pick/094_0072.jpg,93,094.guitar-pick
data/raw/caltech256/256_ObjectCategories/094.guitar-pick/094_0096.jpg,93,094.guitar-pick
data/raw/caltech256/256_ObjectCategories/094.guitar-pick/094_0093.jpg,93,094.guitar-pick
data/raw/caltech256/256_ObjectCategories/094.guitar-pick/094_0029.jpg,93,094.guitar-pick
data/raw/caltech256/256_ObjectCategories/094.guitar-pick/094_0056.jpg,93,094.guitar-pick
data/raw/caltech256/256_ObjectCategories/094.guitar-pick/094_0044.jpg,93,094.guitar-pick
data/raw/caltech256/256_ObjectCategories/094.guitar-pick/094_0089.jpg,93,094.guitar-pick
data/raw/caltech256/256_ObjectCategories/094.guitar-pick/094_0101.jpg,93,094.guitar-pick
data/raw/caltech256/256_ObjectCategories/094.guitar-pick/094_0076.jpg,93,094.guitar-pick
data/raw/caltech256/256_ObjectCategories/094.guitar-pick/094_0055.jpg,93,094.guitar-pick
data/raw/caltech256/256_ObjectCategories/094.guitar-pick/094_0099.jpg,93,094.guitar-pick
data/raw/caltech256/256_ObjectCategories/094.guitar-pick/094_0036.jpg,93,094.guitar-pick
data/raw/caltech256/256_ObjectCategories/094.guitar-pick/094_0048.jpg,93,094.guitar-pick
data/raw/caltech256/256_ObjectCategories/094.guitar-pick/094_0104.jpg,93,094.guitar-pick
data/raw/caltech256/256_ObjectCategories/094.guitar-pick/094_0046.jpg,93,094.guitar-pick
data/raw/caltech256/256_ObjectCategories/094.guitar-pick/094_0006.jpg,93,094.guitar-pick
data/raw/caltech256/256_ObjectCategories/094.guitar-pick/094_0081.jpg,93,094.guitar-pick
data/raw/caltech256/256_ObjectCategories/094.guitar-pick/094_0016.jpg,93,094.guitar-pick
data/raw/caltech256/256_ObjectCategories/094.guitar-pick/094_0043.jpg,93,094.guitar-pick
data/raw/caltech256/256_ObjectCategories/094.guitar-pick/094_0035.jpg,93,094.guitar-pick
data/raw/caltech256/256_ObjectCategories/094.guitar-pick/094_0015.jpg,93,094.guitar-pick
data/raw/caltech256/256_ObjectCategories/094.guitar-pick/094_0054.jpg,93,094.guitar-pick
data/raw/caltech256/256_ObjectCategories/094.guitar-pick/094_0094.jpg,93,094.guitar-pick
data/raw/caltech256/256_ObjectCategories/095.hamburger/095_0004.jpg,94,095.hamburger
data/raw/caltech256/256_ObjectCategories/095.hamburger/095_0061.jpg,94,095.hamburger
data/raw/caltech256/256_ObjectCategories/095.hamburger/095_0006.jpg,94,095.hamburger
data/raw/caltech256/256_ObjectCategories/095.hamburger/095_0003.jpg,94,095.hamburger
data/raw/caltech256/256_ObjectCategories/095.hamburger/095_0008.jpg,94,095.hamburger
data/raw/caltech256/256_ObjectCategories/095.hamburger/095_0056.jpg,94,095.hamburger
data/raw/caltech256/256_ObjectCategories/095.hamburger/095_0062.jpg,94,095.hamburger
data/raw/caltech256/256_ObjectCategories/095.hamburger/095_0040.jpg,94,095.hamburger
data/raw/caltech256/256_ObjectCategories/095.hamburger/095_0044.jpg,94,095.hamburger
data/raw/caltech256/256_ObjectCategories/095.hamburger/095_0078.jpg,94,095.hamburger
data/raw/caltech256/256_ObjectCategories/095.hamburger/095_0016.jpg,94,095.hamburger
data/raw/caltech256/256_ObjectCategories/095.hamburger/095_0035.jpg,94,095.hamburger
data/raw/caltech256/256_ObjectCategories/095.hamburger/095_0070.jpg,94,095.hamburger
data/raw/caltech256/256_ObjectCategories/095.hamburger/095_0054.jpg,94,095.hamburger
data/raw/caltech256/256_ObjectCategories/095.hamburger/095_0084.jpg,94,095.hamburger
data/raw/caltech256/256_ObjectCategories/095.hamburger/095_0013.jpg,94,095.hamburger
data/raw/caltech256/256_ObjectCategories/095.hamburger/095_0015.jpg,94,095.hamburger
data/raw/caltech256/256_ObjectCategories/095.hamburger/095_0039.jpg,94,095.hamburger
data/raw/caltech256/256_ObjectCategories/095.hamburger/095_0083.jpg,94,095.hamburger
data/raw/caltech256/256_ObjectCategories/095.hamburger/095_0059.jpg,94,095.hamburger
data/raw/caltech256/256_ObjectCategories/095.hamburger/095_0002.jpg,94,095.hamburger
data/raw/caltech256/256_ObjectCategories/095.hamburger/095_0060.jpg,94,095.hamburger
data/raw/caltech256/256_ObjectCategories/095.hamburger/095_0031.jpg,94,095.hamburger
data/raw/caltech256/256_ObjectCategories/095.hamburger/095_0041.jpg,94,095.hamburger
data/raw/caltech256/256_ObjectCategories/095.hamburger/095_0020.jpg,94,095.hamburger
data/raw/caltech256/256_ObjectCategories/095.hamburger/095_0051.jpg,94,095.hamburger
data/raw/caltech256/256_ObjectCategories/095.hamburger/095_0045.jpg,94,095.hamburger
data/raw/caltech256/256_ObjectCategories/095.hamburger/095_0017.jpg,94,095.hamburger
data/raw/caltech256/256_ObjectCategories/095.hamburger/095_0030.jpg,94,095.hamburger
data/raw/caltech256/256_ObjectCategories/095.hamburger/095_0080.jpg,94,095.hamburger
data/raw/caltech256/256_ObjectCategories/096.hammock/096_0209.jpg,95,096.hammock
data/raw/caltech256/256_ObjectCategories/096.hammock/096_0060.jpg,95,096.hammock
data/raw/caltech256/256_ObjectCategories/096.hammock/096_0261.jpg,95,096.hammock
data/raw/caltech256/256_ObjectCategories/096.hammock/096_0179.jpg,95,096.hammock
data/raw/caltech256/256_ObjectCategories/096.hammock/096_0009.jpg,95,096.hammock
data/raw/caltech256/256_ObjectCategories/096.hammock/096_0274.jpg,95,096.hammock
data/raw/caltech256/256_ObjectCategories/096.hammock/096_0216.jpg,95,096.hammock
data/raw/caltech256/256_ObjectCategories/096.hammock/096_0138.jpg,95,096.hammock
data/raw/caltech256/256_ObjectCategories/096.hammock/096_0046.jpg,95,096.hammock
data/raw/caltech256/256_ObjectCategories/096.hammock/096_0084.jpg,95,096.hammock
data/raw/caltech256/256_ObjectCategories/096.hammock/096_0151.jpg,95,096.hammock
data/raw/caltech256/256_ObjectCategories/096.hammock/096_0052.jpg,95,096.hammock
data/raw/caltech256/256_ObjectCategories/096.hammock/096_0111.jpg,95,096.hammock
data/raw/caltech256/256_ObjectCategories/096.hammock/096_0055.jpg,95,096.hammock
data/raw/caltech256/256_ObjectCategories/096.hammock/096_0256.jpg,95,096.hammock
data/raw/caltech256/256_ObjectCategories/096.hammock/096_0077.jpg,95,096.hammock
data/raw/caltech256/256_ObjectCategories/096.hammock/096_0239.jpg,95,096.hammock
data/raw/caltech256/256_ObjectCategories/096.hammock/096_0150.jpg,95,096.hammock
data/raw/caltech256/256_ObjectCategories/096.hammock/096_0276.jpg,95,096.hammock
data/raw/caltech256/256_ObjectCategories/096.hammock/096_0185.jpg,95,096.hammock
data/raw/caltech256/256_ObjectCategories/096.hammock/096_0232.jpg,95,096.hammock
data/raw/caltech256/256_ObjectCategories/096.hammock/096_0243.jpg,95,096.hammock
data/raw/caltech256/256_ObjectCategories/096.hammock/096_0067.jpg,95,096.hammock
data/raw/caltech256/256_ObjectCategories/096.hammock/096_0044.jpg,95,096.hammock
data/raw/caltech256/256_ObjectCategories/096.hammock/096_0106.jpg,95,096.hammock
data/raw/caltech256/256_ObjectCategories/096.hammock/096_0063.jpg,95,096.hammock
data/raw/caltech256/256_ObjectCategories/096.hammock/096_0131.jpg,95,096.hammock
data/raw/caltech256/256_ObjectCategories/096.hammock/096_0125.jpg,95,096.hammock
data/raw/caltech256/256_ObjectCategories/096.hammock/096_0149.jpg,95,096.hammock
data/raw/caltech256/256_ObjectCategories/096.hammock/096_0058.jpg,95,096.hammock
data/raw/caltech256/256_ObjectCategories/096.hammock/096_0145.jpg,95,096.hammock
data/raw/caltech256/256_ObjectCategories/096.hammock/096_0059.jpg,95,096.hammock
data/raw/caltech256/256_ObjectCategories/096.hammock/096_0192.jpg,95,096.hammock
data/raw/caltech256/256_ObjectCategories/096.hammock/096_0285.jpg,95,096.hammock
data/raw/caltech256/256_ObjectCategories/096.hammock/096_0134.jpg,95,096.hammock
data/raw/caltech256/256_ObjectCategories/096.hammock/096_0205.jpg,95,096.hammock
data/raw/caltech256/256_ObjectCategories/096.hammock/096_0183.jpg,95,096.hammock
data/raw/caltech256/256_ObjectCategories/096.hammock/096_0154.jpg,95,096.hammock
data/raw/caltech256/256_ObjectCategories/096.hammock/096_0194.jpg,95,096.hammock
data/raw/caltech256/256_ObjectCategories/096.hammock/096_0027.jpg,95,096.hammock
data/raw/caltech256/256_ObjectCategories/096.hammock/096_0196.jpg,95,096.hammock
data/raw/caltech256/256_ObjectCategories/096.hammock/096_0238.jpg,95,096.hammock
data/raw/caltech256/256_ObjectCategories/096.hammock/096_0217.jpg,95,096.hammock
data/raw/caltech256/256_ObjectCategories/096.hammock/096_0113.jpg,95,096.hammock
data/raw/caltech256/256_ObjectCategories/096.hammock/096_0161.jpg,95,096.hammock
data/raw/caltech256/256_ObjectCategories/096.hammock/096_0083.jpg,95,096.hammock
data/raw/caltech256/256_ObjectCategories/096.hammock/096_0115.jpg,95,096.hammock
data/raw/caltech256/256_ObjectCategories/096.hammock/096_0215.jpg,95,096.hammock
data/raw/caltech256/256_ObjectCategories/096.hammock/096_0268.jpg,95,096.hammock
data/raw/caltech256/256_ObjectCategories/096.hammock/096_0054.jpg,95,096.hammock
data/raw/caltech256/256_ObjectCategories/096.hammock/096_0082.jpg,95,096.hammock
data/raw/caltech256/256_ObjectCategories/096.hammock/096_0249.jpg,95,096.hammock
data/raw/caltech256/256_ObjectCategories/096.hammock/096_0102.jpg,95,096.hammock
data/raw/caltech256/256_ObjectCategories/096.hammock/096_0265.jpg,95,096.hammock
data/raw/caltech256/256_ObjectCategories/096.hammock/096_0203.jpg,95,096.hammock
data/raw/caltech256/256_ObjectCategories/096.hammock/096_0263.jpg,95,096.hammock
data/raw/caltech256/256_ObjectCategories/096.hammock/096_0021.jpg,95,096.hammock
data/raw/caltech256/256_ObjectCategories/096.hammock/096_0198.jpg,95,096.hammock
data/raw/caltech256/256_ObjectCategories/096.hammock/096_0051.jpg,95,096.hammock
data/raw/caltech256/256_ObjectCategories/096.hammock/096_0247.jpg,95,096.hammock
data/raw/caltech256/256_ObjectCategories/096.hammock/096_0008.jpg,95,096.hammock
data/raw/caltech256/256_ObjectCategories/096.hammock/096_0017.jpg,95,096.hammock
data/raw/caltech256/256_ObjectCategories/096.hammock/096_0177.jpg,95,096.hammock
data/raw/caltech256/256_ObjectCategories/096.hammock/096_0078.jpg,95,096.hammock
data/raw/caltech256/256_ObjectCategories/096.hammock/096_0121.jpg,95,096.hammock
data/raw/caltech256/256_ObjectCategories/096.hammock/096_0255.jpg,95,096.hammock
data/raw/caltech256/256_ObjectCategories/096.hammock/096_0004.jpg,95,096.hammock
data/raw/caltech256/256_ObjectCategories/096.hammock/096_0208.jpg,95,096.hammock
data/raw/caltech256/256_ObjectCategories/096.hammock/096_0100.jpg,95,096.hammock
data/raw/caltech256/256_ObjectCategories/096.hammock/096_0086.jpg,95,096.hammock
data/raw/caltech256/256_ObjectCategories/096.hammock/096_0069.jpg,95,096.hammock
data/raw/caltech256/256_ObjectCategories/096.hammock/096_0259.jpg,95,096.hammock
data/raw/caltech256/256_ObjectCategories/096.hammock/096_0037.jpg,95,096.hammock
data/raw/caltech256/256_ObjectCategories/096.hammock/096_0039.jpg,95,096.hammock
data/raw/caltech256/256_ObjectCategories/096.hammock/096_0010.jpg,95,096.hammock
data/raw/caltech256/256_ObjectCategories/096.hammock/096_0024.jpg,95,096.hammock
data/raw/caltech256/256_ObjectCategories/096.hammock/096_0033.jpg,95,096.hammock
data/raw/caltech256/256_ObjectCategories/096.hammock/096_0187.jpg,95,096.hammock
data/raw/caltech256/256_ObjectCategories/096.hammock/096_0132.jpg,95,096.hammock
data/raw/caltech256/256_ObjectCategories/096.hammock/096_0153.jpg,95,096.hammock
data/raw/caltech256/256_ObjectCategories/096.hammock/096_0147.jpg,95,096.hammock
data/raw/caltech256/256_ObjectCategories/096.hammock/096_0076.jpg,95,096.hammock
data/raw/caltech256/256_ObjectCategories/096.hammock/096_0095.jpg,95,096.hammock
data/raw/caltech256/256_ObjectCategories/096.hammock/096_0273.jpg,95,096.hammock
data/raw/caltech256/256_ObjectCategories/096.hammock/096_0173.jpg,95,096.hammock
data/raw/caltech256/256_ObjectCategories/096.hammock/096_0064.jpg,95,096.hammock
data/raw/caltech256/256_ObjectCategories/096.hammock/096_0159.jpg,95,096.hammock
data/raw/caltech256/256_ObjectCategories/096.hammock/096_0221.jpg,95,096.hammock
data/raw/caltech256/256_ObjectCategories/096.hammock/096_0212.jpg,95,096.hammock
data/raw/caltech256/256_ObjectCategories/096.hammock/096_0214.jpg,95,096.hammock
data/raw/caltech256/256_ObjectCategories/096.hammock/096_0233.jpg,95,096.hammock
data/raw/caltech256/256_ObjectCategories/096.hammock/096_0085.jpg,95,096.hammock
data/raw/caltech256/256_ObjectCategories/096.hammock/096_0163.jpg,95,096.hammock
data/raw/caltech256/256_ObjectCategories/096.hammock/096_0020.jpg,95,096.hammock
data/raw/caltech256/256_ObjectCategories/096.hammock/096_0218.jpg,95,096.hammock
data/raw/caltech256/256_ObjectCategories/096.hammock/096_0098.jpg,95,096.hammock
data/raw/caltech256/256_ObjectCategories/096.hammock/096_0278.jpg,95,096.hammock
data/raw/caltech256/256_ObjectCategories/096.hammock/096_0275.jpg,95,096.hammock
data/raw/caltech256/256_ObjectCategories/096.hammock/096_0168.jpg,95,096.hammock
data/raw/caltech256/256_ObjectCategories/096.hammock/096_0140.jpg,95,096.hammock
data/raw/caltech256/256_ObjectCategories/097.harmonica/097_0015.jpg,96,097.harmonica
data/raw/caltech256/256_ObjectCategories/097.harmonica/097_0040.jpg,96,097.harmonica
data/raw/caltech256/256_ObjectCategories/097.harmonica/097_0026.jpg,96,097.harmonica
data/raw/caltech256/256_ObjectCategories/097.harmonica/097_0037.jpg,96,097.harmonica
data/raw/caltech256/256_ObjectCategories/097.harmonica/097_0023.jpg,96,097.harmonica
data/raw/caltech256/256_ObjectCategories/097.harmonica/097_0027.jpg,96,097.harmonica
data/raw/caltech256/256_ObjectCategories/097.harmonica/097_0062.jpg,96,097.harmonica
data/raw/caltech256/256_ObjectCategories/097.harmonica/097_0025.jpg,96,097.harmonica
data/raw/caltech256/256_ObjectCategories/097.harmonica/097_0058.jpg,96,097.harmonica
data/raw/caltech256/256_ObjectCategories/097.harmonica/097_0076.jpg,96,097.harmonica
data/raw/caltech256/256_ObjectCategories/097.harmonica/097_0054.jpg,96,097.harmonica
data/raw/caltech256/256_ObjectCategories/097.harmonica/097_0036.jpg,96,097.harmonica
data/raw/caltech256/256_ObjectCategories/097.harmonica/097_0045.jpg,96,097.harmonica
data/raw/caltech256/256_ObjectCategories/097.harmonica/097_0006.jpg,96,097.harmonica
data/raw/caltech256/256_ObjectCategories/097.harmonica/097_0057.jpg,96,097.harmonica
data/raw/caltech256/256_ObjectCategories/097.harmonica/097_0001.jpg,96,097.harmonica
data/raw/caltech256/256_ObjectCategories/097.harmonica/097_0089.jpg,96,097.harmonica
data/raw/caltech256/256_ObjectCategories/097.harmonica/097_0030.jpg,96,097.harmonica
data/raw/caltech256/256_ObjectCategories/097.harmonica/097_0035.jpg,96,097.harmonica
data/raw/caltech256/256_ObjectCategories/097.harmonica/097_0079.jpg,96,097.harmonica
data/raw/caltech256/256_ObjectCategories/097.harmonica/097_0074.jpg,96,097.harmonica
data/raw/caltech256/256_ObjectCategories/097.harmonica/097_0085.jpg,96,097.harmonica
data/raw/caltech256/256_ObjectCategories/097.harmonica/097_0068.jpg,96,097.harmonica
data/raw/caltech256/256_ObjectCategories/097.harmonica/097_0065.jpg,96,097.harmonica
data/raw/caltech256/256_ObjectCategories/097.harmonica/097_0017.jpg,96,097.harmonica
data/raw/caltech256/256_ObjectCategories/097.harmonica/097_0034.jpg,96,097.harmonica
data/raw/caltech256/256_ObjectCategories/097.harmonica/097_0010.jpg,96,097.harmonica
data/raw/caltech256/256_ObjectCategories/097.harmonica/097_0039.jpg,96,097.harmonica
data/raw/caltech256/256_ObjectCategories/097.harmonica/097_0003.jpg,96,097.harmonica
data/raw/caltech256/256_ObjectCategories/097.harmonica/097_0060.jpg,96,097.harmonica
data/raw/caltech256/256_ObjectCategories/097.harmonica/097_0013.jpg,96,097.harmonica
data/raw/caltech256/256_ObjectCategories/098.harp/098_0095.jpg,97,098.harp
data/raw/caltech256/256_ObjectCategories/098.harp/098_0097.jpg,97,098.harp
data/raw/caltech256/256_ObjectCategories/098.harp/098_0089.jpg,97,098.harp
data/raw/caltech256/256_ObjectCategories/098.harp/098_0022.jpg,97,098.harp
data/raw/caltech256/256_ObjectCategories/098.harp/098_0039.jpg,97,098.harp
data/raw/caltech256/256_ObjectCategories/098.harp/098_0013.jpg,97,098.harp
data/raw/caltech256/256_ObjectCategories/098.harp/098_0083.jpg,97,098.harp
data/raw/caltech256/256_ObjectCategories/098.harp/098_0004.jpg,97,098.harp
data/raw/caltech256/256_ObjectCategories/098.harp/098_0038.jpg,97,098.harp
data/raw/caltech256/256_ObjectCategories/098.harp/098_0009.jpg,97,098.harp
data/raw/caltech256/256_ObjectCategories/098.harp/098_0099.jpg,97,098.harp
data/raw/caltech256/256_ObjectCategories/098.harp/098_0057.jpg,97,098.harp
data/raw/caltech256/256_ObjectCategories/098.harp/098_0100.jpg,97,098.harp
data/raw/caltech256/256_ObjectCategories/098.harp/098_0093.jpg,97,098.harp
data/raw/caltech256/256_ObjectCategories/098.harp/098_0007.jpg,97,098.harp
data/raw/caltech256/256_ObjectCategories/098.harp/098_0006.jpg,97,098.harp
data/raw/caltech256/256_ObjectCategories/098.harp/098_0074.jpg,97,098.harp
data/raw/caltech256/256_ObjectCategories/098.harp/098_0059.jpg,97,098.harp
data/raw/caltech256/256_ObjectCategories/098.harp/098_0011.jpg,97,098.harp
data/raw/caltech256/256_ObjectCategories/098.harp/098_0092.jpg,97,098.harp
data/raw/caltech256/256_ObjectCategories/098.harp/098_0067.jpg,97,098.harp
data/raw/caltech256/256_ObjectCategories/098.harp/098_0094.jpg,97,098.harp
data/raw/caltech256/256_ObjectCategories/098.harp/098_0076.jpg,97,098.harp
data/raw/caltech256/256_ObjectCategories/098.harp/098_0029.jpg,97,098.harp
data/raw/caltech256/256_ObjectCategories/098.harp/098_0054.jpg,97,098.harp
data/raw/caltech256/256_ObjectCategories/098.harp/098_0091.jpg,97,098.harp
data/raw/caltech256/256_ObjectCategories/098.harp/098_0015.jpg,97,098.harp
data/raw/caltech256/256_ObjectCategories/098.harp/098_0052.jpg,97,098.harp
data/raw/caltech256/256_ObjectCategories/098.harp/098_0082.jpg,97,098.harp
data/raw/caltech256/256_ObjectCategories/098.harp/098_0072.jpg,97,098.harp
data/raw/caltech256/256_ObjectCategories/098.harp/098_0071.jpg,97,098.harp
data/raw/caltech256/256_ObjectCategories/098.harp/098_0031.jpg,97,098.harp
data/raw/caltech256/256_ObjectCategories/098.harp/098_0069.jpg,97,098.harp
data/raw/caltech256/256_ObjectCategories/098.harp/098_0021.jpg,97,098.harp
data/raw/caltech256/256_ObjectCategories/098.harp/098_0078.jpg,97,098.harp
data/raw/caltech256/256_ObjectCategories/099.harpsichord/099_0007.jpg,98,099.harpsichord
data/raw/caltech256/256_ObjectCategories/099.harpsichord/099_0019.jpg,98,099.harpsichord
data/raw/caltech256/256_ObjectCategories/099.harpsichord/099_0008.jpg,98,099.harpsichord
data/raw/caltech256/256_ObjectCategories/099.harpsichord/099_0023.jpg,98,099.harpsichord
data/raw/caltech256/256_ObjectCategories/099.harpsichord/099_0066.jpg,98,099.harpsichord
data/raw/caltech256/256_ObjectCategories/099.harpsichord/099_0026.jpg,98,099.harpsichord
data/raw/caltech256/256_ObjectCategories/099.harpsichord/099_0005.jpg,98,099.harpsichord
data/raw/caltech256/256_ObjectCategories/099.harpsichord/099_0046.jpg,98,099.harpsichord
data/raw/caltech256/256_ObjectCategories/099.harpsichord/099_0039.jpg,98,099.harpsichord
data/raw/caltech256/256_ObjectCategories/099.harpsichord/099_0051.jpg,98,099.harpsichord
data/raw/caltech256/256_ObjectCategories/099.harpsichord/099_0068.jpg,98,099.harpsichord
data/raw/caltech256/256_ObjectCategories/099.harpsichord/099_0052.jpg,98,099.harpsichord
data/raw/caltech256/256_ObjectCategories/099.harpsichord/099_0036.jpg,98,099.harpsichord
data/raw/caltech256/256_ObjectCategories/099.harpsichord/099_0054.jpg,98,099.harpsichord
data/raw/caltech256/256_ObjectCategories/099.harpsichord/099_0079.jpg,98,099.harpsichord
data/raw/caltech256/256_ObjectCategories/099.harpsichord/099_0042.jpg,98,099.harpsichord
data/raw/caltech256/256_ObjectCategories/099.harpsichord/099_0010.jpg,98,099.harpsichord
data/raw/caltech256/256_ObjectCategories/099.harpsichord/099_0011.jpg,98,099.harpsichord
data/raw/caltech256/256_ObjectCategories/099.harpsichord/099_0004.jpg,98,099.harpsichord
data/raw/caltech256/256_ObjectCategories/099.harpsichord/099_0030.jpg,98,099.harpsichord
data/raw/caltech256/256_ObjectCategories/099.harpsichord/099_0078.jpg,98,099.harpsichord
data/raw/caltech256/256_ObjectCategories/099.harpsichord/099_0065.jpg,98,099.harpsichord
data/raw/caltech256/256_ObjectCategories/099.harpsichord/099_0029.jpg,98,099.harpsichord
data/raw/caltech256/256_ObjectCategories/099.harpsichord/099_0024.jpg,98,099.harpsichord
data/raw/caltech256/256_ObjectCategories/099.harpsichord/099_0003.jpg,98,099.harpsichord
data/raw/caltech256/256_ObjectCategories/099.harpsichord/099_0049.jpg,98,099.harpsichord
data/raw/caltech256/256_ObjectCategories/099.harpsichord/099_0070.jpg,98,099.harpsichord
data/raw/caltech256/256_ObjectCategories/099.harpsichord/099_0069.jpg,98,099.harpsichord
data/raw/caltech256/256_ObjectCategories/100.hawksbill-101/100_0051.jpg,99,100.hawksbill-101
data/raw/caltech256/256_ObjectCategories/100.hawksbill-101/100_0079.jpg,99,100.hawksbill-101
data/raw/caltech256/256_ObjectCategories/100.hawksbill-101/100_0034.jpg,99,100.hawksbill-101
data/raw/caltech256/256_ObjectCategories/100.hawksbill-101/100_0004.jpg,99,100.hawksbill-101
data/raw/caltech256/256_ObjectCategories/100.hawksbill-101/100_0017.jpg,99,100.hawksbill-101
data/raw/caltech256/256_ObjectCategories/100.hawksbill-101/100_0035.jpg,99,100.hawksbill-101
data/raw/caltech256/256_ObjectCategories/100.hawksbill-101/100_0052.jpg,99,100.hawksbill-101
data/raw/caltech256/256_ObjectCategories/100.hawksbill-101/100_0046.jpg,99,100.hawksbill-101
data/raw/caltech256/256_ObjectCategories/100.hawksbill-101/100_0089.jpg,99,100.hawksbill-101
data/raw/caltech256/256_ObjectCategories/100.hawksbill-101/100_0062.jpg,99,100.hawksbill-101
data/raw/caltech256/256_ObjectCategories/100.hawksbill-101/100_0005.jpg,99,100.hawksbill-101
data/raw/caltech256/256_ObjectCategories/100.hawksbill-101/100_0063.jpg,99,100.hawksbill-101
data/raw/caltech256/256_ObjectCategories/100.hawksbill-101/100_0066.jpg,99,100.hawksbill-101
data/raw/caltech256/256_ObjectCategories/100.hawksbill-101/100_0093.jpg,99,100.hawksbill-101
data/raw/caltech256/256_ObjectCategories/100.hawksbill-101/100_0067.jpg,99,100.hawksbill-101
data/raw/caltech256/256_ObjectCategories/100.hawksbill-101/100_0008.jpg,99,100.hawksbill-101
data/raw/caltech256/256_ObjectCategories/100.hawksbill-101/100_0083.jpg,99,100.hawksbill-101
data/raw/caltech256/256_ObjectCategories/100.hawksbill-101/100_0072.jpg,99,100.hawksbill-101
data/raw/caltech256/256_ObjectCategories/100.hawksbill-101/100_0068.jpg,99,100.hawksbill-101
data/raw/caltech256/256_ObjectCategories/100.hawksbill-101/100_0025.jpg,99,100.hawksbill-101
data/raw/caltech256/256_ObjectCategories/100.hawksbill-101/100_0045.jpg,99,100.hawksbill-101
data/raw/caltech256/256_ObjectCategories/100.hawksbill-101/100_0071.jpg,99,100.hawksbill-101
data/raw/caltech256/256_ObjectCategories/100.hawksbill-101/100_0085.jpg,99,100.hawksbill-101
data/raw/caltech256/256_ObjectCategories/100.hawksbill-101/100_0012.jpg,99,100.hawksbill-101
data/raw/caltech256/256_ObjectCategories/100.hawksbill-101/100_0029.jpg,99,100.hawksbill-101
data/raw/caltech256/256_ObjectCategories/100.hawksbill-101/100_0006.jpg,99,100.hawksbill-101
data/raw/caltech256/256_ObjectCategories/100.hawksbill-101/100_0044.jpg,99,100.hawksbill-101
data/raw/caltech256/256_ObjectCategories/100.hawksbill-101/100_0007.jpg,99,100.hawksbill-101
data/raw/caltech256/256_ObjectCategories/100.hawksbill-101/100_0069.jpg,99,100.hawksbill-101
data/raw/caltech256/256_ObjectCategories/100.hawksbill-101/100_0039.jpg,99,100.hawksbill-101
data/raw/caltech256/256_ObjectCategories/100.hawksbill-101/100_0057.jpg,99,100.hawksbill-101
data/raw/caltech256/256_ObjectCategories/100.hawksbill-101/100_0061.jpg,99,100.hawksbill-101
data/raw/caltech256/256_ObjectCategories/100.hawksbill-101/100_0037.jpg,99,100.hawksbill-101
data/raw/caltech256/256_ObjectCategories/101.head-phones/101_0090.jpg,100,101.head-phones
data/raw/caltech256/256_ObjectCategories/101.head-phones/101_0134.jpg,100,101.head-phones
data/raw/caltech256/256_ObjectCategories/101.head-phones/101_0110.jpg,100,101.head-phones
data/raw/caltech256/256_ObjectCategories/101.head-phones/101_0006.jpg,100,101.head-phones
data/raw/caltech256/256_ObjectCategories/101.head-phones/101_0057.jpg,100,101.head-phones
data/raw/caltech256/256_ObjectCategories/101.head-phones/101_0012.jpg,100,101.head-phones
data/raw/caltech256/256_ObjectCategories/101.head-phones/101_0014.jpg,100,101.head-phones
data/raw/caltech256/256_ObjectCategories/101.head-phones/101_0125.jpg,100,101.head-phones
data/raw/caltech256/256_ObjectCategories/101.head-phones/101_0138.jpg,100,101.head-phones
data/raw/caltech256/256_ObjectCategories/101.head-phones/101_0095.jpg,100,101.head-phones
data/raw/caltech256/256_ObjectCategories/101.head-phones/101_0019.jpg,100,101.head-phones
data/raw/caltech256/256_ObjectCategories/101.head-phones/101_0055.jpg,100,101.head-phones
data/raw/caltech256/256_ObjectCategories/101.head-phones/101_0042.jpg,100,101.head-phones
data/raw/caltech256/256_ObjectCategories/101.head-phones/101_0127.jpg,100,101.head-phones
data/raw/caltech256/256_ObjectCategories/101.head-phones/101_0113.jpg,100,101.head-phones
data/raw/caltech256/256_ObjectCategories/101.head-phones/101_0114.jpg,100,101.head-phones
data/raw/caltech256/256_ObjectCategories/101.head-phones/101_0031.jpg,100,101.head-phones
data/raw/caltech256/256_ObjectCategories/101.head-phones/101_0068.jpg,100,101.head-phones
data/raw/caltech256/256_ObjectCategories/101.head-phones/101_0016.jpg,100,101.head-phones
data/raw/caltech256/256_ObjectCategories/101.head-phones/101_0020.jpg,100,101.head-phones
data/raw/caltech256/256_ObjectCategories/101.head-phones/101_0029.jpg,100,101.head-phones
data/raw/caltech256/256_ObjectCategories/101.head-phones/101_0073.jpg,100,101.head-phones
data/raw/caltech256/256_ObjectCategories/101.head-phones/101_0003.jpg,100,101.head-phones
data/raw/caltech256/256_ObjectCategories/101.head-phones/101_0109.jpg,100,101.head-phones
data/raw/caltech256/256_ObjectCategories/101.head-phones/101_0094.jpg,100,101.head-phones
data/raw/caltech256/256_ObjectCategories/101.head-phones/101_0115.jpg,100,101.head-phones
data/raw/caltech256/256_ObjectCategories/101.head-phones/101_0135.jpg,100,101.head-phones
data/raw/caltech256/256_ObjectCategories/101.head-phones/101_0130.jpg,100,101.head-phones
data/raw/caltech256/256_ObjectCategories/101.head-phones/101_0077.jpg,100,101.head-phones
data/raw/caltech256/256_ObjectCategories/101.head-phones/101_0015.jpg,100,101.head-phones
data/raw/caltech256/256_ObjectCategories/101.head-phones/101_0099.jpg,100,101.head-phones
data/raw/caltech256/256_ObjectCategories/101.head-phones/101_0085.jpg,100,101.head-phones
data/raw/caltech256/256_ObjectCategories/101.head-phones/101_0100.jpg,100,101.head-phones
data/raw/caltech256/256_ObjectCategories/101.head-phones/101_0041.jpg,100,101.head-phones
data/raw/caltech256/256_ObjectCategories/101.head-phones/101_0116.jpg,100,101.head-phones
data/raw/caltech256/256_ObjectCategories/101.head-phones/101_0053.jpg,100,101.head-phones
data/raw/caltech256/256_ObjectCategories/101.head-phones/101_0047.jpg,100,101.head-phones
data/raw/caltech256/256_ObjectCategories/101.head-phones/101_0104.jpg,100,101.head-phones
data/raw/caltech256/256_ObjectCategories/101.head-phones/101_0048.jpg,100,101.head-phones
data/raw/caltech256/256_ObjectCategories/101.head-phones/101_0063.jpg,100,101.head-phones
data/raw/caltech256/256_ObjectCategories/101.head-phones/101_0093.jpg,100,101.head-phones
data/raw/caltech256/256_ObjectCategories/101.head-phones/101_0049.jpg,100,101.head-phones
data/raw/caltech256/256_ObjectCategories/101.head-phones/101_0078.jpg,100,101.head-phones
data/raw/caltech256/256_ObjectCategories/101.head-phones/101_0009.jpg,100,101.head-phones
data/raw/caltech256/256_ObjectCategories/101.head-phones/101_0039.jpg,100,101.head-phones
data/raw/caltech256/256_ObjectCategories/101.head-phones/101_0131.jpg,100,101.head-phones
data/raw/caltech256/256_ObjectCategories/101.head-phones/101_0086.jpg,100,101.head-phones
data/raw/caltech256/256_ObjectCategories/101.head-phones/101_0083.jpg,100,101.head-phones
data/raw/caltech256/256_ObjectCategories/102.helicopter-101/102_0045.jpg,101,102.helicopter-101
data/raw/caltech256/256_ObjectCategories/102.helicopter-101/102_0012.jpg,101,102.helicopter-101
data/raw/caltech256/256_ObjectCategories/102.helicopter-101/102_0020.jpg,101,102.helicopter-101
data/raw/caltech256/256_ObjectCategories/102.helicopter-101/102_0033.jpg,101,102.helicopter-101
data/raw/caltech256/256_ObjectCategories/102.helicopter-101/102_0014.jpg,101,102.helicopter-101
data/raw/caltech256/256_ObjectCategories/102.helicopter-101/102_0056.jpg,101,102.helicopter-101
data/raw/caltech256/256_ObjectCategories/102.helicopter-101/102_0063.jpg,101,102.helicopter-101
data/raw/caltech256/256_ObjectCategories/102.helicopter-101/102_0037.jpg,101,102.helicopter-101
data/raw/caltech256/256_ObjectCategories/102.helicopter-101/102_0074.jpg,101,102.helicopter-101
data/raw/caltech256/256_ObjectCategories/102.helicopter-101/102_0082.jpg,101,102.helicopter-101
data/raw/caltech256/256_ObjectCategories/102.helicopter-101/102_0013.jpg,101,102.helicopter-101
data/raw/caltech256/256_ObjectCategories/102.helicopter-101/102_0001.jpg,101,102.helicopter-101
data/raw/caltech256/256_ObjectCategories/102.helicopter-101/102_0057.jpg,101,102.helicopter-101
data/raw/caltech256/256_ObjectCategories/102.helicopter-101/102_0047.jpg,101,102.helicopter-101
data/raw/caltech256/256_ObjectCategories/102.helicopter-101/102_0058.jpg,101,102.helicopter-101
data/raw/caltech256/256_ObjectCategories/102.helicopter-101/102_0024.jpg,101,102.helicopter-101
data/raw/caltech256/256_ObjectCategories/102.helicopter-101/102_0004.jpg,101,102.helicopter-101
data/raw/caltech256/256_ObjectCategories/102.helicopter-101/102_0026.jpg,101,102.helicopter-101
data/raw/caltech256/256_ObjectCategories/102.helicopter-101/102_0007.jpg,101,102.helicopter-101
data/raw/caltech256/256_ObjectCategories/102.helicopter-101/102_0035.jpg,101,102.helicopter-101
data/raw/caltech256/256_ObjectCategories/102.helicopter-101/102_0011.jpg,101,102.helicopter-101
data/raw/caltech256/256_ObjectCategories/102.helicopter-101/102_0036.jpg,101,102.helicopter-101
data/raw/caltech256/256_ObjectCategories/102.helicopter-101/102_0017.jpg,101,102.helicopter-101
data/raw/caltech256/256_ObjectCategories/102.helicopter-101/102_0078.jpg,101,102.helicopter-101
data/raw/caltech256/256_ObjectCategories/102.helicopter-101/102_0023.jpg,101,102.helicopter-101
data/raw/caltech256/256_ObjectCategories/102.helicopter-101/102_0065.jpg,101,102.helicopter-101
data/raw/caltech256/256_ObjectCategories/102.helicopter-101/102_0051.jpg,101,102.helicopter-101
data/raw/caltech256/256_ObjectCategories/102.helicopter-101/102_0061.jpg,101,102.helicopter-101
data/raw/caltech256/256_ObjectCategories/102.helicopter-101/102_0009.jpg,101,102.helicopter-101
data/raw/caltech256/256_ObjectCategories/102.helicopter-101/102_0034.jpg,101,102.helicopter-101
data/raw/caltech256/256_ObjectCategories/102.helicopter-101/102_0060.jpg,101,102.helicopter-101
data/raw/caltech256/256_ObjectCategories/103.hibiscus/103_0016.jpg,102,103.hibiscus
data/raw/caltech256/256_ObjectCategories/103.hibiscus/103_0101.jpg,102,103.hibiscus
data/raw/caltech256/256_ObjectCategories/103.hibiscus/103_0087.jpg,102,103.hibiscus
data/raw/caltech256/256_ObjectCategories/103.hibiscus/103_0099.jpg,102,103.hibiscus
data/raw/caltech256/256_ObjectCategories/103.hibiscus/103_0007.jpg,102,103.hibiscus
data/raw/caltech256/256_ObjectCategories/103.hibiscus/103_0081.jpg,102,103.hibiscus
data/raw/caltech256/256_ObjectCategories/103.hibiscus/103_0066.jpg,102,103.hibiscus
data/raw/caltech256/256_ObjectCategories/103.hibiscus/103_0047.jpg,102,103.hibiscus
data/raw/caltech256/256_ObjectCategories/103.hibiscus/103_0028.jpg,102,103.hibiscus
data/raw/caltech256/256_ObjectCategories/103.hibiscus/103_0086.jpg,102,103.hibiscus
data/raw/caltech256/256_ObjectCategories/103.hibiscus/103_0065.jpg,102,103.hibiscus
data/raw/caltech256/256_ObjectCategories/103.hibiscus/103_0005.jpg,102,103.hibiscus
data/raw/caltech256/256_ObjectCategories/103.hibiscus/103_0004.jpg,102,103.hibiscus
data/raw/caltech256/256_ObjectCategories/103.hibiscus/103_0100.jpg,102,103.hibiscus
data/raw/caltech256/256_ObjectCategories/103.hibiscus/103_0048.jpg,102,103.hibiscus
data/raw/caltech256/256_ObjectCategories/103.hibiscus/103_0034.jpg,102,103.hibiscus
data/raw/caltech256/256_ObjectCategories/103.hibiscus/103_0077.jpg,102,103.hibiscus
data/raw/caltech256/256_ObjectCategories/103.hibiscus/103_0055.jpg,102,103.hibiscus
data/raw/caltech256/256_ObjectCategories/103.hibiscus/103_0073.jpg,102,103.hibiscus
data/raw/caltech256/256_ObjectCategories/103.hibiscus/103_0097.jpg,102,103.hibiscus
data/raw/caltech256/256_ObjectCategories/103.hibiscus/103_0096.jpg,102,103.hibiscus
data/raw/caltech256/256_ObjectCategories/103.hibiscus/103_0083.jpg,102,103.hibiscus
data/raw/caltech256/256_ObjectCategories/103.hibiscus/103_0078.jpg,102,103.hibiscus
data/raw/caltech256/256_ObjectCategories/103.hibiscus/103_0018.jpg,102,103.hibiscus
data/raw/caltech256/256_ObjectCategories/103.hibiscus/103_0023.jpg,102,103.hibiscus
data/raw/caltech256/256_ObjectCategories/103.hibiscus/103_0069.jpg,102,103.hibiscus
data/raw/caltech256/256_ObjectCategories/103.hibiscus/103_0008.jpg,102,103.hibiscus
data/raw/caltech256/256_ObjectCategories/103.hibiscus/103_0110.jpg,102,103.hibiscus
data/raw/caltech256/256_ObjectCategories/103.hibiscus/103_0010.jpg,102,103.hibiscus
data/raw/caltech256/256_ObjectCategories/103.hibiscus/103_0080.jpg,102,103.hibiscus
data/raw/caltech256/256_ObjectCategories/103.hibiscus/103_0045.jpg,102,103.hibiscus
data/raw/caltech256/256_ObjectCategories/103.hibiscus/103_0011.jpg,102,103.hibiscus
data/raw/caltech256/256_ObjectCategories/103.hibiscus/103_0049.jpg,102,103.hibiscus
data/raw/caltech256/256_ObjectCategories/103.hibiscus/103_0060.jpg,102,103.hibiscus
data/raw/caltech256/256_ObjectCategories/103.hibiscus/103_0043.jpg,102,103.hibiscus
data/raw/caltech256/256_ObjectCategories/103.hibiscus/103_0064.jpg,102,103.hibiscus
data/raw/caltech256/256_ObjectCategories/103.hibiscus/103_0024.jpg,102,103.hibiscus
data/raw/caltech256/256_ObjectCategories/103.hibiscus/103_0061.jpg,102,103.hibiscus
data/raw/caltech256/256_ObjectCategories/103.hibiscus/103_0031.jpg,102,103.hibiscus
data/raw/caltech256/256_ObjectCategories/104.homer-simpson/104_0022.jpg,103,104.homer-simpson
data/raw/caltech256/256_ObjectCategories/104.homer-simpson/104_0092.jpg,103,104.homer-simpson
data/raw/caltech256/256_ObjectCategories/104.homer-simpson/104_0023.jpg,103,104.homer-simpson
data/raw/caltech256/256_ObjectCategories/104.homer-simpson/104_0039.jpg,103,104.homer-simpson
data/raw/caltech256/256_ObjectCategories/104.homer-simpson/104_0069.jpg,103,104.homer-simpson
data/raw/caltech256/256_ObjectCategories/104.homer-simpson/104_0094.jpg,103,104.homer-simpson
data/raw/caltech256/256_ObjectCategories/104.homer-simpson/104_0042.jpg,103,104.homer-simpson
data/raw/caltech256/256_ObjectCategories/104.homer-simpson/104_0004.jpg,103,104.homer-simpson
data/raw/caltech256/256_ObjectCategories/104.homer-simpson/104_0026.jpg,103,104.homer-simpson
data/raw/caltech256/256_ObjectCategories/104.homer-simpson/104_0025.jpg,103,104.homer-simpson
data/raw/caltech256/256_ObjectCategories/104.homer-simpson/104_0043.jpg,103,104.homer-simpson
data/raw/caltech256/256_ObjectCategories/104.homer-simpson/104_0017.jpg,103,104.homer-simpson
data/raw/caltech256/256_ObjectCategories/104.homer-simpson/104_0008.jpg,103,104.homer-simpson
data/raw/caltech256/256_ObjectCategories/104.homer-simpson/104_0066.jpg,103,104.homer-simpson
data/raw/caltech256/256_ObjectCategories/104.homer-simpson/104_0090.jpg,103,104.homer-simpson
data/raw/caltech256/256_ObjectCategories/104.homer-simpson/104_0038.jpg,103,104.homer-simpson
data/raw/caltech256/256_ObjectCategories/104.homer-simpson/104_0027.jpg,103,104.homer-simpson
data/raw/caltech256/256_ObjectCategories/104.homer-simpson/104_0063.jpg,103,104.homer-simpson
data/raw/caltech256/256_ObjectCategories/104.homer-simpson/104_0085.jpg,103,104.homer-simpson
data/raw/caltech256/256_ObjectCategories/104.homer-simpson/104_0024.jpg,103,104.homer-simpson
data/raw/caltech256/256_ObjectCategories/104.homer-simpson/104_0054.jpg,103,104.homer-simpson
data/raw/caltech256/256_ObjectCategories/104.homer-simpson/104_0045.jpg,103,104.homer-simpson
data/raw/caltech256/256_ObjectCategories/104.homer-simpson/104_0081.jpg,103,104.homer-simpson
data/raw/caltech256/256_ObjectCategories/104.homer-simpson/104_0021.jpg,103,104.homer-simpson
data/raw/caltech256/256_ObjectCategories/104.homer-simpson/104_0036.jpg,103,104.homer-simpson
data/raw/caltech256/256_ObjectCategories/104.homer-simpson/104_0078.jpg,103,104.homer-simpson
data/raw/caltech256/256_ObjectCategories/104.homer-simpson/104_0050.jpg,103,104.homer-simpson
data/raw/caltech256/256_ObjectCategories/104.homer-simpson/104_0089.jpg,103,104.homer-simpson
data/raw/caltech256/256_ObjectCategories/104.homer-simpson/104_0072.jpg,103,104.homer-simpson
data/raw/caltech256/256_ObjectCategories/104.homer-simpson/104_0087.jpg,103,104.homer-simpson
data/raw/caltech256/256_ObjectCategories/104.homer-simpson/104_0070.jpg,103,104.homer-simpson
data/raw/caltech256/256_ObjectCategories/104.homer-simpson/104_0084.jpg,103,104.homer-simpson
data/raw/caltech256/256_ObjectCategories/104.homer-simpson/104_0020.jpg,103,104.homer-simpson
data/raw/caltech256/256_ObjectCategories/104.homer-simpson/104_0079.jpg,103,104.homer-simpson
data/raw/caltech256/256_ObjectCategories/105.horse/105_0267.jpg,104,105.horse
data/raw/caltech256/256_ObjectCategories/105.horse/105_0208.jpg,104,105.horse
data/raw/caltech256/256_ObjectCategories/105.horse/105_0087.jpg,104,105.horse
data/raw/caltech256/256_ObjectCategories/105.horse/105_0091.jpg,104,105.horse
data/raw/caltech256/256_ObjectCategories/105.horse/105_0160.jpg,104,105.horse
data/raw/caltech256/256_ObjectCategories/105.horse/105_0112.jpg,104,105.horse
data/raw/caltech256/256_ObjectCategories/105.horse/105_0243.jpg,104,105.horse
data/raw/caltech256/256_ObjectCategories/105.horse/105_0194.jpg,104,105.horse
data/raw/caltech256/256_ObjectCategories/105.horse/105_0090.jpg,104,105.horse
data/raw/caltech256/256_ObjectCategories/105.horse/105_0055.jpg,104,105.horse
data/raw/caltech256/256_ObjectCategories/105.horse/105_0257.jpg,104,105.horse
data/raw/caltech256/256_ObjectCategories/105.horse/105_0078.jpg,104,105.horse
data/raw/caltech256/256_ObjectCategories/105.horse/105_0178.jpg,104,105.horse
data/raw/caltech256/256_ObjectCategories/105.horse/105_0199.jpg,104,105.horse
data/raw/caltech256/256_ObjectCategories/105.horse/105_0248.jpg,104,105.horse
data/raw/caltech256/256_ObjectCategories/105.horse/105_0230.jpg,104,105.horse
data/raw/caltech256/256_ObjectCategories/105.horse/105_0183.jpg,104,105.horse
data/raw/caltech256/256_ObjectCategories/105.horse/105_0170.jpg,104,105.horse
data/raw/caltech256/256_ObjectCategories/105.horse/105_0145.jpg,104,105.horse
data/raw/caltech256/256_ObjectCategories/105.horse/105_0043.jpg,104,105.horse
data/raw/caltech256/256_ObjectCategories/105.horse/105_0198.jpg,104,105.horse
data/raw/caltech256/256_ObjectCategories/105.horse/105_0006.jpg,104,105.horse
data/raw/caltech256/256_ObjectCategories/105.horse/105_0234.jpg,104,105.horse
data/raw/caltech256/256_ObjectCategories/105.horse/105_0246.jpg,104,105.horse
data/raw/caltech256/256_ObjectCategories/105.horse/105_0137.jpg,104,105.horse
data/raw/caltech256/256_ObjectCategories/105.horse/105_0072.jpg,104,105.horse
data/raw/caltech256/256_ObjectCategories/105.horse/105_0166.jpg,104,105.horse
data/raw/caltech256/256_ObjectCategories/105.horse/105_0022.jpg,104,105.horse
data/raw/caltech256/256_ObjectCategories/105.horse/105_0015.jpg,104,105.horse
data/raw/caltech256/256_ObjectCategories/105.horse/105_0051.jpg,104,105.horse
data/raw/caltech256/256_ObjectCategories/105.horse/105_0130.jpg,104,105.horse
data/raw/caltech256/256_ObjectCategories/105.horse/105_0229.jpg,104,105.horse
data/raw/caltech256/256_ObjectCategories/105.horse/105_0266.jpg,104,105.horse
data/raw/caltech256/256_ObjectCategories/105.horse/105_0270.jpg,104,105.horse
data/raw/caltech256/256_ObjectCategories/105.horse/105_0001.jpg,104,105.horse
data/raw/caltech256/256_ObjectCategories/105.horse/105_0114.jpg,104,105.horse
data/raw/caltech256/256_ObjectCategories/105.horse/105_0177.jpg,104,105.horse
data/raw/caltech256/256_ObjectCategories/105.horse/105_0159.jpg,104,105.horse
data/raw/caltech256/256_ObjectCategories/105.horse/105_0070.jpg,104,105.horse
data/raw/caltech256/256_ObjectCategories/105.horse/105_0118.jpg,104,105.horse
data/raw/caltech256/256_ObjectCategories/105.horse/105_0164.jpg,104,105.horse
data/raw/caltech256/256_ObjectCategories/105.horse/105_0107.jpg,104,105.horse
data/raw/caltech256/256_ObjectCategories/105.horse/105_0041.jpg,104,105.horse
data/raw/caltech256/256_ObjectCategories/105.horse/105_0012.jpg,104,105.horse
data/raw/caltech256/256_ObjectCategories/105.horse/105_0180.jpg,104,105.horse
data/raw/caltech256/256_ObjectCategories/105.horse/105_0024.jpg,104,105.horse
data/raw/caltech256/256_ObjectCategories/105.horse/105_0262.jpg,104,105.horse
data/raw/caltech256/256_ObjectCategories/105.horse/105_0094.jpg,104,105.horse
data/raw/caltech256/256_ObjectCategories/105.horse/105_0211.jpg,104,105.horse
data/raw/caltech256/256_ObjectCategories/105.horse/105_0192.jpg,104,105.horse
data/raw/caltech256/256_ObjectCategories/105.horse/105_0156.jpg,104,105.horse
data/raw/caltech256/256_ObjectCategories/105.horse/105_0099.jpg,104,105.horse
data/raw/caltech256/256_ObjectCategories/105.horse/105_0205.jpg,104,105.horse
data/raw/caltech256/256_ObjectCategories/105.horse/105_0089.jpg,104,105.horse
data/raw/caltech256/256_ObjectCategories/105.horse/105_0108.jpg,104,105.horse
data/raw/caltech256/256_ObjectCategories/105.horse/105_0151.jpg,104,105.horse
data/raw/caltech256/256_ObjectCategories/105.horse/105_0168.jpg,104,105.horse
data/raw/caltech256/256_ObjectCategories/105.horse/105_0249.jpg,104,105.horse
data/raw/caltech256/256_ObjectCategories/105.horse/105_0231.jpg,104,105.horse
data/raw/caltech256/256_ObjectCategories/105.horse/105_0216.jpg,104,105.horse
data/raw/caltech256/256_ObjectCategories/105.horse/105_0217.jpg,104,105.horse
data/raw/caltech256/256_ObjectCategories/105.horse/105_0264.jpg,104,105.horse
data/raw/caltech256/256_ObjectCategories/105.horse/105_0161.jpg,104,105.horse
data/raw/caltech256/256_ObjectCategories/105.horse/105_0007.jpg,104,105.horse
data/raw/caltech256/256_ObjectCategories/105.horse/105_0003.jpg,104,105.horse
data/raw/caltech256/256_ObjectCategories/105.horse/105_0116.jpg,104,105.horse
data/raw/caltech256/256_ObjectCategories/105.horse/105_0250.jpg,104,105.horse
data/raw/caltech256/256_ObjectCategories/105.horse/105_0203.jpg,104,105.horse
data/raw/caltech256/256_ObjectCategories/105.horse/105_0122.jpg,104,105.horse
data/raw/caltech256/256_ObjectCategories/105.horse/105_0155.jpg,104,105.horse
data/raw/caltech256/256_ObjectCategories/105.horse/105_0148.jpg,104,105.horse
data/raw/caltech256/256_ObjectCategories/105.horse/105_0050.jpg,104,105.horse
data/raw/caltech256/256_ObjectCategories/105.horse/105_0144.jpg,104,105.horse
data/raw/caltech256/256_ObjectCategories/105.horse/105_0175.jpg,104,105.horse
data/raw/caltech256/256_ObjectCategories/105.horse/105_0106.jpg,104,105.horse
data/raw/caltech256/256_ObjectCategories/105.horse/105_0082.jpg,104,105.horse
data/raw/caltech256/256_ObjectCategories/105.horse/105_0044.jpg,104,105.horse
data/raw/caltech256/256_ObjectCategories/105.horse/105_0165.jpg,104,105.horse
data/raw/caltech256/256_ObjectCategories/105.horse/105_0235.jpg,104,105.horse
data/raw/caltech256/256_ObjectCategories/105.horse/105_0132.jpg,104,105.horse
data/raw/caltech256/256_ObjectCategories/105.horse/105_0195.jpg,104,105.horse
data/raw/caltech256/256_ObjectCategories/105.horse/105_0020.jpg,104,105.horse
data/raw/caltech256/256_ObjectCategories/105.horse/105_0185.jpg,104,105.horse
data/raw/caltech256/256_ObjectCategories/105.horse/105_0184.jpg,104,105.horse
data/raw/caltech256/256_ObjectCategories/105.horse/105_0220.jpg,104,105.horse
data/raw/caltech256/256_ObjectCategories/105.horse/105_0104.jpg,104,105.horse
data/raw/caltech256/256_ObjectCategories/105.horse/105_0223.jpg,104,105.horse
data/raw/caltech256/256_ObjectCategories/105.horse/105_0269.jpg,104,105.horse
data/raw/caltech256/256_ObjectCategories/105.horse/105_0017.jpg,104,105.horse
data/raw/caltech256/256_ObjectCategories/105.horse/105_0060.jpg,104,105.horse
data/raw/caltech256/256_ObjectCategories/105.horse/105_0222.jpg,104,105.horse
data/raw/caltech256/256_ObjectCategories/105.horse/105_0092.jpg,104,105.horse
data/raw/caltech256/256_ObjectCategories/105.horse/105_0141.jpg,104,105.horse
data/raw/caltech256/256_ObjectCategories/105.horse/105_0080.jpg,104,105.horse
data/raw/caltech256/256_ObjectCategories/105.horse/105_0120.jpg,104,105.horse
data/raw/caltech256/256_ObjectCategories/106.horseshoe-crab/106_0010.jpg,105,106.horseshoe-crab
data/raw/caltech256/256_ObjectCategories/106.horseshoe-crab/106_0007.jpg,105,106.horseshoe-crab
data/raw/caltech256/256_ObjectCategories/106.horseshoe-crab/106_0083.jpg,105,106.horseshoe-crab
data/raw/caltech256/256_ObjectCategories/106.horseshoe-crab/106_0032.jpg,105,106.horseshoe-crab
data/raw/caltech256/256_ObjectCategories/106.horseshoe-crab/106_0060.jpg,105,106.horseshoe-crab
data/raw/caltech256/256_ObjectCategories/106.horseshoe-crab/106_0072.jpg,105,106.horseshoe-crab
data/raw/caltech256/256_ObjectCategories/106.horseshoe-crab/106_0042.jpg,105,106.horseshoe-crab
data/raw/caltech256/256_ObjectCategories/106.horseshoe-crab/106_0064.jpg,105,106.horseshoe-crab
data/raw/caltech256/256_ObjectCategories/106.horseshoe-crab/106_0022.jpg,105,106.horseshoe-crab
data/raw/caltech256/256_ObjectCategories/106.horseshoe-crab/106_0034.jpg,105,106.horseshoe-crab
data/raw/caltech256/256_ObjectCategories/106.horseshoe-crab/106_0081.jpg,105,106.horseshoe-crab
data/raw/caltech256/256_ObjectCategories/106.horseshoe-crab/106_0030.jpg,105,106.horseshoe-crab
data/raw/caltech256/256_ObjectCategories/106.horseshoe-crab/106_0019.jpg,105,106.horseshoe-crab
data/raw/caltech256/256_ObjectCategories/106.horseshoe-crab/106_0005.jpg,105,106.horseshoe-crab
data/raw/caltech256/256_ObjectCategories/106.horseshoe-crab/106_0016.jpg,105,106.horseshoe-crab
data/raw/caltech256/256_ObjectCategories/106.horseshoe-crab/106_0039.jpg,105,106.horseshoe-crab
data/raw/caltech256/256_ObjectCategories/106.horseshoe-crab/106_0011.jpg,105,106.horseshoe-crab
data/raw/caltech256/256_ObjectCategories/106.horseshoe-crab/106_0080.jpg,105,106.horseshoe-crab
data/raw/caltech256/256_ObjectCategories/106.horseshoe-crab/106_0078.jpg,105,106.horseshoe-crab
data/raw/caltech256/256_ObjectCategories/106.horseshoe-crab/106_0059.jpg,105,106.horseshoe-crab
data/raw/caltech256/256_ObjectCategories/106.horseshoe-crab/106_0067.jpg,105,106.horseshoe-crab
data/raw/caltech256/256_ObjectCategories/106.horseshoe-crab/106_0028.jpg,105,106.horseshoe-crab
data/raw/caltech256/256_ObjectCategories/106.horseshoe-crab/106_0031.jpg,105,106.horseshoe-crab
data/raw/caltech256/256_ObjectCategories/106.horseshoe-crab/106_0040.jpg,105,106.horseshoe-crab
data/raw/caltech256/256_ObjectCategories/106.horseshoe-crab/106_0077.jpg,105,106.horseshoe-crab
data/raw/caltech256/256_ObjectCategories/106.horseshoe-crab/106_0044.jpg,105,106.horseshoe-crab
data/raw/caltech256/256_ObjectCategories/106.horseshoe-crab/106_0052.jpg,105,106.horseshoe-crab
data/raw/caltech256/256_ObjectCategories/106.horseshoe-crab/106_0071.jpg,105,106.horseshoe-crab
data/raw/caltech256/256_ObjectCategories/106.horseshoe-crab/106_0027.jpg,105,106.horseshoe-crab
data/raw/caltech256/256_ObjectCategories/106.horseshoe-crab/106_0014.jpg,105,106.horseshoe-crab
data/raw/caltech256/256_ObjectCategories/106.horseshoe-crab/106_0051.jpg,105,106.horseshoe-crab
data/raw/caltech256/256_ObjectCategories/107.hot-air-balloon/107_0089.jpg,106,107.hot-air-balloon
data/raw/caltech256/256_ObjectCategories/107.hot-air-balloon/107_0043.jpg,106,107.hot-air-balloon
data/raw/caltech256/256_ObjectCategories/107.hot-air-balloon/107_0027.jpg,106,107.hot-air-balloon
data/raw/caltech256/256_ObjectCategories/107.hot-air-balloon/107_0056.jpg,106,107.hot-air-balloon
data/raw/caltech256/256_ObjectCategories/107.hot-air-balloon/107_0083.jpg,106,107.hot-air-balloon
data/raw/caltech256/256_ObjectCategories/107.hot-air-balloon/107_0077.jpg,106,107.hot-air-balloon
data/raw/caltech256/256_ObjectCategories/107.hot-air-balloon/107_0002.jpg,106,107.hot-air-balloon
data/raw/caltech256/256_ObjectCategories/107.hot-air-balloon/107_0055.jpg,106,107.hot-air-balloon
data/raw/caltech256/256_ObjectCategories/107.hot-air-balloon/107_0082.jpg,106,107.hot-air-balloon
data/raw/caltech256/256_ObjectCategories/107.hot-air-balloon/107_0037.jpg,106,107.hot-air-balloon
data/raw/caltech256/256_ObjectCategories/107.hot-air-balloon/107_0057.jpg,106,107.hot-air-balloon
data/raw/caltech256/256_ObjectCategories/107.hot-air-balloon/107_0023.jpg,106,107.hot-air-balloon
data/raw/caltech256/256_ObjectCategories/107.hot-air-balloon/107_0073.jpg,106,107.hot-air-balloon
data/raw/caltech256/256_ObjectCategories/107.hot-air-balloon/107_0035.jpg,106,107.hot-air-balloon
data/raw/caltech256/256_ObjectCategories/107.hot-air-balloon/107_0069.jpg,106,107.hot-air-balloon
data/raw/caltech256/256_ObjectCategories/107.hot-air-balloon/107_0038.jpg,106,107.hot-air-balloon
data/raw/caltech256/256_ObjectCategories/107.hot-air-balloon/107_0065.jpg,106,107.hot-air-balloon
data/raw/caltech256/256_ObjectCategories/107.hot-air-balloon/107_0080.jpg,106,107.hot-air-balloon
data/raw/caltech256/256_ObjectCategories/107.hot-air-balloon/107_0022.jpg,106,107.hot-air-balloon
data/raw/caltech256/256_ObjectCategories/107.hot-air-balloon/107_0013.jpg,106,107.hot-air-balloon
data/raw/caltech256/256_ObjectCategories/107.hot-air-balloon/107_0028.jpg,106,107.hot-air-balloon
data/raw/caltech256/256_ObjectCategories/107.hot-air-balloon/107_0085.jpg,106,107.hot-air-balloon
data/raw/caltech256/256_ObjectCategories/107.hot-air-balloon/107_0008.jpg,106,107.hot-air-balloon
data/raw/caltech256/256_ObjectCategories/107.hot-air-balloon/107_0087.jpg,106,107.hot-air-balloon
data/raw/caltech256/256_ObjectCategories/107.hot-air-balloon/107_0072.jpg,106,107.hot-air-balloon
data/raw/caltech256/256_ObjectCategories/107.hot-air-balloon/107_0042.jpg,106,107.hot-air-balloon
data/raw/caltech256/256_ObjectCategories/107.hot-air-balloon/107_0039.jpg,106,107.hot-air-balloon
data/raw/caltech256/256_ObjectCategories/107.hot-air-balloon/107_0014.jpg,106,107.hot-air-balloon
data/raw/caltech256/256_ObjectCategories/107.hot-air-balloon/107_0081.jpg,106,107.hot-air-balloon
data/raw/caltech256/256_ObjectCategories/107.hot-air-balloon/107_0004.jpg,106,107.hot-air-balloon
data/raw/caltech256/256_ObjectCategories/107.hot-air-balloon/107_0029.jpg,106,107.hot-air-balloon
data/raw/caltech256/256_ObjectCategories/108.hot-dog/108_0051.jpg,107,108.hot-dog
data/raw/caltech256/256_ObjectCategories/108.hot-dog/108_0085.jpg,107,108.hot-dog
data/raw/caltech256/256_ObjectCategories/108.hot-dog/108_0013.jpg,107,108.hot-dog
data/raw/caltech256/256_ObjectCategories/108.hot-dog/108_0043.jpg,107,108.hot-dog
data/raw/caltech256/256_ObjectCategories/108.hot-dog/108_0076.jpg,107,108.hot-dog
data/raw/caltech256/256_ObjectCategories/108.hot-dog/108_0005.jpg,107,108.hot-dog
data/raw/caltech256/256_ObjectCategories/108.hot-dog/108_0042.jpg,107,108.hot-dog
data/raw/caltech256/256_ObjectCategories/108.hot-dog/108_0078.jpg,107,108.hot-dog
data/raw/caltech256/256_ObjectCategories/108.hot-dog/108_0077.jpg,107,108.hot-dog
data/raw/caltech256/256_ObjectCategories/108.hot-dog/108_0074.jpg,107,108.hot-dog
data/raw/caltech256/256_ObjectCategories/108.hot-dog/108_0067.jpg,107,108.hot-dog
data/raw/caltech256/256_ObjectCategories/108.hot-dog/108_0037.jpg,107,108.hot-dog
data/raw/caltech256/256_ObjectCategories/108.hot-dog/108_0041.jpg,107,108.hot-dog
data/raw/caltech256/256_ObjectCategories/108.hot-dog/108_0068.jpg,107,108.hot-dog
data/raw/caltech256/256_ObjectCategories/108.hot-dog/108_0010.jpg,107,108.hot-dog
data/raw/caltech256/256_ObjectCategories/108.hot-dog/108_0004.jpg,107,108.hot-dog
data/raw/caltech256/256_ObjectCategories/108.hot-dog/108_0052.jpg,107,108.hot-dog
data/raw/caltech256/256_ObjectCategories/108.hot-dog/108_0002.jpg,107,108.hot-dog
data/raw/caltech256/256_ObjectCategories/108.hot-dog/108_0032.jpg,107,108.hot-dog
data/raw/caltech256/256_ObjectCategories/108.hot-dog/108_0018.jpg,107,108.hot-dog
data/raw/caltech256/256_ObjectCategories/108.hot-dog/108_0048.jpg,107,108.hot-dog
data/raw/caltech256/256_ObjectCategories/108.hot-dog/108_0038.jpg,107,108.hot-dog
data/raw/caltech256/256_ObjectCategories/108.hot-dog/108_0040.jpg,107,108.hot-dog
data/raw/caltech256/256_ObjectCategories/108.hot-dog/108_0079.jpg,107,108.hot-dog
data/raw/caltech256/256_ObjectCategories/108.hot-dog/108_0001.jpg,107,108.hot-dog
data/raw/caltech256/256_ObjectCategories/108.hot-dog/108_0036.jpg,107,108.hot-dog
data/raw/caltech256/256_ObjectCategories/108.hot-dog/108_0073.jpg,107,108.hot-dog
data/raw/caltech256/256_ObjectCategories/108.hot-dog/108_0046.jpg,107,108.hot-dog
data/raw/caltech256/256_ObjectCategories/108.hot-dog/108_0033.jpg,107,108.hot-dog
data/raw/caltech256/256_ObjectCategories/108.hot-dog/108_0071.jpg,107,108.hot-dog
data/raw/caltech256/256_ObjectCategories/109.hot-tub/109_0010.jpg,108,109.hot-tub
data/raw/caltech256/256_ObjectCategories/109.hot-tub/109_0029.jpg,108,109.hot-tub
data/raw/caltech256/256_ObjectCategories/109.hot-tub/109_0013.jpg,108,109.hot-tub
data/raw/caltech256/256_ObjectCategories/109.hot-tub/109_0086.jpg,108,109.hot-tub
data/raw/caltech256/256_ObjectCategories/109.hot-tub/109_0106.jpg,108,109.hot-tub
data/raw/caltech256/256_ObjectCategories/109.hot-tub/109_0098.jpg,108,109.hot-tub
data/raw/caltech256/256_ObjectCategories/109.hot-tub/109_0093.jpg,108,109.hot-tub
data/raw/caltech256/256_ObjectCategories/109.hot-tub/109_0037.jpg,108,109.hot-tub
data/raw/caltech256/256_ObjectCategories/109.hot-tub/109_0021.jpg,108,109.hot-tub
data/raw/caltech256/256_ObjectCategories/109.hot-tub/109_0036.jpg,108,109.hot-tub
data/raw/caltech256/256_ObjectCategories/109.hot-tub/109_0096.jpg,108,109.hot-tub
data/raw/caltech256/256_ObjectCategories/109.hot-tub/109_0102.jpg,108,109.hot-tub
data/raw/caltech256/256_ObjectCategories/109.hot-tub/109_0108.jpg,108,109.hot-tub
data/raw/caltech256/256_ObjectCategories/109.hot-tub/109_0018.jpg,108,109.hot-tub
data/raw/caltech256/256_ObjectCategories/109.hot-tub/109_0046.jpg,108,109.hot-tub
data/raw/caltech256/256_ObjectCategories/109.hot-tub/109_0061.jpg,108,109.hot-tub
data/raw/caltech256/256_ObjectCategories/109.hot-tub/109_0092.jpg,108,109.hot-tub
data/raw/caltech256/256_ObjectCategories/109.hot-tub/109_0042.jpg,108,109.hot-tub
data/raw/caltech256/256_ObjectCategories/109.hot-tub/109_0072.jpg,108,109.hot-tub
data/raw/caltech256/256_ObjectCategories/109.hot-tub/109_0156.jpg,108,109.hot-tub
data/raw/caltech256/256_ObjectCategories/109.hot-tub/109_0011.jpg,108,109.hot-tub
data/raw/caltech256/256_ObjectCategories/109.hot-tub/109_0085.jpg,108,109.hot-tub
data/raw/caltech256/256_ObjectCategories/109.hot-tub/109_0051.jpg,108,109.hot-tub
data/raw/caltech256/256_ObjectCategories/109.hot-tub/109_0135.jpg,108,109.hot-tub
data/raw/caltech256/256_ObjectCategories/109.hot-tub/109_0012.jpg,108,109.hot-tub
data/raw/caltech256/256_ObjectCategories/109.hot-tub/109_0019.jpg,108,109.hot-tub
data/raw/caltech256/256_ObjectCategories/109.hot-tub/109_0064.jpg,108,109.hot-tub
data/raw/caltech256/256_ObjectCategories/109.hot-tub/109_0089.jpg,108,109.hot-tub
data/raw/caltech256/256_ObjectCategories/109.hot-tub/109_0057.jpg,108,109.hot-tub
data/raw/caltech256/256_ObjectCategories/109.hot-tub/109_0055.jpg,108,109.hot-tub
data/raw/caltech256/256_ObjectCategories/109.hot-tub/109_0103.jpg,108,109.hot-tub
data/raw/caltech256/256_ObjectCategories/109.hot-tub/109_0066.jpg,108,109.hot-tub
data/raw/caltech256/256_ObjectCategories/109.hot-tub/109_0045.jpg,108,109.hot-tub
data/raw/caltech256/256_ObjectCategories/109.hot-tub/109_0026.jpg,108,109.hot-tub
data/raw/caltech256/256_ObjectCategories/109.hot-tub/109_0150.jpg,108,109.hot-tub
data/raw/caltech256/256_ObjectCategories/109.hot-tub/109_0097.jpg,108,109.hot-tub
data/raw/caltech256/256_ObjectCategories/109.hot-tub/109_0005.jpg,108,109.hot-tub
data/raw/caltech256/256_ObjectCategories/109.hot-tub/109_0024.jpg,108,109.hot-tub
data/raw/caltech256/256_ObjectCategories/109.hot-tub/109_0017.jpg,108,109.hot-tub
data/raw/caltech256/256_ObjectCategories/109.hot-tub/109_0016.jpg,108,109.hot-tub
data/raw/caltech256/256_ObjectCategories/109.hot-tub/109_0126.jpg,108,109.hot-tub
data/raw/caltech256/256_ObjectCategories/109.hot-tub/109_0141.jpg,108,109.hot-tub
data/raw/caltech256/256_ObjectCategories/109.hot-tub/109_0090.jpg,108,109.hot-tub
data/raw/caltech256/256_ObjectCategories/109.hot-tub/109_0121.jpg,108,109.hot-tub
data/raw/caltech256/256_ObjectCategories/109.hot-tub/109_0130.jpg,108,109.hot-tub
data/raw/caltech256/256_ObjectCategories/109.hot-tub/109_0056.jpg,108,109.hot-tub
data/raw/caltech256/256_ObjectCategories/109.hot-tub/109_0074.jpg,108,109.hot-tub
data/raw/caltech256/256_ObjectCategories/109.hot-tub/109_0034.jpg,108,109.hot-tub
data/raw/caltech256/256_ObjectCategories/109.hot-tub/109_0071.jpg,108,109.hot-tub
data/raw/caltech256/256_ObjectCategories/109.hot-tub/109_0009.jpg,108,109.hot-tub
data/raw/caltech256/256_ObjectCategories/109.hot-tub/109_0033.jpg,108,109.hot-tub
data/raw/caltech256/256_ObjectCategories/109.hot-tub/109_0076.jpg,108,109.hot-tub
data/raw/caltech256/256_ObjectCategories/109.hot-tub/109_0131.jpg,108,109.hot-tub
data/raw/caltech256/256_ObjectCategories/109.hot-tub/109_0154.jpg,108,109.hot-tub
data/raw/caltech256/256_ObjectCategories/109.hot-tub/109_0006.jpg,108,109.hot-tub
data/raw/caltech256/256_ObjectCategories/110.hourglass/110_0061.jpg,109,110.hourglass
data/raw/caltech256/256_ObjectCategories/110.hourglass/110_0009.jpg,109,110.hourglass
data/raw/caltech256/256_ObjectCategories/110.hourglass/110_0056.jpg,109,110.hourglass
data/raw/caltech256/256_ObjectCategories/110.hourglass/110_0004.jpg,109,110.hourglass
data/raw/caltech256/256_ObjectCategories/110.hourglass/110_0051.jpg,109,110.hourglass
data/raw/caltech256/256_ObjectCategories/110.hourglass/110_0053.jpg,109,110.hourglass
data/raw/caltech256/256_ObjectCategories/110.hourglass/110_0031.jpg,109,110.hourglass
data/raw/caltech256/256_ObjectCategories/110.hourglass/110_0063.jpg,109,110.hourglass
data/raw/caltech256/256_ObjectCategories/110.hourglass/110_0066.jpg,109,110.hourglass
data/raw/caltech256/256_ObjectCategories/110.hourglass/110_0071.jpg,109,110.hourglass
data/raw/caltech256/256_ObjectCategories/110.hourglass/110_0050.jpg,109,110.hourglass
data/raw/caltech256/256_ObjectCategories/110.hourglass/110_0020.jpg,109,110.hourglass
data/raw/caltech256/256_ObjectCategories/110.hourglass/110_0025.jpg,109,110.hourglass
data/raw/caltech256/256_ObjectCategories/110.hourglass/110_0078.jpg,109,110.hourglass
data/raw/caltech256/256_ObjectCategories/110.hourglass/110_0008.jpg,109,110.hourglass
data/raw/caltech256/256_ObjectCategories/110.hourglass/110_0010.jpg,109,110.hourglass
data/raw/caltech256/256_ObjectCategories/110.hourglass/110_0034.jpg,109,110.hourglass
data/raw/caltech256/256_ObjectCategories/110.hourglass/110_0032.jpg,109,110.hourglass
data/raw/caltech256/256_ObjectCategories/110.hourglass/110_0041.jpg,109,110.hourglass
data/raw/caltech256/256_ObjectCategories/110.hourglass/110_0029.jpg,109,110.hourglass
data/raw/caltech256/256_ObjectCategories/110.hourglass/110_0059.jpg,109,110.hourglass
data/raw/caltech256/256_ObjectCategories/110.hourglass/110_0043.jpg,109,110.hourglass
data/raw/caltech256/256_ObjectCategories/110.hourglass/110_0022.jpg,109,110.hourglass
data/raw/caltech256/256_ObjectCategories/110.hourglass/110_0015.jpg,109,110.hourglass
data/raw/caltech256/256_ObjectCategories/110.hourglass/110_0079.jpg,109,110.hourglass
data/raw/caltech256/256_ObjectCategories/110.hourglass/110_0007.jpg,109,110.hourglass
data/raw/caltech256/256_ObjectCategories/110.hourglass/110_0080.jpg,109,110.hourglass
data/raw/caltech256/256_ObjectCategories/110.hourglass/110_0069.jpg,109,110.hourglass
data/raw/caltech256/256_ObjectCategories/110.hourglass/110_0060.jpg,109,110.hourglass
data/raw/caltech256/256_ObjectCategories/110.hourglass/110_0042.jpg,109,110.hourglass
data/raw/caltech256/256_ObjectCategories/111.house-fly/111_0033.jpg,110,111.house-fly
data/raw/caltech256/256_ObjectCategories/111.house-fly/111_0051.jpg,110,111.house-fly
data/raw/caltech256/256_ObjectCategories/111.house-fly/111_0009.jpg,110,111.house-fly
data/raw/caltech256/256_ObjectCategories/111.house-fly/111_0075.jpg,110,111.house-fly
data/raw/caltech256/256_ObjectCategories/111.house-fly/111_0031.jpg,110,111.house-fly
data/raw/caltech256/256_ObjectCategories/111.house-fly/111_0025.jpg,110,111.house-fly
data/raw/caltech256/256_ObjectCategories/111.house-fly/111_0019.jpg,110,111.house-fly
data/raw/caltech256/256_ObjectCategories/111.house-fly/111_0003.jpg,110,111.house-fly
data/raw/caltech256/256_ObjectCategories/111.house-fly/111_0071.jpg,110,111.house-fly
data/raw/caltech256/256_ObjectCategories/111.house-fly/111_0029.jpg,110,111.house-fly
data/raw/caltech256/256_ObjectCategories/111.house-fly/111_0055.jpg,110,111.house-fly
data/raw/caltech256/256_ObjectCategories/111.house-fly/111_0053.jpg,110,111.house-fly
data/raw/caltech256/256_ObjectCategories/111.house-fly/111_0014.jpg,110,111.house-fly
data/raw/caltech256/256_ObjectCategories/111.house-fly/111_0083.jpg,110,111.house-fly
data/raw/caltech256/256_ObjectCategories/111.house-fly/111_0076.jpg,110,111.house-fly
data/raw/caltech256/256_ObjectCategories/111.house-fly/111_0028.jpg,110,111.house-fly
data/raw/caltech256/256_ObjectCategories/111.house-fly/111_0030.jpg,110,111.house-fly
data/raw/caltech256/256_ObjectCategories/111.house-fly/111_0084.jpg,110,111.house-fly
data/raw/caltech256/256_ObjectCategories/111.house-fly/111_0008.jpg,110,111.house-fly
data/raw/caltech256/256_ObjectCategories/111.house-fly/111_0070.jpg,110,111.house-fly
data/raw/caltech256/256_ObjectCategories/111.house-fly/111_0063.jpg,110,111.house-fly
data/raw/caltech256/256_ObjectCategories/111.house-fly/111_0012.jpg,110,111.house-fly
data/raw/caltech256/256_ObjectCategories/111.house-fly/111_0027.jpg,110,111.house-fly
data/raw/caltech256/256_ObjectCategories/111.house-fly/111_0062.jpg,110,111.house-fly
data/raw/caltech256/256_ObjectCategories/111.house-fly/111_0061.jpg,110,111.house-fly
data/raw/caltech256/256_ObjectCategories/111.house-fly/111_0021.jpg,110,111.house-fly
data/raw/caltech256/256_ObjectCategories/111.house-fly/111_0004.jpg,110,111.house-fly
data/raw/caltech256/256_ObjectCategories/111.house-fly/111_0066.jpg,110,111.house-fly
data/raw/caltech256/256_ObjectCategories/111.house-fly/111_0072.jpg,110,111.house-fly
data/raw/caltech256/256_ObjectCategories/111.house-fly/111_0020.jpg,110,111.house-fly
data/raw/caltech256/256_ObjectCategories/112.human-skeleton/112_0012.jpg,111,112.human-skeleton
data/raw/caltech256/256_ObjectCategories/112.human-skeleton/112_0063.jpg,111,112.human-skeleton
data/raw/caltech256/256_ObjectCategories/112.human-skeleton/112_0043.jpg,111,112.human-skeleton
data/raw/caltech256/256_ObjectCategories/112.human-skeleton/112_0018.jpg,111,112.human-skeleton
data/raw/caltech256/256_ObjectCategories/112.human-skeleton/112_0036.jpg,111,112.human-skeleton
data/raw/caltech256/256_ObjectCategories/112.human-skeleton/112_0027.jpg,111,112.human-skeleton
data/raw/caltech256/256_ObjectCategories/112.human-skeleton/112_0041.jpg,111,112.human-skeleton
data/raw/caltech256/256_ObjectCategories/112.human-skeleton/112_0016.jpg,111,112.human-skeleton
data/raw/caltech256/256_ObjectCategories/112.human-skeleton/112_0039.jpg,111,112.human-skeleton
data/raw/caltech256/256_ObjectCategories/112.human-skeleton/112_0045.jpg,111,112.human-skeleton
data/raw/caltech256/256_ObjectCategories/112.human-skeleton/112_0004.jpg,111,112.human-skeleton
data/raw/caltech256/256_ObjectCategories/112.human-skeleton/112_0047.jpg,111,112.human-skeleton
data/raw/caltech256/256_ObjectCategories/112.human-skeleton/112_0034.jpg,111,112.human-skeleton
data/raw/caltech256/256_ObjectCategories/112.human-skeleton/112_0037.jpg,111,112.human-skeleton
data/raw/caltech256/256_ObjectCategories/112.human-skeleton/112_0076.jpg,111,112.human-skeleton
data/raw/caltech256/256_ObjectCategories/112.human-skeleton/112_0065.jpg,111,112.human-skeleton
data/raw/caltech256/256_ObjectCategories/112.human-skeleton/112_0033.jpg,111,112.human-skeleton
data/raw/caltech256/256_ObjectCategories/112.human-skeleton/112_0003.jpg,111,112.human-skeleton
data/raw/caltech256/256_ObjectCategories/112.human-skeleton/112_0061.jpg,111,112.human-skeleton
data/raw/caltech256/256_ObjectCategories/112.human-skeleton/112_0024.jpg,111,112.human-skeleton
data/raw/caltech256/256_ObjectCategories/112.human-skeleton/112_0030.jpg,111,112.human-skeleton
data/raw/caltech256/256_ObjectCategories/112.human-skeleton/112_0048.jpg,111,112.human-skeleton
data/raw/caltech256/256_ObjectCategories/112.human-skeleton/112_0002.jpg,111,112.human-skeleton
data/raw/caltech256/256_ObjectCategories/112.human-skeleton/112_0080.jpg,111,112.human-skeleton
data/raw/caltech256/256_ObjectCategories/112.human-skeleton/112_0023.jpg,111,112.human-skeleton
data/raw/caltech256/256_ObjectCategories/112.human-skeleton/112_0005.jpg,111,112.human-skeleton
data/raw/caltech256/256_ObjectCategories/112.human-skeleton/112_0057.jpg,111,112.human-skeleton
data/raw/caltech256/256_ObjectCategories/112.human-skeleton/112_0021.jpg,111,112.human-skeleton
data/raw/caltech256/256_ObjectCategories/112.human-skeleton/112_0066.jpg,111,112.human-skeleton
data/raw/caltech256/256_ObjectCategories/112.human-skeleton/112_0028.jpg,111,112.human-skeleton
data/raw/caltech256/256_ObjectCategories/113.hummingbird/113_0049.jpg,112,113.hummingbird
data/raw/caltech256/256_ObjectCategories/113.hummingbird/113_0106.jpg,112,113.hummingbird
data/raw/caltech256/256_ObjectCategories/113.hummingbird/113_0105.jpg,112,113.hummingbird
data/raw/caltech256/256_ObjectCategories/113.hummingbird/113_0063.jpg,112,113.hummingbird
data/raw/caltech256/256_ObjectCategories/113.hummingbird/113_0031.jpg,112,113.hummingbird
data/raw/caltech256/256_ObjectCategories/113.hummingbird/113_0035.jpg,112,113.hummingbird
data/raw/caltech256/256_ObjectCategories/113.hummingbird/113_0003.jpg,112,113.hummingbird
data/raw/caltech256/256_ObjectCategories/113.hummingbird/113_0004.jpg,112,113.hummingbird
data/raw/caltech256/256_ObjectCategories/113.hummingbird/113_0044.jpg,112,113.hummingbird
data/raw/caltech256/256_ObjectCategories/113.hummingbird/113_0001.jpg,112,113.hummingbird
data/raw/caltech256/256_ObjectCategories/113.hummingbird/113_0024.jpg,112,113.hummingbird
data/raw/caltech256/256_ObjectCategories/113.hummingbird/113_0037.jpg,112,113.hummingbird
data/raw/caltech256/256_ObjectCategories/113.hummingbird/113_0077.jpg,112,113.hummingbird
data/raw/caltech256/256_ObjectCategories/113.hummingbird/113_0043.jpg,112,113.hummingbird
data/raw/caltech256/256_ObjectCategories/113.hummingbird/113_0006.jpg,112,113.hummingbird
data/raw/caltech256/256_ObjectCategories/113.hummingbird/113_0029.jpg,112,113.hummingbird
data/raw/caltech256/256_ObjectCategories/113.hummingbird/113_0102.jpg,112,113.hummingbird
data/raw/caltech256/256_ObjectCategories/113.hummingbird/113_0116.jpg,112,113.hummingbird
data/raw/caltech256/256_ObjectCategories/113.hummingbird/113_0091.jpg,112,113.hummingbird
data/raw/caltech256/256_ObjectCategories/113.hummingbird/113_0070.jpg,112,113.hummingbird
data/raw/caltech256/256_ObjectCategories/113.hummingbird/113_0027.jpg,112,113.hummingbird
data/raw/caltech256/256_ObjectCategories/113.hummingbird/113_0010.jpg,112,113.hummingbird
data/raw/caltech256/256_ObjectCategories/113.hummingbird/113_0108.jpg,112,113.hummingbird
data/raw/caltech256/256_ObjectCategories/113.hummingbird/113_0075.jpg,112,113.hummingbird
data/raw/caltech256/256_ObjectCategories/113.hummingbird/113_0093.jpg,112,113.hummingbird
data/raw/caltech256/256_ObjectCategories/113.hummingbird/113_0087.jpg,112,113.hummingbird
data/raw/caltech256/256_ObjectCategories/113.hummingbird/113_0067.jpg,112,113.hummingbird
data/raw/caltech256/256_ObjectCategories/113.hummingbird/113_0083.jpg,112,113.hummingbird
data/raw/caltech256/256_ObjectCategories/113.hummingbird/113_0005.jpg,112,113.hummingbird
data/raw/caltech256/256_ObjectCategories/113.hummingbird/113_0109.jpg,112,113.hummingbird
data/raw/caltech256/256_ObjectCategories/113.hummingbird/113_0084.jpg,112,113.hummingbird
data/raw/caltech256/256_ObjectCategories/113.hummingbird/113_0111.jpg,112,113.hummingbird
data/raw/caltech256/256_ObjectCategories/113.hummingbird/113_0113.jpg,112,113.hummingbird
data/raw/caltech256/256_ObjectCategories/113.hummingbird/113_0022.jpg,112,113.hummingbird
data/raw/caltech256/256_ObjectCategories/113.hummingbird/113_0085.jpg,112,113.hummingbird
data/raw/caltech256/256_ObjectCategories/113.hummingbird/113_0039.jpg,112,113.hummingbird
data/raw/caltech256/256_ObjectCategories/113.hummingbird/113_0050.jpg,112,113.hummingbird
data/raw/caltech256/256_ObjectCategories/113.hummingbird/113_0115.jpg,112,113.hummingbird
data/raw/caltech256/256_ObjectCategories/113.hummingbird/113_0048.jpg,112,113.hummingbird
data/raw/caltech256/256_ObjectCategories/113.hummingbird/113_0062.jpg,112,113.hummingbird
data/raw/caltech256/256_ObjectCategories/113.hummingbird/113_0104.jpg,112,113.hummingbird
data/raw/caltech256/256_ObjectCategories/114.ibis-101/114_0095.jpg,113,114.ibis-101
data/raw/caltech256/256_ObjectCategories/114.ibis-101/114_0077.jpg,113,114.ibis-101
data/raw/caltech256/256_ObjectCategories/114.ibis-101/114_0092.jpg,113,114.ibis-101
data/raw/caltech256/256_ObjectCategories/114.ibis-101/114_0013.jpg,113,114.ibis-101
data/raw/caltech256/256_ObjectCategories/114.ibis-101/114_0069.jpg,113,114.ibis-101
data/raw/caltech256/256_ObjectCategories/114.ibis-101/114_0088.jpg,113,114.ibis-101
data/raw/caltech256/256_ObjectCategories/114.ibis-101/114_0043.jpg,113,114.ibis-101
data/raw/caltech256/256_ObjectCategories/114.ibis-101/114_0114.jpg,113,114.ibis-101
data/raw/caltech256/256_ObjectCategories/114.ibis-101/114_0036.jpg,113,114.ibis-101
data/raw/caltech256/256_ObjectCategories/114.ibis-101/114_0074.jpg,113,114.ibis-101
data/raw/caltech256/256_ObjectCategories/114.ibis-101/114_0106.jpg,113,114.ibis-101
data/raw/caltech256/256_ObjectCategories/114.ibis-101/114_0066.jpg,113,114.ibis-101
data/raw/caltech256/256_ObjectCategories/114.ibis-101/114_0003.jpg,113,114.ibis-101
data/raw/caltech256/256_ObjectCategories/114.ibis-101/114_0010.jpg,113,114.ibis-101
data/raw/caltech256/256_ObjectCategories/114.ibis-101/114_0042.jpg,113,114.ibis-101
data/raw/caltech256/256_ObjectCategories/114.ibis-101/114_0075.jpg,113,114.ibis-101
data/raw/caltech256/256_ObjectCategories/114.ibis-101/114_0078.jpg,113,114.ibis-101
data/raw/caltech256/256_ObjectCategories/114.ibis-101/114_0016.jpg,113,114.ibis-101
data/raw/caltech256/256_ObjectCategories/114.ibis-101/114_0047.jpg,113,114.ibis-101
data/raw/caltech256/256_ObjectCategories/114.ibis-101/114_0006.jpg,113,114.ibis-101
data/raw/caltech256/256_ObjectCategories/114.ibis-101/114_0001.jpg,113,114.ibis-101
data/raw/caltech256/256_ObjectCategories/114.ibis-101/114_0109.jpg,113,114.ibis-101
data/raw/caltech256/256_ObjectCategories/114.ibis-101/114_0059.jpg,113,114.ibis-101
data/raw/caltech256/256_ObjectCategories/114.ibis-101/114_0094.jpg,113,114.ibis-101
data/raw/caltech256/256_ObjectCategories/114.ibis-101/114_0070.jpg,113,114.ibis-101
data/raw/caltech256/256_ObjectCategories/114.ibis-101/114_0118.jpg,113,114.ibis-101
data/raw/caltech256/256_ObjectCategories/114.ibis-101/114_0011.jpg,113,114.ibis-101
data/raw/caltech256/256_ObjectCategories/114.ibis-101/114_0046.jpg,113,114.ibis-101
data/raw/caltech256/256_ObjectCategories/114.ibis-101/114_0097.jpg,113,114.ibis-101
data/raw/caltech256/256_ObjectCategories/114.ibis-101/114_0113.jpg,113,114.ibis-101
data/raw/caltech256/256_ObjectCategories/114.ibis-101/114_0116.jpg,113,114.ibis-101
data/raw/caltech256/256_ObjectCategories/114.ibis-101/114_0052.jpg,113,114.ibis-101
data/raw/caltech256/256_ObjectCategories/114.ibis-101/114_0018.jpg,113,114.ibis-101
data/raw/caltech256/256_ObjectCategories/114.ibis-101/114_0071.jpg,113,114.ibis-101
data/raw/caltech256/256_ObjectCategories/114.ibis-101/114_0007.jpg,113,114.ibis-101
data/raw/caltech256/256_ObjectCategories/114.ibis-101/114_0058.jpg,113,114.ibis-101
data/raw/caltech256/256_ObjectCategories/114.ibis-101/114_0063.jpg,113,114.ibis-101
data/raw/caltech256/256_ObjectCategories/114.ibis-101/114_0025.jpg,113,114.ibis-101
data/raw/caltech256/256_ObjectCategories/114.ibis-101/114_0119.jpg,113,114.ibis-101
data/raw/caltech256/256_ObjectCategories/114.ibis-101/114_0068.jpg,113,114.ibis-101
data/raw/caltech256/256_ObjectCategories/114.ibis-101/114_0080.jpg,113,114.ibis-101
data/raw/caltech256/256_ObjectCategories/114.ibis-101/114_0107.jpg,113,114.ibis-101
data/raw/caltech256/256_ObjectCategories/115.ice-cream-cone/115_0075.jpg,114,115.ice-cream-cone
data/raw/caltech256/256_ObjectCategories/115.ice-cream-cone/115_0070.jpg,114,115.ice-cream-cone
data/raw/caltech256/256_ObjectCategories/115.ice-cream-cone/115_0028.jpg,114,115.ice-cream-cone
data/raw/caltech256/256_ObjectCategories/115.ice-cream-cone/115_0056.jpg,114,115.ice-cream-cone
data/raw/caltech256/256_ObjectCategories/115.ice-cream-cone/115_0004.jpg,114,115.ice-cream-cone
data/raw/caltech256/256_ObjectCategories/115.ice-cream-cone/115_0077.jpg,114,115.ice-cream-cone
data/raw/caltech256/256_ObjectCategories/115.ice-cream-cone/115_0071.jpg,114,115.ice-cream-cone
data/raw/caltech256/256_ObjectCategories/115.ice-cream-cone/115_0059.jpg,114,115.ice-cream-cone
data/raw/caltech256/256_ObjectCategories/115.ice-cream-cone/115_0062.jpg,114,115.ice-cream-cone
data/raw/caltech256/256_ObjectCategories/115.ice-cream-cone/115_0010.jpg,114,115.ice-cream-cone
data/raw/caltech256/256_ObjectCategories/115.ice-cream-cone/115_0026.jpg,114,115.ice-cream-cone
data/raw/caltech256/256_ObjectCategories/115.ice-cream-cone/115_0003.jpg,114,115.ice-cream-cone
data/raw/caltech256/256_ObjectCategories/115.ice-cream-cone/115_0084.jpg,114,115.ice-cream-cone
data/raw/caltech256/256_ObjectCategories/115.ice-cream-cone/115_0080.jpg,114,115.ice-cream-cone
data/raw/caltech256/256_ObjectCategories/115.ice-cream-cone/115_0037.jpg,114,115.ice-cream-cone
data/raw/caltech256/256_ObjectCategories/115.ice-cream-cone/115_0005.jpg,114,115.ice-cream-cone
data/raw/caltech256/256_ObjectCategories/115.ice-cream-cone/115_0041.jpg,114,115.ice-cream-cone
data/raw/caltech256/256_ObjectCategories/115.ice-cream-cone/115_0035.jpg,114,115.ice-cream-cone
data/raw/caltech256/256_ObjectCategories/115.ice-cream-cone/115_0055.jpg,114,115.ice-cream-cone
data/raw/caltech256/256_ObjectCategories/115.ice-cream-cone/115_0078.jpg,114,115.ice-cream-cone
data/raw/caltech256/256_ObjectCategories/115.ice-cream-cone/115_0073.jpg,114,115.ice-cream-cone
data/raw/caltech256/256_ObjectCategories/115.ice-cream-cone/115_0032.jpg,114,115.ice-cream-cone
data/raw/caltech256/256_ObjectCategories/115.ice-cream-cone/115_0081.jpg,114,115.ice-cream-cone
data/raw/caltech256/256_ObjectCategories/115.ice-cream-cone/115_0065.jpg,114,115.ice-cream-cone
data/raw/caltech256/256_ObjectCategories/115.ice-cream-cone/115_0088.jpg,114,115.ice-cream-cone
data/raw/caltech256/256_ObjectCategories/115.ice-cream-cone/115_0072.jpg,114,115.ice-cream-cone
data/raw/caltech256/256_ObjectCategories/115.ice-cream-cone/115_0064.jpg,114,115.ice-cream-cone
data/raw/caltech256/256_ObjectCategories/115.ice-cream-cone/115_0076.jpg,114,115.ice-cream-cone
data/raw/caltech256/256_ObjectCategories/115.ice-cream-cone/115_0054.jpg,114,115.ice-cream-cone
data/raw/caltech256/256_ObjectCategories/115.ice-cream-cone/115_0025.jpg,114,115.ice-cream-cone
data/raw/caltech256/256_ObjectCategories/115.ice-cream-cone/115_0023.jpg,114,115.ice-cream-cone
data/raw/caltech256/256_ObjectCategories/116.iguana/116_0014.jpg,115,116.iguana
data/raw/caltech256/256_ObjectCategories/116.iguana/116_0062.jpg,115,116.iguana
data/raw/caltech256/256_ObjectCategories/116.iguana/116_0006.jpg,115,116.iguana
data/raw/caltech256/256_ObjectCategories/116.iguana/116_0037.jpg,115,116.iguana
data/raw/caltech256/256_ObjectCategories/116.iguana/116_0021.jpg,115,116.iguana
data/raw/caltech256/256_ObjectCategories/116.iguana/116_0038.jpg,115,116.iguana
data/raw/caltech256/256_ObjectCategories/116.iguana/116_0026.jpg,115,116.iguana
data/raw/caltech256/256_ObjectCategories/116.iguana/116_0025.jpg,115,116.iguana
data/raw/caltech256/256_ObjectCategories/116.iguana/116_0020.jpg,115,116.iguana
data/raw/caltech256/256_ObjectCategories/116.iguana/116_0047.jpg,115,116.iguana
data/raw/caltech256/256_ObjectCategories/116.iguana/116_0099.jpg,115,116.iguana
data/raw/caltech256/256_ObjectCategories/116.iguana/116_0096.jpg,115,116.iguana
data/raw/caltech256/256_ObjectCategories/116.iguana/116_0079.jpg,115,116.iguana
data/raw/caltech256/256_ObjectCategories/116.iguana/116_0042.jpg,115,116.iguana
data/raw/caltech256/256_ObjectCategories/116.iguana/116_0010.jpg,115,116.iguana
data/raw/caltech256/256_ObjectCategories/116.iguana/116_0064.jpg,115,116.iguana
data/raw/caltech256/256_ObjectCategories/116.iguana/116_0090.jpg,115,116.iguana
data/raw/caltech256/256_ObjectCategories/116.iguana/116_0003.jpg,115,116.iguana
data/raw/caltech256/256_ObjectCategories/116.iguana/116_0088.jpg,115,116.iguana
data/raw/caltech256/256_ObjectCategories/116.iguana/116_0028.jpg,115,116.iguana
data/raw/caltech256/256_ObjectCategories/116.iguana/116_0103.jpg,115,116.iguana
data/raw/caltech256/256_ObjectCategories/116.iguana/116_0080.jpg,115,116.iguana
data/raw/caltech256/256_ObjectCategories/116.iguana/116_0007.jpg,115,116.iguana
data/raw/caltech256/256_ObjectCategories/116.iguana/116_0092.jpg,115,116.iguana
data/raw/caltech256/256_ObjectCategories/116.iguana/116_0050.jpg,115,116.iguana
data/raw/caltech256/256_ObjectCategories/116.iguana/116_0068.jpg,115,116.iguana
data/raw/caltech256/256_ObjectCategories/116.iguana/116_0082.jpg,115,116.iguana
data/raw/caltech256/256_ObjectCategories/116.iguana/116_0024.jpg,115,116.iguana
data/raw/caltech256/256_ObjectCategories/116.iguana/116_0089.jpg,115,116.iguana
data/raw/caltech256/256_ObjectCategories/116.iguana/116_0059.jpg,115,116.iguana
data/raw/caltech256/256_ObjectCategories/116.iguana/116_0106.jpg,115,116.iguana
data/raw/caltech256/256_ObjectCategories/116.iguana/116_0035.jpg,115,116.iguana
data/raw/caltech256/256_ObjectCategories/116.iguana/116_0069.jpg,115,116.iguana
data/raw/caltech256/256_ObjectCategories/116.iguana/116_0085.jpg,115,116.iguana
data/raw/caltech256/256_ObjectCategories/116.iguana/116_0049.jpg,115,116.iguana
data/raw/caltech256/256_ObjectCategories/116.iguana/116_0018.jpg,115,116.iguana
data/raw/caltech256/256_ObjectCategories/116.iguana/116_0104.jpg,115,116.iguana
data/raw/caltech256/256_ObjectCategories/116.iguana/116_0013.jpg,115,116.iguana
data/raw/caltech256/256_ObjectCategories/117.ipod/117_0010.jpg,116,117.ipod
data/raw/caltech256/256_ObjectCategories/117.ipod/117_0038.jpg,116,117.ipod
data/raw/caltech256/256_ObjectCategories/117.ipod/117_0055.jpg,116,117.ipod
data/raw/caltech256/256_ObjectCategories/117.ipod/117_0083.jpg,116,117.ipod
data/raw/caltech256/256_ObjectCategories/117.ipod/117_0117.jpg,116,117.ipod
data/raw/caltech256/256_ObjectCategories/117.ipod/117_0104.jpg,116,117.ipod
data/raw/caltech256/256_ObjectCategories/117.ipod/117_0005.jpg,116,117.ipod
data/raw/caltech256/256_ObjectCategories/117.ipod/117_0019.jpg,116,117.ipod
data/raw/caltech256/256_ObjectCategories/117.ipod/117_0069.jpg,116,117.ipod
data/raw/caltech256/256_ObjectCategories/117.ipod/117_0061.jpg,116,117.ipod
data/raw/caltech256/256_ObjectCategories/117.ipod/117_0030.jpg,116,117.ipod
data/raw/caltech256/256_ObjectCategories/117.ipod/117_0033.jpg,116,117.ipod
data/raw/caltech256/256_ObjectCategories/117.ipod/117_0056.jpg,116,117.ipod
data/raw/caltech256/256_ObjectCategories/117.ipod/117_0024.jpg,116,117.ipod
data/raw/caltech256/256_ObjectCategories/117.ipod/117_0072.jpg,116,117.ipod
data/raw/caltech256/256_ObjectCategories/117.ipod/117_0065.jpg,116,117.ipod
data/raw/caltech256/256_ObjectCategories/117.ipod/117_0021.jpg,116,117.ipod
data/raw/caltech256/256_ObjectCategories/117.ipod/117_0026.jpg,116,117.ipod
data/raw/caltech256/256_ObjectCategories/117.ipod/117_0018.jpg,116,117.ipod
data/raw/caltech256/256_ObjectCategories/117.ipod/117_0051.jpg,116,117.ipod
data/raw/caltech256/256_ObjectCategories/117.ipod/117_0040.jpg,116,117.ipod
data/raw/caltech256/256_ObjectCategories/117.ipod/117_0073.jpg,116,117.ipod
data/raw/caltech256/256_ObjectCategories/117.ipod/117_0029.jpg,116,117.ipod
data/raw/caltech256/256_ObjectCategories/117.ipod/117_0046.jpg,116,117.ipod
data/raw/caltech256/256_ObjectCategories/117.ipod/117_0001.jpg,116,117.ipod
data/raw/caltech256/256_ObjectCategories/117.ipod/117_0101.jpg,116,117.ipod
data/raw/caltech256/256_ObjectCategories/117.ipod/117_0008.jpg,116,117.ipod
data/raw/caltech256/256_ObjectCategories/117.ipod/117_0062.jpg,116,117.ipod
data/raw/caltech256/256_ObjectCategories/117.ipod/117_0059.jpg,116,117.ipod
data/raw/caltech256/256_ObjectCategories/117.ipod/117_0036.jpg,116,117.ipod
data/raw/caltech256/256_ObjectCategories/117.ipod/117_0114.jpg,116,117.ipod
data/raw/caltech256/256_ObjectCategories/117.ipod/117_0014.jpg,116,117.ipod
data/raw/caltech256/256_ObjectCategories/117.ipod/117_0109.jpg,116,117.ipod
data/raw/caltech256/256_ObjectCategories/117.ipod/117_0037.jpg,116,117.ipod
data/raw/caltech256/256_ObjectCategories/117.ipod/117_0034.jpg,116,117.ipod
data/raw/caltech256/256_ObjectCategories/117.ipod/117_0067.jpg,116,117.ipod
data/raw/caltech256/256_ObjectCategories/117.ipod/117_0049.jpg,116,117.ipod
data/raw/caltech256/256_ObjectCategories/117.ipod/117_0020.jpg,116,117.ipod
data/raw/caltech256/256_ObjectCategories/117.ipod/117_0089.jpg,116,117.ipod
data/raw/caltech256/256_ObjectCategories/117.ipod/117_0045.jpg,116,117.ipod
data/raw/caltech256/256_ObjectCategories/117.ipod/117_0058.jpg,116,117.ipod
data/raw/caltech256/256_ObjectCategories/117.ipod/117_0044.jpg,116,117.ipod
data/raw/caltech256/256_ObjectCategories/117.ipod/117_0032.jpg,116,117.ipod
data/raw/caltech256/256_ObjectCategories/118.iris/118_0017.jpg,117,118.iris
data/raw/caltech256/256_ObjectCategories/118.iris/118_0104.jpg,117,118.iris
data/raw/caltech256/256_ObjectCategories/118.iris/118_0070.jpg,117,118.iris
data/raw/caltech256/256_ObjectCategories/118.iris/118_0032.jpg,117,118.iris
data/raw/caltech256/256_ObjectCategories/118.iris/118_0097.jpg,117,118.iris
data/raw/caltech256/256_ObjectCategories/118.iris/118_0010.jpg,117,118.iris
data/raw/caltech256/256_ObjectCategories/118.iris/118_0056.jpg,117,118.iris
data/raw/caltech256/256_ObjectCategories/118.iris/118_0065.jpg,117,118.iris
data/raw/caltech256/256_ObjectCategories/118.iris/118_0083.jpg,117,118.iris
data/raw/caltech256/256_ObjectCategories/118.iris/118_0102.jpg,117,118.iris
data/raw/caltech256/256_ObjectCategories/118.iris/118_0041.jpg,117,118.iris
data/raw/caltech256/256_ObjectCategories/118.iris/118_0093.jpg,117,118.iris
data/raw/caltech256/256_ObjectCategories/118.iris/118_0025.jpg,117,118.iris
data/raw/caltech256/256_ObjectCategories/118.iris/118_0006.jpg,117,118.iris
data/raw/caltech256/256_ObjectCategories/118.iris/118_0050.jpg,117,118.iris
data/raw/caltech256/256_ObjectCategories/118.iris/118_0004.jpg,117,118.iris
data/raw/caltech256/256_ObjectCategories/118.iris/118_0054.jpg,117,118.iris
data/raw/caltech256/256_ObjectCategories/118.iris/118_0029.jpg,117,118.iris
data/raw/caltech256/256_ObjectCategories/118.iris/118_0100.jpg,117,118.iris
data/raw/caltech256/256_ObjectCategories/118.iris/118_0014.jpg,117,118.iris
data/raw/caltech256/256_ObjectCategories/118.iris/118_0046.jpg,117,118.iris
data/raw/caltech256/256_ObjectCategories/118.iris/118_0072.jpg,117,118.iris
data/raw/caltech256/256_ObjectCategories/118.iris/118_0013.jpg,117,118.iris
data/raw/caltech256/256_ObjectCategories/118.iris/118_0016.jpg,117,118.iris
data/raw/caltech256/256_ObjectCategories/118.iris/118_0033.jpg,117,118.iris
data/raw/caltech256/256_ObjectCategories/118.iris/118_0076.jpg,117,118.iris
data/raw/caltech256/256_ObjectCategories/118.iris/118_0059.jpg,117,118.iris
data/raw/caltech256/256_ObjectCategories/118.iris/118_0064.jpg,117,118.iris
data/raw/caltech256/256_ObjectCategories/118.iris/118_0095.jpg,117,118.iris
data/raw/caltech256/256_ObjectCategories/118.iris/118_0067.jpg,117,118.iris
data/raw/caltech256/256_ObjectCategories/118.iris/118_0003.jpg,117,118.iris
data/raw/caltech256/256_ObjectCategories/118.iris/118_0024.jpg,117,118.iris
data/raw/caltech256/256_ObjectCategories/118.iris/118_0060.jpg,117,118.iris
data/raw/caltech256/256_ObjectCategories/118.iris/118_0001.jpg,117,118.iris
data/raw/caltech256/256_ObjectCategories/118.iris/118_0073.jpg,117,118.iris
data/raw/caltech256/256_ObjectCategories/118.iris/118_0069.jpg,117,118.iris
data/raw/caltech256/256_ObjectCategories/118.iris/118_0090.jpg,117,118.iris
data/raw/caltech256/256_ObjectCategories/118.iris/118_0009.jpg,117,118.iris
data/raw/caltech256/256_ObjectCategories/119.jesus-christ/119_0025.jpg,118,119.jesus-christ
data/raw/caltech256/256_ObjectCategories/119.jesus-christ/119_0023.jpg,118,119.jesus-christ
data/raw/caltech256/256_ObjectCategories/119.jesus-christ/119_0029.jpg,118,119.jesus-christ
data/raw/caltech256/256_ObjectCategories/119.jesus-christ/119_0004.jpg,118,119.jesus-christ
data/raw/caltech256/256_ObjectCategories/119.jesus-christ/119_0010.jpg,118,119.jesus-christ
data/raw/caltech256/256_ObjectCategories/119.jesus-christ/119_0085.jpg,118,119.jesus-christ
data/raw/caltech256/256_ObjectCategories/119.jesus-christ/119_0076.jpg,118,119.jesus-christ
data/raw/caltech256/256_ObjectCategories/119.jesus-christ/119_0034.jpg,118,119.jesus-christ
data/raw/caltech256/256_ObjectCategories/119.jesus-christ/119_0020.jpg,118,119.jesus-christ
data/raw/caltech256/256_ObjectCategories/119.jesus-christ/119_0007.jpg,118,119.jesus-christ
data/raw/caltech256/256_ObjectCategories/119.jesus-christ/119_0074.jpg,118,119.jesus-christ
data/raw/caltech256/256_ObjectCategories/119.jesus-christ/119_0035.jpg,118,119.jesus-christ
data/raw/caltech256/256_ObjectCategories/119.jesus-christ/119_0073.jpg,118,119.jesus-christ
data/raw/caltech256/256_ObjectCategories/119.jesus-christ/119_0066.jpg,118,119.jesus-christ
data/raw/caltech256/256_ObjectCategories/119.jesus-christ/119_0001.jpg,118,119.jesus-christ
data/raw/caltech256/256_ObjectCategories/119.jesus-christ/119_0059.jpg,118,119.jesus-christ
data/raw/caltech256/256_ObjectCategories/119.jesus-christ/119_0069.jpg,118,119.jesus-christ
data/raw/caltech256/256_ObjectCategories/119.jesus-christ/119_0031.jpg,118,119.jesus-christ
data/raw/caltech256/256_ObjectCategories/119.jesus-christ/119_0075.jpg,118,119.jesus-christ
data/raw/caltech256/256_ObjectCategories/119.jesus-christ/119_0048.jpg,118,119.jesus-christ
data/raw/caltech256/256_ObjectCategories/119.jesus-christ/119_0040.jpg,118,119.jesus-christ
data/raw/caltech256/256_ObjectCategories/119.jesus-christ/119_0018.jpg,118,119.jesus-christ
data/raw/caltech256/256_ObjectCategories/119.jesus-christ/119_0072.jpg,118,119.jesus-christ
data/raw/caltech256/256_ObjectCategories/119.jesus-christ/119_0006.jpg,118,119.jesus-christ
data/raw/caltech256/256_ObjectCategories/119.jesus-christ/119_0068.jpg,118,119.jesus-christ
data/raw/caltech256/256_ObjectCategories/119.jesus-christ/119_0017.jpg,118,119.jesus-christ
data/raw/caltech256/256_ObjectCategories/119.jesus-christ/119_0027.jpg,118,119.jesus-christ
data/raw/caltech256/256_ObjectCategories/119.jesus-christ/119_0043.jpg,118,119.jesus-christ
data/raw/caltech256/256_ObjectCategories/119.jesus-christ/119_0002.jpg,118,119.jesus-christ
data/raw/caltech256/256_ObjectCategories/119.jesus-christ/119_0055.jpg,118,119.jesus-christ
data/raw/caltech256/256_ObjectCategories/119.jesus-christ/119_0045.jpg,118,119.jesus-christ
data/raw/caltech256/256_ObjectCategories/120.joy-stick/120_0030.jpg,119,120.joy-stick
data/raw/caltech256/256_ObjectCategories/120.joy-stick/120_0128.jpg,119,120.joy-stick
data/raw/caltech256/256_ObjectCategories/120.joy-stick/120_0097.jpg,119,120.joy-stick
data/raw/caltech256/256_ObjectCategories/120.joy-stick/120_0062.jpg,119,120.joy-stick
data/raw/caltech256/256_ObjectCategories/120.joy-stick/120_0115.jpg,119,120.joy-stick
data/raw/caltech256/256_ObjectCategories/120.joy-stick/120_0063.jpg,119,120.joy-stick
data/raw/caltech256/256_ObjectCategories/120.joy-stick/120_0102.jpg,119,120.joy-stick
data/raw/caltech256/256_ObjectCategories/120.joy-stick/120_0008.jpg,119,120.joy-stick
data/raw/caltech256/256_ObjectCategories/120.joy-stick/120_0065.jpg,119,120.joy-stick
data/raw/caltech256/256_ObjectCategories/120.joy-stick/120_0093.jpg,119,120.joy-stick
data/raw/caltech256/256_ObjectCategories/120.joy-stick/120_0009.jpg,119,120.joy-stick
data/raw/caltech256/256_ObjectCategories/120.joy-stick/120_0053.jpg,119,120.joy-stick
data/raw/caltech256/256_ObjectCategories/120.joy-stick/120_0020.jpg,119,120.joy-stick
data/raw/caltech256/256_ObjectCategories/120.joy-stick/120_0100.jpg,119,120.joy-stick
data/raw/caltech256/256_ObjectCategories/120.joy-stick/120_0081.jpg,119,120.joy-stick
data/raw/caltech256/256_ObjectCategories/120.joy-stick/120_0050.jpg,119,120.joy-stick
data/raw/caltech256/256_ObjectCategories/120.joy-stick/120_0029.jpg,119,120.joy-stick
data/raw/caltech256/256_ObjectCategories/120.joy-stick/120_0013.jpg,119,120.joy-stick
data/raw/caltech256/256_ObjectCategories/120.joy-stick/120_0118.jpg,119,120.joy-stick
data/raw/caltech256/256_ObjectCategories/120.joy-stick/120_0056.jpg,119,120.joy-stick
data/raw/caltech256/256_ObjectCategories/120.joy-stick/120_0068.jpg,119,120.joy-stick
data/raw/caltech256/256_ObjectCategories/120.joy-stick/120_0024.jpg,119,120.joy-stick
data/raw/caltech256/256_ObjectCategories/120.joy-stick/120_0078.jpg,119,120.joy-stick
data/raw/caltech256/256_ObjectCategories/120.joy-stick/120_0127.jpg,119,120.joy-stick
data/raw/caltech256/256_ObjectCategories/120.joy-stick/120_0006.jpg,119,120.joy-stick
data/raw/caltech256/256_ObjectCategories/120.joy-stick/120_0026.jpg,119,120.joy-stick
data/raw/caltech256/256_ObjectCategories/120.joy-stick/120_0035.jpg,119,120.joy-stick
data/raw/caltech256/256_ObjectCategories/120.joy-stick/120_0067.jpg,119,120.joy-stick
data/raw/caltech256/256_ObjectCategories/120.joy-stick/120_0060.jpg,119,120.joy-stick
data/raw/caltech256/256_ObjectCategories/120.joy-stick/120_0012.jpg,119,120.joy-stick
data/raw/caltech256/256_ObjectCategories/120.joy-stick/120_0085.jpg,119,120.joy-stick
data/raw/caltech256/256_ObjectCategories/120.joy-stick/120_0125.jpg,119,120.joy-stick
data/raw/caltech256/256_ObjectCategories/120.joy-stick/120_0001.jpg,119,120.joy-stick
data/raw/caltech256/256_ObjectCategories/120.joy-stick/120_0090.jpg,119,120.joy-stick
data/raw/caltech256/256_ObjectCategories/120.joy-stick/120_0111.jpg,119,120.joy-stick
data/raw/caltech256/256_ObjectCategories/120.joy-stick/120_0048.jpg,119,120.joy-stick
data/raw/caltech256/256_ObjectCategories/120.joy-stick/120_0041.jpg,119,120.joy-stick
data/raw/caltech256/256_ObjectCategories/120.joy-stick/120_0074.jpg,119,120.joy-stick
data/raw/caltech256/256_ObjectCategories/120.joy-stick/120_0105.jpg,119,120.joy-stick
data/raw/caltech256/256_ObjectCategories/120.joy-stick/120_0130.jpg,119,120.joy-stick
data/raw/caltech256/256_ObjectCategories/120.joy-stick/120_0027.jpg,119,120.joy-stick
data/raw/caltech256/256_ObjectCategories/120.joy-stick/120_0089.jpg,119,120.joy-stick
data/raw/caltech256/256_ObjectCategories/120.joy-stick/120_0076.jpg,119,120.joy-stick
data/raw/caltech256/256_ObjectCategories/120.joy-stick/120_0121.jpg,119,120.joy-stick
data/raw/caltech256/256_ObjectCategories/120.joy-stick/120_0036.jpg,119,120.joy-stick
data/raw/caltech256/256_ObjectCategories/120.joy-stick/120_0043.jpg,119,120.joy-stick
data/raw/caltech256/256_ObjectCategories/121.kangaroo-101/121_0049.jpg,120,121.kangaroo-101
data/raw/caltech256/256_ObjectCategories/121.kangaroo-101/121_0070.jpg,120,121.kangaroo-101
data/raw/caltech256/256_ObjectCategories/121.kangaroo-101/121_0031.jpg,120,121.kangaroo-101
data/raw/caltech256/256_ObjectCategories/121.kangaroo-101/121_0064.jpg,120,121.kangaroo-101
data/raw/caltech256/256_ObjectCategories/121.kangaroo-101/121_0063.jpg,120,121.kangaroo-101
data/raw/caltech256/256_ObjectCategories/121.kangaroo-101/121_0015.jpg,120,121.kangaroo-101
data/raw/caltech256/256_ObjectCategories/121.kangaroo-101/121_0032.jpg,120,121.kangaroo-101
data/raw/caltech256/256_ObjectCategories/121.kangaroo-101/121_0060.jpg,120,121.kangaroo-101
data/raw/caltech256/256_ObjectCategories/121.kangaroo-101/121_0052.jpg,120,121.kangaroo-101
data/raw/caltech256/256_ObjectCategories/121.kangaroo-101/121_0030.jpg,120,121.kangaroo-101
data/raw/caltech256/256_ObjectCategories/121.kangaroo-101/121_0018.jpg,120,121.kangaroo-101
data/raw/caltech256/256_ObjectCategories/121.kangaroo-101/121_0012.jpg,120,121.kangaroo-101
data/raw/caltech256/256_ObjectCategories/121.kangaroo-101/121_0010.jpg,120,121.kangaroo-101
data/raw/caltech256/256_ObjectCategories/121.kangaroo-101/121_0025.jpg,120,121.kangaroo-101
data/raw/caltech256/256_ObjectCategories/121.kangaroo-101/121_0037.jpg,120,121.kangaroo-101
data/raw/caltech256/256_ObjectCategories/121.kangaroo-101/121_0038.jpg,120,121.kangaroo-101
data/raw/caltech256/256_ObjectCategories/121.kangaroo-101/121_0074.jpg,120,121.kangaroo-101
data/raw/caltech256/256_ObjectCategories/121.kangaroo-101/121_0066.jpg,120,121.kangaroo-101
data/raw/caltech256/256_ObjectCategories/121.kangaroo-101/121_0042.jpg,120,121.kangaroo-101
data/raw/caltech256/256_ObjectCategories/121.kangaroo-101/121_0079.jpg,120,121.kangaroo-101
data/raw/caltech256/256_ObjectCategories/121.kangaroo-101/121_0068.jpg,120,121.kangaroo-101
data/raw/caltech256/256_ObjectCategories/121.kangaroo-101/121_0076.jpg,120,121.kangaroo-101
data/raw/caltech256/256_ObjectCategories/121.kangaroo-101/121_0065.jpg,120,121.kangaroo-101
data/raw/caltech256/256_ObjectCategories/121.kangaroo-101/121_0034.jpg,120,121.kangaroo-101
data/raw/caltech256/256_ObjectCategories/121.kangaroo-101/121_0029.jpg,120,121.kangaroo-101
data/raw/caltech256/256_ObjectCategories/121.kangaroo-101/121_0019.jpg,120,121.kangaroo-101
data/raw/caltech256/256_ObjectCategories/121.kangaroo-101/121_0062.jpg,120,121.kangaroo-101
data/raw/caltech256/256_ObjectCategories/121.kangaroo-101/121_0021.jpg,120,121.kangaroo-101
data/raw/caltech256/256_ObjectCategories/121.kangaroo-101/121_0071.jpg,120,121.kangaroo-101
data/raw/caltech256/256_ObjectCategories/122.kayak/122_0006.jpg,121,122.kayak
data/raw/caltech256/256_ObjectCategories/122.kayak/122_0038.jpg,121,122.kayak
data/raw/caltech256/256_ObjectCategories/122.kayak/122_0086.jpg,121,122.kayak
data/raw/caltech256/256_ObjectCategories/122.kayak/122_0047.jpg,121,122.kayak
data/raw/caltech256/256_ObjectCategories/122.kayak/122_0031.jpg,121,122.kayak
data/raw/caltech256/256_ObjectCategories/122.kayak/122_0002.jpg,121,122.kayak
data/raw/caltech256/256_ObjectCategories/122.kayak/122_0064.jpg,121,122.kayak
data/raw/caltech256/256_ObjectCategories/122.kayak/122_0077.jpg,121,122.kayak
data/raw/caltech256/256_ObjectCategories/122.kayak/122_0096.jpg,121,122.kayak
data/raw/caltech256/256_ObjectCategories/122.kayak/122_0071.jpg,121,122.kayak
data/raw/caltech256/256_ObjectCategories/122.kayak/122_0068.jpg,121,122.kayak
data/raw/caltech256/256_ObjectCategories/122.kayak/122_0065.jpg,121,122.kayak
data/raw/caltech256/256_ObjectCategories/122.kayak/122_0090.jpg,121,122.kayak
data/raw/caltech256/256_ObjectCategories/122.kayak/122_0049.jpg,121,122.kayak
data/raw/caltech256/256_ObjectCategories/122.kayak/122_0010.jpg,121,122.kayak
data/raw/caltech256/256_ObjectCategories/122.kayak/122_0012.jpg,121,122.kayak
data/raw/caltech256/256_ObjectCategories/122.kayak/122_0067.jpg,121,122.kayak
data/raw/caltech256/256_ObjectCategories/122.kayak/122_0032.jpg,121,122.kayak
data/raw/caltech256/256_ObjectCategories/122.kayak/122_0007.jpg,121,122.kayak
data/raw/caltech256/256_ObjectCategories/122.kayak/122_0083.jpg,121,122.kayak
data/raw/caltech256/256_ObjectCategories/122.kayak/122_0070.jpg,121,122.kayak
data/raw/caltech256/256_ObjectCategories/122.kayak/122_0082.jpg,121,122.kayak
data/raw/caltech256/256_ObjectCategories/122.kayak/122_0025.jpg,121,122.kayak
data/raw/caltech256/256_ObjectCategories/122.kayak/122_0101.jpg,121,122.kayak
data/raw/caltech256/256_ObjectCategories/122.kayak/122_0098.jpg,121,122.kayak
data/raw/caltech256/256_ObjectCategories/122.kayak/122_0089.jpg,121,122.kayak
data/raw/caltech256/256_ObjectCategories/122.kayak/122_0036.jpg,121,122.kayak
data/raw/caltech256/256_ObjectCategories/122.kayak/122_0052.jpg,121,122.kayak
data/raw/caltech256/256_ObjectCategories/122.kayak/122_0078.jpg,121,122.kayak
data/raw/caltech256/256_ObjectCategories/122.kayak/122_0084.jpg,121,122.kayak
data/raw/caltech256/256_ObjectCategories/122.kayak/122_0003.jpg,121,122.kayak
data/raw/caltech256/256_ObjectCategories/122.kayak/122_0016.jpg,121,122.kayak
data/raw/caltech256/256_ObjectCategories/122.kayak/122_0041.jpg,121,122.kayak
data/raw/caltech256/256_ObjectCategories/122.kayak/122_0046.jpg,121,122.kayak
data/raw/caltech256/256_ObjectCategories/122.kayak/122_0037.jpg,121,122.kayak
data/raw/caltech256/256_ObjectCategories/122.kayak/122_0030.jpg,121,122.kayak
data/raw/caltech256/256_ObjectCategories/123.ketch-101/123_0036.jpg,122,123.ketch-101
data/raw/caltech256/256_ObjectCategories/123.ketch-101/123_0054.jpg,122,123.ketch-101
data/raw/caltech256/256_ObjectCategories/123.ketch-101/123_0042.jpg,122,123.ketch-101
data/raw/caltech256/256_ObjectCategories/123.ketch-101/123_0057.jpg,122,123.ketch-101
data/raw/caltech256/256_ObjectCategories/123.ketch-101/123_0049.jpg,122,123.ketch-101
data/raw/caltech256/256_ObjectCategories/123.ketch-101/123_0045.jpg,122,123.ketch-101
data/raw/caltech256/256_ObjectCategories/123.ketch-101/123_0070.jpg,122,123.ketch-101
data/raw/caltech256/256_ObjectCategories/123.ketch-101/123_0110.jpg,122,123.ketch-101
data/raw/caltech256/256_ObjectCategories/123.ketch-101/123_0079.jpg,122,123.ketch-101
data/raw/caltech256/256_ObjectCategories/123.ketch-101/123_0109.jpg,122,123.ketch-101
data/raw/caltech256/256_ObjectCategories/123.ketch-101/123_0040.jpg,122,123.ketch-101
data/raw/caltech256/256_ObjectCategories/123.ketch-101/123_0043.jpg,122,123.ketch-101
data/raw/caltech256/256_ObjectCategories/123.ketch-101/123_0029.jpg,122,123.ketch-101
data/raw/caltech256/256_ObjectCategories/123.ketch-101/123_0078.jpg,122,123.ketch-101
data/raw/caltech256/256_ObjectCategories/123.ketch-101/123_0022.jpg,122,123.ketch-101
data/raw/caltech256/256_ObjectCategories/123.ketch-101/123_0048.jpg,122,123.ketch-101
data/raw/caltech256/256_ObjectCategories/123.ketch-101/123_0100.jpg,122,123.ketch-101
data/raw/caltech256/256_ObjectCategories/123.ketch-101/123_0104.jpg,122,123.ketch-101
data/raw/caltech256/256_ObjectCategories/123.ketch-101/123_0035.jpg,122,123.ketch-101
data/raw/caltech256/256_ObjectCategories/123.ketch-101/123_0032.jpg,122,123.ketch-101
data/raw/caltech256/256_ObjectCategories/123.ketch-101/123_0092.jpg,122,123.ketch-101
data/raw/caltech256/256_ObjectCategories/123.ketch-101/123_0103.jpg,122,123.ketch-101
data/raw/caltech256/256_ObjectCategories/123.ketch-101/123_0027.jpg,122,123.ketch-101
data/raw/caltech256/256_ObjectCategories/123.ketch-101/123_0098.jpg,122,123.ketch-101
data/raw/caltech256/256_ObjectCategories/123.ketch-101/123_0019.jpg,122,123.ketch-101
data/raw/caltech256/256_ObjectCategories/123.ketch-101/123_0111.jpg,122,123.ketch-101
data/raw/caltech256/256_ObjectCategories/123.ketch-101/123_0073.jpg,122,123.ketch-101
data/raw/caltech256/256_ObjectCategories/123.ketch-101/123_0099.jpg,122,123.ketch-101
data/raw/caltech256/256_ObjectCategories/123.ketch-101/123_0075.jpg,122,123.ketch-101
data/raw/caltech256/256_ObjectCategories/123.ketch-101/123_0033.jpg,122,123.ketch-101
data/raw/caltech256/256_ObjectCategories/123.ketch-101/123_0084.jpg,122,123.ketch-101
data/raw/caltech256/256_ObjectCategories/123.ketch-101/123_0055.jpg,122,123.ketch-101
data/raw/caltech256/256_ObjectCategories/123.ketch-101/123_0039.jpg,122,123.ketch-101
data/raw/caltech256/256_ObjectCategories/123.ketch-101/123_0105.jpg,122,123.ketch-101
data/raw/caltech256/256_ObjectCategories/123.ketch-101/123_0077.jpg,122,123.ketch-101
data/raw/caltech256/256_ObjectCategories/123.ketch-101/123_0026.jpg,122,123.ketch-101
data/raw/caltech256/256_ObjectCategories/123.ketch-101/123_0051.jpg,122,123.ketch-101
data/raw/caltech256/256_ObjectCategories/123.ketch-101/123_0031.jpg,122,123.ketch-101
data/raw/caltech256/256_ObjectCategories/123.ketch-101/123_0091.jpg,122,123.ketch-101
data/raw/caltech256/256_ObjectCategories/124.killer-whale/124_0085.jpg,123,124.killer-whale
data/raw/caltech256/256_ObjectCategories/124.killer-whale/124_0077.jpg,123,124.killer-whale
data/raw/caltech256/256_ObjectCategories/124.killer-whale/124_0086.jpg,123,124.killer-whale
data/raw/caltech256/256_ObjectCategories/124.killer-whale/124_0040.jpg,123,124.killer-whale
data/raw/caltech256/256_ObjectCategories/124.killer-whale/124_0084.jpg,123,124.killer-whale
data/raw/caltech256/256_ObjectCategories/124.killer-whale/124_0062.jpg,123,124.killer-whale
data/raw/caltech256/256_ObjectCategories/124.killer-whale/124_0075.jpg,123,124.killer-whale
data/raw/caltech256/256_ObjectCategories/124.killer-whale/124_0036.jpg,123,124.killer-whale
data/raw/caltech256/256_ObjectCategories/124.killer-whale/124_0050.jpg,123,124.killer-whale
data/raw/caltech256/256_ObjectCategories/124.killer-whale/124_0038.jpg,123,124.killer-whale
data/raw/caltech256/256_ObjectCategories/124.killer-whale/124_0041.jpg,123,124.killer-whale
data/raw/caltech256/256_ObjectCategories/124.killer-whale/124_0009.jpg,123,124.killer-whale
data/raw/caltech256/256_ObjectCategories/124.killer-whale/124_0025.jpg,123,124.killer-whale
data/raw/caltech256/256_ObjectCategories/124.killer-whale/124_0003.jpg,123,124.killer-whale
data/raw/caltech256/256_ObjectCategories/124.killer-whale/124_0028.jpg,123,124.killer-whale
data/raw/caltech256/256_ObjectCategories/124.killer-whale/124_0070.jpg,123,124.killer-whale
data/raw/caltech256/256_ObjectCategories/124.killer-whale/124_0012.jpg,123,124.killer-whale
data/raw/caltech256/256_ObjectCategories/124.killer-whale/124_0004.jpg,123,124.killer-whale
data/raw/caltech256/256_ObjectCategories/124.killer-whale/124_0082.jpg,123,124.killer-whale
data/raw/caltech256/256_ObjectCategories/124.killer-whale/124_0008.jpg,123,124.killer-whale
data/raw/caltech256/256_ObjectCategories/124.killer-whale/124_0039.jpg,123,124.killer-whale
data/raw/caltech256/256_ObjectCategories/124.killer-whale/124_0024.jpg,123,124.killer-whale
data/raw/caltech256/256_ObjectCategories/124.killer-whale/124_0071.jpg,123,124.killer-whale
data/raw/caltech256/256_ObjectCategories/124.killer-whale/124_0019.jpg,123,124.killer-whale
data/raw/caltech256/256_ObjectCategories/124.killer-whale/124_0035.jpg,123,124.killer-whale
data/raw/caltech256/256_ObjectCategories/124.killer-whale/124_0080.jpg,123,124.killer-whale
data/raw/caltech256/256_ObjectCategories/124.killer-whale/124_0011.jpg,123,124.killer-whale
data/raw/caltech256/256_ObjectCategories/124.killer-whale/124_0078.jpg,123,124.killer-whale
data/raw/caltech256/256_ObjectCategories/124.killer-whale/124_0034.jpg,123,124.killer-whale
data/raw/caltech256/256_ObjectCategories/124.killer-whale/124_0081.jpg,123,124.killer-whale
data/raw/caltech256/256_ObjectCategories/124.killer-whale/124_0046.jpg,123,124.killer-whale
data/raw/caltech256/256_ObjectCategories/124.killer-whale/124_0053.jpg,123,124.killer-whale
data/raw/caltech256/256_ObjectCategories/125.knife/125_0047.jpg,124,125.knife
data/raw/caltech256/256_ObjectCategories/125.knife/125_0058.jpg,124,125.knife
data/raw/caltech256/256_ObjectCategories/125.knife/125_0007.jpg,124,125.knife
data/raw/caltech256/256_ObjectCategories/125.knife/125_0009.jpg,124,125.knife
data/raw/caltech256/256_ObjectCategories/125.knife/125_0018.jpg,124,125.knife
data/raw/caltech256/256_ObjectCategories/125.knife/125_0013.jpg,124,125.knife
data/raw/caltech256/256_ObjectCategories/125.knife/125_0001.jpg,124,125.knife
data/raw/caltech256/256_ObjectCategories/125.knife/125_0075.jpg,124,125.knife
data/raw/caltech256/256_ObjectCategories/125.knife/125_0038.jpg,124,125.knife
data/raw/caltech256/256_ObjectCategories/125.knife/125_0012.jpg,124,125.knife
data/raw/caltech256/256_ObjectCategories/125.knife/125_0011.jpg,124,125.knife
data/raw/caltech256/256_ObjectCategories/125.knife/125_0068.jpg,124,125.knife
data/raw/caltech256/256_ObjectCategories/125.knife/125_0097.jpg,124,125.knife
data/raw/caltech256/256_ObjectCategories/125.knife/125_0041.jpg,124,125.knife
data/raw/caltech256/256_ObjectCategories/125.knife/125_0099.jpg,124,125.knife
data/raw/caltech256/256_ObjectCategories/125.knife/125_0017.jpg,124,125.knife
data/raw/caltech256/256_ObjectCategories/125.knife/125_0030.jpg,124,125.knife
data/raw/caltech256/256_ObjectCategories/125.knife/125_0044.jpg,124,125.knife
data/raw/caltech256/256_ObjectCategories/125.knife/125_0008.jpg,124,125.knife
data/raw/caltech256/256_ObjectCategories/125.knife/125_0040.jpg,124,125.knife
data/raw/caltech256/256_ObjectCategories/125.knife/125_0076.jpg,124,125.knife
data/raw/caltech256/256_ObjectCategories/125.knife/125_0100.jpg,124,125.knife
data/raw/caltech256/256_ObjectCategories/125.knife/125_0083.jpg,124,125.knife
data/raw/caltech256/256_ObjectCategories/125.knife/125_0082.jpg,124,125.knife
data/raw/caltech256/256_ObjectCategories/125.knife/125_0057.jpg,124,125.knife
data/raw/caltech256/256_ObjectCategories/125.knife/125_0081.jpg,124,125.knife
data/raw/caltech256/256_ObjectCategories/125.knife/125_0004.jpg,124,125.knife
data/raw/caltech256/256_ObjectCategories/125.knife/125_0096.jpg,124,125.knife
data/raw/caltech256/256_ObjectCategories/125.knife/125_0069.jpg,124,125.knife
data/raw/caltech256/256_ObjectCategories/125.knife/125_0028.jpg,124,125.knife
data/raw/caltech256/256_ObjectCategories/125.knife/125_0070.jpg,124,125.knife
data/raw/caltech256/256_ObjectCategories/125.knife/125_0021.jpg,124,125.knife
data/raw/caltech256/256_ObjectCategories/125.knife/125_0094.jpg,124,125.knife
data/raw/caltech256/256_ObjectCategories/125.knife/125_0025.jpg,124,125.knife
data/raw/caltech256/256_ObjectCategories/125.knife/125_0051.jpg,124,125.knife
data/raw/caltech256/256_ObjectCategories/125.knife/125_0031.jpg,124,125.knife
data/raw/caltech256/256_ObjectCategories/126.ladder/126_0161.jpg,125,126.ladder
data/raw/caltech256/256_ObjectCategories/126.ladder/126_0049.jpg,125,126.ladder
data/raw/caltech256/256_ObjectCategories/126.ladder/126_0122.jpg,125,126.ladder
data/raw/caltech256/256_ObjectCategories/126.ladder/126_0177.jpg,125,126.ladder
data/raw/caltech256/256_ObjectCategories/126.ladder/126_0061.jpg,125,126.ladder
data/raw/caltech256/256_ObjectCategories/126.ladder/126_0003.jpg,125,126.ladder
data/raw/caltech256/256_ObjectCategories/126.ladder/126_0204.jpg,125,126.ladder
data/raw/caltech256/256_ObjectCategories/126.ladder/126_0181.jpg,125,126.ladder
data/raw/caltech256/256_ObjectCategories/126.ladder/126_0082.jpg,125,126.ladder
data/raw/caltech256/256_ObjectCategories/126.ladder/126_0232.jpg,125,126.ladder
data/raw/caltech256/256_ObjectCategories/126.ladder/126_0114.jpg,125,126.ladder
data/raw/caltech256/256_ObjectCategories/126.ladder/126_0073.jpg,125,126.ladder
data/raw/caltech256/256_ObjectCategories/126.ladder/126_0011.jpg,125,126.ladder
data/raw/caltech256/256_ObjectCategories/126.ladder/126_0175.jpg,125,126.ladder
data/raw/caltech256/256_ObjectCategories/126.ladder/126_0120.jpg,125,126.ladder
data/raw/caltech256/256_ObjectCategories/126.ladder/126_0192.jpg,125,126.ladder
data/raw/caltech256/256_ObjectCategories/126.ladder/126_0191.jpg,125,126.ladder
data/raw/caltech256/256_ObjectCategories/126.ladder/126_0224.jpg,125,126.ladder
data/raw/caltech256/256_ObjectCategories/126.ladder/126_0047.jpg,125,126.ladder
data/raw/caltech256/256_ObjectCategories/126.ladder/126_0098.jpg,125,126.ladder
data/raw/caltech256/256_ObjectCategories/126.ladder/126_0215.jpg,125,126.ladder
data/raw/caltech256/256_ObjectCategories/126.ladder/126_0064.jpg,125,126.ladder
data/raw/caltech256/256_ObjectCategories/126.ladder/126_0131.jpg,125,126.ladder
data/raw/caltech256/256_ObjectCategories/126.ladder/126_0171.jpg,125,126.ladder
data/raw/caltech256/256_ObjectCategories/126.ladder/126_0012.jpg,125,126.ladder
data/raw/caltech256/256_ObjectCategories/126.ladder/126_0240.jpg,125,126.ladder
data/raw/caltech256/256_ObjectCategories/126.ladder/126_0025.jpg,125,126.ladder
data/raw/caltech256/256_ObjectCategories/126.ladder/126_0091.jpg,125,126.ladder
data/raw/caltech256/256_ObjectCategories/126.ladder/126_0170.jpg,125,126.ladder
data/raw/caltech256/256_ObjectCategories/126.ladder/126_0005.jpg,125,126.ladder
data/raw/caltech256/256_ObjectCategories/126.ladder/126_0068.jpg,125,126.ladder
data/raw/caltech256/256_ObjectCategories/126.ladder/126_0106.jpg,125,126.ladder
data/raw/caltech256/256_ObjectCategories/126.ladder/126_0113.jpg,125,126.ladder
data/raw/caltech256/256_ObjectCategories/126.ladder/126_0018.jpg,125,126.ladder
data/raw/caltech256/256_ObjectCategories/126.ladder/126_0006.jpg,125,126.ladder
data/raw/caltech256/256_ObjectCategories/126.ladder/126_0103.jpg,125,126.ladder
data/raw/caltech256/256_ObjectCategories/126.ladder/126_0076.jpg,125,126.ladder
data/raw/caltech256/256_ObjectCategories/126.ladder/126_0110.jpg,125,126.ladder
data/raw/caltech256/256_ObjectCategories/126.ladder/126_0092.jpg,125,126.ladder
data/raw/caltech256/256_ObjectCategories/126.ladder/126_0199.jpg,125,126.ladder
data/raw/caltech256/256_ObjectCategories/126.ladder/126_0095.jpg,125,126.ladder
data/raw/caltech256/256_ObjectCategories/126.ladder/126_0059.jpg,125,126.ladder
data/raw/caltech256/256_ObjectCategories/126.ladder/126_0051.jpg,125,126.ladder
data/raw/caltech256/256_ObjectCategories/126.ladder/126_0149.jpg,125,126.ladder
data/raw/caltech256/256_ObjectCategories/126.ladder/126_0039.jpg,125,126.ladder
data/raw/caltech256/256_ObjectCategories/126.ladder/126_0144.jpg,125,126.ladder
data/raw/caltech256/256_ObjectCategories/126.ladder/126_0097.jpg,125,126.ladder
data/raw/caltech256/256_ObjectCategories/126.ladder/126_0125.jpg,125,126.ladder
data/raw/caltech256/256_ObjectCategories/126.ladder/126_0242.jpg,125,126.ladder
data/raw/caltech256/256_ObjectCategories/126.ladder/126_0086.jpg,125,126.ladder
data/raw/caltech256/256_ObjectCategories/126.ladder/126_0100.jpg,125,126.ladder
data/raw/caltech256/256_ObjectCategories/126.ladder/126_0227.jpg,125,126.ladder
data/raw/caltech256/256_ObjectCategories/126.ladder/126_0041.jpg,125,126.ladder
data/raw/caltech256/256_ObjectCategories/126.ladder/126_0062.jpg,125,126.ladder
data/raw/caltech256/256_ObjectCategories/126.ladder/126_0031.jpg,125,126.ladder
data/raw/caltech256/256_ObjectCategories/126.ladder/126_0027.jpg,125,126.ladder
data/raw/caltech256/256_ObjectCategories/126.ladder/126_0226.jpg,125,126.ladder
data/raw/caltech256/256_ObjectCategories/126.ladder/126_0007.jpg,125,126.ladder
data/raw/caltech256/256_ObjectCategories/126.ladder/126_0077.jpg,125,126.ladder
data/raw/caltech256/256_ObjectCategories/126.ladder/126_0119.jpg,125,126.ladder
data/raw/caltech256/256_ObjectCategories/126.ladder/126_0008.jpg,125,126.ladder
data/raw/caltech256/256_ObjectCategories/126.ladder/126_0189.jpg,125,126.ladder
data/raw/caltech256/256_ObjectCategories/126.ladder/126_0099.jpg,125,126.ladder
data/raw/caltech256/256_ObjectCategories/126.ladder/126_0108.jpg,125,126.ladder
data/raw/caltech256/256_ObjectCategories/126.ladder/126_0081.jpg,125,126.ladder
data/raw/caltech256/256_ObjectCategories/126.ladder/126_0160.jpg,125,126.ladder
data/raw/caltech256/256_ObjectCategories/126.ladder/126_0152.jpg,125,126.ladder
data/raw/caltech256/256_ObjectCategories/126.ladder/126_0058.jpg,125,126.ladder
data/raw/caltech256/256_ObjectCategories/126.ladder/126_0190.jpg,125,126.ladder
data/raw/caltech256/256_ObjectCategories/126.ladder/126_0020.jpg,125,126.ladder
data/raw/caltech256/256_ObjectCategories/126.ladder/126_0222.jpg,125,126.ladder
data/raw/caltech256/256_ObjectCategories/126.ladder/126_0060.jpg,125,126.ladder
data/raw/caltech256/256_ObjectCategories/126.ladder/126_0234.jpg,125,126.ladder
data/raw/caltech256/256_ObjectCategories/126.ladder/126_0143.jpg,125,126.ladder
data/raw/caltech256/256_ObjectCategories/126.ladder/126_0128.jpg,125,126.ladder
data/raw/caltech256/256_ObjectCategories/126.ladder/126_0132.jpg,125,126.ladder
data/raw/caltech256/256_ObjectCategories/126.ladder/126_0053.jpg,125,126.ladder
data/raw/caltech256/256_ObjectCategories/126.ladder/126_0032.jpg,125,126.ladder
data/raw/caltech256/256_ObjectCategories/126.ladder/126_0134.jpg,125,126.ladder
data/raw/caltech256/256_ObjectCategories/126.ladder/126_0228.jpg,125,126.ladder
data/raw/caltech256/256_ObjectCategories/126.ladder/126_0229.jpg,125,126.ladder
data/raw/caltech256/256_ObjectCategories/126.ladder/126_0195.jpg,125,126.ladder
data/raw/caltech256/256_ObjectCategories/126.ladder/126_0046.jpg,125,126.ladder
data/raw/caltech256/256_ObjectCategories/126.ladder/126_0154.jpg,125,126.ladder
data/raw/caltech256/256_ObjectCategories/126.ladder/126_0115.jpg,125,126.ladder
data/raw/caltech256/256_ObjectCategories/127.laptop-101/127_0023.jpg,126,127.laptop-101
data/raw/caltech256/256_ObjectCategories/127.laptop-101/127_0069.jpg,126,127.laptop-101
data/raw/caltech256/256_ObjectCategories/127.laptop-101/127_0005.jpg,126,127.laptop-101
data/raw/caltech256/256_ObjectCategories/127.laptop-101/127_0076.jpg,126,127.laptop-101
data/raw/caltech256/256_ObjectCategories/127.laptop-101/127_0104.jpg,126,127.laptop-101
data/raw/caltech256/256_ObjectCategories/127.laptop-101/127_0029.jpg,126,127.laptop-101
data/raw/caltech256/256_ObjectCategories/127.laptop-101/127_0092.jpg,126,127.laptop-101
data/raw/caltech256/256_ObjectCategories/127.laptop-101/127_0071.jpg,126,127.laptop-101
data/raw/caltech256/256_ObjectCategories/127.laptop-101/127_0112.jpg,126,127.laptop-101
data/raw/caltech256/256_ObjectCategories/127.laptop-101/127_0014.jpg,126,127.laptop-101
data/raw/caltech256/256_ObjectCategories/127.laptop-101/127_0030.jpg,126,127.laptop-101
data/raw/caltech256/256_ObjectCategories/127.laptop-101/127_0108.jpg,126,127.laptop-101
data/raw/caltech256/256_ObjectCategories/127.laptop-101/127_0041.jpg,126,127.laptop-101
data/raw/caltech256/256_ObjectCategories/127.laptop-101/127_0045.jpg,126,127.laptop-101
data/raw/caltech256/256_ObjectCategories/127.laptop-101/127_0087.jpg,126,127.laptop-101
data/raw/caltech256/256_ObjectCategories/127.laptop-101/127_0034.jpg,126,127.laptop-101
data/raw/caltech256/256_ObjectCategories/127.laptop-101/127_0037.jpg,126,127.laptop-101
data/raw/caltech256/256_ObjectCategories/127.laptop-101/127_0022.jpg,126,127.laptop-101
data/raw/caltech256/256_ObjectCategories/127.laptop-101/127_0123.jpg,126,127.laptop-101
data/raw/caltech256/256_ObjectCategories/127.laptop-101/127_0061.jpg,126,127.laptop-101
data/raw/caltech256/256_ObjectCategories/127.laptop-101/127_0080.jpg,126,127.laptop-101
data/raw/caltech256/256_ObjectCategories/127.laptop-101/127_0044.jpg,126,127.laptop-101
data/raw/caltech256/256_ObjectCategories/127.laptop-101/127_0107.jpg,126,127.laptop-101
data/raw/caltech256/256_ObjectCategories/127.laptop-101/127_0078.jpg,126,127.laptop-101
data/raw/caltech256/256_ObjectCategories/127.laptop-101/127_0026.jpg,126,127.laptop-101
data/raw/caltech256/256_ObjectCategories/127.laptop-101/127_0090.jpg,126,127.laptop-101
data/raw/caltech256/256_ObjectCategories/127.laptop-101/127_0084.jpg,126,127.laptop-101
data/raw/caltech256/256_ObjectCategories/127.laptop-101/127_0101.jpg,126,127.laptop-101
data/raw/caltech256/256_ObjectCategories/127.laptop-101/127_0115.jpg,126,127.laptop-101
data/raw/caltech256/256_ObjectCategories/127.laptop-101/127_0002.jpg,126,127.laptop-101
data/raw/caltech256/256_ObjectCategories/127.laptop-101/127_0077.jpg,126,127.laptop-101
data/raw/caltech256/256_ObjectCategories/127.laptop-101/127_0127.jpg,126,127.laptop-101
data/raw/caltech256/256_ObjectCategories/127.laptop-101/127_0027.jpg,126,127.laptop-101
data/raw/caltech256/256_ObjectCategories/127.laptop-101/127_0062.jpg,126,127.laptop-101
data/raw/caltech256/256_ObjectCategories/127.laptop-101/127_0100.jpg,126,127.laptop-101
data/raw/caltech256/256_ObjectCategories/127.laptop-101/127_0010.jpg,126,127.laptop-101
data/raw/caltech256/256_ObjectCategories/127.laptop-101/127_0003.jpg,126,127.laptop-101
data/raw/caltech256/256_ObjectCategories/127.laptop-101/127_0105.jpg,126,127.laptop-101
data/raw/caltech256/256_ObjectCategories/127.laptop-101/127_0042.jpg,126,127.laptop-101
data/raw/caltech256/256_ObjectCategories/127.laptop-101/127_0046.jpg,126,127.laptop-101
data/raw/caltech256/256_ObjectCategories/127.laptop-101/127_0095.jpg,126,127.laptop-101
data/raw/caltech256/256_ObjectCategories/127.laptop-101/127_0039.jpg,126,127.laptop-101
data/raw/caltech256/256_ObjectCategories/127.laptop-101/127_0019.jpg,126,127.laptop-101
data/raw/caltech256/256_ObjectCategories/127.laptop-101/127_0082.jpg,126,127.laptop-101
data/raw/caltech256/256_ObjectCategories/127.laptop-101/127_0075.jpg,126,127.laptop-101
data/raw/caltech256/256_ObjectCategories/128.lathe/128_0037.jpg,127,128.lathe
data/raw/caltech256/256_ObjectCategories/128.lathe/128_0076.jpg,127,128.lathe
data/raw/caltech256/256_ObjectCategories/128.lathe/128_0018.jpg,127,128.lathe
data/raw/caltech256/256_ObjectCategories/128.lathe/128_0016.jpg,127,128.lathe
data/raw/caltech256/256_ObjectCategories/128.lathe/128_0082.jpg,127,128.lathe
data/raw/caltech256/256_ObjectCategories/128.lathe/128_0098.jpg,127,128.lathe
data/raw/caltech256/256_ObjectCategories/128.lathe/128_0032.jpg,127,128.lathe
data/raw/caltech256/256_ObjectCategories/128.lathe/128_0061.jpg,127,128.lathe
data/raw/caltech256/256_ObjectCategories/128.lathe/128_0019.jpg,127,128.lathe
data/raw/caltech256/256_ObjectCategories/128.lathe/128_0002.jpg,127,128.lathe
data/raw/caltech256/256_ObjectCategories/128.lathe/128_0104.jpg,127,128.lathe
data/raw/caltech256/256_ObjectCategories/128.lathe/128_0102.jpg,127,128.lathe
data/raw/caltech256/256_ObjectCategories/128.lathe/128_0003.jpg,127,128.lathe
data/raw/caltech256/256_ObjectCategories/128.lathe/128_0094.jpg,127,128.lathe
data/raw/caltech256/256_ObjectCategories/128.lathe/128_0025.jpg,127,128.lathe
data/raw/caltech256/256_ObjectCategories/128.lathe/128_0064.jpg,127,128.lathe
data/raw/caltech256/256_ObjectCategories/128.lathe/128_0034.jpg,127,128.lathe
data/raw/caltech256/256_ObjectCategories/128.lathe/128_0029.jpg,127,128.lathe
data/raw/caltech256/256_ObjectCategories/128.lathe/128_0023.jpg,127,128.lathe
data/raw/caltech256/256_ObjectCategories/128.lathe/128_0046.jpg,127,128.lathe
data/raw/caltech256/256_ObjectCategories/128.lathe/128_0001.jpg,127,128.lathe
data/raw/caltech256/256_ObjectCategories/128.lathe/128_0040.jpg,127,128.lathe
data/raw/caltech256/256_ObjectCategories/128.lathe/128_0031.jpg,127,128.lathe
data/raw/caltech256/256_ObjectCategories/128.lathe/128_0007.jpg,127,128.lathe
data/raw/caltech256/256_ObjectCategories/128.lathe/128_0070.jpg,127,128.lathe
data/raw/caltech256/256_ObjectCategories/128.lathe/128_0065.jpg,127,128.lathe
data/raw/caltech256/256_ObjectCategories/128.lathe/128_0049.jpg,127,128.lathe
data/raw/caltech256/256_ObjectCategories/128.lathe/128_0004.jpg,127,128.lathe
data/raw/caltech256/256_ObjectCategories/128.lathe/128_0053.jpg,127,128.lathe
data/raw/caltech256/256_ObjectCategories/128.lathe/128_0072.jpg,127,128.lathe
data/raw/caltech256/256_ObjectCategories/128.lathe/128_0089.jpg,127,128.lathe
data/raw/caltech256/256_ObjectCategories/128.lathe/128_0042.jpg,127,128.lathe
data/raw/caltech256/256_ObjectCategories/128.lathe/128_0051.jpg,127,128.lathe
data/raw/caltech256/256_ObjectCategories/128.lathe/128_0027.jpg,127,128.lathe
data/raw/caltech256/256_ObjectCategories/128.lathe/128_0067.jpg,127,128.lathe
data/raw/caltech256/256_ObjectCategories/128.lathe/128_0077.jpg,127,128.lathe
data/raw/caltech256/256_ObjectCategories/128.lathe/128_0074.jpg,127,128.lathe
data/raw/caltech256/256_ObjectCategories/129.leopards-101/129_0134.jpg,128,129.leopards-101
data/raw/caltech256/256_ObjectCategories/129.leopards-101/129_0127.jpg,128,129.leopards-101
data/raw/caltech256/256_ObjectCategories/129.leopards-101/129_0138.jpg,128,129.leopards-101
data/raw/caltech256/256_ObjectCategories/129.leopards-101/129_0175.jpg,128,129.leopards-101
data/raw/caltech256/256_ObjectCategories/129.leopards-101/129_0013.jpg,128,129.leopards-101
data/raw/caltech256/256_ObjectCategories/129.leopards-101/129_0019.jpg,128,129.leopards-101
data/raw/caltech256/256_ObjectCategories/129.leopards-101/129_0051.jpg,128,129.leopards-101
data/raw/caltech256/256_ObjectCategories/129.leopards-101/129_0182.jpg,128,129.leopards-101
data/raw/caltech256/256_ObjectCategories/129.leopards-101/129_0172.jpg,128,129.leopards-101
data/raw/caltech256/256_ObjectCategories/129.leopards-101/129_0088.jpg,128,129.leopards-101
data/raw/caltech256/256_ObjectCategories/129.leopards-101/129_0056.jpg,128,129.leopards-101
data/raw/caltech256/256_ObjectCategories/129.leopards-101/129_0103.jpg,128,129.leopards-101
data/raw/caltech256/256_ObjectCategories/129.leopards-101/129_0147.jpg,128,129.leopards-101
data/raw/caltech256/256_ObjectCategories/129.leopards-101/129_0053.jpg,128,129.leopards-101
data/raw/caltech256/256_ObjectCategories/129.leopards-101/129_0080.jpg,128,129.leopards-101
data/raw/caltech256/256_ObjectCategories/129.leopards-101/129_0078.jpg,128,129.leopards-101
data/raw/caltech256/256_ObjectCategories/129.leopards-101/129_0106.jpg,128,129.leopards-101
data/raw/caltech256/256_ObjectCategories/129.leopards-101/129_0093.jpg,128,129.leopards-101
data/raw/caltech256/256_ObjectCategories/129.leopards-101/129_0184.jpg,128,129.leopards-101
data/raw/caltech256/256_ObjectCategories/129.leopards-101/129_0092.jpg,128,129.leopards-101
data/raw/caltech256/256_ObjectCategories/129.leopards-101/129_0002.jpg,128,129.leopards-101
data/raw/caltech256/256_ObjectCategories/129.leopards-101/129_0152.jpg,128,129.leopards-101
data/raw/caltech256/256_ObjectCategories/129.leopards-101/129_0037.jpg,128,129.leopards-101
data/raw/caltech256/256_ObjectCategories/129.leopards-101/129_0025.jpg,128,129.leopards-101
data/raw/caltech256/256_ObjectCategories/129.leopards-101/129_0177.jpg,128,129.leopards-101
data/raw/caltech256/256_ObjectCategories/129.leopards-101/129_0176.jpg,128,129.leopards-101
data/raw/caltech256/256_ObjectCategories/129.leopards-101/129_0064.jpg,128,129.leopards-101
data/raw/caltech256/256_ObjectCategories/129.leopards-101/129_0015.jpg,128,129.leopards-101
data/raw/caltech256/256_ObjectCategories/129.leopards-101/129_0023.jpg,128,129.leopards-101
data/raw/caltech256/256_ObjectCategories/129.leopards-101/129_0073.jpg,128,129.leopards-101
data/raw/caltech256/256_ObjectCategories/129.leopards-101/129_0072.jpg,128,129.leopards-101
data/raw/caltech256/256_ObjectCategories/129.leopards-101/129_0010.jpg,128,129.leopards-101
data/raw/caltech256/256_ObjectCategories/129.leopards-101/129_0116.jpg,128,129.leopards-101
data/raw/caltech256/256_ObjectCategories/129.leopards-101/129_0096.jpg,128,129.leopards-101
data/raw/caltech256/256_ObjectCategories/129.leopards-101/129_0115.jpg,128,129.leopards-101
data/raw/caltech256/256_ObjectCategories/129.leopards-101/129_0028.jpg,128,129.leopards-101
data/raw/caltech256/256_ObjectCategories/129.leopards-101/129_0039.jpg,128,129.leopards-101
data/raw/caltech256/256_ObjectCategories/129.leopards-101/129_0108.jpg,128,129.leopards-101
data/raw/caltech256/256_ObjectCategories/129.leopards-101/129_0140.jpg,128,129.leopards-101
data/raw/caltech256/256_ObjectCategories/129.leopards-101/129_0161.jpg,128,129.leopards-101
data/raw/caltech256/256_ObjectCategories/129.leopards-101/129_0014.jpg,128,129.leopards-101
data/raw/caltech256/256_ObjectCategories/129.leopards-101/129_0097.jpg,128,129.leopards-101
data/raw/caltech256/256_ObjectCategories/129.leopards-101/129_0076.jpg,128,129.leopards-101
data/raw/caltech256/256_ObjectCategories/129.leopards-101/129_0102.jpg,128,129.leopards-101
data/raw/caltech256/256_ObjectCategories/129.leopards-101/129_0048.jpg,128,129.leopards-101
data/raw/caltech256/256_ObjectCategories/129.leopards-101/129_0164.jpg,128,129.leopards-101
data/raw/caltech256/256_ObjectCategories/129.leopards-101/129_0040.jpg,128,129.leopards-101
data/raw/caltech256/256_ObjectCategories/129.leopards-101/129_0052.jpg,128,129.leopards-101
data/raw/caltech256/256_ObjectCategories/129.leopards-101/129_0059.jpg,128,129.leopards-101
data/raw/caltech256/256_ObjectCategories/129.leopards-101/129_0133.jpg,128,129.leopards-101
data/raw/caltech256/256_ObjectCategories/129.leopards-101/129_0128.jpg,128,129.leopards-101
data/raw/caltech256/256_ObjectCategories/129.leopards-101/129_0086.jpg,128,129.leopards-101
data/raw/caltech256/256_ObjectCategories/129.leopards-101/129_0024.jpg,128,129.leopards-101
data/raw/caltech256/256_ObjectCategories/129.leopards-101/129_0178.jpg,128,129.leopards-101
data/raw/caltech256/256_ObjectCategories/129.leopards-101/129_0074.jpg,128,129.leopards-101
data/raw/caltech256/256_ObjectCategories/129.leopards-101/129_0130.jpg,128,129.leopards-101
data/raw/caltech256/256_ObjectCategories/129.leopards-101/129_0168.jpg,128,129.leopards-101
data/raw/caltech256/256_ObjectCategories/129.leopards-101/129_0118.jpg,128,129.leopards-101
data/raw/caltech256/256_ObjectCategories/129.leopards-101/129_0035.jpg,128,129.leopards-101
data/raw/caltech256/256_ObjectCategories/129.leopards-101/129_0050.jpg,128,129.leopards-101
data/raw/caltech256/256_ObjectCategories/129.leopards-101/129_0042.jpg,128,129.leopards-101
data/raw/caltech256/256_ObjectCategories/129.leopards-101/129_0125.jpg,128,129.leopards-101
data/raw/caltech256/256_ObjectCategories/129.leopards-101/129_0034.jpg,128,129.leopards-101
data/raw/caltech256/256_ObjectCategories/129.leopards-101/129_0167.jpg,128,129.leopards-101
data/raw/caltech256/256_ObjectCategories/129.leopards-101/129_0008.jpg,128,129.leopards-101
data/raw/caltech256/256_ObjectCategories/129.leopards-101/129_0071.jpg,128,129.leopards-101
data/raw/caltech256/256_ObjectCategories/129.leopards-101/129_0082.jpg,128,129.leopards-101
data/raw/caltech256/256_ObjectCategories/130.license-plate/130_0090.jpg,129,130.license-plate
data/raw/caltech256/256_ObjectCategories/130.license-plate/130_0009.jpg,129,130.license-plate
data/raw/caltech256/256_ObjectCategories/130.license-plate/130_0091.jpg,129,130.license-plate
data/raw/caltech256/256_ObjectCategories/130.license-plate/130_0050.jpg,129,130.license-plate
data/raw/caltech256/256_ObjectCategories/130.license-plate/130_0003.jpg,129,130.license-plate
data/raw/caltech256/256_ObjectCategories/130.license-plate/130_0045.jpg,129,130.license-plate
data/raw/caltech256/256_ObjectCategories/130.license-plate/130_0002.jpg,129,130.license-plate
data/raw/caltech256/256_ObjectCategories/130.license-plate/130_0049.jpg,129,130.license-plate
data/raw/caltech256/256_ObjectCategories/130.license-plate/130_0019.jpg,129,130.license-plate
data/raw/caltech256/256_ObjectCategories/130.license-plate/130_0039.jpg,129,130.license-plate
data/raw/caltech256/256_ObjectCategories/130.license-plate/130_0011.jpg,129,130.license-plate
data/raw/caltech256/256_ObjectCategories/130.license-plate/130_0074.jpg,129,130.license-plate
data/raw/caltech256/256_ObjectCategories/130.license-plate/130_0010.jpg,129,130.license-plate
data/raw/caltech256/256_ObjectCategories/130.license-plate/130_0044.jpg,129,130.license-plate
data/raw/caltech256/256_ObjectCategories/130.license-plate/130_0038.jpg,129,130.license-plate
data/raw/caltech256/256_ObjectCategories/130.license-plate/130_0069.jpg,129,130.license-plate
data/raw/caltech256/256_ObjectCategories/130.license-plate/130_0025.jpg,129,130.license-plate
data/raw/caltech256/256_ObjectCategories/130.license-plate/130_0076.jpg,129,130.license-plate
data/raw/caltech256/256_ObjectCategories/130.license-plate/130_0017.jpg,129,130.license-plate
data/raw/caltech256/256_ObjectCategories/130.license-plate/130_0083.jpg,129,130.license-plate
data/raw/caltech256/256_ObjectCategories/130.license-plate/130_0066.jpg,129,130.license-plate
data/raw/caltech256/256_ObjectCategories/130.license-plate/130_0068.jpg,129,130.license-plate
data/raw/caltech256/256_ObjectCategories/130.license-plate/130_0078.jpg,129,130.license-plate
data/raw/caltech256/256_ObjectCategories/130.license-plate/130_0052.jpg,129,130.license-plate
data/raw/caltech256/256_ObjectCategories/130.license-plate/130_0056.jpg,129,130.license-plate
data/raw/caltech256/256_ObjectCategories/130.license-plate/130_0075.jpg,129,130.license-plate
data/raw/caltech256/256_ObjectCategories/130.license-plate/130_0079.jpg,129,130.license-plate
data/raw/caltech256/256_ObjectCategories/130.license-plate/130_0060.jpg,129,130.license-plate
data/raw/caltech256/256_ObjectCategories/130.license-plate/130_0023.jpg,129,130.license-plate
data/raw/caltech256/256_ObjectCategories/130.license-plate/130_0085.jpg,129,130.license-plate
data/raw/caltech256/256_ObjectCategories/130.license-plate/130_0027.jpg,129,130.license-plate
data/raw/caltech256/256_ObjectCategories/130.license-plate/130_0015.jpg,129,130.license-plate
data/raw/caltech256/256_ObjectCategories/131.lightbulb/131_0063.jpg,130,131.lightbulb
data/raw/caltech256/256_ObjectCategories/131.lightbulb/131_0004.jpg,130,131.lightbulb
data/raw/caltech256/256_ObjectCategories/131.lightbulb/131_0027.jpg,130,131.lightbulb
data/raw/caltech256/256_ObjectCategories/131.lightbulb/131_0073.jpg,130,131.lightbulb
data/raw/caltech256/256_ObjectCategories/131.lightbulb/131_0066.jpg,130,131.lightbulb
data/raw/caltech256/256_ObjectCategories/131.lightbulb/131_0052.jpg,130,131.lightbulb
data/raw/caltech256/256_ObjectCategories/131.lightbulb/131_0022.jpg,130,131.lightbulb
data/raw/caltech256/256_ObjectCategories/131.lightbulb/131_0082.jpg,130,131.lightbulb
data/raw/caltech256/256_ObjectCategories/131.lightbulb/131_0034.jpg,130,131.lightbulb
data/raw/caltech256/256_ObjectCategories/131.lightbulb/131_0075.jpg,130,131.lightbulb
data/raw/caltech256/256_ObjectCategories/131.lightbulb/131_0055.jpg,130,131.lightbulb
data/raw/caltech256/256_ObjectCategories/131.lightbulb/131_0007.jpg,130,131.lightbulb
data/raw/caltech256/256_ObjectCategories/131.lightbulb/131_0028.jpg,130,131.lightbulb
data/raw/caltech256/256_ObjectCategories/131.lightbulb/131_0056.jpg,130,131.lightbulb
data/raw/caltech256/256_ObjectCategories/131.lightbulb/131_0009.jpg,130,131.lightbulb
data/raw/caltech256/256_ObjectCategories/131.lightbulb/131_0058.jpg,130,131.lightbulb
data/raw/caltech256/256_ObjectCategories/131.lightbulb/131_0049.jpg,130,131.lightbulb
data/raw/caltech256/256_ObjectCategories/131.lightbulb/131_0086.jpg,130,131.lightbulb
data/raw/caltech256/256_ObjectCategories/131.lightbulb/131_0057.jpg,130,131.lightbulb
data/raw/caltech256/256_ObjectCategories/131.lightbulb/131_0080.jpg,130,131.lightbulb
data/raw/caltech256/256_ObjectCategories/131.lightbulb/131_0071.jpg,130,131.lightbulb
data/raw/caltech256/256_ObjectCategories/131.lightbulb/131_0072.jpg,130,131.lightbulb
data/raw/caltech256/256_ObjectCategories/131.lightbulb/131_0050.jpg,130,131.lightbulb
data/raw/caltech256/256_ObjectCategories/131.lightbulb/131_0010.jpg,130,131.lightbulb
data/raw/caltech256/256_ObjectCategories/131.lightbulb/131_0048.jpg,130,131.lightbulb
data/raw/caltech256/256_ObjectCategories/131.lightbulb/131_0016.jpg,130,131.lightbulb
data/raw/caltech256/256_ObjectCategories/131.lightbulb/131_0043.jpg,130,131.lightbulb
data/raw/caltech256/256_ObjectCategories/131.lightbulb/131_0036.jpg,130,131.lightbulb
data/raw/caltech256/256_ObjectCategories/131.lightbulb/131_0020.jpg,130,131.lightbulb
data/raw/caltech256/256_ObjectCategories/131.lightbulb/131_0069.jpg,130,131.lightbulb
data/raw/caltech256/256_ObjectCategories/131.lightbulb/131_0051.jpg,130,131.lightbulb
data/raw/caltech256/256_ObjectCategories/131.lightbulb/131_0079.jpg,130,131.lightbulb
data/raw/caltech256/256_ObjectCategories/131.lightbulb/131_0060.jpg,130,131.lightbulb
data/raw/caltech256/256_ObjectCategories/132.light-house/132_0054.jpg,131,132.light-house
data/raw/caltech256/256_ObjectCategories/132.light-house/132_0016.jpg,131,132.light-house
data/raw/caltech256/256_ObjectCategories/132.light-house/132_0020.jpg,131,132.light-house
data/raw/caltech256/256_ObjectCategories/132.light-house/132_0035.jpg,131,132.light-house
data/raw/caltech256/256_ObjectCategories/132.light-house/132_0039.jpg,131,132.light-house
data/raw/caltech256/256_ObjectCategories/132.light-house/132_0060.jpg,131,132.light-house
data/raw/caltech256/256_ObjectCategories/132.light-house/132_0052.jpg,131,132.light-house
data/raw/caltech256/256_ObjectCategories/132.light-house/132_0030.jpg,131,132.light-house
data/raw/caltech256/256_ObjectCategories/132.light-house/132_0092.jpg,131,132.light-house
data/raw/caltech256/256_ObjectCategories/132.light-house/132_0023.jpg,131,132.light-house
data/raw/caltech256/256_ObjectCategories/132.light-house/132_0135.jpg,131,132.light-house
data/raw/caltech256/256_ObjectCategories/132.light-house/132_0080.jpg,131,132.light-house
data/raw/caltech256/256_ObjectCategories/132.light-house/132_0146.jpg,131,132.light-house
data/raw/caltech256/256_ObjectCategories/132.light-house/132_0125.jpg,131,132.light-house
data/raw/caltech256/256_ObjectCategories/132.light-house/132_0160.jpg,131,132.light-house
data/raw/caltech256/256_ObjectCategories/132.light-house/132_0099.jpg,131,132.light-house
data/raw/caltech256/256_ObjectCategories/132.light-house/132_0168.jpg,131,132.light-house
data/raw/caltech256/256_ObjectCategories/132.light-house/132_0074.jpg,131,132.light-house
data/raw/caltech256/256_ObjectCategories/132.light-house/132_0164.jpg,131,132.light-house
data/raw/caltech256/256_ObjectCategories/132.light-house/132_0078.jpg,131,132.light-house
data/raw/caltech256/256_ObjectCategories/132.light-house/132_0042.jpg,131,132.light-house
data/raw/caltech256/256_ObjectCategories/132.light-house/132_0081.jpg,131,132.light-house
data/raw/caltech256/256_ObjectCategories/132.light-house/132_0159.jpg,131,132.light-house
data/raw/caltech256/256_ObjectCategories/132.light-house/132_0058.jpg,131,132.light-house
data/raw/caltech256/256_ObjectCategories/132.light-house/132_0014.jpg,131,132.light-house
data/raw/caltech256/256_ObjectCategories/132.light-house/132_0105.jpg,131,132.light-house
data/raw/caltech256/256_ObjectCategories/132.light-house/132_0179.jpg,131,132.light-house
data/raw/caltech256/256_ObjectCategories/132.light-house/132_0102.jpg,131,132.light-house
data/raw/caltech256/256_ObjectCategories/132.light-house/132_0181.jpg,131,132.light-house
data/raw/caltech256/256_ObjectCategories/132.light-house/132_0143.jpg,131,132.light-house
data/raw/caltech256/256_ObjectCategories/132.light-house/132_0025.jpg,131,132.light-house
data/raw/caltech256/256_ObjectCategories/132.light-house/132_0148.jpg,131,132.light-house
data/raw/caltech256/256_ObjectCategories/132.light-house/132_0183.jpg,131,132.light-house
data/raw/caltech256/256_ObjectCategories/132.light-house/132_0079.jpg,131,132.light-house
data/raw/caltech256/256_ObjectCategories/132.light-house/132_0056.jpg,131,132.light-house
data/raw/caltech256/256_ObjectCategories/132.light-house/132_0009.jpg,131,132.light-house
data/raw/caltech256/256_ObjectCategories/132.light-house/132_0091.jpg,131,132.light-house
data/raw/caltech256/256_ObjectCategories/132.light-house/132_0131.jpg,131,132.light-house
data/raw/caltech256/256_ObjectCategories/132.light-house/132_0132.jpg,131,132.light-house
data/raw/caltech256/256_ObjectCategories/132.light-house/132_0177.jpg,131,132.light-house
data/raw/caltech256/256_ObjectCategories/132.light-house/132_0067.jpg,131,132.light-house
data/raw/caltech256/256_ObjectCategories/132.light-house/132_0065.jpg,131,132.light-house
data/raw/caltech256/256_ObjectCategories/132.light-house/132_0123.jpg,131,132.light-house
data/raw/caltech256/256_ObjectCategories/132.light-house/132_0116.jpg,131,132.light-house
data/raw/caltech256/256_ObjectCategories/132.light-house/132_0038.jpg,131,132.light-house
data/raw/caltech256/256_ObjectCategories/132.light-house/132_0149.jpg,131,132.light-house
data/raw/caltech256/256_ObjectCategories/132.light-house/132_0046.jpg,131,132.light-house
data/raw/caltech256/256_ObjectCategories/132.light-house/132_0129.jpg,131,132.light-house
data/raw/caltech256/256_ObjectCategories/132.light-house/132_0083.jpg,131,132.light-house
data/raw/caltech256/256_ObjectCategories/132.light-house/132_0021.jpg,131,132.light-house
data/raw/caltech256/256_ObjectCategories/132.light-house/132_0028.jpg,131,132.light-house
data/raw/caltech256/256_ObjectCategories/132.light-house/132_0033.jpg,131,132.light-house
data/raw/caltech256/256_ObjectCategories/132.light-house/132_0147.jpg,131,132.light-house
data/raw/caltech256/256_ObjectCategories/132.light-house/132_0017.jpg,131,132.light-house
data/raw/caltech256/256_ObjectCategories/132.light-house/132_0040.jpg,131,132.light-house
data/raw/caltech256/256_ObjectCategories/132.light-house/132_0138.jpg,131,132.light-house
data/raw/caltech256/256_ObjectCategories/132.light-house/132_0189.jpg,131,132.light-house
data/raw/caltech256/256_ObjectCategories/132.light-house/132_0007.jpg,131,132.light-house
data/raw/caltech256/256_ObjectCategories/132.light-house/132_0069.jpg,131,132.light-house
data/raw/caltech256/256_ObjectCategories/132.light-house/132_0049.jpg,131,132.light-house
data/raw/caltech256/256_ObjectCategories/132.light-house/132_0027.jpg,131,132.light-house
data/raw/caltech256/256_ObjectCategories/132.light-house/132_0006.jpg,131,132.light-house
data/raw/caltech256/256_ObjectCategories/132.light-house/132_0127.jpg,131,132.light-house
data/raw/caltech256/256_ObjectCategories/132.light-house/132_0008.jpg,131,132.light-house
data/raw/caltech256/256_ObjectCategories/132.light-house/132_0162.jpg,131,132.light-house
data/raw/caltech256/256_ObjectCategories/132.light-house/132_0124.jpg,131,132.light-house
data/raw/caltech256/256_ObjectCategories/132.light-house/132_0142.jpg,131,132.light-house
data/raw/caltech256/256_ObjectCategories/133.lightning/133_0076.jpg,132,133.lightning
data/raw/caltech256/256_ObjectCategories/133.lightning/133_0019.jpg,132,133.lightning
data/raw/caltech256/256_ObjectCategories/133.lightning/133_0035.jpg,132,133.lightning
data/raw/caltech256/256_ObjectCategories/133.lightning/133_0134.jpg,132,133.lightning
data/raw/caltech256/256_ObjectCategories/133.lightning/133_0059.jpg,132,133.lightning
data/raw/caltech256/256_ObjectCategories/133.lightning/133_0107.jpg,132,133.lightning
data/raw/caltech256/256_ObjectCategories/133.lightning/133_0085.jpg,132,133.lightning
data/raw/caltech256/256_ObjectCategories/133.lightning/133_0039.jpg,132,133.lightning
data/raw/caltech256/256_ObjectCategories/133.lightning/133_0098.jpg,132,133.lightning
data/raw/caltech256/256_ObjectCategories/133.lightning/133_0072.jpg,132,133.lightning
data/raw/caltech256/256_ObjectCategories/133.lightning/133_0052.jpg,132,133.lightning
data/raw/caltech256/256_ObjectCategories/133.lightning/133_0097.jpg,132,133.lightning
data/raw/caltech256/256_ObjectCategories/133.lightning/133_0067.jpg,132,133.lightning
data/raw/caltech256/256_ObjectCategories/133.lightning/133_0046.jpg,132,133.lightning
data/raw/caltech256/256_ObjectCategories/133.lightning/133_0087.jpg,132,133.lightning
data/raw/caltech256/256_ObjectCategories/133.lightning/133_0064.jpg,132,133.lightning
data/raw/caltech256/256_ObjectCategories/133.lightning/133_0118.jpg,132,133.lightning
data/raw/caltech256/256_ObjectCategories/133.lightning/133_0122.jpg,132,133.lightning
data/raw/caltech256/256_ObjectCategories/133.lightning/133_0099.jpg,132,133.lightning
data/raw/caltech256/256_ObjectCategories/133.lightning/133_0104.jpg,132,133.lightning
data/raw/caltech256/256_ObjectCategories/133.lightning/133_0053.jpg,132,133.lightning
data/raw/caltech256/256_ObjectCategories/133.lightning/133_0002.jpg,132,133.lightning
data/raw/caltech256/256_ObjectCategories/133.lightning/133_0006.jpg,132,133.lightning
data/raw/caltech256/256_ObjectCategories/133.lightning/133_0112.jpg,132,133.lightning
data/raw/caltech256/256_ObjectCategories/133.lightning/133_0069.jpg,132,133.lightning
data/raw/caltech256/256_ObjectCategories/133.lightning/133_0041.jpg,132,133.lightning
data/raw/caltech256/256_ObjectCategories/133.lightning/133_0017.jpg,132,133.lightning
data/raw/caltech256/256_ObjectCategories/133.lightning/133_0048.jpg,132,133.lightning
data/raw/caltech256/256_ObjectCategories/133.lightning/133_0130.jpg,132,133.lightning
data/raw/caltech256/256_ObjectCategories/133.lightning/133_0127.jpg,132,133.lightning
data/raw/caltech256/256_ObjectCategories/133.lightning/133_0014.jpg,132,133.lightning
data/raw/caltech256/256_ObjectCategories/133.lightning/133_0129.jpg,132,133.lightning
data/raw/caltech256/256_ObjectCategories/133.lightning/133_0037.jpg,132,133.lightning
data/raw/caltech256/256_ObjectCategories/133.lightning/133_0021.jpg,132,133.lightning
data/raw/caltech256/256_ObjectCategories/133.lightning/133_0102.jpg,132,133.lightning
data/raw/caltech256/256_ObjectCategories/133.lightning/133_0113.jpg,132,133.lightning
data/raw/caltech256/256_ObjectCategories/133.lightning/133_0121.jpg,132,133.lightning
data/raw/caltech256/256_ObjectCategories/133.lightning/133_0090.jpg,132,133.lightning
data/raw/caltech256/256_ObjectCategories/133.lightning/133_0033.jpg,132,133.lightning
data/raw/caltech256/256_ObjectCategories/133.lightning/133_0057.jpg,132,133.lightning
data/raw/caltech256/256_ObjectCategories/133.lightning/133_0044.jpg,132,133.lightning
data/raw/caltech256/256_ObjectCategories/133.lightning/133_0070.jpg,132,133.lightning
data/raw/caltech256/256_ObjectCategories/133.lightning/133_0096.jpg,132,133.lightning
data/raw/caltech256/256_ObjectCategories/133.lightning/133_0128.jpg,132,133.lightning
data/raw/caltech256/256_ObjectCategories/133.lightning/133_0073.jpg,132,133.lightning
data/raw/caltech256/256_ObjectCategories/133.lightning/133_0051.jpg,132,133.lightning
data/raw/caltech256/256_ObjectCategories/133.lightning/133_0013.jpg,132,133.lightning
data/raw/caltech256/256_ObjectCategories/133.lightning/133_0077.jpg,132,133.lightning
data/raw/caltech256/256_ObjectCategories/134.llama-101/134_0050.jpg,133,134.llama-101
data/raw/caltech256/256_ObjectCategories/134.llama-101/134_0007.jpg,133,134.llama-101
data/raw/caltech256/256_ObjectCategories/134.llama-101/134_0014.jpg,133,134.llama-101
data/raw/caltech256/256_ObjectCategories/134.llama-101/134_0046.jpg,133,134.llama-101
data/raw/caltech256/256_ObjectCategories/134.llama-101/134_0094.jpg,133,134.llama-101
data/raw/caltech256/256_ObjectCategories/134.llama-101/134_0060.jpg,133,134.llama-101
data/raw/caltech256/256_ObjectCategories/134.llama-101/134_0040.jpg,133,134.llama-101
data/raw/caltech256/256_ObjectCategories/134.llama-101/134_0023.jpg,133,134.llama-101
data/raw/caltech256/256_ObjectCategories/134.llama-101/134_0086.jpg,133,134.llama-101
data/raw/caltech256/256_ObjectCategories/134.llama-101/134_0028.jpg,133,134.llama-101
data/raw/caltech256/256_ObjectCategories/134.llama-101/134_0093.jpg,133,134.llama-101
data/raw/caltech256/256_ObjectCategories/134.llama-101/134_0010.jpg,133,134.llama-101
data/raw/caltech256/256_ObjectCategories/134.llama-101/134_0112.jpg,133,134.llama-101
data/raw/caltech256/256_ObjectCategories/134.llama-101/134_0038.jpg,133,134.llama-101
data/raw/caltech256/256_ObjectCategories/134.llama-101/134_0019.jpg,133,134.llama-101
data/raw/caltech256/256_ObjectCategories/134.llama-101/134_0061.jpg,133,134.llama-101
data/raw/caltech256/256_ObjectCategories/134.llama-101/134_0066.jpg,133,134.llama-101
data/raw/caltech256/256_ObjectCategories/134.llama-101/134_0103.jpg,133,134.llama-101
data/raw/caltech256/256_ObjectCategories/134.llama-101/134_0076.jpg,133,134.llama-101
data/raw/caltech256/256_ObjectCategories/134.llama-101/134_0118.jpg,133,134.llama-101
data/raw/caltech256/256_ObjectCategories/134.llama-101/134_0042.jpg,133,134.llama-101
data/raw/caltech256/256_ObjectCategories/134.llama-101/134_0071.jpg,133,134.llama-101
data/raw/caltech256/256_ObjectCategories/134.llama-101/134_0106.jpg,133,134.llama-101
data/raw/caltech256/256_ObjectCategories/134.llama-101/134_0064.jpg,133,134.llama-101
data/raw/caltech256/256_ObjectCategories/134.llama-101/134_0055.jpg,133,134.llama-101
data/raw/caltech256/256_ObjectCategories/134.llama-101/134_0092.jpg,133,134.llama-101
data/raw/caltech256/256_ObjectCategories/134.llama-101/134_0018.jpg,133,134.llama-101
data/raw/caltech256/256_ObjectCategories/134.llama-101/134_0073.jpg,133,134.llama-101
data/raw/caltech256/256_ObjectCategories/134.llama-101/134_0016.jpg,133,134.llama-101
data/raw/caltech256/256_ObjectCategories/134.llama-101/134_0047.jpg,133,134.llama-101
data/raw/caltech256/256_ObjectCategories/134.llama-101/134_0116.jpg,133,134.llama-101
data/raw/caltech256/256_ObjectCategories/134.llama-101/134_0036.jpg,133,134.llama-101
data/raw/caltech256/256_ObjectCategories/134.llama-101/134_0027.jpg,133,134.llama-101
data/raw/caltech256/256_ObjectCategories/134.llama-101/134_0084.jpg,133,134.llama-101
data/raw/caltech256/256_ObjectCategories/134.llama-101/134_0089.jpg,133,134.llama-101
data/raw/caltech256/256_ObjectCategories/134.llama-101/134_0117.jpg,133,134.llama-101
data/raw/caltech256/256_ObjectCategories/134.llama-101/134_0104.jpg,133,134.llama-101
data/raw/caltech256/256_ObjectCategories/134.llama-101/134_0072.jpg,133,134.llama-101
data/raw/caltech256/256_ObjectCategories/134.llama-101/134_0004.jpg,133,134.llama-101
data/raw/caltech256/256_ObjectCategories/134.llama-101/134_0105.jpg,133,134.llama-101
data/raw/caltech256/256_ObjectCategories/134.llama-101/134_0032.jpg,133,134.llama-101
data/raw/caltech256/256_ObjectCategories/134.llama-101/134_0013.jpg,133,134.llama-101
data/raw/caltech256/256_ObjectCategories/135.mailbox/135_0040.jpg,134,135.mailbox
data/raw/caltech256/256_ObjectCategories/135.mailbox/135_0076.jpg,134,135.mailbox
data/raw/caltech256/256_ObjectCategories/135.mailbox/135_0054.jpg,134,135.mailbox
data/raw/caltech256/256_ObjectCategories/135.mailbox/135_0013.jpg,134,135.mailbox
data/raw/caltech256/256_ObjectCategories/135.mailbox/135_0032.jpg,134,135.mailbox
data/raw/caltech256/256_ObjectCategories/135.mailbox/135_0061.jpg,134,135.mailbox
data/raw/caltech256/256_ObjectCategories/135.mailbox/135_0088.jpg,134,135.mailbox
data/raw/caltech256/256_ObjectCategories/135.mailbox/135_0048.jpg,134,135.mailbox
data/raw/caltech256/256_ObjectCategories/135.mailbox/135_0025.jpg,134,135.mailbox
data/raw/caltech256/256_ObjectCategories/135.mailbox/135_0029.jpg,134,135.mailbox
data/raw/caltech256/256_ObjectCategories/135.mailbox/135_0037.jpg,134,135.mailbox
data/raw/caltech256/256_ObjectCategories/135.mailbox/135_0017.jpg,134,135.mailbox
data/raw/caltech256/256_ObjectCategories/135.mailbox/135_0016.jpg,134,135.mailbox
data/raw/caltech256/256_ObjectCategories/135.mailbox/135_0079.jpg,134,135.mailbox
data/raw/caltech256/256_ObjectCategories/135.mailbox/135_0035.jpg,134,135.mailbox
data/raw/caltech256/256_ObjectCategories/135.mailbox/135_0007.jpg,134,135.mailbox
data/raw/caltech256/256_ObjectCategories/135.mailbox/135_0072.jpg,134,135.mailbox
data/raw/caltech256/256_ObjectCategories/135.mailbox/135_0023.jpg,134,135.mailbox
data/raw/caltech256/256_ObjectCategories/135.mailbox/135_0073.jpg,134,135.mailbox
data/raw/caltech256/256_ObjectCategories/135.mailbox/135_0047.jpg,134,135.mailbox
data/raw/caltech256/256_ObjectCategories/135.mailbox/135_0038.jpg,134,135.mailbox
data/raw/caltech256/256_ObjectCategories/135.mailbox/135_0058.jpg,134,135.mailbox
data/raw/caltech256/256_ObjectCategories/135.mailbox/135_0083.jpg,134,135.mailbox
data/raw/caltech256/256_ObjectCategories/135.mailbox/135_0057.jpg,134,135.mailbox
data/raw/caltech256/256_ObjectCategories/135.mailbox/135_0036.jpg,134,135.mailbox
data/raw/caltech256/256_ObjectCategories/135.mailbox/135_0085.jpg,134,135.mailbox
data/raw/caltech256/256_ObjectCategories/135.mailbox/135_0071.jpg,134,135.mailbox
data/raw/caltech256/256_ObjectCategories/135.mailbox/135_0063.jpg,134,135.mailbox
data/raw/caltech256/256_ObjectCategories/135.mailbox/135_0091.jpg,134,135.mailbox
data/raw/caltech256/256_ObjectCategories/135.mailbox/135_0021.jpg,134,135.mailbox
data/raw/caltech256/256_ObjectCategories/135.mailbox/135_0082.jpg,134,135.mailbox
data/raw/caltech256/256_ObjectCategories/135.mailbox/135_0092.jpg,134,135.mailbox
data/raw/caltech256/256_ObjectCategories/135.mailbox/135_0066.jpg,134,135.mailbox
data/raw/caltech256/256_ObjectCategories/136.mandolin/136_0012.jpg,135,136.mandolin
data/raw/caltech256/256_ObjectCategories/136.mandolin/136_0073.jpg,135,136.mandolin
data/raw/caltech256/256_ObjectCategories/136.mandolin/136_0019.jpg,135,136.mandolin
data/raw/caltech256/256_ObjectCategories/136.mandolin/136_0021.jpg,135,136.mandolin
data/raw/caltech256/256_ObjectCategories/136.mandolin/136_0089.jpg,135,136.mandolin
data/raw/caltech256/256_ObjectCategories/136.mandolin/136_0042.jpg,135,136.mandolin
data/raw/caltech256/256_ObjectCategories/136.mandolin/136_0007.jpg,135,136.mandolin
data/raw/caltech256/256_ObjectCategories/136.mandolin/136_0014.jpg,135,136.mandolin
data/raw/caltech256/256_ObjectCategories/136.mandolin/136_0076.jpg,135,136.mandolin
data/raw/caltech256/256_ObjectCategories/136.mandolin/136_0032.jpg,135,136.mandolin
data/raw/caltech256/256_ObjectCategories/136.mandolin/136_0023.jpg,135,136.mandolin
data/raw/caltech256/256_ObjectCategories/136.mandolin/136_0069.jpg,135,136.mandolin
data/raw/caltech256/256_ObjectCategories/136.mandolin/136_0006.jpg,135,136.mandolin
data/raw/caltech256/256_ObjectCategories/136.mandolin/136_0068.jpg,135,136.mandolin
data/raw/caltech256/256_ObjectCategories/136.mandolin/136_0033.jpg,135,136.mandolin
data/raw/caltech256/256_ObjectCategories/136.mandolin/136_0015.jpg,135,136.mandolin
data/raw/caltech256/256_ObjectCategories/136.mandolin/136_0057.jpg,135,136.mandolin
data/raw/caltech256/256_ObjectCategories/136.mandolin/136_0027.jpg,135,136.mandolin
data/raw/caltech256/256_ObjectCategories/136.mandolin/136_0008.jpg,135,136.mandolin
data/raw/caltech256/256_ObjectCategories/136.mandolin/136_0063.jpg,135,136.mandolin
data/raw/caltech256/256_ObjectCategories/136.mandolin/136_0062.jpg,135,136.mandolin
data/raw/caltech256/256_ObjectCategories/136.mandolin/136_0010.jpg,135,136.mandolin
data/raw/caltech256/256_ObjectCategories/136.mandolin/136_0071.jpg,135,136.mandolin
data/raw/caltech256/256_ObjectCategories/136.mandolin/136_0035.jpg,135,136.mandolin
data/raw/caltech256/256_ObjectCategories/136.mandolin/136_0045.jpg,135,136.mandolin
data/raw/caltech256/256_ObjectCategories/136.mandolin/136_0018.jpg,135,136.mandolin
data/raw/caltech256/256_ObjectCategories/136.mandolin/136_0080.jpg,135,136.mandolin
data/raw/caltech256/256_ObjectCategories/136.mandolin/136_0052.jpg,135,136.mandolin
data/raw/caltech256/256_ObjectCategories/136.mandolin/136_0092.jpg,135,136.mandolin
data/raw/caltech256/256_ObjectCategories/136.mandolin/136_0025.jpg,135,136.mandolin
data/raw/caltech256/256_ObjectCategories/136.mandolin/136_0093.jpg,135,136.mandolin
data/raw/caltech256/256_ObjectCategories/136.mandolin/136_0001.jpg,135,136.mandolin
data/raw/caltech256/256_ObjectCategories/136.mandolin/136_0048.jpg,135,136.mandolin
data/raw/caltech256/256_ObjectCategories/137.mars/137_0115.jpg,136,137.mars
data/raw/caltech256/256_ObjectCategories/137.mars/137_0037.jpg,136,137.mars
data/raw/caltech256/256_ObjectCategories/137.mars/137_0093.jpg,136,137.mars
data/raw/caltech256/256_ObjectCategories/137.mars/137_0056.jpg,136,137.mars
data/raw/caltech256/256_ObjectCategories/137.mars/137_0085.jpg,136,137.mars
data/raw/caltech256/256_ObjectCategories/137.mars/137_0053.jpg,136,137.mars
data/raw/caltech256/256_ObjectCategories/137.mars/137_0105.jpg,136,137.mars
data/raw/caltech256/256_ObjectCategories/137.mars/137_0131.jpg,136,137.mars
data/raw/caltech256/256_ObjectCategories/137.mars/137_0087.jpg,136,137.mars
data/raw/caltech256/256_ObjectCategories/137.mars/137_0095.jpg,136,137.mars
data/raw/caltech256/256_ObjectCategories/137.mars/137_0080.jpg,136,137.mars
data/raw/caltech256/256_ObjectCategories/137.mars/137_0041.jpg,136,137.mars
data/raw/caltech256/256_ObjectCategories/137.mars/137_0153.jpg,136,137.mars
data/raw/caltech256/256_ObjectCategories/137.mars/137_0106.jpg,136,137.mars
data/raw/caltech256/256_ObjectCategories/137.mars/137_0066.jpg,136,137.mars
data/raw/caltech256/256_ObjectCategories/137.mars/137_0006.jpg,136,137.mars
data/raw/caltech256/256_ObjectCategories/137.mars/137_0045.jpg,136,137.mars
data/raw/caltech256/256_ObjectCategories/137.mars/137_0062.jpg,136,137.mars
data/raw/caltech256/256_ObjectCategories/137.mars/137_0012.jpg,136,137.mars
data/raw/caltech256/256_ObjectCategories/137.mars/137_0015.jpg,136,137.mars
data/raw/caltech256/256_ObjectCategories/137.mars/137_0077.jpg,136,137.mars
data/raw/caltech256/256_ObjectCategories/137.mars/137_0120.jpg,136,137.mars
data/raw/caltech256/256_ObjectCategories/137.mars/137_0064.jpg,136,137.mars
data/raw/caltech256/256_ObjectCategories/137.mars/137_0034.jpg,136,137.mars
data/raw/caltech256/256_ObjectCategories/137.mars/137_0020.jpg,136,137.mars
data/raw/caltech256/256_ObjectCategories/137.mars/137_0145.jpg,136,137.mars
data/raw/caltech256/256_ObjectCategories/137.mars/137_0155.jpg,136,137.mars
data/raw/caltech256/256_ObjectCategories/137.mars/137_0104.jpg,136,137.mars
data/raw/caltech256/256_ObjectCategories/137.mars/137_0005.jpg,136,137.mars
data/raw/caltech256/256_ObjectCategories/137.mars/137_0123.jpg,136,137.mars
data/raw/caltech256/256_ObjectCategories/137.mars/137_0033.jpg,136,137.mars
data/raw/caltech256/256_ObjectCategories/137.mars/137_0044.jpg,136,137.mars
data/raw/caltech256/256_ObjectCategories/137.mars/137_0008.jpg,136,137.mars
data/raw/caltech256/256_ObjectCategories/137.mars/137_0086.jpg,136,137.mars
data/raw/caltech256/256_ObjectCategories/137.mars/137_0024.jpg,136,137.mars
data/raw/caltech256/256_ObjectCategories/137.mars/137_0009.jpg,136,137.mars
data/raw/caltech256/256_ObjectCategories/137.mars/137_0098.jpg,136,137.mars
data/raw/caltech256/256_ObjectCategories/137.mars/137_0036.jpg,136,137.mars
data/raw/caltech256/256_ObjectCategories/137.mars/137_0078.jpg,136,137.mars
data/raw/caltech256/256_ObjectCategories/137.mars/137_0067.jpg,136,137.mars
data/raw/caltech256/256_ObjectCategories/137.mars/137_0057.jpg,136,137.mars
data/raw/caltech256/256_ObjectCategories/137.mars/137_0075.jpg,136,137.mars
data/raw/caltech256/256_ObjectCategories/137.mars/137_0050.jpg,136,137.mars
data/raw/caltech256/256_ObjectCategories/137.mars/137_0130.jpg,136,137.mars
data/raw/caltech256/256_ObjectCategories/137.mars/137_0026.jpg,136,137.mars
data/raw/caltech256/256_ObjectCategories/137.mars/137_0126.jpg,136,137.mars
data/raw/caltech256/256_ObjectCategories/137.mars/137_0004.jpg,136,137.mars
data/raw/caltech256/256_ObjectCategories/137.mars/137_0107.jpg,136,137.mars
data/raw/caltech256/256_ObjectCategories/137.mars/137_0127.jpg,136,137.mars
data/raw/caltech256/256_ObjectCategories/137.mars/137_0038.jpg,136,137.mars
data/raw/caltech256/256_ObjectCategories/137.mars/137_0112.jpg,136,137.mars
data/raw/caltech256/256_ObjectCategories/137.mars/137_0048.jpg,136,137.mars
data/raw/caltech256/256_ObjectCategories/137.mars/137_0154.jpg,136,137.mars
data/raw/caltech256/256_ObjectCategories/137.mars/137_0101.jpg,136,137.mars
data/raw/caltech256/256_ObjectCategories/137.mars/137_0023.jpg,136,137.mars
data/raw/caltech256/256_ObjectCategories/138.mattress/138_0067.jpg,137,138.mattress
data/raw/caltech256/256_ObjectCategories/138.mattress/138_0049.jpg,137,138.mattress
data/raw/caltech256/256_ObjectCategories/138.mattress/138_0036.jpg,137,138.mattress
data/raw/caltech256/256_ObjectCategories/138.mattress/138_0071.jpg,137,138.mattress
data/raw/caltech256/256_ObjectCategories/138.mattress/138_0087.jpg,137,138.mattress
data/raw/caltech256/256_ObjectCategories/138.mattress/138_0008.jpg,137,138.mattress
data/raw/caltech256/256_ObjectCategories/138.mattress/138_0133.jpg,137,138.mattress
data/raw/caltech256/256_ObjectCategories/138.mattress/138_0108.jpg,137,138.mattress
data/raw/caltech256/256_ObjectCategories/138.mattress/138_0061.jpg,137,138.mattress
data/raw/caltech256/256_ObjectCategories/138.mattress/138_0187.jpg,137,138.mattress
data/raw/caltech256/256_ObjectCategories/138.mattress/138_0158.jpg,137,138.mattress
data/raw/caltech256/256_ObjectCategories/138.mattress/138_0023.jpg,137,138.mattress
data/raw/caltech256/256_ObjectCategories/138.mattress/138_0089.jpg,137,138.mattress
data/raw/caltech256/256_ObjectCategories/138.mattress/138_0066.jpg,137,138.mattress
data/raw/caltech256/256_ObjectCategories/138.mattress/138_0001.jpg,137,138.mattress
data/raw/caltech256/256_ObjectCategories/138.mattress/138_0059.jpg,137,138.mattress
data/raw/caltech256/256_ObjectCategories/138.mattress/138_0044.jpg,137,138.mattress
data/raw/caltech256/256_ObjectCategories/138.mattress/138_0031.jpg,137,138.mattress
data/raw/caltech256/256_ObjectCategories/138.mattress/138_0070.jpg,137,138.mattress
data/raw/caltech256/256_ObjectCategories/138.mattress/138_0019.jpg,137,138.mattress
data/raw/caltech256/256_ObjectCategories/138.mattress/138_0146.jpg,137,138.mattress
data/raw/caltech256/256_ObjectCategories/138.mattress/138_0058.jpg,137,138.mattress
data/raw/caltech256/256_ObjectCategories/138.mattress/138_0121.jpg,137,138.mattress
data/raw/caltech256/256_ObjectCategories/138.mattress/138_0043.jpg,137,138.mattress
data/raw/caltech256/256_ObjectCategories/138.mattress/138_0153.jpg,137,138.mattress
data/raw/caltech256/256_ObjectCategories/138.mattress/138_0009.jpg,137,138.mattress
data/raw/caltech256/256_ObjectCategories/138.mattress/138_0173.jpg,137,138.mattress
data/raw/caltech256/256_ObjectCategories/138.mattress/138_0007.jpg,137,138.mattress
data/raw/caltech256/256_ObjectCategories/138.mattress/138_0047.jpg,137,138.mattress
data/raw/caltech256/256_ObjectCategories/138.mattress/138_0032.jpg,137,138.mattress
data/raw/caltech256/256_ObjectCategories/138.mattress/138_0130.jpg,137,138.mattress
data/raw/caltech256/256_ObjectCategories/138.mattress/138_0177.jpg,137,138.mattress
data/raw/caltech256/256_ObjectCategories/138.mattress/138_0144.jpg,137,138.mattress
data/raw/caltech256/256_ObjectCategories/138.mattress/138_0086.jpg,137,138.mattress
data/raw/caltech256/256_ObjectCategories/138.mattress/138_0122.jpg,137,138.mattress
data/raw/caltech256/256_ObjectCategories/138.mattress/138_0003.jpg,137,138.mattress
data/raw/caltech256/256_ObjectCategories/138.mattress/138_0051.jpg,137,138.mattress
data/raw/caltech256/256_ObjectCategories/138.mattress/138_0052.jpg,137,138.mattress
data/raw/caltech256/256_ObjectCategories/138.mattress/138_0178.jpg,137,138.mattress
data/raw/caltech256/256_ObjectCategories/138.mattress/138_0073.jpg,137,138.mattress
data/raw/caltech256/256_ObjectCategories/138.mattress/138_0016.jpg,137,138.mattress
data/raw/caltech256/256_ObjectCategories/138.mattress/138_0156.jpg,137,138.mattress
data/raw/caltech256/256_ObjectCategories/138.mattress/138_0143.jpg,137,138.mattress
data/raw/caltech256/256_ObjectCategories/138.mattress/138_0147.jpg,137,138.mattress
data/raw/caltech256/256_ObjectCategories/138.mattress/138_0117.jpg,137,138.mattress
data/raw/caltech256/256_ObjectCategories/138.mattress/138_0154.jpg,137,138.mattress
data/raw/caltech256/256_ObjectCategories/138.mattress/138_0149.jpg,137,138.mattress
data/raw/caltech256/256_ObjectCategories/138.mattress/138_0018.jpg,137,138.mattress
data/raw/caltech256/256_ObjectCategories/138.mattress/138_0131.jpg,137,138.mattress
data/raw/caltech256/256_ObjectCategories/138.mattress/138_0119.jpg,137,138.mattress
data/raw/caltech256/256_ObjectCategories/138.mattress/138_0090.jpg,137,138.mattress
data/raw/caltech256/256_ObjectCategories/138.mattress/138_0053.jpg,137,138.mattress
data/raw/caltech256/256_ObjectCategories/138.mattress/138_0093.jpg,137,138.mattress
data/raw/caltech256/256_ObjectCategories/138.mattress/138_0120.jpg,137,138.mattress
data/raw/caltech256/256_ObjectCategories/138.mattress/138_0045.jpg,137,138.mattress
data/raw/caltech256/256_ObjectCategories/138.mattress/138_0188.jpg,137,138.mattress
data/raw/caltech256/256_ObjectCategories/138.mattress/138_0026.jpg,137,138.mattress
data/raw/caltech256/256_ObjectCategories/138.mattress/138_0185.jpg,137,138.mattress
data/raw/caltech256/256_ObjectCategories/138.mattress/138_0012.jpg,137,138.mattress
data/raw/caltech256/256_ObjectCategories/138.mattress/138_0107.jpg,137,138.mattress
data/raw/caltech256/256_ObjectCategories/138.mattress/138_0167.jpg,137,138.mattress
data/raw/caltech256/256_ObjectCategories/138.mattress/138_0116.jpg,137,138.mattress
data/raw/caltech256/256_ObjectCategories/138.mattress/138_0166.jpg,137,138.mattress
data/raw/caltech256/256_ObjectCategories/138.mattress/138_0062.jpg,137,138.mattress
data/raw/caltech256/256_ObjectCategories/138.mattress/138_0057.jpg,137,138.mattress
data/raw/caltech256/256_ObjectCategories/138.mattress/138_0184.jpg,137,138.mattress
data/raw/caltech256/256_ObjectCategories/138.mattress/138_0075.jpg,137,138.mattress
data/raw/caltech256/256_ObjectCategories/138.mattress/138_0151.jpg,137,138.mattress
data/raw/caltech256/256_ObjectCategories/139.megaphone/139_0003.jpg,138,139.megaphone
data/raw/caltech256/256_ObjectCategories/139.megaphone/139_0001.jpg,138,139.megaphone
data/raw/caltech256/256_ObjectCategories/139.megaphone/139_0019.jpg,138,139.megaphone
data/raw/caltech256/256_ObjectCategories/139.megaphone/139_0039.jpg,138,139.megaphone
data/raw/caltech256/256_ObjectCategories/139.megaphone/139_0085.jpg,138,139.megaphone
data/raw/caltech256/256_ObjectCategories/139.megaphone/139_0066.jpg,138,139.megaphone
data/raw/caltech256/256_ObjectCategories/139.megaphone/139_0061.jpg,138,139.megaphone
data/raw/caltech256/256_ObjectCategories/139.megaphone/139_0010.jpg,138,139.megaphone
data/raw/caltech256/256_ObjectCategories/139.megaphone/139_0054.jpg,138,139.megaphone
data/raw/caltech256/256_ObjectCategories/139.megaphone/139_0042.jpg,138,139.megaphone
data/raw/caltech256/256_ObjectCategories/139.megaphone/139_0036.jpg,138,139.megaphone
data/raw/caltech256/256_ObjectCategories/139.megaphone/139_0052.jpg,138,139.megaphone
data/raw/caltech256/256_ObjectCategories/139.megaphone/139_0009.jpg,138,139.megaphone
data/raw/caltech256/256_ObjectCategories/139.megaphone/139_0006.jpg,138,139.megaphone
data/raw/caltech256/256_ObjectCategories/139.megaphone/139_0014.jpg,138,139.megaphone
data/raw/caltech256/256_ObjectCategories/139.megaphone/139_0043.jpg,138,139.megaphone
data/raw/caltech256/256_ObjectCategories/139.megaphone/139_0067.jpg,138,139.megaphone
data/raw/caltech256/256_ObjectCategories/139.megaphone/139_0038.jpg,138,139.megaphone
data/raw/caltech256/256_ObjectCategories/139.megaphone/139_0048.jpg,138,139.megaphone
data/raw/caltech256/256_ObjectCategories/139.megaphone/139_0016.jpg,138,139.megaphone
data/raw/caltech256/256_ObjectCategories/139.megaphone/139_0005.jpg,138,139.megaphone
data/raw/caltech256/256_ObjectCategories/139.megaphone/139_0078.jpg,138,139.megaphone
data/raw/caltech256/256_ObjectCategories/139.megaphone/139_0011.jpg,138,139.megaphone
data/raw/caltech256/256_ObjectCategories/139.megaphone/139_0053.jpg,138,139.megaphone
data/raw/caltech256/256_ObjectCategories/139.megaphone/139_0047.jpg,138,139.megaphone
data/raw/caltech256/256_ObjectCategories/139.megaphone/139_0059.jpg,138,139.megaphone
data/raw/caltech256/256_ObjectCategories/139.megaphone/139_0073.jpg,138,139.megaphone
data/raw/caltech256/256_ObjectCategories/139.megaphone/139_0017.jpg,138,139.megaphone
data/raw/caltech256/256_ObjectCategories/139.megaphone/139_0025.jpg,138,139.megaphone
data/raw/caltech256/256_ObjectCategories/139.megaphone/139_0034.jpg,138,139.megaphone
data/raw/caltech256/256_ObjectCategories/140.menorah-101/140_0072.jpg,139,140.menorah-101
data/raw/caltech256/256_ObjectCategories/140.menorah-101/140_0077.jpg,139,140.menorah-101
data/raw/caltech256/256_ObjectCategories/140.menorah-101/140_0021.jpg,139,140.menorah-101
data/raw/caltech256/256_ObjectCategories/140.menorah-101/140_0061.jpg,139,140.menorah-101
data/raw/caltech256/256_ObjectCategories/140.menorah-101/140_0015.jpg,139,140.menorah-101
data/raw/caltech256/256_ObjectCategories/140.menorah-101/140_0044.jpg,139,140.menorah-101
data/raw/caltech256/256_ObjectCategories/140.menorah-101/140_0065.jpg,139,140.menorah-101
data/raw/caltech256/256_ObjectCategories/140.menorah-101/140_0002.jpg,139,140.menorah-101
data/raw/caltech256/256_ObjectCategories/140.menorah-101/140_0030.jpg,139,140.menorah-101
data/raw/caltech256/256_ObjectCategories/140.menorah-101/140_0075.jpg,139,140.menorah-101
data/raw/caltech256/256_ObjectCategories/140.menorah-101/140_0054.jpg,139,140.menorah-101
data/raw/caltech256/256_ObjectCategories/140.menorah-101/140_0011.jpg,139,140.menorah-101
data/raw/caltech256/256_ObjectCategories/140.menorah-101/140_0037.jpg,139,140.menorah-101
data/raw/caltech256/256_ObjectCategories/140.menorah-101/140_0076.jpg,139,140.menorah-101
data/raw/caltech256/256_ObjectCategories/140.menorah-101/140_0053.jpg,139,140.menorah-101
data/raw/caltech256/256_ObjectCategories/140.menorah-101/140_0025.jpg,139,140.menorah-101
data/raw/caltech256/256_ObjectCategories/140.menorah-101/140_0027.jpg,139,140.menorah-101
data/raw/caltech256/256_ObjectCategories/140.menorah-101/140_0089.jpg,139,140.menorah-101
data/raw/caltech256/256_ObjectCategories/140.menorah-101/140_0033.jpg,139,140.menorah-101
data/raw/caltech256/256_ObjectCategories/140.menorah-101/140_0046.jpg,139,140.menorah-101
data/raw/caltech256/256_ObjectCategories/140.menorah-101/140_0069.jpg,139,140.menorah-101
data/raw/caltech256/256_ObjectCategories/140.menorah-101/140_0049.jpg,139,140.menorah-101
data/raw/caltech256/256_ObjectCategories/140.menorah-101/140_0086.jpg,139,140.menorah-101
data/raw/caltech256/256_ObjectCategories/140.menorah-101/140_0055.jpg,139,140.menorah-101
data/raw/caltech256/256_ObjectCategories/140.menorah-101/140_0047.jpg,139,140.menorah-101
data/raw/caltech256/256_ObjectCategories/140.menorah-101/140_0036.jpg,139,140.menorah-101
data/raw/caltech256/256_ObjectCategories/140.menorah-101/140_0085.jpg,139,140.menorah-101
data/raw/caltech256/256_ObjectCategories/140.menorah-101/140_0020.jpg,139,140.menorah-101
data/raw/caltech256/256_ObjectCategories/140.menorah-101/140_0087.jpg,139,140.menorah-101
data/raw/caltech256/256_ObjectCategories/140.menorah-101/140_0043.jpg,139,140.menorah-101
data/raw/caltech256/256_ObjectCategories/140.menorah-101/140_0034.jpg,139,140.menorah-101
data/raw/caltech256/256_ObjectCategories/141.microscope/141_0021.jpg,140,141.microscope
data/raw/caltech256/256_ObjectCategories/141.microscope/141_0070.jpg,140,141.microscope
data/raw/caltech256/256_ObjectCategories/141.microscope/141_0098.jpg,140,141.microscope
data/raw/caltech256/256_ObjectCategories/141.microscope/141_0088.jpg,140,141.microscope
data/raw/caltech256/256_ObjectCategories/141.microscope/141_0100.jpg,140,141.microscope
data/raw/caltech256/256_ObjectCategories/141.microscope/141_0048.jpg,140,141.microscope
data/raw/caltech256/256_ObjectCategories/141.microscope/141_0026.jpg,140,141.microscope
data/raw/caltech256/256_ObjectCategories/141.microscope/141_0082.jpg,140,141.microscope
data/raw/caltech256/256_ObjectCategories/141.microscope/141_0104.jpg,140,141.microscope
data/raw/caltech256/256_ObjectCategories/141.microscope/141_0025.jpg,140,141.microscope
data/raw/caltech256/256_ObjectCategories/141.microscope/141_0055.jpg,140,141.microscope
data/raw/caltech256/256_ObjectCategories/141.microscope/141_0094.jpg,140,141.microscope
data/raw/caltech256/256_ObjectCategories/141.microscope/141_0040.jpg,140,141.microscope
data/raw/caltech256/256_ObjectCategories/141.microscope/141_0007.jpg,140,141.microscope
data/raw/caltech256/256_ObjectCategories/141.microscope/141_0063.jpg,140,141.microscope
data/raw/caltech256/256_ObjectCategories/141.microscope/141_0013.jpg,140,141.microscope
data/raw/caltech256/256_ObjectCategories/141.microscope/141_0066.jpg,140,141.microscope
data/raw/caltech256/256_ObjectCategories/141.microscope/141_0067.jpg,140,141.microscope
data/raw/caltech256/256_ObjectCategories/141.microscope/141_0076.jpg,140,141.microscope
data/raw/caltech256/256_ObjectCategories/141.microscope/141_0022.jpg,140,141.microscope
data/raw/caltech256/256_ObjectCategories/141.microscope/141_0034.jpg,140,141.microscope
data/raw/caltech256/256_ObjectCategories/141.microscope/141_0043.jpg,140,141.microscope
data/raw/caltech256/256_ObjectCategories/141.microscope/141_0032.jpg,140,141.microscope
data/raw/caltech256/256_ObjectCategories/141.microscope/141_0029.jpg,140,141.microscope
data/raw/caltech256/256_ObjectCategories/141.microscope/141_0027.jpg,140,141.microscope
data/raw/caltech256/256_ObjectCategories/141.microscope/141_0075.jpg,140,141.microscope
data/raw/caltech256/256_ObjectCategories/141.microscope/141_0089.jpg,140,141.microscope
data/raw/caltech256/256_ObjectCategories/141.microscope/141_0113.jpg,140,141.microscope
data/raw/caltech256/256_ObjectCategories/141.microscope/141_0008.jpg,140,141.microscope
data/raw/caltech256/256_ObjectCategories/141.microscope/141_0005.jpg,140,141.microscope
data/raw/caltech256/256_ObjectCategories/141.microscope/141_0015.jpg,140,141.microscope
data/raw/caltech256/256_ObjectCategories/141.microscope/141_0111.jpg,140,141.microscope
data/raw/caltech256/256_ObjectCategories/141.microscope/141_0018.jpg,140,141.microscope
data/raw/caltech256/256_ObjectCategories/141.microscope/141_0109.jpg,140,141.microscope
data/raw/caltech256/256_ObjectCategories/141.microscope/141_0099.jpg,140,141.microscope
data/raw/caltech256/256_ObjectCategories/141.microscope/141_0072.jpg,140,141.microscope
data/raw/caltech256/256_ObjectCategories/141.microscope/141_0069.jpg,140,141.microscope
data/raw/caltech256/256_ObjectCategories/141.microscope/141_0044.jpg,140,141.microscope
data/raw/caltech256/256_ObjectCategories/141.microscope/141_0108.jpg,140,141.microscope
data/raw/caltech256/256_ObjectCategories/141.microscope/141_0042.jpg,140,141.microscope
data/raw/caltech256/256_ObjectCategories/141.microscope/141_0016.jpg,140,141.microscope
data/raw/caltech256/256_ObjectCategories/142.microwave/142_0020.jpg,141,142.microwave
data/raw/caltech256/256_ObjectCategories/142.microwave/142_0015.jpg,141,142.microwave
data/raw/caltech256/256_ObjectCategories/142.microwave/142_0093.jpg,141,142.microwave
data/raw/caltech256/256_ObjectCategories/142.microwave/142_0043.jpg,141,142.microwave
data/raw/caltech256/256_ObjectCategories/142.microwave/142_0068.jpg,141,142.microwave
data/raw/caltech256/256_ObjectCategories/142.microwave/142_0007.jpg,141,142.microwave
data/raw/caltech256/256_ObjectCategories/142.microwave/142_0002.jpg,141,142.microwave
data/raw/caltech256/256_ObjectCategories/142.microwave/142_0027.jpg,141,142.microwave
data/raw/caltech256/256_ObjectCategories/142.microwave/142_0082.jpg,141,142.microwave
data/raw/caltech256/256_ObjectCategories/142.microwave/142_0025.jpg,141,142.microwave
data/raw/caltech256/256_ObjectCategories/142.microwave/142_0100.jpg,141,142.microwave
data/raw/caltech256/256_ObjectCategories/142.microwave/142_0026.jpg,141,142.microwave
data/raw/caltech256/256_ObjectCategories/142.microwave/142_0081.jpg,141,142.microwave
data/raw/caltech256/256_ObjectCategories/142.microwave/142_0107.jpg,141,142.microwave
data/raw/caltech256/256_ObjectCategories/142.microwave/142_0066.jpg,141,142.microwave
data/raw/caltech256/256_ObjectCategories/142.microwave/142_0056.jpg,141,142.microwave
data/raw/caltech256/256_ObjectCategories/142.microwave/142_0086.jpg,141,142.microwave
data/raw/caltech256/256_ObjectCategories/142.microwave/142_0065.jpg,141,142.microwave
data/raw/caltech256/256_ObjectCategories/142.microwave/142_0003.jpg,141,142.microwave
data/raw/caltech256/256_ObjectCategories/142.microwave/142_0006.jpg,141,142.microwave
data/raw/caltech256/256_ObjectCategories/142.microwave/142_0102.jpg,141,142.microwave
data/raw/caltech256/256_ObjectCategories/142.microwave/142_0009.jpg,141,142.microwave
data/raw/caltech256/256_ObjectCategories/142.microwave/142_0018.jpg,141,142.microwave
data/raw/caltech256/256_ObjectCategories/142.microwave/142_0085.jpg,141,142.microwave
data/raw/caltech256/256_ObjectCategories/142.microwave/142_0023.jpg,141,142.microwave
data/raw/caltech256/256_ObjectCategories/142.microwave/142_0072.jpg,141,142.microwave
data/raw/caltech256/256_ObjectCategories/142.microwave/142_0078.jpg,141,142.microwave
data/raw/caltech256/256_ObjectCategories/142.microwave/142_0049.jpg,141,142.microwave
data/raw/caltech256/256_ObjectCategories/142.microwave/142_0052.jpg,141,142.microwave
data/raw/caltech256/256_ObjectCategories/142.microwave/142_0035.jpg,141,142.microwave
data/raw/caltech256/256_ObjectCategories/142.microwave/142_0005.jpg,141,142.microwave
data/raw/caltech256/256_ObjectCategories/142.microwave/142_0075.jpg,141,142.microwave
data/raw/caltech256/256_ObjectCategories/142.microwave/142_0044.jpg,141,142.microwave
data/raw/caltech256/256_ObjectCategories/142.microwave/142_0014.jpg,141,142.microwave
data/raw/caltech256/256_ObjectCategories/142.microwave/142_0067.jpg,141,142.microwave
data/raw/caltech256/256_ObjectCategories/142.microwave/142_0047.jpg,141,142.microwave
data/raw/caltech256/256_ObjectCategories/142.microwave/142_0004.jpg,141,142.microwave
data/raw/caltech256/256_ObjectCategories/142.microwave/142_0040.jpg,141,142.microwave
data/raw/caltech256/256_ObjectCategories/143.minaret/143_0059.jpg,142,143.minaret
data/raw/caltech256/256_ObjectCategories/143.minaret/143_0075.jpg,142,143.minaret
data/raw/caltech256/256_ObjectCategories/143.minaret/143_0123.jpg,142,143.minaret
data/raw/caltech256/256_ObjectCategories/143.minaret/143_0007.jpg,142,143.minaret
data/raw/caltech256/256_ObjectCategories/143.minaret/143_0033.jpg,142,143.minaret
data/raw/caltech256/256_ObjectCategories/143.minaret/143_0088.jpg,142,143.minaret
data/raw/caltech256/256_ObjectCategories/143.minaret/143_0113.jpg,142,143.minaret
data/raw/caltech256/256_ObjectCategories/143.minaret/143_0124.jpg,142,143.minaret
data/raw/caltech256/256_ObjectCategories/143.minaret/143_0063.jpg,142,143.minaret
data/raw/caltech256/256_ObjectCategories/143.minaret/143_0109.jpg,142,143.minaret
data/raw/caltech256/256_ObjectCategories/143.minaret/143_0052.jpg,142,143.minaret
data/raw/caltech256/256_ObjectCategories/143.minaret/143_0082.jpg,142,143.minaret
data/raw/caltech256/256_ObjectCategories/143.minaret/143_0061.jpg,142,143.minaret
data/raw/caltech256/256_ObjectCategories/143.minaret/143_0029.jpg,142,143.minaret
data/raw/caltech256/256_ObjectCategories/143.minaret/143_0100.jpg,142,143.minaret
data/raw/caltech256/256_ObjectCategories/143.minaret/143_0018.jpg,142,143.minaret
data/raw/caltech256/256_ObjectCategories/143.minaret/143_0032.jpg,142,143.minaret
data/raw/caltech256/256_ObjectCategories/143.minaret/143_0022.jpg,142,143.minaret
data/raw/caltech256/256_ObjectCategories/143.minaret/143_0062.jpg,142,143.minaret
data/raw/caltech256/256_ObjectCategories/143.minaret/143_0085.jpg,142,143.minaret
data/raw/caltech256/256_ObjectCategories/143.minaret/143_0058.jpg,142,143.minaret
data/raw/caltech256/256_ObjectCategories/143.minaret/143_0028.jpg,142,143.minaret
data/raw/caltech256/256_ObjectCategories/143.minaret/143_0019.jpg,142,143.minaret
data/raw/caltech256/256_ObjectCategories/143.minaret/143_0035.jpg,142,143.minaret
data/raw/caltech256/256_ObjectCategories/143.minaret/143_0119.jpg,142,143.minaret
data/raw/caltech256/256_ObjectCategories/143.minaret/143_0072.jpg,142,143.minaret
data/raw/caltech256/256_ObjectCategories/143.minaret/143_0057.jpg,142,143.minaret
data/raw/caltech256/256_ObjectCategories/143.minaret/143_0086.jpg,142,143.minaret
data/raw/caltech256/256_ObjectCategories/143.minaret/143_0064.jpg,142,143.minaret
data/raw/caltech256/256_ObjectCategories/143.minaret/143_0039.jpg,142,143.minaret
data/raw/caltech256/256_ObjectCategories/143.minaret/143_0049.jpg,142,143.minaret
data/raw/caltech256/256_ObjectCategories/143.minaret/143_0110.jpg,142,143.minaret
data/raw/caltech256/256_ObjectCategories/143.minaret/143_0006.jpg,142,143.minaret
data/raw/caltech256/256_ObjectCategories/143.minaret/143_0117.jpg,142,143.minaret
data/raw/caltech256/256_ObjectCategories/143.minaret/143_0053.jpg,142,143.minaret
data/raw/caltech256/256_ObjectCategories/143.minaret/143_0125.jpg,142,143.minaret
data/raw/caltech256/256_ObjectCategories/143.minaret/143_0024.jpg,142,143.minaret
data/raw/caltech256/256_ObjectCategories/143.minaret/143_0074.jpg,142,143.minaret
data/raw/caltech256/256_ObjectCategories/143.minaret/143_0025.jpg,142,143.minaret
data/raw/caltech256/256_ObjectCategories/143.minaret/143_0107.jpg,142,143.minaret
data/raw/caltech256/256_ObjectCategories/143.minaret/143_0054.jpg,142,143.minaret
data/raw/caltech256/256_ObjectCategories/143.minaret/143_0002.jpg,142,143.minaret
data/raw/caltech256/256_ObjectCategories/143.minaret/143_0129.jpg,142,143.minaret
data/raw/caltech256/256_ObjectCategories/143.minaret/143_0067.jpg,142,143.minaret
data/raw/caltech256/256_ObjectCategories/143.minaret/143_0023.jpg,142,143.minaret
data/raw/caltech256/256_ObjectCategories/143.minaret/143_0097.jpg,142,143.minaret
data/raw/caltech256/256_ObjectCategories/144.minotaur/144_0040.jpg,143,144.minotaur
data/raw/caltech256/256_ObjectCategories/144.minotaur/144_0017.jpg,143,144.minotaur
data/raw/caltech256/256_ObjectCategories/144.minotaur/144_0055.jpg,143,144.minotaur
data/raw/caltech256/256_ObjectCategories/144.minotaur/144_0066.jpg,143,144.minotaur
data/raw/caltech256/256_ObjectCategories/144.minotaur/144_0049.jpg,143,144.minotaur
data/raw/caltech256/256_ObjectCategories/144.minotaur/144_0065.jpg,143,144.minotaur
data/raw/caltech256/256_ObjectCategories/144.minotaur/144_0035.jpg,143,144.minotaur
data/raw/caltech256/256_ObjectCategories/144.minotaur/144_0076.jpg,143,144.minotaur
data/raw/caltech256/256_ObjectCategories/144.minotaur/144_0070.jpg,143,144.minotaur
data/raw/caltech256/256_ObjectCategories/144.minotaur/144_0028.jpg,143,144.minotaur
data/raw/caltech256/256_ObjectCategories/144.minotaur/144_0072.jpg,143,144.minotaur
data/raw/caltech256/256_ObjectCategories/144.minotaur/144_0056.jpg,143,144.minotaur
data/raw/caltech256/256_ObjectCategories/144.minotaur/144_0058.jpg,143,144.minotaur
data/raw/caltech256/256_ObjectCategories/144.minotaur/144_0021.jpg,143,144.minotaur
data/raw/caltech256/256_ObjectCategories/144.minotaur/144_0047.jpg,143,144.minotaur
data/raw/caltech256/256_ObjectCategories/144.minotaur/144_0005.jpg,143,144.minotaur
data/raw/caltech256/256_ObjectCategories/144.minotaur/144_0026.jpg,143,144.minotaur
data/raw/caltech256/256_ObjectCategories/144.minotaur/144_0023.jpg,143,144.minotaur
data/raw/caltech256/256_ObjectCategories/144.minotaur/144_0068.jpg,143,144.minotaur
data/raw/caltech256/256_ObjectCategories/144.minotaur/144_0077.jpg,143,144.minotaur
data/raw/caltech256/256_ObjectCategories/144.minotaur/144_0015.jpg,143,144.minotaur
data/raw/caltech256/256_ObjectCategories/144.minotaur/144_0018.jpg,143,144.minotaur
data/raw/caltech256/256_ObjectCategories/144.minotaur/144_0051.jpg,143,144.minotaur
data/raw/caltech256/256_ObjectCategories/144.minotaur/144_0036.jpg,143,144.minotaur
data/raw/caltech256/256_ObjectCategories/144.minotaur/144_0079.jpg,143,144.minotaur
data/raw/caltech256/256_ObjectCategories/144.minotaur/144_0075.jpg,143,144.minotaur
data/raw/caltech256/256_ObjectCategories/144.minotaur/144_0059.jpg,143,144.minotaur
data/raw/caltech256/256_ObjectCategories/144.minotaur/144_0053.jpg,143,144.minotaur
data/raw/caltech256/256_ObjectCategories/144.minotaur/144_0067.jpg,143,144.minotaur
data/raw/caltech256/256_ObjectCategories/145.motorbikes-101/145_0775.jpg,144,145.motorbikes-101
data/raw/caltech256/256_ObjectCategories/145.motorbikes-101/145_0048.jpg,144,145.motorbikes-101
data/raw/caltech256/256_ObjectCategories/145.motorbikes-101/145_0640.jpg,144,145.motorbikes-101
data/raw/caltech256/256_ObjectCategories/145.motorbikes-101/145_0641.jpg,144,145.motorbikes-101
data/raw/caltech256/256_ObjectCategories/145.motorbikes-101/145_0759.jpg,144,145.motorbikes-101
data/raw/caltech256/256_ObjectCategories/145.motorbikes-101/145_0413.jpg,144,145.motorbikes-101
data/raw/caltech256/256_ObjectCategories/145.motorbikes-101/145_0369.jpg,144,145.motorbikes-101
data/raw/caltech256/256_ObjectCategories/145.motorbikes-101/145_0254.jpg,144,145.motorbikes-101
data/raw/caltech256/256_ObjectCategories/145.motorbikes-101/145_0555.jpg,144,145.motorbikes-101
data/raw/caltech256/256_ObjectCategories/145.motorbikes-101/145_0511.jpg,144,145.motorbikes-101
data/raw/caltech256/256_ObjectCategories/145.motorbikes-101/145_0421.jpg,144,145.motorbikes-101
data/raw/caltech256/256_ObjectCategories/145.motorbikes-101/145_0508.jpg,144,145.motorbikes-101
data/raw/caltech256/256_ObjectCategories/145.motorbikes-101/145_0782.jpg,144,145.motorbikes-101
data/raw/caltech256/256_ObjectCategories/145.motorbikes-101/145_0377.jpg,144,145.motorbikes-101
data/raw/caltech256/256_ObjectCategories/145.motorbikes-101/145_0022.jpg,144,145.motorbikes-101
data/raw/caltech256/256_ObjectCategories/145.motorbikes-101/145_0124.jpg,144,145.motorbikes-101
data/raw/caltech256/256_ObjectCategories/145.motorbikes-101/145_0597.jpg,144,145.motorbikes-101
data/raw/caltech256/256_ObjectCategories/145.motorbikes-101/145_0292.jpg,144,145.motorbikes-101
data/raw/caltech256/256_ObjectCategories/145.motorbikes-101/145_0575.jpg,144,145.motorbikes-101
data/raw/caltech256/256_ObjectCategories/145.motorbikes-101/145_0310.jpg,144,145.motorbikes-101
data/raw/caltech256/256_ObjectCategories/145.motorbikes-101/145_0572.jpg,144,145.motorbikes-101
data/raw/caltech256/256_ObjectCategories/145.motorbikes-101/145_0625.jpg,144,145.motorbikes-101
data/raw/caltech256/256_ObjectCategories/145.motorbikes-101/145_0379.jpg,144,145.motorbikes-101
data/raw/caltech256/256_ObjectCategories/145.motorbikes-101/145_0772.jpg,144,145.motorbikes-101
data/raw/caltech256/256_ObjectCategories/145.motorbikes-101/145_0793.jpg,144,145.motorbikes-101
data/raw/caltech256/256_ObjectCategories/145.motorbikes-101/145_0602.jpg,144,145.motorbikes-101
data/raw/caltech256/256_ObjectCategories/145.motorbikes-101/145_0778.jpg,144,145.motorbikes-101
data/raw/caltech256/256_ObjectCategories/145.motorbikes-101/145_0412.jpg,144,145.motorbikes-101
data/raw/caltech256/256_ObjectCategories/145.motorbikes-101/145_0346.jpg,144,145.motorbikes-101
data/raw/caltech256/256_ObjectCategories/145.motorbikes-101/145_0486.jpg,144,145.motorbikes-101
data/raw/caltech256/256_ObjectCategories/145.motorbikes-101/145_0765.jpg,144,145.motorbikes-101
data/raw/caltech256/256_ObjectCategories/145.motorbikes-101/145_0227.jpg,144,145.motorbikes-101
data/raw/caltech256/256_ObjectCategories/145.motorbikes-101/145_0345.jpg,144,145.motorbikes-101
data/raw/caltech256/256_ObjectCategories/145.motorbikes-101/145_0316.jpg,144,145.motorbikes-101
data/raw/caltech256/256_ObjectCategories/145.motorbikes-101/145_0207.jpg,144,145.motorbikes-101
data/raw/caltech256/256_ObjectCategories/145.motorbikes-101/145_0073.jpg,144,145.motorbikes-101
data/raw/caltech256/256_ObjectCategories/145.motorbikes-101/145_0690.jpg,144,145.motorbikes-101
data/raw/caltech256/256_ObjectCategories/145.motorbikes-101/145_0726.jpg,144,145.motorbikes-101
data/raw/caltech256/256_ObjectCategories/145.motorbikes-101/145_0055.jpg,144,145.motorbikes-101
data/raw/caltech256/256_ObjectCategories/145.motorbikes-101/145_0151.jpg,144,145.motorbikes-101
data/raw/caltech256/256_ObjectCategories/145.motorbikes-101/145_0206.jpg,144,145.motorbikes-101
data/raw/caltech256/256_ObjectCategories/145.motorbikes-101/145_0749.jpg,144,145.motorbikes-101
data/raw/caltech256/256_ObjectCategories/145.motorbikes-101/145_0174.jpg,144,145.motorbikes-101
data/raw/caltech256/256_ObjectCategories/145.motorbikes-101/145_0551.jpg,144,145.motorbikes-101
data/raw/caltech256/256_ObjectCategories/145.motorbikes-101/145_0193.jpg,144,145.motorbikes-101
data/raw/caltech256/256_ObjectCategories/145.motorbikes-101/145_0281.jpg,144,145.motorbikes-101
data/raw/caltech256/256_ObjectCategories/145.motorbikes-101/145_0285.jpg,144,145.motorbikes-101
data/raw/caltech256/256_ObjectCategories/145.motorbikes-101/145_0180.jpg,144,145.motorbikes-101
data/raw/caltech256/256_ObjectCategories/145.motorbikes-101/145_0323.jpg,144,145.motorbikes-101
data/raw/caltech256/256_ObjectCategories/145.motorbikes-101/145_0773.jpg,144,145.motorbikes-101
data/raw/caltech256/256_ObjectCategories/145.motorbikes-101/145_0037.jpg,144,145.motorbikes-101
data/raw/caltech256/256_ObjectCategories/145.motorbikes-101/145_0383.jpg,144,145.motorbikes-101
data/raw/caltech256/256_ObjectCategories/145.motorbikes-101/145_0436.jpg,144,145.motorbikes-101
data/raw/caltech256/256_ObjectCategories/145.motorbikes-101/145_0732.jpg,144,145.motorbikes-101
data/raw/caltech256/256_ObjectCategories/145.motorbikes-101/145_0137.jpg,144,145.motorbikes-101
data/raw/caltech256/256_ObjectCategories/145.motorbikes-101/145_0510.jpg,144,145.motorbikes-101
data/raw/caltech256/256_ObjectCategories/145.motorbikes-101/145_0196.jpg,144,145.motorbikes-101
data/raw/caltech256/256_ObjectCategories/145.motorbikes-101/145_0553.jpg,144,145.motorbikes-101
data/raw/caltech256/256_ObjectCategories/145.motorbikes-101/145_0117.jpg,144,145.motorbikes-101
data/raw/caltech256/256_ObjectCategories/145.motorbikes-101/145_0266.jpg,144,145.motorbikes-101
data/raw/caltech256/256_ObjectCategories/145.motorbikes-101/145_0520.jpg,144,145.motorbikes-101
data/raw/caltech256/256_ObjectCategories/145.motorbikes-101/145_0757.jpg,144,145.motorbikes-101
data/raw/caltech256/256_ObjectCategories/145.motorbikes-101/145_0480.jpg,144,145.motorbikes-101
data/raw/caltech256/256_ObjectCategories/145.motorbikes-101/145_0454.jpg,144,145.motorbikes-101
data/raw/caltech256/256_ObjectCategories/145.motorbikes-101/145_0018.jpg,144,145.motorbikes-101
data/raw/caltech256/256_ObjectCategories/145.motorbikes-101/145_0376.jpg,144,145.motorbikes-101
data/raw/caltech256/256_ObjectCategories/145.motorbikes-101/145_0090.jpg,144,145.motorbikes-101
data/raw/caltech256/256_ObjectCategories/145.motorbikes-101/145_0600.jpg,144,145.motorbikes-101
data/raw/caltech256/256_ObjectCategories/145.motorbikes-101/145_0528.jpg,144,145.motorbikes-101
data/raw/caltech256/256_ObjectCategories/145.motorbikes-101/145_0063.jpg,144,145.motorbikes-101
data/raw/caltech256/256_ObjectCategories/145.motorbikes-101/145_0653.jpg,144,145.motorbikes-101
data/raw/caltech256/256_ObjectCategories/145.motorbikes-101/145_0628.jpg,144,145.motorbikes-101
data/raw/caltech256/256_ObjectCategories/145.motorbikes-101/145_0751.jpg,144,145.motorbikes-101
data/raw/caltech256/256_ObjectCategories/145.motorbikes-101/145_0439.jpg,144,145.motorbikes-101
data/raw/caltech256/256_ObjectCategories/145.motorbikes-101/145_0768.jpg,144,145.motorbikes-101
data/raw/caltech256/256_ObjectCategories/145.motorbikes-101/145_0059.jpg,144,145.motorbikes-101
data/raw/caltech256/256_ObjectCategories/145.motorbikes-101/145_0294.jpg,144,145.motorbikes-101
data/raw/caltech256/256_ObjectCategories/145.motorbikes-101/145_0440.jpg,144,145.motorbikes-101
data/raw/caltech256/256_ObjectCategories/145.motorbikes-101/145_0665.jpg,144,145.motorbikes-101
data/raw/caltech256/256_ObjectCategories/145.motorbikes-101/145_0766.jpg,144,145.motorbikes-101
data/raw/caltech256/256_ObjectCategories/145.motorbikes-101/145_0719.jpg,144,145.motorbikes-101
data/raw/caltech256/256_ObjectCategories/145.motorbikes-101/145_0219.jpg,144,145.motorbikes-101
data/raw/caltech256/256_ObjectCategories/145.motorbikes-101/145_0453.jpg,144,145.motorbikes-101
data/raw/caltech256/256_ObjectCategories/145.motorbikes-101/145_0399.jpg,144,145.motorbikes-101
data/raw/caltech256/256_ObjectCategories/145.motorbikes-101/145_0162.jpg,144,145.motorbikes-101
data/raw/caltech256/256_ObjectCategories/145.motorbikes-101/145_0754.jpg,144,145.motorbikes-101
data/raw/caltech256/256_ObjectCategories/145.motorbikes-101/145_0554.jpg,144,145.motorbikes-101
data/raw/caltech256/256_ObjectCategories/145.motorbikes-101/145_0604.jpg,144,145.motorbikes-101
data/raw/caltech256/256_ObjectCategories/145.motorbikes-101/145_0490.jpg,144,145.motorbikes-101
data/raw/caltech256/256_ObjectCategories/145.motorbikes-101/145_0774.jpg,144,145.motorbikes-101
data/raw/caltech256/256_ObjectCategories/145.motorbikes-101/145_0524.jpg,144,145.motorbikes-101
data/raw/caltech256/256_ObjectCategories/145.motorbikes-101/145_0535.jpg,144,145.motorbikes-101
data/raw/caltech256/256_ObjectCategories/145.motorbikes-101/145_0158.jpg,144,145.motorbikes-101
data/raw/caltech256/256_ObjectCategories/145.motorbikes-101/145_0715.jpg,144,145.motorbikes-101
data/raw/caltech256/256_ObjectCategories/145.motorbikes-101/145_0400.jpg,144,145.motorbikes-101
data/raw/caltech256/256_ObjectCategories/145.motorbikes-101/145_0662.jpg,144,145.motorbikes-101
data/raw/caltech256/256_ObjectCategories/145.motorbikes-101/145_0745.jpg,144,145.motorbikes-101
data/raw/caltech256/256_ObjectCategories/145.motorbikes-101/145_0643.jpg,144,145.motorbikes-101
data/raw/caltech256/256_ObjectCategories/145.motorbikes-101/145_0416.jpg,144,145.motorbikes-101
data/raw/caltech256/256_ObjectCategories/145.motorbikes-101/145_0121.jpg,144,145.motorbikes-101
data/raw/caltech256/256_ObjectCategories/145.motorbikes-101/145_0611.jpg,144,145.motorbikes-101
data/raw/caltech256/256_ObjectCategories/145.motorbikes-101/145_0066.jpg,144,145.motorbikes-101
data/raw/caltech256/256_ObjectCategories/145.motorbikes-101/145_0212.jpg,144,145.motorbikes-101
data/raw/caltech256/256_ObjectCategories/145.motorbikes-101/145_0318.jpg,144,145.motorbikes-101
data/raw/caltech256/256_ObjectCategories/145.motorbikes-101/145_0145.jpg,144,145.motorbikes-101
data/raw/caltech256/256_ObjectCategories/145.motorbikes-101/145_0276.jpg,144,145.motorbikes-101
data/raw/caltech256/256_ObjectCategories/145.motorbikes-101/145_0368.jpg,144,145.motorbikes-101
data/raw/caltech256/256_ObjectCategories/145.motorbikes-101/145_0721.jpg,144,145.motorbikes-101
data/raw/caltech256/256_ObjectCategories/145.motorbikes-101/145_0485.jpg,144,145.motorbikes-101
data/raw/caltech256/256_ObjectCategories/145.motorbikes-101/145_0712.jpg,144,145.motorbikes-101
data/raw/caltech256/256_ObjectCategories/145.motorbikes-101/145_0557.jpg,144,145.motorbikes-101
data/raw/caltech256/256_ObjectCategories/145.motorbikes-101/145_0259.jpg,144,145.motorbikes-101
data/raw/caltech256/256_ObjectCategories/145.motorbikes-101/145_0330.jpg,144,145.motorbikes-101
data/raw/caltech256/256_ObjectCategories/145.motorbikes-101/145_0444.jpg,144,145.motorbikes-101
data/raw/caltech256/256_ObjectCategories/145.motorbikes-101/145_0654.jpg,144,145.motorbikes-101
data/raw/caltech256/256_ObjectCategories/145.motorbikes-101/145_0302.jpg,144,145.motorbikes-101
data/raw/caltech256/256_ObjectCategories/145.motorbikes-101/145_0267.jpg,144,145.motorbikes-101
data/raw/caltech256/256_ObjectCategories/145.motorbikes-101/145_0127.jpg,144,145.motorbikes-101
data/raw/caltech256/256_ObjectCategories/145.motorbikes-101/145_0068.jpg,144,145.motorbikes-101
data/raw/caltech256/256_ObjectCategories/145.motorbikes-101/145_0029.jpg,144,145.motorbikes-101
data/raw/caltech256/256_ObjectCategories/145.motorbikes-101/145_0156.jpg,144,145.motorbikes-101
data/raw/caltech256/256_ObjectCategories/145.motorbikes-101/145_0082.jpg,144,145.motorbikes-101
data/raw/caltech256/256_ObjectCategories/145.motorbikes-101/145_0183.jpg,144,145.motorbikes-101
data/raw/caltech256/256_ObjectCategories/145.motorbikes-101/145_0008.jpg,144,145.motorbikes-101
data/raw/caltech256/256_ObjectCategories/145.motorbikes-101/145_0539.jpg,144,145.motorbikes-101
data/raw/caltech256/256_ObjectCategories/145.motorbikes-101/145_0590.jpg,144,145.motorbikes-101
data/raw/caltech256/256_ObjectCategories/145.motorbikes-101/145_0021.jpg,144,145.motorbikes-101
data/raw/caltech256/256_ObjectCategories/145.motorbikes-101/145_0385.jpg,144,145.motorbikes-101
data/raw/caltech256/256_ObjectCategories/145.motorbikes-101/145_0192.jpg,144,145.motorbikes-101
data/raw/caltech256/256_ObjectCategories/145.motorbikes-101/145_0476.jpg,144,145.motorbikes-101
data/raw/caltech256/256_ObjectCategories/145.motorbikes-101/145_0438.jpg,144,145.motorbikes-101
data/raw/caltech256/256_ObjectCategories/145.motorbikes-101/145_0658.jpg,144,145.motorbikes-101
data/raw/caltech256/256_ObjectCategories/145.motorbikes-101/145_0443.jpg,144,145.motorbikes-101
data/raw/caltech256/256_ObjectCategories/145.motorbikes-101/145_0143.jpg,144,145.motorbikes-101
data/raw/caltech256/256_ObjectCategories/145.motorbikes-101/145_0789.jpg,144,145.motorbikes-101
data/raw/caltech256/256_ObjectCategories/145.motorbikes-101/145_0324.jpg,144,145.motorbikes-101
data/raw/caltech256/256_ObjectCategories/145.motorbikes-101/145_0277.jpg,144,145.motorbikes-101
data/raw/caltech256/256_ObjectCategories/145.motorbikes-101/145_0154.jpg,144,145.motorbikes-101
data/raw/caltech256/256_ObjectCategories/145.motorbikes-101/145_0587.jpg,144,145.motorbikes-101
data/raw/caltech256/256_ObjectCategories/145.motorbikes-101/145_0272.jpg,144,145.motorbikes-101
data/raw/caltech256/256_ObjectCategories/145.motorbikes-101/145_0032.jpg,144,145.motorbikes-101
data/raw/caltech256/256_ObjectCategories/145.motorbikes-101/145_0581.jpg,144,145.motorbikes-101
data/raw/caltech256/256_ObjectCategories/145.motorbikes-101/145_0236.jpg,144,145.motorbikes-101
data/raw/caltech256/256_ObjectCategories/145.motorbikes-101/145_0278.jpg,144,145.motorbikes-101
data/raw/caltech256/256_ObjectCategories/145.motorbikes-101/145_0380.jpg,144,145.motorbikes-101
data/raw/caltech256/256_ObjectCategories/145.motorbikes-101/145_0642.jpg,144,145.motorbikes-101
data/raw/caltech256/256_ObjectCategories/145.motorbikes-101/145_0263.jpg,144,145.motorbikes-101
data/raw/caltech256/256_ObjectCategories/145.motorbikes-101/145_0639.jpg,144,145.motorbikes-101
data/raw/caltech256/256_ObjectCategories/145.motorbikes-101/145_0620.jpg,144,145.motorbikes-101
data/raw/caltech256/256_ObjectCategories/145.motorbikes-101/145_0481.jpg,144,145.motorbikes-101
data/raw/caltech256/256_ObjectCategories/145.motorbikes-101/145_0784.jpg,144,145.motorbikes-101
data/raw/caltech256/256_ObjectCategories/145.motorbikes-101/145_0709.jpg,144,145.motorbikes-101
data/raw/caltech256/256_ObjectCategories/145.motorbikes-101/145_0537.jpg,144,145.motorbikes-101
data/raw/caltech256/256_ObjectCategories/145.motorbikes-101/145_0052.jpg,144,145.motorbikes-101
data/raw/caltech256/256_ObjectCategories/145.motorbikes-101/145_0386.jpg,144,145.motorbikes-101
data/raw/caltech256/256_ObjectCategories/145.motorbikes-101/145_0541.jpg,144,145.motorbikes-101
data/raw/caltech256/256_ObjectCategories/145.motorbikes-101/145_0419.jpg,144,145.motorbikes-101
data/raw/caltech256/256_ObjectCategories/145.motorbikes-101/145_0406.jpg,144,145.motorbikes-101
data/raw/caltech256/256_ObjectCategories/145.motorbikes-101/145_0415.jpg,144,145.motorbikes-101
data/raw/caltech256/256_ObjectCategories/145.motorbikes-101/145_0178.jpg,144,145.motorbikes-101
data/raw/caltech256/256_ObjectCategories/145.motorbikes-101/145_0404.jpg,144,145.motorbikes-101
data/raw/caltech256/256_ObjectCategories/145.motorbikes-101/145_0204.jpg,144,145.motorbikes-101
data/raw/caltech256/256_ObjectCategories/145.motorbikes-101/145_0651.jpg,144,145.motorbikes-101
data/raw/caltech256/256_ObjectCategories/145.motorbikes-101/145_0718.jpg,144,145.motorbikes-101
data/raw/caltech256/256_ObjectCategories/145.motorbikes-101/145_0585.jpg,144,145.motorbikes-101
data/raw/caltech256/256_ObjectCategories/145.motorbikes-101/145_0420.jpg,144,145.motorbikes-101
data/raw/caltech256/256_ObjectCategories/145.motorbikes-101/145_0182.jpg,144,145.motorbikes-101
data/raw/caltech256/256_ObjectCategories/145.motorbikes-101/145_0177.jpg,144,145.motorbikes-101
data/raw/caltech256/256_ObjectCategories/145.motorbikes-101/145_0461.jpg,144,145.motorbikes-101
data/raw/caltech256/256_ObjectCategories/145.motorbikes-101/145_0426.jpg,144,145.motorbikes-101
data/raw/caltech256/256_ObjectCategories/145.motorbikes-101/145_0320.jpg,144,145.motorbikes-101
data/raw/caltech256/256_ObjectCategories/145.motorbikes-101/145_0504.jpg,144,145.motorbikes-101
data/raw/caltech256/256_ObjectCategories/145.motorbikes-101/145_0794.jpg,144,145.motorbikes-101
data/raw/caltech256/256_ObjectCategories/145.motorbikes-101/145_0630.jpg,144,145.motorbikes-101
data/raw/caltech256/256_ObjectCategories/145.motorbikes-101/145_0291.jpg,144,145.motorbikes-101
data/raw/caltech256/256_ObjectCategories/145.motorbikes-101/145_0015.jpg,144,145.motorbikes-101
data/raw/caltech256/256_ObjectCategories/145.motorbikes-101/145_0598.jpg,144,145.motorbikes-101
data/raw/caltech256/256_ObjectCategories/145.motorbikes-101/145_0403.jpg,144,145.motorbikes-101
data/raw/caltech256/256_ObjectCategories/145.motorbikes-101/145_0674.jpg,144,145.motorbikes-101
data/raw/caltech256/256_ObjectCategories/145.motorbikes-101/145_0577.jpg,144,145.motorbikes-101
data/raw/caltech256/256_ObjectCategories/145.motorbikes-101/145_0705.jpg,144,145.motorbikes-101
data/raw/caltech256/256_ObjectCategories/145.motorbikes-101/145_0570.jpg,144,145.motorbikes-101
data/raw/caltech256/256_ObjectCategories/145.motorbikes-101/145_0396.jpg,144,145.motorbikes-101
data/raw/caltech256/256_ObjectCategories/145.motorbikes-101/145_0684.jpg,144,145.motorbikes-101
data/raw/caltech256/256_ObjectCategories/145.motorbikes-101/145_0122.jpg,144,145.motorbikes-101
data/raw/caltech256/256_ObjectCategories/145.motorbikes-101/145_0231.jpg,144,145.motorbikes-101
data/raw/caltech256/256_ObjectCategories/145.motorbikes-101/145_0045.jpg,144,145.motorbikes-101
data/raw/caltech256/256_ObjectCategories/145.motorbikes-101/145_0328.jpg,144,145.motorbikes-101
data/raw/caltech256/256_ObjectCategories/145.motorbikes-101/145_0261.jpg,144,145.motorbikes-101
data/raw/caltech256/256_ObjectCategories/145.motorbikes-101/145_0305.jpg,144,145.motorbikes-101
data/raw/caltech256/256_ObjectCategories/145.motorbikes-101/145_0100.jpg,144,145.motorbikes-101
data/raw/caltech256/256_ObjectCategories/145.motorbikes-101/145_0109.jpg,144,145.motorbikes-101
data/raw/caltech256/256_ObjectCategories/145.motorbikes-101/145_0556.jpg,144,145.motorbikes-101
data/raw/caltech256/256_ObjectCategories/145.motorbikes-101/145_0159.jpg,144,145.motorbikes-101
data/raw/caltech256/256_ObjectCategories/145.motorbikes-101/145_0393.jpg,144,145.motorbikes-101
data/raw/caltech256/256_ObjectCategories/145.motorbikes-101/145_0238.jpg,144,145.motorbikes-101
data/raw/caltech256/256_ObjectCategories/145.motorbikes-101/145_0402.jpg,144,145.motorbikes-101
data/raw/caltech256/256_ObjectCategories/145.motorbikes-101/145_0026.jpg,144,145.motorbikes-101
data/raw/caltech256/256_ObjectCategories/145.motorbikes-101/145_0252.jpg,144,145.motorbikes-101
data/raw/caltech256/256_ObjectCategories/145.motorbikes-101/145_0671.jpg,144,145.motorbikes-101
data/raw/caltech256/256_ObjectCategories/145.motorbikes-101/145_0417.jpg,144,145.motorbikes-101
data/raw/caltech256/256_ObjectCategories/145.motorbikes-101/145_0332.jpg,144,145.motorbikes-101
data/raw/caltech256/256_ObjectCategories/145.motorbikes-101/145_0116.jpg,144,145.motorbikes-101
data/raw/caltech256/256_ObjectCategories/145.motorbikes-101/145_0655.jpg,144,145.motorbikes-101
data/raw/caltech256/256_ObjectCategories/145.motorbikes-101/145_0398.jpg,144,145.motorbikes-101
data/raw/caltech256/256_ObjectCategories/145.motorbikes-101/145_0350.jpg,144,145.motorbikes-101
data/raw/caltech256/256_ObjectCategories/145.motorbikes-101/145_0213.jpg,144,145.motorbikes-101
data/raw/caltech256/256_ObjectCategories/145.motorbikes-101/145_0672.jpg,144,145.motorbikes-101
data/raw/caltech256/256_ObjectCategories/145.motorbikes-101/145_0202.jpg,144,145.motorbikes-101
data/raw/caltech256/256_ObjectCategories/145.motorbikes-101/145_0542.jpg,144,145.motorbikes-101
data/raw/caltech256/256_ObjectCategories/145.motorbikes-101/145_0189.jpg,144,145.motorbikes-101
data/raw/caltech256/256_ObjectCategories/145.motorbikes-101/145_0617.jpg,144,145.motorbikes-101
data/raw/caltech256/256_ObjectCategories/145.motorbikes-101/145_0682.jpg,144,145.motorbikes-101
data/raw/caltech256/256_ObjectCategories/145.motorbikes-101/145_0061.jpg,144,145.motorbikes-101
data/raw/caltech256/256_ObjectCategories/145.motorbikes-101/145_0286.jpg,144,145.motorbikes-101
data/raw/caltech256/256_ObjectCategories/145.motorbikes-101/145_0378.jpg,144,145.motorbikes-101
data/raw/caltech256/256_ObjectCategories/145.motorbikes-101/145_0341.jpg,144,145.motorbikes-101
data/raw/caltech256/256_ObjectCategories/145.motorbikes-101/145_0175.jpg,144,145.motorbikes-101
data/raw/caltech256/256_ObjectCategories/145.motorbikes-101/145_0451.jpg,144,145.motorbikes-101
data/raw/caltech256/256_ObjectCategories/145.motorbikes-101/145_0519.jpg,144,145.motorbikes-101
data/raw/caltech256/256_ObjectCategories/145.motorbikes-101/145_0687.jpg,144,145.motorbikes-101
data/raw/caltech256/256_ObjectCategories/145.motorbikes-101/145_0514.jpg,144,145.motorbikes-101
data/raw/caltech256/256_ObjectCategories/145.motorbikes-101/145_0248.jpg,144,145.motorbikes-101
data/raw/caltech256/256_ObjectCategories/145.motorbikes-101/145_0411.jpg,144,145.motorbikes-101
data/raw/caltech256/256_ObjectCategories/145.motorbikes-101/145_0233.jpg,144,145.motorbikes-101
data/raw/caltech256/256_ObjectCategories/145.motorbikes-101/145_0465.jpg,144,145.motorbikes-101
data/raw/caltech256/256_ObjectCategories/145.motorbikes-101/145_0489.jpg,144,145.motorbikes-101
data/raw/caltech256/256_ObjectCategories/145.motorbikes-101/145_0448.jpg,144,145.motorbikes-101
data/raw/caltech256/256_ObjectCategories/145.motorbikes-101/145_0115.jpg,144,145.motorbikes-101
data/raw/caltech256/256_ObjectCategories/145.motorbikes-101/145_0796.jpg,144,145.motorbikes-101
data/raw/caltech256/256_ObjectCategories/145.motorbikes-101/145_0126.jpg,144,145.motorbikes-101
data/raw/caltech256/256_ObjectCategories/145.motorbikes-101/145_0049.jpg,144,145.motorbikes-101
data/raw/caltech256/256_ObjectCategories/145.motorbikes-101/145_0173.jpg,144,145.motorbikes-101
data/raw/caltech256/256_ObjectCategories/145.motorbikes-101/145_0771.jpg,144,145.motorbikes-101
data/raw/caltech256/256_ObjectCategories/145.motorbikes-101/145_0280.jpg,144,145.motorbikes-101
data/raw/caltech256/256_ObjectCategories/145.motorbikes-101/145_0699.jpg,144,145.motorbikes-101
data/raw/caltech256/256_ObjectCategories/145.motorbikes-101/145_0441.jpg,144,145.motorbikes-101
data/raw/caltech256/256_ObjectCategories/145.motorbikes-101/145_0016.jpg,144,145.motorbikes-101
data/raw/caltech256/256_ObjectCategories/145.motorbikes-101/145_0478.jpg,144,145.motorbikes-101
data/raw/caltech256/256_ObjectCategories/145.motorbikes-101/145_0492.jpg,144,145.motorbikes-101
data/raw/caltech256/256_ObjectCategories/145.motorbikes-101/145_0325.jpg,144,145.motorbikes-101
data/raw/caltech256/256_ObjectCategories/145.motorbikes-101/145_0009.jpg,144,145.motorbikes-101
data/raw/caltech256/256_ObjectCategories/145.motorbikes-101/145_0588.jpg,144,145.motorbikes-101
data/raw/caltech256/256_ObjectCategories/145.motorbikes-101/145_0418.jpg,144,145.motorbikes-101
data/raw/caltech256/256_ObjectCategories/145.motorbikes-101/145_0405.jpg,144,145.motorbikes-101
data/raw/caltech256/256_ObjectCategories/145.motorbikes-101/145_0265.jpg,144,145.motorbikes-101
data/raw/caltech256/256_ObjectCategories/145.motorbikes-101/145_0586.jpg,144,145.motorbikes-101
data/raw/caltech256/256_ObjectCategories/145.motorbikes-101/145_0013.jpg,144,145.motorbikes-101
data/raw/caltech256/256_ObjectCategories/145.motorbikes-101/145_0525.jpg,144,145.motorbikes-101
data/raw/caltech256/256_ObjectCategories/145.motorbikes-101/145_0571.jpg,144,145.motorbikes-101
data/raw/caltech256/256_ObjectCategories/145.motorbikes-101/145_0095.jpg,144,145.motorbikes-101
data/raw/caltech256/256_ObjectCategories/145.motorbikes-101/145_0701.jpg,144,145.motorbikes-101
data/raw/caltech256/256_ObjectCategories/145.motorbikes-101/145_0275.jpg,144,145.motorbikes-101
data/raw/caltech256/256_ObjectCategories/145.motorbikes-101/145_0164.jpg,144,145.motorbikes-101
data/raw/caltech256/256_ObjectCategories/145.motorbikes-101/145_0740.jpg,144,145.motorbikes-101
data/raw/caltech256/256_ObjectCategories/145.motorbikes-101/145_0388.jpg,144,145.motorbikes-101
data/raw/caltech256/256_ObjectCategories/145.motorbikes-101/145_0186.jpg,144,145.motorbikes-101
data/raw/caltech256/256_ObjectCategories/145.motorbikes-101/145_0679.jpg,144,145.motorbikes-101
data/raw/caltech256/256_ObjectCategories/145.motorbikes-101/145_0499.jpg,144,145.motorbikes-101
data/raw/caltech256/256_ObjectCategories/145.motorbikes-101/145_0678.jpg,144,145.motorbikes-101
data/raw/caltech256/256_ObjectCategories/145.motorbikes-101/145_0260.jpg,144,145.motorbikes-101
data/raw/caltech256/256_ObjectCategories/145.motorbikes-101/145_0201.jpg,144,145.motorbikes-101
data/raw/caltech256/256_ObjectCategories/145.motorbikes-101/145_0408.jpg,144,145.motorbikes-101
data/raw/caltech256/256_ObjectCategories/145.motorbikes-101/145_0657.jpg,144,145.motorbikes-101
data/raw/caltech256/256_ObjectCategories/145.motorbikes-101/145_0710.jpg,144,145.motorbikes-101
data/raw/caltech256/256_ObjectCategories/145.motorbikes-101/145_0459.jpg,144,145.motorbikes-101
data/raw/caltech256/256_ObjectCategories/145.motorbikes-101/145_0548.jpg,144,145.motorbikes-101
data/raw/caltech256/256_ObjectCategories/145.motorbikes-101/145_0471.jpg,144,145.motorbikes-101
data/raw/caltech256/256_ObjectCategories/145.motorbikes-101/145_0462.jpg,144,145.motorbikes-101
data/raw/caltech256/256_ObjectCategories/145.motorbikes-101/145_0608.jpg,144,145.motorbikes-101
data/raw/caltech256/256_ObjectCategories/145.motorbikes-101/145_0245.jpg,144,145.motorbikes-101
data/raw/caltech256/256_ObjectCategories/145.motorbikes-101/145_0339.jpg,144,145.motorbikes-101
data/raw/caltech256/256_ObjectCategories/145.motorbikes-101/145_0728.jpg,144,145.motorbikes-101
data/raw/caltech256/256_ObjectCategories/145.motorbikes-101/145_0072.jpg,144,145.motorbikes-101
data/raw/caltech256/256_ObjectCategories/145.motorbikes-101/145_0128.jpg,144,145.motorbikes-101
data/raw/caltech256/256_ObjectCategories/145.motorbikes-101/145_0185.jpg,144,145.motorbikes-101
data/raw/caltech256/256_ObjectCategories/145.motorbikes-101/145_0064.jpg,144,145.motorbikes-101
data/raw/caltech256/256_ObjectCategories/145.motorbikes-101/145_0250.jpg,144,145.motorbikes-101
data/raw/caltech256/256_ObjectCategories/145.motorbikes-101/145_0243.jpg,144,145.motorbikes-101
data/raw/caltech256/256_ObjectCategories/146.mountain-bike/146_0037.jpg,145,146.mountain-bike
data/raw/caltech256/256_ObjectCategories/146.mountain-bike/146_0019.jpg,145,146.mountain-bike
data/raw/caltech256/256_ObjectCategories/146.mountain-bike/146_0061.jpg,145,146.mountain-bike
data/raw/caltech256/256_ObjectCategories/146.mountain-bike/146_0028.jpg,145,146.mountain-bike
data/raw/caltech256/256_ObjectCategories/146.mountain-bike/146_0065.jpg,145,146.mountain-bike
data/raw/caltech256/256_ObjectCategories/146.mountain-bike/146_0044.jpg,145,146.mountain-bike
data/raw/caltech256/256_ObjectCategories/146.mountain-bike/146_0071.jpg,145,146.mountain-bike
data/raw/caltech256/256_ObjectCategories/146.mountain-bike/146_0035.jpg,145,146.mountain-bike
data/raw/caltech256/256_ObjectCategories/146.mountain-bike/146_0020.jpg,145,146.mountain-bike
data/raw/caltech256/256_ObjectCategories/146.mountain-bike/146_0080.jpg,145,146.mountain-bike
data/raw/caltech256/256_ObjectCategories/146.mountain-bike/146_0069.jpg,145,146.mountain-bike
data/raw/caltech256/256_ObjectCategories/146.mountain-bike/146_0058.jpg,145,146.mountain-bike
data/raw/caltech256/256_ObjectCategories/146.mountain-bike/146_0074.jpg,145,146.mountain-bike
data/raw/caltech256/256_ObjectCategories/146.mountain-bike/146_0057.jpg,145,146.mountain-bike
data/raw/caltech256/256_ObjectCategories/146.mountain-bike/146_0015.jpg,145,146.mountain-bike
data/raw/caltech256/256_ObjectCategories/146.mountain-bike/146_0001.jpg,145,146.mountain-bike
data/raw/caltech256/256_ObjectCategories/146.mountain-bike/146_0033.jpg,145,146.mountain-bike
data/raw/caltech256/256_ObjectCategories/146.mountain-bike/146_0004.jpg,145,146.mountain-bike
data/raw/caltech256/256_ObjectCategories/146.mountain-bike/146_0018.jpg,145,146.mountain-bike
data/raw/caltech256/256_ObjectCategories/146.mountain-bike/146_0051.jpg,145,146.mountain-bike
data/raw/caltech256/256_ObjectCategories/146.mountain-bike/146_0007.jpg,145,146.mountain-bike
data/raw/caltech256/256_ObjectCategories/146.mountain-bike/146_0079.jpg,145,146.mountain-bike
data/raw/caltech256/256_ObjectCategories/146.mountain-bike/146_0042.jpg,145,146.mountain-bike
data/raw/caltech256/256_ObjectCategories/146.mountain-bike/146_0059.jpg,145,146.mountain-bike
data/raw/caltech256/256_ObjectCategories/146.mountain-bike/146_0077.jpg,145,146.mountain-bike
data/raw/caltech256/256_ObjectCategories/146.mountain-bike/146_0046.jpg,145,146.mountain-bike
data/raw/caltech256/256_ObjectCategories/146.mountain-bike/146_0003.jpg,145,146.mountain-bike
data/raw/caltech256/256_ObjectCategories/146.mountain-bike/146_0036.jpg,145,146.mountain-bike
data/raw/caltech256/256_ObjectCategories/146.mountain-bike/146_0048.jpg,145,146.mountain-bike
data/raw/caltech256/256_ObjectCategories/147.mushroom/147_0108.jpg,146,147.mushroom
data/raw/caltech256/256_ObjectCategories/147.mushroom/147_0165.jpg,146,147.mushroom
data/raw/caltech256/256_ObjectCategories/147.mushroom/147_0199.jpg,146,147.mushroom
data/raw/caltech256/256_ObjectCategories/147.mushroom/147_0123.jpg,146,147.mushroom
data/raw/caltech256/256_ObjectCategories/147.mushroom/147_0175.jpg,146,147.mushroom
data/raw/caltech256/256_ObjectCategories/147.mushroom/147_0085.jpg,146,147.mushroom
data/raw/caltech256/256_ObjectCategories/147.mushroom/147_0090.jpg,146,147.mushroom
data/raw/caltech256/256_ObjectCategories/147.mushroom/147_0105.jpg,146,147.mushroom
data/raw/caltech256/256_ObjectCategories/147.mushroom/147_0122.jpg,146,147.mushroom
data/raw/caltech256/256_ObjectCategories/147.mushroom/147_0045.jpg,146,147.mushroom
data/raw/caltech256/256_ObjectCategories/147.mushroom/147_0157.jpg,146,147.mushroom
data/raw/caltech256/256_ObjectCategories/147.mushroom/147_0056.jpg,146,147.mushroom
data/raw/caltech256/256_ObjectCategories/147.mushroom/147_0200.jpg,146,147.mushroom
data/raw/caltech256/256_ObjectCategories/147.mushroom/147_0001.jpg,146,147.mushroom
data/raw/caltech256/256_ObjectCategories/147.mushroom/147_0081.jpg,146,147.mushroom
data/raw/caltech256/256_ObjectCategories/147.mushroom/147_0082.jpg,146,147.mushroom
data/raw/caltech256/256_ObjectCategories/147.mushroom/147_0121.jpg,146,147.mushroom
data/raw/caltech256/256_ObjectCategories/147.mushroom/147_0063.jpg,146,147.mushroom
data/raw/caltech256/256_ObjectCategories/147.mushroom/147_0156.jpg,146,147.mushroom
data/raw/caltech256/256_ObjectCategories/147.mushroom/147_0113.jpg,146,147.mushroom
data/raw/caltech256/256_ObjectCategories/147.mushroom/147_0177.jpg,146,147.mushroom
data/raw/caltech256/256_ObjectCategories/147.mushroom/147_0071.jpg,146,147.mushroom
data/raw/caltech256/256_ObjectCategories/147.mushroom/147_0091.jpg,146,147.mushroom
data/raw/caltech256/256_ObjectCategories/147.mushroom/147_0087.jpg,146,147.mushroom
data/raw/caltech256/256_ObjectCategories/147.mushroom/147_0007.jpg,146,147.mushroom
data/raw/caltech256/256_ObjectCategories/147.mushroom/147_0133.jpg,146,147.mushroom
data/raw/caltech256/256_ObjectCategories/147.mushroom/147_0004.jpg,146,147.mushroom
data/raw/caltech256/256_ObjectCategories/147.mushroom/147_0148.jpg,146,147.mushroom
data/raw/caltech256/256_ObjectCategories/147.mushroom/147_0127.jpg,146,147.mushroom
data/raw/caltech256/256_ObjectCategories/147.mushroom/147_0055.jpg,146,147.mushroom
data/raw/caltech256/256_ObjectCategories/147.mushroom/147_0043.jpg,146,147.mushroom
data/raw/caltech256/256_ObjectCategories/147.mushroom/147_0138.jpg,146,147.mushroom
data/raw/caltech256/256_ObjectCategories/147.mushroom/147_0143.jpg,146,147.mushroom
data/raw/caltech256/256_ObjectCategories/147.mushroom/147_0170.jpg,146,147.mushroom
data/raw/caltech256/256_ObjectCategories/147.mushroom/147_0066.jpg,146,147.mushroom
data/raw/caltech256/256_ObjectCategories/147.mushroom/147_0186.jpg,146,147.mushroom
data/raw/caltech256/256_ObjectCategories/147.mushroom/147_0030.jpg,146,147.mushroom
data/raw/caltech256/256_ObjectCategories/147.mushroom/147_0164.jpg,146,147.mushroom
data/raw/caltech256/256_ObjectCategories/147.mushroom/147_0192.jpg,146,147.mushroom
data/raw/caltech256/256_ObjectCategories/147.mushroom/147_0048.jpg,146,147.mushroom
data/raw/caltech256/256_ObjectCategories/147.mushroom/147_0166.jpg,146,147.mushroom
data/raw/caltech256/256_ObjectCategories/147.mushroom/147_0067.jpg,146,147.mushroom
data/raw/caltech256/256_ObjectCategories/147.mushroom/147_0084.jpg,146,147.mushroom
data/raw/caltech256/256_ObjectCategories/147.mushroom/147_0129.jpg,146,147.mushroom
data/raw/caltech256/256_ObjectCategories/147.mushroom/147_0059.jpg,146,147.mushroom
data/raw/caltech256/256_ObjectCategories/147.mushroom/147_0137.jpg,146,147.mushroom
data/raw/caltech256/256_ObjectCategories/147.mushroom/147_0119.jpg,146,147.mushroom
data/raw/caltech256/256_ObjectCategories/147.mushroom/147_0023.jpg,146,147.mushroom
data/raw/caltech256/256_ObjectCategories/147.mushroom/147_0120.jpg,146,147.mushroom
data/raw/caltech256/256_ObjectCategories/147.mushroom/147_0046.jpg,146,147.mushroom
data/raw/caltech256/256_ObjectCategories/147.mushroom/147_0098.jpg,146,147.mushroom
data/raw/caltech256/256_ObjectCategories/147.mushroom/147_0079.jpg,146,147.mushroom
data/raw/caltech256/256_ObjectCategories/147.mushroom/147_0077.jpg,146,147.mushroom
data/raw/caltech256/256_ObjectCategories/147.mushroom/147_0028.jpg,146,147.mushroom
data/raw/caltech256/256_ObjectCategories/147.mushroom/147_0026.jpg,146,147.mushroom
data/raw/caltech256/256_ObjectCategories/147.mushroom/147_0005.jpg,146,147.mushroom
data/raw/caltech256/256_ObjectCategories/147.mushroom/147_0057.jpg,146,147.mushroom
data/raw/caltech256/256_ObjectCategories/147.mushroom/147_0018.jpg,146,147.mushroom
data/raw/caltech256/256_ObjectCategories/147.mushroom/147_0088.jpg,146,147.mushroom
data/raw/caltech256/256_ObjectCategories/147.mushroom/147_0191.jpg,146,147.mushroom
data/raw/caltech256/256_ObjectCategories/147.mushroom/147_0065.jpg,146,147.mushroom
data/raw/caltech256/256_ObjectCategories/147.mushroom/147_0013.jpg,146,147.mushroom
data/raw/caltech256/256_ObjectCategories/147.mushroom/147_0027.jpg,146,147.mushroom
data/raw/caltech256/256_ObjectCategories/147.mushroom/147_0024.jpg,146,147.mushroom
data/raw/caltech256/256_ObjectCategories/147.mushroom/147_0052.jpg,146,147.mushroom
data/raw/caltech256/256_ObjectCategories/147.mushroom/147_0132.jpg,146,147.mushroom
data/raw/caltech256/256_ObjectCategories/147.mushroom/147_0061.jpg,146,147.mushroom
data/raw/caltech256/256_ObjectCategories/147.mushroom/147_0080.jpg,146,147.mushroom
data/raw/caltech256/256_ObjectCategories/147.mushroom/147_0035.jpg,146,147.mushroom
data/raw/caltech256/256_ObjectCategories/147.mushroom/147_0020.jpg,146,147.mushroom
data/raw/caltech256/256_ObjectCategories/147.mushroom/147_0128.jpg,146,147.mushroom
data/raw/caltech256/256_ObjectCategories/148.mussels/148_0041.jpg,147,148.mussels
data/raw/caltech256/256_ObjectCategories/148.mussels/148_0036.jpg,147,148.mussels
data/raw/caltech256/256_ObjectCategories/148.mussels/148_0066.jpg,147,148.mussels
data/raw/caltech256/256_ObjectCategories/148.mussels/148_0047.jpg,147,148.mussels
data/raw/caltech256/256_ObjectCategories/148.mussels/148_0107.jpg,147,148.mussels
data/raw/caltech256/256_ObjectCategories/148.mussels/148_0091.jpg,147,148.mussels
data/raw/caltech256/256_ObjectCategories/148.mussels/148_0103.jpg,147,148.mussels
data/raw/caltech256/256_ObjectCategories/148.mussels/148_0111.jpg,147,148.mussels
data/raw/caltech256/256_ObjectCategories/148.mussels/148_0002.jpg,147,148.mussels
data/raw/caltech256/256_ObjectCategories/148.mussels/148_0042.jpg,147,148.mussels
data/raw/caltech256/256_ObjectCategories/148.mussels/148_0143.jpg,147,148.mussels
data/raw/caltech256/256_ObjectCategories/148.mussels/148_0100.jpg,147,148.mussels
data/raw/caltech256/256_ObjectCategories/148.mussels/148_0165.jpg,147,148.mussels
data/raw/caltech256/256_ObjectCategories/148.mussels/148_0005.jpg,147,148.mussels
data/raw/caltech256/256_ObjectCategories/148.mussels/148_0161.jpg,147,148.mussels
data/raw/caltech256/256_ObjectCategories/148.mussels/148_0131.jpg,147,148.mussels
data/raw/caltech256/256_ObjectCategories/148.mussels/148_0001.jpg,147,148.mussels
data/raw/caltech256/256_ObjectCategories/148.mussels/148_0095.jpg,147,148.mussels
data/raw/caltech256/256_ObjectCategories/148.mussels/148_0114.jpg,147,148.mussels
data/raw/caltech256/256_ObjectCategories/148.mussels/148_0082.jpg,147,148.mussels
data/raw/caltech256/256_ObjectCategories/148.mussels/148_0025.jpg,147,148.mussels
data/raw/caltech256/256_ObjectCategories/148.mussels/148_0128.jpg,147,148.mussels
data/raw/caltech256/256_ObjectCategories/148.mussels/148_0063.jpg,147,148.mussels
data/raw/caltech256/256_ObjectCategories/148.mussels/148_0062.jpg,147,148.mussels
data/raw/caltech256/256_ObjectCategories/148.mussels/148_0102.jpg,147,148.mussels
data/raw/caltech256/256_ObjectCategories/148.mussels/148_0086.jpg,147,148.mussels
data/raw/caltech256/256_ObjectCategories/148.mussels/148_0051.jpg,147,148.mussels
data/raw/caltech256/256_ObjectCategories/148.mussels/148_0137.jpg,147,148.mussels
data/raw/caltech256/256_ObjectCategories/148.mussels/148_0080.jpg,147,148.mussels
data/raw/caltech256/256_ObjectCategories/148.mussels/148_0126.jpg,147,148.mussels
data/raw/caltech256/256_ObjectCategories/148.mussels/148_0022.jpg,147,148.mussels
data/raw/caltech256/256_ObjectCategories/148.mussels/148_0054.jpg,147,148.mussels
data/raw/caltech256/256_ObjectCategories/148.mussels/148_0033.jpg,147,148.mussels
data/raw/caltech256/256_ObjectCategories/148.mussels/148_0146.jpg,147,148.mussels
data/raw/caltech256/256_ObjectCategories/148.mussels/148_0171.jpg,147,148.mussels
data/raw/caltech256/256_ObjectCategories/148.mussels/148_0067.jpg,147,148.mussels
data/raw/caltech256/256_ObjectCategories/148.mussels/148_0089.jpg,147,148.mussels
data/raw/caltech256/256_ObjectCategories/148.mussels/148_0101.jpg,147,148.mussels
data/raw/caltech256/256_ObjectCategories/148.mussels/148_0120.jpg,147,148.mussels
data/raw/caltech256/256_ObjectCategories/148.mussels/148_0031.jpg,147,148.mussels
data/raw/caltech256/256_ObjectCategories/148.mussels/148_0059.jpg,147,148.mussels
data/raw/caltech256/256_ObjectCategories/148.mussels/148_0154.jpg,147,148.mussels
data/raw/caltech256/256_ObjectCategories/148.mussels/148_0087.jpg,147,148.mussels
data/raw/caltech256/256_ObjectCategories/148.mussels/148_0096.jpg,147,148.mussels
data/raw/caltech256/256_ObjectCategories/148.mussels/148_0167.jpg,147,148.mussels
data/raw/caltech256/256_ObjectCategories/148.mussels/148_0018.jpg,147,148.mussels
data/raw/caltech256/256_ObjectCategories/148.mussels/148_0057.jpg,147,148.mussels
data/raw/caltech256/256_ObjectCategories/148.mussels/148_0084.jpg,147,148.mussels
data/raw/caltech256/256_ObjectCategories/148.mussels/148_0118.jpg,147,148.mussels
data/raw/caltech256/256_ObjectCategories/148.mussels/148_0164.jpg,147,148.mussels
data/raw/caltech256/256_ObjectCategories/148.mussels/148_0124.jpg,147,148.mussels
data/raw/caltech256/256_ObjectCategories/148.mussels/148_0008.jpg,147,148.mussels
data/raw/caltech256/256_ObjectCategories/148.mussels/148_0136.jpg,147,148.mussels
data/raw/caltech256/256_ObjectCategories/148.mussels/148_0133.jpg,147,148.mussels
data/raw/caltech256/256_ObjectCategories/148.mussels/148_0046.jpg,147,148.mussels
data/raw/caltech256/256_ObjectCategories/148.mussels/148_0048.jpg,147,148.mussels
data/raw/caltech256/256_ObjectCategories/148.mussels/148_0032.jpg,147,148.mussels
data/raw/caltech256/256_ObjectCategories/148.mussels/148_0010.jpg,147,148.mussels
data/raw/caltech256/256_ObjectCategories/148.mussels/148_0079.jpg,147,148.mussels
data/raw/caltech256/256_ObjectCategories/148.mussels/148_0027.jpg,147,148.mussels
data/raw/caltech256/256_ObjectCategories/148.mussels/148_0097.jpg,147,148.mussels
data/raw/caltech256/256_ObjectCategories/149.necktie/149_0095.jpg,148,149.necktie
data/raw/caltech256/256_ObjectCategories/149.necktie/149_0076.jpg,148,149.necktie
data/raw/caltech256/256_ObjectCategories/149.necktie/149_0053.jpg,148,149.necktie
data/raw/caltech256/256_ObjectCategories/149.necktie/149_0039.jpg,148,149.necktie
data/raw/caltech256/256_ObjectCategories/149.necktie/149_0024.jpg,148,149.necktie
data/raw/caltech256/256_ObjectCategories/149.necktie/149_0005.jpg,148,149.necktie
data/raw/caltech256/256_ObjectCategories/149.necktie/149_0102.jpg,148,149.necktie
data/raw/caltech256/256_ObjectCategories/149.necktie/149_0052.jpg,148,149.necktie
data/raw/caltech256/256_ObjectCategories/149.necktie/149_0013.jpg,148,149.necktie
data/raw/caltech256/256_ObjectCategories/149.necktie/149_0038.jpg,148,149.necktie
data/raw/caltech256/256_ObjectCategories/149.necktie/149_0048.jpg,148,149.necktie
data/raw/caltech256/256_ObjectCategories/149.necktie/149_0081.jpg,148,149.necktie
data/raw/caltech256/256_ObjectCategories/149.necktie/149_0094.jpg,148,149.necktie
data/raw/caltech256/256_ObjectCategories/149.necktie/149_0082.jpg,148,149.necktie
data/raw/caltech256/256_ObjectCategories/149.necktie/149_0068.jpg,148,149.necktie
data/raw/caltech256/256_ObjectCategories/149.necktie/149_0072.jpg,148,149.necktie
data/raw/caltech256/256_ObjectCategories/149.necktie/149_0015.jpg,148,149.necktie
data/raw/caltech256/256_ObjectCategories/149.necktie/149_0003.jpg,148,149.necktie
data/raw/caltech256/256_ObjectCategories/149.necktie/149_0028.jpg,148,149.necktie
data/raw/caltech256/256_ObjectCategories/149.necktie/149_0017.jpg,148,149.necktie
data/raw/caltech256/256_ObjectCategories/149.necktie/149_0021.jpg,148,149.necktie
data/raw/caltech256/256_ObjectCategories/149.necktie/149_0087.jpg,148,149.necktie
data/raw/caltech256/256_ObjectCategories/149.necktie/149_0062.jpg,148,149.necktie
data/raw/caltech256/256_ObjectCategories/149.necktie/149_0019.jpg,148,149.necktie
data/raw/caltech256/256_ObjectCategories/149.necktie/149_0029.jpg,148,149.necktie
data/raw/caltech256/256_ObjectCategories/149.necktie/149_0060.jpg,148,149.necktie
data/raw/caltech256/256_ObjectCategories/149.necktie/149_0046.jpg,148,149.necktie
data/raw/caltech256/256_ObjectCategories/149.necktie/149_0058.jpg,148,149.necktie
data/raw/caltech256/256_ObjectCategories/149.necktie/149_0088.jpg,148,149.necktie
data/raw/caltech256/256_ObjectCategories/149.necktie/149_0059.jpg,148,149.necktie
data/raw/caltech256/256_ObjectCategories/149.necktie/149_0002.jpg,148,149.necktie
data/raw/caltech256/256_ObjectCategories/149.necktie/149_0073.jpg,148,149.necktie
data/raw/caltech256/256_ObjectCategories/149.necktie/149_0047.jpg,148,149.necktie
data/raw/caltech256/256_ObjectCategories/149.necktie/149_0042.jpg,148,149.necktie
data/raw/caltech256/256_ObjectCategories/149.necktie/149_0080.jpg,148,149.necktie
data/raw/caltech256/256_ObjectCategories/149.necktie/149_0075.jpg,148,149.necktie
data/raw/caltech256/256_ObjectCategories/150.octopus/150_0026.jpg,149,150.octopus
data/raw/caltech256/256_ObjectCategories/150.octopus/150_0024.jpg,149,150.octopus
data/raw/caltech256/256_ObjectCategories/150.octopus/150_0012.jpg,149,150.octopus
data/raw/caltech256/256_ObjectCategories/150.octopus/150_0070.jpg,149,150.octopus
data/raw/caltech256/256_ObjectCategories/150.octopus/150_0049.jpg,149,150.octopus
data/raw/caltech256/256_ObjectCategories/150.octopus/150_0019.jpg,149,150.octopus
data/raw/caltech256/256_ObjectCategories/150.octopus/150_0007.jpg,149,150.octopus
data/raw/caltech256/256_ObjectCategories/150.octopus/150_0091.jpg,149,150.octopus
data/raw/caltech256/256_ObjectCategories/150.octopus/150_0044.jpg,149,150.octopus
data/raw/caltech256/256_ObjectCategories/150.octopus/150_0108.jpg,149,150.octopus
data/raw/caltech256/256_ObjectCategories/150.octopus/150_0015.jpg,149,150.octopus
data/raw/caltech256/256_ObjectCategories/150.octopus/150_0078.jpg,149,150.octopus
data/raw/caltech256/256_ObjectCategories/150.octopus/150_0056.jpg,149,150.octopus
data/raw/caltech256/256_ObjectCategories/150.octopus/150_0003.jpg,149,150.octopus
data/raw/caltech256/256_ObjectCategories/150.octopus/150_0073.jpg,149,150.octopus
data/raw/caltech256/256_ObjectCategories/150.octopus/150_0032.jpg,149,150.octopus
data/raw/caltech256/256_ObjectCategories/150.octopus/150_0022.jpg,149,150.octopus
data/raw/caltech256/256_ObjectCategories/150.octopus/150_0038.jpg,149,150.octopus
data/raw/caltech256/256_ObjectCategories/150.octopus/150_0047.jpg,149,150.octopus
data/raw/caltech256/256_ObjectCategories/150.octopus/150_0055.jpg,149,150.octopus
data/raw/caltech256/256_ObjectCategories/150.octopus/150_0009.jpg,149,150.octopus
data/raw/caltech256/256_ObjectCategories/150.octopus/150_0034.jpg,149,150.octopus
data/raw/caltech256/256_ObjectCategories/150.octopus/150_0031.jpg,149,150.octopus
data/raw/caltech256/256_ObjectCategories/150.octopus/150_0011.jpg,149,150.octopus
data/raw/caltech256/256_ObjectCategories/150.octopus/150_0102.jpg,149,150.octopus
data/raw/caltech256/256_ObjectCategories/150.octopus/150_0013.jpg,149,150.octopus
data/raw/caltech256/256_ObjectCategories/150.octopus/150_0061.jpg,149,150.octopus
data/raw/caltech256/256_ObjectCategories/150.octopus/150_0017.jpg,149,150.octopus
data/raw/caltech256/256_ObjectCategories/150.octopus/150_0067.jpg,149,150.octopus
data/raw/caltech256/256_ObjectCategories/150.octopus/150_0002.jpg,149,150.octopus
data/raw/caltech256/256_ObjectCategories/150.octopus/150_0094.jpg,149,150.octopus
data/raw/caltech256/256_ObjectCategories/150.octopus/150_0008.jpg,149,150.octopus
data/raw/caltech256/256_ObjectCategories/150.octopus/150_0023.jpg,149,150.octopus
data/raw/caltech256/256_ObjectCategories/150.octopus/150_0081.jpg,149,150.octopus
data/raw/caltech256/256_ObjectCategories/150.octopus/150_0018.jpg,149,150.octopus
data/raw/caltech256/256_ObjectCategories/150.octopus/150_0083.jpg,149,150.octopus
data/raw/caltech256/256_ObjectCategories/150.octopus/150_0084.jpg,149,150.octopus
data/raw/caltech256/256_ObjectCategories/150.octopus/150_0014.jpg,149,150.octopus
data/raw/caltech256/256_ObjectCategories/150.octopus/150_0105.jpg,149,150.octopus
data/raw/caltech256/256_ObjectCategories/151.ostrich/151_0023.jpg,150,151.ostrich
data/raw/caltech256/256_ObjectCategories/151.ostrich/151_0045.jpg,150,151.ostrich
data/raw/caltech256/256_ObjectCategories/151.ostrich/151_0109.jpg,150,151.ostrich
data/raw/caltech256/256_ObjectCategories/151.ostrich/151_0105.jpg,150,151.ostrich
data/raw/caltech256/256_ObjectCategories/151.ostrich/151_0088.jpg,150,151.ostrich
data/raw/caltech256/256_ObjectCategories/151.ostrich/151_0016.jpg,150,151.ostrich
data/raw/caltech256/256_ObjectCategories/151.ostrich/151_0102.jpg,150,151.ostrich
data/raw/caltech256/256_ObjectCategories/151.ostrich/151_0079.jpg,150,151.ostrich
data/raw/caltech256/256_ObjectCategories/151.ostrich/151_0058.jpg,150,151.ostrich
data/raw/caltech256/256_ObjectCategories/151.ostrich/151_0077.jpg,150,151.ostrich
data/raw/caltech256/256_ObjectCategories/151.ostrich/151_0083.jpg,150,151.ostrich
data/raw/caltech256/256_ObjectCategories/151.ostrich/151_0047.jpg,150,151.ostrich
data/raw/caltech256/256_ObjectCategories/151.ostrich/151_0043.jpg,150,151.ostrich
data/raw/caltech256/256_ObjectCategories/151.ostrich/151_0038.jpg,150,151.ostrich
data/raw/caltech256/256_ObjectCategories/151.ostrich/151_0107.jpg,150,151.ostrich
data/raw/caltech256/256_ObjectCategories/151.ostrich/151_0104.jpg,150,151.ostrich
data/raw/caltech256/256_ObjectCategories/151.ostrich/151_0034.jpg,150,151.ostrich
data/raw/caltech256/256_ObjectCategories/151.ostrich/151_0094.jpg,150,151.ostrich
data/raw/caltech256/256_ObjectCategories/151.ostrich/151_0024.jpg,150,151.ostrich
data/raw/caltech256/256_ObjectCategories/151.ostrich/151_0062.jpg,150,151.ostrich
data/raw/caltech256/256_ObjectCategories/151.ostrich/151_0090.jpg,150,151.ostrich
data/raw/caltech256/256_ObjectCategories/151.ostrich/151_0050.jpg,150,151.ostrich
data/raw/caltech256/256_ObjectCategories/151.ostrich/151_0018.jpg,150,151.ostrich
data/raw/caltech256/256_ObjectCategories/151.ostrich/151_0085.jpg,150,151.ostrich
data/raw/caltech256/256_ObjectCategories/151.ostrich/151_0061.jpg,150,151.ostrich
data/raw/caltech256/256_ObjectCategories/151.ostrich/151_0008.jpg,150,151.ostrich
data/raw/caltech256/256_ObjectCategories/151.ostrich/151_0081.jpg,150,151.ostrich
data/raw/caltech256/256_ObjectCategories/151.ostrich/151_0021.jpg,150,151.ostrich
data/raw/caltech256/256_ObjectCategories/151.ostrich/151_0097.jpg,150,151.ostrich
data/raw/caltech256/256_ObjectCategories/151.ostrich/151_0017.jpg,150,151.ostrich
data/raw/caltech256/256_ObjectCategories/151.ostrich/151_0055.jpg,150,151.ostrich
data/raw/caltech256/256_ObjectCategories/151.ostrich/151_0020.jpg,150,151.ostrich
data/raw/caltech256/256_ObjectCategories/151.ostrich/151_0082.jpg,150,151.ostrich
data/raw/caltech256/256_ObjectCategories/151.ostrich/151_0087.jpg,150,151.ostrich
data/raw/caltech256/256_ObjectCategories/151.ostrich/151_0041.jpg,150,151.ostrich
data/raw/caltech256/256_ObjectCategories/151.ostrich/151_0011.jpg,150,151.ostrich
data/raw/caltech256/256_ObjectCategories/151.ostrich/151_0074.jpg,150,151.ostrich
data/raw/caltech256/256_ObjectCategories/151.ostrich/151_0067.jpg,150,151.ostrich
data/raw/caltech256/256_ObjectCategories/152.owl/152_0020.jpg,151,152.owl
data/raw/caltech256/256_ObjectCategories/152.owl/152_0037.jpg,151,152.owl
data/raw/caltech256/256_ObjectCategories/152.owl/152_0107.jpg,151,152.owl
data/raw/caltech256/256_ObjectCategories/152.owl/152_0044.jpg,151,152.owl
data/raw/caltech256/256_ObjectCategories/152.owl/152_0088.jpg,151,152.owl
data/raw/caltech256/256_ObjectCategories/152.owl/152_0001.jpg,151,152.owl
data/raw/caltech256/256_ObjectCategories/152.owl/152_0052.jpg,151,152.owl
data/raw/caltech256/256_ObjectCategories/152.owl/152_0112.jpg,151,152.owl
data/raw/caltech256/256_ObjectCategories/152.owl/152_0025.jpg,151,152.owl
data/raw/caltech256/256_ObjectCategories/152.owl/152_0059.jpg,151,152.owl
data/raw/caltech256/256_ObjectCategories/152.owl/152_0081.jpg,151,152.owl
data/raw/caltech256/256_ObjectCategories/152.owl/152_0086.jpg,151,152.owl
data/raw/caltech256/256_ObjectCategories/152.owl/152_0048.jpg,151,152.owl
data/raw/caltech256/256_ObjectCategories/152.owl/152_0005.jpg,151,152.owl
data/raw/caltech256/256_ObjectCategories/152.owl/152_0074.jpg,151,152.owl
data/raw/caltech256/256_ObjectCategories/152.owl/152_0046.jpg,151,152.owl
data/raw/caltech256/256_ObjectCategories/152.owl/152_0032.jpg,151,152.owl
data/raw/caltech256/256_ObjectCategories/152.owl/152_0058.jpg,151,152.owl
data/raw/caltech256/256_ObjectCategories/152.owl/152_0115.jpg,151,152.owl
data/raw/caltech256/256_ObjectCategories/152.owl/152_0027.jpg,151,152.owl
data/raw/caltech256/256_ObjectCategories/152.owl/152_0097.jpg,151,152.owl
data/raw/caltech256/256_ObjectCategories/152.owl/152_0055.jpg,151,152.owl
data/raw/caltech256/256_ObjectCategories/152.owl/152_0026.jpg,151,152.owl
data/raw/caltech256/256_ObjectCategories/152.owl/152_0106.jpg,151,152.owl
data/raw/caltech256/256_ObjectCategories/152.owl/152_0079.jpg,151,152.owl
data/raw/caltech256/256_ObjectCategories/152.owl/152_0103.jpg,151,152.owl
data/raw/caltech256/256_ObjectCategories/152.owl/152_0071.jpg,151,152.owl
data/raw/caltech256/256_ObjectCategories/152.owl/152_0065.jpg,151,152.owl
data/raw/caltech256/256_ObjectCategories/152.owl/152_0013.jpg,151,152.owl
data/raw/caltech256/256_ObjectCategories/152.owl/152_0030.jpg,151,152.owl
data/raw/caltech256/256_ObjectCategories/152.owl/152_0054.jpg,151,152.owl
data/raw/caltech256/256_ObjectCategories/152.owl/152_0035.jpg,151,152.owl
data/raw/caltech256/256_ObjectCategories/152.owl/152_0117.jpg,151,152.owl
data/raw/caltech256/256_ObjectCategories/152.owl/152_0014.jpg,151,152.owl
data/raw/caltech256/256_ObjectCategories/152.owl/152_0023.jpg,151,152.owl
data/raw/caltech256/256_ObjectCategories/152.owl/152_0093.jpg,151,152.owl
data/raw/caltech256/256_ObjectCategories/152.owl/152_0068.jpg,151,152.owl
data/raw/caltech256/256_ObjectCategories/152.owl/152_0116.jpg,151,152.owl
data/raw/caltech256/256_ObjectCategories/152.owl/152_0028.jpg,151,152.owl
data/raw/caltech256/256_ObjectCategories/152.owl/152_0009.jpg,151,152.owl
data/raw/caltech256/256_ObjectCategories/152.owl/152_0040.jpg,151,152.owl
data/raw/caltech256/256_ObjectCategories/152.owl/152_0085.jpg,151,152.owl
data/raw/caltech256/256_ObjectCategories/153.palm-pilot/153_0036.jpg,152,153.palm-pilot
data/raw/caltech256/256_ObjectCategories/153.palm-pilot/153_0017.jpg,152,153.palm-pilot
data/raw/caltech256/256_ObjectCategories/153.palm-pilot/153_0055.jpg,152,153.palm-pilot
data/raw/caltech256/256_ObjectCategories/153.palm-pilot/153_0051.jpg,152,153.palm-pilot
data/raw/caltech256/256_ObjectCategories/153.palm-pilot/153_0042.jpg,152,153.palm-pilot
data/raw/caltech256/256_ObjectCategories/153.palm-pilot/153_0023.jpg,152,153.palm-pilot
data/raw/caltech256/256_ObjectCategories/153.palm-pilot/153_0043.jpg,152,153.palm-pilot
data/raw/caltech256/256_ObjectCategories/153.palm-pilot/153_0086.jpg,152,153.palm-pilot
data/raw/caltech256/256_ObjectCategories/153.palm-pilot/153_0079.jpg,152,153.palm-pilot
data/raw/caltech256/256_ObjectCategories/153.palm-pilot/153_0019.jpg,152,153.palm-pilot
data/raw/caltech256/256_ObjectCategories/153.palm-pilot/153_0087.jpg,152,153.palm-pilot
data/raw/caltech256/256_ObjectCategories/153.palm-pilot/153_0076.jpg,152,153.palm-pilot
data/raw/caltech256/256_ObjectCategories/153.palm-pilot/153_0027.jpg,152,153.palm-pilot
data/raw/caltech256/256_ObjectCategories/153.palm-pilot/153_0066.jpg,152,153.palm-pilot
data/raw/caltech256/256_ObjectCategories/153.palm-pilot/153_0016.jpg,152,153.palm-pilot
data/raw/caltech256/256_ObjectCategories/153.palm-pilot/153_0069.jpg,152,153.palm-pilot
data/raw/caltech256/256_ObjectCategories/153.palm-pilot/153_0073.jpg,152,153.palm-pilot
data/raw/caltech256/256_ObjectCategories/153.palm-pilot/153_0070.jpg,152,153.palm-pilot
data/raw/caltech256/256_ObjectCategories/153.palm-pilot/153_0049.jpg,152,153.palm-pilot
data/raw/caltech256/256_ObjectCategories/153.palm-pilot/153_0029.jpg,152,153.palm-pilot
data/raw/caltech256/256_ObjectCategories/153.palm-pilot/153_0013.jpg,152,153.palm-pilot
data/raw/caltech256/256_ObjectCategories/153.palm-pilot/153_0052.jpg,152,153.palm-pilot
data/raw/caltech256/256_ObjectCategories/153.palm-pilot/153_0054.jpg,152,153.palm-pilot
data/raw/caltech256/256_ObjectCategories/153.palm-pilot/153_0053.jpg,152,153.palm-pilot
data/raw/caltech256/256_ObjectCategories/153.palm-pilot/153_0030.jpg,152,153.palm-pilot
data/raw/caltech256/256_ObjectCategories/153.palm-pilot/153_0068.jpg,152,153.palm-pilot
data/raw/caltech256/256_ObjectCategories/153.palm-pilot/153_0041.jpg,152,153.palm-pilot
data/raw/caltech256/256_ObjectCategories/153.palm-pilot/153_0039.jpg,152,153.palm-pilot
data/raw/caltech256/256_ObjectCategories/153.palm-pilot/153_0083.jpg,152,153.palm-pilot
data/raw/caltech256/256_ObjectCategories/153.palm-pilot/153_0021.jpg,152,153.palm-pilot
data/raw/caltech256/256_ObjectCategories/153.palm-pilot/153_0048.jpg,152,153.palm-pilot
data/raw/caltech256/256_ObjectCategories/153.palm-pilot/153_0091.jpg,152,153.palm-pilot
data/raw/caltech256/256_ObjectCategories/153.palm-pilot/153_0008.jpg,152,153.palm-pilot
data/raw/caltech256/256_ObjectCategories/154.palm-tree/154_0087.jpg,153,154.palm-tree
data/raw/caltech256/256_ObjectCategories/154.palm-tree/154_0024.jpg,153,154.palm-tree
data/raw/caltech256/256_ObjectCategories/154.palm-tree/154_0042.jpg,153,154.palm-tree
data/raw/caltech256/256_ObjectCategories/154.palm-tree/154_0094.jpg,153,154.palm-tree
data/raw/caltech256/256_ObjectCategories/154.palm-tree/154_0010.jpg,153,154.palm-tree
data/raw/caltech256/256_ObjectCategories/154.palm-tree/154_0022.jpg,153,154.palm-tree
data/raw/caltech256/256_ObjectCategories/154.palm-tree/154_0001.jpg,153,154.palm-tree
data/raw/caltech256/256_ObjectCategories/154.palm-tree/154_0073.jpg,153,154.palm-tree
data/raw/caltech256/256_ObjectCategories/154.palm-tree/154_0061.jpg,153,154.palm-tree
data/raw/caltech256/256_ObjectCategories/154.palm-tree/154_0077.jpg,153,154.palm-tree
data/raw/caltech256/256_ObjectCategories/154.palm-tree/154_0051.jpg,153,154.palm-tree
data/raw/caltech256/256_ObjectCategories/154.palm-tree/154_0015.jpg,153,154.palm-tree
data/raw/caltech256/256_ObjectCategories/154.palm-tree/154_0013.jpg,153,154.palm-tree
data/raw/caltech256/256_ObjectCategories/154.palm-tree/154_0090.jpg,153,154.palm-tree
data/raw/caltech256/256_ObjectCategories/154.palm-tree/154_0101.jpg,153,154.palm-tree
data/raw/caltech256/256_ObjectCategories/154.palm-tree/154_0049.jpg,153,154.palm-tree
data/raw/caltech256/256_ObjectCategories/154.palm-tree/154_0039.jpg,153,154.palm-tree
data/raw/caltech256/256_ObjectCategories/154.palm-tree/154_0038.jpg,153,154.palm-tree
data/raw/caltech256/256_ObjectCategories/154.palm-tree/154_0089.jpg,153,154.palm-tree
data/raw/caltech256/256_ObjectCategories/154.palm-tree/154_0026.jpg,153,154.palm-tree
data/raw/caltech256/256_ObjectCategories/154.palm-tree/154_0060.jpg,153,154.palm-tree
data/raw/caltech256/256_ObjectCategories/154.palm-tree/154_0009.jpg,153,154.palm-tree
data/raw/caltech256/256_ObjectCategories/154.palm-tree/154_0003.jpg,153,154.palm-tree
data/raw/caltech256/256_ObjectCategories/154.palm-tree/154_0080.jpg,153,154.palm-tree
data/raw/caltech256/256_ObjectCategories/154.palm-tree/154_0016.jpg,153,154.palm-tree
data/raw/caltech256/256_ObjectCategories/154.palm-tree/154_0068.jpg,153,154.palm-tree
data/raw/caltech256/256_ObjectCategories/154.palm-tree/154_0074.jpg,153,154.palm-tree
data/raw/caltech256/256_ObjectCategories/154.palm-tree/154_0066.jpg,153,154.palm-tree
data/raw/caltech256/256_ObjectCategories/154.palm-tree/154_0028.jpg,153,154.palm-tree
data/raw/caltech256/256_ObjectCategories/154.palm-tree/154_0069.jpg,153,154.palm-tree
data/raw/caltech256/256_ObjectCategories/154.palm-tree/154_0059.jpg,153,154.palm-tree
data/raw/caltech256/256_ObjectCategories/154.palm-tree/154_0025.jpg,153,154.palm-tree
data/raw/caltech256/256_ObjectCategories/154.palm-tree/154_0058.jpg,153,154.palm-tree
data/raw/caltech256/256_ObjectCategories/154.palm-tree/154_0083.jpg,153,154.palm-tree
data/raw/caltech256/256_ObjectCategories/154.palm-tree/154_0082.jpg,153,154.palm-tree
data/raw/caltech256/256_ObjectCategories/154.palm-tree/154_0033.jpg,153,154.palm-tree
data/raw/caltech256/256_ObjectCategories/155.paperclip/155_0047.jpg,154,155.paperclip
data/raw/caltech256/256_ObjectCategories/155.paperclip/155_0087.jpg,154,155.paperclip
data/raw/caltech256/256_ObjectCategories/155.paperclip/155_0069.jpg,154,155.paperclip
data/raw/caltech256/256_ObjectCategories/155.paperclip/155_0039.jpg,154,155.paperclip
data/raw/caltech256/256_ObjectCategories/155.paperclip/155_0065.jpg,154,155.paperclip
data/raw/caltech256/256_ObjectCategories/155.paperclip/155_0053.jpg,154,155.paperclip
data/raw/caltech256/256_ObjectCategories/155.paperclip/155_0045.jpg,154,155.paperclip
data/raw/caltech256/256_ObjectCategories/155.paperclip/155_0023.jpg,154,155.paperclip
data/raw/caltech256/256_ObjectCategories/155.paperclip/155_0077.jpg,154,155.paperclip
data/raw/caltech256/256_ObjectCategories/155.paperclip/155_0011.jpg,154,155.paperclip
data/raw/caltech256/256_ObjectCategories/155.paperclip/155_0078.jpg,154,155.paperclip
data/raw/caltech256/256_ObjectCategories/155.paperclip/155_0036.jpg,154,155.paperclip
data/raw/caltech256/256_ObjectCategories/155.paperclip/155_0032.jpg,154,155.paperclip
data/raw/caltech256/256_ObjectCategories/155.paperclip/155_0010.jpg,154,155.paperclip
data/raw/caltech256/256_ObjectCategories/155.paperclip/155_0083.jpg,154,155.paperclip
data/raw/caltech256/256_ObjectCategories/155.paperclip/155_0052.jpg,154,155.paperclip
data/raw/caltech256/256_ObjectCategories/155.paperclip/155_0020.jpg,154,155.paperclip
data/raw/caltech256/256_ObjectCategories/155.paperclip/155_0004.jpg,154,155.paperclip
data/raw/caltech256/256_ObjectCategories/155.paperclip/155_0092.jpg,154,155.paperclip
data/raw/caltech256/256_ObjectCategories/155.paperclip/155_0091.jpg,154,155.paperclip
data/raw/caltech256/256_ObjectCategories/155.paperclip/155_0012.jpg,154,155.paperclip
data/raw/caltech256/256_ObjectCategories/155.paperclip/155_0074.jpg,154,155.paperclip
data/raw/caltech256/256_ObjectCategories/155.paperclip/155_0050.jpg,154,155.paperclip
data/raw/caltech256/256_ObjectCategories/155.paperclip/155_0080.jpg,154,155.paperclip
data/raw/caltech256/256_ObjectCategories/155.paperclip/155_0070.jpg,154,155.paperclip
data/raw/caltech256/256_ObjectCategories/155.paperclip/155_0034.jpg,154,155.paperclip
data/raw/caltech256/256_ObjectCategories/155.paperclip/155_0038.jpg,154,155.paperclip
data/raw/caltech256/256_ObjectCategories/155.paperclip/155_0060.jpg,154,155.paperclip
data/raw/caltech256/256_ObjectCategories/155.paperclip/155_0009.jpg,154,155.paperclip
data/raw/caltech256/256_ObjectCategories/155.paperclip/155_0079.jpg,154,155.paperclip
data/raw/caltech256/256_ObjectCategories/155.paperclip/155_0081.jpg,154,155.paperclip
data/raw/caltech256/256_ObjectCategories/155.paperclip/155_0076.jpg,154,155.paperclip
data/raw/caltech256/256_ObjectCategories/155.paperclip/155_0071.jpg,154,155.paperclip
data/raw/caltech256/256_ObjectCategories/156.paper-shredder/156_0011.jpg,155,156.paper-shredder
data/raw/caltech256/256_ObjectCategories/156.paper-shredder/156_0037.jpg,155,156.paper-shredder
data/raw/caltech256/256_ObjectCategories/156.paper-shredder/156_0010.jpg,155,156.paper-shredder
data/raw/caltech256/256_ObjectCategories/156.paper-shredder/156_0039.jpg,155,156.paper-shredder
data/raw/caltech256/256_ObjectCategories/156.paper-shredder/156_0029.jpg,155,156.paper-shredder
data/raw/caltech256/256_ObjectCategories/156.paper-shredder/156_0009.jpg,155,156.paper-shredder
data/raw/caltech256/256_ObjectCategories/156.paper-shredder/156_0083.jpg,155,156.paper-shredder
data/raw/caltech256/256_ObjectCategories/156.paper-shredder/156_0004.jpg,155,156.paper-shredder
data/raw/caltech256/256_ObjectCategories/156.paper-shredder/156_0016.jpg,155,156.paper-shredder
data/raw/caltech256/256_ObjectCategories/156.paper-shredder/156_0054.jpg,155,156.paper-shredder
data/raw/caltech256/256_ObjectCategories/156.paper-shredder/156_0052.jpg,155,156.paper-shredder
data/raw/caltech256/256_ObjectCategories/156.paper-shredder/156_0049.jpg,155,156.paper-shredder
data/raw/caltech256/256_ObjectCategories/156.paper-shredder/156_0076.jpg,155,156.paper-shredder
data/raw/caltech256/256_ObjectCategories/156.paper-shredder/156_0084.jpg,155,156.paper-shredder
data/raw/caltech256/256_ObjectCategories/156.paper-shredder/156_0093.jpg,155,156.paper-shredder
data/raw/caltech256/256_ObjectCategories/156.paper-shredder/156_0038.jpg,155,156.paper-shredder
data/raw/caltech256/256_ObjectCategories/156.paper-shredder/156_0018.jpg,155,156.paper-shredder
data/raw/caltech256/256_ObjectCategories/156.paper-shredder/156_0050.jpg,155,156.paper-shredder
data/raw/caltech256/256_ObjectCategories/156.paper-shredder/156_0042.jpg,155,156.paper-shredder
data/raw/caltech256/256_ObjectCategories/156.paper-shredder/156_0020.jpg,155,156.paper-shredder
data/raw/caltech256/256_ObjectCategories/156.paper-shredder/156_0095.jpg,155,156.paper-shredder
data/raw/caltech256/256_ObjectCategories/156.paper-shredder/156_0078.jpg,155,156.paper-shredder
data/raw/caltech256/256_ObjectCategories/156.paper-shredder/156_0005.jpg,155,156.paper-shredder
data/raw/caltech256/256_ObjectCategories/156.paper-shredder/156_0040.jpg,155,156.paper-shredder
data/raw/caltech256/256_ObjectCategories/156.paper-shredder/156_0067.jpg,155,156.paper-shredder
data/raw/caltech256/256_ObjectCategories/156.paper-shredder/156_0035.jpg,155,156.paper-shredder
data/raw/caltech256/256_ObjectCategories/156.paper-shredder/156_0081.jpg,155,156.paper-shredder
data/raw/caltech256/256_ObjectCategories/156.paper-shredder/156_0070.jpg,155,156.paper-shredder
data/raw/caltech256/256_ObjectCategories/156.paper-shredder/156_0043.jpg,155,156.paper-shredder
data/raw/caltech256/256_ObjectCategories/156.paper-shredder/156_0068.jpg,155,156.paper-shredder
data/raw/caltech256/256_ObjectCategories/156.paper-shredder/156_0001.jpg,155,156.paper-shredder
data/raw/caltech256/256_ObjectCategories/156.paper-shredder/156_0031.jpg,155,156.paper-shredder
data/raw/caltech256/256_ObjectCategories/156.paper-shredder/156_0003.jpg,155,156.paper-shredder
data/raw/caltech256/256_ObjectCategories/156.paper-shredder/156_0023.jpg,155,156.paper-shredder
data/raw/caltech256/256_ObjectCategories/157.pci-card/157_0025.jpg,156,157.pci-card
data/raw/caltech256/256_ObjectCategories/157.pci-card/157_0051.jpg,156,157.pci-card
data/raw/caltech256/256_ObjectCategories/157.pci-card/157_0008.jpg,156,157.pci-card
data/raw/caltech256/256_ObjectCategories/157.pci-card/157_0017.jpg,156,157.pci-card
data/raw/caltech256/256_ObjectCategories/157.pci-card/157_0101.jpg,156,157.pci-card
data/raw/caltech256/256_ObjectCategories/157.pci-card/157_0060.jpg,156,157.pci-card
data/raw/caltech256/256_ObjectCategories/157.pci-card/157_0098.jpg,156,157.pci-card
data/raw/caltech256/256_ObjectCategories/157.pci-card/157_0050.jpg,156,157.pci-card
data/raw/caltech256/256_ObjectCategories/157.pci-card/157_0093.jpg,156,157.pci-card
data/raw/caltech256/256_ObjectCategories/157.pci-card/157_0082.jpg,156,157.pci-card
data/raw/caltech256/256_ObjectCategories/157.pci-card/157_0078.jpg,156,157.pci-card
data/raw/caltech256/256_ObjectCategories/157.pci-card/157_0076.jpg,156,157.pci-card
data/raw/caltech256/256_ObjectCategories/157.pci-card/157_0048.jpg,156,157.pci-card
data/raw/caltech256/256_ObjectCategories/157.pci-card/157_0014.jpg,156,157.pci-card
data/raw/caltech256/256_ObjectCategories/157.pci-card/157_0015.jpg,156,157.pci-card
data/raw/caltech256/256_ObjectCategories/157.pci-card/157_0087.jpg,156,157.pci-card
data/raw/caltech256/256_ObjectCategories/157.pci-card/157_0096.jpg,156,157.pci-card
data/raw/caltech256/256_ObjectCategories/157.pci-card/157_0016.jpg,156,157.pci-card
data/raw/caltech256/256_ObjectCategories/157.pci-card/157_0105.jpg,156,157.pci-card
data/raw/caltech256/256_ObjectCategories/157.pci-card/157_0026.jpg,156,157.pci-card
data/raw/caltech256/256_ObjectCategories/157.pci-card/157_0054.jpg,156,157.pci-card
data/raw/caltech256/256_ObjectCategories/157.pci-card/157_0057.jpg,156,157.pci-card
data/raw/caltech256/256_ObjectCategories/157.pci-card/157_0086.jpg,156,157.pci-card
data/raw/caltech256/256_ObjectCategories/157.pci-card/157_0071.jpg,156,157.pci-card
data/raw/caltech256/256_ObjectCategories/157.pci-card/157_0065.jpg,156,157.pci-card
data/raw/caltech256/256_ObjectCategories/157.pci-card/157_0094.jpg,156,157.pci-card
data/raw/caltech256/256_ObjectCategories/157.pci-card/157_0027.jpg,156,157.pci-card
data/raw/caltech256/256_ObjectCategories/157.pci-card/157_0042.jpg,156,157.pci-card
data/raw/caltech256/256_ObjectCategories/157.pci-card/157_0035.jpg,156,157.pci-card
data/raw/caltech256/256_ObjectCategories/157.pci-card/157_0041.jpg,156,157.pci-card
data/raw/caltech256/256_ObjectCategories/157.pci-card/157_0091.jpg,156,157.pci-card
data/raw/caltech256/256_ObjectCategories/157.pci-card/157_0044.jpg,156,157.pci-card
data/raw/caltech256/256_ObjectCategories/157.pci-card/157_0038.jpg,156,157.pci-card
data/raw/caltech256/256_ObjectCategories/157.pci-card/157_0028.jpg,156,157.pci-card
data/raw/caltech256/256_ObjectCategories/157.pci-card/157_0058.jpg,156,157.pci-card
data/raw/caltech256/256_ObjectCategories/157.pci-card/157_0068.jpg,156,157.pci-card
data/raw/caltech256/256_ObjectCategories/157.pci-card/157_0072.jpg,156,157.pci-card
data/raw/caltech256/256_ObjectCategories/158.penguin/158_0054.jpg,157,158.penguin
data/raw/caltech256/256_ObjectCategories/158.penguin/158_0146.jpg,157,158.penguin
data/raw/caltech256/256_ObjectCategories/158.penguin/158_0068.jpg,157,158.penguin
data/raw/caltech256/256_ObjectCategories/158.penguin/158_0121.jpg,157,158.penguin
data/raw/caltech256/256_ObjectCategories/158.penguin/158_0105.jpg,157,158.penguin
data/raw/caltech256/256_ObjectCategories/158.penguin/158_0134.jpg,157,158.penguin
data/raw/caltech256/256_ObjectCategories/158.penguin/158_0095.jpg,157,158.penguin
data/raw/caltech256/256_ObjectCategories/158.penguin/158_0085.jpg,157,158.penguin
data/raw/caltech256/256_ObjectCategories/158.penguin/158_0135.jpg,157,158.penguin
data/raw/caltech256/256_ObjectCategories/158.penguin/158_0015.jpg,157,158.penguin
data/raw/caltech256/256_ObjectCategories/158.penguin/158_0044.jpg,157,158.penguin
data/raw/caltech256/256_ObjectCategories/158.penguin/158_0043.jpg,157,158.penguin
data/raw/caltech256/256_ObjectCategories/158.penguin/158_0145.jpg,157,158.penguin
data/raw/caltech256/256_ObjectCategories/158.penguin/158_0107.jpg,157,158.penguin
data/raw/caltech256/256_ObjectCategories/158.penguin/158_0026.jpg,157,158.penguin
data/raw/caltech256/256_ObjectCategories/158.penguin/158_0029.jpg,157,158.penguin
data/raw/caltech256/256_ObjectCategories/158.penguin/158_0011.jpg,157,158.penguin
data/raw/caltech256/256_ObjectCategories/158.penguin/158_0079.jpg,157,158.penguin
data/raw/caltech256/256_ObjectCategories/158.penguin/158_0065.jpg,157,158.penguin
data/raw/caltech256/256_ObjectCategories/158.penguin/158_0147.jpg,157,158.penguin
data/raw/caltech256/256_ObjectCategories/158.penguin/158_0093.jpg,157,158.penguin
data/raw/caltech256/256_ObjectCategories/158.penguin/158_0082.jpg,157,158.penguin
data/raw/caltech256/256_ObjectCategories/158.penguin/158_0008.jpg,157,158.penguin
data/raw/caltech256/256_ObjectCategories/158.penguin/158_0013.jpg,157,158.penguin
data/raw/caltech256/256_ObjectCategories/158.penguin/158_0119.jpg,157,158.penguin
data/raw/caltech256/256_ObjectCategories/158.penguin/158_0097.jpg,157,158.penguin
data/raw/caltech256/256_ObjectCategories/158.penguin/158_0036.jpg,157,158.penguin
data/raw/caltech256/256_ObjectCategories/158.penguin/158_0023.jpg,157,158.penguin
data/raw/caltech256/256_ObjectCategories/158.penguin/158_0083.jpg,157,158.penguin
data/raw/caltech256/256_ObjectCategories/158.penguin/158_0006.jpg,157,158.penguin
data/raw/caltech256/256_ObjectCategories/158.penguin/158_0007.jpg,157,158.penguin
data/raw/caltech256/256_ObjectCategories/158.penguin/158_0034.jpg,157,158.penguin
data/raw/caltech256/256_ObjectCategories/158.penguin/158_0010.jpg,157,158.penguin
data/raw/caltech256/256_ObjectCategories/158.penguin/158_0124.jpg,157,158.penguin
data/raw/caltech256/256_ObjectCategories/158.penguin/158_0072.jpg,157,158.penguin
data/raw/caltech256/256_ObjectCategories/158.penguin/158_0037.jpg,157,158.penguin
data/raw/caltech256/256_ObjectCategories/158.penguin/158_0050.jpg,157,158.penguin
data/raw/caltech256/256_ObjectCategories/158.penguin/158_0100.jpg,157,158.penguin
data/raw/caltech256/256_ObjectCategories/158.penguin/158_0120.jpg,157,158.penguin
data/raw/caltech256/256_ObjectCategories/158.penguin/158_0060.jpg,157,158.penguin
data/raw/caltech256/256_ObjectCategories/158.penguin/158_0090.jpg,157,158.penguin
data/raw/caltech256/256_ObjectCategories/158.penguin/158_0052.jpg,157,158.penguin
data/raw/caltech256/256_ObjectCategories/158.penguin/158_0004.jpg,157,158.penguin
data/raw/caltech256/256_ObjectCategories/158.penguin/158_0033.jpg,157,158.penguin
data/raw/caltech256/256_ObjectCategories/158.penguin/158_0066.jpg,157,158.penguin
data/raw/caltech256/256_ObjectCategories/158.penguin/158_0102.jpg,157,158.penguin
data/raw/caltech256/256_ObjectCategories/158.penguin/158_0136.jpg,157,158.penguin
data/raw/caltech256/256_ObjectCategories/158.penguin/158_0131.jpg,157,158.penguin
data/raw/caltech256/256_ObjectCategories/158.penguin/158_0138.jpg,157,158.penguin
data/raw/caltech256/256_ObjectCategories/158.penguin/158_0139.jpg,157,158.penguin
data/raw/caltech256/256_ObjectCategories/158.penguin/158_0098.jpg,157,158.penguin
data/raw/caltech256/256_ObjectCategories/158.penguin/158_0144.jpg,157,158.penguin
data/raw/caltech256/256_ObjectCategories/159.people/159_0060.jpg,158,159.people
data/raw/caltech256/256_ObjectCategories/159.people/159_0133.jpg,158,159.people
data/raw/caltech256/256_ObjectCategories/159.people/159_0134.jpg,158,159.people
data/raw/caltech256/256_ObjectCategories/159.people/159_0113.jpg,158,159.people
data/raw/caltech256/256_ObjectCategories/159.people/159_0085.jpg,158,159.people
data/raw/caltech256/256_ObjectCategories/159.people/159_0055.jpg,158,159.people
data/raw/caltech256/256_ObjectCategories/159.people/159_0170.jpg,158,159.people
data/raw/caltech256/256_ObjectCategories/159.people/159_0007.jpg,158,159.people
data/raw/caltech256/256_ObjectCategories/159.people/159_0191.jpg,158,159.people
data/raw/caltech256/256_ObjectCategories/159.people/159_0139.jpg,158,159.people
data/raw/caltech256/256_ObjectCategories/159.people/159_0056.jpg,158,159.people
data/raw/caltech256/256_ObjectCategories/159.people/159_0005.jpg,158,159.people
data/raw/caltech256/256_ObjectCategories/159.people/159_0124.jpg,158,159.people
data/raw/caltech256/256_ObjectCategories/159.people/159_0118.jpg,158,159.people
data/raw/caltech256/256_ObjectCategories/159.people/159_0076.jpg,158,159.people
data/raw/caltech256/256_ObjectCategories/159.people/159_0011.jpg,158,159.people
data/raw/caltech256/256_ObjectCategories/159.people/159_0031.jpg,158,159.people
data/raw/caltech256/256_ObjectCategories/159.people/159_0079.jpg,158,159.people
data/raw/caltech256/256_ObjectCategories/159.people/159_0177.jpg,158,159.people
data/raw/caltech256/256_ObjectCategories/159.people/159_0178.jpg,158,159.people
data/raw/caltech256/256_ObjectCategories/159.people/159_0196.jpg,158,159.people
data/raw/caltech256/256_ObjectCategories/159.people/159_0148.jpg,158,159.people
data/raw/caltech256/256_ObjectCategories/159.people/159_0062.jpg,158,159.people
data/raw/caltech256/256_ObjectCategories/159.people/159_0033.jpg,158,159.people
data/raw/caltech256/256_ObjectCategories/159.people/159_0051.jpg,158,159.people
data/raw/caltech256/256_ObjectCategories/159.people/159_0061.jpg,158,159.people
data/raw/caltech256/256_ObjectCategories/159.people/159_0046.jpg,158,159.people
data/raw/caltech256/256_ObjectCategories/159.people/159_0097.jpg,158,159.people
data/raw/caltech256/256_ObjectCategories/159.people/159_0111.jpg,158,159.people
data/raw/caltech256/256_ObjectCategories/159.people/159_0100.jpg,158,159.people
data/raw/caltech256/256_ObjectCategories/159.people/159_0017.jpg,158,159.people
data/raw/caltech256/256_ObjectCategories/159.people/159_0167.jpg,158,159.people
data/raw/caltech256/256_ObjectCategories/159.people/159_0016.jpg,158,159.people
data/raw/caltech256/256_ObjectCategories/159.people/159_0093.jpg,158,159.people
data/raw/caltech256/256_ObjectCategories/159.people/159_0090.jpg,158,159.people
data/raw/caltech256/256_ObjectCategories/159.people/159_0145.jpg,158,159.people
data/raw/caltech256/256_ObjectCategories/159.people/159_0117.jpg,158,159.people
data/raw/caltech256/256_ObjectCategories/159.people/159_0189.jpg,158,159.people
data/raw/caltech256/256_ObjectCategories/159.people/159_0183.jpg,158,159.people
data/raw/caltech256/256_ObjectCategories/159.people/159_0144.jpg,158,159.people
data/raw/caltech256/256_ObjectCategories/159.people/159_0065.jpg,158,159.people
data/raw/caltech256/256_ObjectCategories/159.people/159_0035.jpg,158,159.people
data/raw/caltech256/256_ObjectCategories/159.people/159_0119.jpg,158,159.people
data/raw/caltech256/256_ObjectCategories/159.people/159_0137.jpg,158,159.people
data/raw/caltech256/256_ObjectCategories/159.people/159_0014.jpg,158,159.people
data/raw/caltech256/256_ObjectCategories/159.people/159_0163.jpg,158,159.people
data/raw/caltech256/256_ObjectCategories/159.people/159_0001.jpg,158,159.people
data/raw/caltech256/256_ObjectCategories/159.people/159_0143.jpg,158,159.people
data/raw/caltech256/256_ObjectCategories/159.people/159_0020.jpg,158,159.people
data/raw/caltech256/256_ObjectCategories/159.people/159_0032.jpg,158,159.people
data/raw/caltech256/256_ObjectCategories/159.people/159_0171.jpg,158,159.people
data/raw/caltech256/256_ObjectCategories/159.people/159_0169.jpg,158,159.people
data/raw/caltech256/256_ObjectCategories/159.people/159_0205.jpg,158,159.people
data/raw/caltech256/256_ObjectCategories/159.people/159_0179.jpg,158,159.people
data/raw/caltech256/256_ObjectCategories/159.people/159_0049.jpg,158,159.people
data/raw/caltech256/256_ObjectCategories/159.people/159_0146.jpg,158,159.people
data/raw/caltech256/256_ObjectCategories/159.people/159_0081.jpg,158,159.people
data/raw/caltech256/256_ObjectCategories/159.people/159_0006.jpg,158,159.people
data/raw/caltech256/256_ObjectCategories/159.people/159_0092.jpg,158,159.people
data/raw/caltech256/256_ObjectCategories/159.people/159_0136.jpg,158,159.people
data/raw/caltech256/256_ObjectCategories/159.people/159_0131.jpg,158,159.people
data/raw/caltech256/256_ObjectCategories/159.people/159_0037.jpg,158,159.people
data/raw/caltech256/256_ObjectCategories/159.people/159_0154.jpg,158,159.people
data/raw/caltech256/256_ObjectCategories/159.people/159_0156.jpg,158,159.people
data/raw/caltech256/256_ObjectCategories/159.people/159_0207.jpg,158,159.people
data/raw/caltech256/256_ObjectCategories/159.people/159_0069.jpg,158,159.people
data/raw/caltech256/256_ObjectCategories/159.people/159_0034.jpg,158,159.people
data/raw/caltech256/256_ObjectCategories/159.people/159_0091.jpg,158,159.people
data/raw/caltech256/256_ObjectCategories/159.people/159_0052.jpg,158,159.people
data/raw/caltech256/256_ObjectCategories/159.people/159_0027.jpg,158,159.people
data/raw/caltech256/256_ObjectCategories/159.people/159_0045.jpg,158,159.people
data/raw/caltech256/256_ObjectCategories/159.people/159_0140.jpg,158,159.people
data/raw/caltech256/256_ObjectCategories/159.people/159_0129.jpg,158,159.people
data/raw/caltech256/256_ObjectCategories/160.pez-dispenser/160_0037.jpg,159,160.pez-dispenser
data/raw/caltech256/256_ObjectCategories/160.pez-dispenser/160_0067.jpg,159,160.pez-dispenser
data/raw/caltech256/256_ObjectCategories/160.pez-dispenser/160_0040.jpg,159,160.pez-dispenser
data/raw/caltech256/256_ObjectCategories/160.pez-dispenser/160_0060.jpg,159,160.pez-dispenser
data/raw/caltech256/256_ObjectCategories/160.pez-dispenser/160_0016.jpg,159,160.pez-dispenser
data/raw/caltech256/256_ObjectCategories/160.pez-dispenser/160_0039.jpg,159,160.pez-dispenser
data/raw/caltech256/256_ObjectCategories/160.pez-dispenser/160_0068.jpg,159,160.pez-dispenser
data/raw/caltech256/256_ObjectCategories/160.pez-dispenser/160_0056.jpg,159,160.pez-dispenser
data/raw/caltech256/256_ObjectCategories/160.pez-dispenser/160_0052.jpg,159,160.pez-dispenser
data/raw/caltech256/256_ObjectCategories/160.pez-dispenser/160_0077.jpg,159,160.pez-dispenser
data/raw/caltech256/256_ObjectCategories/160.pez-dispenser/160_0058.jpg,159,160.pez-dispenser
data/raw/caltech256/256_ObjectCategories/160.pez-dispenser/160_0024.jpg,159,160.pez-dispenser
data/raw/caltech256/256_ObjectCategories/160.pez-dispenser/160_0020.jpg,159,160.pez-dispenser
data/raw/caltech256/256_ObjectCategories/160.pez-dispenser/160_0029.jpg,159,160.pez-dispenser
data/raw/caltech256/256_ObjectCategories/160.pez-dispenser/160_0066.jpg,159,160.pez-dispenser
data/raw/caltech256/256_ObjectCategories/160.pez-dispenser/160_0018.jpg,159,160.pez-dispenser
data/raw/caltech256/256_ObjectCategories/160.pez-dispenser/160_0038.jpg,159,160.pez-dispenser
data/raw/caltech256/256_ObjectCategories/160.pez-dispenser/160_0012.jpg,159,160.pez-dispenser
data/raw/caltech256/256_ObjectCategories/160.pez-dispenser/160_0017.jpg,159,160.pez-dispenser
data/raw/caltech256/256_ObjectCategories/160.pez-dispenser/160_0053.jpg,159,160.pez-dispenser
data/raw/caltech256/256_ObjectCategories/160.pez-dispenser/160_0070.jpg,159,160.pez-dispenser
data/raw/caltech256/256_ObjectCategories/160.pez-dispenser/160_0071.jpg,159,160.pez-dispenser
data/raw/caltech256/256_ObjectCategories/160.pez-dispenser/160_0063.jpg,159,160.pez-dispenser
data/raw/caltech256/256_ObjectCategories/160.pez-dispenser/160_0069.jpg,159,160.pez-dispenser
data/raw/caltech256/256_ObjectCategories/160.pez-dispenser/160_0074.jpg,159,160.pez-dispenser
data/raw/caltech256/256_ObjectCategories/160.pez-dispenser/160_0036.jpg,159,160.pez-dispenser
data/raw/caltech256/256_ObjectCategories/160.pez-dispenser/160_0051.jpg,159,160.pez-dispenser
data/raw/caltech256/256_ObjectCategories/160.pez-dispenser/160_0004.jpg,159,160.pez-dispenser
data/raw/caltech256/256_ObjectCategories/160.pez-dispenser/160_0078.jpg,159,160.pez-dispenser
data/raw/caltech256/256_ObjectCategories/161.photocopier/161_0010.jpg,160,161.photocopier
data/raw/caltech256/256_ObjectCategories/161.photocopier/161_0066.jpg,160,161.photocopier
data/raw/caltech256/256_ObjectCategories/161.photocopier/161_0076.jpg,160,161.photocopier
data/raw/caltech256/256_ObjectCategories/161.photocopier/161_0059.jpg,160,161.photocopier
data/raw/caltech256/256_ObjectCategories/161.photocopier/161_0048.jpg,160,161.photocopier
data/raw/caltech256/256_ObjectCategories/161.photocopier/161_0011.jpg,160,161.photocopier
data/raw/caltech256/256_ObjectCategories/161.photocopier/161_0023.jpg,160,161.photocopier
data/raw/caltech256/256_ObjectCategories/161.photocopier/161_0022.jpg,160,161.photocopier
data/raw/caltech256/256_ObjectCategories/161.photocopier/161_0013.jpg,160,161.photocopier
data/raw/caltech256/256_ObjectCategories/161.photocopier/161_0088.jpg,160,161.photocopier
data/raw/caltech256/256_ObjectCategories/161.photocopier/161_0034.jpg,160,161.photocopier
data/raw/caltech256/256_ObjectCategories/161.photocopier/161_0035.jpg,160,161.photocopier
data/raw/caltech256/256_ObjectCategories/161.photocopier/161_0005.jpg,160,161.photocopier
data/raw/caltech256/256_ObjectCategories/161.photocopier/161_0027.jpg,160,161.photocopier
data/raw/caltech256/256_ObjectCategories/161.photocopier/161_0078.jpg,160,161.photocopier
data/raw/caltech256/256_ObjectCategories/161.photocopier/161_0086.jpg,160,161.photocopier
data/raw/caltech256/256_ObjectCategories/161.photocopier/161_0095.jpg,160,161.photocopier
data/raw/caltech256/256_ObjectCategories/161.photocopier/161_0001.jpg,160,161.photocopier
data/raw/caltech256/256_ObjectCategories/161.photocopier/161_0077.jpg,160,161.photocopier
data/raw/caltech256/256_ObjectCategories/161.photocopier/161_0025.jpg,160,161.photocopier
data/raw/caltech256/256_ObjectCategories/161.photocopier/161_0052.jpg,160,161.photocopier
data/raw/caltech256/256_ObjectCategories/161.photocopier/161_0050.jpg,160,161.photocopier
data/raw/caltech256/256_ObjectCategories/161.photocopier/161_0043.jpg,160,161.photocopier
data/raw/caltech256/256_ObjectCategories/161.photocopier/161_0099.jpg,160,161.photocopier
data/raw/caltech256/256_ObjectCategories/161.photocopier/161_0037.jpg,160,161.photocopier
data/raw/caltech256/256_ObjectCategories/161.photocopier/161_0015.jpg,160,161.photocopier
data/raw/caltech256/256_ObjectCategories/161.photocopier/161_0098.jpg,160,161.photocopier
data/raw/caltech256/256_ObjectCategories/161.photocopier/161_0055.jpg,160,161.photocopier
data/raw/caltech256/256_ObjectCategories/161.photocopier/161_0069.jpg,160,161.photocopier
data/raw/caltech256/256_ObjectCategories/161.photocopier/161_0003.jpg,160,161.photocopier
data/raw/caltech256/256_ObjectCategories/161.photocopier/161_0038.jpg,160,161.photocopier
data/raw/caltech256/256_ObjectCategories/161.photocopier/161_0044.jpg,160,161.photocopier
data/raw/caltech256/256_ObjectCategories/161.photocopier/161_0097.jpg,160,161.photocopier
data/raw/caltech256/256_ObjectCategories/161.photocopier/161_0073.jpg,160,161.photocopier
data/raw/caltech256/256_ObjectCategories/161.photocopier/161_0070.jpg,160,161.photocopier
data/raw/caltech256/256_ObjectCategories/161.photocopier/161_0002.jpg,160,161.photocopier
data/raw/caltech256/256_ObjectCategories/162.picnic-table/162_0075.jpg,161,162.picnic-table
data/raw/caltech256/256_ObjectCategories/162.picnic-table/162_0012.jpg,161,162.picnic-table
data/raw/caltech256/256_ObjectCategories/162.picnic-table/162_0037.jpg,161,162.picnic-table
data/raw/caltech256/256_ObjectCategories/162.picnic-table/162_0015.jpg,161,162.picnic-table
data/raw/caltech256/256_ObjectCategories/162.picnic-table/162_0028.jpg,161,162.picnic-table
data/raw/caltech256/256_ObjectCategories/162.picnic-table/162_0006.jpg,161,162.picnic-table
data/raw/caltech256/256_ObjectCategories/162.picnic-table/162_0072.jpg,161,162.picnic-table
data/raw/caltech256/256_ObjectCategories/162.picnic-table/162_0025.jpg,161,162.picnic-table
data/raw/caltech256/256_ObjectCategories/162.picnic-table/162_0004.jpg,161,162.picnic-table
data/raw/caltech256/256_ObjectCategories/162.picnic-table/162_0020.jpg,161,162.picnic-table
data/raw/caltech256/256_ObjectCategories/162.picnic-table/162_0065.jpg,161,162.picnic-table
data/raw/caltech256/256_ObjectCategories/162.picnic-table/162_0057.jpg,161,162.picnic-table
data/raw/caltech256/256_ObjectCategories/162.picnic-table/162_0069.jpg,161,162.picnic-table
data/raw/caltech256/256_ObjectCategories/162.picnic-table/162_0022.jpg,161,162.picnic-table
data/raw/caltech256/256_ObjectCategories/162.picnic-table/162_0043.jpg,161,162.picnic-table
data/raw/caltech256/256_ObjectCategories/162.picnic-table/162_0016.jpg,161,162.picnic-table
data/raw/caltech256/256_ObjectCategories/162.picnic-table/162_0077.jpg,161,162.picnic-table
data/raw/caltech256/256_ObjectCategories/162.picnic-table/162_0001.jpg,161,162.picnic-table
data/raw/caltech256/256_ObjectCategories/162.picnic-table/162_0002.jpg,161,162.picnic-table
data/raw/caltech256/256_ObjectCategories/162.picnic-table/162_0061.jpg,161,162.picnic-table
data/raw/caltech256/256_ObjectCategories/162.picnic-table/162_0041.jpg,161,162.picnic-table
data/raw/caltech256/256_ObjectCategories/162.picnic-table/162_0078.jpg,161,162.picnic-table
data/raw/caltech256/256_ObjectCategories/162.picnic-table/162_0048.jpg,161,162.picnic-table
data/raw/caltech256/256_ObjectCategories/162.picnic-table/162_0089.jpg,161,162.picnic-table
data/raw/caltech256/256_ObjectCategories/162.picnic-table/162_0073.jpg,161,162.picnic-table
data/raw/caltech256/256_ObjectCategories/162.picnic-table/162_0034.jpg,161,162.picnic-table
data/raw/caltech256/256_ObjectCategories/162.picnic-table/162_0067.jpg,161,162.picnic-table
data/raw/caltech256/256_ObjectCategories/162.picnic-table/162_0058.jpg,161,162.picnic-table
data/raw/caltech256/256_ObjectCategories/162.picnic-table/162_0071.jpg,161,162.picnic-table
data/raw/caltech256/256_ObjectCategories/162.picnic-table/162_0011.jpg,161,162.picnic-table
data/raw/caltech256/256_ObjectCategories/162.picnic-table/162_0029.jpg,161,162.picnic-table
data/raw/caltech256/256_ObjectCategories/162.picnic-table/162_0050.jpg,161,162.picnic-table
data/raw/caltech256/256_ObjectCategories/163.playing-card/163_0085.jpg,162,163.playing-card
data/raw/caltech256/256_ObjectCategories/163.playing-card/163_0040.jpg,162,163.playing-card
data/raw/caltech256/256_ObjectCategories/163.playing-card/163_0083.jpg,162,163.playing-card
data/raw/caltech256/256_ObjectCategories/163.playing-card/163_0081.jpg,162,163.playing-card
data/raw/caltech256/256_ObjectCategories/163.playing-card/163_0026.jpg,162,163.playing-card
data/raw/caltech256/256_ObjectCategories/163.playing-card/163_0082.jpg,162,163.playing-card
data/raw/caltech256/256_ObjectCategories/163.playing-card/163_0005.jpg,162,163.playing-card
data/raw/caltech256/256_ObjectCategories/163.playing-card/163_0088.jpg,162,163.playing-card
data/raw/caltech256/256_ObjectCategories/163.playing-card/163_0035.jpg,162,163.playing-card
data/raw/caltech256/256_ObjectCategories/163.playing-card/163_0084.jpg,162,163.playing-card
data/raw/caltech256/256_ObjectCategories/163.playing-card/163_0009.jpg,162,163.playing-card
data/raw/caltech256/256_ObjectCategories/163.playing-card/163_0060.jpg,162,163.playing-card
data/raw/caltech256/256_ObjectCategories/163.playing-card/163_0029.jpg,162,163.playing-card
data/raw/caltech256/256_ObjectCategories/163.playing-card/163_0063.jpg,162,163.playing-card
data/raw/caltech256/256_ObjectCategories/163.playing-card/163_0039.jpg,162,163.playing-card
data/raw/caltech256/256_ObjectCategories/163.playing-card/163_0022.jpg,162,163.playing-card
data/raw/caltech256/256_ObjectCategories/163.playing-card/163_0062.jpg,162,163.playing-card
data/raw/caltech256/256_ObjectCategories/163.playing-card/163_0030.jpg,162,163.playing-card
data/raw/caltech256/256_ObjectCategories/163.playing-card/163_0068.jpg,162,163.playing-card
data/raw/caltech256/256_ObjectCategories/163.playing-card/163_0023.jpg,162,163.playing-card
data/raw/caltech256/256_ObjectCategories/163.playing-card/163_0008.jpg,162,163.playing-card
data/raw/caltech256/256_ObjectCategories/163.playing-card/163_0032.jpg,162,163.playing-card
data/raw/caltech256/256_ObjectCategories/163.playing-card/163_0058.jpg,162,163.playing-card
data/raw/caltech256/256_ObjectCategories/163.playing-card/163_0003.jpg,162,163.playing-card
data/raw/caltech256/256_ObjectCategories/163.playing-card/163_0038.jpg,162,163.playing-card
data/raw/caltech256/256_ObjectCategories/163.playing-card/163_0024.jpg,162,163.playing-card
data/raw/caltech256/256_ObjectCategories/163.playing-card/163_0021.jpg,162,163.playing-card
data/raw/caltech256/256_ObjectCategories/163.playing-card/163_0070.jpg,162,163.playing-card
data/raw/caltech256/256_ObjectCategories/163.playing-card/163_0057.jpg,162,163.playing-card
data/raw/caltech256/256_ObjectCategories/163.playing-card/163_0006.jpg,162,163.playing-card
data/raw/caltech256/256_ObjectCategories/163.playing-card/163_0064.jpg,162,163.playing-card
data/raw/caltech256/256_ObjectCategories/163.playing-card/163_0045.jpg,162,163.playing-card
data/raw/caltech256/256_ObjectCategories/164.porcupine/164_0043.jpg,163,164.porcupine
data/raw/caltech256/256_ObjectCategories/164.porcupine/164_0087.jpg,163,164.porcupine
data/raw/caltech256/256_ObjectCategories/164.porcupine/164_0076.jpg,163,164.porcupine
data/raw/caltech256/256_ObjectCategories/164.porcupine/164_0066.jpg,163,164.porcupine
data/raw/caltech256/256_ObjectCategories/164.porcupine/164_0049.jpg,163,164.porcupine
data/raw/caltech256/256_ObjectCategories/164.porcupine/164_0013.jpg,163,164.porcupine
data/raw/caltech256/256_ObjectCategories/164.porcupine/164_0027.jpg,163,164.porcupine
data/raw/caltech256/256_ObjectCategories/164.porcupine/164_0031.jpg,163,164.porcupine
data/raw/caltech256/256_ObjectCategories/164.porcupine/164_0003.jpg,163,164.porcupine
data/raw/caltech256/256_ObjectCategories/164.porcupine/164_0017.jpg,163,164.porcupine
data/raw/caltech256/256_ObjectCategories/164.porcupine/164_0046.jpg,163,164.porcupine
data/raw/caltech256/256_ObjectCategories/164.porcupine/164_0089.jpg,163,164.porcupine
data/raw/caltech256/256_ObjectCategories/164.porcupine/164_0004.jpg,163,164.porcupine
data/raw/caltech256/256_ObjectCategories/164.porcupine/164_0016.jpg,163,164.porcupine
data/raw/caltech256/256_ObjectCategories/164.porcupine/164_0063.jpg,163,164.porcupine
data/raw/caltech256/256_ObjectCategories/164.porcupine/164_0082.jpg,163,164.porcupine
data/raw/caltech256/256_ObjectCategories/164.porcupine/164_0007.jpg,163,164.porcupine
data/raw/caltech256/256_ObjectCategories/164.porcupine/164_0058.jpg,163,164.porcupine
data/raw/caltech256/256_ObjectCategories/164.porcupine/164_0026.jpg,163,164.porcupine
data/raw/caltech256/256_ObjectCategories/164.porcupine/164_0044.jpg,163,164.porcupine
data/raw/caltech256/256_ObjectCategories/164.porcupine/164_0035.jpg,163,164.porcupine
data/raw/caltech256/256_ObjectCategories/164.porcupine/164_0025.jpg,163,164.porcupine
data/raw/caltech256/256_ObjectCategories/164.porcupine/164_0054.jpg,163,164.porcupine
data/raw/caltech256/256_ObjectCategories/164.porcupine/164_0055.jpg,163,164.porcupine
data/raw/caltech256/256_ObjectCategories/164.porcupine/164_0023.jpg,163,164.porcupine
data/raw/caltech256/256_ObjectCategories/164.porcupine/164_0050.jpg,163,164.porcupine
data/raw/caltech256/256_ObjectCategories/164.porcupine/164_0097.jpg,163,164.porcupine
data/raw/caltech256/256_ObjectCategories/164.porcupine/164_0064.jpg,163,164.porcupine
data/raw/caltech256/256_ObjectCategories/164.porcupine/164_0015.jpg,163,164.porcupine
data/raw/caltech256/256_ObjectCategories/164.porcupine/164_0079.jpg,163,164.porcupine
data/raw/caltech256/256_ObjectCategories/164.porcupine/164_0091.jpg,163,164.porcupine
data/raw/caltech256/256_ObjectCategories/164.porcupine/164_0068.jpg,163,164.porcupine
data/raw/caltech256/256_ObjectCategories/164.porcupine/164_0005.jpg,163,164.porcupine
data/raw/caltech256/256_ObjectCategories/164.porcupine/164_0100.jpg,163,164.porcupine
data/raw/caltech256/256_ObjectCategories/164.porcupine/164_0085.jpg,163,164.porcupine
data/raw/caltech256/256_ObjectCategories/164.porcupine/164_0083.jpg,163,164.porcupine
data/raw/caltech256/256_ObjectCategories/165.pram/165_0015.jpg,164,165.pram
data/raw/caltech256/256_ObjectCategories/165.pram/165_0076.jpg,164,165.pram
data/raw/caltech256/256_ObjectCategories/165.pram/165_0004.jpg,164,165.pram
data/raw/caltech256/256_ObjectCategories/165.pram/165_0060.jpg,164,165.pram
data/raw/caltech256/256_ObjectCategories/165.pram/165_0086.jpg,164,165.pram
data/raw/caltech256/256_ObjectCategories/165.pram/165_0075.jpg,164,165.pram
data/raw/caltech256/256_ObjectCategories/165.pram/165_0005.jpg,164,165.pram
data/raw/caltech256/256_ObjectCategories/165.pram/165_0087.jpg,164,165.pram
data/raw/caltech256/256_ObjectCategories/165.pram/165_0049.jpg,164,165.pram
data/raw/caltech256/256_ObjectCategories/165.pram/165_0044.jpg,164,165.pram
data/raw/caltech256/256_ObjectCategories/165.pram/165_0057.jpg,164,165.pram
data/raw/caltech256/256_ObjectCategories/165.pram/165_0045.jpg,164,165.pram
data/raw/caltech256/256_ObjectCategories/165.pram/165_0065.jpg,164,165.pram
data/raw/caltech256/256_ObjectCategories/165.pram/165_0069.jpg,164,165.pram
data/raw/caltech256/256_ObjectCategories/165.pram/165_0013.jpg,164,165.pram
data/raw/caltech256/256_ObjectCategories/165.pram/165_0011.jpg,164,165.pram
data/raw/caltech256/256_ObjectCategories/165.pram/165_0034.jpg,164,165.pram
data/raw/caltech256/256_ObjectCategories/165.pram/165_0033.jpg,164,165.pram
data/raw/caltech256/256_ObjectCategories/165.pram/165_0035.jpg,164,165.pram
data/raw/caltech256/256_ObjectCategories/165.pram/165_0006.jpg,164,165.pram
data/raw/caltech256/256_ObjectCategories/165.pram/165_0067.jpg,164,165.pram
data/raw/caltech256/256_ObjectCategories/165.pram/165_0021.jpg,164,165.pram
data/raw/caltech256/256_ObjectCategories/165.pram/165_0066.jpg,164,165.pram
data/raw/caltech256/256_ObjectCategories/165.pram/165_0088.jpg,164,165.pram
data/raw/caltech256/256_ObjectCategories/165.pram/165_0082.jpg,164,165.pram
data/raw/caltech256/256_ObjectCategories/165.pram/165_0058.jpg,164,165.pram
data/raw/caltech256/256_ObjectCategories/165.pram/165_0028.jpg,164,165.pram
data/raw/caltech256/256_ObjectCategories/165.pram/165_0059.jpg,164,165.pram
data/raw/caltech256/256_ObjectCategories/165.pram/165_0023.jpg,164,165.pram
data/raw/caltech256/256_ObjectCategories/165.pram/165_0029.jpg,164,165.pram
data/raw/caltech256/256_ObjectCategories/165.pram/165_0026.jpg,164,165.pram
data/raw/caltech256/256_ObjectCategories/166.praying-mantis/166_0089.jpg,165,166.praying-mantis
data/raw/caltech256/256_ObjectCategories/166.praying-mantis/166_0067.jpg,165,166.praying-mantis
data/raw/caltech256/256_ObjectCategories/166.praying-mantis/166_0047.jpg,165,166.praying-mantis
data/raw/caltech256/256_ObjectCategories/166.praying-mantis/166_0034.jpg,165,166.praying-mantis
data/raw/caltech256/256_ObjectCategories/166.praying-mantis/166_0019.jpg,165,166.praying-mantis
data/raw/caltech256/256_ObjectCategories/166.praying-mantis/166_0005.jpg,165,166.praying-mantis
data/raw/caltech256/256_ObjectCategories/166.praying-mantis/166_0083.jpg,165,166.praying-mantis
data/raw/caltech256/256_ObjectCategories/166.praying-mantis/166_0023.jpg,165,166.praying-mantis
data/raw/caltech256/256_ObjectCategories/166.praying-mantis/166_0037.jpg,165,166.praying-mantis
data/raw/caltech256/256_ObjectCategories/166.praying-mantis/166_0018.jpg,165,166.praying-mantis
data/raw/caltech256/256_ObjectCategories/166.praying-mantis/166_0086.jpg,165,166.praying-mantis
data/raw/caltech256/256_ObjectCategories/166.praying-mantis/166_0013.jpg,165,166.praying-mantis
data/raw/caltech256/256_ObjectCategories/166.praying-mantis/166_0050.jpg,165,166.praying-mantis
data/raw/caltech256/256_ObjectCategories/166.praying-mantis/166_0082.jpg,165,166.praying-mantis
data/raw/caltech256/256_ObjectCategories/166.praying-mantis/166_0061.jpg,165,166.praying-mantis
data/raw/caltech256/256_ObjectCategories/166.praying-mantis/166_0053.jpg,165,166.praying-mantis
data/raw/caltech256/256_ObjectCategories/166.praying-mantis/166_0010.jpg,165,166.praying-mantis
data/raw/caltech256/256_ObjectCategories/166.praying-mantis/166_0006.jpg,165,166.praying-mantis
data/raw/caltech256/256_ObjectCategories/166.praying-mantis/166_0022.jpg,165,166.praying-mantis
data/raw/caltech256/256_ObjectCategories/166.praying-mantis/166_0090.jpg,165,166.praying-mantis
data/raw/caltech256/256_ObjectCategories/166.praying-mantis/166_0081.jpg,165,166.praying-mantis
data/raw/caltech256/256_ObjectCategories/166.praying-mantis/166_0042.jpg,165,166.praying-mantis
data/raw/caltech256/256_ObjectCategories/166.praying-mantis/166_0051.jpg,165,166.praying-mantis
data/raw/caltech256/256_ObjectCategories/166.praying-mantis/166_0073.jpg,165,166.praying-mantis
data/raw/caltech256/256_ObjectCategories/166.praying-mantis/166_0066.jpg,165,166.praying-mantis
data/raw/caltech256/256_ObjectCategories/166.praying-mantis/166_0004.jpg,165,166.praying-mantis
data/raw/caltech256/256_ObjectCategories/166.praying-mantis/166_0011.jpg,165,166.praying-mantis
data/raw/caltech256/256_ObjectCategories/166.praying-mantis/166_0033.jpg,165,166.praying-mantis
data/raw/caltech256/256_ObjectCategories/166.praying-mantis/166_0058.jpg,165,166.praying-mantis
data/raw/caltech256/256_ObjectCategories/166.praying-mantis/166_0064.jpg,165,166.praying-mantis
data/raw/caltech256/256_ObjectCategories/166.praying-mantis/166_0054.jpg,165,166.praying-mantis
data/raw/caltech256/256_ObjectCategories/166.praying-mantis/166_0028.jpg,165,166.praying-mantis
data/raw/caltech256/256_ObjectCategories/166.praying-mantis/166_0009.jpg,165,166.praying-mantis
data/raw/caltech256/256_ObjectCategories/167.pyramid/167_0044.jpg,166,167.pyramid
data/raw/caltech256/256_ObjectCategories/167.pyramid/167_0026.jpg,166,167.pyramid
data/raw/caltech256/256_ObjectCategories/167.pyramid/167_0024.jpg,166,167.pyramid
data/raw/caltech256/256_ObjectCategories/167.pyramid/167_0040.jpg,166,167.pyramid
data/raw/caltech256/256_ObjectCategories/167.pyramid/167_0011.jpg,166,167.pyramid
data/raw/caltech256/256_ObjectCategories/167.pyramid/167_0085.jpg,166,167.pyramid
data/raw/caltech256/256_ObjectCategories/167.pyramid/167_0080.jpg,166,167.pyramid
data/raw/caltech256/256_ObjectCategories/167.pyramid/167_0063.jpg,166,167.pyramid
data/raw/caltech256/256_ObjectCategories/167.pyramid/167_0017.jpg,166,167.pyramid
data/raw/caltech256/256_ObjectCategories/167.pyramid/167_0077.jpg,166,167.pyramid
data/raw/caltech256/256_ObjectCategories/167.pyramid/167_0034.jpg,166,167.pyramid
data/raw/caltech256/256_ObjectCategories/167.pyramid/167_0014.jpg,166,167.pyramid
data/raw/caltech256/256_ObjectCategories/167.pyramid/167_0054.jpg,166,167.pyramid
data/raw/caltech256/256_ObjectCategories/167.pyramid/167_0010.jpg,166,167.pyramid
data/raw/caltech256/256_ObjectCategories/167.pyramid/167_0019.jpg,166,167.pyramid
data/raw/caltech256/256_ObjectCategories/167.pyramid/167_0004.jpg,166,167.pyramid
data/raw/caltech256/256_ObjectCategories/167.pyramid/167_0013.jpg,166,167.pyramid
data/raw/caltech256/256_ObjectCategories/167.pyramid/167_0027.jpg,166,167.pyramid
data/raw/caltech256/256_ObjectCategories/167.pyramid/167_0052.jpg,166,167.pyramid
data/raw/caltech256/256_ObjectCategories/167.pyramid/167_0029.jpg,166,167.pyramid
data/raw/caltech256/256_ObjectCategories/167.pyramid/167_0060.jpg,166,167.pyramid
data/raw/caltech256/256_ObjectCategories/167.pyramid/167_0012.jpg,166,167.pyramid
data/raw/caltech256/256_ObjectCategories/167.pyramid/167_0065.jpg,166,167.pyramid
data/raw/caltech256/256_ObjectCategories/167.pyramid/167_0074.jpg,166,167.pyramid
data/raw/caltech256/256_ObjectCategories/167.pyramid/167_0043.jpg,166,167.pyramid
data/raw/caltech256/256_ObjectCategories/167.pyramid/167_0031.jpg,166,167.pyramid
data/raw/caltech256/256_ObjectCategories/167.pyramid/167_0069.jpg,166,167.pyramid
data/raw/caltech256/256_ObjectCategories/167.pyramid/167_0078.jpg,166,167.pyramid
data/raw/caltech256/256_ObjectCategories/167.pyramid/167_0082.jpg,166,167.pyramid
data/raw/caltech256/256_ObjectCategories/167.pyramid/167_0062.jpg,166,167.pyramid
data/raw/caltech256/256_ObjectCategories/168.raccoon/168_0135.jpg,167,168.raccoon
data/raw/caltech256/256_ObjectCategories/168.raccoon/168_0074.jpg,167,168.raccoon
data/raw/caltech256/256_ObjectCategories/168.raccoon/168_0101.jpg,167,168.raccoon
data/raw/caltech256/256_ObjectCategories/168.raccoon/168_0019.jpg,167,168.raccoon
data/raw/caltech256/256_ObjectCategories/168.raccoon/168_0103.jpg,167,168.raccoon
data/raw/caltech256/256_ObjectCategories/168.raccoon/168_0095.jpg,167,168.raccoon
data/raw/caltech256/256_ObjectCategories/168.raccoon/168_0010.jpg,167,168.raccoon
data/raw/caltech256/256_ObjectCategories/168.raccoon/168_0023.jpg,167,168.raccoon
data/raw/caltech256/256_ObjectCategories/168.raccoon/168_0005.jpg,167,168.raccoon
data/raw/caltech256/256_ObjectCategories/168.raccoon/168_0054.jpg,167,168.raccoon
data/raw/caltech256/256_ObjectCategories/168.raccoon/168_0046.jpg,167,168.raccoon
data/raw/caltech256/256_ObjectCategories/168.raccoon/168_0048.jpg,167,168.raccoon
data/raw/caltech256/256_ObjectCategories/168.raccoon/168_0058.jpg,167,168.raccoon
data/raw/caltech256/256_ObjectCategories/168.raccoon/168_0115.jpg,167,168.raccoon
data/raw/caltech256/256_ObjectCategories/168.raccoon/168_0015.jpg,167,168.raccoon
data/raw/caltech256/256_ObjectCategories/168.raccoon/168_0075.jpg,167,168.raccoon
data/raw/caltech256/256_ObjectCategories/168.raccoon/168_0040.jpg,167,168.raccoon
data/raw/caltech256/256_ObjectCategories/168.raccoon/168_0109.jpg,167,168.raccoon
data/raw/caltech256/256_ObjectCategories/168.raccoon/168_0079.jpg,167,168.raccoon
data/raw/caltech256/256_ObjectCategories/168.raccoon/168_0062.jpg,167,168.raccoon
data/raw/caltech256/256_ObjectCategories/168.raccoon/168_0121.jpg,167,168.raccoon
data/raw/caltech256/256_ObjectCategories/168.raccoon/168_0067.jpg,167,168.raccoon
data/raw/caltech256/256_ObjectCategories/168.raccoon/168_0088.jpg,167,168.raccoon
data/raw/caltech256/256_ObjectCategories/168.raccoon/168_0043.jpg,167,168.raccoon
data/raw/caltech256/256_ObjectCategories/168.raccoon/168_0132.jpg,167,168.raccoon
data/raw/caltech256/256_ObjectCategories/168.raccoon/168_0117.jpg,167,168.raccoon
data/raw/caltech256/256_ObjectCategories/168.raccoon/168_0063.jpg,167,168.raccoon
data/raw/caltech256/256_ObjectCategories/168.raccoon/168_0002.jpg,167,168.raccoon
data/raw/caltech256/256_ObjectCategories/168.raccoon/168_0094.jpg,167,168.raccoon
data/raw/caltech256/256_ObjectCategories/168.raccoon/168_0100.jpg,167,168.raccoon
data/raw/caltech256/256_ObjectCategories/168.raccoon/168_0065.jpg,167,168.raccoon
data/raw/caltech256/256_ObjectCategories/168.raccoon/168_0105.jpg,167,168.raccoon
data/raw/caltech256/256_ObjectCategories/168.raccoon/168_0087.jpg,167,168.raccoon
data/raw/caltech256/256_ObjectCategories/168.raccoon/168_0041.jpg,167,168.raccoon
data/raw/caltech256/256_ObjectCategories/168.raccoon/168_0092.jpg,167,168.raccoon
data/raw/caltech256/256_ObjectCategories/168.raccoon/168_0072.jpg,167,168.raccoon
data/raw/caltech256/256_ObjectCategories/168.raccoon/168_0064.jpg,167,168.raccoon
data/raw/caltech256/256_ObjectCategories/168.raccoon/168_0085.jpg,167,168.raccoon
data/raw/caltech256/256_ObjectCategories/168.raccoon/168_0091.jpg,167,168.raccoon
data/raw/caltech256/256_ObjectCategories/168.raccoon/168_0039.jpg,167,168.raccoon
data/raw/caltech256/256_ObjectCategories/168.raccoon/168_0099.jpg,167,168.raccoon
data/raw/caltech256/256_ObjectCategories/168.raccoon/168_0061.jpg,167,168.raccoon
data/raw/caltech256/256_ObjectCategories/168.raccoon/168_0031.jpg,167,168.raccoon
data/raw/caltech256/256_ObjectCategories/168.raccoon/168_0059.jpg,167,168.raccoon
data/raw/caltech256/256_ObjectCategories/168.raccoon/168_0068.jpg,167,168.raccoon
data/raw/caltech256/256_ObjectCategories/168.raccoon/168_0140.jpg,167,168.raccoon
data/raw/caltech256/256_ObjectCategories/168.raccoon/168_0035.jpg,167,168.raccoon
data/raw/caltech256/256_ObjectCategories/168.raccoon/168_0126.jpg,167,168.raccoon
data/raw/caltech256/256_ObjectCategories/168.raccoon/168_0071.jpg,167,168.raccoon
data/raw/caltech256/256_ObjectCategories/169.radio-telescope/169_0056.jpg,168,169.radio-telescope
data/raw/caltech256/256_ObjectCategories/169.radio-telescope/169_0068.jpg,168,169.radio-telescope
data/raw/caltech256/256_ObjectCategories/169.radio-telescope/169_0058.jpg,168,169.radio-telescope
data/raw/caltech256/256_ObjectCategories/169.radio-telescope/169_0031.jpg,168,169.radio-telescope
data/raw/caltech256/256_ObjectCategories/169.radio-telescope/169_0018.jpg,168,169.radio-telescope
data/raw/caltech256/256_ObjectCategories/169.radio-telescope/169_0057.jpg,168,169.radio-telescope
data/raw/caltech256/256_ObjectCategories/169.radio-telescope/169_0005.jpg,168,169.radio-telescope
data/raw/caltech256/256_ObjectCategories/169.radio-telescope/169_0040.jpg,168,169.radio-telescope
data/raw/caltech256/256_ObjectCategories/169.radio-telescope/169_0032.jpg,168,169.radio-telescope
data/raw/caltech256/256_ObjectCategories/169.radio-telescope/169_0061.jpg,168,169.radio-telescope
data/raw/caltech256/256_ObjectCategories/169.radio-telescope/169_0016.jpg,168,169.radio-telescope
data/raw/caltech256/256_ObjectCategories/169.radio-telescope/169_0012.jpg,168,169.radio-telescope
data/raw/caltech256/256_ObjectCategories/169.radio-telescope/169_0019.jpg,168,169.radio-telescope
data/raw/caltech256/256_ObjectCategories/169.radio-telescope/169_0066.jpg,168,169.radio-telescope
data/raw/caltech256/256_ObjectCategories/169.radio-telescope/169_0028.jpg,168,169.radio-telescope
data/raw/caltech256/256_ObjectCategories/169.radio-telescope/169_0072.jpg,168,169.radio-telescope
data/raw/caltech256/256_ObjectCategories/169.radio-telescope/169_0025.jpg,168,169.radio-telescope
data/raw/caltech256/256_ObjectCategories/169.radio-telescope/169_0017.jpg,168,169.radio-telescope
data/raw/caltech256/256_ObjectCategories/169.radio-telescope/169_0026.jpg,168,169.radio-telescope
data/raw/caltech256/256_ObjectCategories/169.radio-telescope/169_0004.jpg,168,169.radio-telescope
data/raw/caltech256/256_ObjectCategories/169.radio-telescope/169_0055.jpg,168,169.radio-telescope
data/raw/caltech256/256_ObjectCategories/169.radio-telescope/169_0075.jpg,168,169.radio-telescope
data/raw/caltech256/256_ObjectCategories/169.radio-telescope/169_0064.jpg,168,169.radio-telescope
data/raw/caltech256/256_ObjectCategories/169.radio-telescope/169_0084.jpg,168,169.radio-telescope
data/raw/caltech256/256_ObjectCategories/169.radio-telescope/169_0045.jpg,168,169.radio-telescope
data/raw/caltech256/256_ObjectCategories/169.radio-telescope/169_0077.jpg,168,169.radio-telescope
data/raw/caltech256/256_ObjectCategories/169.radio-telescope/169_0011.jpg,168,169.radio-telescope
data/raw/caltech256/256_ObjectCategories/169.radio-telescope/169_0041.jpg,168,169.radio-telescope
data/raw/caltech256/256_ObjectCategories/169.radio-telescope/169_0014.jpg,168,169.radio-telescope
data/raw/caltech256/256_ObjectCategories/169.radio-telescope/169_0046.jpg,168,169.radio-telescope
data/raw/caltech256/256_ObjectCategories/169.radio-telescope/169_0001.jpg,168,169.radio-telescope
data/raw/caltech256/256_ObjectCategories/169.radio-telescope/169_0047.jpg,168,169.radio-telescope
data/raw/caltech256/256_ObjectCategories/169.radio-telescope/169_0071.jpg,168,169.radio-telescope
data/raw/caltech256/256_ObjectCategories/170.rainbow/170_0014.jpg,169,170.rainbow
data/raw/caltech256/256_ObjectCategories/170.rainbow/170_0048.jpg,169,170.rainbow
data/raw/caltech256/256_ObjectCategories/170.rainbow/170_0087.jpg,169,170.rainbow
data/raw/caltech256/256_ObjectCategories/170.rainbow/170_0077.jpg,169,170.rainbow
data/raw/caltech256/256_ObjectCategories/170.rainbow/170_0068.jpg,169,170.rainbow
data/raw/caltech256/256_ObjectCategories/170.rainbow/170_0086.jpg,169,170.rainbow
data/raw/caltech256/256_ObjectCategories/170.rainbow/170_0094.jpg,169,170.rainbow
data/raw/caltech256/256_ObjectCategories/170.rainbow/170_0080.jpg,169,170.rainbow
data/raw/caltech256/256_ObjectCategories/170.rainbow/170_0043.jpg,169,170.rainbow
data/raw/caltech256/256_ObjectCategories/170.rainbow/170_0064.jpg,169,170.rainbow
data/raw/caltech256/256_ObjectCategories/170.rainbow/170_0052.jpg,169,170.rainbow
data/raw/caltech256/256_ObjectCategories/170.rainbow/170_0069.jpg,169,170.rainbow
data/raw/caltech256/256_ObjectCategories/170.rainbow/170_0050.jpg,169,170.rainbow
data/raw/caltech256/256_ObjectCategories/170.rainbow/170_0036.jpg,169,170.rainbow
data/raw/caltech256/256_ObjectCategories/170.rainbow/170_0042.jpg,169,170.rainbow
data/raw/caltech256/256_ObjectCategories/170.rainbow/170_0078.jpg,169,170.rainbow
data/raw/caltech256/256_ObjectCategories/170.rainbow/170_0058.jpg,169,170.rainbow
data/raw/caltech256/256_ObjectCategories/170.rainbow/170_0054.jpg,169,170.rainbow
data/raw/caltech256/256_ObjectCategories/170.rainbow/170_0066.jpg,169,170.rainbow
data/raw/caltech256/256_ObjectCategories/170.rainbow/170_0084.jpg,169,170.rainbow
data/raw/caltech256/256_ObjectCategories/170.rainbow/170_0030.jpg,169,170.rainbow
data/raw/caltech256/256_ObjectCategories/170.rainbow/170_0044.jpg,169,170.rainbow
data/raw/caltech256/256_ObjectCategories/170.rainbow/170_0002.jpg,169,170.rainbow
data/raw/caltech256/256_ObjectCategories/170.rainbow/170_0076.jpg,169,170.rainbow
data/raw/caltech256/256_ObjectCategories/170.rainbow/170_0085.jpg,169,170.rainbow
data/raw/caltech256/256_ObjectCategories/170.rainbow/170_0063.jpg,169,170.rainbow
data/raw/caltech256/256_ObjectCategories/170.rainbow/170_0097.jpg,169,170.rainbow
data/raw/caltech256/256_ObjectCategories/170.rainbow/170_0083.jpg,169,170.rainbow
data/raw/caltech256/256_ObjectCategories/170.rainbow/170_0007.jpg,169,170.rainbow
data/raw/caltech256/256_ObjectCategories/170.rainbow/170_0026.jpg,169,170.rainbow
data/raw/caltech256/256_ObjectCategories/170.rainbow/170_0034.jpg,169,170.rainbow
data/raw/caltech256/256_ObjectCategories/170.rainbow/170_0095.jpg,169,170.rainbow
data/raw/caltech256/256_ObjectCategories/170.rainbow/170_0090.jpg,169,170.rainbow
data/raw/caltech256/256_ObjectCategories/170.rainbow/170_0062.jpg,169,170.rainbow
data/raw/caltech256/256_ObjectCategories/170.rainbow/170_0046.jpg,169,170.rainbow
data/raw/caltech256/256_ObjectCategories/170.rainbow/170_0070.jpg,169,170.rainbow
data/raw/caltech256/256_ObjectCategories/171.refrigerator/171_0074.jpg,170,171.refrigerator
data/raw/caltech256/256_ObjectCategories/171.refrigerator/171_0064.jpg,170,171.refrigerator
data/raw/caltech256/256_ObjectCategories/171.refrigerator/171_0005.jpg,170,171.refrigerator
data/raw/caltech256/256_ObjectCategories/171.refrigerator/171_0070.jpg,170,171.refrigerator
data/raw/caltech256/256_ObjectCategories/171.refrigerator/171_0016.jpg,170,171.refrigerator
data/raw/caltech256/256_ObjectCategories/171.refrigerator/171_0032.jpg,170,171.refrigerator
data/raw/caltech256/256_ObjectCategories/171.refrigerator/171_0001.jpg,170,171.refrigerator
data/raw/caltech256/256_ObjectCategories/171.refrigerator/171_0045.jpg,170,171.refrigerator
data/raw/caltech256/256_ObjectCategories/171.refrigerator/171_0075.jpg,170,171.refrigerator
data/raw/caltech256/256_ObjectCategories/171.refrigerator/171_0051.jpg,170,171.refrigerator
data/raw/caltech256/256_ObjectCategories/171.refrigerator/171_0003.jpg,170,171.refrigerator
data/raw/caltech256/256_ObjectCategories/171.refrigerator/171_0082.jpg,170,171.refrigerator
data/raw/caltech256/256_ObjectCategories/171.refrigerator/171_0028.jpg,170,171.refrigerator
data/raw/caltech256/256_ObjectCategories/171.refrigerator/171_0033.jpg,170,171.refrigerator
data/raw/caltech256/256_ObjectCategories/171.refrigerator/171_0056.jpg,170,171.refrigerator
data/raw/caltech256/256_ObjectCategories/171.refrigerator/171_0084.jpg,170,171.refrigerator
data/raw/caltech256/256_ObjectCategories/171.refrigerator/171_0030.jpg,170,171.refrigerator
data/raw/caltech256/256_ObjectCategories/171.refrigerator/171_0050.jpg,170,171.refrigerator
data/raw/caltech256/256_ObjectCategories/171.refrigerator/171_0026.jpg,170,171.refrigerator
data/raw/caltech256/256_ObjectCategories/171.refrigerator/171_0015.jpg,170,171.refrigerator
data/raw/caltech256/256_ObjectCategories/171.refrigerator/171_0020.jpg,170,171.refrigerator
data/raw/caltech256/256_ObjectCategories/171.refrigerator/171_0054.jpg,170,171.refrigerator
data/raw/caltech256/256_ObjectCategories/171.refrigerator/171_0042.jpg,170,171.refrigerator
data/raw/caltech256/256_ObjectCategories/171.refrigerator/171_0025.jpg,170,171.refrigerator
data/raw/caltech256/256_ObjectCategories/171.refrigerator/171_0071.jpg,170,171.refrigerator
data/raw/caltech256/256_ObjectCategories/171.refrigerator/171_0008.jpg,170,171.refrigerator
data/raw/caltech256/256_ObjectCategories/171.refrigerator/171_0069.jpg,170,171.refrigerator
data/raw/caltech256/256_ObjectCategories/171.refrigerator/171_0006.jpg,170,171.refrigerator
data/raw/caltech256/256_ObjectCategories/171.refrigerator/171_0027.jpg,170,171.refrigerator
data/raw/caltech256/256_ObjectCategories/171.refrigerator/171_0066.jpg,170,171.refrigerator
data/raw/caltech256/256_ObjectCategories/172.revolver-101/172_0071.jpg,171,172.revolver-101
data/raw/caltech256/256_ObjectCategories/172.revolver-101/172_0096.jpg,171,172.revolver-101
data/raw/caltech256/256_ObjectCategories/172.revolver-101/172_0041.jpg,171,172.revolver-101
data/raw/caltech256/256_ObjectCategories/172.revolver-101/172_0022.jpg,171,172.revolver-101
data/raw/caltech256/256_ObjectCategories/172.revolver-101/172_0062.jpg,171,172.revolver-101
data/raw/caltech256/256_ObjectCategories/172.revolver-101/172_0065.jpg,171,172.revolver-101
data/raw/caltech256/256_ObjectCategories/172.revolver-101/172_0009.jpg,171,172.revolver-101
data/raw/caltech256/256_ObjectCategories/172.revolver-101/172_0028.jpg,171,172.revolver-101
data/raw/caltech256/256_ObjectCategories/172.revolver-101/172_0089.jpg,171,172.revolver-101
data/raw/caltech256/256_ObjectCategories/172.revolver-101/172_0029.jpg,171,172.revolver-101
data/raw/caltech256/256_ObjectCategories/172.revolver-101/172_0055.jpg,171,172.revolver-101
data/raw/caltech256/256_ObjectCategories/172.revolver-101/172_0048.jpg,171,172.revolver-101
data/raw/caltech256/256_ObjectCategories/172.revolver-101/172_0013.jpg,171,172.revolver-101
data/raw/caltech256/256_ObjectCategories/172.revolver-101/172_0003.jpg,171,172.revolver-101
data/raw/caltech256/256_ObjectCategories/172.revolver-101/172_0085.jpg,171,172.revolver-101
data/raw/caltech256/256_ObjectCategories/172.revolver-101/172_0074.jpg,171,172.revolver-101
data/raw/caltech256/256_ObjectCategories/172.revolver-101/172_0081.jpg,171,172.revolver-101
data/raw/caltech256/256_ObjectCategories/172.revolver-101/172_0057.jpg,171,172.revolver-101
data/raw/caltech256/256_ObjectCategories/172.revolver-101/172_0072.jpg,171,172.revolver-101
data/raw/caltech256/256_ObjectCategories/172.revolver-101/172_0086.jpg,171,172.revolver-101
data/raw/caltech256/256_ObjectCategories/172.revolver-101/172_0030.jpg,171,172.revolver-101
data/raw/caltech256/256_ObjectCategories/172.revolver-101/172_0077.jpg,171,172.revolver-101
data/raw/caltech256/256_ObjectCategories/172.revolver-101/172_0025.jpg,171,172.revolver-101
data/raw/caltech256/256_ObjectCategories/172.revolver-101/172_0049.jpg,171,172.revolver-101
data/raw/caltech256/256_ObjectCategories/172.revolver-101/172_0037.jpg,171,172.revolver-101
data/raw/caltech256/256_ObjectCategories/172.revolver-101/172_0047.jpg,171,172.revolver-101
data/raw/caltech256/256_ObjectCategories/172.revolver-101/172_0039.jpg,171,172.revolver-101
data/raw/caltech256/256_ObjectCategories/172.revolver-101/172_0033.jpg,171,172.revolver-101
data/raw/caltech256/256_ObjectCategories/172.revolver-101/172_0054.jpg,171,172.revolver-101
data/raw/caltech256/256_ObjectCategories/172.revolver-101/172_0064.jpg,171,172.revolver-101
data/raw/caltech256/256_ObjectCategories/172.revolver-101/172_0031.jpg,171,172.revolver-101
data/raw/caltech256/256_ObjectCategories/172.revolver-101/172_0068.jpg,171,172.revolver-101
data/raw/caltech256/256_ObjectCategories/172.revolver-101/172_0044.jpg,171,172.revolver-101
data/raw/caltech256/256_ObjectCategories/172.revolver-101/172_0042.jpg,171,172.revolver-101
data/raw/caltech256/256_ObjectCategories/172.revolver-101/172_0063.jpg,171,172.revolver-101
data/raw/caltech256/256_ObjectCategories/173.rifle/173_0005.jpg,172,173.rifle
data/raw/caltech256/256_ObjectCategories/173.rifle/173_0025.jpg,172,173.rifle
data/raw/caltech256/256_ObjectCategories/173.rifle/173_0047.jpg,172,173.rifle
data/raw/caltech256/256_ObjectCategories/173.rifle/173_0089.jpg,172,173.rifle
data/raw/caltech256/256_ObjectCategories/173.rifle/173_0003.jpg,172,173.rifle
data/raw/caltech256/256_ObjectCategories/173.rifle/173_0086.jpg,172,173.rifle
data/raw/caltech256/256_ObjectCategories/173.rifle/173_0016.jpg,172,173.rifle
data/raw/caltech256/256_ObjectCategories/173.rifle/173_0059.jpg,172,173.rifle
data/raw/caltech256/256_ObjectCategories/173.rifle/173_0098.jpg,172,173.rifle
data/raw/caltech256/256_ObjectCategories/173.rifle/173_0035.jpg,172,173.rifle
data/raw/caltech256/256_ObjectCategories/173.rifle/173_0092.jpg,172,173.rifle
data/raw/caltech256/256_ObjectCategories/173.rifle/173_0026.jpg,172,173.rifle
data/raw/caltech256/256_ObjectCategories/173.rifle/173_0069.jpg,172,173.rifle
data/raw/caltech256/256_ObjectCategories/173.rifle/173_0067.jpg,172,173.rifle
data/raw/caltech256/256_ObjectCategories/173.rifle/173_0101.jpg,172,173.rifle
data/raw/caltech256/256_ObjectCategories/173.rifle/173_0066.jpg,172,173.rifle
data/raw/caltech256/256_ObjectCategories/173.rifle/173_0084.jpg,172,173.rifle
data/raw/caltech256/256_ObjectCategories/173.rifle/173_0106.jpg,172,173.rifle
data/raw/caltech256/256_ObjectCategories/173.rifle/173_0083.jpg,172,173.rifle
data/raw/caltech256/256_ObjectCategories/173.rifle/173_0028.jpg,172,173.rifle
data/raw/caltech256/256_ObjectCategories/173.rifle/173_0037.jpg,172,173.rifle
data/raw/caltech256/256_ObjectCategories/173.rifle/173_0006.jpg,172,173.rifle
data/raw/caltech256/256_ObjectCategories/173.rifle/173_0012.jpg,172,173.rifle
data/raw/caltech256/256_ObjectCategories/173.rifle/173_0002.jpg,172,173.rifle
data/raw/caltech256/256_ObjectCategories/173.rifle/173_0081.jpg,172,173.rifle
data/raw/caltech256/256_ObjectCategories/173.rifle/173_0082.jpg,172,173.rifle
data/raw/caltech256/256_ObjectCategories/173.rifle/173_0039.jpg,172,173.rifle
data/raw/caltech256/256_ObjectCategories/173.rifle/173_0050.jpg,172,173.rifle
data/raw/caltech256/256_ObjectCategories/173.rifle/173_0010.jpg,172,173.rifle
data/raw/caltech256/256_ObjectCategories/173.rifle/173_0027.jpg,172,173.rifle
data/raw/caltech256/256_ObjectCategories/173.rifle/173_0024.jpg,172,173.rifle
data/raw/caltech256/256_ObjectCategories/173.rifle/173_0055.jpg,172,173.rifle
data/raw/caltech256/256_ObjectCategories/173.rifle/173_0036.jpg,172,173.rifle
data/raw/caltech256/256_ObjectCategories/173.rifle/173_0062.jpg,172,173.rifle
data/raw/caltech256/256_ObjectCategories/173.rifle/173_0105.jpg,172,173.rifle
data/raw/caltech256/256_ObjectCategories/173.rifle/173_0009.jpg,172,173.rifle
data/raw/caltech256/256_ObjectCategories/173.rifle/173_0075.jpg,172,173.rifle
data/raw/caltech256/256_ObjectCategories/174.rotary-phone/174_0079.jpg,173,174.rotary-phone
data/raw/caltech256/256_ObjectCategories/174.rotary-phone/174_0002.jpg,173,174.rotary-phone
data/raw/caltech256/256_ObjectCategories/174.rotary-phone/174_0078.jpg,173,174.rotary-phone
data/raw/caltech256/256_ObjectCategories/174.rotary-phone/174_0003.jpg,173,174.rotary-phone
data/raw/caltech256/256_ObjectCategories/174.rotary-phone/174_0014.jpg,173,174.rotary-phone
data/raw/caltech256/256_ObjectCategories/174.rotary-phone/174_0010.jpg,173,174.rotary-phone
data/raw/caltech256/256_ObjectCategories/174.rotary-phone/174_0053.jpg,173,174.rotary-phone
data/raw/caltech256/256_ObjectCategories/174.rotary-phone/174_0056.jpg,173,174.rotary-phone
data/raw/caltech256/256_ObjectCategories/174.rotary-phone/174_0029.jpg,173,174.rotary-phone
data/raw/caltech256/256_ObjectCategories/174.rotary-phone/174_0042.jpg,173,174.rotary-phone
data/raw/caltech256/256_ObjectCategories/174.rotary-phone/174_0019.jpg,173,174.rotary-phone
data/raw/caltech256/256_ObjectCategories/174.rotary-phone/174_0025.jpg,173,174.rotary-phone
data/raw/caltech256/256_ObjectCategories/174.rotary-phone/174_0075.jpg,173,174.rotary-phone
data/raw/caltech256/256_ObjectCategories/174.rotary-phone/174_0043.jpg,173,174.rotary-phone
data/raw/caltech256/256_ObjectCategories/174.rotary-phone/174_0073.jpg,173,174.rotary-phone
data/raw/caltech256/256_ObjectCategories/174.rotary-phone/174_0001.jpg,173,174.rotary-phone
data/raw/caltech256/256_ObjectCategories/174.rotary-phone/174_0047.jpg,173,174.rotary-phone
data/raw/caltech256/256_ObjectCategories/174.rotary-phone/174_0077.jpg,173,174.rotary-phone
data/raw/caltech256/256_ObjectCategories/174.rotary-phone/174_0004.jpg,173,174.rotary-phone
data/raw/caltech256/256_ObjectCategories/174.rotary-phone/174_0054.jpg,173,174.rotary-phone
data/raw/caltech256/256_ObjectCategories/174.rotary-phone/174_0016.jpg,173,174.rotary-phone
data/raw/caltech256/256_ObjectCategories/174.rotary-phone/174_0074.jpg,173,174.rotary-phone
data/raw/caltech256/256_ObjectCategories/174.rotary-phone/174_0071.jpg,173,174.rotary-phone
data/raw/caltech256/256_ObjectCategories/174.rotary-phone/174_0027.jpg,173,174.rotary-phone
data/raw/caltech256/256_ObjectCategories/174.rotary-phone/174_0021.jpg,173,174.rotary-phone
data/raw/caltech256/256_ObjectCategories/174.rotary-phone/174_0012.jpg,173,174.rotary-phone
data/raw/caltech256/256_ObjectCategories/174.rotary-phone/174_0024.jpg,173,174.rotary-phone
data/raw/caltech256/256_ObjectCategories/174.rotary-phone/174_0009.jpg,173,174.rotary-phone
data/raw/caltech256/256_ObjectCategories/174.rotary-phone/174_0033.jpg,173,174.rotary-phone
data/raw/caltech256/256_ObjectCategories/174.rotary-phone/174_0069.jpg,173,174.rotary-phone
data/raw/caltech256/256_ObjectCategories/175.roulette-wheel/175_0063.jpg,174,175.roulette-wheel
data/raw/caltech256/256_ObjectCategories/175.roulette-wheel/175_0067.jpg,174,175.roulette-wheel
data/raw/caltech256/256_ObjectCategories/175.roulette-wheel/175_0009.jpg,174,175.roulette-wheel
data/raw/caltech256/256_ObjectCategories/175.roulette-wheel/175_0076.jpg,174,175.roulette-wheel
data/raw/caltech256/256_ObjectCategories/175.roulette-wheel/175_0065.jpg,174,175.roulette-wheel
data/raw/caltech256/256_ObjectCategories/175.roulette-wheel/175_0048.jpg,174,175.roulette-wheel
data/raw/caltech256/256_ObjectCategories/175.roulette-wheel/175_0029.jpg,174,175.roulette-wheel
data/raw/caltech256/256_ObjectCategories/175.roulette-wheel/175_0004.jpg,174,175.roulette-wheel
data/raw/caltech256/256_ObjectCategories/175.roulette-wheel/175_0061.jpg,174,175.roulette-wheel
data/raw/caltech256/256_ObjectCategories/175.roulette-wheel/175_0025.jpg,174,175.roulette-wheel
data/raw/caltech256/256_ObjectCategories/175.roulette-wheel/175_0052.jpg,174,175.roulette-wheel
data/raw/caltech256/256_ObjectCategories/175.roulette-wheel/175_0073.jpg,174,175.roulette-wheel
data/raw/caltech256/256_ObjectCategories/175.roulette-wheel/175_0014.jpg,174,175.roulette-wheel
data/raw/caltech256/256_ObjectCategories/175.roulette-wheel/175_0030.jpg,174,175.roulette-wheel
data/raw/caltech256/256_ObjectCategories/175.roulette-wheel/175_0069.jpg,174,175.roulette-wheel
data/raw/caltech256/256_ObjectCategories/175.roulette-wheel/175_0001.jpg,174,175.roulette-wheel
data/raw/caltech256/256_ObjectCategories/175.roulette-wheel/175_0072.jpg,174,175.roulette-wheel
data/raw/caltech256/256_ObjectCategories/175.roulette-wheel/175_0071.jpg,174,175.roulette-wheel
data/raw/caltech256/256_ObjectCategories/175.roulette-wheel/175_0023.jpg,174,175.roulette-wheel
data/raw/caltech256/256_ObjectCategories/175.roulette-wheel/175_0057.jpg,174,175.roulette-wheel
data/raw/caltech256/256_ObjectCategories/175.roulette-wheel/175_0056.jpg,174,175.roulette-wheel
data/raw/caltech256/256_ObjectCategories/175.roulette-wheel/175_0019.jpg,174,175.roulette-wheel
data/raw/caltech256/256_ObjectCategories/175.roulette-wheel/175_0027.jpg,174,175.roulette-wheel
data/raw/caltech256/256_ObjectCategories/175.roulette-wheel/175_0032.jpg,174,175.roulette-wheel
data/raw/caltech256/256_ObjectCategories/175.roulette-wheel/175_0036.jpg,174,175.roulette-wheel
data/raw/caltech256/256_ObjectCategories/175.roulette-wheel/175_0010.jpg,174,175.roulette-wheel
data/raw/caltech256/256_ObjectCategories/175.roulette-wheel/175_0039.jpg,174,175.roulette-wheel
data/raw/caltech256/256_ObjectCategories/175.roulette-wheel/175_0049.jpg,174,175.roulette-wheel
data/raw/caltech256/256_ObjectCategories/175.roulette-wheel/175_0051.jpg,174,175.roulette-wheel
data/raw/caltech256/256_ObjectCategories/176.saddle/176_0099.jpg,175,176.saddle
data/raw/caltech256/256_ObjectCategories/176.saddle/176_0049.jpg,175,176.saddle
data/raw/caltech256/256_ObjectCategories/176.saddle/176_0020.jpg,175,176.saddle
data/raw/caltech256/256_ObjectCategories/176.saddle/176_0004.jpg,175,176.saddle
data/raw/caltech256/256_ObjectCategories/176.saddle/176_0071.jpg,175,176.saddle
data/raw/caltech256/256_ObjectCategories/176.saddle/176_0098.jpg,175,176.saddle
data/raw/caltech256/256_ObjectCategories/176.saddle/176_0110.jpg,175,176.saddle
data/raw/caltech256/256_ObjectCategories/176.saddle/176_0083.jpg,175,176.saddle
data/raw/caltech256/256_ObjectCategories/176.saddle/176_0025.jpg,175,176.saddle
data/raw/caltech256/256_ObjectCategories/176.saddle/176_0024.jpg,175,176.saddle
data/raw/caltech256/256_ObjectCategories/176.saddle/176_0105.jpg,175,176.saddle
data/raw/caltech256/256_ObjectCategories/176.saddle/176_0087.jpg,175,176.saddle
data/raw/caltech256/256_ObjectCategories/176.saddle/176_0016.jpg,175,176.saddle
data/raw/caltech256/256_ObjectCategories/176.saddle/176_0030.jpg,175,176.saddle
data/raw/caltech256/256_ObjectCategories/176.saddle/176_0068.jpg,175,176.saddle
data/raw/caltech256/256_ObjectCategories/176.saddle/176_0095.jpg,175,176.saddle
data/raw/caltech256/256_ObjectCategories/176.saddle/176_0019.jpg,175,176.saddle
data/raw/caltech256/256_ObjectCategories/176.saddle/176_0072.jpg,175,176.saddle
data/raw/caltech256/256_ObjectCategories/176.saddle/176_0103.jpg,175,176.saddle
data/raw/caltech256/256_ObjectCategories/176.saddle/176_0074.jpg,175,176.saddle
data/raw/caltech256/256_ObjectCategories/176.saddle/176_0056.jpg,175,176.saddle
data/raw/caltech256/256_ObjectCategories/176.saddle/176_0007.jpg,175,176.saddle
data/raw/caltech256/256_ObjectCategories/176.saddle/176_0022.jpg,175,176.saddle
data/raw/caltech256/256_ObjectCategories/176.saddle/176_0076.jpg,175,176.saddle
data/raw/caltech256/256_ObjectCategories/176.saddle/176_0101.jpg,175,176.saddle
data/raw/caltech256/256_ObjectCategories/176.saddle/176_0045.jpg,175,176.saddle
data/raw/caltech256/256_ObjectCategories/176.saddle/176_0055.jpg,175,176.saddle
data/raw/caltech256/256_ObjectCategories/176.saddle/176_0042.jpg,175,176.saddle
data/raw/caltech256/256_ObjectCategories/176.saddle/176_0094.jpg,175,176.saddle
data/raw/caltech256/256_ObjectCategories/176.saddle/176_0080.jpg,175,176.saddle
data/raw/caltech256/256_ObjectCategories/176.saddle/176_0109.jpg,175,176.saddle
data/raw/caltech256/256_ObjectCategories/176.saddle/176_0029.jpg,175,176.saddle
data/raw/caltech256/256_ObjectCategories/176.saddle/176_0067.jpg,175,176.saddle
data/raw/caltech256/256_ObjectCategories/176.saddle/176_0023.jpg,175,176.saddle
data/raw/caltech256/256_ObjectCategories/176.saddle/176_0093.jpg,175,176.saddle
data/raw/caltech256/256_ObjectCategories/176.saddle/176_0073.jpg,175,176.saddle
data/raw/caltech256/256_ObjectCategories/176.saddle/176_0063.jpg,175,176.saddle
data/raw/caltech256/256_ObjectCategories/176.saddle/176_0057.jpg,175,176.saddle
data/raw/caltech256/256_ObjectCategories/176.saddle/176_0090.jpg,175,176.saddle
data/raw/caltech256/256_ObjectCategories/177.saturn/177_0051.jpg,176,177.saturn
data/raw/caltech256/256_ObjectCategories/177.saturn/177_0046.jpg,176,177.saturn
data/raw/caltech256/256_ObjectCategories/177.saturn/177_0028.jpg,176,177.saturn
data/raw/caltech256/256_ObjectCategories/177.saturn/177_0088.jpg,176,177.saturn
data/raw/caltech256/256_ObjectCategories/177.saturn/177_0004.jpg,176,177.saturn
data/raw/caltech256/256_ObjectCategories/177.saturn/177_0017.jpg,176,177.saturn
data/raw/caltech256/256_ObjectCategories/177.saturn/177_0021.jpg,176,177.saturn
data/raw/caltech256/256_ObjectCategories/177.saturn/177_0089.jpg,176,177.saturn
data/raw/caltech256/256_ObjectCategories/177.saturn/177_0053.jpg,176,177.saturn
data/raw/caltech256/256_ObjectCategories/177.saturn/177_0062.jpg,176,177.saturn
data/raw/caltech256/256_ObjectCategories/177.saturn/177_0076.jpg,176,177.saturn
data/raw/caltech256/256_ObjectCategories/177.saturn/177_0064.jpg,176,177.saturn
data/raw/caltech256/256_ObjectCategories/177.saturn/177_0075.jpg,176,177.saturn
data/raw/caltech256/256_ObjectCategories/177.saturn/177_0020.jpg,176,177.saturn
data/raw/caltech256/256_ObjectCategories/177.saturn/177_0037.jpg,176,177.saturn
data/raw/caltech256/256_ObjectCategories/177.saturn/177_0071.jpg,176,177.saturn
data/raw/caltech256/256_ObjectCategories/177.saturn/177_0009.jpg,176,177.saturn
data/raw/caltech256/256_ObjectCategories/177.saturn/177_0090.jpg,176,177.saturn
data/raw/caltech256/256_ObjectCategories/177.saturn/177_0070.jpg,176,177.saturn
data/raw/caltech256/256_ObjectCategories/177.saturn/177_0052.jpg,176,177.saturn
data/raw/caltech256/256_ObjectCategories/177.saturn/177_0023.jpg,176,177.saturn
data/raw/caltech256/256_ObjectCategories/177.saturn/177_0060.jpg,176,177.saturn
data/raw/caltech256/256_ObjectCategories/177.saturn/177_0054.jpg,176,177.saturn
data/raw/caltech256/256_ObjectCategories/177.saturn/177_0010.jpg,176,177.saturn
data/raw/caltech256/256_ObjectCategories/177.saturn/177_0056.jpg,176,177.saturn
data/raw/caltech256/256_ObjectCategories/177.saturn/177_0074.jpg,176,177.saturn
data/raw/caltech256/256_ObjectCategories/177.saturn/177_0085.jpg,176,177.saturn
data/raw/caltech256/256_ObjectCategories/177.saturn/177_0061.jpg,176,177.saturn
data/raw/caltech256/256_ObjectCategories/177.saturn/177_0039.jpg,176,177.saturn
data/raw/caltech256/256_ObjectCategories/177.saturn/177_0026.jpg,176,177.saturn
data/raw/caltech256/256_ObjectCategories/177.saturn/177_0091.jpg,176,177.saturn
data/raw/caltech256/256_ObjectCategories/177.saturn/177_0079.jpg,176,177.saturn
data/raw/caltech256/256_ObjectCategories/177.saturn/177_0019.jpg,176,177.saturn
data/raw/caltech256/256_ObjectCategories/177.saturn/177_0067.jpg,176,177.saturn
data/raw/caltech256/256_ObjectCategories/178.school-bus/178_0029.jpg,177,178.school-bus
data/raw/caltech256/256_ObjectCategories/178.school-bus/178_0038.jpg,177,178.school-bus
data/raw/caltech256/256_ObjectCategories/178.school-bus/178_0098.jpg,177,178.school-bus
data/raw/caltech256/256_ObjectCategories/178.school-bus/178_0083.jpg,177,178.school-bus
data/raw/caltech256/256_ObjectCategories/178.school-bus/178_0036.jpg,177,178.school-bus
data/raw/caltech256/256_ObjectCategories/178.school-bus/178_0043.jpg,177,178.school-bus
data/raw/caltech256/256_ObjectCategories/178.school-bus/178_0024.jpg,177,178.school-bus
data/raw/caltech256/256_ObjectCategories/178.school-bus/178_0003.jpg,177,178.school-bus
data/raw/caltech256/256_ObjectCategories/178.school-bus/178_0007.jpg,177,178.school-bus
data/raw/caltech256/256_ObjectCategories/178.school-bus/178_0059.jpg,177,178.school-bus
data/raw/caltech256/256_ObjectCategories/178.school-bus/178_0065.jpg,177,178.school-bus
data/raw/caltech256/256_ObjectCategories/178.school-bus/178_0076.jpg,177,178.school-bus
data/raw/caltech256/256_ObjectCategories/178.school-bus/178_0025.jpg,177,178.school-bus
data/raw/caltech256/256_ObjectCategories/178.school-bus/178_0073.jpg,177,178.school-bus
data/raw/caltech256/256_ObjectCategories/178.school-bus/178_0078.jpg,177,178.school-bus
data/raw/caltech256/256_ObjectCategories/178.school-bus/178_0077.jpg,177,178.school-bus
data/raw/caltech256/256_ObjectCategories/178.school-bus/178_0027.jpg,177,178.school-bus
data/raw/caltech256/256_ObjectCategories/178.school-bus/178_0066.jpg,177,178.school-bus
data/raw/caltech256/256_ObjectCategories/178.school-bus/178_0088.jpg,177,178.school-bus
data/raw/caltech256/256_ObjectCategories/178.school-bus/178_0075.jpg,177,178.school-bus
data/raw/caltech256/256_ObjectCategories/178.school-bus/178_0085.jpg,177,178.school-bus
data/raw/caltech256/256_ObjectCategories/178.school-bus/178_0054.jpg,177,178.school-bus
data/raw/caltech256/256_ObjectCategories/178.school-bus/178_0092.jpg,177,178.school-bus
data/raw/caltech256/256_ObjectCategories/178.school-bus/178_0005.jpg,177,178.school-bus
data/raw/caltech256/256_ObjectCategories/178.school-bus/178_0012.jpg,177,178.school-bus
data/raw/caltech256/256_ObjectCategories/178.school-bus/178_0040.jpg,177,178.school-bus
data/raw/caltech256/256_ObjectCategories/178.school-bus/178_0093.jpg,177,178.school-bus
data/raw/caltech256/256_ObjectCategories/178.school-bus/178_0086.jpg,177,178.school-bus
data/raw/caltech256/256_ObjectCategories/178.school-bus/178_0053.jpg,177,178.school-bus
data/raw/caltech256/256_ObjectCategories/178.school-bus/178_0070.jpg,177,178.school-bus
data/raw/caltech256/256_ObjectCategories/178.school-bus/178_0061.jpg,177,178.school-bus
data/raw/caltech256/256_ObjectCategories/178.school-bus/178_0058.jpg,177,178.school-bus
data/raw/caltech256/256_ObjectCategories/178.school-bus/178_0096.jpg,177,178.school-bus
data/raw/caltech256/256_ObjectCategories/178.school-bus/178_0008.jpg,177,178.school-bus
data/raw/caltech256/256_ObjectCategories/179.scorpion-101/179_0045.jpg,178,179.scorpion-101
data/raw/caltech256/256_ObjectCategories/179.scorpion-101/179_0048.jpg,178,179.scorpion-101
data/raw/caltech256/256_ObjectCategories/179.scorpion-101/179_0013.jpg,178,179.scorpion-101
data/raw/caltech256/256_ObjectCategories/179.scorpion-101/179_0075.jpg,178,179.scorpion-101
data/raw/caltech256/256_ObjectCategories/179.scorpion-101/179_0050.jpg,178,179.scorpion-101
data/raw/caltech256/256_ObjectCategories/179.scorpion-101/179_0052.jpg,178,179.scorpion-101
data/raw/caltech256/256_ObjectCategories/179.scorpion-101/179_0071.jpg,178,179.scorpion-101
data/raw/caltech256/256_ObjectCategories/179.scorpion-101/179_0058.jpg,178,179.scorpion-101
data/raw/caltech256/256_ObjectCategories/179.scorpion-101/179_0037.jpg,178,179.scorpion-101
data/raw/caltech256/256_ObjectCategories/179.scorpion-101/179_0032.jpg,178,179.scorpion-101
data/raw/caltech256/256_ObjectCategories/179.scorpion-101/179_0051.jpg,178,179.scorpion-101
data/raw/caltech256/256_ObjectCategories/179.scorpion-101/179_0063.jpg,178,179.scorpion-101
data/raw/caltech256/256_ObjectCategories/179.scorpion-101/179_0016.jpg,178,179.scorpion-101
data/raw/caltech256/256_ObjectCategories/179.scorpion-101/179_0003.jpg,178,179.scorpion-101
data/raw/caltech256/256_ObjectCategories/179.scorpion-101/179_0060.jpg,178,179.scorpion-101
data/raw/caltech256/256_ObjectCategories/179.scorpion-101/179_0039.jpg,178,179.scorpion-101
data/raw/caltech256/256_ObjectCategories/179.scorpion-101/179_0061.jpg,178,179.scorpion-101
data/raw/caltech256/256_ObjectCategories/179.scorpion-101/179_0057.jpg,178,179.scorpion-101
data/raw/caltech256/256_ObjectCategories/179.scorpion-101/179_0047.jpg,178,179.scorpion-101
data/raw/caltech256/256_ObjectCategories/179.scorpion-101/179_0028.jpg,178,179.scorpion-101
data/raw/caltech256/256_ObjectCategories/179.scorpion-101/179_0030.jpg,178,179.scorpion-101
data/raw/caltech256/256_ObjectCategories/179.scorpion-101/179_0036.jpg,178,179.scorpion-101
data/raw/caltech256/256_ObjectCategories/179.scorpion-101/179_0014.jpg,178,179.scorpion-101
data/raw/caltech256/256_ObjectCategories/179.scorpion-101/179_0019.jpg,178,179.scorpion-101
data/raw/caltech256/256_ObjectCategories/179.scorpion-101/179_0062.jpg,178,179.scorpion-101
data/raw/caltech256/256_ObjectCategories/179.scorpion-101/179_0009.jpg,178,179.scorpion-101
data/raw/caltech256/256_ObjectCategories/179.scorpion-101/179_0066.jpg,178,179.scorpion-101
data/raw/caltech256/256_ObjectCategories/179.scorpion-101/179_0064.jpg,178,179.scorpion-101
data/raw/caltech256/256_ObjectCategories/180.screwdriver/180_0100.jpg,179,180.screwdriver
data/raw/caltech256/256_ObjectCategories/180.screwdriver/180_0037.jpg,179,180.screwdriver
data/raw/caltech256/256_ObjectCategories/180.screwdriver/180_0024.jpg,179,180.screwdriver
data/raw/caltech256/256_ObjectCategories/180.screwdriver/180_0065.jpg,179,180.screwdriver
data/raw/caltech256/256_ObjectCategories/180.screwdriver/180_0091.jpg,179,180.screwdriver
data/raw/caltech256/256_ObjectCategories/180.screwdriver/180_0098.jpg,179,180.screwdriver
data/raw/caltech256/256_ObjectCategories/180.screwdriver/180_0038.jpg,179,180.screwdriver
data/raw/caltech256/256_ObjectCategories/180.screwdriver/180_0012.jpg,179,180.screwdriver
data/raw/caltech256/256_ObjectCategories/180.screwdriver/180_0048.jpg,179,180.screwdriver
data/raw/caltech256/256_ObjectCategories/180.screwdriver/180_0102.jpg,179,180.screwdriver
data/raw/caltech256/256_ObjectCategories/180.screwdriver/180_0097.jpg,179,180.screwdriver
data/raw/caltech256/256_ObjectCategories/180.screwdriver/180_0061.jpg,179,180.screwdriver
data/raw/caltech256/256_ObjectCategories/180.screwdriver/180_0004.jpg,179,180.screwdriver
data/raw/caltech256/256_ObjectCategories/180.screwdriver/180_0043.jpg,179,180.screwdriver
data/raw/caltech256/256_ObjectCategories/180.screwdriver/180_0020.jpg,179,180.screwdriver
data/raw/caltech256/256_ObjectCategories/180.screwdriver/180_0093.jpg,179,180.screwdriver
data/raw/caltech256/256_ObjectCategories/180.screwdriver/180_0083.jpg,179,180.screwdriver
data/raw/caltech256/256_ObjectCategories/180.screwdriver/180_0035.jpg,179,180.screwdriver
data/raw/caltech256/256_ObjectCategories/180.screwdriver/180_0075.jpg,179,180.screwdriver
data/raw/caltech256/256_ObjectCategories/180.screwdriver/180_0077.jpg,179,180.screwdriver
data/raw/caltech256/256_ObjectCategories/180.screwdriver/180_0096.jpg,179,180.screwdriver
data/raw/caltech256/256_ObjectCategories/180.screwdriver/180_0079.jpg,179,180.screwdriver
data/raw/caltech256/256_ObjectCategories/180.screwdriver/180_0060.jpg,179,180.screwdriver
data/raw/caltech256/256_ObjectCategories/180.screwdriver/180_0003.jpg,179,180.screwdriver
data/raw/caltech256/256_ObjectCategories/180.screwdriver/180_0067.jpg,179,180.screwdriver
data/raw/caltech256/256_ObjectCategories/180.screwdriver/180_0055.jpg,179,180.screwdriver
data/raw/caltech256/256_ObjectCategories/180.screwdriver/180_0005.jpg,179,180.screwdriver
data/raw/caltech256/256_ObjectCategories/180.screwdriver/180_0042.jpg,179,180.screwdriver
data/raw/caltech256/256_ObjectCategories/180.screwdriver/180_0026.jpg,179,180.screwdriver
data/raw/caltech256/256_ObjectCategories/180.screwdriver/180_0087.jpg,179,180.screwdriver
data/raw/caltech256/256_ObjectCategories/180.screwdriver/180_0052.jpg,179,180.screwdriver
data/raw/caltech256/256_ObjectCategories/180.screwdriver/180_0099.jpg,179,180.screwdriver
data/raw/caltech256/256_ObjectCategories/180.screwdriver/180_0045.jpg,179,180.screwdriver
data/raw/caltech256/256_ObjectCategories/180.screwdriver/180_0081.jpg,179,180.screwdriver
data/raw/caltech256/256_ObjectCategories/180.screwdriver/180_0025.jpg,179,180.screwdriver
data/raw/caltech256/256_ObjectCategories/180.screwdriver/180_0095.jpg,179,180.screwdriver
data/raw/caltech256/256_ObjectCategories/181.segway/181_0012.jpg,180,181.segway
data/raw/caltech256/256_ObjectCategories/181.segway/181_0020.jpg,180,181.segway
data/raw/caltech256/256_ObjectCategories/181.segway/181_0035.jpg,180,181.segway
data/raw/caltech256/256_ObjectCategories/181.segway/181_0077.jpg,180,181.segway
data/raw/caltech256/256_ObjectCategories/181.segway/181_0089.jpg,180,181.segway
data/raw/caltech256/256_ObjectCategories/181.segway/181_0079.jpg,180,181.segway
data/raw/caltech256/256_ObjectCategories/181.segway/181_0070.jpg,180,181.segway
data/raw/caltech256/256_ObjectCategories/181.segway/181_0015.jpg,180,181.segway
data/raw/caltech256/256_ObjectCategories/181.segway/181_0003.jpg,180,181.segway
data/raw/caltech256/256_ObjectCategories/181.segway/181_0095.jpg,180,181.segway
data/raw/caltech256/256_ObjectCategories/181.segway/181_0033.jpg,180,181.segway
data/raw/caltech256/256_ObjectCategories/181.segway/181_0065.jpg,180,181.segway
data/raw/caltech256/256_ObjectCategories/181.segway/181_0007.jpg,180,181.segway
data/raw/caltech256/256_ObjectCategories/181.segway/181_0004.jpg,180,181.segway
data/raw/caltech256/256_ObjectCategories/181.segway/181_0040.jpg,180,181.segway
data/raw/caltech256/256_ObjectCategories/181.segway/181_0059.jpg,180,181.segway
data/raw/caltech256/256_ObjectCategories/181.segway/181_0060.jpg,180,181.segway
data/raw/caltech256/256_ObjectCategories/181.segway/181_0050.jpg,180,181.segway
data/raw/caltech256/256_ObjectCategories/181.segway/181_0049.jpg,180,181.segway
data/raw/caltech256/256_ObjectCategories/181.segway/181_0074.jpg,180,181.segway
data/raw/caltech256/256_ObjectCategories/181.segway/181_0064.jpg,180,181.segway
data/raw/caltech256/256_ObjectCategories/181.segway/181_0046.jpg,180,181.segway
data/raw/caltech256/256_ObjectCategories/181.segway/181_0038.jpg,180,181.segway
data/raw/caltech256/256_ObjectCategories/181.segway/181_0017.jpg,180,181.segway
data/raw/caltech256/256_ObjectCategories/181.segway/181_0014.jpg,180,181.segway
data/raw/caltech256/256_ObjectCategories/181.segway/181_0001.jpg,180,181.segway
data/raw/caltech256/256_ObjectCategories/181.segway/181_0099.jpg,180,181.segway
data/raw/caltech256/256_ObjectCategories/181.segway/181_0086.jpg,180,181.segway
data/raw/caltech256/256_ObjectCategories/181.segway/181_0031.jpg,180,181.segway
data/raw/caltech256/256_ObjectCategories/181.segway/181_0078.jpg,180,181.segway
data/raw/caltech256/256_ObjectCategories/181.segway/181_0028.jpg,180,181.segway
data/raw/caltech256/256_ObjectCategories/181.segway/181_0006.jpg,180,181.segway
data/raw/caltech256/256_ObjectCategories/181.segway/181_0090.jpg,180,181.segway
data/raw/caltech256/256_ObjectCategories/181.segway/181_0052.jpg,180,181.segway
data/raw/caltech256/256_ObjectCategories/181.segway/181_0055.jpg,180,181.segway
data/raw/caltech256/256_ObjectCategories/182.self-propelled-lawn-mower/182_0093.jpg,181,182.self-propelled-lawn-mower
data/raw/caltech256/256_ObjectCategories/182.self-propelled-lawn-mower/182_0051.jpg,181,182.self-propelled-lawn-mower
data/raw/caltech256/256_ObjectCategories/182.self-propelled-lawn-mower/182_0102.jpg,181,182.self-propelled-lawn-mower
data/raw/caltech256/256_ObjectCategories/182.self-propelled-lawn-mower/182_0104.jpg,181,182.self-propelled-lawn-mower
data/raw/caltech256/256_ObjectCategories/182.self-propelled-lawn-mower/182_0061.jpg,181,182.self-propelled-lawn-mower
data/raw/caltech256/256_ObjectCategories/182.self-propelled-lawn-mower/182_0029.jpg,181,182.self-propelled-lawn-mower
data/raw/caltech256/256_ObjectCategories/182.self-propelled-lawn-mower/182_0009.jpg,181,182.self-propelled-lawn-mower
data/raw/caltech256/256_ObjectCategories/182.self-propelled-lawn-mower/182_0072.jpg,181,182.self-propelled-lawn-mower
data/raw/caltech256/256_ObjectCategories/182.self-propelled-lawn-mower/182_0031.jpg,181,182.self-propelled-lawn-mower
data/raw/caltech256/256_ObjectCategories/182.self-propelled-lawn-mower/182_0076.jpg,181,182.self-propelled-lawn-mower
data/raw/caltech256/256_ObjectCategories/182.self-propelled-lawn-mower/182_0116.jpg,181,182.self-propelled-lawn-mower
data/raw/caltech256/256_ObjectCategories/182.self-propelled-lawn-mower/182_0019.jpg,181,182.self-propelled-lawn-mower
data/raw/caltech256/256_ObjectCategories/182.self-propelled-lawn-mower/182_0062.jpg,181,182.self-propelled-lawn-mower
data/raw/caltech256/256_ObjectCategories/182.self-propelled-lawn-mower/182_0014.jpg,181,182.self-propelled-lawn-mower
data/raw/caltech256/256_ObjectCategories/182.self-propelled-lawn-mower/182_0027.jpg,181,182.self-propelled-lawn-mower
data/raw/caltech256/256_ObjectCategories/182.self-propelled-lawn-mower/182_0039.jpg,181,182.self-propelled-lawn-mower
data/raw/caltech256/256_ObjectCategories/182.self-propelled-lawn-mower/182_0046.jpg,181,182.self-propelled-lawn-mower
data/raw/caltech256/256_ObjectCategories/182.self-propelled-lawn-mower/182_0002.jpg,181,182.self-propelled-lawn-mower
data/raw/caltech256/256_ObjectCategories/182.self-propelled-lawn-mower/182_0059.jpg,181,182.self-propelled-lawn-mower
data/raw/caltech256/256_ObjectCategories/182.self-propelled-lawn-mower/182_0038.jpg,181,182.self-propelled-lawn-mower
data/raw/caltech256/256_ObjectCategories/182.self-propelled-lawn-mower/182_0018.jpg,181,182.self-propelled-lawn-mower
data/raw/caltech256/256_ObjectCategories/182.self-propelled-lawn-mower/182_0056.jpg,181,182.self-propelled-lawn-mower
data/raw/caltech256/256_ObjectCategories/182.self-propelled-lawn-mower/182_0024.jpg,181,182.self-propelled-lawn-mower
data/raw/caltech256/256_ObjectCategories/182.self-propelled-lawn-mower/182_0091.jpg,181,182.self-propelled-lawn-mower
data/raw/caltech256/256_ObjectCategories/182.self-propelled-lawn-mower/182_0083.jpg,181,182.self-propelled-lawn-mower
data/raw/caltech256/256_ObjectCategories/182.self-propelled-lawn-mower/182_0008.jpg,181,182.self-propelled-lawn-mower
data/raw/caltech256/256_ObjectCategories/182.self-propelled-lawn-mower/182_0023.jpg,181,182.self-propelled-lawn-mower
data/raw/caltech256/256_ObjectCategories/182.self-propelled-lawn-mower/182_0015.jpg,181,182.self-propelled-lawn-mower
data/raw/caltech256/256_ObjectCategories/182.self-propelled-lawn-mower/182_0060.jpg,181,182.self-propelled-lawn-mower
data/raw/caltech256/256_ObjectCategories/182.self-propelled-lawn-mower/182_0030.jpg,181,182.self-propelled-lawn-mower
data/raw/caltech256/256_ObjectCategories/182.self-propelled-lawn-mower/182_0042.jpg,181,182.self-propelled-lawn-mower
data/raw/caltech256/256_ObjectCategories/182.self-propelled-lawn-mower/182_0050.jpg,181,182.self-propelled-lawn-mower
data/raw/caltech256/256_ObjectCategories/182.self-propelled-lawn-mower/182_0003.jpg,181,182.self-propelled-lawn-mower
data/raw/caltech256/256_ObjectCategories/182.self-propelled-lawn-mower/182_0086.jpg,181,182.self-propelled-lawn-mower
data/raw/caltech256/256_ObjectCategories/182.self-propelled-lawn-mower/182_0111.jpg,181,182.self-propelled-lawn-mower
data/raw/caltech256/256_ObjectCategories/182.self-propelled-lawn-mower/182_0094.jpg,181,182.self-propelled-lawn-mower
data/raw/caltech256/256_ObjectCategories/182.self-propelled-lawn-mower/182_0092.jpg,181,182.self-propelled-lawn-mower
data/raw/caltech256/256_ObjectCategories/182.self-propelled-lawn-mower/182_0075.jpg,181,182.self-propelled-lawn-mower
data/raw/caltech256/256_ObjectCategories/182.self-propelled-lawn-mower/182_0067.jpg,181,182.self-propelled-lawn-mower
data/raw/caltech256/256_ObjectCategories/182.self-propelled-lawn-mower/182_0095.jpg,181,182.self-propelled-lawn-mower
data/raw/caltech256/256_ObjectCategories/182.self-propelled-lawn-mower/182_0069.jpg,181,182.self-propelled-lawn-mower
data/raw/caltech256/256_ObjectCategories/182.self-propelled-lawn-mower/182_0005.jpg,181,182.self-propelled-lawn-mower
data/raw/caltech256/256_ObjectCategories/183.sextant/183_0009.jpg,182,183.sextant
data/raw/caltech256/256_ObjectCategories/183.sextant/183_0050.jpg,182,183.sextant
data/raw/caltech256/256_ObjectCategories/183.sextant/183_0072.jpg,182,183.sextant
data/raw/caltech256/256_ObjectCategories/183.sextant/183_0066.jpg,182,183.sextant
data/raw/caltech256/256_ObjectCategories/183.sextant/183_0020.jpg,182,183.sextant
data/raw/caltech256/256_ObjectCategories/183.sextant/183_0060.jpg,182,183.sextant
data/raw/caltech256/256_ObjectCategories/183.sextant/183_0052.jpg,182,183.sextant
data/raw/caltech256/256_ObjectCategories/183.sextant/183_0012.jpg,182,183.sextant
data/raw/caltech256/256_ObjectCategories/183.sextant/183_0071.jpg,182,183.sextant
data/raw/caltech256/256_ObjectCategories/183.sextant/183_0044.jpg,182,183.sextant
data/raw/caltech256/256_ObjectCategories/183.sextant/183_0068.jpg,182,183.sextant
data/raw/caltech256/256_ObjectCategories/183.sextant/183_0067.jpg,182,183.sextant
data/raw/caltech256/256_ObjectCategories/183.sextant/183_0033.jpg,182,183.sextant
data/raw/caltech256/256_ObjectCategories/183.sextant/183_0023.jpg,182,183.sextant
data/raw/caltech256/256_ObjectCategories/183.sextant/183_0076.jpg,182,183.sextant
data/raw/caltech256/256_ObjectCategories/183.sextant/183_0063.jpg,182,183.sextant
data/raw/caltech256/256_ObjectCategories/183.sextant/183_0097.jpg,182,183.sextant
data/raw/caltech256/256_ObjectCategories/183.sextant/183_0015.jpg,182,183.sextant
data/raw/caltech256/256_ObjectCategories/183.sextant/183_0045.jpg,182,183.sextant
data/raw/caltech256/256_ObjectCategories/183.sextant/183_0057.jpg,182,183.sextant
data/raw/caltech256/256_ObjectCategories/183.sextant/183_0059.jpg,182,183.sextant
data/raw/caltech256/256_ObjectCategories/183.sextant/183_0081.jpg,182,183.sextant
data/raw/caltech256/256_ObjectCategories/183.sextant/183_0017.jpg,182,183.sextant
data/raw/caltech256/256_ObjectCategories/183.sextant/183_0029.jpg,182,183.sextant
data/raw/caltech256/256_ObjectCategories/183.sextant/183_0061.jpg,182,183.sextant
data/raw/caltech256/256_ObjectCategories/183.sextant/183_0007.jpg,182,183.sextant
data/raw/caltech256/256_ObjectCategories/183.sextant/183_0043.jpg,182,183.sextant
data/raw/caltech256/256_ObjectCategories/183.sextant/183_0088.jpg,182,183.sextant
data/raw/caltech256/256_ObjectCategories/183.sextant/183_0093.jpg,182,183.sextant
data/raw/caltech256/256_ObjectCategories/183.sextant/183_0051.jpg,182,183.sextant
data/raw/caltech256/256_ObjectCategories/183.sextant/183_0079.jpg,182,183.sextant
data/raw/caltech256/256_ObjectCategories/183.sextant/183_0042.jpg,182,183.sextant
data/raw/caltech256/256_ObjectCategories/183.sextant/183_0064.jpg,182,183.sextant
data/raw/caltech256/256_ObjectCategories/183.sextant/183_0032.jpg,182,183.sextant
data/raw/caltech256/256_ObjectCategories/183.sextant/183_0062.jpg,182,183.sextant
data/raw/caltech256/256_ObjectCategories/184.sheet-music/184_0031.jpg,183,184.sheet-music
data/raw/caltech256/256_ObjectCategories/184.sheet-music/184_0065.jpg,183,184.sheet-music
data/raw/caltech256/256_ObjectCategories/184.sheet-music/184_0024.jpg,183,184.sheet-music
data/raw/caltech256/256_ObjectCategories/184.sheet-music/184_0076.jpg,183,184.sheet-music
data/raw/caltech256/256_ObjectCategories/184.sheet-music/184_0037.jpg,183,184.sheet-music
data/raw/caltech256/256_ObjectCategories/184.sheet-music/184_0030.jpg,183,184.sheet-music
data/raw/caltech256/256_ObjectCategories/184.sheet-music/184_0026.jpg,183,184.sheet-music
data/raw/caltech256/256_ObjectCategories/184.sheet-music/184_0047.jpg,183,184.sheet-music
data/raw/caltech256/256_ObjectCategories/184.sheet-music/184_0029.jpg,183,184.sheet-music
data/raw/caltech256/256_ObjectCategories/184.sheet-music/184_0039.jpg,183,184.sheet-music
data/raw/caltech256/256_ObjectCategories/184.sheet-music/184_0002.jpg,183,184.sheet-music
data/raw/caltech256/256_ObjectCategories/184.sheet-music/184_0049.jpg,183,184.sheet-music
data/raw/caltech256/256_ObjectCategories/184.sheet-music/184_0019.jpg,183,184.sheet-music
data/raw/caltech256/256_ObjectCategories/184.sheet-music/184_0083.jpg,183,184.sheet-music
data/raw/caltech256/256_ObjectCategories/184.sheet-music/184_0043.jpg,183,184.sheet-music
data/raw/caltech256/256_ObjectCategories/184.sheet-music/184_0051.jpg,183,184.sheet-music
data/raw/caltech256/256_ObjectCategories/184.sheet-music/184_0061.jpg,183,184.sheet-music
data/raw/caltech256/256_ObjectCategories/184.sheet-music/184_0005.jpg,183,184.sheet-music
data/raw/caltech256/256_ObjectCategories/184.sheet-music/184_0009.jpg,183,184.sheet-music
data/raw/caltech256/256_ObjectCategories/184.sheet-music/184_0064.jpg,183,184.sheet-music
data/raw/caltech256/256_ObjectCategories/184.sheet-music/184_0046.jpg,183,184.sheet-music
data/raw/caltech256/256_ObjectCategories/184.sheet-music/184_0020.jpg,183,184.sheet-music
data/raw/caltech256/256_ObjectCategories/184.sheet-music/184_0059.jpg,183,184.sheet-music
data/raw/caltech256/256_ObjectCategories/184.sheet-music/184_0054.jpg,183,184.sheet-music
data/raw/caltech256/256_ObjectCategories/184.sheet-music/184_0040.jpg,183,184.sheet-music
data/raw/caltech256/256_ObjectCategories/184.sheet-music/184_0045.jpg,183,184.sheet-music
data/raw/caltech256/256_ObjectCategories/184.sheet-music/184_0078.jpg,183,184.sheet-music
data/raw/caltech256/256_ObjectCategories/184.sheet-music/184_0011.jpg,183,184.sheet-music
data/raw/caltech256/256_ObjectCategories/184.sheet-music/184_0003.jpg,183,184.sheet-music
data/raw/caltech256/256_ObjectCategories/184.sheet-music/184_0016.jpg,183,184.sheet-music
data/raw/caltech256/256_ObjectCategories/185.skateboard/185_0074.jpg,184,185.skateboard
data/raw/caltech256/256_ObjectCategories/185.skateboard/185_0067.jpg,184,185.skateboard
data/raw/caltech256/256_ObjectCategories/185.skateboard/185_0070.jpg,184,185.skateboard
data/raw/caltech256/256_ObjectCategories/185.skateboard/185_0041.jpg,184,185.skateboard
data/raw/caltech256/256_ObjectCategories/185.skateboard/185_0024.jpg,184,185.skateboard
data/raw/caltech256/256_ObjectCategories/185.skateboard/185_0040.jpg,184,185.skateboard
data/raw/caltech256/256_ObjectCategories/185.skateboard/185_0082.jpg,184,185.skateboard
data/raw/caltech256/256_ObjectCategories/185.skateboard/185_0098.jpg,184,185.skateboard
data/raw/caltech256/256_ObjectCategories/185.skateboard/185_0032.jpg,184,185.skateboard
data/raw/caltech256/256_ObjectCategories/185.skateboard/185_0028.jpg,184,185.skateboard
data/raw/caltech256/256_ObjectCategories/185.skateboard/185_0054.jpg,184,185.skateboard
data/raw/caltech256/256_ObjectCategories/185.skateboard/185_0096.jpg,184,185.skateboard
data/raw/caltech256/256_ObjectCategories/185.skateboard/185_0043.jpg,184,185.skateboard
data/raw/caltech256/256_ObjectCategories/185.skateboard/185_0027.jpg,184,185.skateboard
data/raw/caltech256/256_ObjectCategories/185.skateboard/185_0089.jpg,184,185.skateboard
data/raw/caltech256/256_ObjectCategories/185.skateboard/185_0025.jpg,184,185.skateboard
data/raw/caltech256/256_ObjectCategories/185.skateboard/185_0073.jpg,184,185.skateboard
data/raw/caltech256/256_ObjectCategories/185.skateboard/185_0033.jpg,184,185.skateboard
data/raw/caltech256/256_ObjectCategories/185.skateboard/185_0081.jpg,184,185.skateboard
data/raw/caltech256/256_ObjectCategories/185.skateboard/185_0014.jpg,184,185.skateboard
data/raw/caltech256/256_ObjectCategories/185.skateboard/185_0090.jpg,184,185.skateboard
data/raw/caltech256/256_ObjectCategories/185.skateboard/185_0052.jpg,184,185.skateboard
data/raw/caltech256/256_ObjectCategories/185.skateboard/185_0050.jpg,184,185.skateboard
data/raw/caltech256/256_ObjectCategories/185.skateboard/185_0008.jpg,184,185.skateboard
data/raw/caltech256/256_ObjectCategories/185.skateboard/185_0016.jpg,184,185.skateboard
data/raw/caltech256/256_ObjectCategories/185.skateboard/185_0093.jpg,184,185.skateboard
data/raw/caltech256/256_ObjectCategories/185.skateboard/185_0101.jpg,184,185.skateboard
data/raw/caltech256/256_ObjectCategories/185.skateboard/185_0057.jpg,184,185.skateboard
data/raw/caltech256/256_ObjectCategories/185.skateboard/185_0018.jpg,184,185.skateboard
data/raw/caltech256/256_ObjectCategories/185.skateboard/185_0103.jpg,184,185.skateboard
data/raw/caltech256/256_ObjectCategories/185.skateboard/185_0075.jpg,184,185.skateboard
data/raw/caltech256/256_ObjectCategories/185.skateboard/185_0079.jpg,184,185.skateboard
data/raw/caltech256/256_ObjectCategories/185.skateboard/185_0071.jpg,184,185.skateboard
data/raw/caltech256/256_ObjectCategories/185.skateboard/185_0077.jpg,184,185.skateboard
data/raw/caltech256/256_ObjectCategories/185.skateboard/185_0069.jpg,184,185.skateboard
data/raw/caltech256/256_ObjectCategories/185.skateboard/185_0031.jpg,184,185.skateboard
data/raw/caltech256/256_ObjectCategories/186.skunk/186_0017.jpg,185,186.skunk
data/raw/caltech256/256_ObjectCategories/186.skunk/186_0052.jpg,185,186.skunk
data/raw/caltech256/256_ObjectCategories/186.skunk/186_0050.jpg,185,186.skunk
data/raw/caltech256/256_ObjectCategories/186.skunk/186_0026.jpg,185,186.skunk
data/raw/caltech256/256_ObjectCategories/186.skunk/186_0067.jpg,185,186.skunk
data/raw/caltech256/256_ObjectCategories/186.skunk/186_0001.jpg,185,186.skunk
data/raw/caltech256/256_ObjectCategories/186.skunk/186_0066.jpg,185,186.skunk
data/raw/caltech256/256_ObjectCategories/186.skunk/186_0024.jpg,185,186.skunk
data/raw/caltech256/256_ObjectCategories/186.skunk/186_0075.jpg,185,186.skunk
data/raw/caltech256/256_ObjectCategories/186.skunk/186_0016.jpg,185,186.skunk
data/raw/caltech256/256_ObjectCategories/186.skunk/186_0033.jpg,185,186.skunk
data/raw/caltech256/256_ObjectCategories/186.skunk/186_0031.jpg,185,186.skunk
data/raw/caltech256/256_ObjectCategories/186.skunk/186_0070.jpg,185,186.skunk
data/raw/caltech256/256_ObjectCategories/186.skunk/186_0051.jpg,185,186.skunk
data/raw/caltech256/256_ObjectCategories/186.skunk/186_0046.jpg,185,186.skunk
data/raw/caltech256/256_ObjectCategories/186.skunk/186_0025.jpg,185,186.skunk
data/raw/caltech256/256_ObjectCategories/186.skunk/186_0080.jpg,185,186.skunk
data/raw/caltech256/256_ObjectCategories/186.skunk/186_0002.jpg,185,186.skunk
data/raw/caltech256/256_ObjectCategories/186.skunk/186_0008.jpg,185,186.skunk
data/raw/caltech256/256_ObjectCategories/186.skunk/186_0007.jpg,185,186.skunk
data/raw/caltech256/256_ObjectCategories/186.skunk/186_0053.jpg,185,186.skunk
data/raw/caltech256/256_ObjectCategories/186.skunk/186_0077.jpg,185,186.skunk
data/raw/caltech256/256_ObjectCategories/186.skunk/186_0009.jpg,185,186.skunk
data/raw/caltech256/256_ObjectCategories/186.skunk/186_0028.jpg,185,186.skunk
data/raw/caltech256/256_ObjectCategories/186.skunk/186_0048.jpg,185,186.skunk
data/raw/caltech256/256_ObjectCategories/186.skunk/186_0020.jpg,185,186.skunk
data/raw/caltech256/256_ObjectCategories/186.skunk/186_0045.jpg,185,186.skunk
data/raw/caltech256/256_ObjectCategories/186.skunk/186_0004.jpg,185,186.skunk
data/raw/caltech256/256_ObjectCategories/186.skunk/186_0079.jpg,185,186.skunk
data/raw/caltech256/256_ObjectCategories/187.skyscraper/187_0013.jpg,186,187.skyscraper
data/raw/caltech256/256_ObjectCategories/187.skyscraper/187_0042.jpg,186,187.skyscraper
data/raw/caltech256/256_ObjectCategories/187.skyscraper/187_0077.jpg,186,187.skyscraper
data/raw/caltech256/256_ObjectCategories/187.skyscraper/187_0070.jpg,186,187.skyscraper
data/raw/caltech256/256_ObjectCategories/187.skyscraper/187_0073.jpg,186,187.skyscraper
data/raw/caltech256/256_ObjectCategories/187.skyscraper/187_0006.jpg,186,187.skyscraper
data/raw/caltech256/256_ObjectCategories/187.skyscraper/187_0068.jpg,186,187.skyscraper
data/raw/caltech256/256_ObjectCategories/187.skyscraper/187_0010.jpg,186,187.skyscraper
data/raw/caltech256/256_ObjectCategories/187.skyscraper/187_0088.jpg,186,187.skyscraper
data/raw/caltech256/256_ObjectCategories/187.skyscraper/187_0064.jpg,186,187.skyscraper
data/raw/caltech256/256_ObjectCategories/187.skyscraper/187_0036.jpg,186,187.skyscraper
data/raw/caltech256/256_ObjectCategories/187.skyscraper/187_0058.jpg,186,187.skyscraper
data/raw/caltech256/256_ObjectCategories/187.skyscraper/187_0023.jpg,186,187.skyscraper
data/raw/caltech256/256_ObjectCategories/187.skyscraper/187_0078.jpg,186,187.skyscraper
data/raw/caltech256/256_ObjectCategories/187.skyscraper/187_0046.jpg,186,187.skyscraper
data/raw/caltech256/256_ObjectCategories/187.skyscraper/187_0090.jpg,186,187.skyscraper
data/raw/caltech256/256_ObjectCategories/187.skyscraper/187_0035.jpg,186,187.skyscraper
data/raw/caltech256/256_ObjectCategories/187.skyscraper/187_0066.jpg,186,187.skyscraper
data/raw/caltech256/256_ObjectCategories/187.skyscraper/187_0012.jpg,186,187.skyscraper
data/raw/caltech256/256_ObjectCategories/187.skyscraper/187_0031.jpg,186,187.skyscraper
data/raw/caltech256/256_ObjectCategories/187.skyscraper/187_0021.jpg,186,187.skyscraper
data/raw/caltech256/256_ObjectCategories/187.skyscraper/187_0027.jpg,186,187.skyscraper
data/raw/caltech256/256_ObjectCategories/187.skyscraper/187_0017.jpg,186,187.skyscraper
data/raw/caltech256/256_ObjectCategories/187.skyscraper/187_0003.jpg,186,187.skyscraper
data/raw/caltech256/256_ObjectCategories/187.skyscraper/187_0081.jpg,186,187.skyscraper
data/raw/caltech256/256_ObjectCategories/187.skyscraper/187_0002.jpg,186,187.skyscraper
data/raw/caltech256/256_ObjectCategories/187.skyscraper/187_0071.jpg,186,187.skyscraper
data/raw/caltech256/256_ObjectCategories/187.skyscraper/187_0038.jpg,186,187.skyscraper
data/raw/caltech256/256_ObjectCategories/187.skyscraper/187_0015.jpg,186,187.skyscraper
data/raw/caltech256/256_ObjectCategories/187.skyscraper/187_0067.jpg,186,187.skyscraper
data/raw/caltech256/256_ObjectCategories/187.skyscraper/187_0024.jpg,186,187.skyscraper
data/raw/caltech256/256_ObjectCategories/187.skyscraper/187_0057.jpg,186,187.skyscraper
data/raw/caltech256/256_ObjectCategories/187.skyscraper/187_0039.jpg,186,187.skyscraper
data/raw/caltech256/256_ObjectCategories/188.smokestack/188_0034.jpg,187,188.smokestack
data/raw/caltech256/256_ObjectCategories/188.smokestack/188_0020.jpg,187,188.smokestack
data/raw/caltech256/256_ObjectCategories/188.smokestack/188_0048.jpg,187,188.smokestack
data/raw/caltech256/256_ObjectCategories/188.smokestack/188_0016.jpg,187,188.smokestack
data/raw/caltech256/256_ObjectCategories/188.smokestack/188_0087.jpg,187,188.smokestack
data/raw/caltech256/256_ObjectCategories/188.smokestack/188_0051.jpg,187,188.smokestack
data/raw/caltech256/256_ObjectCategories/188.smokestack/188_0021.jpg,187,188.smokestack
data/raw/caltech256/256_ObjectCategories/188.smokestack/188_0071.jpg,187,188.smokestack
data/raw/caltech256/256_ObjectCategories/188.smokestack/188_0002.jpg,187,188.smokestack
data/raw/caltech256/256_ObjectCategories/188.smokestack/188_0008.jpg,187,188.smokestack
data/raw/caltech256/256_ObjectCategories/188.smokestack/188_0038.jpg,187,188.smokestack
data/raw/caltech256/256_ObjectCategories/188.smokestack/188_0086.jpg,187,188.smokestack
data/raw/caltech256/256_ObjectCategories/188.smokestack/188_0066.jpg,187,188.smokestack
data/raw/caltech256/256_ObjectCategories/188.smokestack/188_0019.jpg,187,188.smokestack
data/raw/caltech256/256_ObjectCategories/188.smokestack/188_0060.jpg,187,188.smokestack
data/raw/caltech256/256_ObjectCategories/188.smokestack/188_0081.jpg,187,188.smokestack
data/raw/caltech256/256_ObjectCategories/188.smokestack/188_0041.jpg,187,188.smokestack
data/raw/caltech256/256_ObjectCategories/188.smokestack/188_0025.jpg,187,188.smokestack
data/raw/caltech256/256_ObjectCategories/188.smokestack/188_0061.jpg,187,188.smokestack
data/raw/caltech256/256_ObjectCategories/188.smokestack/188_0040.jpg,187,188.smokestack
data/raw/caltech256/256_ObjectCategories/188.smokestack/188_0035.jpg,187,188.smokestack
data/raw/caltech256/256_ObjectCategories/188.smokestack/188_0026.jpg,187,188.smokestack
data/raw/caltech256/256_ObjectCategories/188.smokestack/188_0069.jpg,187,188.smokestack
data/raw/caltech256/256_ObjectCategories/188.smokestack/188_0023.jpg,187,188.smokestack
data/raw/caltech256/256_ObjectCategories/188.smokestack/188_0032.jpg,187,188.smokestack
data/raw/caltech256/256_ObjectCategories/188.smokestack/188_0029.jpg,187,188.smokestack
data/raw/caltech256/256_ObjectCategories/188.smokestack/188_0076.jpg,187,188.smokestack
data/raw/caltech256/256_ObjectCategories/188.smokestack/188_0058.jpg,187,188.smokestack
data/raw/caltech256/256_ObjectCategories/188.smokestack/188_0055.jpg,187,188.smokestack
data/raw/caltech256/256_ObjectCategories/188.smokestack/188_0068.jpg,187,188.smokestack
data/raw/caltech256/256_ObjectCategories/188.smokestack/188_0017.jpg,187,188.smokestack
data/raw/caltech256/256_ObjectCategories/189.snail/189_0009.jpg,188,189.snail
data/raw/caltech256/256_ObjectCategories/189.snail/189_0086.jpg,188,189.snail
data/raw/caltech256/256_ObjectCategories/189.snail/189_0075.jpg,188,189.snail
data/raw/caltech256/256_ObjectCategories/189.snail/189_0054.jpg,188,189.snail
data/raw/caltech256/256_ObjectCategories/189.snail/189_0022.jpg,188,189.snail
data/raw/caltech256/256_ObjectCategories/189.snail/189_0034.jpg,188,189.snail
data/raw/caltech256/256_ObjectCategories/189.snail/189_0093.jpg,188,189.snail
data/raw/caltech256/256_ObjectCategories/189.snail/189_0099.jpg,188,189.snail
data/raw/caltech256/256_ObjectCategories/189.snail/189_0074.jpg,188,189.snail
data/raw/caltech256/256_ObjectCategories/189.snail/189_0100.jpg,188,189.snail
data/raw/caltech256/256_ObjectCategories/189.snail/189_0055.jpg,188,189.snail
data/raw/caltech256/256_ObjectCategories/189.snail/189_0068.jpg,188,189.snail
data/raw/caltech256/256_ObjectCategories/189.snail/189_0029.jpg,188,189.snail
data/raw/caltech256/256_ObjectCategories/189.snail/189_0106.jpg,188,189.snail
data/raw/caltech256/256_ObjectCategories/189.snail/189_0046.jpg,188,189.snail
data/raw/caltech256/256_ObjectCategories/189.snail/189_0088.jpg,188,189.snail
data/raw/caltech256/256_ObjectCategories/189.snail/189_0008.jpg,188,189.snail
data/raw/caltech256/256_ObjectCategories/189.snail/189_0057.jpg,188,189.snail
data/raw/caltech256/256_ObjectCategories/189.snail/189_0080.jpg,188,189.snail
data/raw/caltech256/256_ObjectCategories/189.snail/189_0050.jpg,188,189.snail
data/raw/caltech256/256_ObjectCategories/189.snail/189_0049.jpg,188,189.snail
data/raw/caltech256/256_ObjectCategories/189.snail/189_0035.jpg,188,189.snail
data/raw/caltech256/256_ObjectCategories/189.snail/189_0103.jpg,188,189.snail
data/raw/caltech256/256_ObjectCategories/189.snail/189_0036.jpg,188,189.snail
data/raw/caltech256/256_ObjectCategories/189.snail/189_0101.jpg,188,189.snail
data/raw/caltech256/256_ObjectCategories/189.snail/189_0072.jpg,188,189.snail
data/raw/caltech256/256_ObjectCategories/189.snail/189_0081.jpg,188,189.snail
data/raw/caltech256/256_ObjectCategories/189.snail/189_0025.jpg,188,189.snail
data/raw/caltech256/256_ObjectCategories/189.snail/189_0105.jpg,188,189.snail
data/raw/caltech256/256_ObjectCategories/189.snail/189_0023.jpg,188,189.snail
data/raw/caltech256/256_ObjectCategories/189.snail/189_0014.jpg,188,189.snail
data/raw/caltech256/256_ObjectCategories/189.snail/189_0107.jpg,188,189.snail
data/raw/caltech256/256_ObjectCategories/189.snail/189_0077.jpg,188,189.snail
data/raw/caltech256/256_ObjectCategories/189.snail/189_0051.jpg,188,189.snail
data/raw/caltech256/256_ObjectCategories/189.snail/189_0011.jpg,188,189.snail
data/raw/caltech256/256_ObjectCategories/189.snail/189_0108.jpg,188,189.snail
data/raw/caltech256/256_ObjectCategories/189.snail/189_0041.jpg,188,189.snail
data/raw/caltech256/256_ObjectCategories/189.snail/189_0015.jpg,188,189.snail
data/raw/caltech256/256_ObjectCategories/189.snail/189_0044.jpg,188,189.snail
data/raw/caltech256/256_ObjectCategories/189.snail/189_0010.jpg,188,189.snail
data/raw/caltech256/256_ObjectCategories/189.snail/189_0018.jpg,188,189.snail
data/raw/caltech256/256_ObjectCategories/189.snail/189_0061.jpg,188,189.snail
data/raw/caltech256/256_ObjectCategories/190.snake/190_0066.jpg,189,190.snake
data/raw/caltech256/256_ObjectCategories/190.snake/190_0063.jpg,189,190.snake
data/raw/caltech256/256_ObjectCategories/190.snake/190_0102.jpg,189,190.snake
data/raw/caltech256/256_ObjectCategories/190.snake/190_0046.jpg,189,190.snake
data/raw/caltech256/256_ObjectCategories/190.snake/190_0096.jpg,189,190.snake
data/raw/caltech256/256_ObjectCategories/190.snake/190_0075.jpg,189,190.snake
data/raw/caltech256/256_ObjectCategories/190.snake/190_0007.jpg,189,190.snake
data/raw/caltech256/256_ObjectCategories/190.snake/190_0051.jpg,189,190.snake
data/raw/caltech256/256_ObjectCategories/190.snake/190_0059.jpg,189,190.snake
data/raw/caltech256/256_ObjectCategories/190.snake/190_0110.jpg,189,190.snake
data/raw/caltech256/256_ObjectCategories/190.snake/190_0014.jpg,189,190.snake
data/raw/caltech256/256_ObjectCategories/190.snake/190_0082.jpg,189,190.snake
data/raw/caltech256/256_ObjectCategories/190.snake/190_0006.jpg,189,190.snake
data/raw/caltech256/256_ObjectCategories/190.snake/190_0068.jpg,189,190.snake
data/raw/caltech256/256_ObjectCategories/190.snake/190_0083.jpg,189,190.snake
data/raw/caltech256/256_ObjectCategories/190.snake/190_0058.jpg,189,190.snake
data/raw/caltech256/256_ObjectCategories/190.snake/190_0091.jpg,189,190.snake
data/raw/caltech256/256_ObjectCategories/190.snake/190_0038.jpg,189,190.snake
data/raw/caltech256/256_ObjectCategories/190.snake/190_0093.jpg,189,190.snake
data/raw/caltech256/256_ObjectCategories/190.snake/190_0002.jpg,189,190.snake
data/raw/caltech256/256_ObjectCategories/190.snake/190_0028.jpg,189,190.snake
data/raw/caltech256/256_ObjectCategories/190.snake/190_0010.jpg,189,190.snake
data/raw/caltech256/256_ObjectCategories/190.snake/190_0034.jpg,189,190.snake
data/raw/caltech256/256_ObjectCategories/190.snake/190_0012.jpg,189,190.snake
data/raw/caltech256/256_ObjectCategories/190.snake/190_0047.jpg,189,190.snake
data/raw/caltech256/256_ObjectCategories/190.snake/190_0013.jpg,189,190.snake
data/raw/caltech256/256_ObjectCategories/190.snake/190_0074.jpg,189,190.snake
data/raw/caltech256/256_ObjectCategories/190.snake/190_0089.jpg,189,190.snake
data/raw/caltech256/256_ObjectCategories/190.snake/190_0055.jpg,189,190.snake
data/raw/caltech256/256_ObjectCategories/190.snake/190_0087.jpg,189,190.snake
data/raw/caltech256/256_ObjectCategories/190.snake/190_0088.jpg,189,190.snake
data/raw/caltech256/256_ObjectCategories/190.snake/190_0043.jpg,189,190.snake
data/raw/caltech256/256_ObjectCategories/190.snake/190_0044.jpg,189,190.snake
data/raw/caltech256/256_ObjectCategories/190.snake/190_0020.jpg,189,190.snake
data/raw/caltech256/256_ObjectCategories/190.snake/190_0052.jpg,189,190.snake
data/raw/caltech256/256_ObjectCategories/190.snake/190_0015.jpg,189,190.snake
data/raw/caltech256/256_ObjectCategories/190.snake/190_0031.jpg,189,190.snake
data/raw/caltech256/256_ObjectCategories/190.snake/190_0011.jpg,189,190.snake
data/raw/caltech256/256_ObjectCategories/190.snake/190_0027.jpg,189,190.snake
data/raw/caltech256/256_ObjectCategories/190.snake/190_0070.jpg,189,190.snake
data/raw/caltech256/256_ObjectCategories/191.sneaker/191_0090.jpg,190,191.sneaker
data/raw/caltech256/256_ObjectCategories/191.sneaker/191_0079.jpg,190,191.sneaker
data/raw/caltech256/256_ObjectCategories/191.sneaker/191_0084.jpg,190,191.sneaker
data/raw/caltech256/256_ObjectCategories/191.sneaker/191_0106.jpg,190,191.sneaker
data/raw/caltech256/256_ObjectCategories/191.sneaker/191_0036.jpg,190,191.sneaker
data/raw/caltech256/256_ObjectCategories/191.sneaker/191_0026.jpg,190,191.sneaker
data/raw/caltech256/256_ObjectCategories/191.sneaker/191_0102.jpg,190,191.sneaker
data/raw/caltech256/256_ObjectCategories/191.sneaker/191_0065.jpg,190,191.sneaker
data/raw/caltech256/256_ObjectCategories/191.sneaker/191_0087.jpg,190,191.sneaker
data/raw/caltech256/256_ObjectCategories/191.sneaker/191_0048.jpg,190,191.sneaker
data/raw/caltech256/256_ObjectCategories/191.sneaker/191_0002.jpg,190,191.sneaker
data/raw/caltech256/256_ObjectCategories/191.sneaker/191_0017.jpg,190,191.sneaker
data/raw/caltech256/256_ObjectCategories/191.sneaker/191_0040.jpg,190,191.sneaker
data/raw/caltech256/256_ObjectCategories/191.sneaker/191_0035.jpg,190,191.sneaker
data/raw/caltech256/256_ObjectCategories/191.sneaker/191_0003.jpg,190,191.sneaker
data/raw/caltech256/256_ObjectCategories/191.sneaker/191_0064.jpg,190,191.sneaker
data/raw/caltech256/256_ObjectCategories/191.sneaker/191_0010.jpg,190,191.sneaker
data/raw/caltech256/256_ObjectCategories/191.sneaker/191_0029.jpg,190,191.sneaker
data/raw/caltech256/256_ObjectCategories/191.sneaker/191_0071.jpg,190,191.sneaker
data/raw/caltech256/256_ObjectCategories/191.sneaker/191_0005.jpg,190,191.sneaker
data/raw/caltech256/256_ObjectCategories/191.sneaker/191_0098.jpg,190,191.sneaker
data/raw/caltech256/256_ObjectCategories/191.sneaker/191_0031.jpg,190,191.sneaker
data/raw/caltech256/256_ObjectCategories/191.sneaker/191_0057.jpg,190,191.sneaker
data/raw/caltech256/256_ObjectCategories/191.sneaker/191_0056.jpg,190,191.sneaker
data/raw/caltech256/256_ObjectCategories/191.sneaker/191_0109.jpg,190,191.sneaker
data/raw/caltech256/256_ObjectCategories/191.sneaker/191_0016.jpg,190,191.sneaker
data/raw/caltech256/256_ObjectCategories/191.sneaker/191_0061.jpg,190,191.sneaker
data/raw/caltech256/256_ObjectCategories/191.sneaker/191_0022.jpg,190,191.sneaker
data/raw/caltech256/256_ObjectCategories/191.sneaker/191_0023.jpg,190,191.sneaker
data/raw/caltech256/256_ObjectCategories/191.sneaker/191_0072.jpg,190,191.sneaker
data/raw/caltech256/256_ObjectCategories/191.sneaker/191_0110.jpg,190,191.sneaker
data/raw/caltech256/256_ObjectCategories/191.sneaker/191_0007.jpg,190,191.sneaker
data/raw/caltech256/256_ObjectCategories/191.sneaker/191_0043.jpg,190,191.sneaker
data/raw/caltech256/256_ObjectCategories/191.sneaker/191_0055.jpg,190,191.sneaker
data/raw/caltech256/256_ObjectCategories/191.sneaker/191_0044.jpg,190,191.sneaker
data/raw/caltech256/256_ObjectCategories/191.sneaker/191_0021.jpg,190,191.sneaker
data/raw/caltech256/256_ObjectCategories/191.sneaker/191_0001.jpg,190,191.sneaker
data/raw/caltech256/256_ObjectCategories/191.sneaker/191_0069.jpg,190,191.sneaker
data/raw/caltech256/256_ObjectCategories/191.sneaker/191_0020.jpg,190,191.sneaker
data/raw/caltech256/256_ObjectCategories/192.snowmobile/192_0083.jpg,191,192.snowmobile
data/raw/caltech256/256_ObjectCategories/192.snowmobile/192_0031.jpg,191,192.snowmobile
data/raw/caltech256/256_ObjectCategories/192.snowmobile/192_0104.jpg,191,192.snowmobile
data/raw/caltech256/256_ObjectCategories/192.snowmobile/192_0101.jpg,191,192.snowmobile
data/raw/caltech256/256_ObjectCategories/192.snowmobile/192_0111.jpg,191,192.snowmobile
data/raw/caltech256/256_ObjectCategories/192.snowmobile/192_0041.jpg,191,192.snowmobile
data/raw/caltech256/256_ObjectCategories/192.snowmobile/192_0105.jpg,191,192.snowmobile
data/raw/caltech256/256_ObjectCategories/192.snowmobile/192_0052.jpg,191,192.snowmobile
data/raw/caltech256/256_ObjectCategories/192.snowmobile/192_0058.jpg,191,192.snowmobile
data/raw/caltech256/256_ObjectCategories/192.snowmobile/192_0071.jpg,191,192.snowmobile
data/raw/caltech256/256_ObjectCategories/192.snowmobile/192_0060.jpg,191,192.snowmobile
data/raw/caltech256/256_ObjectCategories/192.snowmobile/192_0010.jpg,191,192.snowmobile
data/raw/caltech256/256_ObjectCategories/192.snowmobile/192_0097.jpg,191,192.snowmobile
data/raw/caltech256/256_ObjectCategories/192.snowmobile/192_0017.jpg,191,192.snowmobile
data/raw/caltech256/256_ObjectCategories/192.snowmobile/192_0024.jpg,191,192.snowmobile
data/raw/caltech256/256_ObjectCategories/192.snowmobile/192_0057.jpg,191,192.snowmobile
data/raw/caltech256/256_ObjectCategories/192.snowmobile/192_0007.jpg,191,192.snowmobile
data/raw/caltech256/256_ObjectCategories/192.snowmobile/192_0001.jpg,191,192.snowmobile
data/raw/caltech256/256_ObjectCategories/192.snowmobile/192_0077.jpg,191,192.snowmobile
data/raw/caltech256/256_ObjectCategories/192.snowmobile/192_0068.jpg,191,192.snowmobile
data/raw/caltech256/256_ObjectCategories/192.snowmobile/192_0044.jpg,191,192.snowmobile
data/raw/caltech256/256_ObjectCategories/192.snowmobile/192_0020.jpg,191,192.snowmobile
data/raw/caltech256/256_ObjectCategories/192.snowmobile/192_0047.jpg,191,192.snowmobile
data/raw/caltech256/256_ObjectCategories/192.snowmobile/192_0072.jpg,191,192.snowmobile
data/raw/caltech256/256_ObjectCategories/192.snowmobile/192_0054.jpg,191,192.snowmobile
data/raw/caltech256/256_ObjectCategories/192.snowmobile/192_0037.jpg,191,192.snowmobile
data/raw/caltech256/256_ObjectCategories/192.snowmobile/192_0011.jpg,191,192.snowmobile
data/raw/caltech256/256_ObjectCategories/192.snowmobile/192_0099.jpg,191,192.snowmobile
data/raw/caltech256/256_ObjectCategories/192.snowmobile/192_0039.jpg,191,192.snowmobile
data/raw/caltech256/256_ObjectCategories/192.snowmobile/192_0100.jpg,191,192.snowmobile
data/raw/caltech256/256_ObjectCategories/192.snowmobile/192_0043.jpg,191,192.snowmobile
data/raw/caltech256/256_ObjectCategories/192.snowmobile/192_0004.jpg,191,192.snowmobile
data/raw/caltech256/256_ObjectCategories/192.snowmobile/192_0016.jpg,191,192.snowmobile
data/raw/caltech256/256_ObjectCategories/192.snowmobile/192_0102.jpg,191,192.snowmobile
data/raw/caltech256/256_ObjectCategories/192.snowmobile/192_0045.jpg,191,192.snowmobile
data/raw/caltech256/256_ObjectCategories/192.snowmobile/192_0093.jpg,191,192.snowmobile
data/raw/caltech256/256_ObjectCategories/192.snowmobile/192_0026.jpg,191,192.snowmobile
data/raw/caltech256/256_ObjectCategories/192.snowmobile/192_0050.jpg,191,192.snowmobile
data/raw/caltech256/256_ObjectCategories/192.snowmobile/192_0067.jpg,191,192.snowmobile
data/raw/caltech256/256_ObjectCategories/192.snowmobile/192_0063.jpg,191,192.snowmobile
data/raw/caltech256/256_ObjectCategories/193.soccer-ball/193_0129.jpg,192,193.soccer-ball
data/raw/caltech256/256_ObjectCategories/193.soccer-ball/193_0058.jpg,192,193.soccer-ball
data/raw/caltech256/256_ObjectCategories/193.soccer-ball/193_0093.jpg,192,193.soccer-ball
data/raw/caltech256/256_ObjectCategories/193.soccer-ball/193_0060.jpg,192,193.soccer-ball
data/raw/caltech256/256_ObjectCategories/193.soccer-ball/193_0153.jpg,192,193.soccer-ball
data/raw/caltech256/256_ObjectCategories/193.soccer-ball/193_0034.jpg,192,193.soccer-ball
data/raw/caltech256/256_ObjectCategories/193.soccer-ball/193_0049.jpg,192,193.soccer-ball
data/raw/caltech256/256_ObjectCategories/193.soccer-ball/193_0101.jpg,192,193.soccer-ball
data/raw/caltech256/256_ObjectCategories/193.soccer-ball/193_0124.jpg,192,193.soccer-ball
data/raw/caltech256/256_ObjectCategories/193.soccer-ball/193_0105.jpg,192,193.soccer-ball
data/raw/caltech256/256_ObjectCategories/193.soccer-ball/193_0171.jpg,192,193.soccer-ball
data/raw/caltech256/256_ObjectCategories/193.soccer-ball/193_0145.jpg,192,193.soccer-ball
data/raw/caltech256/256_ObjectCategories/193.soccer-ball/193_0028.jpg,192,193.soccer-ball
data/raw/caltech256/256_ObjectCategories/193.soccer-ball/193_0084.jpg,192,193.soccer-ball
data/raw/caltech256/256_ObjectCategories/193.soccer-ball/193_0089.jpg,192,193.soccer-ball
data/raw/caltech256/256_ObjectCategories/193.soccer-ball/193_0086.jpg,192,193.soccer-ball
data/raw/caltech256/256_ObjectCategories/193.soccer-ball/193_0062.jpg,192,193.soccer-ball
data/raw/caltech256/256_ObjectCategories/193.soccer-ball/193_0130.jpg,192,193.soccer-ball
data/raw/caltech256/256_ObjectCategories/193.soccer-ball/193_0001.jpg,192,193.soccer-ball
data/raw/caltech256/256_ObjectCategories/193.soccer-ball/193_0098.jpg,192,193.soccer-ball
data/raw/caltech256/256_ObjectCategories/193.soccer-ball/193_0125.jpg,192,193.soccer-ball
data/raw/caltech256/256_ObjectCategories/193.soccer-ball/193_0133.jpg,192,193.soccer-ball
data/raw/caltech256/256_ObjectCategories/193.soccer-ball/193_0066.jpg,192,193.soccer-ball
data/raw/caltech256/256_ObjectCategories/193.soccer-ball/193_0149.jpg,192,193.soccer-ball
data/raw/caltech256/256_ObjectCategories/193.soccer-ball/193_0121.jpg,192,193.soccer-ball
data/raw/caltech256/256_ObjectCategories/193.soccer-ball/193_0007.jpg,192,193.soccer-ball
data/raw/caltech256/256_ObjectCategories/193.soccer-ball/193_0076.jpg,192,193.soccer-ball
data/raw/caltech256/256_ObjectCategories/193.soccer-ball/193_0148.jpg,192,193.soccer-ball
data/raw/caltech256/256_ObjectCategories/193.soccer-ball/193_0083.jpg,192,193.soccer-ball
data/raw/caltech256/256_ObjectCategories/193.soccer-ball/193_0103.jpg,192,193.soccer-ball
data/raw/caltech256/256_ObjectCategories/193.soccer-ball/193_0063.jpg,192,193.soccer-ball
data/raw/caltech256/256_ObjectCategories/193.soccer-ball/193_0002.jpg,192,193.soccer-ball
data/raw/caltech256/256_ObjectCategories/193.soccer-ball/193_0128.jpg,192,193.soccer-ball
data/raw/caltech256/256_ObjectCategories/193.soccer-ball/193_0117.jpg,192,193.soccer-ball
data/raw/caltech256/256_ObjectCategories/193.soccer-ball/193_0132.jpg,192,193.soccer-ball
data/raw/caltech256/256_ObjectCategories/193.soccer-ball/193_0088.jpg,192,193.soccer-ball
data/raw/caltech256/256_ObjectCategories/193.soccer-ball/193_0020.jpg,192,193.soccer-ball
data/raw/caltech256/256_ObjectCategories/193.soccer-ball/193_0024.jpg,192,193.soccer-ball
data/raw/caltech256/256_ObjectCategories/193.soccer-ball/193_0052.jpg,192,193.soccer-ball
data/raw/caltech256/256_ObjectCategories/193.soccer-ball/193_0138.jpg,192,193.soccer-ball
data/raw/caltech256/256_ObjectCategories/193.soccer-ball/193_0162.jpg,192,193.soccer-ball
data/raw/caltech256/256_ObjectCategories/193.soccer-ball/193_0159.jpg,192,193.soccer-ball
data/raw/caltech256/256_ObjectCategories/193.soccer-ball/193_0033.jpg,192,193.soccer-ball
data/raw/caltech256/256_ObjectCategories/193.soccer-ball/193_0073.jpg,192,193.soccer-ball
data/raw/caltech256/256_ObjectCategories/193.soccer-ball/193_0087.jpg,192,193.soccer-ball
data/raw/caltech256/256_ObjectCategories/193.soccer-ball/193_0011.jpg,192,193.soccer-ball
data/raw/caltech256/256_ObjectCategories/193.soccer-ball/193_0009.jpg,192,193.soccer-ball
data/raw/caltech256/256_ObjectCategories/193.soccer-ball/193_0029.jpg,192,193.soccer-ball
data/raw/caltech256/256_ObjectCategories/193.soccer-ball/193_0056.jpg,192,193.soccer-ball
data/raw/caltech256/256_ObjectCategories/193.soccer-ball/193_0026.jpg,192,193.soccer-ball
data/raw/caltech256/256_ObjectCategories/193.soccer-ball/193_0042.jpg,192,193.soccer-ball
data/raw/caltech256/256_ObjectCategories/193.soccer-ball/193_0119.jpg,192,193.soccer-ball
data/raw/caltech256/256_ObjectCategories/193.soccer-ball/193_0173.jpg,192,193.soccer-ball
data/raw/caltech256/256_ObjectCategories/193.soccer-ball/193_0100.jpg,192,193.soccer-ball
data/raw/caltech256/256_ObjectCategories/193.soccer-ball/193_0010.jpg,192,193.soccer-ball
data/raw/caltech256/256_ObjectCategories/193.soccer-ball/193_0108.jpg,192,193.soccer-ball
data/raw/caltech256/256_ObjectCategories/193.soccer-ball/193_0097.jpg,192,193.soccer-ball
data/raw/caltech256/256_ObjectCategories/193.soccer-ball/193_0122.jpg,192,193.soccer-ball
data/raw/caltech256/256_ObjectCategories/193.soccer-ball/193_0051.jpg,192,193.soccer-ball
data/raw/caltech256/256_ObjectCategories/193.soccer-ball/193_0096.jpg,192,193.soccer-ball
data/raw/caltech256/256_ObjectCategories/193.soccer-ball/193_0036.jpg,192,193.soccer-ball
data/raw/caltech256/256_ObjectCategories/194.socks/194_0106.jpg,193,194.socks
data/raw/caltech256/256_ObjectCategories/194.socks/194_0006.jpg,193,194.socks
data/raw/caltech256/256_ObjectCategories/194.socks/194_0088.jpg,193,194.socks
data/raw/caltech256/256_ObjectCategories/194.socks/194_0040.jpg,193,194.socks
data/raw/caltech256/256_ObjectCategories/194.socks/194_0051.jpg,193,194.socks
data/raw/caltech256/256_ObjectCategories/194.socks/194_0023.jpg,193,194.socks
data/raw/caltech256/256_ObjectCategories/194.socks/194_0035.jpg,193,194.socks
data/raw/caltech256/256_ObjectCategories/194.socks/194_0057.jpg,193,194.socks
data/raw/caltech256/256_ObjectCategories/194.socks/194_0101.jpg,193,194.socks
data/raw/caltech256/256_ObjectCategories/194.socks/194_0052.jpg,193,194.socks
data/raw/caltech256/256_ObjectCategories/194.socks/194_0011.jpg,193,194.socks
data/raw/caltech256/256_ObjectCategories/194.socks/194_0091.jpg,193,194.socks
data/raw/caltech256/256_ObjectCategories/194.socks/194_0033.jpg,193,194.socks
data/raw/caltech256/256_ObjectCategories/194.socks/194_0020.jpg,193,194.socks
data/raw/caltech256/256_ObjectCategories/194.socks/194_0084.jpg,193,194.socks
data/raw/caltech256/256_ObjectCategories/194.socks/194_0093.jpg,193,194.socks
data/raw/caltech256/256_ObjectCategories/194.socks/194_0015.jpg,193,194.socks
data/raw/caltech256/256_ObjectCategories/194.socks/194_0053.jpg,193,194.socks
data/raw/caltech256/256_ObjectCategories/194.socks/194_0014.jpg,193,194.socks
data/raw/caltech256/256_ObjectCategories/194.socks/194_0003.jpg,193,194.socks
data/raw/caltech256/256_ObjectCategories/194.socks/194_0008.jpg,193,194.socks
data/raw/caltech256/256_ObjectCategories/194.socks/194_0038.jpg,193,194.socks
data/raw/caltech256/256_ObjectCategories/194.socks/194_0087.jpg,193,194.socks
data/raw/caltech256/256_ObjectCategories/194.socks/194_0036.jpg,193,194.socks
data/raw/caltech256/256_ObjectCategories/194.socks/194_0026.jpg,193,194.socks
data/raw/caltech256/256_ObjectCategories/194.socks/194_0029.jpg,193,194.socks
data/raw/caltech256/256_ObjectCategories/194.socks/194_0067.jpg,193,194.socks
data/raw/caltech256/256_ObjectCategories/194.socks/194_0018.jpg,193,194.socks
data/raw/caltech256/256_ObjectCategories/194.socks/194_0081.jpg,193,194.socks
data/raw/caltech256/256_ObjectCategories/194.socks/194_0061.jpg,193,194.socks
data/raw/caltech256/256_ObjectCategories/194.socks/194_0046.jpg,193,194.socks
data/raw/caltech256/256_ObjectCategories/194.socks/194_0017.jpg,193,194.socks
data/raw/caltech256/256_ObjectCategories/194.socks/194_0092.jpg,193,194.socks
data/raw/caltech256/256_ObjectCategories/194.socks/194_0104.jpg,193,194.socks
data/raw/caltech256/256_ObjectCategories/194.socks/194_0041.jpg,193,194.socks
data/raw/caltech256/256_ObjectCategories/194.socks/194_0012.jpg,193,194.socks
data/raw/caltech256/256_ObjectCategories/194.socks/194_0032.jpg,193,194.socks
data/raw/caltech256/256_ObjectCategories/194.socks/194_0059.jpg,193,194.socks
data/raw/caltech256/256_ObjectCategories/194.socks/194_0022.jpg,193,194.socks
data/raw/caltech256/256_ObjectCategories/194.socks/194_0056.jpg,193,194.socks
data/raw/caltech256/256_ObjectCategories/195.soda-can/195_0015.jpg,194,195.soda-can
data/raw/caltech256/256_ObjectCategories/195.soda-can/195_0035.jpg,194,195.soda-can
data/raw/caltech256/256_ObjectCategories/195.soda-can/195_0057.jpg,194,195.soda-can
data/raw/caltech256/256_ObjectCategories/195.soda-can/195_0019.jpg,194,195.soda-can
data/raw/caltech256/256_ObjectCategories/195.soda-can/195_0055.jpg,194,195.soda-can
data/raw/caltech256/256_ObjectCategories/195.soda-can/195_0059.jpg,194,195.soda-can
data/raw/caltech256/256_ObjectCategories/195.soda-can/195_0030.jpg,194,195.soda-can
data/raw/caltech256/256_ObjectCategories/195.soda-can/195_0086.jpg,194,195.soda-can
data/raw/caltech256/256_ObjectCategories/195.soda-can/195_0087.jpg,194,195.soda-can
data/raw/caltech256/256_ObjectCategories/195.soda-can/195_0038.jpg,194,195.soda-can
data/raw/caltech256/256_ObjectCategories/195.soda-can/195_0053.jpg,194,195.soda-can
data/raw/caltech256/256_ObjectCategories/195.soda-can/195_0011.jpg,194,195.soda-can
data/raw/caltech256/256_ObjectCategories/195.soda-can/195_0050.jpg,194,195.soda-can
data/raw/caltech256/256_ObjectCategories/195.soda-can/195_0058.jpg,194,195.soda-can
data/raw/caltech256/256_ObjectCategories/195.soda-can/195_0047.jpg,194,195.soda-can
data/raw/caltech256/256_ObjectCategories/195.soda-can/195_0044.jpg,194,195.soda-can
data/raw/caltech256/256_ObjectCategories/195.soda-can/195_0028.jpg,194,195.soda-can
data/raw/caltech256/256_ObjectCategories/195.soda-can/195_0065.jpg,194,195.soda-can
data/raw/caltech256/256_ObjectCategories/195.soda-can/195_0051.jpg,194,195.soda-can
data/raw/caltech256/256_ObjectCategories/195.soda-can/195_0071.jpg,194,195.soda-can
data/raw/caltech256/256_ObjectCategories/195.soda-can/195_0027.jpg,194,195.soda-can
data/raw/caltech256/256_ObjectCategories/195.soda-can/195_0056.jpg,194,195.soda-can
data/raw/caltech256/256_ObjectCategories/195.soda-can/195_0029.jpg,194,195.soda-can
data/raw/caltech256/256_ObjectCategories/195.soda-can/195_0048.jpg,194,195.soda-can
data/raw/caltech256/256_ObjectCategories/195.soda-can/195_0085.jpg,194,195.soda-can
data/raw/caltech256/256_ObjectCategories/195.soda-can/195_0001.jpg,194,195.soda-can
data/raw/caltech256/256_ObjectCategories/195.soda-can/195_0080.jpg,194,195.soda-can
data/raw/caltech256/256_ObjectCategories/195.soda-can/195_0043.jpg,194,195.soda-can
data/raw/caltech256/256_ObjectCategories/195.soda-can/195_0075.jpg,194,195.soda-can
data/raw/caltech256/256_ObjectCategories/195.soda-can/195_0070.jpg,194,195.soda-can
data/raw/caltech256/256_ObjectCategories/195.soda-can/195_0003.jpg,194,195.soda-can
data/raw/caltech256/256_ObjectCategories/196.spaghetti/196_0042.jpg,195,196.spaghetti
data/raw/caltech256/256_ObjectCategories/196.spaghetti/196_0006.jpg,195,196.spaghetti
data/raw/caltech256/256_ObjectCategories/196.spaghetti/196_0050.jpg,195,196.spaghetti
data/raw/caltech256/256_ObjectCategories/196.spaghetti/196_0095.jpg,195,196.spaghetti
data/raw/caltech256/256_ObjectCategories/196.spaghetti/196_0051.jpg,195,196.spaghetti
data/raw/caltech256/256_ObjectCategories/196.spaghetti/196_0003.jpg,195,196.spaghetti
data/raw/caltech256/256_ObjectCategories/196.spaghetti/196_0083.jpg,195,196.spaghetti
data/raw/caltech256/256_ObjectCategories/196.spaghetti/196_0013.jpg,195,196.spaghetti
data/raw/caltech256/256_ObjectCategories/196.spaghetti/196_0103.jpg,195,196.spaghetti
data/raw/caltech256/256_ObjectCategories/196.spaghetti/196_0011.jpg,195,196.spaghetti
data/raw/caltech256/256_ObjectCategories/196.spaghetti/196_0078.jpg,195,196.spaghetti
data/raw/caltech256/256_ObjectCategories/196.spaghetti/196_0029.jpg,195,196.spaghetti
data/raw/caltech256/256_ObjectCategories/196.spaghetti/196_0010.jpg,195,196.spaghetti
data/raw/caltech256/256_ObjectCategories/196.spaghetti/196_0104.jpg,195,196.spaghetti
data/raw/caltech256/256_ObjectCategories/196.spaghetti/196_0048.jpg,195,196.spaghetti
data/raw/caltech256/256_ObjectCategories/196.spaghetti/196_0033.jpg,195,196.spaghetti
data/raw/caltech256/256_ObjectCategories/196.spaghetti/196_0038.jpg,195,196.spaghetti
data/raw/caltech256/256_ObjectCategories/196.spaghetti/196_0076.jpg,195,196.spaghetti
data/raw/caltech256/256_ObjectCategories/196.spaghetti/196_0057.jpg,195,196.spaghetti
data/raw/caltech256/256_ObjectCategories/196.spaghetti/196_0035.jpg,195,196.spaghetti
data/raw/caltech256/256_ObjectCategories/196.spaghetti/196_0052.jpg,195,196.spaghetti
data/raw/caltech256/256_ObjectCategories/196.spaghetti/196_0098.jpg,195,196.spaghetti
data/raw/caltech256/256_ObjectCategories/196.spaghetti/196_0023.jpg,195,196.spaghetti
data/raw/caltech256/256_ObjectCategories/196.spaghetti/196_0070.jpg,195,196.spaghetti
data/raw/caltech256/256_ObjectCategories/196.spaghetti/196_0054.jpg,195,196.spaghetti
data/raw/caltech256/256_ObjectCategories/196.spaghetti/196_0039.jpg,195,196.spaghetti
data/raw/caltech256/256_ObjectCategories/196.spaghetti/196_0025.jpg,195,196.spaghetti
data/raw/caltech256/256_ObjectCategories/196.spaghetti/196_0100.jpg,195,196.spaghetti
data/raw/caltech256/256_ObjectCategories/196.spaghetti/196_0009.jpg,195,196.spaghetti
data/raw/caltech256/256_ObjectCategories/196.spaghetti/196_0072.jpg,195,196.spaghetti
data/raw/caltech256/256_ObjectCategories/196.spaghetti/196_0049.jpg,195,196.spaghetti
data/raw/caltech256/256_ObjectCategories/196.spaghetti/196_0018.jpg,195,196.spaghetti
data/raw/caltech256/256_ObjectCategories/196.spaghetti/196_0059.jpg,195,196.spaghetti
data/raw/caltech256/256_ObjectCategories/196.spaghetti/196_0044.jpg,195,196.spaghetti
data/raw/caltech256/256_ObjectCategories/196.spaghetti/196_0012.jpg,195,196.spaghetti
data/raw/caltech256/256_ObjectCategories/196.spaghetti/196_0020.jpg,195,196.spaghetti
data/raw/caltech256/256_ObjectCategories/196.spaghetti/196_0097.jpg,195,196.spaghetti
data/raw/caltech256/256_ObjectCategories/197.speed-boat/197_0068.jpg,196,197.speed-boat
data/raw/caltech256/256_ObjectCategories/197.speed-boat/197_0081.jpg,196,197.speed-boat
data/raw/caltech256/256_ObjectCategories/197.speed-boat/197_0042.jpg,196,197.speed-boat
data/raw/caltech256/256_ObjectCategories/197.speed-boat/197_0055.jpg,196,197.speed-boat
data/raw/caltech256/256_ObjectCategories/197.speed-boat/197_0029.jpg,196,197.speed-boat
data/raw/caltech256/256_ObjectCategories/197.speed-boat/197_0030.jpg,196,197.speed-boat
data/raw/caltech256/256_ObjectCategories/197.speed-boat/197_0100.jpg,196,197.speed-boat
data/raw/caltech256/256_ObjectCategories/197.speed-boat/197_0094.jpg,196,197.speed-boat
data/raw/caltech256/256_ObjectCategories/197.speed-boat/197_0010.jpg,196,197.speed-boat
data/raw/caltech256/256_ObjectCategories/197.speed-boat/197_0044.jpg,196,197.speed-boat
data/raw/caltech256/256_ObjectCategories/197.speed-boat/197_0013.jpg,196,197.speed-boat
data/raw/caltech256/256_ObjectCategories/197.speed-boat/197_0059.jpg,196,197.speed-boat
data/raw/caltech256/256_ObjectCategories/197.speed-boat/197_0072.jpg,196,197.speed-boat
data/raw/caltech256/256_ObjectCategories/197.speed-boat/197_0083.jpg,196,197.speed-boat
data/raw/caltech256/256_ObjectCategories/197.speed-boat/197_0022.jpg,196,197.speed-boat
data/raw/caltech256/256_ObjectCategories/197.speed-boat/197_0049.jpg,196,197.speed-boat
data/raw/caltech256/256_ObjectCategories/197.speed-boat/197_0001.jpg,196,197.speed-boat
data/raw/caltech256/256_ObjectCategories/197.speed-boat/197_0038.jpg,196,197.speed-boat
data/raw/caltech256/256_ObjectCategories/197.speed-boat/197_0050.jpg,196,197.speed-boat
data/raw/caltech256/256_ObjectCategories/197.speed-boat/197_0014.jpg,196,197.speed-boat
data/raw/caltech256/256_ObjectCategories/197.speed-boat/197_0097.jpg,196,197.speed-boat
data/raw/caltech256/256_ObjectCategories/197.speed-boat/197_0069.jpg,196,197.speed-boat
data/raw/caltech256/256_ObjectCategories/197.speed-boat/197_0058.jpg,196,197.speed-boat
data/raw/caltech256/256_ObjectCategories/197.speed-boat/197_0048.jpg,196,197.speed-boat
data/raw/caltech256/256_ObjectCategories/197.speed-boat/197_0006.jpg,196,197.speed-boat
data/raw/caltech256/256_ObjectCategories/197.speed-boat/197_0056.jpg,196,197.speed-boat
data/raw/caltech256/256_ObjectCategories/197.speed-boat/197_0034.jpg,196,197.speed-boat
data/raw/caltech256/256_ObjectCategories/197.speed-boat/197_0023.jpg,196,197.speed-boat
data/raw/caltech256/256_ObjectCategories/197.speed-boat/197_0065.jpg,196,197.speed-boat
data/raw/caltech256/256_ObjectCategories/197.speed-boat/197_0076.jpg,196,197.speed-boat
data/raw/caltech256/256_ObjectCategories/197.speed-boat/197_0051.jpg,196,197.speed-boat
data/raw/caltech256/256_ObjectCategories/197.speed-boat/197_0016.jpg,196,197.speed-boat
data/raw/caltech256/256_ObjectCategories/197.speed-boat/197_0077.jpg,196,197.speed-boat
data/raw/caltech256/256_ObjectCategories/197.speed-boat/197_0079.jpg,196,197.speed-boat
data/raw/caltech256/256_ObjectCategories/197.speed-boat/197_0008.jpg,196,197.speed-boat
data/raw/caltech256/256_ObjectCategories/198.spider/198_0022.jpg,197,198.spider
data/raw/caltech256/256_ObjectCategories/198.spider/198_0037.jpg,197,198.spider
data/raw/caltech256/256_ObjectCategories/198.spider/198_0106.jpg,197,198.spider
data/raw/caltech256/256_ObjectCategories/198.spider/198_0098.jpg,197,198.spider
data/raw/caltech256/256_ObjectCategories/198.spider/198_0085.jpg,197,198.spider
data/raw/caltech256/256_ObjectCategories/198.spider/198_0018.jpg,197,198.spider
data/raw/caltech256/256_ObjectCategories/198.spider/198_0020.jpg,197,198.spider
data/raw/caltech256/256_ObjectCategories/198.spider/198_0059.jpg,197,198.spider
data/raw/caltech256/256_ObjectCategories/198.spider/198_0108.jpg,197,198.spider
data/raw/caltech256/256_ObjectCategories/198.spider/198_0044.jpg,197,198.spider
data/raw/caltech256/256_ObjectCategories/198.spider/198_0016.jpg,197,198.spider
data/raw/caltech256/256_ObjectCategories/198.spider/198_0061.jpg,197,198.spider
data/raw/caltech256/256_ObjectCategories/198.spider/198_0070.jpg,197,198.spider
data/raw/caltech256/256_ObjectCategories/198.spider/198_0102.jpg,197,198.spider
data/raw/caltech256/256_ObjectCategories/198.spider/198_0072.jpg,197,198.spider
data/raw/caltech256/256_ObjectCategories/198.spider/198_0099.jpg,197,198.spider
data/raw/caltech256/256_ObjectCategories/198.spider/198_0008.jpg,197,198.spider
data/raw/caltech256/256_ObjectCategories/198.spider/198_0081.jpg,197,198.spider
data/raw/caltech256/256_ObjectCategories/198.spider/198_0036.jpg,197,198.spider
data/raw/caltech256/256_ObjectCategories/198.spider/198_0023.jpg,197,198.spider
data/raw/caltech256/256_ObjectCategories/198.spider/198_0057.jpg,197,198.spider
data/raw/caltech256/256_ObjectCategories/198.spider/198_0065.jpg,197,198.spider
data/raw/caltech256/256_ObjectCategories/198.spider/198_0093.jpg,197,198.spider
data/raw/caltech256/256_ObjectCategories/198.spider/198_0029.jpg,197,198.spider
data/raw/caltech256/256_ObjectCategories/198.spider/198_0104.jpg,197,198.spider
data/raw/caltech256/256_ObjectCategories/198.spider/198_0063.jpg,197,198.spider
data/raw/caltech256/256_ObjectCategories/198.spider/198_0095.jpg,197,198.spider
data/raw/caltech256/256_ObjectCategories/198.spider/198_0006.jpg,197,198.spider
data/raw/caltech256/256_ObjectCategories/198.spider/198_0064.jpg,197,198.spider
data/raw/caltech256/256_ObjectCategories/198.spider/198_0048.jpg,197,198.spider
data/raw/caltech256/256_ObjectCategories/198.spider/198_0055.jpg,197,198.spider
data/raw/caltech256/256_ObjectCategories/198.spider/198_0086.jpg,197,198.spider
data/raw/caltech256/256_ObjectCategories/198.spider/198_0034.jpg,197,198.spider
data/raw/caltech256/256_ObjectCategories/198.spider/198_0031.jpg,197,198.spider
data/raw/caltech256/256_ObjectCategories/198.spider/198_0026.jpg,197,198.spider
data/raw/caltech256/256_ObjectCategories/198.spider/198_0001.jpg,197,198.spider
data/raw/caltech256/256_ObjectCategories/198.spider/198_0032.jpg,197,198.spider
data/raw/caltech256/256_ObjectCategories/198.spider/198_0054.jpg,197,198.spider
data/raw/caltech256/256_ObjectCategories/199.spoon/199_0095.jpg,198,199.spoon
data/raw/caltech256/256_ObjectCategories/199.spoon/199_0088.jpg,198,199.spoon
data/raw/caltech256/256_ObjectCategories/199.spoon/199_0060.jpg,198,199.spoon
data/raw/caltech256/256_ObjectCategories/199.spoon/199_0064.jpg,198,199.spoon
data/raw/caltech256/256_ObjectCategories/199.spoon/199_0024.jpg,198,199.spoon
data/raw/caltech256/256_ObjectCategories/199.spoon/199_0008.jpg,198,199.spoon
data/raw/caltech256/256_ObjectCategories/199.spoon/199_0054.jpg,198,199.spoon
data/raw/caltech256/256_ObjectCategories/199.spoon/199_0005.jpg,198,199.spoon
data/raw/caltech256/256_ObjectCategories/199.spoon/199_0073.jpg,198,199.spoon
data/raw/caltech256/256_ObjectCategories/199.spoon/199_0018.jpg,198,199.spoon
data/raw/caltech256/256_ObjectCategories/199.spoon/199_0033.jpg,198,199.spoon
data/raw/caltech256/256_ObjectCategories/199.spoon/199_0067.jpg,198,199.spoon
data/raw/caltech256/256_ObjectCategories/199.spoon/199_0007.jpg,198,199.spoon
data/raw/caltech256/256_ObjectCategories/199.spoon/199_0040.jpg,198,199.spoon
data/raw/caltech256/256_ObjectCategories/199.spoon/199_0013.jpg,198,199.spoon
data/raw/caltech256/256_ObjectCategories/199.spoon/199_0094.jpg,198,199.spoon
data/raw/caltech256/256_ObjectCategories/199.spoon/199_0099.jpg,198,199.spoon
data/raw/caltech256/256_ObjectCategories/199.spoon/199_0086.jpg,198,199.spoon
data/raw/caltech256/256_ObjectCategories/199.spoon/199_0003.jpg,198,199.spoon
data/raw/caltech256/256_ObjectCategories/199.spoon/199_0097.jpg,198,199.spoon
data/raw/caltech256/256_ObjectCategories/199.spoon/199_0020.jpg,198,199.spoon
data/raw/caltech256/256_ObjectCategories/199.spoon/199_0023.jpg,198,199.spoon
data/raw/caltech256/256_ObjectCategories/199.spoon/199_0041.jpg,198,199.spoon
data/raw/caltech256/256_ObjectCategories/199.spoon/199_0047.jpg,198,199.spoon
data/raw/caltech256/256_ObjectCategories/199.spoon/199_0071.jpg,198,199.spoon
data/raw/caltech256/256_ObjectCategories/199.spoon/199_0087.jpg,198,199.spoon
data/raw/caltech256/256_ObjectCategories/199.spoon/199_0051.jpg,198,199.spoon
data/raw/caltech256/256_ObjectCategories/199.spoon/199_0057.jpg,198,199.spoon
data/raw/caltech256/256_ObjectCategories/199.spoon/199_0052.jpg,198,199.spoon
data/raw/caltech256/256_ObjectCategories/199.spoon/199_0009.jpg,198,199.spoon
data/raw/caltech256/256_ObjectCategories/199.spoon/199_0100.jpg,198,199.spoon
data/raw/caltech256/256_ObjectCategories/199.spoon/199_0049.jpg,198,199.spoon
data/raw/caltech256/256_ObjectCategories/199.spoon/199_0014.jpg,198,199.spoon
data/raw/caltech256/256_ObjectCategories/199.spoon/199_0010.jpg,198,199.spoon
data/raw/caltech256/256_ObjectCategories/199.spoon/199_0059.jpg,198,199.spoon
data/raw/caltech256/256_ObjectCategories/199.spoon/199_0015.jpg,198,199.spoon
data/raw/caltech256/256_ObjectCategories/199.spoon/199_0046.jpg,198,199.spoon
data/raw/caltech256/256_ObjectCategories/200.stained-glass/200_0003.jpg,199,200.stained-glass
data/raw/caltech256/256_ObjectCategories/200.stained-glass/200_0025.jpg,199,200.stained-glass
data/raw/caltech256/256_ObjectCategories/200.stained-glass/200_0085.jpg,199,200.stained-glass
data/raw/caltech256/256_ObjectCategories/200.stained-glass/200_0097.jpg,199,200.stained-glass
data/raw/caltech256/256_ObjectCategories/200.stained-glass/200_0059.jpg,199,200.stained-glass
data/raw/caltech256/256_ObjectCategories/200.stained-glass/200_0089.jpg,199,200.stained-glass
data/raw/caltech256/256_ObjectCategories/200.stained-glass/200_0042.jpg,199,200.stained-glass
data/raw/caltech256/256_ObjectCategories/200.stained-glass/200_0011.jpg,199,200.stained-glass
data/raw/caltech256/256_ObjectCategories/200.stained-glass/200_0043.jpg,199,200.stained-glass
data/raw/caltech256/256_ObjectCategories/200.stained-glass/200_0067.jpg,199,200.stained-glass
data/raw/caltech256/256_ObjectCategories/200.stained-glass/200_0057.jpg,199,200.stained-glass
data/raw/caltech256/256_ObjectCategories/200.stained-glass/200_0047.jpg,199,200.stained-glass
data/raw/caltech256/256_ObjectCategories/200.stained-glass/200_0088.jpg,199,200.stained-glass
data/raw/caltech256/256_ObjectCategories/200.stained-glass/200_0091.jpg,199,200.stained-glass
data/raw/caltech256/256_ObjectCategories/200.stained-glass/200_0096.jpg,199,200.stained-glass
data/raw/caltech256/256_ObjectCategories/200.stained-glass/200_0078.jpg,199,200.stained-glass
data/raw/caltech256/256_ObjectCategories/200.stained-glass/200_0079.jpg,199,200.stained-glass
data/raw/caltech256/256_ObjectCategories/200.stained-glass/200_0056.jpg,199,200.stained-glass
data/raw/caltech256/256_ObjectCategories/200.stained-glass/200_0075.jpg,199,200.stained-glass
data/raw/caltech256/256_ObjectCategories/200.stained-glass/200_0018.jpg,199,200.stained-glass
data/raw/caltech256/256_ObjectCategories/200.stained-glass/200_0009.jpg,199,200.stained-glass
data/raw/caltech256/256_ObjectCategories/200.stained-glass/200_0039.jpg,199,200.stained-glass
data/raw/caltech256/256_ObjectCategories/200.stained-glass/200_0068.jpg,199,200.stained-glass
data/raw/caltech256/256_ObjectCategories/200.stained-glass/200_0050.jpg,199,200.stained-glass
data/raw/caltech256/256_ObjectCategories/200.stained-glass/200_0007.jpg,199,200.stained-glass
data/raw/caltech256/256_ObjectCategories/200.stained-glass/200_0013.jpg,199,200.stained-glass
data/raw/caltech256/256_ObjectCategories/200.stained-glass/200_0052.jpg,199,200.stained-glass
data/raw/caltech256/256_ObjectCategories/200.stained-glass/200_0093.jpg,199,200.stained-glass
data/raw/caltech256/256_ObjectCategories/200.stained-glass/200_0072.jpg,199,200.stained-glass
data/raw/caltech256/256_ObjectCategories/200.stained-glass/200_0084.jpg,199,200.stained-glass
data/raw/caltech256/256_ObjectCategories/200.stained-glass/200_0016.jpg,199,200.stained-glass
data/raw/caltech256/256_ObjectCategories/200.stained-glass/200_0046.jpg,199,200.stained-glass
data/raw/caltech256/256_ObjectCategories/200.stained-glass/200_0029.jpg,199,200.stained-glass
data/raw/caltech256/256_ObjectCategories/200.stained-glass/200_0073.jpg,199,200.stained-glass
data/raw/caltech256/256_ObjectCategories/200.stained-glass/200_0019.jpg,199,200.stained-glass
data/raw/caltech256/256_ObjectCategories/201.starfish-101/201_0013.jpg,200,201.starfish-101
data/raw/caltech256/256_ObjectCategories/201.starfish-101/201_0006.jpg,200,201.starfish-101
data/raw/caltech256/256_ObjectCategories/201.starfish-101/201_0025.jpg,200,201.starfish-101
data/raw/caltech256/256_ObjectCategories/201.starfish-101/201_0058.jpg,200,201.starfish-101
data/raw/caltech256/256_ObjectCategories/201.starfish-101/201_0017.jpg,200,201.starfish-101
data/raw/caltech256/256_ObjectCategories/201.starfish-101/201_0079.jpg,200,201.starfish-101
data/raw/caltech256/256_ObjectCategories/201.starfish-101/201_0056.jpg,200,201.starfish-101
data/raw/caltech256/256_ObjectCategories/201.starfish-101/201_0053.jpg,200,201.starfish-101
data/raw/caltech256/256_ObjectCategories/201.starfish-101/201_0070.jpg,200,201.starfish-101
data/raw/caltech256/256_ObjectCategories/201.starfish-101/201_0008.jpg,200,201.starfish-101
data/raw/caltech256/256_ObjectCategories/201.starfish-101/201_0032.jpg,200,201.starfish-101
data/raw/caltech256/256_ObjectCategories/201.starfish-101/201_0001.jpg,200,201.starfish-101
data/raw/caltech256/256_ObjectCategories/201.starfish-101/201_0029.jpg,200,201.starfish-101
data/raw/caltech256/256_ObjectCategories/201.starfish-101/201_0061.jpg,200,201.starfish-101
data/raw/caltech256/256_ObjectCategories/201.starfish-101/201_0037.jpg,200,201.starfish-101
data/raw/caltech256/256_ObjectCategories/201.starfish-101/201_0014.jpg,200,201.starfish-101
data/raw/caltech256/256_ObjectCategories/201.starfish-101/201_0023.jpg,200,201.starfish-101
data/raw/caltech256/256_ObjectCategories/201.starfish-101/201_0069.jpg,200,201.starfish-101
data/raw/caltech256/256_ObjectCategories/201.starfish-101/201_0067.jpg,200,201.starfish-101
data/raw/caltech256/256_ObjectCategories/201.starfish-101/201_0010.jpg,200,201.starfish-101
data/raw/caltech256/256_ObjectCategories/201.starfish-101/201_0059.jpg,200,201.starfish-101
data/raw/caltech256/256_ObjectCategories/201.starfish-101/201_0022.jpg,200,201.starfish-101
data/raw/caltech256/256_ObjectCategories/201.starfish-101/201_0019.jpg,200,201.starfish-101
data/raw/caltech256/256_ObjectCategories/201.starfish-101/201_0016.jpg,200,201.starfish-101
data/raw/caltech256/256_ObjectCategories/201.starfish-101/201_0077.jpg,200,201.starfish-101
data/raw/caltech256/256_ObjectCategories/201.starfish-101/201_0041.jpg,200,201.starfish-101
data/raw/caltech256/256_ObjectCategories/201.starfish-101/201_0047.jpg,200,201.starfish-101
data/raw/caltech256/256_ObjectCategories/201.starfish-101/201_0004.jpg,200,201.starfish-101
data/raw/caltech256/256_ObjectCategories/201.starfish-101/201_0050.jpg,200,201.starfish-101
data/raw/caltech256/256_ObjectCategories/202.steering-wheel/202_0030.jpg,201,202.steering-wheel
data/raw/caltech256/256_ObjectCategories/202.steering-wheel/202_0019.jpg,201,202.steering-wheel
data/raw/caltech256/256_ObjectCategories/202.steering-wheel/202_0075.jpg,201,202.steering-wheel
data/raw/caltech256/256_ObjectCategories/202.steering-wheel/202_0014.jpg,201,202.steering-wheel
data/raw/caltech256/256_ObjectCategories/202.steering-wheel/202_0036.jpg,201,202.steering-wheel
data/raw/caltech256/256_ObjectCategories/202.steering-wheel/202_0004.jpg,201,202.steering-wheel
data/raw/caltech256/256_ObjectCategories/202.steering-wheel/202_0061.jpg,201,202.steering-wheel
data/raw/caltech256/256_ObjectCategories/202.steering-wheel/202_0053.jpg,201,202.steering-wheel
data/raw/caltech256/256_ObjectCategories/202.steering-wheel/202_0069.jpg,201,202.steering-wheel
data/raw/caltech256/256_ObjectCategories/202.steering-wheel/202_0096.jpg,201,202.steering-wheel
data/raw/caltech256/256_ObjectCategories/202.steering-wheel/202_0025.jpg,201,202.steering-wheel
data/raw/caltech256/256_ObjectCategories/202.steering-wheel/202_0016.jpg,201,202.steering-wheel
data/raw/caltech256/256_ObjectCategories/202.steering-wheel/202_0062.jpg,201,202.steering-wheel
data/raw/caltech256/256_ObjectCategories/202.steering-wheel/202_0021.jpg,201,202.steering-wheel
data/raw/caltech256/256_ObjectCategories/202.steering-wheel/202_0060.jpg,201,202.steering-wheel
data/raw/caltech256/256_ObjectCategories/202.steering-wheel/202_0050.jpg,201,202.steering-wheel
data/raw/caltech256/256_ObjectCategories/202.steering-wheel/202_0049.jpg,201,202.steering-wheel
data/raw/caltech256/256_ObjectCategories/202.steering-wheel/202_0047.jpg,201,202.steering-wheel
data/raw/caltech256/256_ObjectCategories/202.steering-wheel/202_0059.jpg,201,202.steering-wheel
data/raw/caltech256/256_ObjectCategories/202.steering-wheel/202_0003.jpg,201,202.steering-wheel
data/raw/caltech256/256_ObjectCategories/202.steering-wheel/202_0067.jpg,201,202.steering-wheel
data/raw/caltech256/256_ObjectCategories/202.steering-wheel/202_0044.jpg,201,202.steering-wheel
data/raw/caltech256/256_ObjectCategories/202.steering-wheel/202_0087.jpg,201,202.steering-wheel
data/raw/caltech256/256_ObjectCategories/202.steering-wheel/202_0020.jpg,201,202.steering-wheel
data/raw/caltech256/256_ObjectCategories/202.steering-wheel/202_0057.jpg,201,202.steering-wheel
data/raw/caltech256/256_ObjectCategories/202.steering-wheel/202_0006.jpg,201,202.steering-wheel
data/raw/caltech256/256_ObjectCategories/202.steering-wheel/202_0029.jpg,201,202.steering-wheel
data/raw/caltech256/256_ObjectCategories/202.steering-wheel/202_0092.jpg,201,202.steering-wheel
data/raw/caltech256/256_ObjectCategories/202.steering-wheel/202_0051.jpg,201,202.steering-wheel
data/raw/caltech256/256_ObjectCategories/202.steering-wheel/202_0097.jpg,201,202.steering-wheel
data/raw/caltech256/256_ObjectCategories/202.steering-wheel/202_0055.jpg,201,202.steering-wheel
data/raw/caltech256/256_ObjectCategories/202.steering-wheel/202_0052.jpg,201,202.steering-wheel
data/raw/caltech256/256_ObjectCategories/202.steering-wheel/202_0080.jpg,201,202.steering-wheel
data/raw/caltech256/256_ObjectCategories/202.steering-wheel/202_0072.jpg,201,202.steering-wheel
data/raw/caltech256/256_ObjectCategories/203.stirrups/203_0023.jpg,202,203.stirrups
data/raw/caltech256/256_ObjectCategories/203.stirrups/203_0004.jpg,202,203.stirrups
data/raw/caltech256/256_ObjectCategories/203.stirrups/203_0027.jpg,202,203.stirrups
data/raw/caltech256/256_ObjectCategories/203.stirrups/203_0052.jpg,202,203.stirrups
data/raw/caltech256/256_ObjectCategories/203.stirrups/203_0085.jpg,202,203.stirrups
data/raw/caltech256/256_ObjectCategories/203.stirrups/203_0041.jpg,202,203.stirrups
data/raw/caltech256/256_ObjectCategories/203.stirrups/203_0053.jpg,202,203.stirrups
data/raw/caltech256/256_ObjectCategories/203.stirrups/203_0078.jpg,202,203.stirrups
data/raw/caltech256/256_ObjectCategories/203.stirrups/203_0091.jpg,202,203.stirrups
data/raw/caltech256/256_ObjectCategories/203.stirrups/203_0051.jpg,202,203.stirrups
data/raw/caltech256/256_ObjectCategories/203.stirrups/203_0067.jpg,202,203.stirrups
data/raw/caltech256/256_ObjectCategories/203.stirrups/203_0071.jpg,202,203.stirrups
data/raw/caltech256/256_ObjectCategories/203.stirrups/203_0044.jpg,202,203.stirrups
data/raw/caltech256/256_ObjectCategories/203.stirrups/203_0076.jpg,202,203.stirrups
data/raw/caltech256/256_ObjectCategories/203.stirrups/203_0045.jpg,202,203.stirrups
data/raw/caltech256/256_ObjectCategories/203.stirrups/203_0014.jpg,202,203.stirrups
data/raw/caltech256/256_ObjectCategories/203.stirrups/203_0034.jpg,202,203.stirrups
data/raw/caltech256/256_ObjectCategories/203.stirrups/203_0010.jpg,202,203.stirrups
data/raw/caltech256/256_ObjectCategories/203.stirrups/203_0083.jpg,202,203.stirrups
data/raw/caltech256/256_ObjectCategories/203.stirrups/203_0079.jpg,202,203.stirrups
data/raw/caltech256/256_ObjectCategories/203.stirrups/203_0064.jpg,202,203.stirrups
data/raw/caltech256/256_ObjectCategories/203.stirrups/203_0031.jpg,202,203.stirrups
data/raw/caltech256/256_ObjectCategories/203.stirrups/203_0003.jpg,202,203.stirrups
data/raw/caltech256/256_ObjectCategories/203.stirrups/203_0090.jpg,202,203.stirrups
data/raw/caltech256/256_ObjectCategories/203.stirrups/203_0058.jpg,202,203.stirrups
data/raw/caltech256/256_ObjectCategories/203.stirrups/203_0037.jpg,202,203.stirrups
data/raw/caltech256/256_ObjectCategories/203.stirrups/203_0048.jpg,202,203.stirrups
data/raw/caltech256/256_ObjectCategories/203.stirrups/203_0029.jpg,202,203.stirrups
data/raw/caltech256/256_ObjectCategories/203.stirrups/203_0080.jpg,202,203.stirrups
data/raw/caltech256/256_ObjectCategories/203.stirrups/203_0021.jpg,202,203.stirrups
data/raw/caltech256/256_ObjectCategories/203.stirrups/203_0011.jpg,202,203.stirrups
data/raw/caltech256/256_ObjectCategories/203.stirrups/203_0075.jpg,202,203.stirrups
data/raw/caltech256/256_ObjectCategories/204.sunflower-101/204_0031.jpg,203,204.sunflower-101
data/raw/caltech256/256_ObjectCategories/204.sunflower-101/204_0015.jpg,203,204.sunflower-101
data/raw/caltech256/256_ObjectCategories/204.sunflower-101/204_0057.jpg,203,204.sunflower-101
data/raw/caltech256/256_ObjectCategories/204.sunflower-101/204_0019.jpg,203,204.sunflower-101
data/raw/caltech256/256_ObjectCategories/204.sunflower-101/204_0045.jpg,203,204.sunflower-101
data/raw/caltech256/256_ObjectCategories/204.sunflower-101/204_0004.jpg,203,204.sunflower-101
data/raw/caltech256/256_ObjectCategories/204.sunflower-101/204_0053.jpg,203,204.sunflower-101
data/raw/caltech256/256_ObjectCategories/204.sunflower-101/204_0024.jpg,203,204.sunflower-101
data/raw/caltech256/256_ObjectCategories/204.sunflower-101/204_0027.jpg,203,204.sunflower-101
data/raw/caltech256/256_ObjectCategories/204.sunflower-101/204_0036.jpg,203,204.sunflower-101
data/raw/caltech256/256_ObjectCategories/204.sunflower-101/204_0048.jpg,203,204.sunflower-101
data/raw/caltech256/256_ObjectCategories/204.sunflower-101/204_0012.jpg,203,204.sunflower-101
data/raw/caltech256/256_ObjectCategories/204.sunflower-101/204_0077.jpg,203,204.sunflower-101
data/raw/caltech256/256_ObjectCategories/204.sunflower-101/204_0030.jpg,203,204.sunflower-101
data/raw/caltech256/256_ObjectCategories/204.sunflower-101/204_0068.jpg,203,204.sunflower-101
data/raw/caltech256/256_ObjectCategories/204.sunflower-101/204_0055.jpg,203,204.sunflower-101
data/raw/caltech256/256_ObjectCategories/204.sunflower-101/204_0061.jpg,203,204.sunflower-101
data/raw/caltech256/256_ObjectCategories/204.sunflower-101/204_0022.jpg,203,204.sunflower-101
data/raw/caltech256/256_ObjectCategories/204.sunflower-101/204_0020.jpg,203,204.sunflower-101
data/raw/caltech256/256_ObjectCategories/204.sunflower-101/204_0041.jpg,203,204.sunflower-101
data/raw/caltech256/256_ObjectCategories/204.sunflower-101/204_0008.jpg,203,204.sunflower-101
data/raw/caltech256/256_ObjectCategories/204.sunflower-101/204_0079.jpg,203,204.sunflower-101
data/raw/caltech256/256_ObjectCategories/204.sunflower-101/204_0063.jpg,203,204.sunflower-101
data/raw/caltech256/256_ObjectCategories/204.sunflower-101/204_0002.jpg,203,204.sunflower-101
data/raw/caltech256/256_ObjectCategories/204.sunflower-101/204_0007.jpg,203,204.sunflower-101
data/raw/caltech256/256_ObjectCategories/204.sunflower-101/204_0009.jpg,203,204.sunflower-101
data/raw/caltech256/256_ObjectCategories/204.sunflower-101/204_0080.jpg,203,204.sunflower-101
data/raw/caltech256/256_ObjectCategories/204.sunflower-101/204_0010.jpg,203,204.sunflower-101
data/raw/caltech256/256_ObjectCategories/205.superman/205_0002.jpg,204,205.superman
data/raw/caltech256/256_ObjectCategories/205.superman/205_0035.jpg,204,205.superman
data/raw/caltech256/256_ObjectCategories/205.superman/205_0046.jpg,204,205.superman
data/raw/caltech256/256_ObjectCategories/205.superman/205_0016.jpg,204,205.superman
data/raw/caltech256/256_ObjectCategories/205.superman/205_0074.jpg,204,205.superman
data/raw/caltech256/256_ObjectCategories/205.superman/205_0019.jpg,204,205.superman
data/raw/caltech256/256_ObjectCategories/205.superman/205_0009.jpg,204,205.superman
data/raw/caltech256/256_ObjectCategories/205.superman/205_0037.jpg,204,205.superman
data/raw/caltech256/256_ObjectCategories/205.superman/205_0026.jpg,204,205.superman
data/raw/caltech256/256_ObjectCategories/205.superman/205_0080.jpg,204,205.superman
data/raw/caltech256/256_ObjectCategories/205.superman/205_0086.jpg,204,205.superman
data/raw/caltech256/256_ObjectCategories/205.superman/205_0020.jpg,204,205.superman
data/raw/caltech256/256_ObjectCategories/205.superman/205_0010.jpg,204,205.superman
data/raw/caltech256/256_ObjectCategories/205.superman/205_0013.jpg,204,205.superman
data/raw/caltech256/256_ObjectCategories/205.superman/205_0048.jpg,204,205.superman
data/raw/caltech256/256_ObjectCategories/205.superman/205_0034.jpg,204,205.superman
data/raw/caltech256/256_ObjectCategories/205.superman/205_0024.jpg,204,205.superman
data/raw/caltech256/256_ObjectCategories/205.superman/205_0022.jpg,204,205.superman
data/raw/caltech256/256_ObjectCategories/205.superman/205_0061.jpg,204,205.superman
data/raw/caltech256/256_ObjectCategories/205.superman/205_0033.jpg,204,205.superman
data/raw/caltech256/256_ObjectCategories/205.superman/205_0057.jpg,204,205.superman
data/raw/caltech256/256_ObjectCategories/205.superman/205_0055.jpg,204,205.superman
data/raw/caltech256/256_ObjectCategories/205.superman/205_0073.jpg,204,205.superman
data/raw/caltech256/256_ObjectCategories/205.superman/205_0007.jpg,204,205.superman
data/raw/caltech256/256_ObjectCategories/205.superman/205_0006.jpg,204,205.superman
data/raw/caltech256/256_ObjectCategories/205.superman/205_0021.jpg,204,205.superman
data/raw/caltech256/256_ObjectCategories/205.superman/205_0003.jpg,204,205.superman
data/raw/caltech256/256_ObjectCategories/205.superman/205_0064.jpg,204,205.superman
data/raw/caltech256/256_ObjectCategories/205.superman/205_0036.jpg,204,205.superman
data/raw/caltech256/256_ObjectCategories/205.superman/205_0004.jpg,204,205.superman
data/raw/caltech256/256_ObjectCategories/205.superman/205_0084.jpg,204,205.superman
data/raw/caltech256/256_ObjectCategories/206.sushi/206_0040.jpg,205,206.sushi
data/raw/caltech256/256_ObjectCategories/206.sushi/206_0055.jpg,205,206.sushi
data/raw/caltech256/256_ObjectCategories/206.sushi/206_0044.jpg,205,206.sushi
data/raw/caltech256/256_ObjectCategories/206.sushi/206_0034.jpg,205,206.sushi
data/raw/caltech256/256_ObjectCategories/206.sushi/206_0059.jpg,205,206.sushi
data/raw/caltech256/256_ObjectCategories/206.sushi/206_0039.jpg,205,206.sushi
data/raw/caltech256/256_ObjectCategories/206.sushi/206_0004.jpg,205,206.sushi
data/raw/caltech256/256_ObjectCategories/206.sushi/206_0085.jpg,205,206.sushi
data/raw/caltech256/256_ObjectCategories/206.sushi/206_0058.jpg,205,206.sushi
data/raw/caltech256/256_ObjectCategories/206.sushi/206_0019.jpg,205,206.sushi
data/raw/caltech256/256_ObjectCategories/206.sushi/206_0024.jpg,205,206.sushi
data/raw/caltech256/256_ObjectCategories/206.sushi/206_0012.jpg,205,206.sushi
data/raw/caltech256/256_ObjectCategories/206.sushi/206_0073.jpg,205,206.sushi
data/raw/caltech256/256_ObjectCategories/206.sushi/206_0016.jpg,205,206.sushi
data/raw/caltech256/256_ObjectCategories/206.sushi/206_0042.jpg,205,206.sushi
data/raw/caltech256/256_ObjectCategories/206.sushi/206_0056.jpg,205,206.sushi
data/raw/caltech256/256_ObjectCategories/206.sushi/206_0028.jpg,205,206.sushi
data/raw/caltech256/256_ObjectCategories/206.sushi/206_0060.jpg,205,206.sushi
data/raw/caltech256/256_ObjectCategories/206.sushi/206_0035.jpg,205,206.sushi
data/raw/caltech256/256_ObjectCategories/206.sushi/206_0006.jpg,205,206.sushi
data/raw/caltech256/256_ObjectCategories/206.sushi/206_0011.jpg,205,206.sushi
data/raw/caltech256/256_ObjectCategories/206.sushi/206_0021.jpg,205,206.sushi
data/raw/caltech256/256_ObjectCategories/206.sushi/206_0051.jpg,205,206.sushi
data/raw/caltech256/256_ObjectCategories/206.sushi/206_0077.jpg,205,206.sushi
data/raw/caltech256/256_ObjectCategories/206.sushi/206_0072.jpg,205,206.sushi
data/raw/caltech256/256_ObjectCategories/206.sushi/206_0089.jpg,205,206.sushi
data/raw/caltech256/256_ObjectCategories/206.sushi/206_0038.jpg,205,206.sushi
data/raw/caltech256/256_ObjectCategories/206.sushi/206_0071.jpg,205,206.sushi
data/raw/caltech256/256_ObjectCategories/206.sushi/206_0048.jpg,205,206.sushi
data/raw/caltech256/256_ObjectCategories/206.sushi/206_0009.jpg,205,206.sushi
data/raw/caltech256/256_ObjectCategories/206.sushi/206_0054.jpg,205,206.sushi
data/raw/caltech256/256_ObjectCategories/206.sushi/206_0046.jpg,205,206.sushi
data/raw/caltech256/256_ObjectCategories/206.sushi/206_0063.jpg,205,206.sushi
data/raw/caltech256/256_ObjectCategories/206.sushi/206_0081.jpg,205,206.sushi
data/raw/caltech256/256_ObjectCategories/207.swan/207_0029.jpg,206,207.swan
data/raw/caltech256/256_ObjectCategories/207.swan/207_0042.jpg,206,207.swan
data/raw/caltech256/256_ObjectCategories/207.swan/207_0068.jpg,206,207.swan
data/raw/caltech256/256_ObjectCategories/207.swan/207_0091.jpg,206,207.swan
data/raw/caltech256/256_ObjectCategories/207.swan/207_0101.jpg,206,207.swan
data/raw/caltech256/256_ObjectCategories/207.swan/207_0057.jpg,206,207.swan
data/raw/caltech256/256_ObjectCategories/207.swan/207_0039.jpg,206,207.swan
data/raw/caltech256/256_ObjectCategories/207.swan/207_0051.jpg,206,207.swan
data/raw/caltech256/256_ObjectCategories/207.swan/207_0097.jpg,206,207.swan
data/raw/caltech256/256_ObjectCategories/207.swan/207_0005.jpg,206,207.swan
data/raw/caltech256/256_ObjectCategories/207.swan/207_0108.jpg,206,207.swan
data/raw/caltech256/256_ObjectCategories/207.swan/207_0105.jpg,206,207.swan
data/raw/caltech256/256_ObjectCategories/207.swan/207_0067.jpg,206,207.swan
data/raw/caltech256/256_ObjectCategories/207.swan/207_0079.jpg,206,207.swan
data/raw/caltech256/256_ObjectCategories/207.swan/207_0059.jpg,206,207.swan
data/raw/caltech256/256_ObjectCategories/207.swan/207_0085.jpg,206,207.swan
data/raw/caltech256/256_ObjectCategories/207.swan/207_0093.jpg,206,207.swan
data/raw/caltech256/256_ObjectCategories/207.swan/207_0021.jpg,206,207.swan
data/raw/caltech256/256_ObjectCategories/207.swan/207_0086.jpg,206,207.swan
data/raw/caltech256/256_ObjectCategories/207.swan/207_0078.jpg,206,207.swan
data/raw/caltech256/256_ObjectCategories/207.swan/207_0003.jpg,206,207.swan
data/raw/caltech256/256_ObjectCategories/207.swan/207_0107.jpg,206,207.swan
data/raw/caltech256/256_ObjectCategories/207.swan/207_0077.jpg,206,207.swan
data/raw/caltech256/256_ObjectCategories/207.swan/207_0060.jpg,206,207.swan
data/raw/caltech256/256_ObjectCategories/207.swan/207_0030.jpg,206,207.swan
data/raw/caltech256/256_ObjectCategories/207.swan/207_0083.jpg,206,207.swan
data/raw/caltech256/256_ObjectCategories/207.swan/207_0053.jpg,206,207.swan
data/raw/caltech256/256_ObjectCategories/207.swan/207_0110.jpg,206,207.swan
data/raw/caltech256/256_ObjectCategories/207.swan/207_0034.jpg,206,207.swan
data/raw/caltech256/256_ObjectCategories/207.swan/207_0026.jpg,206,207.swan
data/raw/caltech256/256_ObjectCategories/207.swan/207_0064.jpg,206,207.swan
data/raw/caltech256/256_ObjectCategories/207.swan/207_0028.jpg,206,207.swan
data/raw/caltech256/256_ObjectCategories/207.swan/207_0084.jpg,206,207.swan
data/raw/caltech256/256_ObjectCategories/207.swan/207_0082.jpg,206,207.swan
data/raw/caltech256/256_ObjectCategories/207.swan/207_0025.jpg,206,207.swan
data/raw/caltech256/256_ObjectCategories/207.swan/207_0032.jpg,206,207.swan
data/raw/caltech256/256_ObjectCategories/207.swan/207_0038.jpg,206,207.swan
data/raw/caltech256/256_ObjectCategories/207.swan/207_0088.jpg,206,207.swan
data/raw/caltech256/256_ObjectCategories/207.swan/207_0063.jpg,206,207.swan
data/raw/caltech256/256_ObjectCategories/207.swan/207_0074.jpg,206,207.swan
data/raw/caltech256/256_ObjectCategories/208.swiss-army-knife/208_0010.jpg,207,208.swiss-army-knife
data/raw/caltech256/256_ObjectCategories/208.swiss-army-knife/208_0098.jpg,207,208.swiss-army-knife
data/raw/caltech256/256_ObjectCategories/208.swiss-army-knife/208_0029.jpg,207,208.swiss-army-knife
data/raw/caltech256/256_ObjectCategories/208.swiss-army-knife/208_0031.jpg,207,208.swiss-army-knife
data/raw/caltech256/256_ObjectCategories/208.swiss-army-knife/208_0028.jpg,207,208.swiss-army-knife
data/raw/caltech256/256_ObjectCategories/208.swiss-army-knife/208_0109.jpg,207,208.swiss-army-knife
data/raw/caltech256/256_ObjectCategories/208.swiss-army-knife/208_0106.jpg,207,208.swiss-army-knife
data/raw/caltech256/256_ObjectCategories/208.swiss-army-knife/208_0101.jpg,207,208.swiss-army-knife
data/raw/caltech256/256_ObjectCategories/208.swiss-army-knife/208_0100.jpg,207,208.swiss-army-knife
data/raw/caltech256/256_ObjectCategories/208.swiss-army-knife/208_0027.jpg,207,208.swiss-army-knife
data/raw/caltech256/256_ObjectCategories/208.swiss-army-knife/208_0026.jpg,207,208.swiss-army-knife
data/raw/caltech256/256_ObjectCategories/208.swiss-army-knife/208_0094.jpg,207,208.swiss-army-knife
data/raw/caltech256/256_ObjectCategories/208.swiss-army-knife/208_0019.jpg,207,208.swiss-army-knife
data/raw/caltech256/256_ObjectCategories/208.swiss-army-knife/208_0020.jpg,207,208.swiss-army-knife
data/raw/caltech256/256_ObjectCategories/208.swiss-army-knife/208_0052.jpg,207,208.swiss-army-knife
data/raw/caltech256/256_ObjectCategories/208.swiss-army-knife/208_0033.jpg,207,208.swiss-army-knife
data/raw/caltech256/256_ObjectCategories/208.swiss-army-knife/208_0092.jpg,207,208.swiss-army-knife
data/raw/caltech256/256_ObjectCategories/208.swiss-army-knife/208_0083.jpg,207,208.swiss-army-knife
data/raw/caltech256/256_ObjectCategories/208.swiss-army-knife/208_0041.jpg,207,208.swiss-army-knife
data/raw/caltech256/256_ObjectCategories/208.swiss-army-knife/208_0066.jpg,207,208.swiss-army-knife
data/raw/caltech256/256_ObjectCategories/208.swiss-army-knife/208_0074.jpg,207,208.swiss-army-knife
data/raw/caltech256/256_ObjectCategories/208.swiss-army-knife/208_0001.jpg,207,208.swiss-army-knife
data/raw/caltech256/256_ObjectCategories/208.swiss-army-knife/208_0093.jpg,207,208.swiss-army-knife
data/raw/caltech256/256_ObjectCategories/208.swiss-army-knife/208_0004.jpg,207,208.swiss-army-knife
data/raw/caltech256/256_ObjectCategories/208.swiss-army-knife/208_0091.jpg,207,208.swiss-army-knife
data/raw/caltech256/256_ObjectCategories/208.swiss-army-knife/208_0088.jpg,207,208.swiss-army-knife
data/raw/caltech256/256_ObjectCategories/208.swiss-army-knife/208_0050.jpg,207,208.swiss-army-knife
data/raw/caltech256/256_ObjectCategories/208.swiss-army-knife/208_0090.jpg,207,208.swiss-army-knife
data/raw/caltech256/256_ObjectCategories/208.swiss-army-knife/208_0007.jpg,207,208.swiss-army-knife
data/raw/caltech256/256_ObjectCategories/208.swiss-army-knife/208_0079.jpg,207,208.swiss-army-knife
data/raw/caltech256/256_ObjectCategories/208.swiss-army-knife/208_0038.jpg,207,208.swiss-army-knife
data/raw/caltech256/256_ObjectCategories/208.swiss-army-knife/208_0036.jpg,207,208.swiss-army-knife
data/raw/caltech256/256_ObjectCategories/208.swiss-army-knife/208_0107.jpg,207,208.swiss-army-knife
data/raw/caltech256/256_ObjectCategories/208.swiss-army-knife/208_0003.jpg,207,208.swiss-army-knife
data/raw/caltech256/256_ObjectCategories/208.swiss-army-knife/208_0065.jpg,207,208.swiss-army-knife
data/raw/caltech256/256_ObjectCategories/208.swiss-army-knife/208_0105.jpg,207,208.swiss-army-knife
data/raw/caltech256/256_ObjectCategories/208.swiss-army-knife/208_0035.jpg,207,208.swiss-army-knife
data/raw/caltech256/256_ObjectCategories/208.swiss-army-knife/208_0081.jpg,207,208.swiss-army-knife
data/raw/caltech256/256_ObjectCategories/209.sword/209_0067.jpg,208,209.sword
data/raw/caltech256/256_ObjectCategories/209.sword/209_0044.jpg,208,209.sword
data/raw/caltech256/256_ObjectCategories/209.sword/209_0069.jpg,208,209.sword
data/raw/caltech256/256_ObjectCategories/209.sword/209_0031.jpg,208,209.sword
data/raw/caltech256/256_ObjectCategories/209.sword/209_0012.jpg,208,209.sword
data/raw/caltech256/256_ObjectCategories/209.sword/209_0039.jpg,208,209.sword
data/raw/caltech256/256_ObjectCategories/209.sword/209_0078.jpg,208,209.sword
data/raw/caltech256/256_ObjectCategories/209.sword/209_0061.jpg,208,209.sword
data/raw/caltech256/256_ObjectCategories/209.sword/209_0006.jpg,208,209.sword
data/raw/caltech256/256_ObjectCategories/209.sword/209_0080.jpg,208,209.sword
data/raw/caltech256/256_ObjectCategories/209.sword/209_0059.jpg,208,209.sword
data/raw/caltech256/256_ObjectCategories/209.sword/209_0057.jpg,208,209.sword
data/raw/caltech256/256_ObjectCategories/209.sword/209_0037.jpg,208,209.sword
data/raw/caltech256/256_ObjectCategories/209.sword/209_0023.jpg,208,209.sword
data/raw/caltech256/256_ObjectCategories/209.sword/209_0102.jpg,208,209.sword
data/raw/caltech256/256_ObjectCategories/209.sword/209_0089.jpg,208,209.sword
data/raw/caltech256/256_ObjectCategories/209.sword/209_0086.jpg,208,209.sword
data/raw/caltech256/256_ObjectCategories/209.sword/209_0099.jpg,208,209.sword
data/raw/caltech256/256_ObjectCategories/209.sword/209_0088.jpg,208,209.sword
data/raw/caltech256/256_ObjectCategories/209.sword/209_0056.jpg,208,209.sword
data/raw/caltech256/256_ObjectCategories/209.sword/209_0034.jpg,208,209.sword
data/raw/caltech256/256_ObjectCategories/209.sword/209_0095.jpg,208,209.sword
data/raw/caltech256/256_ObjectCategories/209.sword/209_0054.jpg,208,209.sword
data/raw/caltech256/256_ObjectCategories/209.sword/209_0025.jpg,208,209.sword
data/raw/caltech256/256_ObjectCategories/209.sword/209_0048.jpg,208,209.sword
data/raw/caltech256/256_ObjectCategories/209.sword/209_0010.jpg,208,209.sword
data/raw/caltech256/256_ObjectCategories/209.sword/209_0066.jpg,208,209.sword
data/raw/caltech256/256_ObjectCategories/209.sword/209_0042.jpg,208,209.sword
data/raw/caltech256/256_ObjectCategories/209.sword/209_0060.jpg,208,209.sword
data/raw/caltech256/256_ObjectCategories/209.sword/209_0097.jpg,208,209.sword
data/raw/caltech256/256_ObjectCategories/209.sword/209_0040.jpg,208,209.sword
data/raw/caltech256/256_ObjectCategories/209.sword/209_0004.jpg,208,209.sword
data/raw/caltech256/256_ObjectCategories/209.sword/209_0041.jpg,208,209.sword
data/raw/caltech256/256_ObjectCategories/209.sword/209_0026.jpg,208,209.sword
data/raw/caltech256/256_ObjectCategories/209.sword/209_0043.jpg,208,209.sword
data/raw/caltech256/256_ObjectCategories/209.sword/209_0092.jpg,208,209.sword
data/raw/caltech256/256_ObjectCategories/210.syringe/210_0091.jpg,209,210.syringe
data/raw/caltech256/256_ObjectCategories/210.syringe/210_0036.jpg,209,210.syringe
data/raw/caltech256/256_ObjectCategories/210.syringe/210_0070.jpg,209,210.syringe
data/raw/caltech256/256_ObjectCategories/210.syringe/210_0075.jpg,209,210.syringe
data/raw/caltech256/256_ObjectCategories/210.syringe/210_0072.jpg,209,210.syringe
data/raw/caltech256/256_ObjectCategories/210.syringe/210_0065.jpg,209,210.syringe
data/raw/caltech256/256_ObjectCategories/210.syringe/210_0106.jpg,209,210.syringe
data/raw/caltech256/256_ObjectCategories/210.syringe/210_0105.jpg,209,210.syringe
data/raw/caltech256/256_ObjectCategories/210.syringe/210_0013.jpg,209,210.syringe
data/raw/caltech256/256_ObjectCategories/210.syringe/210_0090.jpg,209,210.syringe
data/raw/caltech256/256_ObjectCategories/210.syringe/210_0107.jpg,209,210.syringe
data/raw/caltech256/256_ObjectCategories/210.syringe/210_0002.jpg,209,210.syringe
data/raw/caltech256/256_ObjectCategories/210.syringe/210_0053.jpg,209,210.syringe
data/raw/caltech256/256_ObjectCategories/210.syringe/210_0076.jpg,209,210.syringe
data/raw/caltech256/256_ObjectCategories/210.syringe/210_0030.jpg,209,210.syringe
data/raw/caltech256/256_ObjectCategories/210.syringe/210_0027.jpg,209,210.syringe
data/raw/caltech256/256_ObjectCategories/210.syringe/210_0055.jpg,209,210.syringe
data/raw/caltech256/256_ObjectCategories/210.syringe/210_0102.jpg,209,210.syringe
data/raw/caltech256/256_ObjectCategories/210.syringe/210_0058.jpg,209,210.syringe
data/raw/caltech256/256_ObjectCategories/210.syringe/210_0099.jpg,209,210.syringe
data/raw/caltech256/256_ObjectCategories/210.syringe/210_0005.jpg,209,210.syringe
data/raw/caltech256/256_ObjectCategories/210.syringe/210_0023.jpg,209,210.syringe
data/raw/caltech256/256_ObjectCategories/210.syringe/210_0047.jpg,209,210.syringe
data/raw/caltech256/256_ObjectCategories/210.syringe/210_0046.jpg,209,210.syringe
data/raw/caltech256/256_ObjectCategories/210.syringe/210_0009.jpg,209,210.syringe
data/raw/caltech256/256_ObjectCategories/210.syringe/210_0068.jpg,209,210.syringe
data/raw/caltech256/256_ObjectCategories/210.syringe/210_0084.jpg,209,210.syringe
data/raw/caltech256/256_ObjectCategories/210.syringe/210_0077.jpg,209,210.syringe
data/raw/caltech256/256_ObjectCategories/210.syringe/210_0021.jpg,209,210.syringe
data/raw/caltech256/256_ObjectCategories/210.syringe/210_0042.jpg,209,210.syringe
data/raw/caltech256/256_ObjectCategories/210.syringe/210_0049.jpg,209,210.syringe
data/raw/caltech256/256_ObjectCategories/210.syringe/210_0007.jpg,209,210.syringe
data/raw/caltech256/256_ObjectCategories/210.syringe/210_0024.jpg,209,210.syringe
data/raw/caltech256/256_ObjectCategories/210.syringe/210_0108.jpg,209,210.syringe
data/raw/caltech256/256_ObjectCategories/210.syringe/210_0037.jpg,209,210.syringe
data/raw/caltech256/256_ObjectCategories/210.syringe/210_0087.jpg,209,210.syringe
data/raw/caltech256/256_ObjectCategories/210.syringe/210_0025.jpg,209,210.syringe
data/raw/caltech256/256_ObjectCategories/210.syringe/210_0094.jpg,209,210.syringe
data/raw/caltech256/256_ObjectCategories/210.syringe/210_0040.jpg,209,210.syringe
data/raw/caltech256/256_ObjectCategories/211.tambourine/211_0037.jpg,210,211.tambourine
data/raw/caltech256/256_ObjectCategories/211.tambourine/211_0089.jpg,210,211.tambourine
data/raw/caltech256/256_ObjectCategories/211.tambourine/211_0067.jpg,210,211.tambourine
data/raw/caltech256/256_ObjectCategories/211.tambourine/211_0079.jpg,210,211.tambourine
data/raw/caltech256/256_ObjectCategories/211.tambourine/211_0068.jpg,210,211.tambourine
data/raw/caltech256/256_ObjectCategories/211.tambourine/211_0092.jpg,210,211.tambourine
data/raw/caltech256/256_ObjectCategories/211.tambourine/211_0054.jpg,210,211.tambourine
data/raw/caltech256/256_ObjectCategories/211.tambourine/211_0069.jpg,210,211.tambourine
data/raw/caltech256/256_ObjectCategories/211.tambourine/211_0009.jpg,210,211.tambourine
data/raw/caltech256/256_ObjectCategories/211.tambourine/211_0007.jpg,210,211.tambourine
data/raw/caltech256/256_ObjectCategories/211.tambourine/211_0029.jpg,210,211.tambourine
data/raw/caltech256/256_ObjectCategories/211.tambourine/211_0087.jpg,210,211.tambourine
data/raw/caltech256/256_ObjectCategories/211.tambourine/211_0095.jpg,210,211.tambourine
data/raw/caltech256/256_ObjectCategories/211.tambourine/211_0043.jpg,210,211.tambourine
data/raw/caltech256/256_ObjectCategories/211.tambourine/211_0081.jpg,210,211.tambourine
data/raw/caltech256/256_ObjectCategories/211.tambourine/211_0005.jpg,210,211.tambourine
data/raw/caltech256/256_ObjectCategories/211.tambourine/211_0052.jpg,210,211.tambourine
data/raw/caltech256/256_ObjectCategories/211.tambourine/211_0088.jpg,210,211.tambourine
data/raw/caltech256/256_ObjectCategories/211.tambourine/211_0049.jpg,210,211.tambourine
data/raw/caltech256/256_ObjectCategories/211.tambourine/211_0082.jpg,210,211.tambourine
data/raw/caltech256/256_ObjectCategories/211.tambourine/211_0071.jpg,210,211.tambourine
data/raw/caltech256/256_ObjectCategories/211.tambourine/211_0023.jpg,210,211.tambourine
data/raw/caltech256/256_ObjectCategories/211.tambourine/211_0077.jpg,210,211.tambourine
data/raw/caltech256/256_ObjectCategories/211.tambourine/211_0064.jpg,210,211.tambourine
data/raw/caltech256/256_ObjectCategories/211.tambourine/211_0073.jpg,210,211.tambourine
data/raw/caltech256/256_ObjectCategories/211.tambourine/211_0018.jpg,210,211.tambourine
data/raw/caltech256/256_ObjectCategories/211.tambourine/211_0022.jpg,210,211.tambourine
data/raw/caltech256/256_ObjectCategories/211.tambourine/211_0028.jpg,210,211.tambourine
data/raw/caltech256/256_ObjectCategories/211.tambourine/211_0090.jpg,210,211.tambourine
data/raw/caltech256/256_ObjectCategories/211.tambourine/211_0070.jpg,210,211.tambourine
data/raw/caltech256/256_ObjectCategories/211.tambourine/211_0047.jpg,210,211.tambourine
data/raw/caltech256/256_ObjectCategories/211.tambourine/211_0056.jpg,210,211.tambourine
data/raw/caltech256/256_ObjectCategories/211.tambourine/211_0011.jpg,210,211.tambourine
data/raw/caltech256/256_ObjectCategories/212.teapot/212_0099.jpg,211,212.teapot
data/raw/caltech256/256_ObjectCategories/212.teapot/212_0127.jpg,211,212.teapot
data/raw/caltech256/256_ObjectCategories/212.teapot/212_0060.jpg,211,212.teapot
data/raw/caltech256/256_ObjectCategories/212.teapot/212_0081.jpg,211,212.teapot
data/raw/caltech256/256_ObjectCategories/212.teapot/212_0101.jpg,211,212.teapot
data/raw/caltech256/256_ObjectCategories/212.teapot/212_0007.jpg,211,212.teapot
data/raw/caltech256/256_ObjectCategories/212.teapot/212_0114.jpg,211,212.teapot
data/raw/caltech256/256_ObjectCategories/212.teapot/212_0052.jpg,211,212.teapot
data/raw/caltech256/256_ObjectCategories/212.teapot/212_0107.jpg,211,212.teapot
data/raw/caltech256/256_ObjectCategories/212.teapot/212_0077.jpg,211,212.teapot
data/raw/caltech256/256_ObjectCategories/212.teapot/212_0130.jpg,211,212.teapot
data/raw/caltech256/256_ObjectCategories/212.teapot/212_0051.jpg,211,212.teapot
data/raw/caltech256/256_ObjectCategories/212.teapot/212_0006.jpg,211,212.teapot
data/raw/caltech256/256_ObjectCategories/212.teapot/212_0082.jpg,211,212.teapot
data/raw/caltech256/256_ObjectCategories/212.teapot/212_0119.jpg,211,212.teapot
data/raw/caltech256/256_ObjectCategories/212.teapot/212_0088.jpg,211,212.teapot
data/raw/caltech256/256_ObjectCategories/212.teapot/212_0026.jpg,211,212.teapot
data/raw/caltech256/256_ObjectCategories/212.teapot/212_0029.jpg,211,212.teapot
data/raw/caltech256/256_ObjectCategories/212.teapot/212_0004.jpg,211,212.teapot
data/raw/caltech256/256_ObjectCategories/212.teapot/212_0105.jpg,211,212.teapot
data/raw/caltech256/256_ObjectCategories/212.teapot/212_0021.jpg,211,212.teapot
data/raw/caltech256/256_ObjectCategories/212.teapot/212_0011.jpg,211,212.teapot
data/raw/caltech256/256_ObjectCategories/212.teapot/212_0038.jpg,211,212.teapot
data/raw/caltech256/256_ObjectCategories/212.teapot/212_0091.jpg,211,212.teapot
data/raw/caltech256/256_ObjectCategories/212.teapot/212_0037.jpg,211,212.teapot
data/raw/caltech256/256_ObjectCategories/212.teapot/212_0123.jpg,211,212.teapot
data/raw/caltech256/256_ObjectCategories/212.teapot/212_0036.jpg,211,212.teapot
data/raw/caltech256/256_ObjectCategories/212.teapot/212_0094.jpg,211,212.teapot
data/raw/caltech256/256_ObjectCategories/212.teapot/212_0118.jpg,211,212.teapot
data/raw/caltech256/256_ObjectCategories/212.teapot/212_0078.jpg,211,212.teapot
data/raw/caltech256/256_ObjectCategories/212.teapot/212_0129.jpg,211,212.teapot
data/raw/caltech256/256_ObjectCategories/212.teapot/212_0065.jpg,211,212.teapot
data/raw/caltech256/256_ObjectCategories/212.teapot/212_0030.jpg,211,212.teapot
data/raw/caltech256/256_ObjectCategories/212.teapot/212_0075.jpg,211,212.teapot
data/raw/caltech256/256_ObjectCategories/212.teapot/212_0002.jpg,211,212.teapot
data/raw/caltech256/256_ObjectCategories/212.teapot/212_0089.jpg,211,212.teapot
data/raw/caltech256/256_ObjectCategories/212.teapot/212_0084.jpg,211,212.teapot
data/raw/caltech256/256_ObjectCategories/212.teapot/212_0047.jpg,211,212.teapot
data/raw/caltech256/256_ObjectCategories/212.teapot/212_0034.jpg,211,212.teapot
data/raw/caltech256/256_ObjectCategories/212.teapot/212_0069.jpg,211,212.teapot
data/raw/caltech256/256_ObjectCategories/212.teapot/212_0068.jpg,211,212.teapot
data/raw/caltech256/256_ObjectCategories/212.teapot/212_0053.jpg,211,212.teapot
data/raw/caltech256/256_ObjectCategories/212.teapot/212_0112.jpg,211,212.teapot
data/raw/caltech256/256_ObjectCategories/212.teapot/212_0031.jpg,211,212.teapot
data/raw/caltech256/256_ObjectCategories/212.teapot/212_0044.jpg,211,212.teapot
data/raw/caltech256/256_ObjectCategories/212.teapot/212_0128.jpg,211,212.teapot
data/raw/caltech256/256_ObjectCategories/212.teapot/212_0125.jpg,211,212.teapot
data/raw/caltech256/256_ObjectCategories/212.teapot/212_0028.jpg,211,212.teapot
data/raw/caltech256/256_ObjectCategories/213.teddy-bear/213_0045.jpg,212,213.teddy-bear
data/raw/caltech256/256_ObjectCategories/213.teddy-bear/213_0073.jpg,212,213.teddy-bear
data/raw/caltech256/256_ObjectCategories/213.teddy-bear/213_0086.jpg,212,213.teddy-bear
data/raw/caltech256/256_ObjectCategories/213.teddy-bear/213_0098.jpg,212,213.teddy-bear
data/raw/caltech256/256_ObjectCategories/213.teddy-bear/213_0055.jpg,212,213.teddy-bear
data/raw/caltech256/256_ObjectCategories/213.teddy-bear/213_0042.jpg,212,213.teddy-bear
data/raw/caltech256/256_ObjectCategories/213.teddy-bear/213_0053.jpg,212,213.teddy-bear
data/raw/caltech256/256_ObjectCategories/213.teddy-bear/213_0097.jpg,212,213.teddy-bear
data/raw/caltech256/256_ObjectCategories/213.teddy-bear/213_0029.jpg,212,213.teddy-bear
data/raw/caltech256/256_ObjectCategories/213.teddy-bear/213_0049.jpg,212,213.teddy-bear
data/raw/caltech256/256_ObjectCategories/213.teddy-bear/213_0070.jpg,212,213.teddy-bear
data/raw/caltech256/256_ObjectCategories/213.teddy-bear/213_0085.jpg,212,213.teddy-bear
data/raw/caltech256/256_ObjectCategories/213.teddy-bear/213_0037.jpg,212,213.teddy-bear
data/raw/caltech256/256_ObjectCategories/213.teddy-bear/213_0019.jpg,212,213.teddy-bear
data/raw/caltech256/256_ObjectCategories/213.teddy-bear/213_0013.jpg,212,213.teddy-bear
data/raw/caltech256/256_ObjectCategories/213.teddy-bear/213_0006.jpg,212,213.teddy-bear
data/raw/caltech256/256_ObjectCategories/213.teddy-bear/213_0047.jpg,212,213.teddy-bear
data/raw/caltech256/256_ObjectCategories/213.teddy-bear/213_0038.jpg,212,213.teddy-bear
data/raw/caltech256/256_ObjectCategories/213.teddy-bear/213_0005.jpg,212,213.teddy-bear
data/raw/caltech256/256_ObjectCategories/213.teddy-bear/213_0075.jpg,212,213.teddy-bear
data/raw/caltech256/256_ObjectCategories/213.teddy-bear/213_0048.jpg,212,213.teddy-bear
data/raw/caltech256/256_ObjectCategories/213.teddy-bear/213_0032.jpg,212,213.teddy-bear
data/raw/caltech256/256_ObjectCategories/213.teddy-bear/213_0008.jpg,212,213.teddy-bear
data/raw/caltech256/256_ObjectCategories/213.teddy-bear/213_0039.jpg,212,213.teddy-bear
data/raw/caltech256/256_ObjectCategories/213.teddy-bear/213_0067.jpg,212,213.teddy-bear
data/raw/caltech256/256_ObjectCategories/213.teddy-bear/213_0064.jpg,212,213.teddy-bear
data/raw/caltech256/256_ObjectCategories/213.teddy-bear/213_0035.jpg,212,213.teddy-bear
data/raw/caltech256/256_ObjectCategories/213.teddy-bear/213_0023.jpg,212,213.teddy-bear
data/raw/caltech256/256_ObjectCategories/213.teddy-bear/213_0022.jpg,212,213.teddy-bear
data/raw/caltech256/256_ObjectCategories/213.teddy-bear/213_0083.jpg,212,213.teddy-bear
data/raw/caltech256/256_ObjectCategories/213.teddy-bear/213_0074.jpg,212,213.teddy-bear
data/raw/caltech256/256_ObjectCategories/213.teddy-bear/213_0007.jpg,212,213.teddy-bear
data/raw/caltech256/256_ObjectCategories/213.teddy-bear/213_0015.jpg,212,213.teddy-bear
data/raw/caltech256/256_ObjectCategories/213.teddy-bear/213_0076.jpg,212,213.teddy-bear
data/raw/caltech256/256_ObjectCategories/213.teddy-bear/213_0052.jpg,212,213.teddy-bear
data/raw/caltech256/256_ObjectCategories/213.teddy-bear/213_0100.jpg,212,213.teddy-bear
data/raw/caltech256/256_ObjectCategories/214.teepee/214_0037.jpg,213,214.teepee
data/raw/caltech256/256_ObjectCategories/214.teepee/214_0106.jpg,213,214.teepee
data/raw/caltech256/256_ObjectCategories/214.teepee/214_0014.jpg,213,214.teepee
data/raw/caltech256/256_ObjectCategories/214.teepee/214_0107.jpg,213,214.teepee
data/raw/caltech256/256_ObjectCategories/214.teepee/214_0042.jpg,213,214.teepee
data/raw/caltech256/256_ObjectCategories/214.teepee/214_0099.jpg,213,214.teepee
data/raw/caltech256/256_ObjectCategories/214.teepee/214_0113.jpg,213,214.teepee
data/raw/caltech256/256_ObjectCategories/214.teepee/214_0100.jpg,213,214.teepee
data/raw/caltech256/256_ObjectCategories/214.teepee/214_0026.jpg,213,214.teepee
data/raw/caltech256/256_ObjectCategories/214.teepee/214_0088.jpg,213,214.teepee
data/raw/caltech256/256_ObjectCategories/214.teepee/214_0051.jpg,213,214.teepee
data/raw/caltech256/256_ObjectCategories/214.teepee/214_0034.jpg,213,214.teepee
data/raw/caltech256/256_ObjectCategories/214.teepee/214_0055.jpg,213,214.teepee
data/raw/caltech256/256_ObjectCategories/214.teepee/214_0007.jpg,213,214.teepee
data/raw/caltech256/256_ObjectCategories/214.teepee/214_0127.jpg,213,214.teepee
data/raw/caltech256/256_ObjectCategories/214.teepee/214_0015.jpg,213,214.teepee
data/raw/caltech256/256_ObjectCategories/214.teepee/214_0056.jpg,213,214.teepee
data/raw/caltech256/256_ObjectCategories/214.teepee/214_0075.jpg,213,214.teepee
data/raw/caltech256/256_ObjectCategories/214.teepee/214_0097.jpg,213,214.teepee
data/raw/caltech256/256_ObjectCategories/214.teepee/214_0085.jpg,213,214.teepee
data/raw/caltech256/256_ObjectCategories/214.teepee/214_0052.jpg,213,214.teepee
data/raw/caltech256/256_ObjectCategories/214.teepee/214_0022.jpg,213,214.teepee
data/raw/caltech256/256_ObjectCategories/214.teepee/214_0017.jpg,213,214.teepee
data/raw/caltech256/256_ObjectCategories/214.teepee/214_0137.jpg,213,214.teepee
data/raw/caltech256/256_ObjectCategories/214.teepee/214_0089.jpg,213,214.teepee
data/raw/caltech256/256_ObjectCategories/214.teepee/214_0108.jpg,213,214.teepee
data/raw/caltech256/256_ObjectCategories/214.teepee/214_0126.jpg,213,214.teepee
data/raw/caltech256/256_ObjectCategories/214.teepee/214_0009.jpg,213,214.teepee
data/raw/caltech256/256_ObjectCategories/214.teepee/214_0041.jpg,213,214.teepee
data/raw/caltech256/256_ObjectCategories/214.teepee/214_0132.jpg,213,214.teepee
data/raw/caltech256/256_ObjectCategories/214.teepee/214_0049.jpg,213,214.teepee
data/raw/caltech256/256_ObjectCategories/214.teepee/214_0024.jpg,213,214.teepee
data/raw/caltech256/256_ObjectCategories/214.teepee/214_0081.jpg,213,214.teepee
data/raw/caltech256/256_ObjectCategories/214.teepee/214_0128.jpg,213,214.teepee
data/raw/caltech256/256_ObjectCategories/214.teepee/214_0029.jpg,213,214.teepee
data/raw/caltech256/256_ObjectCategories/214.teepee/214_0063.jpg,213,214.teepee
data/raw/caltech256/256_ObjectCategories/214.teepee/214_0050.jpg,213,214.teepee
data/raw/caltech256/256_ObjectCategories/214.teepee/214_0082.jpg,213,214.teepee
data/raw/caltech256/256_ObjectCategories/214.teepee/214_0033.jpg,213,214.teepee
data/raw/caltech256/256_ObjectCategories/214.teepee/214_0078.jpg,213,214.teepee
data/raw/caltech256/256_ObjectCategories/214.teepee/214_0039.jpg,213,214.teepee
data/raw/caltech256/256_ObjectCategories/214.teepee/214_0061.jpg,213,214.teepee
data/raw/caltech256/256_ObjectCategories/214.teepee/214_0135.jpg,213,214.teepee
data/raw/caltech256/256_ObjectCategories/214.teepee/214_0065.jpg,213,214.teepee
data/raw/caltech256/256_ObjectCategories/214.teepee/214_0030.jpg,213,214.teepee
data/raw/caltech256/256_ObjectCategories/214.teepee/214_0047.jpg,213,214.teepee
data/raw/caltech256/256_ObjectCategories/214.teepee/214_0069.jpg,213,214.teepee
data/raw/caltech256/256_ObjectCategories/214.teepee/214_0077.jpg,213,214.teepee
data/raw/caltech256/256_ObjectCategories/214.teepee/214_0043.jpg,213,214.teepee
data/raw/caltech256/256_ObjectCategories/215.telephone-box/215_0050.jpg,214,215.telephone-box
data/raw/caltech256/256_ObjectCategories/215.telephone-box/215_0059.jpg,214,215.telephone-box
data/raw/caltech256/256_ObjectCategories/215.telephone-box/215_0016.jpg,214,215.telephone-box
data/raw/caltech256/256_ObjectCategories/215.telephone-box/215_0081.jpg,214,215.telephone-box
data/raw/caltech256/256_ObjectCategories/215.telephone-box/215_0044.jpg,214,215.telephone-box
data/raw/caltech256/256_ObjectCategories/215.telephone-box/215_0073.jpg,214,215.telephone-box
data/raw/caltech256/256_ObjectCategories/215.telephone-box/215_0078.jpg,214,215.telephone-box
data/raw/caltech256/256_ObjectCategories/215.telephone-box/215_0019.jpg,214,215.telephone-box
data/raw/caltech256/256_ObjectCategories/215.telephone-box/215_0056.jpg,214,215.telephone-box
data/raw/caltech256/256_ObjectCategories/215.telephone-box/215_0057.jpg,214,215.telephone-box
data/raw/caltech256/256_ObjectCategories/215.telephone-box/215_0001.jpg,214,215.telephone-box
data/raw/caltech256/256_ObjectCategories/215.telephone-box/215_0069.jpg,214,215.telephone-box
data/raw/caltech256/256_ObjectCategories/215.telephone-box/215_0002.jpg,214,215.telephone-box
data/raw/caltech256/256_ObjectCategories/215.telephone-box/215_0061.jpg,214,215.telephone-box
data/raw/caltech256/256_ObjectCategories/215.telephone-box/215_0080.jpg,214,215.telephone-box
data/raw/caltech256/256_ObjectCategories/215.telephone-box/215_0084.jpg,214,215.telephone-box
data/raw/caltech256/256_ObjectCategories/215.telephone-box/215_0023.jpg,214,215.telephone-box
data/raw/caltech256/256_ObjectCategories/215.telephone-box/215_0008.jpg,214,215.telephone-box
data/raw/caltech256/256_ObjectCategories/215.telephone-box/215_0038.jpg,214,215.telephone-box
data/raw/caltech256/256_ObjectCategories/215.telephone-box/215_0068.jpg,214,215.telephone-box
data/raw/caltech256/256_ObjectCategories/215.telephone-box/215_0082.jpg,214,215.telephone-box
data/raw/caltech256/256_ObjectCategories/215.telephone-box/215_0062.jpg,214,215.telephone-box
data/raw/caltech256/256_ObjectCategories/215.telephone-box/215_0063.jpg,214,215.telephone-box
data/raw/caltech256/256_ObjectCategories/215.telephone-box/215_0005.jpg,214,215.telephone-box
data/raw/caltech256/256_ObjectCategories/215.telephone-box/215_0079.jpg,214,215.telephone-box
data/raw/caltech256/256_ObjectCategories/215.telephone-box/215_0029.jpg,214,215.telephone-box
data/raw/caltech256/256_ObjectCategories/215.telephone-box/215_0021.jpg,214,215.telephone-box
data/raw/caltech256/256_ObjectCategories/215.telephone-box/215_0027.jpg,214,215.telephone-box
data/raw/caltech256/256_ObjectCategories/215.telephone-box/215_0013.jpg,214,215.telephone-box
data/raw/caltech256/256_ObjectCategories/215.telephone-box/215_0040.jpg,214,215.telephone-box
data/raw/caltech256/256_ObjectCategories/216.tennis-ball/216_0004.jpg,215,216.tennis-ball
data/raw/caltech256/256_ObjectCategories/216.tennis-ball/216_0022.jpg,215,216.tennis-ball
data/raw/caltech256/256_ObjectCategories/216.tennis-ball/216_0066.jpg,215,216.tennis-ball
data/raw/caltech256/256_ObjectCategories/216.tennis-ball/216_0091.jpg,215,216.tennis-ball
data/raw/caltech256/256_ObjectCategories/216.tennis-ball/216_0018.jpg,215,216.tennis-ball
data/raw/caltech256/256_ObjectCategories/216.tennis-ball/216_0006.jpg,215,216.tennis-ball
data/raw/caltech256/256_ObjectCategories/216.tennis-ball/216_0042.jpg,215,216.tennis-ball
data/raw/caltech256/256_ObjectCategories/216.tennis-ball/216_0024.jpg,215,216.tennis-ball
data/raw/caltech256/256_ObjectCategories/216.tennis-ball/216_0007.jpg,215,216.tennis-ball
data/raw/caltech256/256_ObjectCategories/216.tennis-ball/216_0048.jpg,215,216.tennis-ball
data/raw/caltech256/256_ObjectCategories/216.tennis-ball/216_0053.jpg,215,216.tennis-ball
data/raw/caltech256/256_ObjectCategories/216.tennis-ball/216_0089.jpg,215,216.tennis-ball
data/raw/caltech256/256_ObjectCategories/216.tennis-ball/216_0092.jpg,215,216.tennis-ball
data/raw/caltech256/256_ObjectCategories/216.tennis-ball/216_0049.jpg,215,216.tennis-ball
data/raw/caltech256/256_ObjectCategories/216.tennis-ball/216_0083.jpg,215,216.tennis-ball
data/raw/caltech256/256_ObjectCategories/216.tennis-ball/216_0015.jpg,215,216.tennis-ball
data/raw/caltech256/256_ObjectCategories/216.tennis-ball/216_0062.jpg,215,216.tennis-ball
data/raw/caltech256/256_ObjectCategories/216.tennis-ball/216_0098.jpg,215,216.tennis-ball
data/raw/caltech256/256_ObjectCategories/216.tennis-ball/216_0028.jpg,215,216.tennis-ball
data/raw/caltech256/256_ObjectCategories/216.tennis-ball/216_0085.jpg,215,216.tennis-ball
data/raw/caltech256/256_ObjectCategories/216.tennis-ball/216_0071.jpg,215,216.tennis-ball
data/raw/caltech256/256_ObjectCategories/216.tennis-ball/216_0021.jpg,215,216.tennis-ball
data/raw/caltech256/256_ObjectCategories/216.tennis-ball/216_0046.jpg,215,216.tennis-ball
data/raw/caltech256/256_ObjectCategories/216.tennis-ball/216_0077.jpg,215,216.tennis-ball
data/raw/caltech256/256_ObjectCategories/216.tennis-ball/216_0055.jpg,215,216.tennis-ball
data/raw/caltech256/256_ObjectCategories/216.tennis-ball/216_0097.jpg,215,216.tennis-ball
data/raw/caltech256/256_ObjectCategories/216.tennis-ball/216_0014.jpg,215,216.tennis-ball
data/raw/caltech256/256_ObjectCategories/216.tennis-ball/216_0008.jpg,215,216.tennis-ball
data/raw/caltech256/256_ObjectCategories/216.tennis-ball/216_0060.jpg,215,216.tennis-ball
data/raw/caltech256/256_ObjectCategories/216.tennis-ball/216_0086.jpg,215,216.tennis-ball
data/raw/caltech256/256_ObjectCategories/216.tennis-ball/216_0093.jpg,215,216.tennis-ball
data/raw/caltech256/256_ObjectCategories/216.tennis-ball/216_0084.jpg,215,216.tennis-ball
data/raw/caltech256/256_ObjectCategories/216.tennis-ball/216_0034.jpg,215,216.tennis-ball
data/raw/caltech256/256_ObjectCategories/216.tennis-ball/216_0095.jpg,215,216.tennis-ball
data/raw/caltech256/256_ObjectCategories/217.tennis-court/217_0089.jpg,216,217.tennis-court
data/raw/caltech256/256_ObjectCategories/217.tennis-court/217_0100.jpg,216,217.tennis-court
data/raw/caltech256/256_ObjectCategories/217.tennis-court/217_0084.jpg,216,217.tennis-court
data/raw/caltech256/256_ObjectCategories/217.tennis-court/217_0002.jpg,216,217.tennis-court
data/raw/caltech256/256_ObjectCategories/217.tennis-court/217_0042.jpg,216,217.tennis-court
data/raw/caltech256/256_ObjectCategories/217.tennis-court/217_0016.jpg,216,217.tennis-court
data/raw/caltech256/256_ObjectCategories/217.tennis-court/217_0077.jpg,216,217.tennis-court
data/raw/caltech256/256_ObjectCategories/217.tennis-court/217_0040.jpg,216,217.tennis-court
data/raw/caltech256/256_ObjectCategories/217.tennis-court/217_0004.jpg,216,217.tennis-court
data/raw/caltech256/256_ObjectCategories/217.tennis-court/217_0027.jpg,216,217.tennis-court
data/raw/caltech256/256_ObjectCategories/217.tennis-court/217_0094.jpg,216,217.tennis-court
data/raw/caltech256/256_ObjectCategories/217.tennis-court/217_0055.jpg,216,217.tennis-court
data/raw/caltech256/256_ObjectCategories/217.tennis-court/217_0057.jpg,216,217.tennis-court
data/raw/caltech256/256_ObjectCategories/217.tennis-court/217_0039.jpg,216,217.tennis-court
data/raw/caltech256/256_ObjectCategories/217.tennis-court/217_0105.jpg,216,217.tennis-court
data/raw/caltech256/256_ObjectCategories/217.tennis-court/217_0013.jpg,216,217.tennis-court
data/raw/caltech256/256_ObjectCategories/217.tennis-court/217_0085.jpg,216,217.tennis-court
data/raw/caltech256/256_ObjectCategories/217.tennis-court/217_0011.jpg,216,217.tennis-court
data/raw/caltech256/256_ObjectCategories/217.tennis-court/217_0061.jpg,216,217.tennis-court
data/raw/caltech256/256_ObjectCategories/217.tennis-court/217_0043.jpg,216,217.tennis-court
data/raw/caltech256/256_ObjectCategories/217.tennis-court/217_0080.jpg,216,217.tennis-court
data/raw/caltech256/256_ObjectCategories/217.tennis-court/217_0024.jpg,216,217.tennis-court
data/raw/caltech256/256_ObjectCategories/217.tennis-court/217_0101.jpg,216,217.tennis-court
data/raw/caltech256/256_ObjectCategories/217.tennis-court/217_0092.jpg,216,217.tennis-court
data/raw/caltech256/256_ObjectCategories/217.tennis-court/217_0071.jpg,216,217.tennis-court
data/raw/caltech256/256_ObjectCategories/217.tennis-court/217_0033.jpg,216,217.tennis-court
data/raw/caltech256/256_ObjectCategories/217.tennis-court/217_0007.jpg,216,217.tennis-court
data/raw/caltech256/256_ObjectCategories/217.tennis-court/217_0051.jpg,216,217.tennis-court
data/raw/caltech256/256_ObjectCategories/217.tennis-court/217_0091.jpg,216,217.tennis-court
data/raw/caltech256/256_ObjectCategories/217.tennis-court/217_0028.jpg,216,217.tennis-court
data/raw/caltech256/256_ObjectCategories/217.tennis-court/217_0037.jpg,216,217.tennis-court
data/raw/caltech256/256_ObjectCategories/217.tennis-court/217_0009.jpg,216,217.tennis-court
data/raw/caltech256/256_ObjectCategories/217.tennis-court/217_0046.jpg,216,217.tennis-court
data/raw/caltech256/256_ObjectCategories/217.tennis-court/217_0048.jpg,216,217.tennis-court
data/raw/caltech256/256_ObjectCategories/217.tennis-court/217_0087.jpg,216,217.tennis-court
data/raw/caltech256/256_ObjectCategories/217.tennis-court/217_0023.jpg,216,217.tennis-court
data/raw/caltech256/256_ObjectCategories/217.tennis-court/217_0020.jpg,216,217.tennis-court
data/raw/caltech256/256_ObjectCategories/218.tennis-racket/218_0048.jpg,217,218.tennis-racket
data/raw/caltech256/256_ObjectCategories/218.tennis-racket/218_0007.jpg,217,218.tennis-racket
data/raw/caltech256/256_ObjectCategories/218.tennis-racket/218_0035.jpg,217,218.tennis-racket
data/raw/caltech256/256_ObjectCategories/218.tennis-racket/218_0041.jpg,217,218.tennis-racket
data/raw/caltech256/256_ObjectCategories/218.tennis-racket/218_0002.jpg,217,218.tennis-racket
data/raw/caltech256/256_ObjectCategories/218.tennis-racket/218_0012.jpg,217,218.tennis-racket
data/raw/caltech256/256_ObjectCategories/218.tennis-racket/218_0037.jpg,217,218.tennis-racket
data/raw/caltech256/256_ObjectCategories/218.tennis-racket/218_0077.jpg,217,218.tennis-racket
data/raw/caltech256/256_ObjectCategories/218.tennis-racket/218_0018.jpg,217,218.tennis-racket
data/raw/caltech256/256_ObjectCategories/218.tennis-racket/218_0006.jpg,217,218.tennis-racket
data/raw/caltech256/256_ObjectCategories/218.tennis-racket/218_0052.jpg,217,218.tennis-racket
data/raw/caltech256/256_ObjectCategories/218.tennis-racket/218_0030.jpg,217,218.tennis-racket
data/raw/caltech256/256_ObjectCategories/218.tennis-racket/218_0049.jpg,217,218.tennis-racket
data/raw/caltech256/256_ObjectCategories/218.tennis-racket/218_0066.jpg,217,218.tennis-racket
data/raw/caltech256/256_ObjectCategories/218.tennis-racket/218_0044.jpg,217,218.tennis-racket
data/raw/caltech256/256_ObjectCategories/218.tennis-racket/218_0020.jpg,217,218.tennis-racket
data/raw/caltech256/256_ObjectCategories/218.tennis-racket/218_0019.jpg,217,218.tennis-racket
data/raw/caltech256/256_ObjectCategories/218.tennis-racket/218_0056.jpg,217,218.tennis-racket
data/raw/caltech256/256_ObjectCategories/218.tennis-racket/218_0053.jpg,217,218.tennis-racket
data/raw/caltech256/256_ObjectCategories/218.tennis-racket/218_0043.jpg,217,218.tennis-racket
data/raw/caltech256/256_ObjectCategories/218.tennis-racket/218_0081.jpg,217,218.tennis-racket
data/raw/caltech256/256_ObjectCategories/218.tennis-racket/218_0069.jpg,217,218.tennis-racket
data/raw/caltech256/256_ObjectCategories/218.tennis-racket/218_0005.jpg,217,218.tennis-racket
data/raw/caltech256/256_ObjectCategories/218.tennis-racket/218_0046.jpg,217,218.tennis-racket
data/raw/caltech256/256_ObjectCategories/218.tennis-racket/218_0061.jpg,217,218.tennis-racket
data/raw/caltech256/256_ObjectCategories/218.tennis-racket/218_0029.jpg,217,218.tennis-racket
data/raw/caltech256/256_ObjectCategories/218.tennis-racket/218_0034.jpg,217,218.tennis-racket
data/raw/caltech256/256_ObjectCategories/218.tennis-racket/218_0080.jpg,217,218.tennis-racket
data/raw/caltech256/256_ObjectCategories/218.tennis-racket/218_0050.jpg,217,218.tennis-racket
data/raw/caltech256/256_ObjectCategories/219.theodolite/219_0058.jpg,218,219.theodolite
data/raw/caltech256/256_ObjectCategories/219.theodolite/219_0056.jpg,218,219.theodolite
data/raw/caltech256/256_ObjectCategories/219.theodolite/219_0074.jpg,218,219.theodolite
data/raw/caltech256/256_ObjectCategories/219.theodolite/219_0014.jpg,218,219.theodolite
data/raw/caltech256/256_ObjectCategories/219.theodolite/219_0042.jpg,218,219.theodolite
data/raw/caltech256/256_ObjectCategories/219.theodolite/219_0010.jpg,218,219.theodolite
data/raw/caltech256/256_ObjectCategories/219.theodolite/219_0029.jpg,218,219.theodolite
data/raw/caltech256/256_ObjectCategories/219.theodolite/219_0059.jpg,218,219.theodolite
data/raw/caltech256/256_ObjectCategories/219.theodolite/219_0022.jpg,218,219.theodolite
data/raw/caltech256/256_ObjectCategories/219.theodolite/219_0040.jpg,218,219.theodolite
data/raw/caltech256/256_ObjectCategories/219.theodolite/219_0062.jpg,218,219.theodolite
data/raw/caltech256/256_ObjectCategories/219.theodolite/219_0019.jpg,218,219.theodolite
data/raw/caltech256/256_ObjectCategories/219.theodolite/219_0049.jpg,218,219.theodolite
data/raw/caltech256/256_ObjectCategories/219.theodolite/219_0018.jpg,218,219.theodolite
data/raw/caltech256/256_ObjectCategories/219.theodolite/219_0063.jpg,218,219.theodolite
data/raw/caltech256/256_ObjectCategories/219.theodolite/219_0081.jpg,218,219.theodolite
data/raw/caltech256/256_ObjectCategories/219.theodolite/219_0064.jpg,218,219.theodolite
data/raw/caltech256/256_ObjectCategories/219.theodolite/219_0038.jpg,218,219.theodolite
data/raw/caltech256/256_ObjectCategories/219.theodolite/219_0039.jpg,218,219.theodolite
data/raw/caltech256/256_ObjectCategories/219.theodolite/219_0005.jpg,218,219.theodolite
data/raw/caltech256/256_ObjectCategories/219.theodolite/219_0072.jpg,218,219.theodolite
data/raw/caltech256/256_ObjectCategories/219.theodolite/219_0050.jpg,218,219.theodolite
data/raw/caltech256/256_ObjectCategories/219.theodolite/219_0020.jpg,218,219.theodolite
data/raw/caltech256/256_ObjectCategories/219.theodolite/219_0043.jpg,218,219.theodolite
data/raw/caltech256/256_ObjectCategories/219.theodolite/219_0053.jpg,218,219.theodolite
data/raw/caltech256/256_ObjectCategories/219.theodolite/219_0071.jpg,218,219.theodolite
data/raw/caltech256/256_ObjectCategories/219.theodolite/219_0030.jpg,218,219.theodolite
data/raw/caltech256/256_ObjectCategories/219.theodolite/219_0025.jpg,218,219.theodolite
data/raw/caltech256/256_ObjectCategories/219.theodolite/219_0002.jpg,218,219.theodolite
data/raw/caltech256/256_ObjectCategories/219.theodolite/219_0045.jpg,218,219.theodolite
data/raw/caltech256/256_ObjectCategories/220.toaster/220_0053.jpg,219,220.toaster
data/raw/caltech256/256_ObjectCategories/220.toaster/220_0009.jpg,219,220.toaster
data/raw/caltech256/256_ObjectCategories/220.toaster/220_0030.jpg,219,220.toaster
data/raw/caltech256/256_ObjectCategories/220.toaster/220_0016.jpg,219,220.toaster
data/raw/caltech256/256_ObjectCategories/220.toaster/220_0064.jpg,219,220.toaster
data/raw/caltech256/256_ObjectCategories/220.toaster/220_0069.jpg,219,220.toaster
data/raw/caltech256/256_ObjectCategories/220.toaster/220_0051.jpg,219,220.toaster
data/raw/caltech256/256_ObjectCategories/220.toaster/220_0036.jpg,219,220.toaster
data/raw/caltech256/256_ObjectCategories/220.toaster/220_0045.jpg,219,220.toaster
data/raw/caltech256/256_ObjectCategories/220.toaster/220_0005.jpg,219,220.toaster
data/raw/caltech256/256_ObjectCategories/220.toaster/220_0020.jpg,219,220.toaster
data/raw/caltech256/256_ObjectCategories/220.toaster/220_0055.jpg,219,220.toaster
data/raw/caltech256/256_ObjectCategories/220.toaster/220_0040.jpg,219,220.toaster
data/raw/caltech256/256_ObjectCategories/220.toaster/220_0072.jpg,219,220.toaster
data/raw/caltech256/256_ObjectCategories/220.toaster/220_0019.jpg,219,220.toaster
data/raw/caltech256/256_ObjectCategories/220.toaster/220_0061.jpg,219,220.toaster
data/raw/caltech256/256_ObjectCategories/220.toaster/220_0023.jpg,219,220.toaster
data/raw/caltech256/256_ObjectCategories/220.toaster/220_0043.jpg,219,220.toaster
data/raw/caltech256/256_ObjectCategories/220.toaster/220_0083.jpg,219,220.toaster
data/raw/caltech256/256_ObjectCategories/220.toaster/220_0066.jpg,219,220.toaster
data/raw/caltech256/256_ObjectCategories/220.toaster/220_0024.jpg,219,220.toaster
data/raw/caltech256/256_ObjectCategories/220.toaster/220_0014.jpg,219,220.toaster
data/raw/caltech256/256_ObjectCategories/220.toaster/220_0038.jpg,219,220.toaster
data/raw/caltech256/256_ObjectCategories/220.toaster/220_0041.jpg,219,220.toaster
data/raw/caltech256/256_ObjectCategories/220.toaster/220_0021.jpg,219,220.toaster
data/raw/caltech256/256_ObjectCategories/220.toaster/220_0070.jpg,219,220.toaster
data/raw/caltech256/256_ObjectCategories/220.toaster/220_0067.jpg,219,220.toaster
data/raw/caltech256/256_ObjectCategories/220.toaster/220_0091.jpg,219,220.toaster
data/raw/caltech256/256_ObjectCategories/220.toaster/220_0082.jpg,219,220.toaster
data/raw/caltech256/256_ObjectCategories/220.toaster/220_0022.jpg,219,220.toaster
data/raw/caltech256/256_ObjectCategories/220.toaster/220_0026.jpg,219,220.toaster
data/raw/caltech256/256_ObjectCategories/220.toaster/220_0092.jpg,219,220.toaster
data/raw/caltech256/256_ObjectCategories/220.toaster/220_0025.jpg,219,220.toaster
data/raw/caltech256/256_ObjectCategories/221.tomato/221_0001.jpg,220,221.tomato
data/raw/caltech256/256_ObjectCategories/221.tomato/221_0060.jpg,220,221.tomato
data/raw/caltech256/256_ObjectCategories/221.tomato/221_0011.jpg,220,221.tomato
data/raw/caltech256/256_ObjectCategories/221.tomato/221_0052.jpg,220,221.tomato
data/raw/caltech256/256_ObjectCategories/221.tomato/221_0093.jpg,220,221.tomato
data/raw/caltech256/256_ObjectCategories/221.tomato/221_0069.jpg,220,221.tomato
data/raw/caltech256/256_ObjectCategories/221.tomato/221_0034.jpg,220,221.tomato
data/raw/caltech256/256_ObjectCategories/221.tomato/221_0063.jpg,220,221.tomato
data/raw/caltech256/256_ObjectCategories/221.tomato/221_0080.jpg,220,221.tomato
data/raw/caltech256/256_ObjectCategories/221.tomato/221_0101.jpg,220,221.tomato
data/raw/caltech256/256_ObjectCategories/221.tomato/221_0058.jpg,220,221.tomato
data/raw/caltech256/256_ObjectCategories/221.tomato/221_0057.jpg,220,221.tomato
data/raw/caltech256/256_ObjectCategories/221.tomato/221_0097.jpg,220,221.tomato
data/raw/caltech256/256_ObjectCategories/221.tomato/221_0028.jpg,220,221.tomato
data/raw/caltech256/256_ObjectCategories/221.tomato/221_0067.jpg,220,221.tomato
data/raw/caltech256/256_ObjectCategories/221.tomato/221_0020.jpg,220,221.tomato
data/raw/caltech256/256_ObjectCategories/221.tomato/221_0079.jpg,220,221.tomato
data/raw/caltech256/256_ObjectCategories/221.tomato/221_0042.jpg,220,221.tomato
data/raw/caltech256/256_ObjectCategories/221.tomato/221_0033.jpg,220,221.tomato
data/raw/caltech256/256_ObjectCategories/221.tomato/221_0012.jpg,220,221.tomato
data/raw/caltech256/256_ObjectCategories/221.tomato/221_0032.jpg,220,221.tomato
data/raw/caltech256/256_ObjectCategories/221.tomato/221_0046.jpg,220,221.tomato
data/raw/caltech256/256_ObjectCategories/221.tomato/221_0003.jpg,220,221.tomato
data/raw/caltech256/256_ObjectCategories/221.tomato/221_0010.jpg,220,221.tomato
data/raw/caltech256/256_ObjectCategories/221.tomato/221_0071.jpg,220,221.tomato
data/raw/caltech256/256_ObjectCategories/221.tomato/221_0030.jpg,220,221.tomato
data/raw/caltech256/256_ObjectCategories/221.tomato/221_0050.jpg,220,221.tomato
data/raw/caltech256/256_ObjectCategories/221.tomato/221_0088.jpg,220,221.tomato
data/raw/caltech256/256_ObjectCategories/221.tomato/221_0048.jpg,220,221.tomato
data/raw/caltech256/256_ObjectCategories/221.tomato/221_0007.jpg,220,221.tomato
data/raw/caltech256/256_ObjectCategories/221.tomato/221_0092.jpg,220,221.tomato
data/raw/caltech256/256_ObjectCategories/221.tomato/221_0072.jpg,220,221.tomato
data/raw/caltech256/256_ObjectCategories/221.tomato/221_0031.jpg,220,221.tomato
data/raw/caltech256/256_ObjectCategories/221.tomato/221_0084.jpg,220,221.tomato
data/raw/caltech256/256_ObjectCategories/221.tomato/221_0026.jpg,220,221.tomato
data/raw/caltech256/256_ObjectCategories/221.tomato/221_0041.jpg,220,221.tomato
data/raw/caltech256/256_ObjectCategories/222.tombstone/222_0014.jpg,221,222.tombstone
data/raw/caltech256/256_ObjectCategories/222.tombstone/222_0050.jpg,221,222.tombstone
data/raw/caltech256/256_ObjectCategories/222.tombstone/222_0035.jpg,221,222.tombstone
data/raw/caltech256/256_ObjectCategories/222.tombstone/222_0042.jpg,221,222.tombstone
data/raw/caltech256/256_ObjectCategories/222.tombstone/222_0049.jpg,221,222.tombstone
data/raw/caltech256/256_ObjectCategories/222.tombstone/222_0027.jpg,221,222.tombstone
data/raw/caltech256/256_ObjectCategories/222.tombstone/222_0080.jpg,221,222.tombstone
data/raw/caltech256/256_ObjectCategories/222.tombstone/222_0038.jpg,221,222.tombstone
data/raw/caltech256/256_ObjectCategories/222.tombstone/222_0022.jpg,221,222.tombstone
data/raw/caltech256/256_ObjectCategories/222.tombstone/222_0055.jpg,221,222.tombstone
data/raw/caltech256/256_ObjectCategories/222.tombstone/222_0088.jpg,221,222.tombstone
data/raw/caltech256/256_ObjectCategories/222.tombstone/222_0007.jpg,221,222.tombstone
data/raw/caltech256/256_ObjectCategories/222.tombstone/222_0024.jpg,221,222.tombstone
data/raw/caltech256/256_ObjectCategories/222.tombstone/222_0074.jpg,221,222.tombstone
data/raw/caltech256/256_ObjectCategories/222.tombstone/222_0016.jpg,221,222.tombstone
data/raw/caltech256/256_ObjectCategories/222.tombstone/222_0051.jpg,221,222.tombstone
data/raw/caltech256/256_ObjectCategories/222.tombstone/222_0008.jpg,221,222.tombstone
data/raw/caltech256/256_ObjectCategories/222.tombstone/222_0001.jpg,221,222.tombstone
data/raw/caltech256/256_ObjectCategories/222.tombstone/222_0058.jpg,221,222.tombstone
data/raw/caltech256/256_ObjectCategories/222.tombstone/222_0030.jpg,221,222.tombstone
data/raw/caltech256/256_ObjectCategories/222.tombstone/222_0020.jpg,221,222.tombstone
data/raw/caltech256/256_ObjectCategories/222.tombstone/222_0064.jpg,221,222.tombstone
data/raw/caltech256/256_ObjectCategories/222.tombstone/222_0046.jpg,221,222.tombstone
data/raw/caltech256/256_ObjectCategories/222.tombstone/222_0061.jpg,221,222.tombstone
data/raw/caltech256/256_ObjectCategories/222.tombstone/222_0023.jpg,221,222.tombstone
data/raw/caltech256/256_ObjectCategories/222.tombstone/222_0034.jpg,221,222.tombstone
data/raw/caltech256/256_ObjectCategories/222.tombstone/222_0065.jpg,221,222.tombstone
data/raw/caltech256/256_ObjectCategories/222.tombstone/222_0012.jpg,221,222.tombstone
data/raw/caltech256/256_ObjectCategories/222.tombstone/222_0079.jpg,221,222.tombstone
data/raw/caltech256/256_ObjectCategories/222.tombstone/222_0084.jpg,221,222.tombstone
data/raw/caltech256/256_ObjectCategories/222.tombstone/222_0062.jpg,221,222.tombstone
data/raw/caltech256/256_ObjectCategories/222.tombstone/222_0032.jpg,221,222.tombstone
data/raw/caltech256/256_ObjectCategories/223.top-hat/223_0063.jpg,222,223.top-hat
data/raw/caltech256/256_ObjectCategories/223.top-hat/223_0040.jpg,222,223.top-hat
data/raw/caltech256/256_ObjectCategories/223.top-hat/223_0022.jpg,222,223.top-hat
data/raw/caltech256/256_ObjectCategories/223.top-hat/223_0077.jpg,222,223.top-hat
data/raw/caltech256/256_ObjectCategories/223.top-hat/223_0012.jpg,222,223.top-hat
data/raw/caltech256/256_ObjectCategories/223.top-hat/223_0013.jpg,222,223.top-hat
data/raw/caltech256/256_ObjectCategories/223.top-hat/223_0039.jpg,222,223.top-hat
data/raw/caltech256/256_ObjectCategories/223.top-hat/223_0033.jpg,222,223.top-hat
data/raw/caltech256/256_ObjectCategories/223.top-hat/223_0062.jpg,222,223.top-hat
data/raw/caltech256/256_ObjectCategories/223.top-hat/223_0072.jpg,222,223.top-hat
data/raw/caltech256/256_ObjectCategories/223.top-hat/223_0004.jpg,222,223.top-hat
data/raw/caltech256/256_ObjectCategories/223.top-hat/223_0014.jpg,222,223.top-hat
data/raw/caltech256/256_ObjectCategories/223.top-hat/223_0021.jpg,222,223.top-hat
data/raw/caltech256/256_ObjectCategories/223.top-hat/223_0028.jpg,222,223.top-hat
data/raw/caltech256/256_ObjectCategories/223.top-hat/223_0059.jpg,222,223.top-hat
data/raw/caltech256/256_ObjectCategories/223.top-hat/223_0026.jpg,222,223.top-hat
data/raw/caltech256/256_ObjectCategories/223.top-hat/223_0018.jpg,222,223.top-hat
data/raw/caltech256/256_ObjectCategories/223.top-hat/223_0005.jpg,222,223.top-hat
data/raw/caltech256/256_ObjectCategories/223.top-hat/223_0068.jpg,222,223.top-hat
data/raw/caltech256/256_ObjectCategories/223.top-hat/223_0069.jpg,222,223.top-hat
data/raw/caltech256/256_ObjectCategories/223.top-hat/223_0045.jpg,222,223.top-hat
data/raw/caltech256/256_ObjectCategories/223.top-hat/223_0016.jpg,222,223.top-hat
data/raw/caltech256/256_ObjectCategories/223.top-hat/223_0060.jpg,222,223.top-hat
data/raw/caltech256/256_ObjectCategories/223.top-hat/223_0010.jpg,222,223.top-hat
data/raw/caltech256/256_ObjectCategories/223.top-hat/223_0055.jpg,222,223.top-hat
data/raw/caltech256/256_ObjectCategories/223.top-hat/223_0067.jpg,222,223.top-hat
data/raw/caltech256/256_ObjectCategories/223.top-hat/223_0044.jpg,222,223.top-hat
data/raw/caltech256/256_ObjectCategories/223.top-hat/223_0017.jpg,222,223.top-hat
data/raw/caltech256/256_ObjectCategories/224.touring-bike/224_0024.jpg,223,224.touring-bike
data/raw/caltech256/256_ObjectCategories/224.touring-bike/224_0089.jpg,223,224.touring-bike
data/raw/caltech256/256_ObjectCategories/224.touring-bike/224_0063.jpg,223,224.touring-bike
data/raw/caltech256/256_ObjectCategories/224.touring-bike/224_0099.jpg,223,224.touring-bike
data/raw/caltech256/256_ObjectCategories/224.touring-bike/224_0032.jpg,223,224.touring-bike
data/raw/caltech256/256_ObjectCategories/224.touring-bike/224_0076.jpg,223,224.touring-bike
data/raw/caltech256/256_ObjectCategories/224.touring-bike/224_0008.jpg,223,224.touring-bike
data/raw/caltech256/256_ObjectCategories/224.touring-bike/224_0106.jpg,223,224.touring-bike
data/raw/caltech256/256_ObjectCategories/224.touring-bike/224_0060.jpg,223,224.touring-bike
data/raw/caltech256/256_ObjectCategories/224.touring-bike/224_0028.jpg,223,224.touring-bike
data/raw/caltech256/256_ObjectCategories/224.touring-bike/224_0062.jpg,223,224.touring-bike
data/raw/caltech256/256_ObjectCategories/224.touring-bike/224_0019.jpg,223,224.touring-bike
data/raw/caltech256/256_ObjectCategories/224.touring-bike/224_0006.jpg,223,224.touring-bike
data/raw/caltech256/256_ObjectCategories/224.touring-bike/224_0103.jpg,223,224.touring-bike
data/raw/caltech256/256_ObjectCategories/224.touring-bike/224_0042.jpg,223,224.touring-bike
data/raw/caltech256/256_ObjectCategories/224.touring-bike/224_0047.jpg,223,224.touring-bike
data/raw/caltech256/256_ObjectCategories/224.touring-bike/224_0070.jpg,223,224.touring-bike
data/raw/caltech256/256_ObjectCategories/224.touring-bike/224_0051.jpg,223,224.touring-bike
data/raw/caltech256/256_ObjectCategories/224.touring-bike/224_0025.jpg,223,224.touring-bike
data/raw/caltech256/256_ObjectCategories/224.touring-bike/224_0014.jpg,223,224.touring-bike
data/raw/caltech256/256_ObjectCategories/224.touring-bike/224_0021.jpg,223,224.touring-bike
data/raw/caltech256/256_ObjectCategories/224.touring-bike/224_0080.jpg,223,224.touring-bike
data/raw/caltech256/256_ObjectCategories/224.touring-bike/224_0083.jpg,223,224.touring-bike
data/raw/caltech256/256_ObjectCategories/224.touring-bike/224_0013.jpg,223,224.touring-bike
data/raw/caltech256/256_ObjectCategories/224.touring-bike/224_0098.jpg,223,224.touring-bike
data/raw/caltech256/256_ObjectCategories/224.touring-bike/224_0093.jpg,223,224.touring-bike
data/raw/caltech256/256_ObjectCategories/224.touring-bike/224_0055.jpg,223,224.touring-bike
data/raw/caltech256/256_ObjectCategories/224.touring-bike/224_0110.jpg,223,224.touring-bike
data/raw/caltech256/256_ObjectCategories/224.touring-bike/224_0108.jpg,223,224.touring-bike
data/raw/caltech256/256_ObjectCategories/224.touring-bike/224_0017.jpg,223,224.touring-bike
data/raw/caltech256/256_ObjectCategories/224.touring-bike/224_0066.jpg,223,224.touring-bike
data/raw/caltech256/256_ObjectCategories/224.touring-bike/224_0022.jpg,223,224.touring-bike
data/raw/caltech256/256_ObjectCategories/224.touring-bike/224_0012.jpg,223,224.touring-bike
data/raw/caltech256/256_ObjectCategories/224.touring-bike/224_0043.jpg,223,224.touring-bike
data/raw/caltech256/256_ObjectCategories/224.touring-bike/224_0107.jpg,223,224.touring-bike
data/raw/caltech256/256_ObjectCategories/224.touring-bike/224_0086.jpg,223,224.touring-bike
data/raw/caltech256/256_ObjectCategories/224.touring-bike/224_0104.jpg,223,224.touring-bike
data/raw/caltech256/256_ObjectCategories/224.touring-bike/224_0082.jpg,223,224.touring-bike
data/raw/caltech256/256_ObjectCategories/224.touring-bike/224_0001.jpg,223,224.touring-bike
data/raw/caltech256/256_ObjectCategories/225.tower-pisa/225_0002.jpg,224,225.tower-pisa
data/raw/caltech256/256_ObjectCategories/225.tower-pisa/225_0063.jpg,224,225.tower-pisa
data/raw/caltech256/256_ObjectCategories/225.tower-pisa/225_0018.jpg,224,225.tower-pisa
data/raw/caltech256/256_ObjectCategories/225.tower-pisa/225_0036.jpg,224,225.tower-pisa
data/raw/caltech256/256_ObjectCategories/225.tower-pisa/225_0062.jpg,224,225.tower-pisa
data/raw/caltech256/256_ObjectCategories/225.tower-pisa/225_0087.jpg,224,225.tower-pisa
data/raw/caltech256/256_ObjectCategories/225.tower-pisa/225_0027.jpg,224,225.tower-pisa
data/raw/caltech256/256_ObjectCategories/225.tower-pisa/225_0044.jpg,224,225.tower-pisa
data/raw/caltech256/256_ObjectCategories/225.tower-pisa/225_0033.jpg,224,225.tower-pisa
data/raw/caltech256/256_ObjectCategories/225.tower-pisa/225_0017.jpg,224,225.tower-pisa
data/raw/caltech256/256_ObjectCategories/225.tower-pisa/225_0004.jpg,224,225.tower-pisa
data/raw/caltech256/256_ObjectCategories/225.tower-pisa/225_0052.jpg,224,225.tower-pisa
data/raw/caltech256/256_ObjectCategories/225.tower-pisa/225_0065.jpg,224,225.tower-pisa
data/raw/caltech256/256_ObjectCategories/225.tower-pisa/225_0040.jpg,224,225.tower-pisa
data/raw/caltech256/256_ObjectCategories/225.tower-pisa/225_0081.jpg,224,225.tower-pisa
data/raw/caltech256/256_ObjectCategories/225.tower-pisa/225_0090.jpg,224,225.tower-pisa
data/raw/caltech256/256_ObjectCategories/225.tower-pisa/225_0009.jpg,224,225.tower-pisa
data/raw/caltech256/256_ObjectCategories/225.tower-pisa/225_0053.jpg,224,225.tower-pisa
data/raw/caltech256/256_ObjectCategories/225.tower-pisa/225_0020.jpg,224,225.tower-pisa
data/raw/caltech256/256_ObjectCategories/225.tower-pisa/225_0075.jpg,224,225.tower-pisa
data/raw/caltech256/256_ObjectCategories/225.tower-pisa/225_0026.jpg,224,225.tower-pisa
data/raw/caltech256/256_ObjectCategories/225.tower-pisa/225_0028.jpg,224,225.tower-pisa
data/raw/caltech256/256_ObjectCategories/225.tower-pisa/225_0067.jpg,224,225.tower-pisa
data/raw/caltech256/256_ObjectCategories/225.tower-pisa/225_0078.jpg,224,225.tower-pisa
data/raw/caltech256/256_ObjectCategories/225.tower-pisa/225_0049.jpg,224,225.tower-pisa
data/raw/caltech256/256_ObjectCategories/225.tower-pisa/225_0055.jpg,224,225.tower-pisa
data/raw/caltech256/256_ObjectCategories/225.tower-pisa/225_0054.jpg,224,225.tower-pisa
data/raw/caltech256/256_ObjectCategories/225.tower-pisa/225_0058.jpg,224,225.tower-pisa
data/raw/caltech256/256_ObjectCategories/225.tower-pisa/225_0050.jpg,224,225.tower-pisa
data/raw/caltech256/256_ObjectCategories/225.tower-pisa/225_0008.jpg,224,225.tower-pisa
data/raw/caltech256/256_ObjectCategories/225.tower-pisa/225_0068.jpg,224,225.tower-pisa
data/raw/caltech256/256_ObjectCategories/225.tower-pisa/225_0003.jpg,224,225.tower-pisa
data/raw/caltech256/256_ObjectCategories/226.traffic-light/226_0061.jpg,225,226.traffic-light
data/raw/caltech256/256_ObjectCategories/226.traffic-light/226_0017.jpg,225,226.traffic-light
data/raw/caltech256/256_ObjectCategories/226.traffic-light/226_0042.jpg,225,226.traffic-light
data/raw/caltech256/256_ObjectCategories/226.traffic-light/226_0038.jpg,225,226.traffic-light
data/raw/caltech256/256_ObjectCategories/226.traffic-light/226_0037.jpg,225,226.traffic-light
data/raw/caltech256/256_ObjectCategories/226.traffic-light/226_0054.jpg,225,226.traffic-light
data/raw/caltech256/256_ObjectCategories/226.traffic-light/226_0055.jpg,225,226.traffic-light
data/raw/caltech256/256_ObjectCategories/226.traffic-light/226_0095.jpg,225,226.traffic-light
data/raw/caltech256/256_ObjectCategories/226.traffic-light/226_0028.jpg,225,226.traffic-light
data/raw/caltech256/256_ObjectCategories/226.traffic-light/226_0047.jpg,225,226.traffic-light
data/raw/caltech256/256_ObjectCategories/226.traffic-light/226_0045.jpg,225,226.traffic-light
data/raw/caltech256/256_ObjectCategories/226.traffic-light/226_0087.jpg,225,226.traffic-light
data/raw/caltech256/256_ObjectCategories/226.traffic-light/226_0071.jpg,225,226.traffic-light
data/raw/caltech256/256_ObjectCategories/226.traffic-light/226_0016.jpg,225,226.traffic-light
data/raw/caltech256/256_ObjectCategories/226.traffic-light/226_0052.jpg,225,226.traffic-light
data/raw/caltech256/256_ObjectCategories/226.traffic-light/226_0039.jpg,225,226.traffic-light
data/raw/caltech256/256_ObjectCategories/226.traffic-light/226_0064.jpg,225,226.traffic-light
data/raw/caltech256/256_ObjectCategories/226.traffic-light/226_0015.jpg,225,226.traffic-light
data/raw/caltech256/256_ObjectCategories/226.traffic-light/226_0090.jpg,225,226.traffic-light
data/raw/caltech256/256_ObjectCategories/226.traffic-light/226_0099.jpg,225,226.traffic-light
data/raw/caltech256/256_ObjectCategories/226.traffic-light/226_0044.jpg,225,226.traffic-light
data/raw/caltech256/256_ObjectCategories/226.traffic-light/226_0027.jpg,225,226.traffic-light
data/raw/caltech256/256_ObjectCategories/226.traffic-light/226_0041.jpg,225,226.traffic-light
data/raw/caltech256/256_ObjectCategories/226.traffic-light/226_0012.jpg,225,226.traffic-light
data/raw/caltech256/256_ObjectCategories/226.traffic-light/226_0085.jpg,225,226.traffic-light
data/raw/caltech256/256_ObjectCategories/226.traffic-light/226_0002.jpg,225,226.traffic-light
data/raw/caltech256/256_ObjectCategories/226.traffic-light/226_0062.jpg,225,226.traffic-light
data/raw/caltech256/256_ObjectCategories/226.traffic-light/226_0076.jpg,225,226.traffic-light
data/raw/caltech256/256_ObjectCategories/226.traffic-light/226_0001.jpg,225,226.traffic-light
data/raw/caltech256/256_ObjectCategories/226.traffic-light/226_0035.jpg,225,226.traffic-light
data/raw/caltech256/256_ObjectCategories/226.traffic-light/226_0073.jpg,225,226.traffic-light
data/raw/caltech256/256_ObjectCategories/226.traffic-light/226_0088.jpg,225,226.traffic-light
data/raw/caltech256/256_ObjectCategories/226.traffic-light/226_0070.jpg,225,226.traffic-light
data/raw/caltech256/256_ObjectCategories/226.traffic-light/226_0092.jpg,225,226.traffic-light
data/raw/caltech256/256_ObjectCategories/226.traffic-light/226_0079.jpg,225,226.traffic-light
data/raw/caltech256/256_ObjectCategories/227.treadmill/227_0080.jpg,226,227.treadmill
data/raw/caltech256/256_ObjectCategories/227.treadmill/227_0138.jpg,226,227.treadmill
data/raw/caltech256/256_ObjectCategories/227.treadmill/227_0040.jpg,226,227.treadmill
data/raw/caltech256/256_ObjectCategories/227.treadmill/227_0131.jpg,226,227.treadmill
data/raw/caltech256/256_ObjectCategories/227.treadmill/227_0146.jpg,226,227.treadmill
data/raw/caltech256/256_ObjectCategories/227.treadmill/227_0096.jpg,226,227.treadmill
data/raw/caltech256/256_ObjectCategories/227.treadmill/227_0145.jpg,226,227.treadmill
data/raw/caltech256/256_ObjectCategories/227.treadmill/227_0042.jpg,226,227.treadmill
data/raw/caltech256/256_ObjectCategories/227.treadmill/227_0016.jpg,226,227.treadmill
data/raw/caltech256/256_ObjectCategories/227.treadmill/227_0027.jpg,226,227.treadmill
data/raw/caltech256/256_ObjectCategories/227.treadmill/227_0090.jpg,226,227.treadmill
data/raw/caltech256/256_ObjectCategories/227.treadmill/227_0123.jpg,226,227.treadmill
data/raw/caltech256/256_ObjectCategories/227.treadmill/227_0088.jpg,226,227.treadmill
data/raw/caltech256/256_ObjectCategories/227.treadmill/227_0072.jpg,226,227.treadmill
data/raw/caltech256/256_ObjectCategories/227.treadmill/227_0037.jpg,226,227.treadmill
data/raw/caltech256/256_ObjectCategories/227.treadmill/227_0112.jpg,226,227.treadmill
data/raw/caltech256/256_ObjectCategories/227.treadmill/227_0021.jpg,226,227.treadmill
data/raw/caltech256/256_ObjectCategories/227.treadmill/227_0071.jpg,226,227.treadmill
data/raw/caltech256/256_ObjectCategories/227.treadmill/227_0005.jpg,226,227.treadmill
data/raw/caltech256/256_ObjectCategories/227.treadmill/227_0101.jpg,226,227.treadmill
data/raw/caltech256/256_ObjectCategories/227.treadmill/227_0117.jpg,226,227.treadmill
data/raw/caltech256/256_ObjectCategories/227.treadmill/227_0102.jpg,226,227.treadmill
data/raw/caltech256/256_ObjectCategories/227.treadmill/227_0104.jpg,226,227.treadmill
data/raw/caltech256/256_ObjectCategories/227.treadmill/227_0081.jpg,226,227.treadmill
data/raw/caltech256/256_ObjectCategories/227.treadmill/227_0048.jpg,226,227.treadmill
data/raw/caltech256/256_ObjectCategories/227.treadmill/227_0135.jpg,226,227.treadmill
data/raw/caltech256/256_ObjectCategories/227.treadmill/227_0119.jpg,226,227.treadmill
data/raw/caltech256/256_ObjectCategories/227.treadmill/227_0103.jpg,226,227.treadmill
data/raw/caltech256/256_ObjectCategories/227.treadmill/227_0143.jpg,226,227.treadmill
data/raw/caltech256/256_ObjectCategories/227.treadmill/227_0113.jpg,226,227.treadmill
data/raw/caltech256/256_ObjectCategories/227.treadmill/227_0015.jpg,226,227.treadmill
data/raw/caltech256/256_ObjectCategories/227.treadmill/227_0074.jpg,226,227.treadmill
data/raw/caltech256/256_ObjectCategories/227.treadmill/227_0013.jpg,226,227.treadmill
data/raw/caltech256/256_ObjectCategories/227.treadmill/227_0067.jpg,226,227.treadmill
data/raw/caltech256/256_ObjectCategories/227.treadmill/227_0141.jpg,226,227.treadmill
data/raw/caltech256/256_ObjectCategories/227.treadmill/227_0007.jpg,226,227.treadmill
data/raw/caltech256/256_ObjectCategories/227.treadmill/227_0136.jpg,226,227.treadmill
data/raw/caltech256/256_ObjectCategories/227.treadmill/227_0073.jpg,226,227.treadmill
data/raw/caltech256/256_ObjectCategories/227.treadmill/227_0041.jpg,226,227.treadmill
data/raw/caltech256/256_ObjectCategories/227.treadmill/227_0012.jpg,226,227.treadmill
data/raw/caltech256/256_ObjectCategories/227.treadmill/227_0003.jpg,226,227.treadmill
data/raw/caltech256/256_ObjectCategories/227.treadmill/227_0147.jpg,226,227.treadmill
data/raw/caltech256/256_ObjectCategories/227.treadmill/227_0094.jpg,226,227.treadmill
data/raw/caltech256/256_ObjectCategories/227.treadmill/227_0127.jpg,226,227.treadmill
data/raw/caltech256/256_ObjectCategories/227.treadmill/227_0100.jpg,226,227.treadmill
data/raw/caltech256/256_ObjectCategories/227.treadmill/227_0006.jpg,226,227.treadmill
data/raw/caltech256/256_ObjectCategories/227.treadmill/227_0061.jpg,226,227.treadmill
data/raw/caltech256/256_ObjectCategories/227.treadmill/227_0137.jpg,226,227.treadmill
data/raw/caltech256/256_ObjectCategories/227.treadmill/227_0128.jpg,226,227.treadmill
data/raw/caltech256/256_ObjectCategories/227.treadmill/227_0035.jpg,226,227.treadmill
data/raw/caltech256/256_ObjectCategories/227.treadmill/227_0130.jpg,226,227.treadmill
data/raw/caltech256/256_ObjectCategories/227.treadmill/227_0055.jpg,226,227.treadmill
data/raw/caltech256/256_ObjectCategories/228.triceratops/228_0005.jpg,227,228.triceratops
data/raw/caltech256/256_ObjectCategories/228.triceratops/228_0048.jpg,227,228.triceratops
data/raw/caltech256/256_ObjectCategories/228.triceratops/228_0019.jpg,227,228.triceratops
data/raw/caltech256/256_ObjectCategories/228.triceratops/228_0009.jpg,227,228.triceratops
data/raw/caltech256/256_ObjectCategories/228.triceratops/228_0011.jpg,227,228.triceratops
data/raw/caltech256/256_ObjectCategories/228.triceratops/228_0050.jpg,227,228.triceratops
data/raw/caltech256/256_ObjectCategories/228.triceratops/228_0031.jpg,227,228.triceratops
data/raw/caltech256/256_ObjectCategories/228.triceratops/228_0077.jpg,227,228.triceratops
data/raw/caltech256/256_ObjectCategories/228.triceratops/228_0036.jpg,227,228.triceratops
data/raw/caltech256/256_ObjectCategories/228.triceratops/228_0034.jpg,227,228.triceratops
data/raw/caltech256/256_ObjectCategories/228.triceratops/228_0029.jpg,227,228.triceratops
data/raw/caltech256/256_ObjectCategories/228.triceratops/228_0064.jpg,227,228.triceratops
data/raw/caltech256/256_ObjectCategories/228.triceratops/228_0061.jpg,227,228.triceratops
data/raw/caltech256/256_ObjectCategories/228.triceratops/228_0068.jpg,227,228.triceratops
data/raw/caltech256/256_ObjectCategories/228.triceratops/228_0044.jpg,227,228.triceratops
data/raw/caltech256/256_ObjectCategories/228.triceratops/228_0014.jpg,227,228.triceratops
data/raw/caltech256/256_ObjectCategories/228.triceratops/228_0023.jpg,227,228.triceratops
data/raw/caltech256/256_ObjectCategories/228.triceratops/228_0012.jpg,227,228.triceratops
data/raw/caltech256/256_ObjectCategories/228.triceratops/228_0079.jpg,227,228.triceratops
data/raw/caltech256/256_ObjectCategories/228.triceratops/228_0003.jpg,227,228.triceratops
data/raw/caltech256/256_ObjectCategories/228.triceratops/228_0058.jpg,227,228.triceratops
data/raw/caltech256/256_ObjectCategories/228.triceratops/228_0062.jpg,227,228.triceratops
data/raw/caltech256/256_ObjectCategories/228.triceratops/228_0008.jpg,227,228.triceratops
data/raw/caltech256/256_ObjectCategories/228.triceratops/228_0002.jpg,227,228.triceratops
data/raw/caltech256/256_ObjectCategories/228.triceratops/228_0081.jpg,227,228.triceratops
data/raw/caltech256/256_ObjectCategories/228.triceratops/228_0020.jpg,227,228.triceratops
data/raw/caltech256/256_ObjectCategories/228.triceratops/228_0001.jpg,227,228.triceratops
data/raw/caltech256/256_ObjectCategories/228.triceratops/228_0013.jpg,227,228.triceratops
data/raw/caltech256/256_ObjectCategories/228.triceratops/228_0024.jpg,227,228.triceratops
data/raw/caltech256/256_ObjectCategories/228.triceratops/228_0072.jpg,227,228.triceratops
data/raw/caltech256/256_ObjectCategories/228.triceratops/228_0010.jpg,227,228.triceratops
data/raw/caltech256/256_ObjectCategories/228.triceratops/228_0045.jpg,227,228.triceratops
data/raw/caltech256/256_ObjectCategories/228.triceratops/228_0051.jpg,227,228.triceratops
data/raw/caltech256/256_ObjectCategories/229.tricycle/229_0064.jpg,228,229.tricycle
data/raw/caltech256/256_ObjectCategories/229.tricycle/229_0077.jpg,228,229.tricycle
data/raw/caltech256/256_ObjectCategories/229.tricycle/229_0090.jpg,228,229.tricycle
data/raw/caltech256/256_ObjectCategories/229.tricycle/229_0082.jpg,228,229.tricycle
data/raw/caltech256/256_ObjectCategories/229.tricycle/229_0076.jpg,228,229.tricycle
data/raw/caltech256/256_ObjectCategories/229.tricycle/229_0028.jpg,228,229.tricycle
data/raw/caltech256/256_ObjectCategories/229.tricycle/229_0085.jpg,228,229.tricycle
data/raw/caltech256/256_ObjectCategories/229.tricycle/229_0006.jpg,228,229.tricycle
data/raw/caltech256/256_ObjectCategories/229.tricycle/229_0065.jpg,228,229.tricycle
data/raw/caltech256/256_ObjectCategories/229.tricycle/229_0069.jpg,228,229.tricycle
data/raw/caltech256/256_ObjectCategories/229.tricycle/229_0024.jpg,228,229.tricycle
data/raw/caltech256/256_ObjectCategories/229.tricycle/229_0027.jpg,228,229.tricycle
data/raw/caltech256/256_ObjectCategories/229.tricycle/229_0017.jpg,228,229.tricycle
data/raw/caltech256/256_ObjectCategories/229.tricycle/229_0020.jpg,228,229.tricycle
data/raw/caltech256/256_ObjectCategories/229.tricycle/229_0037.jpg,228,229.tricycle
data/raw/caltech256/256_ObjectCategories/229.tricycle/229_0053.jpg,228,229.tricycle
data/raw/caltech256/256_ObjectCategories/229.tricycle/229_0036.jpg,228,229.tricycle
data/raw/caltech256/256_ObjectCategories/229.tricycle/229_0080.jpg,228,229.tricycle
data/raw/caltech256/256_ObjectCategories/229.tricycle/229_0056.jpg,228,229.tricycle
data/raw/caltech256/256_ObjectCategories/229.tricycle/229_0088.jpg,228,229.tricycle
data/raw/caltech256/256_ObjectCategories/229.tricycle/229_0002.jpg,228,229.tricycle
data/raw/caltech256/256_ObjectCategories/229.tricycle/229_0095.jpg,228,229.tricycle
data/raw/caltech256/256_ObjectCategories/229.tricycle/229_0094.jpg,228,229.tricycle
data/raw/caltech256/256_ObjectCategories/229.tricycle/229_0089.jpg,228,229.tricycle
data/raw/caltech256/256_ObjectCategories/229.tricycle/229_0047.jpg,228,229.tricycle
data/raw/caltech256/256_ObjectCategories/229.tricycle/229_0081.jpg,228,229.tricycle
data/raw/caltech256/256_ObjectCategories/229.tricycle/229_0061.jpg,228,229.tricycle
data/raw/caltech256/256_ObjectCategories/229.tricycle/229_0059.jpg,228,229.tricycle
data/raw/caltech256/256_ObjectCategories/229.tricycle/229_0030.jpg,228,229.tricycle
data/raw/caltech256/256_ObjectCategories/229.tricycle/229_0041.jpg,228,229.tricycle
data/raw/caltech256/256_ObjectCategories/229.tricycle/229_0025.jpg,228,229.tricycle
data/raw/caltech256/256_ObjectCategories/229.tricycle/229_0057.jpg,228,229.tricycle
data/raw/caltech256/256_ObjectCategories/229.tricycle/229_0012.jpg,228,229.tricycle
data/raw/caltech256/256_ObjectCategories/230.trilobite-101/230_0017.jpg,229,230.trilobite-101
data/raw/caltech256/256_ObjectCategories/230.trilobite-101/230_0034.jpg,229,230.trilobite-101
data/raw/caltech256/256_ObjectCategories/230.trilobite-101/230_0063.jpg,229,230.trilobite-101
data/raw/caltech256/256_ObjectCategories/230.trilobite-101/230_0047.jpg,229,230.trilobite-101
data/raw/caltech256/256_ObjectCategories/230.trilobite-101/230_0060.jpg,229,230.trilobite-101
data/raw/caltech256/256_ObjectCategories/230.trilobite-101/230_0022.jpg,229,230.trilobite-101
data/raw/caltech256/256_ObjectCategories/230.trilobite-101/230_0048.jpg,229,230.trilobite-101
data/raw/caltech256/256_ObjectCategories/230.trilobite-101/230_0073.jpg,229,230.trilobite-101
data/raw/caltech256/256_ObjectCategories/230.trilobite-101/230_0080.jpg,229,230.trilobite-101
data/raw/caltech256/256_ObjectCategories/230.trilobite-101/230_0005.jpg,229,230.trilobite-101
data/raw/caltech256/256_ObjectCategories/230.trilobite-101/230_0081.jpg,229,230.trilobite-101
data/raw/caltech256/256_ObjectCategories/230.trilobite-101/230_0086.jpg,229,230.trilobite-101
data/raw/caltech256/256_ObjectCategories/230.trilobite-101/230_0009.jpg,229,230.trilobite-101
data/raw/caltech256/256_ObjectCategories/230.trilobite-101/230_0089.jpg,229,230.trilobite-101
data/raw/caltech256/256_ObjectCategories/230.trilobite-101/230_0008.jpg,229,230.trilobite-101
data/raw/caltech256/256_ObjectCategories/230.trilobite-101/230_0067.jpg,229,230.trilobite-101
data/raw/caltech256/256_ObjectCategories/230.trilobite-101/230_0094.jpg,229,230.trilobite-101
data/raw/caltech256/256_ObjectCategories/230.trilobite-101/230_0033.jpg,229,230.trilobite-101
data/raw/caltech256/256_ObjectCategories/230.trilobite-101/230_0061.jpg,229,230.trilobite-101
data/raw/caltech256/256_ObjectCategories/230.trilobite-101/230_0078.jpg,229,230.trilobite-101
data/raw/caltech256/256_ObjectCategories/230.trilobite-101/230_0013.jpg,229,230.trilobite-101
data/raw/caltech256/256_ObjectCategories/230.trilobite-101/230_0083.jpg,229,230.trilobite-101
data/raw/caltech256/256_ObjectCategories/230.trilobite-101/230_0059.jpg,229,230.trilobite-101
data/raw/caltech256/256_ObjectCategories/230.trilobite-101/230_0040.jpg,229,230.trilobite-101
data/raw/caltech256/256_ObjectCategories/230.trilobite-101/230_0006.jpg,229,230.trilobite-101
data/raw/caltech256/256_ObjectCategories/230.trilobite-101/230_0037.jpg,229,230.trilobite-101
data/raw/caltech256/256_ObjectCategories/230.trilobite-101/230_0010.jpg,229,230.trilobite-101
data/raw/caltech256/256_ObjectCategories/230.trilobite-101/230_0044.jpg,229,230.trilobite-101
data/raw/caltech256/256_ObjectCategories/230.trilobite-101/230_0021.jpg,229,230.trilobite-101
data/raw/caltech256/256_ObjectCategories/230.trilobite-101/230_0045.jpg,229,230.trilobite-101
data/raw/caltech256/256_ObjectCategories/230.trilobite-101/230_0031.jpg,229,230.trilobite-101
data/raw/caltech256/256_ObjectCategories/230.trilobite-101/230_0082.jpg,229,230.trilobite-101
data/raw/caltech256/256_ObjectCategories/230.trilobite-101/230_0001.jpg,229,230.trilobite-101
data/raw/caltech256/256_ObjectCategories/231.tripod/231_0075.jpg,230,231.tripod
data/raw/caltech256/256_ObjectCategories/231.tripod/231_0009.jpg,230,231.tripod
data/raw/caltech256/256_ObjectCategories/231.tripod/231_0015.jpg,230,231.tripod
data/raw/caltech256/256_ObjectCategories/231.tripod/231_0047.jpg,230,231.tripod
data/raw/caltech256/256_ObjectCategories/231.tripod/231_0059.jpg,230,231.tripod
data/raw/caltech256/256_ObjectCategories/231.tripod/231_0004.jpg,230,231.tripod
data/raw/caltech256/256_ObjectCategories/231.tripod/231_0043.jpg,230,231.tripod
data/raw/caltech256/256_ObjectCategories/231.tripod/231_0062.jpg,230,231.tripod
data/raw/caltech256/256_ObjectCategories/231.tripod/231_0070.jpg,230,231.tripod
data/raw/caltech256/256_ObjectCategories/231.tripod/231_0003.jpg,230,231.tripod
data/raw/caltech256/256_ObjectCategories/231.tripod/231_0105.jpg,230,231.tripod
data/raw/caltech256/256_ObjectCategories/231.tripod/231_0006.jpg,230,231.tripod
data/raw/caltech256/256_ObjectCategories/231.tripod/231_0066.jpg,230,231.tripod
data/raw/caltech256/256_ObjectCategories/231.tripod/231_0019.jpg,230,231.tripod
data/raw/caltech256/256_ObjectCategories/231.tripod/231_0041.jpg,230,231.tripod
data/raw/caltech256/256_ObjectCategories/231.tripod/231_0032.jpg,230,231.tripod
data/raw/caltech256/256_ObjectCategories/231.tripod/231_0029.jpg,230,231.tripod
data/raw/caltech256/256_ObjectCategories/231.tripod/231_0065.jpg,230,231.tripod
data/raw/caltech256/256_ObjectCategories/231.tripod/231_0051.jpg,230,231.tripod
data/raw/caltech256/256_ObjectCategories/231.tripod/231_0089.jpg,230,231.tripod
data/raw/caltech256/256_ObjectCategories/231.tripod/231_0011.jpg,230,231.tripod
data/raw/caltech256/256_ObjectCategories/231.tripod/231_0093.jpg,230,231.tripod
data/raw/caltech256/256_ObjectCategories/231.tripod/231_0094.jpg,230,231.tripod
data/raw/caltech256/256_ObjectCategories/231.tripod/231_0112.jpg,230,231.tripod
data/raw/caltech256/256_ObjectCategories/231.tripod/231_0035.jpg,230,231.tripod
data/raw/caltech256/256_ObjectCategories/231.tripod/231_0082.jpg,230,231.tripod
data/raw/caltech256/256_ObjectCategories/231.tripod/231_0084.jpg,230,231.tripod
data/raw/caltech256/256_ObjectCategories/231.tripod/231_0052.jpg,230,231.tripod
data/raw/caltech256/256_ObjectCategories/231.tripod/231_0042.jpg,230,231.tripod
data/raw/caltech256/256_ObjectCategories/231.tripod/231_0036.jpg,230,231.tripod
data/raw/caltech256/256_ObjectCategories/231.tripod/231_0049.jpg,230,231.tripod
data/raw/caltech256/256_ObjectCategories/231.tripod/231_0080.jpg,230,231.tripod
data/raw/caltech256/256_ObjectCategories/231.tripod/231_0013.jpg,230,231.tripod
data/raw/caltech256/256_ObjectCategories/231.tripod/231_0107.jpg,230,231.tripod
data/raw/caltech256/256_ObjectCategories/231.tripod/231_0055.jpg,230,231.tripod
data/raw/caltech256/256_ObjectCategories/231.tripod/231_0108.jpg,230,231.tripod
data/raw/caltech256/256_ObjectCategories/231.tripod/231_0069.jpg,230,231.tripod
data/raw/caltech256/256_ObjectCategories/231.tripod/231_0012.jpg,230,231.tripod
data/raw/caltech256/256_ObjectCategories/231.tripod/231_0030.jpg,230,231.tripod
data/raw/caltech256/256_ObjectCategories/231.tripod/231_0097.jpg,230,231.tripod
data/raw/caltech256/256_ObjectCategories/232.t-shirt/232_0151.jpg,231,232.t-shirt
data/raw/caltech256/256_ObjectCategories/232.t-shirt/232_0182.jpg,231,232.t-shirt
data/raw/caltech256/256_ObjectCategories/232.t-shirt/232_0128.jpg,231,232.t-shirt
data/raw/caltech256/256_ObjectCategories/232.t-shirt/232_0330.jpg,231,232.t-shirt
data/raw/caltech256/256_ObjectCategories/232.t-shirt/232_0247.jpg,231,232.t-shirt
data/raw/caltech256/256_ObjectCategories/232.t-shirt/232_0295.jpg,231,232.t-shirt
data/raw/caltech256/256_ObjectCategories/232.t-shirt/232_0201.jpg,231,232.t-shirt
data/raw/caltech256/256_ObjectCategories/232.t-shirt/232_0200.jpg,231,232.t-shirt
data/raw/caltech256/256_ObjectCategories/232.t-shirt/232_0277.jpg,231,232.t-shirt
data/raw/caltech256/256_ObjectCategories/232.t-shirt/232_0016.jpg,231,232.t-shirt
data/raw/caltech256/256_ObjectCategories/232.t-shirt/232_0269.jpg,231,232.t-shirt
data/raw/caltech256/256_ObjectCategories/232.t-shirt/232_0293.jpg,231,232.t-shirt
data/raw/caltech256/256_ObjectCategories/232.t-shirt/232_0160.jpg,231,232.t-shirt
data/raw/caltech256/256_ObjectCategories/232.t-shirt/232_0205.jpg,231,232.t-shirt
data/raw/caltech256/256_ObjectCategories/232.t-shirt/232_0057.jpg,231,232.t-shirt
data/raw/caltech256/256_ObjectCategories/232.t-shirt/232_0297.jpg,231,232.t-shirt
data/raw/caltech256/256_ObjectCategories/232.t-shirt/232_0166.jpg,231,232.t-shirt
data/raw/caltech256/256_ObjectCategories/232.t-shirt/232_0115.jpg,231,232.t-shirt
data/raw/caltech256/256_ObjectCategories/232.t-shirt/232_0189.jpg,231,232.t-shirt
data/raw/caltech256/256_ObjectCategories/232.t-shirt/232_0301.jpg,231,232.t-shirt
data/raw/caltech256/256_ObjectCategories/232.t-shirt/232_0032.jpg,231,232.t-shirt
data/raw/caltech256/256_ObjectCategories/232.t-shirt/232_0354.jpg,231,232.t-shirt
data/raw/caltech256/256_ObjectCategories/232.t-shirt/232_0227.jpg,231,232.t-shirt
data/raw/caltech256/256_ObjectCategories/232.t-shirt/232_0159.jpg,231,232.t-shirt
data/raw/caltech256/256_ObjectCategories/232.t-shirt/232_0276.jpg,231,232.t-shirt
data/raw/caltech256/256_ObjectCategories/232.t-shirt/232_0242.jpg,231,232.t-shirt
data/raw/caltech256/256_ObjectCategories/232.t-shirt/232_0072.jpg,231,232.t-shirt
data/raw/caltech256/256_ObjectCategories/232.t-shirt/232_0320.jpg,231,232.t-shirt
data/raw/caltech256/256_ObjectCategories/232.t-shirt/232_0110.jpg,231,232.t-shirt
data/raw/caltech256/256_ObjectCategories/232.t-shirt/232_0348.jpg,231,232.t-shirt
data/raw/caltech256/256_ObjectCategories/232.t-shirt/232_0050.jpg,231,232.t-shirt
data/raw/caltech256/256_ObjectCategories/232.t-shirt/232_0091.jpg,231,232.t-shirt
data/raw/caltech256/256_ObjectCategories/232.t-shirt/232_0003.jpg,231,232.t-shirt
data/raw/caltech256/256_ObjectCategories/232.t-shirt/232_0089.jpg,231,232.t-shirt
data/raw/caltech256/256_ObjectCategories/232.t-shirt/232_0267.jpg,231,232.t-shirt
data/raw/caltech256/256_ObjectCategories/232.t-shirt/232_0206.jpg,231,232.t-shirt
data/raw/caltech256/256_ObjectCategories/232.t-shirt/232_0043.jpg,231,232.t-shirt
data/raw/caltech256/256_ObjectCategories/232.t-shirt/232_0321.jpg,231,232.t-shirt
data/raw/caltech256/256_ObjectCategories/232.t-shirt/232_0208.jpg,231,232.t-shirt
data/raw/caltech256/256_ObjectCategories/232.t-shirt/232_0210.jpg,231,232.t-shirt
data/raw/caltech256/256_ObjectCategories/232.t-shirt/232_0244.jpg,231,232.t-shirt
data/raw/caltech256/256_ObjectCategories/232.t-shirt/232_0314.jpg,231,232.t-shirt
data/raw/caltech256/256_ObjectCategories/232.t-shirt/232_0199.jpg,231,232.t-shirt
data/raw/caltech256/256_ObjectCategories/232.t-shirt/232_0310.jpg,231,232.t-shirt
data/raw/caltech256/256_ObjectCategories/232.t-shirt/232_0099.jpg,231,232.t-shirt
data/raw/caltech256/256_ObjectCategories/232.t-shirt/232_0285.jpg,231,232.t-shirt
data/raw/caltech256/256_ObjectCategories/232.t-shirt/232_0331.jpg,231,232.t-shirt
data/raw/caltech256/256_ObjectCategories/232.t-shirt/232_0044.jpg,231,232.t-shirt
data/raw/caltech256/256_ObjectCategories/232.t-shirt/232_0140.jpg,231,232.t-shirt
data/raw/caltech256/256_ObjectCategories/232.t-shirt/232_0239.jpg,231,232.t-shirt
data/raw/caltech256/256_ObjectCategories/232.t-shirt/232_0142.jpg,231,232.t-shirt
data/raw/caltech256/256_ObjectCategories/232.t-shirt/232_0080.jpg,231,232.t-shirt
data/raw/caltech256/256_ObjectCategories/232.t-shirt/232_0118.jpg,231,232.t-shirt
data/raw/caltech256/256_ObjectCategories/232.t-shirt/232_0194.jpg,231,232.t-shirt
data/raw/caltech256/256_ObjectCategories/232.t-shirt/232_0350.jpg,231,232.t-shirt
data/raw/caltech256/256_ObjectCategories/232.t-shirt/232_0051.jpg,231,232.t-shirt
data/raw/caltech256/256_ObjectCategories/232.t-shirt/232_0175.jpg,231,232.t-shirt
data/raw/caltech256/256_ObjectCategories/232.t-shirt/232_0309.jpg,231,232.t-shirt
data/raw/caltech256/256_ObjectCategories/232.t-shirt/232_0184.jpg,231,232.t-shirt
data/raw/caltech256/256_ObjectCategories/232.t-shirt/232_0143.jpg,231,232.t-shirt
data/raw/caltech256/256_ObjectCategories/232.t-shirt/232_0007.jpg,231,232.t-shirt
data/raw/caltech256/256_ObjectCategories/232.t-shirt/232_0181.jpg,231,232.t-shirt
data/raw/caltech256/256_ObjectCategories/232.t-shirt/232_0308.jpg,231,232.t-shirt
data/raw/caltech256/256_ObjectCategories/232.t-shirt/232_0004.jpg,231,232.t-shirt
data/raw/caltech256/256_ObjectCategories/232.t-shirt/232_0341.jpg,231,232.t-shirt
data/raw/caltech256/256_ObjectCategories/232.t-shirt/232_0209.jpg,231,232.t-shirt
data/raw/caltech256/256_ObjectCategories/232.t-shirt/232_0328.jpg,231,232.t-shirt
data/raw/caltech256/256_ObjectCategories/232.t-shirt/232_0107.jpg,231,232.t-shirt
data/raw/caltech256/256_ObjectCategories/232.t-shirt/232_0076.jpg,231,232.t-shirt
data/raw/caltech256/256_ObjectCategories/232.t-shirt/232_0177.jpg,231,232.t-shirt
data/raw/caltech256/256_ObjectCategories/232.t-shirt/232_0324.jpg,231,232.t-shirt
data/raw/caltech256/256_ObjectCategories/232.t-shirt/232_0026.jpg,231,232.t-shirt
data/raw/caltech256/256_ObjectCategories/232.t-shirt/232_0077.jpg,231,232.t-shirt
data/raw/caltech256/256_ObjectCategories/232.t-shirt/232_0039.jpg,231,232.t-shirt
data/raw/caltech256/256_ObjectCategories/232.t-shirt/232_0253.jpg,231,232.t-shirt
data/raw/caltech256/256_ObjectCategories/232.t-shirt/232_0300.jpg,231,232.t-shirt
data/raw/caltech256/256_ObjectCategories/232.t-shirt/232_0197.jpg,231,232.t-shirt
data/raw/caltech256/256_ObjectCategories/232.t-shirt/232_0154.jpg,231,232.t-shirt
data/raw/caltech256/256_ObjectCategories/232.t-shirt/232_0056.jpg,231,232.t-shirt
data/raw/caltech256/256_ObjectCategories/232.t-shirt/232_0040.jpg,231,232.t-shirt
data/raw/caltech256/256_ObjectCategories/232.t-shirt/232_0062.jpg,231,232.t-shirt
data/raw/caltech256/256_ObjectCategories/232.t-shirt/232_0109.jpg,231,232.t-shirt
data/raw/caltech256/256_ObjectCategories/232.t-shirt/232_0088.jpg,231,232.t-shirt
data/raw/caltech256/256_ObjectCategories/232.t-shirt/232_0019.jpg,231,232.t-shirt
data/raw/caltech256/256_ObjectCategories/232.t-shirt/232_0146.jpg,231,232.t-shirt
data/raw/caltech256/256_ObjectCategories/232.t-shirt/232_0355.jpg,231,232.t-shirt
data/raw/caltech256/256_ObjectCategories/232.t-shirt/232_0036.jpg,231,232.t-shirt
data/raw/caltech256/256_ObjectCategories/232.t-shirt/232_0304.jpg,231,232.t-shirt
data/raw/caltech256/256_ObjectCategories/232.t-shirt/232_0023.jpg,231,232.t-shirt
data/raw/caltech256/256_ObjectCategories/232.t-shirt/232_0157.jpg,231,232.t-shirt
data/raw/caltech256/256_ObjectCategories/232.t-shirt/232_0306.jpg,231,232.t-shirt
data/raw/caltech256/256_ObjectCategories/232.t-shirt/232_0339.jpg,231,232.t-shirt
data/raw/caltech256/256_ObjectCategories/232.t-shirt/232_0203.jpg,231,232.t-shirt
data/raw/caltech256/256_ObjectCategories/232.t-shirt/232_0139.jpg,231,232.t-shirt
data/raw/caltech256/256_ObjectCategories/232.t-shirt/232_0169.jpg,231,232.t-shirt
data/raw/caltech256/256_ObjectCategories/232.t-shirt/232_0001.jpg,231,232.t-shirt
data/raw/caltech256/256_ObjectCategories/232.t-shirt/232_0258.jpg,231,232.t-shirt
data/raw/caltech256/256_ObjectCategories/232.t-shirt/232_0164.jpg,231,232.t-shirt
data/raw/caltech256/256_ObjectCategories/232.t-shirt/232_0101.jpg,231,232.t-shirt
data/raw/caltech256/256_ObjectCategories/232.t-shirt/232_0323.jpg,231,232.t-shirt
data/raw/caltech256/256_ObjectCategories/232.t-shirt/232_0123.jpg,231,232.t-shirt
data/raw/caltech256/256_ObjectCategories/232.t-shirt/232_0237.jpg,231,232.t-shirt
data/raw/caltech256/256_ObjectCategories/232.t-shirt/232_0187.jpg,231,232.t-shirt
data/raw/caltech256/256_ObjectCategories/232.t-shirt/232_0025.jpg,231,232.t-shirt
data/raw/caltech256/256_ObjectCategories/232.t-shirt/232_0010.jpg,231,232.t-shirt
data/raw/caltech256/256_ObjectCategories/232.t-shirt/232_0302.jpg,231,232.t-shirt
data/raw/caltech256/256_ObjectCategories/232.t-shirt/232_0147.jpg,231,232.t-shirt
data/raw/caltech256/256_ObjectCategories/232.t-shirt/232_0234.jpg,231,232.t-shirt
data/raw/caltech256/256_ObjectCategories/232.t-shirt/232_0245.jpg,231,232.t-shirt
data/raw/caltech256/256_ObjectCategories/232.t-shirt/232_0275.jpg,231,232.t-shirt
data/raw/caltech256/256_ObjectCategories/232.t-shirt/232_0075.jpg,231,232.t-shirt
data/raw/caltech256/256_ObjectCategories/232.t-shirt/232_0020.jpg,231,232.t-shirt
data/raw/caltech256/256_ObjectCategories/232.t-shirt/232_0131.jpg,231,232.t-shirt
data/raw/caltech256/256_ObjectCategories/232.t-shirt/232_0298.jpg,231,232.t-shirt
data/raw/caltech256/256_ObjectCategories/232.t-shirt/232_0232.jpg,231,232.t-shirt
data/raw/caltech256/256_ObjectCategories/232.t-shirt/232_0221.jpg,231,232.t-shirt
data/raw/caltech256/256_ObjectCategories/232.t-shirt/232_0037.jpg,231,232.t-shirt
data/raw/caltech256/256_ObjectCategories/232.t-shirt/232_0138.jpg,231,232.t-shirt
data/raw/caltech256/256_ObjectCategories/232.t-shirt/232_0129.jpg,231,232.t-shirt
data/raw/caltech256/256_ObjectCategories/232.t-shirt/232_0095.jpg,231,232.t-shirt
data/raw/caltech256/256_ObjectCategories/232.t-shirt/232_0174.jpg,231,232.t-shirt
data/raw/caltech256/256_ObjectCategories/232.t-shirt/232_0226.jpg,231,232.t-shirt
data/raw/caltech256/256_ObjectCategories/232.t-shirt/232_0260.jpg,231,232.t-shirt
data/raw/caltech256/256_ObjectCategories/232.t-shirt/232_0272.jpg,231,232.t-shirt
data/raw/caltech256/256_ObjectCategories/232.t-shirt/232_0052.jpg,231,232.t-shirt
data/raw/caltech256/256_ObjectCategories/233.tuning-fork/233_0096.jpg,232,233.tuning-fork
data/raw/caltech256/256_ObjectCategories/233.tuning-fork/233_0006.jpg,232,233.tuning-fork
data/raw/caltech256/256_ObjectCategories/233.tuning-fork/233_0010.jpg,232,233.tuning-fork
data/raw/caltech256/256_ObjectCategories/233.tuning-fork/233_0093.jpg,232,233.tuning-fork
data/raw/caltech256/256_ObjectCategories/233.tuning-fork/233_0039.jpg,232,233.tuning-fork
data/raw/caltech256/256_ObjectCategories/233.tuning-fork/233_0098.jpg,232,233.tuning-fork
data/raw/caltech256/256_ObjectCategories/233.tuning-fork/233_0055.jpg,232,233.tuning-fork
data/raw/caltech256/256_ObjectCategories/233.tuning-fork/233_0033.jpg,232,233.tuning-fork
data/raw/caltech256/256_ObjectCategories/233.tuning-fork/233_0061.jpg,232,233.tuning-fork
data/raw/caltech256/256_ObjectCategories/233.tuning-fork/233_0059.jpg,232,233.tuning-fork
data/raw/caltech256/256_ObjectCategories/233.tuning-fork/233_0009.jpg,232,233.tuning-fork
data/raw/caltech256/256_ObjectCategories/233.tuning-fork/233_0017.jpg,232,233.tuning-fork
data/raw/caltech256/256_ObjectCategories/233.tuning-fork/233_0024.jpg,232,233.tuning-fork
data/raw/caltech256/256_ObjectCategories/233.tuning-fork/233_0074.jpg,232,233.tuning-fork
data/raw/caltech256/256_ObjectCategories/233.tuning-fork/233_0043.jpg,232,233.tuning-fork
data/raw/caltech256/256_ObjectCategories/233.tuning-fork/233_0007.jpg,232,233.tuning-fork
data/raw/caltech256/256_ObjectCategories/233.tuning-fork/233_0052.jpg,232,233.tuning-fork
data/raw/caltech256/256_ObjectCategories/233.tuning-fork/233_0071.jpg,232,233.tuning-fork
data/raw/caltech256/256_ObjectCategories/233.tuning-fork/233_0016.jpg,232,233.tuning-fork
data/raw/caltech256/256_ObjectCategories/233.tuning-fork/233_0066.jpg,232,233.tuning-fork
data/raw/caltech256/256_ObjectCategories/233.tuning-fork/233_0036.jpg,232,233.tuning-fork
data/raw/caltech256/256_ObjectCategories/233.tuning-fork/233_0060.jpg,232,233.tuning-fork
data/raw/caltech256/256_ObjectCategories/233.tuning-fork/233_0095.jpg,232,233.tuning-fork
data/raw/caltech256/256_ObjectCategories/233.tuning-fork/233_0084.jpg,232,233.tuning-fork
data/raw/caltech256/256_ObjectCategories/233.tuning-fork/233_0012.jpg,232,233.tuning-fork
data/raw/caltech256/256_ObjectCategories/233.tuning-fork/233_0063.jpg,232,233.tuning-fork
data/raw/caltech256/256_ObjectCategories/233.tuning-fork/233_0089.jpg,232,233.tuning-fork
data/raw/caltech256/256_ObjectCategories/233.tuning-fork/233_0092.jpg,232,233.tuning-fork
data/raw/caltech256/256_ObjectCategories/233.tuning-fork/233_0090.jpg,232,233.tuning-fork
data/raw/caltech256/256_ObjectCategories/233.tuning-fork/233_0049.jpg,232,233.tuning-fork
data/raw/caltech256/256_ObjectCategories/233.tuning-fork/233_0080.jpg,232,233.tuning-fork
data/raw/caltech256/256_ObjectCategories/233.tuning-fork/233_0038.jpg,232,233.tuning-fork
data/raw/caltech256/256_ObjectCategories/233.tuning-fork/233_0041.jpg,232,233.tuning-fork
data/raw/caltech256/256_ObjectCategories/233.tuning-fork/233_0045.jpg,232,233.tuning-fork
data/raw/caltech256/256_ObjectCategories/233.tuning-fork/233_0078.jpg,232,233.tuning-fork
data/raw/caltech256/256_ObjectCategories/234.tweezer/234_0057.jpg,233,234.tweezer
data/raw/caltech256/256_ObjectCategories/234.tweezer/234_0038.jpg,233,234.tweezer
data/raw/caltech256/256_ObjectCategories/234.tweezer/234_0037.jpg,233,234.tweezer
data/raw/caltech256/256_ObjectCategories/234.tweezer/234_0075.jpg,233,234.tweezer
data/raw/caltech256/256_ObjectCategories/234.tweezer/234_0114.jpg,233,234.tweezer
data/raw/caltech256/256_ObjectCategories/234.tweezer/234_0082.jpg,233,234.tweezer
data/raw/caltech256/256_ObjectCategories/234.tweezer/234_0102.jpg,233,234.tweezer
data/raw/caltech256/256_ObjectCategories/234.tweezer/234_0081.jpg,233,234.tweezer
data/raw/caltech256/256_ObjectCategories/234.tweezer/234_0117.jpg,233,234.tweezer
data/raw/caltech256/256_ObjectCategories/234.tweezer/234_0079.jpg,233,234.tweezer
data/raw/caltech256/256_ObjectCategories/234.tweezer/234_0088.jpg,233,234.tweezer
data/raw/caltech256/256_ObjectCategories/234.tweezer/234_0100.jpg,233,234.tweezer
data/raw/caltech256/256_ObjectCategories/234.tweezer/234_0027.jpg,233,234.tweezer
data/raw/caltech256/256_ObjectCategories/234.tweezer/234_0043.jpg,233,234.tweezer
data/raw/caltech256/256_ObjectCategories/234.tweezer/234_0004.jpg,233,234.tweezer
data/raw/caltech256/256_ObjectCategories/234.tweezer/234_0084.jpg,233,234.tweezer
data/raw/caltech256/256_ObjectCategories/234.tweezer/234_0094.jpg,233,234.tweezer
data/raw/caltech256/256_ObjectCategories/234.tweezer/234_0049.jpg,233,234.tweezer
data/raw/caltech256/256_ObjectCategories/234.tweezer/234_0061.jpg,233,234.tweezer
data/raw/caltech256/256_ObjectCategories/234.tweezer/234_0087.jpg,233,234.tweezer
data/raw/caltech256/256_ObjectCategories/234.tweezer/234_0089.jpg,233,234.tweezer
data/raw/caltech256/256_ObjectCategories/234.tweezer/234_0080.jpg,233,234.tweezer
data/raw/caltech256/256_ObjectCategories/234.tweezer/234_0024.jpg,233,234.tweezer
data/raw/caltech256/256_ObjectCategories/234.tweezer/234_0023.jpg,233,234.tweezer
data/raw/caltech256/256_ObjectCategories/234.tweezer/234_0019.jpg,233,234.tweezer
data/raw/caltech256/256_ObjectCategories/234.tweezer/234_0105.jpg,233,234.tweezer
data/raw/caltech256/256_ObjectCategories/234.tweezer/234_0120.jpg,233,234.tweezer
data/raw/caltech256/256_ObjectCategories/234.tweezer/234_0046.jpg,233,234.tweezer
data/raw/caltech256/256_ObjectCategories/234.tweezer/234_0066.jpg,233,234.tweezer
data/raw/caltech256/256_ObjectCategories/234.tweezer/234_0039.jpg,233,234.tweezer
data/raw/caltech256/256_ObjectCategories/234.tweezer/234_0058.jpg,233,234.tweezer
data/raw/caltech256/256_ObjectCategories/234.tweezer/234_0101.jpg,233,234.tweezer
data/raw/caltech256/256_ObjectCategories/234.tweezer/234_0078.jpg,233,234.tweezer
data/raw/caltech256/256_ObjectCategories/234.tweezer/234_0054.jpg,233,234.tweezer
data/raw/caltech256/256_ObjectCategories/234.tweezer/234_0020.jpg,233,234.tweezer
data/raw/caltech256/256_ObjectCategories/234.tweezer/234_0121.jpg,233,234.tweezer
data/raw/caltech256/256_ObjectCategories/234.tweezer/234_0103.jpg,233,234.tweezer
data/raw/caltech256/256_ObjectCategories/234.tweezer/234_0040.jpg,233,234.tweezer
data/raw/caltech256/256_ObjectCategories/234.tweezer/234_0008.jpg,233,234.tweezer
data/raw/caltech256/256_ObjectCategories/234.tweezer/234_0122.jpg,233,234.tweezer
data/raw/caltech256/256_ObjectCategories/234.tweezer/234_0007.jpg,233,234.tweezer
data/raw/caltech256/256_ObjectCategories/234.tweezer/234_0011.jpg,233,234.tweezer
data/raw/caltech256/256_ObjectCategories/234.tweezer/234_0016.jpg,233,234.tweezer
data/raw/caltech256/256_ObjectCategories/235.umbrella-101/235_0021.jpg,234,235.umbrella-101
data/raw/caltech256/256_ObjectCategories/235.umbrella-101/235_0074.jpg,234,235.umbrella-101
data/raw/caltech256/256_ObjectCategories/235.umbrella-101/235_0063.jpg,234,235.umbrella-101
data/raw/caltech256/256_ObjectCategories/235.umbrella-101/235_0094.jpg,234,235.umbrella-101
data/raw/caltech256/256_ObjectCategories/235.umbrella-101/235_0011.jpg,234,235.umbrella-101
data/raw/caltech256/256_ObjectCategories/235.umbrella-101/235_0016.jpg,234,235.umbrella-101
data/raw/caltech256/256_ObjectCategories/235.umbrella-101/235_0104.jpg,234,235.umbrella-101
data/raw/caltech256/256_ObjectCategories/235.umbrella-101/235_0086.jpg,234,235.umbrella-101
data/raw/caltech256/256_ObjectCategories/235.umbrella-101/235_0051.jpg,234,235.umbrella-101
data/raw/caltech256/256_ObjectCategories/235.umbrella-101/235_0110.jpg,234,235.umbrella-101
data/raw/caltech256/256_ObjectCategories/235.umbrella-101/235_0072.jpg,234,235.umbrella-101
data/raw/caltech256/256_ObjectCategories/235.umbrella-101/235_0056.jpg,234,235.umbrella-101
data/raw/caltech256/256_ObjectCategories/235.umbrella-101/235_0039.jpg,234,235.umbrella-101
data/raw/caltech256/256_ObjectCategories/235.umbrella-101/235_0033.jpg,234,235.umbrella-101
data/raw/caltech256/256_ObjectCategories/235.umbrella-101/235_0091.jpg,234,235.umbrella-101
data/raw/caltech256/256_ObjectCategories/235.umbrella-101/235_0036.jpg,234,235.umbrella-101
data/raw/caltech256/256_ObjectCategories/235.umbrella-101/235_0097.jpg,234,235.umbrella-101
data/raw/caltech256/256_ObjectCategories/235.umbrella-101/235_0026.jpg,234,235.umbrella-101
data/raw/caltech256/256_ObjectCategories/235.umbrella-101/235_0002.jpg,234,235.umbrella-101
data/raw/caltech256/256_ObjectCategories/235.umbrella-101/235_0059.jpg,234,235.umbrella-101
data/raw/caltech256/256_ObjectCategories/235.umbrella-101/235_0083.jpg,234,235.umbrella-101
data/raw/caltech256/256_ObjectCategories/235.umbrella-101/235_0025.jpg,234,235.umbrella-101
data/raw/caltech256/256_ObjectCategories/235.umbrella-101/235_0099.jpg,234,235.umbrella-101
data/raw/caltech256/256_ObjectCategories/235.umbrella-101/235_0004.jpg,234,235.umbrella-101
data/raw/caltech256/256_ObjectCategories/235.umbrella-101/235_0007.jpg,234,235.umbrella-101
data/raw/caltech256/256_ObjectCategories/235.umbrella-101/235_0079.jpg,234,235.umbrella-101
data/raw/caltech256/256_ObjectCategories/235.umbrella-101/235_0050.jpg,234,235.umbrella-101
data/raw/caltech256/256_ObjectCategories/235.umbrella-101/235_0114.jpg,234,235.umbrella-101
data/raw/caltech256/256_ObjectCategories/235.umbrella-101/235_0113.jpg,234,235.umbrella-101
data/raw/caltech256/256_ObjectCategories/235.umbrella-101/235_0041.jpg,234,235.umbrella-101
data/raw/caltech256/256_ObjectCategories/235.umbrella-101/235_0023.jpg,234,235.umbrella-101
data/raw/caltech256/256_ObjectCategories/235.umbrella-101/235_0100.jpg,234,235.umbrella-101
data/raw/caltech256/256_ObjectCategories/235.umbrella-101/235_0061.jpg,234,235.umbrella-101
data/raw/caltech256/256_ObjectCategories/235.umbrella-101/235_0008.jpg,234,235.umbrella-101
data/raw/caltech256/256_ObjectCategories/235.umbrella-101/235_0001.jpg,234,235.umbrella-101
data/raw/caltech256/256_ObjectCategories/235.umbrella-101/235_0029.jpg,234,235.umbrella-101
data/raw/caltech256/256_ObjectCategories/235.umbrella-101/235_0098.jpg,234,235.umbrella-101
data/raw/caltech256/256_ObjectCategories/235.umbrella-101/235_0017.jpg,234,235.umbrella-101
data/raw/caltech256/256_ObjectCategories/235.umbrella-101/235_0043.jpg,234,235.umbrella-101
data/raw/caltech256/256_ObjectCategories/235.umbrella-101/235_0022.jpg,234,235.umbrella-101
data/raw/caltech256/256_ObjectCategories/236.unicorn/236_0077.jpg,235,236.unicorn
data/raw/caltech256/256_ObjectCategories/236.unicorn/236_0015.jpg,235,236.unicorn
data/raw/caltech256/256_ObjectCategories/236.unicorn/236_0047.jpg,235,236.unicorn
data/raw/caltech256/256_ObjectCategories/236.unicorn/236_0089.jpg,235,236.unicorn
data/raw/caltech256/256_ObjectCategories/236.unicorn/236_0009.jpg,235,236.unicorn
data/raw/caltech256/256_ObjectCategories/236.unicorn/236_0069.jpg,235,236.unicorn
data/raw/caltech256/256_ObjectCategories/236.unicorn/236_0092.jpg,235,236.unicorn
data/raw/caltech256/256_ObjectCategories/236.unicorn/236_0020.jpg,235,236.unicorn
data/raw/caltech256/256_ObjectCategories/236.unicorn/236_0026.jpg,235,236.unicorn
data/raw/caltech256/256_ObjectCategories/236.unicorn/236_0018.jpg,235,236.unicorn
data/raw/caltech256/256_ObjectCategories/236.unicorn/236_0063.jpg,235,236.unicorn
data/raw/caltech256/256_ObjectCategories/236.unicorn/236_0005.jpg,235,236.unicorn
data/raw/caltech256/256_ObjectCategories/236.unicorn/236_0041.jpg,235,236.unicorn
data/raw/caltech256/256_ObjectCategories/236.unicorn/236_0086.jpg,235,236.unicorn
data/raw/caltech256/256_ObjectCategories/236.unicorn/236_0068.jpg,235,236.unicorn
data/raw/caltech256/256_ObjectCategories/236.unicorn/236_0071.jpg,235,236.unicorn
data/raw/caltech256/256_ObjectCategories/236.unicorn/236_0045.jpg,235,236.unicorn
data/raw/caltech256/256_ObjectCategories/236.unicorn/236_0014.jpg,235,236.unicorn
data/raw/caltech256/256_ObjectCategories/236.unicorn/236_0052.jpg,235,236.unicorn
data/raw/caltech256/256_ObjectCategories/236.unicorn/236_0056.jpg,235,236.unicorn
data/raw/caltech256/256_ObjectCategories/236.unicorn/236_0036.jpg,235,236.unicorn
data/raw/caltech256/256_ObjectCategories/236.unicorn/236_0085.jpg,235,236.unicorn
data/raw/caltech256/256_ObjectCategories/236.unicorn/236_0074.jpg,235,236.unicorn
data/raw/caltech256/256_ObjectCategories/236.unicorn/236_0023.jpg,235,236.unicorn
data/raw/caltech256/256_ObjectCategories/236.unicorn/236_0076.jpg,235,236.unicorn
data/raw/caltech256/256_ObjectCategories/236.unicorn/236_0025.jpg,235,236.unicorn
data/raw/caltech256/256_ObjectCategories/236.unicorn/236_0008.jpg,235,236.unicorn
data/raw/caltech256/256_ObjectCategories/236.unicorn/236_0061.jpg,235,236.unicorn
data/raw/caltech256/256_ObjectCategories/236.unicorn/236_0021.jpg,235,236.unicorn
data/raw/caltech256/256_ObjectCategories/236.unicorn/236_0058.jpg,235,236.unicorn
data/raw/caltech256/256_ObjectCategories/236.unicorn/236_0049.jpg,235,236.unicorn
data/raw/caltech256/256_ObjectCategories/236.unicorn/236_0032.jpg,235,236.unicorn
data/raw/caltech256/256_ObjectCategories/236.unicorn/236_0024.jpg,235,236.unicorn
data/raw/caltech256/256_ObjectCategories/236.unicorn/236_0028.jpg,235,236.unicorn
data/raw/caltech256/256_ObjectCategories/237.vcr/237_0050.jpg,236,237.vcr
data/raw/caltech256/256_ObjectCategories/237.vcr/237_0001.jpg,236,237.vcr
data/raw/caltech256/256_ObjectCategories/237.vcr/237_0036.jpg,236,237.vcr
data/raw/caltech256/256_ObjectCategories/237.vcr/237_0044.jpg,236,237.vcr
data/raw/caltech256/256_ObjectCategories/237.vcr/237_0031.jpg,236,237.vcr
data/raw/caltech256/256_ObjectCategories/237.vcr/237_0081.jpg,236,237.vcr
data/raw/caltech256/256_ObjectCategories/237.vcr/237_0056.jpg,236,237.vcr
data/raw/caltech256/256_ObjectCategories/237.vcr/237_0058.jpg,236,237.vcr
data/raw/caltech256/256_ObjectCategories/237.vcr/237_0041.jpg,236,237.vcr
data/raw/caltech256/256_ObjectCategories/237.vcr/237_0080.jpg,236,237.vcr
data/raw/caltech256/256_ObjectCategories/237.vcr/237_0068.jpg,236,237.vcr
data/raw/caltech256/256_ObjectCategories/237.vcr/237_0046.jpg,236,237.vcr
data/raw/caltech256/256_ObjectCategories/237.vcr/237_0029.jpg,236,237.vcr
data/raw/caltech256/256_ObjectCategories/237.vcr/237_0063.jpg,236,237.vcr
data/raw/caltech256/256_ObjectCategories/237.vcr/237_0042.jpg,236,237.vcr
data/raw/caltech256/256_ObjectCategories/237.vcr/237_0015.jpg,236,237.vcr
data/raw/caltech256/256_ObjectCategories/237.vcr/237_0060.jpg,236,237.vcr
data/raw/caltech256/256_ObjectCategories/237.vcr/237_0086.jpg,236,237.vcr
data/raw/caltech256/256_ObjectCategories/237.vcr/237_0048.jpg,236,237.vcr
data/raw/caltech256/256_ObjectCategories/237.vcr/237_0065.jpg,236,237.vcr
data/raw/caltech256/256_ObjectCategories/237.vcr/237_0049.jpg,236,237.vcr
data/raw/caltech256/256_ObjectCategories/237.vcr/237_0074.jpg,236,237.vcr
data/raw/caltech256/256_ObjectCategories/237.vcr/237_0052.jpg,236,237.vcr
data/raw/caltech256/256_ObjectCategories/237.vcr/237_0019.jpg,236,237.vcr
data/raw/caltech256/256_ObjectCategories/237.vcr/237_0078.jpg,236,237.vcr
data/raw/caltech256/256_ObjectCategories/237.vcr/237_0076.jpg,236,237.vcr
data/raw/caltech256/256_ObjectCategories/237.vcr/237_0008.jpg,236,237.vcr
data/raw/caltech256/256_ObjectCategories/237.vcr/237_0054.jpg,236,237.vcr
data/raw/caltech256/256_ObjectCategories/237.vcr/237_0079.jpg,236,237.vcr
data/raw/caltech256/256_ObjectCategories/237.vcr/237_0051.jpg,236,237.vcr
data/raw/caltech256/256_ObjectCategories/237.vcr/237_0089.jpg,236,237.vcr
data/raw/caltech256/256_ObjectCategories/237.vcr/237_0020.jpg,236,237.vcr
data/raw/caltech256/256_ObjectCategories/238.video-projector/238_0032.jpg,237,238.video-projector
data/raw/caltech256/256_ObjectCategories/238.video-projector/238_0083.jpg,237,238.video-projector
data/raw/caltech256/256_ObjectCategories/238.video-projector/238_0008.jpg,237,238.video-projector
data/raw/caltech256/256_ObjectCategories/238.video-projector/238_0023.jpg,237,238.video-projector
data/raw/caltech256/256_ObjectCategories/238.video-projector/238_0072.jpg,237,238.video-projector
data/raw/caltech256/256_ObjectCategories/238.video-projector/238_0091.jpg,237,238.video-projector
data/raw/caltech256/256_ObjectCategories/238.video-projector/238_0092.jpg,237,238.video-projector
data/raw/caltech256/256_ObjectCategories/238.video-projector/238_0001.jpg,237,238.video-projector
data/raw/caltech256/256_ObjectCategories/238.video-projector/238_0046.jpg,237,238.video-projector
data/raw/caltech256/256_ObjectCategories/238.video-projector/238_0030.jpg,237,238.video-projector
data/raw/caltech256/256_ObjectCategories/238.video-projector/238_0045.jpg,237,238.video-projector
data/raw/caltech256/256_ObjectCategories/238.video-projector/238_0050.jpg,237,238.video-projector
data/raw/caltech256/256_ObjectCategories/238.video-projector/238_0069.jpg,237,238.video-projector
data/raw/caltech256/256_ObjectCategories/238.video-projector/238_0078.jpg,237,238.video-projector
data/raw/caltech256/256_ObjectCategories/238.video-projector/238_0088.jpg,237,238.video-projector
data/raw/caltech256/256_ObjectCategories/238.video-projector/238_0061.jpg,237,238.video-projector
data/raw/caltech256/256_ObjectCategories/238.video-projector/238_0076.jpg,237,238.video-projector
data/raw/caltech256/256_ObjectCategories/238.video-projector/238_0022.jpg,237,238.video-projector
data/raw/caltech256/256_ObjectCategories/238.video-projector/238_0090.jpg,237,238.video-projector
data/raw/caltech256/256_ObjectCategories/238.video-projector/238_0095.jpg,237,238.video-projector
data/raw/caltech256/256_ObjectCategories/238.video-projector/238_0019.jpg,237,238.video-projector
data/raw/caltech256/256_ObjectCategories/238.video-projector/238_0018.jpg,237,238.video-projector
data/raw/caltech256/256_ObjectCategories/238.video-projector/238_0040.jpg,237,238.video-projector
data/raw/caltech256/256_ObjectCategories/238.video-projector/238_0056.jpg,237,238.video-projector
data/raw/caltech256/256_ObjectCategories/238.video-projector/238_0020.jpg,237,238.video-projector
data/raw/caltech256/256_ObjectCategories/238.video-projector/238_0021.jpg,237,238.video-projector
data/raw/caltech256/256_ObjectCategories/238.video-projector/238_0059.jpg,237,238.video-projector
data/raw/caltech256/256_ObjectCategories/238.video-projector/238_0077.jpg,237,238.video-projector
data/raw/caltech256/256_ObjectCategories/238.video-projector/238_0033.jpg,237,238.video-projector
data/raw/caltech256/256_ObjectCategories/238.video-projector/238_0064.jpg,237,238.video-projector
data/raw/caltech256/256_ObjectCategories/238.video-projector/238_0041.jpg,237,238.video-projector
data/raw/caltech256/256_ObjectCategories/238.video-projector/238_0031.jpg,237,238.video-projector
data/raw/caltech256/256_ObjectCategories/238.video-projector/238_0017.jpg,237,238.video-projector
data/raw/caltech256/256_ObjectCategories/238.video-projector/238_0068.jpg,237,238.video-projector
data/raw/caltech256/256_ObjectCategories/239.washing-machine/239_0031.jpg,238,239.washing-machine
data/raw/caltech256/256_ObjectCategories/239.washing-machine/239_0020.jpg,238,239.washing-machine
data/raw/caltech256/256_ObjectCategories/239.washing-machine/239_0024.jpg,238,239.washing-machine
data/raw/caltech256/256_ObjectCategories/239.washing-machine/239_0039.jpg,238,239.washing-machine
data/raw/caltech256/256_ObjectCategories/239.washing-machine/239_0012.jpg,238,239.washing-machine
data/raw/caltech256/256_ObjectCategories/239.washing-machine/239_0074.jpg,238,239.washing-machine
data/raw/caltech256/256_ObjectCategories/239.washing-machine/239_0042.jpg,238,239.washing-machine
data/raw/caltech256/256_ObjectCategories/239.washing-machine/239_0051.jpg,238,239.washing-machine
data/raw/caltech256/256_ObjectCategories/239.washing-machine/239_0038.jpg,238,239.washing-machine
data/raw/caltech256/256_ObjectCategories/239.washing-machine/239_0054.jpg,238,239.washing-machine
data/raw/caltech256/256_ObjectCategories/239.washing-machine/239_0052.jpg,238,239.washing-machine
data/raw/caltech256/256_ObjectCategories/239.washing-machine/239_0011.jpg,238,239.washing-machine
data/raw/caltech256/256_ObjectCategories/239.washing-machine/239_0019.jpg,238,239.washing-machine
data/raw/caltech256/256_ObjectCategories/239.washing-machine/239_0016.jpg,238,239.washing-machine
data/raw/caltech256/256_ObjectCategories/239.washing-machine/239_0033.jpg,238,239.washing-machine
data/raw/caltech256/256_ObjectCategories/239.washing-machine/239_0057.jpg,238,239.washing-machine
data/raw/caltech256/256_ObjectCategories/239.washing-machine/239_0068.jpg,238,239.washing-machine
data/raw/caltech256/256_ObjectCategories/239.washing-machine/239_0081.jpg,238,239.washing-machine
data/raw/caltech256/256_ObjectCategories/239.washing-machine/239_0064.jpg,238,239.washing-machine
data/raw/caltech256/256_ObjectCategories/239.washing-machine/239_0077.jpg,238,239.washing-machine
data/raw/caltech256/256_ObjectCategories/239.washing-machine/239_0007.jpg,238,239.washing-machine
data/raw/caltech256/256_ObjectCategories/239.washing-machine/239_0023.jpg,238,239.washing-machine
data/raw/caltech256/256_ObjectCategories/239.washing-machine/239_0005.jpg,238,239.washing-machine
data/raw/caltech256/256_ObjectCategories/239.washing-machine/239_0034.jpg,238,239.washing-machine
data/raw/caltech256/256_ObjectCategories/239.washing-machine/239_0001.jpg,238,239.washing-machine
data/raw/caltech256/256_ObjectCategories/239.washing-machine/239_0044.jpg,238,239.washing-machine
data/raw/caltech256/256_ObjectCategories/239.washing-machine/239_0021.jpg,238,239.washing-machine
data/raw/caltech256/256_ObjectCategories/239.washing-machine/239_0049.jpg,238,239.washing-machine
data/raw/caltech256/256_ObjectCategories/239.washing-machine/239_0058.jpg,238,239.washing-machine
data/raw/caltech256/256_ObjectCategories/239.washing-machine/239_0079.jpg,238,239.washing-machine
data/raw/caltech256/256_ObjectCategories/240.watch-101/240_0043.jpg,239,240.watch-101
data/raw/caltech256/256_ObjectCategories/240.watch-101/240_0124.jpg,239,240.watch-101
data/raw/caltech256/256_ObjectCategories/240.watch-101/240_0128.jpg,239,240.watch-101
data/raw/caltech256/256_ObjectCategories/240.watch-101/240_0017.jpg,239,240.watch-101
data/raw/caltech256/256_ObjectCategories/240.watch-101/240_0093.jpg,239,240.watch-101
data/raw/caltech256/256_ObjectCategories/240.watch-101/240_0157.jpg,239,240.watch-101
data/raw/caltech256/256_ObjectCategories/240.watch-101/240_0042.jpg,239,240.watch-101
data/raw/caltech256/256_ObjectCategories/240.watch-101/240_0151.jpg,239,240.watch-101
data/raw/caltech256/256_ObjectCategories/240.watch-101/240_0139.jpg,239,240.watch-101
data/raw/caltech256/256_ObjectCategories/240.watch-101/240_0030.jpg,239,240.watch-101
data/raw/caltech256/256_ObjectCategories/240.watch-101/240_0117.jpg,239,240.watch-101
data/raw/caltech256/256_ObjectCategories/240.watch-101/240_0134.jpg,239,240.watch-101
data/raw/caltech256/256_ObjectCategories/240.watch-101/240_0082.jpg,239,240.watch-101
data/raw/caltech256/256_ObjectCategories/240.watch-101/240_0069.jpg,239,240.watch-101
data/raw/caltech256/256_ObjectCategories/240.watch-101/240_0072.jpg,239,240.watch-101
data/raw/caltech256/256_ObjectCategories/240.watch-101/240_0152.jpg,239,240.watch-101
data/raw/caltech256/256_ObjectCategories/240.watch-101/240_0053.jpg,239,240.watch-101
data/raw/caltech256/256_ObjectCategories/240.watch-101/240_0035.jpg,239,240.watch-101
data/raw/caltech256/256_ObjectCategories/240.watch-101/240_0196.jpg,239,240.watch-101
data/raw/caltech256/256_ObjectCategories/240.watch-101/240_0113.jpg,239,240.watch-101
data/raw/caltech256/256_ObjectCategories/240.watch-101/240_0136.jpg,239,240.watch-101
data/raw/caltech256/256_ObjectCategories/240.watch-101/240_0172.jpg,239,240.watch-101
data/raw/caltech256/256_ObjectCategories/240.watch-101/240_0107.jpg,239,240.watch-101
data/raw/caltech256/256_ObjectCategories/240.watch-101/240_0173.jpg,239,240.watch-101
data/raw/caltech256/256_ObjectCategories/240.watch-101/240_0143.jpg,239,240.watch-101
data/raw/caltech256/256_ObjectCategories/240.watch-101/240_0123.jpg,239,240.watch-101
data/raw/caltech256/256_ObjectCategories/240.watch-101/240_0179.jpg,239,240.watch-101
data/raw/caltech256/256_ObjectCategories/240.watch-101/240_0155.jpg,239,240.watch-101
data/raw/caltech256/256_ObjectCategories/240.watch-101/240_0002.jpg,239,240.watch-101
data/raw/caltech256/256_ObjectCategories/240.watch-101/240_0057.jpg,239,240.watch-101
data/raw/caltech256/256_ObjectCategories/240.watch-101/240_0095.jpg,239,240.watch-101
data/raw/caltech256/256_ObjectCategories/240.watch-101/240_0112.jpg,239,240.watch-101
data/raw/caltech256/256_ObjectCategories/240.watch-101/240_0185.jpg,239,240.watch-101
data/raw/caltech256/256_ObjectCategories/240.watch-101/240_0014.jpg,239,240.watch-101
data/raw/caltech256/256_ObjectCategories/240.watch-101/240_0169.jpg,239,240.watch-101
data/raw/caltech256/256_ObjectCategories/240.watch-101/240_0056.jpg,239,240.watch-101
data/raw/caltech256/256_ObjectCategories/240.watch-101/240_0049.jpg,239,240.watch-101
data/raw/caltech256/256_ObjectCategories/240.watch-101/240_0176.jpg,239,240.watch-101
data/raw/caltech256/256_ObjectCategories/240.watch-101/240_0188.jpg,239,240.watch-101
data/raw/caltech256/256_ObjectCategories/240.watch-101/240_0077.jpg,239,240.watch-101
data/raw/caltech256/256_ObjectCategories/240.watch-101/240_0021.jpg,239,240.watch-101
data/raw/caltech256/256_ObjectCategories/240.watch-101/240_0198.jpg,239,240.watch-101
data/raw/caltech256/256_ObjectCategories/240.watch-101/240_0199.jpg,239,240.watch-101
data/raw/caltech256/256_ObjectCategories/240.watch-101/240_0126.jpg,239,240.watch-101
data/raw/caltech256/256_ObjectCategories/240.watch-101/240_0008.jpg,239,240.watch-101
data/raw/caltech256/256_ObjectCategories/240.watch-101/240_0026.jpg,239,240.watch-101
data/raw/caltech256/256_ObjectCategories/240.watch-101/240_0011.jpg,239,240.watch-101
data/raw/caltech256/256_ObjectCategories/240.watch-101/240_0078.jpg,239,240.watch-101
data/raw/caltech256/256_ObjectCategories/240.watch-101/240_0171.jpg,239,240.watch-101
data/raw/caltech256/256_ObjectCategories/240.watch-101/240_0154.jpg,239,240.watch-101
data/raw/caltech256/256_ObjectCategories/240.watch-101/240_0105.jpg,239,240.watch-101
data/raw/caltech256/256_ObjectCategories/240.watch-101/240_0067.jpg,239,240.watch-101
data/raw/caltech256/256_ObjectCategories/240.watch-101/240_0115.jpg,239,240.watch-101
data/raw/caltech256/256_ObjectCategories/240.watch-101/240_0029.jpg,239,240.watch-101
data/raw/caltech256/256_ObjectCategories/240.watch-101/240_0110.jpg,239,240.watch-101
data/raw/caltech256/256_ObjectCategories/240.watch-101/240_0051.jpg,239,240.watch-101
data/raw/caltech256/256_ObjectCategories/240.watch-101/240_0149.jpg,239,240.watch-101
data/raw/caltech256/256_ObjectCategories/240.watch-101/240_0098.jpg,239,240.watch-101
data/raw/caltech256/256_ObjectCategories/240.watch-101/240_0100.jpg,239,240.watch-101
data/raw/caltech256/256_ObjectCategories/240.watch-101/240_0119.jpg,239,240.watch-101
data/raw/caltech256/256_ObjectCategories/240.watch-101/240_0079.jpg,239,240.watch-101
data/raw/caltech256/256_ObjectCategories/240.watch-101/240_0009.jpg,239,240.watch-101
data/raw/caltech256/256_ObjectCategories/240.watch-101/240_0055.jpg,239,240.watch-101
data/raw/caltech256/256_ObjectCategories/240.watch-101/240_0190.jpg,239,240.watch-101
data/raw/caltech256/256_ObjectCategories/240.watch-101/240_0047.jpg,239,240.watch-101
data/raw/caltech256/256_ObjectCategories/240.watch-101/240_0181.jpg,239,240.watch-101
data/raw/caltech256/256_ObjectCategories/240.watch-101/240_0006.jpg,239,240.watch-101
data/raw/caltech256/256_ObjectCategories/240.watch-101/240_0023.jpg,239,240.watch-101
data/raw/caltech256/256_ObjectCategories/240.watch-101/240_0193.jpg,239,240.watch-101
data/raw/caltech256/256_ObjectCategories/240.watch-101/240_0118.jpg,239,240.watch-101
data/raw/caltech256/256_ObjectCategories/240.watch-101/240_0135.jpg,239,240.watch-101
data/raw/caltech256/256_ObjectCategories/241.waterfall/241_0004.jpg,240,241.waterfall
data/raw/caltech256/256_ObjectCategories/241.waterfall/241_0043.jpg,240,241.waterfall
data/raw/caltech256/256_ObjectCategories/241.waterfall/241_0039.jpg,240,241.waterfall
data/raw/caltech256/256_ObjectCategories/241.waterfall/241_0041.jpg,240,241.waterfall
data/raw/caltech256/256_ObjectCategories/241.waterfall/241_0002.jpg,240,241.waterfall
data/raw/caltech256/256_ObjectCategories/241.waterfall/241_0064.jpg,240,241.waterfall
data/raw/caltech256/256_ObjectCategories/241.waterfall/241_0088.jpg,240,241.waterfall
data/raw/caltech256/256_ObjectCategories/241.waterfall/241_0045.jpg,240,241.waterfall
data/raw/caltech256/256_ObjectCategories/241.waterfall/241_0046.jpg,240,241.waterfall
data/raw/caltech256/256_ObjectCategories/241.waterfall/241_0007.jpg,240,241.waterfall
data/raw/caltech256/256_ObjectCategories/241.waterfall/241_0095.jpg,240,241.waterfall
data/raw/caltech256/256_ObjectCategories/241.waterfall/241_0058.jpg,240,241.waterfall
data/raw/caltech256/256_ObjectCategories/241.waterfall/241_0014.jpg,240,241.waterfall
data/raw/caltech256/256_ObjectCategories/241.waterfall/241_0038.jpg,240,241.waterfall
data/raw/caltech256/256_ObjectCategories/241.waterfall/241_0072.jpg,240,241.waterfall
data/raw/caltech256/256_ObjectCategories/241.waterfall/241_0001.jpg,240,241.waterfall
data/raw/caltech256/256_ObjectCategories/241.waterfall/241_0018.jpg,240,241.waterfall
data/raw/caltech256/256_ObjectCategories/241.waterfall/241_0077.jpg,240,241.waterfall
data/raw/caltech256/256_ObjectCategories/241.waterfall/241_0015.jpg,240,241.waterfall
data/raw/caltech256/256_ObjectCategories/241.waterfall/241_0092.jpg,240,241.waterfall
data/raw/caltech256/256_ObjectCategories/241.waterfall/241_0059.jpg,240,241.waterfall
data/raw/caltech256/256_ObjectCategories/241.waterfall/241_0075.jpg,240,241.waterfall
data/raw/caltech256/256_ObjectCategories/241.waterfall/241_0087.jpg,240,241.waterfall
data/raw/caltech256/256_ObjectCategories/241.waterfall/241_0079.jpg,240,241.waterfall
data/raw/caltech256/256_ObjectCategories/241.waterfall/241_0003.jpg,240,241.waterfall
data/raw/caltech256/256_ObjectCategories/241.waterfall/241_0085.jpg,240,241.waterfall
data/raw/caltech256/256_ObjectCategories/241.waterfall/241_0028.jpg,240,241.waterfall
data/raw/caltech256/256_ObjectCategories/241.waterfall/241_0074.jpg,240,241.waterfall
data/raw/caltech256/256_ObjectCategories/241.waterfall/241_0094.jpg,240,241.waterfall
data/raw/caltech256/256_ObjectCategories/241.waterfall/241_0036.jpg,240,241.waterfall
data/raw/caltech256/256_ObjectCategories/241.waterfall/241_0062.jpg,240,241.waterfall
data/raw/caltech256/256_ObjectCategories/241.waterfall/241_0081.jpg,240,241.waterfall
data/raw/caltech256/256_ObjectCategories/241.waterfall/241_0076.jpg,240,241.waterfall
data/raw/caltech256/256_ObjectCategories/242.watermelon/242_0044.jpg,241,242.watermelon
data/raw/caltech256/256_ObjectCategories/242.watermelon/242_0059.jpg,241,242.watermelon
data/raw/caltech256/256_ObjectCategories/242.watermelon/242_0083.jpg,241,242.watermelon
data/raw/caltech256/256_ObjectCategories/242.watermelon/242_0074.jpg,241,242.watermelon
data/raw/caltech256/256_ObjectCategories/242.watermelon/242_0068.jpg,241,242.watermelon
data/raw/caltech256/256_ObjectCategories/242.watermelon/242_0089.jpg,241,242.watermelon
data/raw/caltech256/256_ObjectCategories/242.watermelon/242_0025.jpg,241,242.watermelon
data/raw/caltech256/256_ObjectCategories/242.watermelon/242_0039.jpg,241,242.watermelon
data/raw/caltech256/256_ObjectCategories/242.watermelon/242_0072.jpg,241,242.watermelon
data/raw/caltech256/256_ObjectCategories/242.watermelon/242_0086.jpg,241,242.watermelon
data/raw/caltech256/256_ObjectCategories/242.watermelon/242_0042.jpg,241,242.watermelon
data/raw/caltech256/256_ObjectCategories/242.watermelon/242_0055.jpg,241,242.watermelon
data/raw/caltech256/256_ObjectCategories/242.watermelon/242_0082.jpg,241,242.watermelon
data/raw/caltech256/256_ObjectCategories/242.watermelon/242_0041.jpg,241,242.watermelon
data/raw/caltech256/256_ObjectCategories/242.watermelon/242_0012.jpg,241,242.watermelon
data/raw/caltech256/256_ObjectCategories/242.watermelon/242_0081.jpg,241,242.watermelon
data/raw/caltech256/256_ObjectCategories/242.watermelon/242_0049.jpg,241,242.watermelon
data/raw/caltech256/256_ObjectCategories/242.watermelon/242_0092.jpg,241,242.watermelon
data/raw/caltech256/256_ObjectCategories/242.watermelon/242_0085.jpg,241,242.watermelon
data/raw/caltech256/256_ObjectCategories/242.watermelon/242_0079.jpg,241,242.watermelon
data/raw/caltech256/256_ObjectCategories/242.watermelon/242_0035.jpg,241,242.watermelon
data/raw/caltech256/256_ObjectCategories/242.watermelon/242_0058.jpg,241,242.watermelon
data/raw/caltech256/256_ObjectCategories/242.watermelon/242_0071.jpg,241,242.watermelon
data/raw/caltech256/256_ObjectCategories/242.watermelon/242_0032.jpg,241,242.watermelon
data/raw/caltech256/256_ObjectCategories/242.watermelon/242_0026.jpg,241,242.watermelon
data/raw/caltech256/256_ObjectCategories/242.watermelon/242_0029.jpg,241,242.watermelon
data/raw/caltech256/256_ObjectCategories/242.watermelon/242_0054.jpg,241,242.watermelon
data/raw/caltech256/256_ObjectCategories/242.watermelon/242_0015.jpg,241,242.watermelon
data/raw/caltech256/256_ObjectCategories/242.watermelon/242_0021.jpg,241,242.watermelon
data/raw/caltech256/256_ObjectCategories/242.watermelon/242_0028.jpg,241,242.watermelon
data/raw/caltech256/256_ObjectCategories/242.watermelon/242_0045.jpg,241,242.watermelon
data/raw/caltech256/256_ObjectCategories/242.watermelon/242_0076.jpg,241,242.watermelon
data/raw/caltech256/256_ObjectCategories/242.watermelon/242_0084.jpg,241,242.watermelon
data/raw/caltech256/256_ObjectCategories/243.welding-mask/243_0007.jpg,242,243.welding-mask
data/raw/caltech256/256_ObjectCategories/243.welding-mask/243_0067.jpg,242,243.welding-mask
data/raw/caltech256/256_ObjectCategories/243.welding-mask/243_0034.jpg,242,243.welding-mask
data/raw/caltech256/256_ObjectCategories/243.welding-mask/243_0031.jpg,242,243.welding-mask
data/raw/caltech256/256_ObjectCategories/243.welding-mask/243_0020.jpg,242,243.welding-mask
data/raw/caltech256/256_ObjectCategories/243.welding-mask/243_0058.jpg,242,243.welding-mask
data/raw/caltech256/256_ObjectCategories/243.welding-mask/243_0028.jpg,242,243.welding-mask
data/raw/caltech256/256_ObjectCategories/243.welding-mask/243_0062.jpg,242,243.welding-mask
data/raw/caltech256/256_ObjectCategories/243.welding-mask/243_0008.jpg,242,243.welding-mask
data/raw/caltech256/256_ObjectCategories/243.welding-mask/243_0087.jpg,242,243.welding-mask
data/raw/caltech256/256_ObjectCategories/243.welding-mask/243_0001.jpg,242,243.welding-mask
data/raw/caltech256/256_ObjectCategories/243.welding-mask/243_0019.jpg,242,243.welding-mask
data/raw/caltech256/256_ObjectCategories/243.welding-mask/243_0077.jpg,242,243.welding-mask
data/raw/caltech256/256_ObjectCategories/243.welding-mask/243_0065.jpg,242,243.welding-mask
data/raw/caltech256/256_ObjectCategories/243.welding-mask/243_0048.jpg,242,243.welding-mask
data/raw/caltech256/256_ObjectCategories/243.welding-mask/243_0044.jpg,242,243.welding-mask
data/raw/caltech256/256_ObjectCategories/243.welding-mask/243_0089.jpg,242,243.welding-mask
data/raw/caltech256/256_ObjectCategories/243.welding-mask/243_0047.jpg,242,243.welding-mask
data/raw/caltech256/256_ObjectCategories/243.welding-mask/243_0071.jpg,242,243.welding-mask
data/raw/caltech256/256_ObjectCategories/243.welding-mask/243_0018.jpg,242,243.welding-mask
data/raw/caltech256/256_ObjectCategories/243.welding-mask/243_0055.jpg,242,243.welding-mask
data/raw/caltech256/256_ObjectCategories/243.welding-mask/243_0016.jpg,242,243.welding-mask
data/raw/caltech256/256_ObjectCategories/243.welding-mask/243_0070.jpg,242,243.welding-mask
data/raw/caltech256/256_ObjectCategories/243.welding-mask/243_0021.jpg,242,243.welding-mask
data/raw/caltech256/256_ObjectCategories/243.welding-mask/243_0038.jpg,242,243.welding-mask
data/raw/caltech256/256_ObjectCategories/243.welding-mask/243_0003.jpg,242,243.welding-mask
data/raw/caltech256/256_ObjectCategories/243.welding-mask/243_0064.jpg,242,243.welding-mask
data/raw/caltech256/256_ObjectCategories/243.welding-mask/243_0025.jpg,242,243.welding-mask
data/raw/caltech256/256_ObjectCategories/243.welding-mask/243_0084.jpg,242,243.welding-mask
data/raw/caltech256/256_ObjectCategories/243.welding-mask/243_0004.jpg,242,243.welding-mask
data/raw/caltech256/256_ObjectCategories/243.welding-mask/243_0006.jpg,242,243.welding-mask
data/raw/caltech256/256_ObjectCategories/243.welding-mask/243_0043.jpg,242,243.welding-mask
data/raw/caltech256/256_ObjectCategories/244.wheelbarrow/244_0025.jpg,243,244.wheelbarrow
data/raw/caltech256/256_ObjectCategories/244.wheelbarrow/244_0032.jpg,243,244.wheelbarrow
data/raw/caltech256/256_ObjectCategories/244.wheelbarrow/244_0007.jpg,243,244.wheelbarrow
data/raw/caltech256/256_ObjectCategories/244.wheelbarrow/244_0076.jpg,243,244.wheelbarrow
data/raw/caltech256/256_ObjectCategories/244.wheelbarrow/244_0049.jpg,243,244.wheelbarrow
data/raw/caltech256/256_ObjectCategories/244.wheelbarrow/244_0046.jpg,243,244.wheelbarrow
data/raw/caltech256/256_ObjectCategories/244.wheelbarrow/244_0006.jpg,243,244.wheelbarrow
data/raw/caltech256/256_ObjectCategories/244.wheelbarrow/244_0044.jpg,243,244.wheelbarrow
data/raw/caltech256/256_ObjectCategories/244.wheelbarrow/244_0012.jpg,243,244.wheelbarrow
data/raw/caltech256/256_ObjectCategories/244.wheelbarrow/244_0035.jpg,243,244.wheelbarrow
data/raw/caltech256/256_ObjectCategories/244.wheelbarrow/244_0064.jpg,243,244.wheelbarrow
data/raw/caltech256/256_ObjectCategories/244.wheelbarrow/244_0058.jpg,243,244.wheelbarrow
data/raw/caltech256/256_ObjectCategories/244.wheelbarrow/244_0061.jpg,243,244.wheelbarrow
data/raw/caltech256/256_ObjectCategories/244.wheelbarrow/244_0086.jpg,243,244.wheelbarrow
data/raw/caltech256/256_ObjectCategories/244.wheelbarrow/244_0088.jpg,243,244.wheelbarrow
data/raw/caltech256/256_ObjectCategories/244.wheelbarrow/244_0041.jpg,243,244.wheelbarrow
data/raw/caltech256/256_ObjectCategories/244.wheelbarrow/244_0005.jpg,243,244.wheelbarrow
data/raw/caltech256/256_ObjectCategories/244.wheelbarrow/244_0089.jpg,243,244.wheelbarrow
data/raw/caltech256/256_ObjectCategories/244.wheelbarrow/244_0053.jpg,243,244.wheelbarrow
data/raw/caltech256/256_ObjectCategories/244.wheelbarrow/244_0038.jpg,243,244.wheelbarrow
data/raw/caltech256/256_ObjectCategories/244.wheelbarrow/244_0042.jpg,243,244.wheelbarrow
data/raw/caltech256/256_ObjectCategories/244.wheelbarrow/244_0063.jpg,243,244.wheelbarrow
data/raw/caltech256/256_ObjectCategories/244.wheelbarrow/244_0072.jpg,243,244.wheelbarrow
data/raw/caltech256/256_ObjectCategories/244.wheelbarrow/244_0009.jpg,243,244.wheelbarrow
data/raw/caltech256/256_ObjectCategories/244.wheelbarrow/244_0014.jpg,243,244.wheelbarrow
data/raw/caltech256/256_ObjectCategories/244.wheelbarrow/244_0067.jpg,243,244.wheelbarrow
data/raw/caltech256/256_ObjectCategories/244.wheelbarrow/244_0059.jpg,243,244.wheelbarrow
data/raw/caltech256/256_ObjectCategories/244.wheelbarrow/244_0019.jpg,243,244.wheelbarrow
data/raw/caltech256/256_ObjectCategories/244.wheelbarrow/244_0001.jpg,243,244.wheelbarrow
data/raw/caltech256/256_ObjectCategories/244.wheelbarrow/244_0047.jpg,243,244.wheelbarrow
data/raw/caltech256/256_ObjectCategories/244.wheelbarrow/244_0016.jpg,243,244.wheelbarrow
data/raw/caltech256/256_ObjectCategories/244.wheelbarrow/244_0004.jpg,243,244.wheelbarrow
data/raw/caltech256/256_ObjectCategories/245.windmill/245_0067.jpg,244,245.windmill
data/raw/caltech256/256_ObjectCategories/245.windmill/245_0026.jpg,244,245.windmill
data/raw/caltech256/256_ObjectCategories/245.windmill/245_0048.jpg,244,245.windmill
data/raw/caltech256/256_ObjectCategories/245.windmill/245_0040.jpg,244,245.windmill
data/raw/caltech256/256_ObjectCategories/245.windmill/245_0060.jpg,244,245.windmill
data/raw/caltech256/256_ObjectCategories/245.windmill/245_0014.jpg,244,245.windmill
data/raw/caltech256/256_ObjectCategories/245.windmill/245_0090.jpg,244,245.windmill
data/raw/caltech256/256_ObjectCategories/245.windmill/245_0032.jpg,244,245.windmill
data/raw/caltech256/256_ObjectCategories/245.windmill/245_0088.jpg,244,245.windmill
data/raw/caltech256/256_ObjectCategories/245.windmill/245_0046.jpg,244,245.windmill
data/raw/caltech256/256_ObjectCategories/245.windmill/245_0011.jpg,244,245.windmill
data/raw/caltech256/256_ObjectCategories/245.windmill/245_0006.jpg,244,245.windmill
data/raw/caltech256/256_ObjectCategories/245.windmill/245_0027.jpg,244,245.windmill
data/raw/caltech256/256_ObjectCategories/245.windmill/245_0070.jpg,244,245.windmill
data/raw/caltech256/256_ObjectCategories/245.windmill/245_0017.jpg,244,245.windmill
data/raw/caltech256/256_ObjectCategories/245.windmill/245_0065.jpg,244,245.windmill
data/raw/caltech256/256_ObjectCategories/245.windmill/245_0082.jpg,244,245.windmill
data/raw/caltech256/256_ObjectCategories/245.windmill/245_0071.jpg,244,245.windmill
data/raw/caltech256/256_ObjectCategories/245.windmill/245_0087.jpg,244,245.windmill
data/raw/caltech256/256_ObjectCategories/245.windmill/245_0003.jpg,244,245.windmill
data/raw/caltech256/256_ObjectCategories/245.windmill/245_0044.jpg,244,245.windmill
data/raw/caltech256/256_ObjectCategories/245.windmill/245_0089.jpg,244,245.windmill
data/raw/caltech256/256_ObjectCategories/245.windmill/245_0009.jpg,244,245.windmill
data/raw/caltech256/256_ObjectCategories/245.windmill/245_0029.jpg,244,245.windmill
data/raw/caltech256/256_ObjectCategories/245.windmill/245_0023.jpg,244,245.windmill
data/raw/caltech256/256_ObjectCategories/245.windmill/245_0010.jpg,244,245.windmill
data/raw/caltech256/256_ObjectCategories/245.windmill/245_0079.jpg,244,245.windmill
data/raw/caltech256/256_ObjectCategories/245.windmill/245_0037.jpg,244,245.windmill
data/raw/caltech256/256_ObjectCategories/245.windmill/245_0007.jpg,244,245.windmill
data/raw/caltech256/256_ObjectCategories/245.windmill/245_0001.jpg,244,245.windmill
data/raw/caltech256/256_ObjectCategories/245.windmill/245_0013.jpg,244,245.windmill
data/raw/caltech256/256_ObjectCategories/245.windmill/245_0081.jpg,244,245.windmill
data/raw/caltech256/256_ObjectCategories/246.wine-bottle/246_0024.jpg,245,246.wine-bottle
data/raw/caltech256/256_ObjectCategories/246.wine-bottle/246_0041.jpg,245,246.wine-bottle
data/raw/caltech256/256_ObjectCategories/246.wine-bottle/246_0046.jpg,245,246.wine-bottle
data/raw/caltech256/256_ObjectCategories/246.wine-bottle/246_0027.jpg,245,246.wine-bottle
data/raw/caltech256/256_ObjectCategories/246.wine-bottle/246_0029.jpg,245,246.wine-bottle
data/raw/caltech256/256_ObjectCategories/246.wine-bottle/246_0076.jpg,245,246.wine-bottle
data/raw/caltech256/256_ObjectCategories/246.wine-bottle/246_0054.jpg,245,246.wine-bottle
data/raw/caltech256/256_ObjectCategories/246.wine-bottle/246_0033.jpg,245,246.wine-bottle
data/raw/caltech256/256_ObjectCategories/246.wine-bottle/246_0010.jpg,245,246.wine-bottle
data/raw/caltech256/256_ObjectCategories/246.wine-bottle/246_0078.jpg,245,246.wine-bottle
data/raw/caltech256/256_ObjectCategories/246.wine-bottle/246_0011.jpg,245,246.wine-bottle
data/raw/caltech256/256_ObjectCategories/246.wine-bottle/246_0005.jpg,245,246.wine-bottle
data/raw/caltech256/256_ObjectCategories/246.wine-bottle/246_0025.jpg,245,246.wine-bottle
data/raw/caltech256/256_ObjectCategories/246.wine-bottle/246_0014.jpg,245,246.wine-bottle
data/raw/caltech256/256_ObjectCategories/246.wine-bottle/246_0101.jpg,245,246.wine-bottle
data/raw/caltech256/256_ObjectCategories/246.wine-bottle/246_0006.jpg,245,246.wine-bottle
data/raw/caltech256/256_ObjectCategories/246.wine-bottle/246_0069.jpg,245,246.wine-bottle
data/raw/caltech256/256_ObjectCategories/246.wine-bottle/246_0032.jpg,245,246.wine-bottle
data/raw/caltech256/256_ObjectCategories/246.wine-bottle/246_0026.jpg,245,246.wine-bottle
data/raw/caltech256/256_ObjectCategories/246.wine-bottle/246_0082.jpg,245,246.wine-bottle
data/raw/caltech256/256_ObjectCategories/246.wine-bottle/246_0028.jpg,245,246.wine-bottle
data/raw/caltech256/256_ObjectCategories/246.wine-bottle/246_0080.jpg,245,246.wine-bottle
data/raw/caltech256/256_ObjectCategories/246.wine-bottle/246_0083.jpg,245,246.wine-bottle
data/raw/caltech256/256_ObjectCategories/246.wine-bottle/246_0013.jpg,245,246.wine-bottle
data/raw/caltech256/256_ObjectCategories/246.wine-bottle/246_0052.jpg,245,246.wine-bottle
data/raw/caltech256/256_ObjectCategories/246.wine-bottle/246_0031.jpg,245,246.wine-bottle
data/raw/caltech256/256_ObjectCategories/246.wine-bottle/246_0037.jpg,245,246.wine-bottle
data/raw/caltech256/256_ObjectCategories/246.wine-bottle/246_0040.jpg,245,246.wine-bottle
data/raw/caltech256/256_ObjectCategories/246.wine-bottle/246_0016.jpg,245,246.wine-bottle
data/raw/caltech256/256_ObjectCategories/246.wine-bottle/246_0050.jpg,245,246.wine-bottle
data/raw/caltech256/256_ObjectCategories/246.wine-bottle/246_0012.jpg,245,246.wine-bottle
data/raw/caltech256/256_ObjectCategories/246.wine-bottle/246_0089.jpg,245,246.wine-bottle
data/raw/caltech256/256_ObjectCategories/246.wine-bottle/246_0038.jpg,245,246.wine-bottle
data/raw/caltech256/256_ObjectCategories/246.wine-bottle/246_0047.jpg,245,246.wine-bottle
data/raw/caltech256/256_ObjectCategories/246.wine-bottle/246_0022.jpg,245,246.wine-bottle
data/raw/caltech256/256_ObjectCategories/246.wine-bottle/246_0039.jpg,245,246.wine-bottle
data/raw/caltech256/256_ObjectCategories/247.xylophone/247_0086.jpg,246,247.xylophone
data/raw/caltech256/256_ObjectCategories/247.xylophone/247_0026.jpg,246,247.xylophone
data/raw/caltech256/256_ObjectCategories/247.xylophone/247_0003.jpg,246,247.xylophone
data/raw/caltech256/256_ObjectCategories/247.xylophone/247_0074.jpg,246,247.xylophone
data/raw/caltech256/256_ObjectCategories/247.xylophone/247_0075.jpg,246,247.xylophone
data/raw/caltech256/256_ObjectCategories/247.xylophone/247_0045.jpg,246,247.xylophone
data/raw/caltech256/256_ObjectCategories/247.xylophone/247_0062.jpg,246,247.xylophone
data/raw/caltech256/256_ObjectCategories/247.xylophone/247_0031.jpg,246,247.xylophone
data/raw/caltech256/256_ObjectCategories/247.xylophone/247_0029.jpg,246,247.xylophone
data/raw/caltech256/256_ObjectCategories/247.xylophone/247_0052.jpg,246,247.xylophone
data/raw/caltech256/256_ObjectCategories/247.xylophone/247_0073.jpg,246,247.xylophone
data/raw/caltech256/256_ObjectCategories/247.xylophone/247_0044.jpg,246,247.xylophone
data/raw/caltech256/256_ObjectCategories/247.xylophone/247_0021.jpg,246,247.xylophone
data/raw/caltech256/256_ObjectCategories/247.xylophone/247_0084.jpg,246,247.xylophone
data/raw/caltech256/256_ObjectCategories/247.xylophone/247_0037.jpg,246,247.xylophone
data/raw/caltech256/256_ObjectCategories/247.xylophone/247_0063.jpg,246,247.xylophone
data/raw/caltech256/256_ObjectCategories/247.xylophone/247_0056.jpg,246,247.xylophone
data/raw/caltech256/256_ObjectCategories/247.xylophone/247_0019.jpg,246,247.xylophone
data/raw/caltech256/256_ObjectCategories/247.xylophone/247_0067.jpg,246,247.xylophone
data/raw/caltech256/256_ObjectCategories/247.xylophone/247_0030.jpg,246,247.xylophone
data/raw/caltech256/256_ObjectCategories/247.xylophone/247_0028.jpg,246,247.xylophone
data/raw/caltech256/256_ObjectCategories/247.xylophone/247_0060.jpg,246,247.xylophone
data/raw/caltech256/256_ObjectCategories/247.xylophone/247_0061.jpg,246,247.xylophone
data/raw/caltech256/256_ObjectCategories/247.xylophone/247_0068.jpg,246,247.xylophone
data/raw/caltech256/256_ObjectCategories/247.xylophone/247_0091.jpg,246,247.xylophone
data/raw/caltech256/256_ObjectCategories/247.xylophone/247_0042.jpg,246,247.xylophone
data/raw/caltech256/256_ObjectCategories/247.xylophone/247_0078.jpg,246,247.xylophone
data/raw/caltech256/256_ObjectCategories/247.xylophone/247_0034.jpg,246,247.xylophone
data/raw/caltech256/256_ObjectCategories/247.xylophone/247_0007.jpg,246,247.xylophone
data/raw/caltech256/256_ObjectCategories/247.xylophone/247_0013.jpg,246,247.xylophone
data/raw/caltech256/256_ObjectCategories/247.xylophone/247_0072.jpg,246,247.xylophone
data/raw/caltech256/256_ObjectCategories/247.xylophone/247_0039.jpg,246,247.xylophone
data/raw/caltech256/256_ObjectCategories/247.xylophone/247_0069.jpg,246,247.xylophone
data/raw/caltech256/256_ObjectCategories/248.yarmulke/248_0006.jpg,247,248.yarmulke
data/raw/caltech256/256_ObjectCategories/248.yarmulke/248_0014.jpg,247,248.yarmulke
data/raw/caltech256/256_ObjectCategories/248.yarmulke/248_0056.jpg,247,248.yarmulke
data/raw/caltech256/256_ObjectCategories/248.yarmulke/248_0047.jpg,247,248.yarmulke
data/raw/caltech256/256_ObjectCategories/248.yarmulke/248_0019.jpg,247,248.yarmulke
data/raw/caltech256/256_ObjectCategories/248.yarmulke/248_0025.jpg,247,248.yarmulke
data/raw/caltech256/256_ObjectCategories/248.yarmulke/248_0039.jpg,247,248.yarmulke
data/raw/caltech256/256_ObjectCategories/248.yarmulke/248_0002.jpg,247,248.yarmulke
data/raw/caltech256/256_ObjectCategories/248.yarmulke/248_0082.jpg,247,248.yarmulke
data/raw/caltech256/256_ObjectCategories/248.yarmulke/248_0033.jpg,247,248.yarmulke
data/raw/caltech256/256_ObjectCategories/248.yarmulke/248_0020.jpg,247,248.yarmulke
data/raw/caltech256/256_ObjectCategories/248.yarmulke/248_0048.jpg,247,248.yarmulke
data/raw/caltech256/256_ObjectCategories/248.yarmulke/248_0066.jpg,247,248.yarmulke
data/raw/caltech256/256_ObjectCategories/248.yarmulke/248_0007.jpg,247,248.yarmulke
data/raw/caltech256/256_ObjectCategories/248.yarmulke/248_0083.jpg,247,248.yarmulke
data/raw/caltech256/256_ObjectCategories/248.yarmulke/248_0011.jpg,247,248.yarmulke
data/raw/caltech256/256_ObjectCategories/248.yarmulke/248_0062.jpg,247,248.yarmulke
data/raw/caltech256/256_ObjectCategories/248.yarmulke/248_0041.jpg,247,248.yarmulke
data/raw/caltech256/256_ObjectCategories/248.yarmulke/248_0052.jpg,247,248.yarmulke
data/raw/caltech256/256_ObjectCategories/248.yarmulke/248_0043.jpg,247,248.yarmulke
data/raw/caltech256/256_ObjectCategories/248.yarmulke/248_0034.jpg,247,248.yarmulke
data/raw/caltech256/256_ObjectCategories/248.yarmulke/248_0031.jpg,247,248.yarmulke
data/raw/caltech256/256_ObjectCategories/248.yarmulke/248_0027.jpg,247,248.yarmulke
data/raw/caltech256/256_ObjectCategories/248.yarmulke/248_0032.jpg,247,248.yarmulke
data/raw/caltech256/256_ObjectCategories/248.yarmulke/248_0042.jpg,247,248.yarmulke
data/raw/caltech256/256_ObjectCategories/248.yarmulke/248_0060.jpg,247,248.yarmulke
data/raw/caltech256/256_ObjectCategories/248.yarmulke/248_0036.jpg,247,248.yarmulke
data/raw/caltech256/256_ObjectCategories/248.yarmulke/248_0005.jpg,247,248.yarmulke
data/raw/caltech256/256_ObjectCategories/248.yarmulke/248_0051.jpg,247,248.yarmulke
data/raw/caltech256/256_ObjectCategories/248.yarmulke/248_0081.jpg,247,248.yarmulke
data/raw/caltech256/256_ObjectCategories/249.yo-yo/249_0004.jpg,248,249.yo-yo
data/raw/caltech256/256_ObjectCategories/249.yo-yo/249_0049.jpg,248,249.yo-yo
data/raw/caltech256/256_ObjectCategories/249.yo-yo/249_0040.jpg,248,249.yo-yo
data/raw/caltech256/256_ObjectCategories/249.yo-yo/249_0075.jpg,248,249.yo-yo
data/raw/caltech256/256_ObjectCategories/249.yo-yo/249_0098.jpg,248,249.yo-yo
data/raw/caltech256/256_ObjectCategories/249.yo-yo/249_0023.jpg,248,249.yo-yo
data/raw/caltech256/256_ObjectCategories/249.yo-yo/249_0039.jpg,248,249.yo-yo
data/raw/caltech256/256_ObjectCategories/249.yo-yo/249_0090.jpg,248,249.yo-yo
data/raw/caltech256/256_ObjectCategories/249.yo-yo/249_0070.jpg,248,249.yo-yo
data/raw/caltech256/256_ObjectCategories/249.yo-yo/249_0027.jpg,248,249.yo-yo
data/raw/caltech256/256_ObjectCategories/249.yo-yo/249_0032.jpg,248,249.yo-yo
data/raw/caltech256/256_ObjectCategories/249.yo-yo/249_0042.jpg,248,249.yo-yo
data/raw/caltech256/256_ObjectCategories/249.yo-yo/249_0017.jpg,248,249.yo-yo
data/raw/caltech256/256_ObjectCategories/249.yo-yo/249_0087.jpg,248,249.yo-yo
data/raw/caltech256/256_ObjectCategories/249.yo-yo/249_0052.jpg,248,249.yo-yo
data/raw/caltech256/256_ObjectCategories/249.yo-yo/249_0034.jpg,248,249.yo-yo
data/raw/caltech256/256_ObjectCategories/249.yo-yo/249_0003.jpg,248,249.yo-yo
data/raw/caltech256/256_ObjectCategories/249.yo-yo/249_0089.jpg,248,249.yo-yo
data/raw/caltech256/256_ObjectCategories/249.yo-yo/249_0083.jpg,248,249.yo-yo
data/raw/caltech256/256_ObjectCategories/249.yo-yo/249_0047.jpg,248,249.yo-yo
data/raw/caltech256/256_ObjectCategories/249.yo-yo/249_0074.jpg,248,249.yo-yo
data/raw/caltech256/256_ObjectCategories/249.yo-yo/249_0026.jpg,248,249.yo-yo
data/raw/caltech256/256_ObjectCategories/249.yo-yo/249_0001.jpg,248,249.yo-yo
data/raw/caltech256/256_ObjectCategories/249.yo-yo/249_0029.jpg,248,249.yo-yo
data/raw/caltech256/256_ObjectCategories/249.yo-yo/249_0099.jpg,248,249.yo-yo
data/raw/caltech256/256_ObjectCategories/249.yo-yo/249_0088.jpg,248,249.yo-yo
data/raw/caltech256/256_ObjectCategories/249.yo-yo/249_0051.jpg,248,249.yo-yo
data/raw/caltech256/256_ObjectCategories/249.yo-yo/249_0053.jpg,248,249.yo-yo
data/raw/caltech256/256_ObjectCategories/249.yo-yo/249_0057.jpg,248,249.yo-yo
data/raw/caltech256/256_ObjectCategories/249.yo-yo/249_0071.jpg,248,249.yo-yo
data/raw/caltech256/256_ObjectCategories/249.yo-yo/249_0095.jpg,248,249.yo-yo
data/raw/caltech256/256_ObjectCategories/249.yo-yo/249_0066.jpg,248,249.yo-yo
data/raw/caltech256/256_ObjectCategories/249.yo-yo/249_0060.jpg,248,249.yo-yo
data/raw/caltech256/256_ObjectCategories/249.yo-yo/249_0048.jpg,248,249.yo-yo
data/raw/caltech256/256_ObjectCategories/249.yo-yo/249_0062.jpg,248,249.yo-yo
data/raw/caltech256/256_ObjectCategories/250.zebra/250_0009.jpg,249,250.zebra
data/raw/caltech256/256_ObjectCategories/250.zebra/250_0065.jpg,249,250.zebra
data/raw/caltech256/256_ObjectCategories/250.zebra/250_0049.jpg,249,250.zebra
data/raw/caltech256/256_ObjectCategories/250.zebra/250_0045.jpg,249,250.zebra
data/raw/caltech256/256_ObjectCategories/250.zebra/250_0091.jpg,249,250.zebra
data/raw/caltech256/256_ObjectCategories/250.zebra/250_0067.jpg,249,250.zebra
data/raw/caltech256/256_ObjectCategories/250.zebra/250_0053.jpg,249,250.zebra
data/raw/caltech256/256_ObjectCategories/250.zebra/250_0085.jpg,249,250.zebra
data/raw/caltech256/256_ObjectCategories/250.zebra/250_0057.jpg,249,250.zebra
data/raw/caltech256/256_ObjectCategories/250.zebra/250_0022.jpg,249,250.zebra
data/raw/caltech256/256_ObjectCategories/250.zebra/250_0095.jpg,249,250.zebra
data/raw/caltech256/256_ObjectCategories/250.zebra/250_0035.jpg,249,250.zebra
data/raw/caltech256/256_ObjectCategories/250.zebra/250_0080.jpg,249,250.zebra
data/raw/caltech256/256_ObjectCategories/250.zebra/250_0025.jpg,249,250.zebra
data/raw/caltech256/256_ObjectCategories/250.zebra/250_0082.jpg,249,250.zebra
data/raw/caltech256/256_ObjectCategories/250.zebra/250_0052.jpg,249,250.zebra
data/raw/caltech256/256_ObjectCategories/250.zebra/250_0093.jpg,249,250.zebra
data/raw/caltech256/256_ObjectCategories/250.zebra/250_0026.jpg,249,250.zebra
data/raw/caltech256/256_ObjectCategories/250.zebra/250_0029.jpg,249,250.zebra
data/raw/caltech256/256_ObjectCategories/250.zebra/250_0027.jpg,249,250.zebra
data/raw/caltech256/256_ObjectCategories/250.zebra/250_0075.jpg,249,250.zebra
data/raw/caltech256/256_ObjectCategories/250.zebra/250_0054.jpg,249,250.zebra
data/raw/caltech256/256_ObjectCategories/250.zebra/250_0066.jpg,249,250.zebra
data/raw/caltech256/256_ObjectCategories/250.zebra/250_0088.jpg,249,250.zebra
data/raw/caltech256/256_ObjectCategories/250.zebra/250_0008.jpg,249,250.zebra
data/raw/caltech256/256_ObjectCategories/250.zebra/250_0090.jpg,249,250.zebra
data/raw/caltech256/256_ObjectCategories/250.zebra/250_0048.jpg,249,250.zebra
data/raw/caltech256/256_ObjectCategories/250.zebra/250_0011.jpg,249,250.zebra
data/raw/caltech256/256_ObjectCategories/250.zebra/250_0033.jpg,249,250.zebra
data/raw/caltech256/256_ObjectCategories/250.zebra/250_0002.jpg,249,250.zebra
data/raw/caltech256/256_ObjectCategories/250.zebra/250_0020.jpg,249,250.zebra
data/raw/caltech256/256_ObjectCategories/250.zebra/250_0006.jpg,249,250.zebra
data/raw/caltech256/256_ObjectCategories/250.zebra/250_0031.jpg,249,250.zebra
data/raw/caltech256/256_ObjectCategories/250.zebra/250_0063.jpg,249,250.zebra
data/raw/caltech256/256_ObjectCategories/251.airplanes-101/251_0653.jpg,250,251.airplanes-101
data/raw/caltech256/256_ObjectCategories/251.airplanes-101/251_0546.jpg,250,251.airplanes-101
data/raw/caltech256/256_ObjectCategories/251.airplanes-101/251_0124.jpg,250,251.airplanes-101
data/raw/caltech256/256_ObjectCategories/251.airplanes-101/251_0505.jpg,250,251.airplanes-101
data/raw/caltech256/256_ObjectCategories/251.airplanes-101/251_0737.jpg,250,251.airplanes-101
data/raw/caltech256/256_ObjectCategories/251.airplanes-101/251_0507.jpg,250,251.airplanes-101
data/raw/caltech256/256_ObjectCategories/251.airplanes-101/251_0104.jpg,250,251.airplanes-101
data/raw/caltech256/256_ObjectCategories/251.airplanes-101/251_0562.jpg,250,251.airplanes-101
data/raw/caltech256/256_ObjectCategories/251.airplanes-101/251_0027.jpg,250,251.airplanes-101
data/raw/caltech256/256_ObjectCategories/251.airplanes-101/251_0267.jpg,250,251.airplanes-101
data/raw/caltech256/256_ObjectCategories/251.airplanes-101/251_0665.jpg,250,251.airplanes-101
data/raw/caltech256/256_ObjectCategories/251.airplanes-101/251_0290.jpg,250,251.airplanes-101
data/raw/caltech256/256_ObjectCategories/251.airplanes-101/251_0148.jpg,250,251.airplanes-101
data/raw/caltech256/256_ObjectCategories/251.airplanes-101/251_0426.jpg,250,251.airplanes-101
data/raw/caltech256/256_ObjectCategories/251.airplanes-101/251_0125.jpg,250,251.airplanes-101
data/raw/caltech256/256_ObjectCategories/251.airplanes-101/251_0452.jpg,250,251.airplanes-101
data/raw/caltech256/256_ObjectCategories/251.airplanes-101/251_0012.jpg,250,251.airplanes-101
data/raw/caltech256/256_ObjectCategories/251.airplanes-101/251_0365.jpg,250,251.airplanes-101
data/raw/caltech256/256_ObjectCategories/251.airplanes-101/251_0207.jpg,250,251.airplanes-101
data/raw/caltech256/256_ObjectCategories/251.airplanes-101/251_0048.jpg,250,251.airplanes-101
data/raw/caltech256/256_ObjectCategories/251.airplanes-101/251_0579.jpg,250,251.airplanes-101
data/raw/caltech256/256_ObjectCategories/251.airplanes-101/251_0155.jpg,250,251.airplanes-101
data/raw/caltech256/256_ObjectCategories/251.airplanes-101/251_0477.jpg,250,251.airplanes-101
data/raw/caltech256/256_ObjectCategories/251.airplanes-101/251_0577.jpg,250,251.airplanes-101
data/raw/caltech256/256_ObjectCategories/251.airplanes-101/251_0167.jpg,250,251.airplanes-101
data/raw/caltech256/256_ObjectCategories/251.airplanes-101/251_0248.jpg,250,251.airplanes-101
data/raw/caltech256/256_ObjectCategories/251.airplanes-101/251_0375.jpg,250,251.airplanes-101
data/raw/caltech256/256_ObjectCategories/251.airplanes-101/251_0128.jpg,250,251.airplanes-101
data/raw/caltech256/256_ObjectCategories/251.airplanes-101/251_0206.jpg,250,251.airplanes-101
data/raw/caltech256/256_ObjectCategories/251.airplanes-101/251_0058.jpg,250,251.airplanes-101
data/raw/caltech256/256_ObjectCategories/251.airplanes-101/251_0658.jpg,250,251.airplanes-101
data/raw/caltech256/256_ObjectCategories/251.airplanes-101/251_0659.jpg,250,251.airplanes-101
data/raw/caltech256/256_ObjectCategories/251.airplanes-101/251_0089.jpg,250,251.airplanes-101
data/raw/caltech256/256_ObjectCategories/251.airplanes-101/251_0503.jpg,250,251.airplanes-101
data/raw/caltech256/256_ObjectCategories/251.airplanes-101/251_0330.jpg,250,251.airplanes-101
data/raw/caltech256/256_ObjectCategories/251.airplanes-101/251_0400.jpg,250,251.airplanes-101
data/raw/caltech256/256_ObjectCategories/251.airplanes-101/251_0280.jpg,250,251.airplanes-101
data/raw/caltech256/256_ObjectCategories/251.airplanes-101/251_0459.jpg,250,251.airplanes-101
data/raw/caltech256/256_ObjectCategories/251.airplanes-101/251_0129.jpg,250,251.airplanes-101
data/raw/caltech256/256_ObjectCategories/251.airplanes-101/251_0098.jpg,250,251.airplanes-101
data/raw/caltech256/256_ObjectCategories/251.airplanes-101/251_0371.jpg,250,251.airplanes-101
data/raw/caltech256/256_ObjectCategories/251.airplanes-101/251_0370.jpg,250,251.airplanes-101
data/raw/caltech256/256_ObjectCategories/251.airplanes-101/251_0714.jpg,250,251.airplanes-101
data/raw/caltech256/256_ObjectCategories/251.airplanes-101/251_0770.jpg,250,251.airplanes-101
data/raw/caltech256/256_ObjectCategories/251.airplanes-101/251_0208.jpg,250,251.airplanes-101
data/raw/caltech256/256_ObjectCategories/251.airplanes-101/251_0311.jpg,250,251.airplanes-101
data/raw/caltech256/256_ObjectCategories/251.airplanes-101/251_0231.jpg,250,251.airplanes-101
data/raw/caltech256/256_ObjectCategories/251.airplanes-101/251_0741.jpg,250,251.airplanes-101
data/raw/caltech256/256_ObjectCategories/251.airplanes-101/251_0641.jpg,250,251.airplanes-101
data/raw/caltech256/256_ObjectCategories/251.airplanes-101/251_0061.jpg,250,251.airplanes-101
data/raw/caltech256/256_ObjectCategories/251.airplanes-101/251_0428.jpg,250,251.airplanes-101
data/raw/caltech256/256_ObjectCategories/251.airplanes-101/251_0253.jpg,250,251.airplanes-101
data/raw/caltech256/256_ObjectCategories/251.airplanes-101/251_0050.jpg,250,251.airplanes-101
data/raw/caltech256/256_ObjectCategories/251.airplanes-101/251_0055.jpg,250,251.airplanes-101
data/raw/caltech256/256_ObjectCategories/251.airplanes-101/251_0447.jpg,250,251.airplanes-101
data/raw/caltech256/256_ObjectCategories/251.airplanes-101/251_0187.jpg,250,251.airplanes-101
data/raw/caltech256/256_ObjectCategories/251.airplanes-101/251_0437.jpg,250,251.airplanes-101
data/raw/caltech256/256_ObjectCategories/251.airplanes-101/251_0022.jpg,250,251.airplanes-101
data/raw/caltech256/256_ObjectCategories/251.airplanes-101/251_0494.jpg,250,251.airplanes-101
data/raw/caltech256/256_ObjectCategories/251.airplanes-101/251_0391.jpg,250,251.airplanes-101
data/raw/caltech256/256_ObjectCategories/251.airplanes-101/251_0476.jpg,250,251.airplanes-101
data/raw/caltech256/256_ObjectCategories/251.airplanes-101/251_0593.jpg,250,251.airplanes-101
data/raw/caltech256/256_ObjectCategories/251.airplanes-101/251_0711.jpg,250,251.airplanes-101
data/raw/caltech256/256_ObjectCategories/251.airplanes-101/251_0170.jpg,250,251.airplanes-101
data/raw/caltech256/256_ObjectCategories/251.airplanes-101/251_0033.jpg,250,251.airplanes-101
data/raw/caltech256/256_ObjectCategories/251.airplanes-101/251_0472.jpg,250,251.airplanes-101
data/raw/caltech256/256_ObjectCategories/251.airplanes-101/251_0200.jpg,250,251.airplanes-101
data/raw/caltech256/256_ObjectCategories/251.airplanes-101/251_0008.jpg,250,251.airplanes-101
data/raw/caltech256/256_ObjectCategories/251.airplanes-101/251_0636.jpg,250,251.airplanes-101
data/raw/caltech256/256_ObjectCategories/251.airplanes-101/251_0719.jpg,250,251.airplanes-101
data/raw/caltech256/256_ObjectCategories/251.airplanes-101/251_0716.jpg,250,251.airplanes-101
data/raw/caltech256/256_ObjectCategories/251.airplanes-101/251_0337.jpg,250,251.airplanes-101
data/raw/caltech256/256_ObjectCategories/251.airplanes-101/251_0735.jpg,250,251.airplanes-101
data/raw/caltech256/256_ObjectCategories/251.airplanes-101/251_0160.jpg,250,251.airplanes-101
data/raw/caltech256/256_ObjectCategories/251.airplanes-101/251_0205.jpg,250,251.airplanes-101
data/raw/caltech256/256_ObjectCategories/251.airplanes-101/251_0397.jpg,250,251.airplanes-101
data/raw/caltech256/256_ObjectCategories/251.airplanes-101/251_0575.jpg,250,251.airplanes-101
data/raw/caltech256/256_ObjectCategories/251.airplanes-101/251_0111.jpg,250,251.airplanes-101
data/raw/caltech256/256_ObjectCategories/251.airplanes-101/251_0496.jpg,250,251.airplanes-101
data/raw/caltech256/256_ObjectCategories/251.airplanes-101/251_0398.jpg,250,251.airplanes-101
data/raw/caltech256/256_ObjectCategories/251.airplanes-101/251_0713.jpg,250,251.airplanes-101
data/raw/caltech256/256_ObjectCategories/251.airplanes-101/251_0325.jpg,250,251.airplanes-101
data/raw/caltech256/256_ObjectCategories/251.airplanes-101/251_0346.jpg,250,251.airplanes-101
data/raw/caltech256/256_ObjectCategories/251.airplanes-101/251_0493.jpg,250,251.airplanes-101
data/raw/caltech256/256_ObjectCategories/251.airplanes-101/251_0450.jpg,250,251.airplanes-101
data/raw/caltech256/256_ObjectCategories/251.airplanes-101/251_0243.jpg,250,251.airplanes-101
data/raw/caltech256/256_ObjectCategories/251.airplanes-101/251_0622.jpg,250,251.airplanes-101
data/raw/caltech256/256_ObjectCategories/251.airplanes-101/251_0278.jpg,250,251.airplanes-101
data/raw/caltech256/256_ObjectCategories/251.airplanes-101/251_0504.jpg,250,251.airplanes-101
data/raw/caltech256/256_ObjectCategories/251.airplanes-101/251_0702.jpg,250,251.airplanes-101
data/raw/caltech256/256_ObjectCategories/251.airplanes-101/251_0495.jpg,250,251.airplanes-101
data/raw/caltech256/256_ObjectCategories/251.airplanes-101/251_0596.jpg,250,251.airplanes-101
data/raw/caltech256/256_ObjectCategories/251.airplanes-101/251_0260.jpg,250,251.airplanes-101
data/raw/caltech256/256_ObjectCategories/251.airplanes-101/251_0781.jpg,250,251.airplanes-101
data/raw/caltech256/256_ObjectCategories/251.airplanes-101/251_0700.jpg,250,251.airplanes-101
data/raw/caltech256/256_ObjectCategories/251.airplanes-101/251_0642.jpg,250,251.airplanes-101
data/raw/caltech256/256_ObjectCategories/251.airplanes-101/251_0460.jpg,250,251.airplanes-101
data/raw/caltech256/256_ObjectCategories/251.airplanes-101/251_0528.jpg,250,251.airplanes-101
data/raw/caltech256/256_ObjectCategories/251.airplanes-101/251_0601.jpg,250,251.airplanes-101
data/raw/caltech256/256_ObjectCategories/251.airplanes-101/251_0381.jpg,250,251.airplanes-101
data/raw/caltech256/256_ObjectCategories/251.airplanes-101/251_0043.jpg,250,251.airplanes-101
data/raw/caltech256/256_ObjectCategories/251.airplanes-101/251_0775.jpg,250,251.airplanes-101
data/raw/caltech256/256_ObjectCategories/251.airplanes-101/251_0059.jpg,250,251.airplanes-101
data/raw/caltech256/256_ObjectCategories/251.airplanes-101/251_0520.jpg,250,251.airplanes-101
data/raw/caltech256/256_ObjectCategories/251.airplanes-101/251_0615.jpg,250,251.airplanes-101
data/raw/caltech256/256_ObjectCategories/251.airplanes-101/251_0548.jpg,250,251.airplanes-101
data/raw/caltech256/256_ObjectCategories/251.airplanes-101/251_0523.jpg,250,251.airplanes-101
data/raw/caltech256/256_ObjectCategories/251.airplanes-101/251_0698.jpg,250,251.airplanes-101
data/raw/caltech256/256_ObjectCategories/251.airplanes-101/251_0031.jpg,250,251.airplanes-101
data/raw/caltech256/256_ObjectCategories/251.airplanes-101/251_0146.jpg,250,251.airplanes-101
data/raw/caltech256/256_ObjectCategories/251.airplanes-101/251_0342.jpg,250,251.airplanes-101
data/raw/caltech256/256_ObjectCategories/251.airplanes-101/251_0180.jpg,250,251.airplanes-101
data/raw/caltech256/256_ObjectCategories/251.airplanes-101/251_0234.jpg,250,251.airplanes-101
data/raw/caltech256/256_ObjectCategories/251.airplanes-101/251_0578.jpg,250,251.airplanes-101
data/raw/caltech256/256_ObjectCategories/251.airplanes-101/251_0800.jpg,250,251.airplanes-101
data/raw/caltech256/256_ObjectCategories/251.airplanes-101/251_0555.jpg,250,251.airplanes-101
data/raw/caltech256/256_ObjectCategories/251.airplanes-101/251_0194.jpg,250,251.airplanes-101
data/raw/caltech256/256_ObjectCategories/251.airplanes-101/251_0103.jpg,250,251.airplanes-101
data/raw/caltech256/256_ObjectCategories/251.airplanes-101/251_0163.jpg,250,251.airplanes-101
data/raw/caltech256/256_ObjectCategories/251.airplanes-101/251_0669.jpg,250,251.airplanes-101
data/raw/caltech256/256_ObjectCategories/251.airplanes-101/251_0661.jpg,250,251.airplanes-101
data/raw/caltech256/256_ObjectCategories/251.airplanes-101/251_0352.jpg,250,251.airplanes-101
data/raw/caltech256/256_ObjectCategories/251.airplanes-101/251_0382.jpg,250,251.airplanes-101
data/raw/caltech256/256_ObjectCategories/251.airplanes-101/251_0202.jpg,250,251.airplanes-101
data/raw/caltech256/256_ObjectCategories/251.airplanes-101/251_0347.jpg,250,251.airplanes-101
data/raw/caltech256/256_ObjectCategories/251.airplanes-101/251_0241.jpg,250,251.airplanes-101
data/raw/caltech256/256_ObjectCategories/251.airplanes-101/251_0683.jpg,250,251.airplanes-101
data/raw/caltech256/256_ObjectCategories/251.airplanes-101/251_0261.jpg,250,251.airplanes-101
data/raw/caltech256/256_ObjectCategories/251.airplanes-101/251_0525.jpg,250,251.airplanes-101
data/raw/caltech256/256_ObjectCategories/251.airplanes-101/251_0799.jpg,250,251.airplanes-101
data/raw/caltech256/256_ObjectCategories/251.airplanes-101/251_0611.jpg,250,251.airplanes-101
data/raw/caltech256/256_ObjectCategories/251.airplanes-101/251_0643.jpg,250,251.airplanes-101
data/raw/caltech256/256_ObjectCategories/251.airplanes-101/251_0138.jpg,250,251.airplanes-101
data/raw/caltech256/256_ObjectCategories/251.airplanes-101/251_0117.jpg,250,251.airplanes-101
data/raw/caltech256/256_ObjectCategories/251.airplanes-101/251_0558.jpg,250,251.airplanes-101
data/raw/caltech256/256_ObjectCategories/251.airplanes-101/251_0654.jpg,250,251.airplanes-101
data/raw/caltech256/256_ObjectCategories/251.airplanes-101/251_0481.jpg,250,251.airplanes-101
data/raw/caltech256/256_ObjectCategories/251.airplanes-101/251_0357.jpg,250,251.airplanes-101
data/raw/caltech256/256_ObjectCategories/251.airplanes-101/251_0761.jpg,250,251.airplanes-101
data/raw/caltech256/256_ObjectCategories/251.airplanes-101/251_0068.jpg,250,251.airplanes-101
data/raw/caltech256/256_ObjectCategories/251.airplanes-101/251_0408.jpg,250,251.airplanes-101
data/raw/caltech256/256_ObjectCategories/251.airplanes-101/251_0677.jpg,250,251.airplanes-101
data/raw/caltech256/256_ObjectCategories/251.airplanes-101/251_0571.jpg,250,251.airplanes-101
data/raw/caltech256/256_ObjectCategories/251.airplanes-101/251_0270.jpg,250,251.airplanes-101
data/raw/caltech256/256_ObjectCategories/251.airplanes-101/251_0433.jpg,250,251.airplanes-101
data/raw/caltech256/256_ObjectCategories/251.airplanes-101/251_0633.jpg,250,251.airplanes-101
data/raw/caltech256/256_ObjectCategories/251.airplanes-101/251_0585.jpg,250,251.airplanes-101
data/raw/caltech256/256_ObjectCategories/251.airplanes-101/251_0190.jpg,250,251.airplanes-101
data/raw/caltech256/256_ObjectCategories/251.airplanes-101/251_0401.jpg,250,251.airplanes-101
data/raw/caltech256/256_ObjectCategories/251.airplanes-101/251_0308.jpg,250,251.airplanes-101
data/raw/caltech256/256_ObjectCategories/251.airplanes-101/251_0443.jpg,250,251.airplanes-101
data/raw/caltech256/256_ObjectCategories/251.airplanes-101/251_0434.jpg,250,251.airplanes-101
data/raw/caltech256/256_ObjectCategories/251.airplanes-101/251_0699.jpg,250,251.airplanes-101
data/raw/caltech256/256_ObjectCategories/251.airplanes-101/251_0715.jpg,250,251.airplanes-101
data/raw/caltech256/256_ObjectCategories/251.airplanes-101/251_0013.jpg,250,251.airplanes-101
data/raw/caltech256/256_ObjectCategories/251.airplanes-101/251_0682.jpg,250,251.airplanes-101
data/raw/caltech256/256_ObjectCategories/251.airplanes-101/251_0321.jpg,250,251.airplanes-101
data/raw/caltech256/256_ObjectCategories/251.airplanes-101/251_0066.jpg,250,251.airplanes-101
data/raw/caltech256/256_ObjectCategories/251.airplanes-101/251_0313.jpg,250,251.airplanes-101
data/raw/caltech256/256_ObjectCategories/251.airplanes-101/251_0540.jpg,250,251.airplanes-101
data/raw/caltech256/256_ObjectCategories/251.airplanes-101/251_0557.jpg,250,251.airplanes-101
data/raw/caltech256/256_ObjectCategories/251.airplanes-101/251_0276.jpg,250,251.airplanes-101
data/raw/caltech256/256_ObjectCategories/251.airplanes-101/251_0292.jpg,250,251.airplanes-101
data/raw/caltech256/256_ObjectCategories/251.airplanes-101/251_0388.jpg,250,251.airplanes-101
data/raw/caltech256/256_ObjectCategories/251.airplanes-101/251_0432.jpg,250,251.airplanes-101
data/raw/caltech256/256_ObjectCategories/251.airplanes-101/251_0730.jpg,250,251.airplanes-101
data/raw/caltech256/256_ObjectCategories/251.airplanes-101/251_0749.jpg,250,251.airplanes-101
data/raw/caltech256/256_ObjectCategories/251.airplanes-101/251_0105.jpg,250,251.airplanes-101
data/raw/caltech256/256_ObjectCategories/251.airplanes-101/251_0794.jpg,250,251.airplanes-101
data/raw/caltech256/256_ObjectCategories/251.airplanes-101/251_0284.jpg,250,251.airplanes-101
data/raw/caltech256/256_ObjectCategories/251.airplanes-101/251_0524.jpg,250,251.airplanes-101
data/raw/caltech256/256_ObjectCategories/251.airplanes-101/251_0429.jpg,250,251.airplanes-101
data/raw/caltech256/256_ObjectCategories/251.airplanes-101/251_0609.jpg,250,251.airplanes-101
data/raw/caltech256/256_ObjectCategories/251.airplanes-101/251_0757.jpg,250,251.airplanes-101
data/raw/caltech256/256_ObjectCategories/251.airplanes-101/251_0215.jpg,250,251.airplanes-101
data/raw/caltech256/256_ObjectCategories/251.airplanes-101/251_0729.jpg,250,251.airplanes-101
data/raw/caltech256/256_ObjectCategories/251.airplanes-101/251_0151.jpg,250,251.airplanes-101
data/raw/caltech256/256_ObjectCategories/251.airplanes-101/251_0670.jpg,250,251.airplanes-101
data/raw/caltech256/256_ObjectCategories/251.airplanes-101/251_0314.jpg,250,251.airplanes-101
data/raw/caltech256/256_ObjectCategories/251.airplanes-101/251_0262.jpg,250,251.airplanes-101
data/raw/caltech256/256_ObjectCategories/251.airplanes-101/251_0271.jpg,250,251.airplanes-101
data/raw/caltech256/256_ObjectCategories/251.airplanes-101/251_0316.jpg,250,251.airplanes-101
data/raw/caltech256/256_ObjectCategories/251.airplanes-101/251_0600.jpg,250,251.airplanes-101
data/raw/caltech256/256_ObjectCategories/251.airplanes-101/251_0127.jpg,250,251.airplanes-101
data/raw/caltech256/256_ObjectCategories/251.airplanes-101/251_0592.jpg,250,251.airplanes-101
data/raw/caltech256/256_ObjectCategories/251.airplanes-101/251_0113.jpg,250,251.airplanes-101
data/raw/caltech256/256_ObjectCategories/251.airplanes-101/251_0502.jpg,250,251.airplanes-101
data/raw/caltech256/256_ObjectCategories/251.airplanes-101/251_0684.jpg,250,251.airplanes-101
data/raw/caltech256/256_ObjectCategories/251.airplanes-101/251_0607.jpg,250,251.airplanes-101
data/raw/caltech256/256_ObjectCategories/251.airplanes-101/251_0028.jpg,250,251.airplanes-101
data/raw/caltech256/256_ObjectCategories/251.airplanes-101/251_0747.jpg,250,251.airplanes-101
data/raw/caltech256/256_ObjectCategories/251.airplanes-101/251_0573.jpg,250,251.airplanes-101
data/raw/caltech256/256_ObjectCategories/251.airplanes-101/251_0693.jpg,250,251.airplanes-101
data/raw/caltech256/256_ObjectCategories/251.airplanes-101/251_0752.jpg,250,251.airplanes-101
data/raw/caltech256/256_ObjectCategories/251.airplanes-101/251_0414.jpg,250,251.airplanes-101
data/raw/caltech256/256_ObjectCategories/251.airplanes-101/251_0296.jpg,250,251.airplanes-101
data/raw/caltech256/256_ObjectCategories/251.airplanes-101/251_0610.jpg,250,251.airplanes-101
data/raw/caltech256/256_ObjectCategories/251.airplanes-101/251_0136.jpg,250,251.airplanes-101
data/raw/caltech256/256_ObjectCategories/251.airplanes-101/251_0604.jpg,250,251.airplanes-101
data/raw/caltech256/256_ObjectCategories/251.airplanes-101/251_0394.jpg,250,251.airplanes-101
data/raw/caltech256/256_ObjectCategories/251.airplanes-101/251_0513.jpg,250,251.airplanes-101
data/raw/caltech256/256_ObjectCategories/251.airplanes-101/251_0305.jpg,250,251.airplanes-101
data/raw/caltech256/256_ObjectCategories/251.airplanes-101/251_0421.jpg,250,251.airplanes-101
data/raw/caltech256/256_ObjectCategories/251.airplanes-101/251_0348.jpg,250,251.airplanes-101
data/raw/caltech256/256_ObjectCategories/251.airplanes-101/251_0463.jpg,250,251.airplanes-101
data/raw/caltech256/256_ObjectCategories/251.airplanes-101/251_0145.jpg,250,251.airplanes-101
data/raw/caltech256/256_ObjectCategories/251.airplanes-101/251_0509.jpg,250,251.airplanes-101
data/raw/caltech256/256_ObjectCategories/251.airplanes-101/251_0007.jpg,250,251.airplanes-101
data/raw/caltech256/256_ObjectCategories/251.airplanes-101/251_0179.jpg,250,251.airplanes-101
data/raw/caltech256/256_ObjectCategories/251.airplanes-101/251_0341.jpg,250,251.airplanes-101
data/raw/caltech256/256_ObjectCategories/251.airplanes-101/251_0323.jpg,250,251.airplanes-101
data/raw/caltech256/256_ObjectCategories/251.airplanes-101/251_0030.jpg,250,251.airplanes-101
data/raw/caltech256/256_ObjectCategories/251.airplanes-101/251_0122.jpg,250,251.airplanes-101
data/raw/caltech256/256_ObjectCategories/251.airplanes-101/251_0759.jpg,250,251.airplanes-101
data/raw/caltech256/256_ObjectCategories/251.airplanes-101/251_0360.jpg,250,251.airplanes-101
data/raw/caltech256/256_ObjectCategories/251.airplanes-101/251_0245.jpg,250,251.airplanes-101
data/raw/caltech256/256_ObjectCategories/251.airplanes-101/251_0492.jpg,250,251.airplanes-101
data/raw/caltech256/256_ObjectCategories/251.airplanes-101/251_0625.jpg,250,251.airplanes-101
data/raw/caltech256/256_ObjectCategories/251.airplanes-101/251_0210.jpg,250,251.airplanes-101
data/raw/caltech256/256_ObjectCategories/251.airplanes-101/251_0646.jpg,250,251.airplanes-101
data/raw/caltech256/256_ObjectCategories/251.airplanes-101/251_0639.jpg,250,251.airplanes-101
data/raw/caltech256/256_ObjectCategories/251.airplanes-101/251_0718.jpg,250,251.airplanes-101
data/raw/caltech256/256_ObjectCategories/251.airplanes-101/251_0533.jpg,250,251.airplanes-101
data/raw/caltech256/256_ObjectCategories/251.airplanes-101/251_0076.jpg,250,251.airplanes-101
data/raw/caltech256/256_ObjectCategories/251.airplanes-101/251_0651.jpg,250,251.airplanes-101
data/raw/caltech256/256_ObjectCategories/251.airplanes-101/251_0435.jpg,250,251.airplanes-101
data/raw/caltech256/256_ObjectCategories/251.airplanes-101/251_0766.jpg,250,251.airplanes-101
data/raw/caltech256/256_ObjectCategories/251.airplanes-101/251_0595.jpg,250,251.airplanes-101
data/raw/caltech256/256_ObjectCategories/251.airplanes-101/251_0656.jpg,250,251.airplanes-101
data/raw/caltech256/256_ObjectCategories/251.airplanes-101/251_0733.jpg,250,251.airplanes-101
data/raw/caltech256/256_ObjectCategories/251.airplanes-101/251_0543.jpg,250,251.airplanes-101
data/raw/caltech256/256_ObjectCategories/251.airplanes-101/251_0181.jpg,250,251.airplanes-101
data/raw/caltech256/256_ObjectCategories/251.airplanes-101/251_0446.jpg,250,251.airplanes-101
data/raw/caltech256/256_ObjectCategories/251.airplanes-101/251_0637.jpg,250,251.airplanes-101
data/raw/caltech256/256_ObjectCategories/251.airplanes-101/251_0121.jpg,250,251.airplanes-101
data/raw/caltech256/256_ObjectCategories/251.airplanes-101/251_0497.jpg,250,251.airplanes-101
data/raw/caltech256/256_ObjectCategories/251.airplanes-101/251_0483.jpg,250,251.airplanes-101
data/raw/caltech256/256_ObjectCategories/251.airplanes-101/251_0144.jpg,250,251.airplanes-101
data/raw/caltech256/256_ObjectCategories/251.airplanes-101/251_0469.jpg,250,251.airplanes-101
data/raw/caltech256/256_ObjectCategories/251.airplanes-101/251_0420.jpg,250,251.airplanes-101
data/raw/caltech256/256_ObjectCategories/251.airplanes-101/251_0174.jpg,250,251.airplanes-101
data/raw/caltech256/256_ObjectCategories/251.airplanes-101/251_0101.jpg,250,251.airplanes-101
data/raw/caltech256/256_ObjectCategories/251.airplanes-101/251_0620.jpg,250,251.airplanes-101
data/raw/caltech256/256_ObjectCategories/251.airplanes-101/251_0686.jpg,250,251.airplanes-101
data/raw/caltech256/256_ObjectCategories/251.airplanes-101/251_0514.jpg,250,251.airplanes-101
data/raw/caltech256/256_ObjectCategories/251.airplanes-101/251_0131.jpg,250,251.airplanes-101
data/raw/caltech256/256_ObjectCategories/251.airplanes-101/251_0023.jpg,250,251.airplanes-101
data/raw/caltech256/256_ObjectCategories/251.airplanes-101/251_0265.jpg,250,251.airplanes-101
data/raw/caltech256/256_ObjectCategories/251.airplanes-101/251_0500.jpg,250,251.airplanes-101
data/raw/caltech256/256_ObjectCategories/251.airplanes-101/251_0142.jpg,250,251.airplanes-101
data/raw/caltech256/256_ObjectCategories/251.airplanes-101/251_0044.jpg,250,251.airplanes-101
data/raw/caltech256/256_ObjectCategories/251.airplanes-101/251_0440.jpg,250,251.airplanes-101
data/raw/caltech256/256_ObjectCategories/251.airplanes-101/251_0707.jpg,250,251.airplanes-101
data/raw/caltech256/256_ObjectCategories/251.airplanes-101/251_0017.jpg,250,251.airplanes-101
data/raw/caltech256/256_ObjectCategories/251.airplanes-101/251_0362.jpg,250,251.airplanes-101
data/raw/caltech256/256_ObjectCategories/251.airplanes-101/251_0407.jpg,250,251.airplanes-101
data/raw/caltech256/256_ObjectCategories/251.airplanes-101/251_0225.jpg,250,251.airplanes-101
data/raw/caltech256/256_ObjectCategories/251.airplanes-101/251_0527.jpg,250,251.airplanes-101
data/raw/caltech256/256_ObjectCategories/251.airplanes-101/251_0402.jpg,250,251.airplanes-101
data/raw/caltech256/256_ObjectCategories/251.airplanes-101/251_0096.jpg,250,251.airplanes-101
data/raw/caltech256/256_ObjectCategories/251.airplanes-101/251_0306.jpg,250,251.airplanes-101
data/raw/caltech256/256_ObjectCategories/251.airplanes-101/251_0189.jpg,250,251.airplanes-101
data/raw/caltech256/256_ObjectCategories/251.airplanes-101/251_0099.jpg,250,251.airplanes-101
data/raw/caltech256/256_ObjectCategories/251.airplanes-101/251_0538.jpg,250,251.airplanes-101
data/raw/caltech256/256_ObjectCategories/251.airplanes-101/251_0724.jpg,250,251.airplanes-101
data/raw/caltech256/256_ObjectCategories/251.airplanes-101/251_0556.jpg,250,251.airplanes-101
data/raw/caltech256/256_ObjectCategories/251.airplanes-101/251_0344.jpg,250,251.airplanes-101
data/raw/caltech256/256_ObjectCategories/251.airplanes-101/251_0092.jpg,250,251.airplanes-101
data/raw/caltech256/256_ObjectCategories/251.airplanes-101/251_0188.jpg,250,251.airplanes-101
data/raw/caltech256/256_ObjectCategories/251.airplanes-101/251_0078.jpg,250,251.airplanes-101
data/raw/caltech256/256_ObjectCategories/251.airplanes-101/251_0663.jpg,250,251.airplanes-101
data/raw/caltech256/256_ObjectCategories/251.airplanes-101/251_0065.jpg,250,251.airplanes-101
data/raw/caltech256/256_ObjectCategories/251.airplanes-101/251_0339.jpg,250,251.airplanes-101
data/raw/caltech256/256_ObjectCategories/251.airplanes-101/251_0153.jpg,250,251.airplanes-101
data/raw/caltech256/256_ObjectCategories/251.airplanes-101/251_0717.jpg,250,251.airplanes-101
data/raw/caltech256/256_ObjectCategories/251.airplanes-101/251_0070.jpg,250,251.airplanes-101
data/raw/caltech256/256_ObjectCategories/251.airplanes-101/251_0720.jpg,250,251.airplanes-101
data/raw/caltech256/256_ObjectCategories/251.airplanes-101/251_0011.jpg,250,251.airplanes-101
data/raw/caltech256/256_ObjectCategories/251.airplanes-101/251_0134.jpg,250,251.airplanes-101
data/raw/caltech256/256_ObjectCategories/251.airplanes-101/251_0461.jpg,250,251.airplanes-101
data/raw/caltech256/256_ObjectCategories/252.car-side-101/252_0116.jpg,251,252.car-side-101
data/raw/caltech256/256_ObjectCategories/252.car-side-101/252_0008.jpg,251,252.car-side-101
data/raw/caltech256/256_ObjectCategories/252.car-side-101/252_0014.jpg,251,252.car-side-101
data/raw/caltech256/256_ObjectCategories/252.car-side-101/252_0015.jpg,251,252.car-side-101
data/raw/caltech256/256_ObjectCategories/252.car-side-101/252_0002.jpg,251,252.car-side-101
data/raw/caltech256/256_ObjectCategories/252.car-side-101/252_0057.jpg,251,252.car-side-101
data/raw/caltech256/256_ObjectCategories/252.car-side-101/252_0006.jpg,251,252.car-side-101
data/raw/caltech256/256_ObjectCategories/252.car-side-101/252_0028.jpg,251,252.car-side-101
data/raw/caltech256/256_ObjectCategories/252.car-side-101/252_0064.jpg,251,252.car-side-101
data/raw/caltech256/256_ObjectCategories/252.car-side-101/252_0100.jpg,251,252.car-side-101
data/raw/caltech256/256_ObjectCategories/252.car-side-101/252_0044.jpg,251,252.car-side-101
data/raw/caltech256/256_ObjectCategories/252.car-side-101/252_0072.jpg,251,252.car-side-101
data/raw/caltech256/256_ObjectCategories/252.car-side-101/252_0007.jpg,251,252.car-side-101
data/raw/caltech256/256_ObjectCategories/252.car-side-101/252_0065.jpg,251,252.car-side-101
data/raw/caltech256/256_ObjectCategories/252.car-side-101/252_0011.jpg,251,252.car-side-101
data/raw/caltech256/256_ObjectCategories/252.car-side-101/252_0041.jpg,251,252.car-side-101
data/raw/caltech256/256_ObjectCategories/252.car-side-101/252_0045.jpg,251,252.car-side-101
data/raw/caltech256/256_ObjectCategories/252.car-side-101/252_0071.jpg,251,252.car-side-101
data/raw/caltech256/256_ObjectCategories/252.car-side-101/252_0114.jpg,251,252.car-side-101
data/raw/caltech256/256_ObjectCategories/252.car-side-101/252_0024.jpg,251,252.car-side-101
data/raw/caltech256/256_ObjectCategories/252.car-side-101/252_0094.jpg,251,252.car-side-101
data/raw/caltech256/256_ObjectCategories/252.car-side-101/252_0088.jpg,251,252.car-side-101
data/raw/caltech256/256_ObjectCategories/252.car-side-101/252_0067.jpg,251,252.car-side-101
data/raw/caltech256/256_ObjectCategories/252.car-side-101/252_0005.jpg,251,252.car-side-101
data/raw/caltech256/256_ObjectCategories/252.car-side-101/252_0010.jpg,251,252.car-side-101
data/raw/caltech256/256_ObjectCategories/252.car-side-101/252_0110.jpg,251,252.car-side-101
data/raw/caltech256/256_ObjectCategories/252.car-side-101/252_0096.jpg,251,252.car-side-101
data/raw/caltech256/256_ObjectCategories/252.car-side-101/252_0093.jpg,251,252.car-side-101
data/raw/caltech256/256_ObjectCategories/252.car-side-101/252_0113.jpg,251,252.car-side-101
data/raw/caltech256/256_ObjectCategories/252.car-side-101/252_0106.jpg,251,252.car-side-101
data/raw/caltech256/256_ObjectCategories/252.car-side-101/252_0058.jpg,251,252.car-side-101
data/raw/caltech256/256_ObjectCategories/252.car-side-101/252_0084.jpg,251,252.car-side-101
data/raw/caltech256/256_ObjectCategories/252.car-side-101/252_0030.jpg,251,252.car-side-101
data/raw/caltech256/256_ObjectCategories/252.car-side-101/252_0056.jpg,251,252.car-side-101
data/raw/caltech256/256_ObjectCategories/252.car-side-101/252_0091.jpg,251,252.car-side-101
data/raw/caltech256/256_ObjectCategories/252.car-side-101/252_0051.jpg,251,252.car-side-101
data/raw/caltech256/256_ObjectCategories/252.car-side-101/252_0049.jpg,251,252.car-side-101
data/raw/caltech256/256_ObjectCategories/252.car-side-101/252_0047.jpg,251,252.car-side-101
data/raw/caltech256/256_ObjectCategories/252.car-side-101/252_0043.jpg,251,252.car-side-101
data/raw/caltech256/256_ObjectCategories/252.car-side-101/252_0055.jpg,251,252.car-side-101
data/raw/caltech256/256_ObjectCategories/252.car-side-101/252_0073.jpg,251,252.car-side-101
data/raw/caltech256/256_ObjectCategories/253.faces-easy-101/253_0062.jpg,252,253.faces-easy-101
data/raw/caltech256/256_ObjectCategories/253.faces-easy-101/253_0399.jpg,252,253.faces-easy-101
data/raw/caltech256/256_ObjectCategories/253.faces-easy-101/253_0125.jpg,252,253.faces-easy-101
data/raw/caltech256/256_ObjectCategories/253.faces-easy-101/253_0230.jpg,252,253.faces-easy-101
data/raw/caltech256/256_ObjectCategories/253.faces-easy-101/253_0426.jpg,252,253.faces-easy-101
data/raw/caltech256/256_ObjectCategories/253.faces-easy-101/253_0014.jpg,252,253.faces-easy-101
data/raw/caltech256/256_ObjectCategories/253.faces-easy-101/253_0413.jpg,252,253.faces-easy-101
data/raw/caltech256/256_ObjectCategories/253.faces-easy-101/253_0207.jpg,252,253.faces-easy-101
data/raw/caltech256/256_ObjectCategories/253.faces-easy-101/253_0124.jpg,252,253.faces-easy-101
data/raw/caltech256/256_ObjectCategories/253.faces-easy-101/253_0263.jpg,252,253.faces-easy-101
data/raw/caltech256/256_ObjectCategories/253.faces-easy-101/253_0245.jpg,252,253.faces-easy-101
data/raw/caltech256/256_ObjectCategories/253.faces-easy-101/253_0004.jpg,252,253.faces-easy-101
data/raw/caltech256/256_ObjectCategories/253.faces-easy-101/253_0333.jpg,252,253.faces-easy-101
data/raw/caltech256/256_ObjectCategories/253.faces-easy-101/253_0390.jpg,252,253.faces-easy-101
data/raw/caltech256/256_ObjectCategories/253.faces-easy-101/253_0306.jpg,252,253.faces-easy-101
data/raw/caltech256/256_ObjectCategories/253.faces-easy-101/253_0030.jpg,252,253.faces-easy-101
data/raw/caltech256/256_ObjectCategories/253.faces-easy-101/253_0341.jpg,252,253.faces-easy-101
data/raw/caltech256/256_ObjectCategories/253.faces-easy-101/253_0283.jpg,252,253.faces-easy-101
data/raw/caltech256/256_ObjectCategories/253.faces-easy-101/253_0327.jpg,252,253.faces-easy-101
data/raw/caltech256/256_ObjectCategories/253.faces-easy-101/253_0023.jpg,252,253.faces-easy-101
data/raw/caltech256/256_ObjectCategories/253.faces-easy-101/253_0177.jpg,252,253.faces-easy-101
data/raw/caltech256/256_ObjectCategories/253.faces-easy-101/253_0386.jpg,252,253.faces-easy-101
data/raw/caltech256/256_ObjectCategories/253.faces-easy-101/253_0310.jpg,252,253.faces-easy-101
data/raw/caltech256/256_ObjectCategories/253.faces-easy-101/253_0409.jpg,252,253.faces-easy-101
data/raw/caltech256/256_ObjectCategories/253.faces-easy-101/253_0163.jpg,252,253.faces-easy-101
data/raw/caltech256/256_ObjectCategories/253.faces-easy-101/253_0228.jpg,252,253.faces-easy-101
data/raw/caltech256/256_ObjectCategories/253.faces-easy-101/253_0147.jpg,252,253.faces-easy-101
data/raw/caltech256/256_ObjectCategories/253.faces-easy-101/253_0415.jpg,252,253.faces-easy-101
data/raw/caltech256/256_ObjectCategories/253.faces-easy-101/253_0394.jpg,252,253.faces-easy-101
data/raw/caltech256/256_ObjectCategories/253.faces-easy-101/253_0380.jpg,252,253.faces-easy-101
data/raw/caltech256/256_ObjectCategories/253.faces-easy-101/253_0382.jpg,252,253.faces-easy-101
data/raw/caltech256/256_ObjectCategories/253.faces-easy-101/253_0311.jpg,252,253.faces-easy-101
data/raw/caltech256/256_ObjectCategories/253.faces-easy-101/253_0408.jpg,252,253.faces-easy-101
data/raw/caltech256/256_ObjectCategories/253.faces-easy-101/253_0048.jpg,252,253.faces-easy-101
data/raw/caltech256/256_ObjectCategories/253.faces-easy-101/253_0374.jpg,252,253.faces-easy-101
data/raw/caltech256/256_ObjectCategories/253.faces-easy-101/253_0308.jpg,252,253.faces-easy-101
data/raw/caltech256/256_ObjectCategories/253.faces-easy-101/253_0032.jpg,252,253.faces-easy-101
data/raw/caltech256/256_ObjectCategories/253.faces-easy-101/253_0260.jpg,252,253.faces-easy-101
data/raw/caltech256/256_ObjectCategories/253.faces-easy-101/253_0165.jpg,252,253.faces-easy-101
data/raw/caltech256/256_ObjectCategories/253.faces-easy-101/253_0322.jpg,252,253.faces-easy-101
data/raw/caltech256/256_ObjectCategories/253.faces-easy-101/253_0261.jpg,252,253.faces-easy-101
data/raw/caltech256/256_ObjectCategories/253.faces-easy-101/253_0043.jpg,252,253.faces-easy-101
data/raw/caltech256/256_ObjectCategories/253.faces-easy-101/253_0401.jpg,252,253.faces-easy-101
data/raw/caltech256/256_ObjectCategories/253.faces-easy-101/253_0192.jpg,252,253.faces-easy-101
data/raw/caltech256/256_ObjectCategories/253.faces-easy-101/253_0117.jpg,252,253.faces-easy-101
data/raw/caltech256/256_ObjectCategories/253.faces-easy-101/253_0198.jpg,252,253.faces-easy-101
data/raw/caltech256/256_ObjectCategories/253.faces-easy-101/253_0267.jpg,252,253.faces-easy-101
data/raw/caltech256/256_ObjectCategories/253.faces-easy-101/253_0027.jpg,252,253.faces-easy-101
data/raw/caltech256/256_ObjectCategories/253.faces-easy-101/253_0206.jpg,252,253.faces-easy-101
data/raw/caltech256/256_ObjectCategories/253.faces-easy-101/253_0099.jpg,252,253.faces-easy-101
data/raw/caltech256/256_ObjectCategories/253.faces-easy-101/253_0191.jpg,252,253.faces-easy-101
data/raw/caltech256/256_ObjectCategories/253.faces-easy-101/253_0073.jpg,252,253.faces-easy-101
data/raw/caltech256/256_ObjectCategories/253.faces-easy-101/253_0325.jpg,252,253.faces-easy-101
data/raw/caltech256/256_ObjectCategories/253.faces-easy-101/253_0281.jpg,252,253.faces-easy-101
data/raw/caltech256/256_ObjectCategories/253.faces-easy-101/253_0318.jpg,252,253.faces-easy-101
data/raw/caltech256/256_ObjectCategories/253.faces-easy-101/253_0108.jpg,252,253.faces-easy-101
data/raw/caltech256/256_ObjectCategories/253.faces-easy-101/253_0266.jpg,252,253.faces-easy-101
data/raw/caltech256/256_ObjectCategories/253.faces-easy-101/253_0006.jpg,252,253.faces-easy-101
data/raw/caltech256/256_ObjectCategories/253.faces-easy-101/253_0112.jpg,252,253.faces-easy-101
data/raw/caltech256/256_ObjectCategories/253.faces-easy-101/253_0388.jpg,252,253.faces-easy-101
data/raw/caltech256/256_ObjectCategories/253.faces-easy-101/253_0316.jpg,252,253.faces-easy-101
data/raw/caltech256/256_ObjectCategories/253.faces-easy-101/253_0278.jpg,252,253.faces-easy-101
data/raw/caltech256/256_ObjectCategories/253.faces-easy-101/253_0431.jpg,252,253.faces-easy-101
data/raw/caltech256/256_ObjectCategories/253.faces-easy-101/253_0243.jpg,252,253.faces-easy-101
data/raw/caltech256/256_ObjectCategories/253.faces-easy-101/253_0275.jpg,252,253.faces-easy-101
data/raw/caltech256/256_ObjectCategories/253.faces-easy-101/253_0248.jpg,252,253.faces-easy-101
data/raw/caltech256/256_ObjectCategories/253.faces-easy-101/253_0317.jpg,252,253.faces-easy-101
data/raw/caltech256/256_ObjectCategories/253.faces-easy-101/253_0355.jpg,252,253.faces-easy-101
data/raw/caltech256/256_ObjectCategories/253.faces-easy-101/253_0197.jpg,252,253.faces-easy-101
data/raw/caltech256/256_ObjectCategories/253.faces-easy-101/253_0150.jpg,252,253.faces-easy-101
data/raw/caltech256/256_ObjectCategories/253.faces-easy-101/253_0246.jpg,252,253.faces-easy-101
data/raw/caltech256/256_ObjectCategories/253.faces-easy-101/253_0321.jpg,252,253.faces-easy-101
data/raw/caltech256/256_ObjectCategories/253.faces-easy-101/253_0287.jpg,252,253.faces-easy-101
data/raw/caltech256/256_ObjectCategories/253.faces-easy-101/253_0314.jpg,252,253.faces-easy-101
data/raw/caltech256/256_ObjectCategories/253.faces-easy-101/253_0122.jpg,252,253.faces-easy-101
data/raw/caltech256/256_ObjectCategories/253.faces-easy-101/253_0214.jpg,252,253.faces-easy-101
data/raw/caltech256/256_ObjectCategories/253.faces-easy-101/253_0225.jpg,252,253.faces-easy-101
data/raw/caltech256/256_ObjectCategories/253.faces-easy-101/253_0269.jpg,252,253.faces-easy-101
data/raw/caltech256/256_ObjectCategories/253.faces-easy-101/253_0129.jpg,252,253.faces-easy-101
data/raw/caltech256/256_ObjectCategories/253.faces-easy-101/253_0271.jpg,252,253.faces-easy-101
data/raw/caltech256/256_ObjectCategories/253.faces-easy-101/253_0183.jpg,252,253.faces-easy-101
data/raw/caltech256/256_ObjectCategories/253.faces-easy-101/253_0173.jpg,252,253.faces-easy-101
data/raw/caltech256/256_ObjectCategories/253.faces-easy-101/253_0187.jpg,252,253.faces-easy-101
data/raw/caltech256/256_ObjectCategories/253.faces-easy-101/253_0406.jpg,252,253.faces-easy-101
data/raw/caltech256/256_ObjectCategories/253.faces-easy-101/253_0166.jpg,252,253.faces-easy-101
data/raw/caltech256/256_ObjectCategories/253.faces-easy-101/253_0402.jpg,252,253.faces-easy-101
data/raw/caltech256/256_ObjectCategories/253.faces-easy-101/253_0338.jpg,252,253.faces-easy-101
data/raw/caltech256/256_ObjectCategories/253.faces-easy-101/253_0291.jpg,252,253.faces-easy-101
data/raw/caltech256/256_ObjectCategories/253.faces-easy-101/253_0200.jpg,252,253.faces-easy-101
data/raw/caltech256/256_ObjectCategories/253.faces-easy-101/253_0396.jpg,252,253.faces-easy-101
data/raw/caltech256/256_ObjectCategories/253.faces-easy-101/253_0113.jpg,252,253.faces-easy-101
data/raw/caltech256/256_ObjectCategories/253.faces-easy-101/253_0312.jpg,252,253.faces-easy-101
data/raw/caltech256/256_ObjectCategories/253.faces-easy-101/253_0222.jpg,252,253.faces-easy-101
data/raw/caltech256/256_ObjectCategories/253.faces-easy-101/253_0435.jpg,252,253.faces-easy-101
data/raw/caltech256/256_ObjectCategories/253.faces-easy-101/253_0172.jpg,252,253.faces-easy-101
data/raw/caltech256/256_ObjectCategories/253.faces-easy-101/253_0419.jpg,252,253.faces-easy-101
data/raw/caltech256/256_ObjectCategories/253.faces-easy-101/253_0345.jpg,252,253.faces-easy-101
data/raw/caltech256/256_ObjectCategories/253.faces-easy-101/253_0079.jpg,252,253.faces-easy-101
data/raw/caltech256/256_ObjectCategories/253.faces-easy-101/253_0203.jpg,252,253.faces-easy-101
data/raw/caltech256/256_ObjectCategories/253.faces-easy-101/253_0035.jpg,252,253.faces-easy-101
data/raw/caltech256/256_ObjectCategories/253.faces-easy-101/253_0348.jpg,252,253.faces-easy-101
data/raw/caltech256/256_ObjectCategories/253.faces-easy-101/253_0180.jpg,252,253.faces-easy-101
data/raw/caltech256/256_ObjectCategories/253.faces-easy-101/253_0039.jpg,252,253.faces-easy-101
data/raw/caltech256/256_ObjectCategories/253.faces-easy-101/253_0202.jpg,252,253.faces-easy-101
data/raw/caltech256/256_ObjectCategories/253.faces-easy-101/253_0028.jpg,252,253.faces-easy-101
data/raw/caltech256/256_ObjectCategories/253.faces-easy-101/253_0302.jpg,252,253.faces-easy-101
data/raw/caltech256/256_ObjectCategories/253.faces-easy-101/253_0057.jpg,252,253.faces-easy-101
data/raw/caltech256/256_ObjectCategories/253.faces-easy-101/253_0074.jpg,252,253.faces-easy-101
data/raw/caltech256/256_ObjectCategories/253.faces-easy-101/253_0106.jpg,252,253.faces-easy-101
data/raw/caltech256/256_ObjectCategories/253.faces-easy-101/253_0016.jpg,252,253.faces-easy-101
data/raw/caltech256/256_ObjectCategories/253.faces-easy-101/253_0061.jpg,252,253.faces-easy-101
data/raw/caltech256/256_ObjectCategories/253.faces-easy-101/253_0116.jpg,252,253.faces-easy-101
data/raw/caltech256/256_ObjectCategories/253.faces-easy-101/253_0300.jpg,252,253.faces-easy-101
data/raw/caltech256/256_ObjectCategories/253.faces-easy-101/253_0142.jpg,252,253.faces-easy-101
data/raw/caltech256/256_ObjectCategories/253.faces-easy-101/253_0335.jpg,252,253.faces-easy-101
data/raw/caltech256/256_ObjectCategories/253.faces-easy-101/253_0339.jpg,252,253.faces-easy-101
data/raw/caltech256/256_ObjectCategories/253.faces-easy-101/253_0407.jpg,252,253.faces-easy-101
data/raw/caltech256/256_ObjectCategories/253.faces-easy-101/253_0141.jpg,252,253.faces-easy-101
data/raw/caltech256/256_ObjectCategories/253.faces-easy-101/253_0054.jpg,252,253.faces-easy-101
data/raw/caltech256/256_ObjectCategories/253.faces-easy-101/253_0152.jpg,252,253.faces-easy-101
data/raw/caltech256/256_ObjectCategories/253.faces-easy-101/253_0018.jpg,252,253.faces-easy-101
data/raw/caltech256/256_ObjectCategories/253.faces-easy-101/253_0320.jpg,252,253.faces-easy-101
data/raw/caltech256/256_ObjectCategories/253.faces-easy-101/253_0362.jpg,252,253.faces-easy-101
data/raw/caltech256/256_ObjectCategories/253.faces-easy-101/253_0305.jpg,252,253.faces-easy-101
data/raw/caltech256/256_ObjectCategories/253.faces-easy-101/253_0425.jpg,252,253.faces-easy-101
data/raw/caltech256/256_ObjectCategories/253.faces-easy-101/253_0082.jpg,252,253.faces-easy-101
data/raw/caltech256/256_ObjectCategories/253.faces-easy-101/253_0100.jpg,252,253.faces-easy-101
data/raw/caltech256/256_ObjectCategories/253.faces-easy-101/253_0070.jpg,252,253.faces-easy-101
data/raw/caltech256/256_ObjectCategories/253.faces-easy-101/253_0092.jpg,252,253.faces-easy-101
data/raw/caltech256/256_ObjectCategories/253.faces-easy-101/253_0282.jpg,252,253.faces-easy-101
data/raw/caltech256/256_ObjectCategories/253.faces-easy-101/253_0167.jpg,252,253.faces-easy-101
data/raw/caltech256/256_ObjectCategories/253.faces-easy-101/253_0102.jpg,252,253.faces-easy-101
data/raw/caltech256/256_ObjectCategories/253.faces-easy-101/253_0146.jpg,252,253.faces-easy-101
data/raw/caltech256/256_ObjectCategories/253.faces-easy-101/253_0365.jpg,252,253.faces-easy-101
data/raw/caltech256/256_ObjectCategories/253.faces-easy-101/253_0372.jpg,252,253.faces-easy-101
data/raw/caltech256/256_ObjectCategories/253.faces-easy-101/253_0066.jpg,252,253.faces-easy-101
data/raw/caltech256/256_ObjectCategories/253.faces-easy-101/253_0127.jpg,252,253.faces-easy-101
data/raw/caltech256/256_ObjectCategories/253.faces-easy-101/253_0235.jpg,252,253.faces-easy-101
data/raw/caltech256/256_ObjectCategories/253.faces-easy-101/253_0029.jpg,252,253.faces-easy-101
data/raw/caltech256/256_ObjectCategories/253.faces-easy-101/253_0213.jpg,252,253.faces-easy-101
data/raw/caltech256/256_ObjectCategories/253.faces-easy-101/253_0309.jpg,252,253.faces-easy-101
data/raw/caltech256/256_ObjectCategories/253.faces-easy-101/253_0367.jpg,252,253.faces-easy-101
data/raw/caltech256/256_ObjectCategories/253.faces-easy-101/253_0234.jpg,252,253.faces-easy-101
data/raw/caltech256/256_ObjectCategories/253.faces-easy-101/253_0160.jpg,252,253.faces-easy-101
data/raw/caltech256/256_ObjectCategories/253.faces-easy-101/253_0096.jpg,252,253.faces-easy-101
data/raw/caltech256/256_ObjectCategories/253.faces-easy-101/253_0347.jpg,252,253.faces-easy-101
data/raw/caltech256/256_ObjectCategories/253.faces-easy-101/253_0337.jpg,252,253.faces-easy-101
data/raw/caltech256/256_ObjectCategories/253.faces-easy-101/253_0280.jpg,252,253.faces-easy-101
data/raw/caltech256/256_ObjectCategories/253.faces-easy-101/253_0170.jpg,252,253.faces-easy-101
data/raw/caltech256/256_ObjectCategories/253.faces-easy-101/253_0109.jpg,252,253.faces-easy-101
data/raw/caltech256/256_ObjectCategories/253.faces-easy-101/253_0323.jpg,252,253.faces-easy-101
data/raw/caltech256/256_ObjectCategories/253.faces-easy-101/253_0393.jpg,252,253.faces-easy-101
data/raw/caltech256/256_ObjectCategories/254.greyhound/254_0057.jpg,253,254.greyhound
data/raw/caltech256/256_ObjectCategories/254.greyhound/254_0050.jpg,253,254.greyhound
data/raw/caltech256/256_ObjectCategories/254.greyhound/254_0079.jpg,253,254.greyhound
data/raw/caltech256/256_ObjectCategories/254.greyhound/254_0056.jpg,253,254.greyhound
data/raw/caltech256/256_ObjectCategories/254.greyhound/254_0031.jpg,253,254.greyhound
data/raw/caltech256/256_ObjectCategories/254.greyhound/254_0021.jpg,253,254.greyhound
data/raw/caltech256/256_ObjectCategories/254.greyhound/254_0084.jpg,253,254.greyhound
data/raw/caltech256/256_ObjectCategories/254.greyhound/254_0077.jpg,253,254.greyhound
data/raw/caltech256/256_ObjectCategories/254.greyhound/254_0037.jpg,253,254.greyhound
data/raw/caltech256/256_ObjectCategories/254.greyhound/254_0026.jpg,253,254.greyhound
data/raw/caltech256/256_ObjectCategories/254.greyhound/254_0039.jpg,253,254.greyhound
data/raw/caltech256/256_ObjectCategories/254.greyhound/254_0027.jpg,253,254.greyhound
data/raw/caltech256/256_ObjectCategories/254.greyhound/254_0063.jpg,253,254.greyhound
data/raw/caltech256/256_ObjectCategories/254.greyhound/254_0036.jpg,253,254.greyhound
data/raw/caltech256/256_ObjectCategories/254.greyhound/254_0001.jpg,253,254.greyhound
data/raw/caltech256/256_ObjectCategories/254.greyhound/254_0024.jpg,253,254.greyhound
data/raw/caltech256/256_ObjectCategories/254.greyhound/254_0064.jpg,253,254.greyhound
data/raw/caltech256/256_ObjectCategories/254.greyhound/254_0018.jpg,253,254.greyhound
data/raw/caltech256/256_ObjectCategories/254.greyhound/254_0035.jpg,253,254.greyhound
data/raw/caltech256/256_ObjectCategories/254.greyhound/254_0076.jpg,253,254.greyhound
data/raw/caltech256/256_ObjectCategories/254.greyhound/254_0025.jpg,253,254.greyhound
data/raw/caltech256/256_ObjectCategories/254.greyhound/254_0010.jpg,253,254.greyhound
data/raw/caltech256/256_ObjectCategories/254.greyhound/254_0046.jpg,253,254.greyhound
data/raw/caltech256/256_ObjectCategories/254.greyhound/254_0013.jpg,253,254.greyhound
data/raw/caltech256/256_ObjectCategories/254.greyhound/254_0032.jpg,253,254.greyhound
data/raw/caltech256/256_ObjectCategories/254.greyhound/254_0012.jpg,253,254.greyhound
data/raw/caltech256/256_ObjectCategories/254.greyhound/254_0028.jpg,253,254.greyhound
data/raw/caltech256/256_ObjectCategories/254.greyhound/254_0095.jpg,253,254.greyhound
data/raw/caltech256/256_ObjectCategories/254.greyhound/254_0073.jpg,253,254.greyhound
data/raw/caltech256/256_ObjectCategories/254.greyhound/254_0093.jpg,253,254.greyhound
data/raw/caltech256/256_ObjectCategories/254.greyhound/254_0038.jpg,253,254.greyhound
data/raw/caltech256/256_ObjectCategories/254.greyhound/254_0033.jpg,253,254.greyhound
data/raw/caltech256/256_ObjectCategories/254.greyhound/254_0015.jpg,253,254.greyhound
data/raw/caltech256/256_ObjectCategories/255.tennis-shoes/255_0025.jpg,254,255.tennis-shoes
data/raw/caltech256/256_ObjectCategories/255.tennis-shoes/255_0089.jpg,254,255.tennis-shoes
data/raw/caltech256/256_ObjectCategories/255.tennis-shoes/255_0059.jpg,254,255.tennis-shoes
data/raw/caltech256/256_ObjectCategories/255.tennis-shoes/255_0078.jpg,254,255.tennis-shoes
data/raw/caltech256/256_ObjectCategories/255.tennis-shoes/255_0056.jpg,254,255.tennis-shoes
data/raw/caltech256/256_ObjectCategories/255.tennis-shoes/255_0070.jpg,254,255.tennis-shoes
data/raw/caltech256/256_ObjectCategories/255.tennis-shoes/255_0001.jpg,254,255.tennis-shoes
data/raw/caltech256/256_ObjectCategories/255.tennis-shoes/255_0077.jpg,254,255.tennis-shoes
data/raw/caltech256/256_ObjectCategories/255.tennis-shoes/255_0033.jpg,254,255.tennis-shoes
data/raw/caltech256/256_ObjectCategories/255.tennis-shoes/255_0097.jpg,254,255.tennis-shoes
data/raw/caltech256/256_ObjectCategories/255.tennis-shoes/255_0057.jpg,254,255.tennis-shoes
data/raw/caltech256/256_ObjectCategories/255.tennis-shoes/255_0010.jpg,254,255.tennis-shoes
data/raw/caltech256/256_ObjectCategories/255.tennis-shoes/255_0029.jpg,254,255.tennis-shoes
data/raw/caltech256/256_ObjectCategories/255.tennis-shoes/255_0091.jpg,254,255.tennis-shoes
data/raw/caltech256/256_ObjectCategories/255.tennis-shoes/255_0048.jpg,254,255.tennis-shoes
data/raw/caltech256/256_ObjectCategories/255.tennis-shoes/255_0012.jpg,254,255.tennis-shoes
data/raw/caltech256/256_ObjectCategories/255.tennis-shoes/255_0035.jpg,254,255.tennis-shoes
data/raw/caltech256/256_ObjectCategories/255.tennis-shoes/255_0076.jpg,254,255.tennis-shoes
data/raw/caltech256/256_ObjectCategories/255.tennis-shoes/255_0013.jpg,254,255.tennis-shoes
data/raw/caltech256/256_ObjectCategories/255.tennis-shoes/255_0007.jpg,254,255.tennis-shoes
data/raw/caltech256/256_ObjectCategories/255.tennis-shoes/255_0064.jpg,254,255.tennis-shoes
data/raw/caltech256/256_ObjectCategories/255.tennis-shoes/255_0038.jpg,254,255.tennis-shoes
data/raw/caltech256/256_ObjectCategories/255.tennis-shoes/255_0054.jpg,254,255.tennis-shoes
data/raw/caltech256/256_ObjectCategories/255.tennis-shoes/255_0052.jpg,254,255.tennis-shoes
data/raw/caltech256/256_ObjectCategories/255.tennis-shoes/255_0081.jpg,254,255.tennis-shoes
data/raw/caltech256/256_ObjectCategories/255.tennis-shoes/255_0042.jpg,254,255.tennis-shoes
data/raw/caltech256/256_ObjectCategories/255.tennis-shoes/255_0062.jpg,254,255.tennis-shoes
data/raw/caltech256/256_ObjectCategories/255.tennis-shoes/255_0072.jpg,254,255.tennis-shoes
data/raw/caltech256/256_ObjectCategories/255.tennis-shoes/255_0011.jpg,254,255.tennis-shoes
data/raw/caltech256/256_ObjectCategories/255.tennis-shoes/255_0002.jpg,254,255.tennis-shoes
data/raw/caltech256/256_ObjectCategories/255.tennis-shoes/255_0098.jpg,254,255.tennis-shoes
data/raw/caltech256/256_ObjectCategories/255.tennis-shoes/255_0099.jpg,254,255.tennis-shoes
data/raw/caltech256/256_ObjectCategories/255.tennis-shoes/255_0022.jpg,254,255.tennis-shoes
data/raw/caltech256/256_ObjectCategories/255.tennis-shoes/255_0053.jpg,254,255.tennis-shoes
data/raw/caltech256/256_ObjectCategories/255.tennis-shoes/255_0021.jpg,254,255.tennis-shoes
data/raw/caltech256/256_ObjectCategories/255.tennis-shoes/255_0020.jpg,254,255.tennis-shoes
data/raw/caltech256/256_ObjectCategories/256.toad/256_0072.jpg,255,256.toad
data/raw/caltech256/256_ObjectCategories/256.toad/256_0085.jpg,255,256.toad
data/raw/caltech256/256_ObjectCategories/256.toad/256_0030.jpg,255,256.toad
data/raw/caltech256/256_ObjectCategories/256.toad/256_0087.jpg,255,256.toad
data/raw/caltech256/256_ObjectCategories/256.toad/256_0007.jpg,255,256.toad
data/raw/caltech256/256_ObjectCategories/256.toad/256_0097.jpg,255,256.toad
data/raw/caltech256/256_ObjectCategories/256.toad/256_0044.jpg,255,256.toad
data/raw/caltech256/256_ObjectCategories/256.toad/256_0031.jpg,255,256.toad
data/raw/caltech256/256_ObjectCategories/256.toad/256_0048.jpg,255,256.toad
data/raw/caltech256/256_ObjectCategories/256.toad/256_0075.jpg,255,256.toad
data/raw/caltech256/256_ObjectCategories/256.toad/256_0104.jpg,255,256.toad
data/raw/caltech256/256_ObjectCategories/256.toad/256_0010.jpg,255,256.toad
data/raw/caltech256/256_ObjectCategories/256.toad/256_0071.jpg,255,256.toad
data/raw/caltech256/256_ObjectCategories/256.toad/256_0077.jpg,255,256.toad
data/raw/caltech256/256_ObjectCategories/256.toad/256_0034.jpg,255,256.toad
data/raw/caltech256/256_ObjectCategories/256.toad/256_0012.jpg,255,256.toad
data/raw/caltech256/256_ObjectCategories/256.toad/256_0107.jpg,255,256.toad
data/raw/caltech256/256_ObjectCategories/256.toad/256_0052.jpg,255,256.toad
data/raw/caltech256/256_ObjectCategories/256.toad/256_0063.jpg,255,256.toad
data/raw/caltech256/256_ObjectCategories/256.toad/256_0032.jpg,255,256.toad
data/raw/caltech256/256_ObjectCategories/256.toad/256_0001.jpg,255,256.toad
data/raw/caltech256/256_ObjectCategories/256.toad/256_0103.jpg,255,256.toad
data/raw/caltech256/256_ObjectCategories/256.toad/256_0101.jpg,255,256.toad
data/raw/caltech256/256_ObjectCategories/256.toad/256_0057.jpg,255,256.toad
data/raw/caltech256/256_ObjectCategories/256.toad/256_0053.jpg,255,256.toad
data/raw/caltech256/256_ObjectCategories/256.toad/256_0058.jpg,255,256.toad
data/raw/caltech256/256_ObjectCategories/256.toad/256_0078.jpg,255,256.toad
data/raw/caltech256/256_ObjectCategories/256.toad/256_0095.jpg,255,256.toad
data/raw/caltech256/256_ObjectCategories/256.toad/256_0108.jpg,255,256.toad
data/raw/caltech256/256_ObjectCategories/256.toad/256_0019.jpg,255,256.toad
data/raw/caltech256/256_ObjectCategories/256.toad/256_0105.jpg,255,256.toad
data/raw/caltech256/256_ObjectCategories/256.toad/256_0004.jpg,255,256.toad
data/raw/caltech256/256_ObjectCategories/256.toad/256_0082.jpg,255,256.toad
data/raw/caltech256/256_ObjectCategories/256.toad/256_0084.jpg,255,256.toad
data/raw/caltech256/256_ObjectCategories/256.toad/256_0080.jpg,255,256.toad
data/raw/caltech256/256_ObjectCategories/256.toad/256_0065.jpg,255,256.toad
data/raw/caltech256/256_ObjectCategories/256.toad/256_0066.jpg,255,256.toad
data/raw/caltech256/256_ObjectCategories/256.toad/256_0055.jpg,255,256.toad
