filepath,label,class_name
data/raw/caltech256/256_ObjectCategories/001.ak47/001_0018.jpg,0,001.ak47
data/raw/caltech256/256_ObjectCategories/001.ak47/001_0002.jpg,0,001.ak47
data/raw/caltech256/256_ObjectCategories/001.ak47/001_0065.jpg,0,001.ak47
data/raw/caltech256/256_ObjectCategories/001.ak47/001_0072.jpg,0,001.ak47
data/raw/caltech256/256_ObjectCategories/001.ak47/001_0029.jpg,0,001.ak47
data/raw/caltech256/256_ObjectCategories/001.ak47/001_0061.jpg,0,001.ak47
data/raw/caltech256/256_ObjectCategories/001.ak47/001_0075.jpg,0,001.ak47
data/raw/caltech256/256_ObjectCategories/002.american-flag/002_0080.jpg,1,002.american-flag
data/raw/caltech256/256_ObjectCategories/002.american-flag/002_0085.jpg,1,002.american-flag
data/raw/caltech256/256_ObjectCategories/002.american-flag/002_0050.jpg,1,002.american-flag
data/raw/caltech256/256_ObjectCategories/002.american-flag/002_0035.jpg,1,002.american-flag
data/raw/caltech256/256_ObjectCategories/002.american-flag/002_0015.jpg,1,002.american-flag
data/raw/caltech256/256_ObjectCategories/002.american-flag/002_0075.jpg,1,002.american-flag
data/raw/caltech256/256_ObjectCategories/002.american-flag/002_0024.jpg,1,002.american-flag
data/raw/caltech256/256_ObjectCategories/003.backpack/003_0056.jpg,2,003.backpack
data/raw/caltech256/256_ObjectCategories/003.backpack/003_0122.jpg,2,003.backpack
data/raw/caltech256/256_ObjectCategories/003.backpack/003_0074.jpg,2,003.backpack
data/raw/caltech256/256_ObjectCategories/003.backpack/003_0094.jpg,2,003.backpack
data/raw/caltech256/256_ObjectCategories/003.backpack/003_0123.jpg,2,003.backpack
data/raw/caltech256/256_ObjectCategories/003.backpack/003_0051.jpg,2,003.backpack
data/raw/caltech256/256_ObjectCategories/003.backpack/003_0135.jpg,2,003.backpack
data/raw/caltech256/256_ObjectCategories/003.backpack/003_0134.jpg,2,003.backpack
data/raw/caltech256/256_ObjectCategories/003.backpack/003_0112.jpg,2,003.backpack
data/raw/caltech256/256_ObjectCategories/003.backpack/003_0119.jpg,2,003.backpack
data/raw/caltech256/256_ObjectCategories/003.backpack/003_0062.jpg,2,003.backpack
data/raw/caltech256/256_ObjectCategories/004.baseball-bat/004_0020.jpg,3,004.baseball-bat
data/raw/caltech256/256_ObjectCategories/004.baseball-bat/004_0058.jpg,3,004.baseball-bat
data/raw/caltech256/256_ObjectCategories/004.baseball-bat/004_0080.jpg,3,004.baseball-bat
data/raw/caltech256/256_ObjectCategories/004.baseball-bat/004_0028.jpg,3,004.baseball-bat
data/raw/caltech256/256_ObjectCategories/004.baseball-bat/004_0103.jpg,3,004.baseball-bat
data/raw/caltech256/256_ObjectCategories/004.baseball-bat/004_0112.jpg,3,004.baseball-bat
data/raw/caltech256/256_ObjectCategories/004.baseball-bat/004_0077.jpg,3,004.baseball-bat
data/raw/caltech256/256_ObjectCategories/004.baseball-bat/004_0101.jpg,3,004.baseball-bat
data/raw/caltech256/256_ObjectCategories/004.baseball-bat/004_0127.jpg,3,004.baseball-bat
data/raw/caltech256/256_ObjectCategories/005.baseball-glove/005_0073.jpg,4,005.baseball-glove
data/raw/caltech256/256_ObjectCategories/005.baseball-glove/005_0063.jpg,4,005.baseball-glove
data/raw/caltech256/256_ObjectCategories/005.baseball-glove/005_0088.jpg,4,005.baseball-glove
data/raw/caltech256/256_ObjectCategories/005.baseball-glove/005_0069.jpg,4,005.baseball-glove
data/raw/caltech256/256_ObjectCategories/005.baseball-glove/005_0103.jpg,4,005.baseball-glove
data/raw/caltech256/256_ObjectCategories/005.baseball-glove/005_0111.jpg,4,005.baseball-glove
data/raw/caltech256/256_ObjectCategories/005.baseball-glove/005_0048.jpg,4,005.baseball-glove
data/raw/caltech256/256_ObjectCategories/005.baseball-glove/005_0110.jpg,4,005.baseball-glove
data/raw/caltech256/256_ObjectCategories/005.baseball-glove/005_0004.jpg,4,005.baseball-glove
data/raw/caltech256/256_ObjectCategories/005.baseball-glove/005_0094.jpg,4,005.baseball-glove
data/raw/caltech256/256_ObjectCategories/005.baseball-glove/005_0043.jpg,4,005.baseball-glove
data/raw/caltech256/256_ObjectCategories/006.basketball-hoop/006_0036.jpg,5,006.basketball-hoop
data/raw/caltech256/256_ObjectCategories/006.basketball-hoop/006_0063.jpg,5,006.basketball-hoop
data/raw/caltech256/256_ObjectCategories/006.basketball-hoop/006_0072.jpg,5,006.basketball-hoop
data/raw/caltech256/256_ObjectCategories/006.basketball-hoop/006_0076.jpg,5,006.basketball-hoop
data/raw/caltech256/256_ObjectCategories/006.basketball-hoop/006_0075.jpg,5,006.basketball-hoop
data/raw/caltech256/256_ObjectCategories/006.basketball-hoop/006_0025.jpg,5,006.basketball-hoop
data/raw/caltech256/256_ObjectCategories/006.basketball-hoop/006_0007.jpg,5,006.basketball-hoop
data/raw/caltech256/256_ObjectCategories/007.bat/007_0017.jpg,6,007.bat
data/raw/caltech256/256_ObjectCategories/007.bat/007_0031.jpg,6,007.bat
data/raw/caltech256/256_ObjectCategories/007.bat/007_0045.jpg,6,007.bat
data/raw/caltech256/256_ObjectCategories/007.bat/007_0074.jpg,6,007.bat
data/raw/caltech256/256_ObjectCategories/007.bat/007_0055.jpg,6,007.bat
data/raw/caltech256/256_ObjectCategories/007.bat/007_0014.jpg,6,007.bat
data/raw/caltech256/256_ObjectCategories/007.bat/007_0084.jpg,6,007.bat
data/raw/caltech256/256_ObjectCategories/007.bat/007_0059.jpg,6,007.bat
data/raw/caltech256/256_ObjectCategories/008.bathtub/008_0184.jpg,7,008.bathtub
data/raw/caltech256/256_ObjectCategories/008.bathtub/008_0068.jpg,7,008.bathtub
data/raw/caltech256/256_ObjectCategories/008.bathtub/008_0178.jpg,7,008.bathtub
data/raw/caltech256/256_ObjectCategories/008.bathtub/008_0187.jpg,7,008.bathtub
data/raw/caltech256/256_ObjectCategories/008.bathtub/008_0206.jpg,7,008.bathtub
data/raw/caltech256/256_ObjectCategories/008.bathtub/008_0220.jpg,7,008.bathtub
data/raw/caltech256/256_ObjectCategories/008.bathtub/008_0022.jpg,7,008.bathtub
data/raw/caltech256/256_ObjectCategories/008.bathtub/008_0180.jpg,7,008.bathtub
data/raw/caltech256/256_ObjectCategories/008.bathtub/008_0214.jpg,7,008.bathtub
data/raw/caltech256/256_ObjectCategories/008.bathtub/008_0213.jpg,7,008.bathtub
data/raw/caltech256/256_ObjectCategories/008.bathtub/008_0112.jpg,7,008.bathtub
data/raw/caltech256/256_ObjectCategories/008.bathtub/008_0042.jpg,7,008.bathtub
data/raw/caltech256/256_ObjectCategories/008.bathtub/008_0066.jpg,7,008.bathtub
data/raw/caltech256/256_ObjectCategories/008.bathtub/008_0196.jpg,7,008.bathtub
data/raw/caltech256/256_ObjectCategories/008.bathtub/008_0123.jpg,7,008.bathtub
data/raw/caltech256/256_ObjectCategories/008.bathtub/008_0175.jpg,7,008.bathtub
data/raw/caltech256/256_ObjectCategories/008.bathtub/008_0211.jpg,7,008.bathtub
data/raw/caltech256/256_ObjectCategories/009.bear/009_0011.jpg,8,009.bear
data/raw/caltech256/256_ObjectCategories/009.bear/009_0060.jpg,8,009.bear
data/raw/caltech256/256_ObjectCategories/009.bear/009_0053.jpg,8,009.bear
data/raw/caltech256/256_ObjectCategories/009.bear/009_0083.jpg,8,009.bear
data/raw/caltech256/256_ObjectCategories/009.bear/009_0061.jpg,8,009.bear
data/raw/caltech256/256_ObjectCategories/009.bear/009_0080.jpg,8,009.bear
data/raw/caltech256/256_ObjectCategories/009.bear/009_0091.jpg,8,009.bear
data/raw/caltech256/256_ObjectCategories/009.bear/009_0070.jpg,8,009.bear
data/raw/caltech256/256_ObjectCategories/010.beer-mug/010_0081.jpg,9,010.beer-mug
data/raw/caltech256/256_ObjectCategories/010.beer-mug/010_0001.jpg,9,010.beer-mug
data/raw/caltech256/256_ObjectCategories/010.beer-mug/010_0042.jpg,9,010.beer-mug
data/raw/caltech256/256_ObjectCategories/010.beer-mug/010_0059.jpg,9,010.beer-mug
data/raw/caltech256/256_ObjectCategories/010.beer-mug/010_0026.jpg,9,010.beer-mug
data/raw/caltech256/256_ObjectCategories/010.beer-mug/010_0012.jpg,9,010.beer-mug
data/raw/caltech256/256_ObjectCategories/010.beer-mug/010_0039.jpg,9,010.beer-mug
data/raw/caltech256/256_ObjectCategories/011.billiards/011_0150.jpg,10,011.billiards
data/raw/caltech256/256_ObjectCategories/011.billiards/011_0271.jpg,10,011.billiards
data/raw/caltech256/256_ObjectCategories/011.billiards/011_0231.jpg,10,011.billiards
data/raw/caltech256/256_ObjectCategories/011.billiards/011_0238.jpg,10,011.billiards
data/raw/caltech256/256_ObjectCategories/011.billiards/011_0011.jpg,10,011.billiards
data/raw/caltech256/256_ObjectCategories/011.billiards/011_0118.jpg,10,011.billiards
data/raw/caltech256/256_ObjectCategories/011.billiards/011_0157.jpg,10,011.billiards
data/raw/caltech256/256_ObjectCategories/011.billiards/011_0077.jpg,10,011.billiards
data/raw/caltech256/256_ObjectCategories/011.billiards/011_0252.jpg,10,011.billiards
data/raw/caltech256/256_ObjectCategories/011.billiards/011_0275.jpg,10,011.billiards
data/raw/caltech256/256_ObjectCategories/011.billiards/011_0109.jpg,10,011.billiards
data/raw/caltech256/256_ObjectCategories/011.billiards/011_0167.jpg,10,011.billiards
data/raw/caltech256/256_ObjectCategories/011.billiards/011_0101.jpg,10,011.billiards
data/raw/caltech256/256_ObjectCategories/011.billiards/011_0249.jpg,10,011.billiards
data/raw/caltech256/256_ObjectCategories/011.billiards/011_0012.jpg,10,011.billiards
data/raw/caltech256/256_ObjectCategories/011.billiards/011_0064.jpg,10,011.billiards
data/raw/caltech256/256_ObjectCategories/011.billiards/011_0056.jpg,10,011.billiards
data/raw/caltech256/256_ObjectCategories/011.billiards/011_0260.jpg,10,011.billiards
data/raw/caltech256/256_ObjectCategories/011.billiards/011_0061.jpg,10,011.billiards
data/raw/caltech256/256_ObjectCategories/011.billiards/011_0003.jpg,10,011.billiards
data/raw/caltech256/256_ObjectCategories/012.binoculars/012_0189.jpg,11,012.binoculars
data/raw/caltech256/256_ObjectCategories/012.binoculars/012_0180.jpg,11,012.binoculars
data/raw/caltech256/256_ObjectCategories/012.binoculars/012_0131.jpg,11,012.binoculars
data/raw/caltech256/256_ObjectCategories/012.binoculars/012_0091.jpg,11,012.binoculars
data/raw/caltech256/256_ObjectCategories/012.binoculars/012_0064.jpg,11,012.binoculars
data/raw/caltech256/256_ObjectCategories/012.binoculars/012_0063.jpg,11,012.binoculars
data/raw/caltech256/256_ObjectCategories/012.binoculars/012_0144.jpg,11,012.binoculars
data/raw/caltech256/256_ObjectCategories/012.binoculars/012_0155.jpg,11,012.binoculars
data/raw/caltech256/256_ObjectCategories/012.binoculars/012_0201.jpg,11,012.binoculars
data/raw/caltech256/256_ObjectCategories/012.binoculars/012_0005.jpg,11,012.binoculars
data/raw/caltech256/256_ObjectCategories/012.binoculars/012_0154.jpg,11,012.binoculars
data/raw/caltech256/256_ObjectCategories/012.binoculars/012_0208.jpg,11,012.binoculars
data/raw/caltech256/256_ObjectCategories/012.binoculars/012_0084.jpg,11,012.binoculars
data/raw/caltech256/256_ObjectCategories/012.binoculars/012_0175.jpg,11,012.binoculars
data/raw/caltech256/256_ObjectCategories/012.binoculars/012_0127.jpg,11,012.binoculars
data/raw/caltech256/256_ObjectCategories/012.binoculars/012_0163.jpg,11,012.binoculars
data/raw/caltech256/256_ObjectCategories/013.birdbath/013_0009.jpg,12,013.birdbath
data/raw/caltech256/256_ObjectCategories/013.birdbath/013_0065.jpg,12,013.birdbath
data/raw/caltech256/256_ObjectCategories/013.birdbath/013_0018.jpg,12,013.birdbath
data/raw/caltech256/256_ObjectCategories/013.birdbath/013_0043.jpg,12,013.birdbath
data/raw/caltech256/256_ObjectCategories/013.birdbath/013_0090.jpg,12,013.birdbath
data/raw/caltech256/256_ObjectCategories/013.birdbath/013_0016.jpg,12,013.birdbath
data/raw/caltech256/256_ObjectCategories/013.birdbath/013_0084.jpg,12,013.birdbath
data/raw/caltech256/256_ObjectCategories/014.blimp/014_0053.jpg,13,014.blimp
data/raw/caltech256/256_ObjectCategories/014.blimp/014_0063.jpg,13,014.blimp
data/raw/caltech256/256_ObjectCategories/014.blimp/014_0032.jpg,13,014.blimp
data/raw/caltech256/256_ObjectCategories/014.blimp/014_0024.jpg,13,014.blimp
data/raw/caltech256/256_ObjectCategories/014.blimp/014_0019.jpg,13,014.blimp
data/raw/caltech256/256_ObjectCategories/014.blimp/014_0028.jpg,13,014.blimp
data/raw/caltech256/256_ObjectCategories/015.bonsai-101/015_0096.jpg,14,015.bonsai-101
data/raw/caltech256/256_ObjectCategories/015.bonsai-101/015_0013.jpg,14,015.bonsai-101
data/raw/caltech256/256_ObjectCategories/015.bonsai-101/015_0069.jpg,14,015.bonsai-101
data/raw/caltech256/256_ObjectCategories/015.bonsai-101/015_0016.jpg,14,015.bonsai-101
data/raw/caltech256/256_ObjectCategories/015.bonsai-101/015_0028.jpg,14,015.bonsai-101
data/raw/caltech256/256_ObjectCategories/015.bonsai-101/015_0113.jpg,14,015.bonsai-101
data/raw/caltech256/256_ObjectCategories/015.bonsai-101/015_0090.jpg,14,015.bonsai-101
data/raw/caltech256/256_ObjectCategories/015.bonsai-101/015_0019.jpg,14,015.bonsai-101
data/raw/caltech256/256_ObjectCategories/015.bonsai-101/015_0115.jpg,14,015.bonsai-101
data/raw/caltech256/256_ObjectCategories/016.boom-box/016_0028.jpg,15,016.boom-box
data/raw/caltech256/256_ObjectCategories/016.boom-box/016_0058.jpg,15,016.boom-box
data/raw/caltech256/256_ObjectCategories/016.boom-box/016_0068.jpg,15,016.boom-box
data/raw/caltech256/256_ObjectCategories/016.boom-box/016_0038.jpg,15,016.boom-box
data/raw/caltech256/256_ObjectCategories/016.boom-box/016_0070.jpg,15,016.boom-box
data/raw/caltech256/256_ObjectCategories/016.boom-box/016_0046.jpg,15,016.boom-box
data/raw/caltech256/256_ObjectCategories/016.boom-box/016_0025.jpg,15,016.boom-box
data/raw/caltech256/256_ObjectCategories/017.bowling-ball/017_0092.jpg,16,017.bowling-ball
data/raw/caltech256/256_ObjectCategories/017.bowling-ball/017_0005.jpg,16,017.bowling-ball
data/raw/caltech256/256_ObjectCategories/017.bowling-ball/017_0077.jpg,16,017.bowling-ball
data/raw/caltech256/256_ObjectCategories/017.bowling-ball/017_0021.jpg,16,017.bowling-ball
data/raw/caltech256/256_ObjectCategories/017.bowling-ball/017_0103.jpg,16,017.bowling-ball
data/raw/caltech256/256_ObjectCategories/017.bowling-ball/017_0011.jpg,16,017.bowling-ball
data/raw/caltech256/256_ObjectCategories/017.bowling-ball/017_0078.jpg,16,017.bowling-ball
data/raw/caltech256/256_ObjectCategories/017.bowling-ball/017_0099.jpg,16,017.bowling-ball
data/raw/caltech256/256_ObjectCategories/018.bowling-pin/018_0070.jpg,17,018.bowling-pin
data/raw/caltech256/256_ObjectCategories/018.bowling-pin/018_0034.jpg,17,018.bowling-pin
data/raw/caltech256/256_ObjectCategories/018.bowling-pin/018_0099.jpg,17,018.bowling-pin
data/raw/caltech256/256_ObjectCategories/018.bowling-pin/018_0029.jpg,17,018.bowling-pin
data/raw/caltech256/256_ObjectCategories/018.bowling-pin/018_0025.jpg,17,018.bowling-pin
data/raw/caltech256/256_ObjectCategories/018.bowling-pin/018_0013.jpg,17,018.bowling-pin
data/raw/caltech256/256_ObjectCategories/018.bowling-pin/018_0021.jpg,17,018.bowling-pin
data/raw/caltech256/256_ObjectCategories/018.bowling-pin/018_0006.jpg,17,018.bowling-pin
data/raw/caltech256/256_ObjectCategories/019.boxing-glove/019_0018.jpg,18,019.boxing-glove
data/raw/caltech256/256_ObjectCategories/019.boxing-glove/019_0015.jpg,18,019.boxing-glove
data/raw/caltech256/256_ObjectCategories/019.boxing-glove/019_0071.jpg,18,019.boxing-glove
data/raw/caltech256/256_ObjectCategories/019.boxing-glove/019_0054.jpg,18,019.boxing-glove
data/raw/caltech256/256_ObjectCategories/019.boxing-glove/019_0103.jpg,18,019.boxing-glove
data/raw/caltech256/256_ObjectCategories/019.boxing-glove/019_0100.jpg,18,019.boxing-glove
data/raw/caltech256/256_ObjectCategories/019.boxing-glove/019_0087.jpg,18,019.boxing-glove
data/raw/caltech256/256_ObjectCategories/019.boxing-glove/019_0064.jpg,18,019.boxing-glove
data/raw/caltech256/256_ObjectCategories/019.boxing-glove/019_0048.jpg,18,019.boxing-glove
data/raw/caltech256/256_ObjectCategories/020.brain-101/020_0051.jpg,19,020.brain-101
data/raw/caltech256/256_ObjectCategories/020.brain-101/020_0055.jpg,19,020.brain-101
data/raw/caltech256/256_ObjectCategories/020.brain-101/020_0077.jpg,19,020.brain-101
data/raw/caltech256/256_ObjectCategories/020.brain-101/020_0082.jpg,19,020.brain-101
data/raw/caltech256/256_ObjectCategories/020.brain-101/020_0023.jpg,19,020.brain-101
data/raw/caltech256/256_ObjectCategories/020.brain-101/020_0071.jpg,19,020.brain-101
data/raw/caltech256/256_ObjectCategories/021.breadmaker/021_0049.jpg,20,021.breadmaker
data/raw/caltech256/256_ObjectCategories/021.breadmaker/021_0083.jpg,20,021.breadmaker
data/raw/caltech256/256_ObjectCategories/021.breadmaker/021_0060.jpg,20,021.breadmaker
data/raw/caltech256/256_ObjectCategories/021.breadmaker/021_0129.jpg,20,021.breadmaker
data/raw/caltech256/256_ObjectCategories/021.breadmaker/021_0087.jpg,20,021.breadmaker
data/raw/caltech256/256_ObjectCategories/021.breadmaker/021_0077.jpg,20,021.breadmaker
data/raw/caltech256/256_ObjectCategories/021.breadmaker/021_0057.jpg,20,021.breadmaker
data/raw/caltech256/256_ObjectCategories/021.breadmaker/021_0015.jpg,20,021.breadmaker
data/raw/caltech256/256_ObjectCategories/021.breadmaker/021_0035.jpg,20,021.breadmaker
data/raw/caltech256/256_ObjectCategories/021.breadmaker/021_0014.jpg,20,021.breadmaker
data/raw/caltech256/256_ObjectCategories/022.buddha-101/022_0023.jpg,21,022.buddha-101
data/raw/caltech256/256_ObjectCategories/022.buddha-101/022_0077.jpg,21,022.buddha-101
data/raw/caltech256/256_ObjectCategories/022.buddha-101/022_0006.jpg,21,022.buddha-101
data/raw/caltech256/256_ObjectCategories/022.buddha-101/022_0020.jpg,21,022.buddha-101
data/raw/caltech256/256_ObjectCategories/022.buddha-101/022_0096.jpg,21,022.buddha-101
data/raw/caltech256/256_ObjectCategories/022.buddha-101/022_0072.jpg,21,022.buddha-101
data/raw/caltech256/256_ObjectCategories/022.buddha-101/022_0022.jpg,21,022.buddha-101
data/raw/caltech256/256_ObjectCategories/023.bulldozer/023_0023.jpg,22,023.bulldozer
data/raw/caltech256/256_ObjectCategories/023.bulldozer/023_0100.jpg,22,023.bulldozer
data/raw/caltech256/256_ObjectCategories/023.bulldozer/023_0097.jpg,22,023.bulldozer
data/raw/caltech256/256_ObjectCategories/023.bulldozer/023_0048.jpg,22,023.bulldozer
data/raw/caltech256/256_ObjectCategories/023.bulldozer/023_0031.jpg,22,023.bulldozer
data/raw/caltech256/256_ObjectCategories/023.bulldozer/023_0062.jpg,22,023.bulldozer
data/raw/caltech256/256_ObjectCategories/023.bulldozer/023_0024.jpg,22,023.bulldozer
data/raw/caltech256/256_ObjectCategories/023.bulldozer/023_0055.jpg,22,023.bulldozer
data/raw/caltech256/256_ObjectCategories/024.butterfly/024_0094.jpg,23,024.butterfly
data/raw/caltech256/256_ObjectCategories/024.butterfly/024_0108.jpg,23,024.butterfly
data/raw/caltech256/256_ObjectCategories/024.butterfly/024_0058.jpg,23,024.butterfly
data/raw/caltech256/256_ObjectCategories/024.butterfly/024_0029.jpg,23,024.butterfly
data/raw/caltech256/256_ObjectCategories/024.butterfly/024_0013.jpg,23,024.butterfly
data/raw/caltech256/256_ObjectCategories/024.butterfly/024_0049.jpg,23,024.butterfly
data/raw/caltech256/256_ObjectCategories/024.butterfly/024_0018.jpg,23,024.butterfly
data/raw/caltech256/256_ObjectCategories/024.butterfly/024_0051.jpg,23,024.butterfly
data/raw/caltech256/256_ObjectCategories/025.cactus/025_0112.jpg,24,025.cactus
data/raw/caltech256/256_ObjectCategories/025.cactus/025_0061.jpg,24,025.cactus
data/raw/caltech256/256_ObjectCategories/025.cactus/025_0044.jpg,24,025.cactus
data/raw/caltech256/256_ObjectCategories/025.cactus/025_0076.jpg,24,025.cactus
data/raw/caltech256/256_ObjectCategories/025.cactus/025_0103.jpg,24,025.cactus
data/raw/caltech256/256_ObjectCategories/025.cactus/025_0084.jpg,24,025.cactus
data/raw/caltech256/256_ObjectCategories/025.cactus/025_0018.jpg,24,025.cactus
data/raw/caltech256/256_ObjectCategories/025.cactus/025_0041.jpg,24,025.cactus
data/raw/caltech256/256_ObjectCategories/026.cake/026_0046.jpg,25,026.cake
data/raw/caltech256/256_ObjectCategories/026.cake/026_0038.jpg,25,026.cake
data/raw/caltech256/256_ObjectCategories/026.cake/026_0102.jpg,25,026.cake
data/raw/caltech256/256_ObjectCategories/026.cake/026_0012.jpg,25,026.cake
data/raw/caltech256/256_ObjectCategories/026.cake/026_0018.jpg,25,026.cake
data/raw/caltech256/256_ObjectCategories/026.cake/026_0076.jpg,25,026.cake
data/raw/caltech256/256_ObjectCategories/026.cake/026_0040.jpg,25,026.cake
data/raw/caltech256/256_ObjectCategories/026.cake/026_0028.jpg,25,026.cake
data/raw/caltech256/256_ObjectCategories/027.calculator/027_0070.jpg,26,027.calculator
data/raw/caltech256/256_ObjectCategories/027.calculator/027_0014.jpg,26,027.calculator
data/raw/caltech256/256_ObjectCategories/027.calculator/027_0076.jpg,26,027.calculator
data/raw/caltech256/256_ObjectCategories/027.calculator/027_0082.jpg,26,027.calculator
data/raw/caltech256/256_ObjectCategories/027.calculator/027_0055.jpg,26,027.calculator
data/raw/caltech256/256_ObjectCategories/027.calculator/027_0031.jpg,26,027.calculator
data/raw/caltech256/256_ObjectCategories/027.calculator/027_0052.jpg,26,027.calculator
data/raw/caltech256/256_ObjectCategories/028.camel/028_0110.jpg,27,028.camel
data/raw/caltech256/256_ObjectCategories/028.camel/028_0050.jpg,27,028.camel
data/raw/caltech256/256_ObjectCategories/028.camel/028_0047.jpg,27,028.camel
data/raw/caltech256/256_ObjectCategories/028.camel/028_0060.jpg,27,028.camel
data/raw/caltech256/256_ObjectCategories/028.camel/028_0035.jpg,27,028.camel
data/raw/caltech256/256_ObjectCategories/028.camel/028_0009.jpg,27,028.camel
data/raw/caltech256/256_ObjectCategories/028.camel/028_0031.jpg,27,028.camel
data/raw/caltech256/256_ObjectCategories/028.camel/028_0045.jpg,27,028.camel
data/raw/caltech256/256_ObjectCategories/029.cannon/029_0003.jpg,28,029.cannon
data/raw/caltech256/256_ObjectCategories/029.cannon/029_0039.jpg,28,029.cannon
data/raw/caltech256/256_ObjectCategories/029.cannon/029_0087.jpg,28,029.cannon
data/raw/caltech256/256_ObjectCategories/029.cannon/029_0056.jpg,28,029.cannon
data/raw/caltech256/256_ObjectCategories/029.cannon/029_0027.jpg,28,029.cannon
data/raw/caltech256/256_ObjectCategories/029.cannon/029_0034.jpg,28,029.cannon
data/raw/caltech256/256_ObjectCategories/029.cannon/029_0093.jpg,28,029.cannon
data/raw/caltech256/256_ObjectCategories/029.cannon/029_0040.jpg,28,029.cannon
data/raw/caltech256/256_ObjectCategories/030.canoe/030_0035.jpg,29,030.canoe
data/raw/caltech256/256_ObjectCategories/030.canoe/030_0030.jpg,29,030.canoe
data/raw/caltech256/256_ObjectCategories/030.canoe/030_0047.jpg,29,030.canoe
data/raw/caltech256/256_ObjectCategories/030.canoe/030_0032.jpg,29,030.canoe
data/raw/caltech256/256_ObjectCategories/030.canoe/030_0068.jpg,29,030.canoe
data/raw/caltech256/256_ObjectCategories/030.canoe/030_0050.jpg,29,030.canoe
data/raw/caltech256/256_ObjectCategories/030.canoe/030_0026.jpg,29,030.canoe
data/raw/caltech256/256_ObjectCategories/030.canoe/030_0043.jpg,29,030.canoe
data/raw/caltech256/256_ObjectCategories/031.car-tire/031_0063.jpg,30,031.car-tire
data/raw/caltech256/256_ObjectCategories/031.car-tire/031_0026.jpg,30,031.car-tire
data/raw/caltech256/256_ObjectCategories/031.car-tire/031_0046.jpg,30,031.car-tire
data/raw/caltech256/256_ObjectCategories/031.car-tire/031_0019.jpg,30,031.car-tire
data/raw/caltech256/256_ObjectCategories/031.car-tire/031_0021.jpg,30,031.car-tire
data/raw/caltech256/256_ObjectCategories/031.car-tire/031_0005.jpg,30,031.car-tire
data/raw/caltech256/256_ObjectCategories/031.car-tire/031_0016.jpg,30,031.car-tire
data/raw/caltech256/256_ObjectCategories/032.cartman/032_0072.jpg,31,032.cartman
data/raw/caltech256/256_ObjectCategories/032.cartman/032_0096.jpg,31,032.cartman
data/raw/caltech256/256_ObjectCategories/032.cartman/032_0002.jpg,31,032.cartman
data/raw/caltech256/256_ObjectCategories/032.cartman/032_0075.jpg,31,032.cartman
data/raw/caltech256/256_ObjectCategories/032.cartman/032_0029.jpg,31,032.cartman
data/raw/caltech256/256_ObjectCategories/032.cartman/032_0031.jpg,31,032.cartman
data/raw/caltech256/256_ObjectCategories/032.cartman/032_0037.jpg,31,032.cartman
data/raw/caltech256/256_ObjectCategories/032.cartman/032_0087.jpg,31,032.cartman
data/raw/caltech256/256_ObjectCategories/033.cd/033_0025.jpg,32,033.cd
data/raw/caltech256/256_ObjectCategories/033.cd/033_0067.jpg,32,033.cd
data/raw/caltech256/256_ObjectCategories/033.cd/033_0010.jpg,32,033.cd
data/raw/caltech256/256_ObjectCategories/033.cd/033_0050.jpg,32,033.cd
data/raw/caltech256/256_ObjectCategories/033.cd/033_0058.jpg,32,033.cd
data/raw/caltech256/256_ObjectCategories/033.cd/033_0014.jpg,32,033.cd
data/raw/caltech256/256_ObjectCategories/033.cd/033_0024.jpg,32,033.cd
data/raw/caltech256/256_ObjectCategories/033.cd/033_0034.jpg,32,033.cd
data/raw/caltech256/256_ObjectCategories/034.centipede/034_0015.jpg,33,034.centipede
data/raw/caltech256/256_ObjectCategories/034.centipede/034_0019.jpg,33,034.centipede
data/raw/caltech256/256_ObjectCategories/034.centipede/034_0093.jpg,33,034.centipede
data/raw/caltech256/256_ObjectCategories/034.centipede/034_0046.jpg,33,034.centipede
data/raw/caltech256/256_ObjectCategories/034.centipede/034_0004.jpg,33,034.centipede
data/raw/caltech256/256_ObjectCategories/034.centipede/034_0070.jpg,33,034.centipede
data/raw/caltech256/256_ObjectCategories/034.centipede/034_0098.jpg,33,034.centipede
data/raw/caltech256/256_ObjectCategories/035.cereal-box/035_0012.jpg,34,035.cereal-box
data/raw/caltech256/256_ObjectCategories/035.cereal-box/035_0031.jpg,34,035.cereal-box
data/raw/caltech256/256_ObjectCategories/035.cereal-box/035_0022.jpg,34,035.cereal-box
data/raw/caltech256/256_ObjectCategories/035.cereal-box/035_0049.jpg,34,035.cereal-box
data/raw/caltech256/256_ObjectCategories/035.cereal-box/035_0009.jpg,34,035.cereal-box
data/raw/caltech256/256_ObjectCategories/035.cereal-box/035_0017.jpg,34,035.cereal-box
data/raw/caltech256/256_ObjectCategories/035.cereal-box/035_0007.jpg,34,035.cereal-box
data/raw/caltech256/256_ObjectCategories/036.chandelier-101/036_0004.jpg,35,036.chandelier-101
data/raw/caltech256/256_ObjectCategories/036.chandelier-101/036_0060.jpg,35,036.chandelier-101
data/raw/caltech256/256_ObjectCategories/036.chandelier-101/036_0008.jpg,35,036.chandelier-101
data/raw/caltech256/256_ObjectCategories/036.chandelier-101/036_0061.jpg,35,036.chandelier-101
data/raw/caltech256/256_ObjectCategories/036.chandelier-101/036_0054.jpg,35,036.chandelier-101
data/raw/caltech256/256_ObjectCategories/036.chandelier-101/036_0070.jpg,35,036.chandelier-101
data/raw/caltech256/256_ObjectCategories/036.chandelier-101/036_0066.jpg,35,036.chandelier-101
data/raw/caltech256/256_ObjectCategories/036.chandelier-101/036_0025.jpg,35,036.chandelier-101
data/raw/caltech256/256_ObjectCategories/037.chess-board/037_0038.jpg,36,037.chess-board
data/raw/caltech256/256_ObjectCategories/037.chess-board/037_0010.jpg,36,037.chess-board
data/raw/caltech256/256_ObjectCategories/037.chess-board/037_0051.jpg,36,037.chess-board
data/raw/caltech256/256_ObjectCategories/037.chess-board/037_0061.jpg,36,037.chess-board
data/raw/caltech256/256_ObjectCategories/037.chess-board/037_0101.jpg,36,037.chess-board
data/raw/caltech256/256_ObjectCategories/037.chess-board/037_0004.jpg,36,037.chess-board
data/raw/caltech256/256_ObjectCategories/037.chess-board/037_0056.jpg,36,037.chess-board
data/raw/caltech256/256_ObjectCategories/037.chess-board/037_0039.jpg,36,037.chess-board
data/raw/caltech256/256_ObjectCategories/037.chess-board/037_0066.jpg,36,037.chess-board
data/raw/caltech256/256_ObjectCategories/038.chimp/038_0035.jpg,37,038.chimp
data/raw/caltech256/256_ObjectCategories/038.chimp/038_0017.jpg,37,038.chimp
data/raw/caltech256/256_ObjectCategories/038.chimp/038_0043.jpg,37,038.chimp
data/raw/caltech256/256_ObjectCategories/038.chimp/038_0020.jpg,37,038.chimp
data/raw/caltech256/256_ObjectCategories/038.chimp/038_0075.jpg,37,038.chimp
data/raw/caltech256/256_ObjectCategories/038.chimp/038_0034.jpg,37,038.chimp
data/raw/caltech256/256_ObjectCategories/038.chimp/038_0101.jpg,37,038.chimp
data/raw/caltech256/256_ObjectCategories/038.chimp/038_0044.jpg,37,038.chimp
data/raw/caltech256/256_ObjectCategories/039.chopsticks/039_0017.jpg,38,039.chopsticks
data/raw/caltech256/256_ObjectCategories/039.chopsticks/039_0009.jpg,38,039.chopsticks
data/raw/caltech256/256_ObjectCategories/039.chopsticks/039_0034.jpg,38,039.chopsticks
data/raw/caltech256/256_ObjectCategories/039.chopsticks/039_0039.jpg,38,039.chopsticks
data/raw/caltech256/256_ObjectCategories/039.chopsticks/039_0035.jpg,38,039.chopsticks
data/raw/caltech256/256_ObjectCategories/039.chopsticks/039_0057.jpg,38,039.chopsticks
data/raw/caltech256/256_ObjectCategories/040.cockroach/040_0084.jpg,39,040.cockroach
data/raw/caltech256/256_ObjectCategories/040.cockroach/040_0059.jpg,39,040.cockroach
data/raw/caltech256/256_ObjectCategories/040.cockroach/040_0113.jpg,39,040.cockroach
data/raw/caltech256/256_ObjectCategories/040.cockroach/040_0080.jpg,39,040.cockroach
data/raw/caltech256/256_ObjectCategories/040.cockroach/040_0081.jpg,39,040.cockroach
data/raw/caltech256/256_ObjectCategories/040.cockroach/040_0016.jpg,39,040.cockroach
data/raw/caltech256/256_ObjectCategories/040.cockroach/040_0011.jpg,39,040.cockroach
data/raw/caltech256/256_ObjectCategories/040.cockroach/040_0112.jpg,39,040.cockroach
data/raw/caltech256/256_ObjectCategories/040.cockroach/040_0086.jpg,39,040.cockroach
data/raw/caltech256/256_ObjectCategories/041.coffee-mug/041_0030.jpg,40,041.coffee-mug
data/raw/caltech256/256_ObjectCategories/041.coffee-mug/041_0066.jpg,40,041.coffee-mug
data/raw/caltech256/256_ObjectCategories/041.coffee-mug/041_0029.jpg,40,041.coffee-mug
data/raw/caltech256/256_ObjectCategories/041.coffee-mug/041_0057.jpg,40,041.coffee-mug
data/raw/caltech256/256_ObjectCategories/041.coffee-mug/041_0073.jpg,40,041.coffee-mug
data/raw/caltech256/256_ObjectCategories/041.coffee-mug/041_0047.jpg,40,041.coffee-mug
data/raw/caltech256/256_ObjectCategories/041.coffee-mug/041_0023.jpg,40,041.coffee-mug
data/raw/caltech256/256_ObjectCategories/042.coffin/042_0015.jpg,41,042.coffin
data/raw/caltech256/256_ObjectCategories/042.coffin/042_0052.jpg,41,042.coffin
data/raw/caltech256/256_ObjectCategories/042.coffin/042_0059.jpg,41,042.coffin
data/raw/caltech256/256_ObjectCategories/042.coffin/042_0042.jpg,41,042.coffin
data/raw/caltech256/256_ObjectCategories/042.coffin/042_0073.jpg,41,042.coffin
data/raw/caltech256/256_ObjectCategories/042.coffin/042_0085.jpg,41,042.coffin
data/raw/caltech256/256_ObjectCategories/042.coffin/042_0069.jpg,41,042.coffin
data/raw/caltech256/256_ObjectCategories/043.coin/043_0081.jpg,42,043.coin
data/raw/caltech256/256_ObjectCategories/043.coin/043_0113.jpg,42,043.coin
data/raw/caltech256/256_ObjectCategories/043.coin/043_0046.jpg,42,043.coin
data/raw/caltech256/256_ObjectCategories/043.coin/043_0009.jpg,42,043.coin
data/raw/caltech256/256_ObjectCategories/043.coin/043_0001.jpg,42,043.coin
data/raw/caltech256/256_ObjectCategories/043.coin/043_0052.jpg,42,043.coin
data/raw/caltech256/256_ObjectCategories/043.coin/043_0063.jpg,42,043.coin
data/raw/caltech256/256_ObjectCategories/043.coin/043_0098.jpg,42,043.coin
data/raw/caltech256/256_ObjectCategories/043.coin/043_0120.jpg,42,043.coin
data/raw/caltech256/256_ObjectCategories/044.comet/044_0013.jpg,43,044.comet
data/raw/caltech256/256_ObjectCategories/044.comet/044_0066.jpg,43,044.comet
data/raw/caltech256/256_ObjectCategories/044.comet/044_0089.jpg,43,044.comet
data/raw/caltech256/256_ObjectCategories/044.comet/044_0071.jpg,43,044.comet
data/raw/caltech256/256_ObjectCategories/044.comet/044_0021.jpg,43,044.comet
data/raw/caltech256/256_ObjectCategories/044.comet/044_0104.jpg,43,044.comet
data/raw/caltech256/256_ObjectCategories/044.comet/044_0072.jpg,43,044.comet
data/raw/caltech256/256_ObjectCategories/044.comet/044_0097.jpg,43,044.comet
data/raw/caltech256/256_ObjectCategories/044.comet/044_0053.jpg,43,044.comet
data/raw/caltech256/256_ObjectCategories/045.computer-keyboard/045_0043.jpg,44,045.computer-keyboard
data/raw/caltech256/256_ObjectCategories/045.computer-keyboard/045_0004.jpg,44,045.computer-keyboard
data/raw/caltech256/256_ObjectCategories/045.computer-keyboard/045_0045.jpg,44,045.computer-keyboard
data/raw/caltech256/256_ObjectCategories/045.computer-keyboard/045_0061.jpg,44,045.computer-keyboard
data/raw/caltech256/256_ObjectCategories/045.computer-keyboard/045_0068.jpg,44,045.computer-keyboard
data/raw/caltech256/256_ObjectCategories/045.computer-keyboard/045_0079.jpg,44,045.computer-keyboard
data/raw/caltech256/256_ObjectCategories/046.computer-monitor/046_0130.jpg,45,046.computer-monitor
data/raw/caltech256/256_ObjectCategories/046.computer-monitor/046_0021.jpg,45,046.computer-monitor
data/raw/caltech256/256_ObjectCategories/046.computer-monitor/046_0122.jpg,45,046.computer-monitor
data/raw/caltech256/256_ObjectCategories/046.computer-monitor/046_0103.jpg,45,046.computer-monitor
data/raw/caltech256/256_ObjectCategories/046.computer-monitor/046_0048.jpg,45,046.computer-monitor
data/raw/caltech256/256_ObjectCategories/046.computer-monitor/046_0088.jpg,45,046.computer-monitor
data/raw/caltech256/256_ObjectCategories/046.computer-monitor/046_0059.jpg,45,046.computer-monitor
data/raw/caltech256/256_ObjectCategories/046.computer-monitor/046_0123.jpg,45,046.computer-monitor
data/raw/caltech256/256_ObjectCategories/046.computer-monitor/046_0131.jpg,45,046.computer-monitor
data/raw/caltech256/256_ObjectCategories/046.computer-monitor/046_0004.jpg,45,046.computer-monitor
data/raw/caltech256/256_ObjectCategories/047.computer-mouse/047_0046.jpg,46,047.computer-mouse
data/raw/caltech256/256_ObjectCategories/047.computer-mouse/047_0006.jpg,46,047.computer-mouse
data/raw/caltech256/256_ObjectCategories/047.computer-mouse/047_0038.jpg,46,047.computer-mouse
data/raw/caltech256/256_ObjectCategories/047.computer-mouse/047_0032.jpg,46,047.computer-mouse
data/raw/caltech256/256_ObjectCategories/047.computer-mouse/047_0029.jpg,46,047.computer-mouse
data/raw/caltech256/256_ObjectCategories/047.computer-mouse/047_0025.jpg,46,047.computer-mouse
data/raw/caltech256/256_ObjectCategories/047.computer-mouse/047_0066.jpg,46,047.computer-mouse
data/raw/caltech256/256_ObjectCategories/048.conch/048_0032.jpg,47,048.conch
data/raw/caltech256/256_ObjectCategories/048.conch/048_0063.jpg,47,048.conch
data/raw/caltech256/256_ObjectCategories/048.conch/048_0103.jpg,47,048.conch
data/raw/caltech256/256_ObjectCategories/048.conch/048_0079.jpg,47,048.conch
data/raw/caltech256/256_ObjectCategories/048.conch/048_0006.jpg,47,048.conch
data/raw/caltech256/256_ObjectCategories/048.conch/048_0019.jpg,47,048.conch
data/raw/caltech256/256_ObjectCategories/048.conch/048_0085.jpg,47,048.conch
data/raw/caltech256/256_ObjectCategories/048.conch/048_0026.jpg,47,048.conch
data/raw/caltech256/256_ObjectCategories/049.cormorant/049_0068.jpg,48,049.cormorant
data/raw/caltech256/256_ObjectCategories/049.cormorant/049_0034.jpg,48,049.cormorant
data/raw/caltech256/256_ObjectCategories/049.cormorant/049_0009.jpg,48,049.cormorant
data/raw/caltech256/256_ObjectCategories/049.cormorant/049_0081.jpg,48,049.cormorant
data/raw/caltech256/256_ObjectCategories/049.cormorant/049_0037.jpg,48,049.cormorant
data/raw/caltech256/256_ObjectCategories/049.cormorant/049_0041.jpg,48,049.cormorant
data/raw/caltech256/256_ObjectCategories/049.cormorant/049_0084.jpg,48,049.cormorant
data/raw/caltech256/256_ObjectCategories/049.cormorant/049_0019.jpg,48,049.cormorant
data/raw/caltech256/256_ObjectCategories/050.covered-wagon/050_0036.jpg,49,050.covered-wagon
data/raw/caltech256/256_ObjectCategories/050.covered-wagon/050_0041.jpg,49,050.covered-wagon
data/raw/caltech256/256_ObjectCategories/050.covered-wagon/050_0073.jpg,49,050.covered-wagon
data/raw/caltech256/256_ObjectCategories/050.covered-wagon/050_0077.jpg,49,050.covered-wagon
data/raw/caltech256/256_ObjectCategories/050.covered-wagon/050_0025.jpg,49,050.covered-wagon
data/raw/caltech256/256_ObjectCategories/050.covered-wagon/050_0091.jpg,49,050.covered-wagon
data/raw/caltech256/256_ObjectCategories/050.covered-wagon/050_0055.jpg,49,050.covered-wagon
data/raw/caltech256/256_ObjectCategories/051.cowboy-hat/051_0114.jpg,50,051.cowboy-hat
data/raw/caltech256/256_ObjectCategories/051.cowboy-hat/051_0107.jpg,50,051.cowboy-hat
data/raw/caltech256/256_ObjectCategories/051.cowboy-hat/051_0020.jpg,50,051.cowboy-hat
data/raw/caltech256/256_ObjectCategories/051.cowboy-hat/051_0057.jpg,50,051.cowboy-hat
data/raw/caltech256/256_ObjectCategories/051.cowboy-hat/051_0022.jpg,50,051.cowboy-hat
data/raw/caltech256/256_ObjectCategories/051.cowboy-hat/051_0081.jpg,50,051.cowboy-hat
data/raw/caltech256/256_ObjectCategories/051.cowboy-hat/051_0040.jpg,50,051.cowboy-hat
data/raw/caltech256/256_ObjectCategories/051.cowboy-hat/051_0083.jpg,50,051.cowboy-hat
data/raw/caltech256/256_ObjectCategories/052.crab-101/052_0028.jpg,51,052.crab-101
data/raw/caltech256/256_ObjectCategories/052.crab-101/052_0008.jpg,51,052.crab-101
data/raw/caltech256/256_ObjectCategories/052.crab-101/052_0057.jpg,51,052.crab-101
data/raw/caltech256/256_ObjectCategories/052.crab-101/052_0033.jpg,51,052.crab-101
data/raw/caltech256/256_ObjectCategories/052.crab-101/052_0005.jpg,51,052.crab-101
data/raw/caltech256/256_ObjectCategories/052.crab-101/052_0066.jpg,51,052.crab-101
data/raw/caltech256/256_ObjectCategories/053.desk-globe/053_0061.jpg,52,053.desk-globe
data/raw/caltech256/256_ObjectCategories/053.desk-globe/053_0069.jpg,52,053.desk-globe
data/raw/caltech256/256_ObjectCategories/053.desk-globe/053_0058.jpg,52,053.desk-globe
data/raw/caltech256/256_ObjectCategories/053.desk-globe/053_0012.jpg,52,053.desk-globe
data/raw/caltech256/256_ObjectCategories/053.desk-globe/053_0052.jpg,52,053.desk-globe
data/raw/caltech256/256_ObjectCategories/053.desk-globe/053_0041.jpg,52,053.desk-globe
data/raw/caltech256/256_ObjectCategories/054.diamond-ring/054_0089.jpg,53,054.diamond-ring
data/raw/caltech256/256_ObjectCategories/054.diamond-ring/054_0014.jpg,53,054.diamond-ring
data/raw/caltech256/256_ObjectCategories/054.diamond-ring/054_0114.jpg,53,054.diamond-ring
data/raw/caltech256/256_ObjectCategories/054.diamond-ring/054_0099.jpg,53,054.diamond-ring
data/raw/caltech256/256_ObjectCategories/054.diamond-ring/054_0111.jpg,53,054.diamond-ring
data/raw/caltech256/256_ObjectCategories/054.diamond-ring/054_0068.jpg,53,054.diamond-ring
data/raw/caltech256/256_ObjectCategories/054.diamond-ring/054_0039.jpg,53,054.diamond-ring
data/raw/caltech256/256_ObjectCategories/054.diamond-ring/054_0083.jpg,53,054.diamond-ring
data/raw/caltech256/256_ObjectCategories/054.diamond-ring/054_0090.jpg,53,054.diamond-ring
data/raw/caltech256/256_ObjectCategories/055.dice/055_0069.jpg,54,055.dice
data/raw/caltech256/256_ObjectCategories/055.dice/055_0023.jpg,54,055.dice
data/raw/caltech256/256_ObjectCategories/055.dice/055_0005.jpg,54,055.dice
data/raw/caltech256/256_ObjectCategories/055.dice/055_0084.jpg,54,055.dice
data/raw/caltech256/256_ObjectCategories/055.dice/055_0046.jpg,54,055.dice
data/raw/caltech256/256_ObjectCategories/055.dice/055_0083.jpg,54,055.dice
data/raw/caltech256/256_ObjectCategories/055.dice/055_0057.jpg,54,055.dice
data/raw/caltech256/256_ObjectCategories/056.dog/056_0010.jpg,55,056.dog
data/raw/caltech256/256_ObjectCategories/056.dog/056_0076.jpg,55,056.dog
data/raw/caltech256/256_ObjectCategories/056.dog/056_0066.jpg,55,056.dog
data/raw/caltech256/256_ObjectCategories/056.dog/056_0096.jpg,55,056.dog
data/raw/caltech256/256_ObjectCategories/056.dog/056_0044.jpg,55,056.dog
data/raw/caltech256/256_ObjectCategories/056.dog/056_0056.jpg,55,056.dog
data/raw/caltech256/256_ObjectCategories/056.dog/056_0024.jpg,55,056.dog
data/raw/caltech256/256_ObjectCategories/056.dog/056_0005.jpg,55,056.dog
data/raw/caltech256/256_ObjectCategories/057.dolphin-101/057_0016.jpg,56,057.dolphin-101
data/raw/caltech256/256_ObjectCategories/057.dolphin-101/057_0083.jpg,56,057.dolphin-101
data/raw/caltech256/256_ObjectCategories/057.dolphin-101/057_0101.jpg,56,057.dolphin-101
data/raw/caltech256/256_ObjectCategories/057.dolphin-101/057_0102.jpg,56,057.dolphin-101
data/raw/caltech256/256_ObjectCategories/057.dolphin-101/057_0029.jpg,56,057.dolphin-101
data/raw/caltech256/256_ObjectCategories/057.dolphin-101/057_0018.jpg,56,057.dolphin-101
data/raw/caltech256/256_ObjectCategories/057.dolphin-101/057_0059.jpg,56,057.dolphin-101
data/raw/caltech256/256_ObjectCategories/057.dolphin-101/057_0082.jpg,56,057.dolphin-101
data/raw/caltech256/256_ObjectCategories/058.doorknob/058_0021.jpg,57,058.doorknob
data/raw/caltech256/256_ObjectCategories/058.doorknob/058_0072.jpg,57,058.doorknob
data/raw/caltech256/256_ObjectCategories/058.doorknob/058_0025.jpg,57,058.doorknob
data/raw/caltech256/256_ObjectCategories/058.doorknob/058_0030.jpg,57,058.doorknob
data/raw/caltech256/256_ObjectCategories/058.doorknob/058_0044.jpg,57,058.doorknob
data/raw/caltech256/256_ObjectCategories/058.doorknob/058_0076.jpg,57,058.doorknob
data/raw/caltech256/256_ObjectCategories/058.doorknob/058_0071.jpg,57,058.doorknob
data/raw/caltech256/256_ObjectCategories/059.drinking-straw/059_0055.jpg,58,059.drinking-straw
data/raw/caltech256/256_ObjectCategories/059.drinking-straw/059_0058.jpg,58,059.drinking-straw
data/raw/caltech256/256_ObjectCategories/059.drinking-straw/059_0075.jpg,58,059.drinking-straw
data/raw/caltech256/256_ObjectCategories/059.drinking-straw/059_0007.jpg,58,059.drinking-straw
data/raw/caltech256/256_ObjectCategories/059.drinking-straw/059_0073.jpg,58,059.drinking-straw
data/raw/caltech256/256_ObjectCategories/059.drinking-straw/059_0078.jpg,58,059.drinking-straw
data/raw/caltech256/256_ObjectCategories/060.duck/060_0076.jpg,59,060.duck
data/raw/caltech256/256_ObjectCategories/060.duck/060_0073.jpg,59,060.duck
data/raw/caltech256/256_ObjectCategories/060.duck/060_0013.jpg,59,060.duck
data/raw/caltech256/256_ObjectCategories/060.duck/060_0031.jpg,59,060.duck
data/raw/caltech256/256_ObjectCategories/060.duck/060_0075.jpg,59,060.duck
data/raw/caltech256/256_ObjectCategories/060.duck/060_0045.jpg,59,060.duck
data/raw/caltech256/256_ObjectCategories/060.duck/060_0025.jpg,59,060.duck
data/raw/caltech256/256_ObjectCategories/061.dumb-bell/061_0068.jpg,60,061.dumb-bell
data/raw/caltech256/256_ObjectCategories/061.dumb-bell/061_0041.jpg,60,061.dumb-bell
data/raw/caltech256/256_ObjectCategories/061.dumb-bell/061_0031.jpg,60,061.dumb-bell
data/raw/caltech256/256_ObjectCategories/061.dumb-bell/061_0032.jpg,60,061.dumb-bell
data/raw/caltech256/256_ObjectCategories/061.dumb-bell/061_0006.jpg,60,061.dumb-bell
data/raw/caltech256/256_ObjectCategories/061.dumb-bell/061_0097.jpg,60,061.dumb-bell
data/raw/caltech256/256_ObjectCategories/061.dumb-bell/061_0010.jpg,60,061.dumb-bell
data/raw/caltech256/256_ObjectCategories/061.dumb-bell/061_0081.jpg,60,061.dumb-bell
data/raw/caltech256/256_ObjectCategories/062.eiffel-tower/062_0081.jpg,61,062.eiffel-tower
data/raw/caltech256/256_ObjectCategories/062.eiffel-tower/062_0011.jpg,61,062.eiffel-tower
data/raw/caltech256/256_ObjectCategories/062.eiffel-tower/062_0013.jpg,61,062.eiffel-tower
data/raw/caltech256/256_ObjectCategories/062.eiffel-tower/062_0080.jpg,61,062.eiffel-tower
data/raw/caltech256/256_ObjectCategories/062.eiffel-tower/062_0037.jpg,61,062.eiffel-tower
data/raw/caltech256/256_ObjectCategories/062.eiffel-tower/062_0040.jpg,61,062.eiffel-tower
data/raw/caltech256/256_ObjectCategories/063.electric-guitar-101/063_0094.jpg,62,063.electric-guitar-101
data/raw/caltech256/256_ObjectCategories/063.electric-guitar-101/063_0098.jpg,62,063.electric-guitar-101
data/raw/caltech256/256_ObjectCategories/063.electric-guitar-101/063_0078.jpg,62,063.electric-guitar-101
data/raw/caltech256/256_ObjectCategories/063.electric-guitar-101/063_0049.jpg,62,063.electric-guitar-101
data/raw/caltech256/256_ObjectCategories/063.electric-guitar-101/063_0105.jpg,62,063.electric-guitar-101
data/raw/caltech256/256_ObjectCategories/063.electric-guitar-101/063_0019.jpg,62,063.electric-guitar-101
data/raw/caltech256/256_ObjectCategories/063.electric-guitar-101/063_0029.jpg,62,063.electric-guitar-101
data/raw/caltech256/256_ObjectCategories/063.electric-guitar-101/063_0014.jpg,62,063.electric-guitar-101
data/raw/caltech256/256_ObjectCategories/063.electric-guitar-101/063_0089.jpg,62,063.electric-guitar-101
data/raw/caltech256/256_ObjectCategories/064.elephant-101/064_0076.jpg,63,064.elephant-101
data/raw/caltech256/256_ObjectCategories/064.elephant-101/064_0005.jpg,63,064.elephant-101
data/raw/caltech256/256_ObjectCategories/064.elephant-101/064_0027.jpg,63,064.elephant-101
data/raw/caltech256/256_ObjectCategories/064.elephant-101/064_0129.jpg,63,064.elephant-101
data/raw/caltech256/256_ObjectCategories/064.elephant-101/064_0088.jpg,63,064.elephant-101
data/raw/caltech256/256_ObjectCategories/064.elephant-101/064_0030.jpg,63,064.elephant-101
data/raw/caltech256/256_ObjectCategories/064.elephant-101/064_0127.jpg,63,064.elephant-101
data/raw/caltech256/256_ObjectCategories/064.elephant-101/064_0092.jpg,63,064.elephant-101
data/raw/caltech256/256_ObjectCategories/064.elephant-101/064_0110.jpg,63,064.elephant-101
data/raw/caltech256/256_ObjectCategories/064.elephant-101/064_0035.jpg,63,064.elephant-101
data/raw/caltech256/256_ObjectCategories/065.elk/065_0044.jpg,64,065.elk
data/raw/caltech256/256_ObjectCategories/065.elk/065_0096.jpg,64,065.elk
data/raw/caltech256/256_ObjectCategories/065.elk/065_0015.jpg,64,065.elk
data/raw/caltech256/256_ObjectCategories/065.elk/065_0025.jpg,64,065.elk
data/raw/caltech256/256_ObjectCategories/065.elk/065_0002.jpg,64,065.elk
data/raw/caltech256/256_ObjectCategories/065.elk/065_0043.jpg,64,065.elk
data/raw/caltech256/256_ObjectCategories/065.elk/065_0087.jpg,64,065.elk
data/raw/caltech256/256_ObjectCategories/065.elk/065_0037.jpg,64,065.elk
data/raw/caltech256/256_ObjectCategories/066.ewer-101/066_0026.jpg,65,066.ewer-101
data/raw/caltech256/256_ObjectCategories/066.ewer-101/066_0066.jpg,65,066.ewer-101
data/raw/caltech256/256_ObjectCategories/066.ewer-101/066_0052.jpg,65,066.ewer-101
data/raw/caltech256/256_ObjectCategories/066.ewer-101/066_0021.jpg,65,066.ewer-101
data/raw/caltech256/256_ObjectCategories/066.ewer-101/066_0076.jpg,65,066.ewer-101
data/raw/caltech256/256_ObjectCategories/066.ewer-101/066_0059.jpg,65,066.ewer-101
data/raw/caltech256/256_ObjectCategories/067.eyeglasses/067_0024.jpg,66,067.eyeglasses
data/raw/caltech256/256_ObjectCategories/067.eyeglasses/067_0066.jpg,66,067.eyeglasses
data/raw/caltech256/256_ObjectCategories/067.eyeglasses/067_0040.jpg,66,067.eyeglasses
data/raw/caltech256/256_ObjectCategories/067.eyeglasses/067_0063.jpg,66,067.eyeglasses
data/raw/caltech256/256_ObjectCategories/067.eyeglasses/067_0065.jpg,66,067.eyeglasses
data/raw/caltech256/256_ObjectCategories/067.eyeglasses/067_0038.jpg,66,067.eyeglasses
data/raw/caltech256/256_ObjectCategories/068.fern/068_0063.jpg,67,068.fern
data/raw/caltech256/256_ObjectCategories/068.fern/068_0039.jpg,67,068.fern
data/raw/caltech256/256_ObjectCategories/068.fern/068_0034.jpg,67,068.fern
data/raw/caltech256/256_ObjectCategories/068.fern/068_0012.jpg,67,068.fern
data/raw/caltech256/256_ObjectCategories/068.fern/068_0104.jpg,67,068.fern
data/raw/caltech256/256_ObjectCategories/068.fern/068_0100.jpg,67,068.fern
data/raw/caltech256/256_ObjectCategories/068.fern/068_0043.jpg,67,068.fern
data/raw/caltech256/256_ObjectCategories/068.fern/068_0026.jpg,67,068.fern
data/raw/caltech256/256_ObjectCategories/069.fighter-jet/069_0035.jpg,68,069.fighter-jet
data/raw/caltech256/256_ObjectCategories/069.fighter-jet/069_0007.jpg,68,069.fighter-jet
data/raw/caltech256/256_ObjectCategories/069.fighter-jet/069_0020.jpg,68,069.fighter-jet
data/raw/caltech256/256_ObjectCategories/069.fighter-jet/069_0002.jpg,68,069.fighter-jet
data/raw/caltech256/256_ObjectCategories/069.fighter-jet/069_0074.jpg,68,069.fighter-jet
data/raw/caltech256/256_ObjectCategories/069.fighter-jet/069_0072.jpg,68,069.fighter-jet
data/raw/caltech256/256_ObjectCategories/069.fighter-jet/069_0003.jpg,68,069.fighter-jet
data/raw/caltech256/256_ObjectCategories/070.fire-extinguisher/070_0022.jpg,69,070.fire-extinguisher
data/raw/caltech256/256_ObjectCategories/070.fire-extinguisher/070_0027.jpg,69,070.fire-extinguisher
data/raw/caltech256/256_ObjectCategories/070.fire-extinguisher/070_0077.jpg,69,070.fire-extinguisher
data/raw/caltech256/256_ObjectCategories/070.fire-extinguisher/070_0083.jpg,69,070.fire-extinguisher
data/raw/caltech256/256_ObjectCategories/070.fire-extinguisher/070_0050.jpg,69,070.fire-extinguisher
data/raw/caltech256/256_ObjectCategories/070.fire-extinguisher/070_0032.jpg,69,070.fire-extinguisher
data/raw/caltech256/256_ObjectCategories/071.fire-hydrant/071_0030.jpg,70,071.fire-hydrant
data/raw/caltech256/256_ObjectCategories/071.fire-hydrant/071_0043.jpg,70,071.fire-hydrant
data/raw/caltech256/256_ObjectCategories/071.fire-hydrant/071_0087.jpg,70,071.fire-hydrant
data/raw/caltech256/256_ObjectCategories/071.fire-hydrant/071_0034.jpg,70,071.fire-hydrant
data/raw/caltech256/256_ObjectCategories/071.fire-hydrant/071_0028.jpg,70,071.fire-hydrant
data/raw/caltech256/256_ObjectCategories/071.fire-hydrant/071_0002.jpg,70,071.fire-hydrant
data/raw/caltech256/256_ObjectCategories/071.fire-hydrant/071_0019.jpg,70,071.fire-hydrant
data/raw/caltech256/256_ObjectCategories/072.fire-truck/072_0107.jpg,71,072.fire-truck
data/raw/caltech256/256_ObjectCategories/072.fire-truck/072_0050.jpg,71,072.fire-truck
data/raw/caltech256/256_ObjectCategories/072.fire-truck/072_0003.jpg,71,072.fire-truck
data/raw/caltech256/256_ObjectCategories/072.fire-truck/072_0093.jpg,71,072.fire-truck
data/raw/caltech256/256_ObjectCategories/072.fire-truck/072_0029.jpg,71,072.fire-truck
data/raw/caltech256/256_ObjectCategories/072.fire-truck/072_0096.jpg,71,072.fire-truck
data/raw/caltech256/256_ObjectCategories/072.fire-truck/072_0018.jpg,71,072.fire-truck
data/raw/caltech256/256_ObjectCategories/072.fire-truck/072_0020.jpg,71,072.fire-truck
data/raw/caltech256/256_ObjectCategories/072.fire-truck/072_0078.jpg,71,072.fire-truck
data/raw/caltech256/256_ObjectCategories/073.fireworks/073_0010.jpg,72,073.fireworks
data/raw/caltech256/256_ObjectCategories/073.fireworks/073_0017.jpg,72,073.fireworks
data/raw/caltech256/256_ObjectCategories/073.fireworks/073_0100.jpg,72,073.fireworks
data/raw/caltech256/256_ObjectCategories/073.fireworks/073_0016.jpg,72,073.fireworks
data/raw/caltech256/256_ObjectCategories/073.fireworks/073_0083.jpg,72,073.fireworks
data/raw/caltech256/256_ObjectCategories/073.fireworks/073_0040.jpg,72,073.fireworks
data/raw/caltech256/256_ObjectCategories/073.fireworks/073_0050.jpg,72,073.fireworks
data/raw/caltech256/256_ObjectCategories/074.flashlight/074_0040.jpg,73,074.flashlight
data/raw/caltech256/256_ObjectCategories/074.flashlight/074_0083.jpg,73,074.flashlight
data/raw/caltech256/256_ObjectCategories/074.flashlight/074_0084.jpg,73,074.flashlight
data/raw/caltech256/256_ObjectCategories/074.flashlight/074_0071.jpg,73,074.flashlight
data/raw/caltech256/256_ObjectCategories/074.flashlight/074_0099.jpg,73,074.flashlight
data/raw/caltech256/256_ObjectCategories/074.flashlight/074_0108.jpg,73,074.flashlight
data/raw/caltech256/256_ObjectCategories/074.flashlight/074_0052.jpg,73,074.flashlight
data/raw/caltech256/256_ObjectCategories/074.flashlight/074_0054.jpg,73,074.flashlight
data/raw/caltech256/256_ObjectCategories/075.floppy-disk/075_0055.jpg,74,075.floppy-disk
data/raw/caltech256/256_ObjectCategories/075.floppy-disk/075_0037.jpg,74,075.floppy-disk
data/raw/caltech256/256_ObjectCategories/075.floppy-disk/075_0028.jpg,74,075.floppy-disk
data/raw/caltech256/256_ObjectCategories/075.floppy-disk/075_0010.jpg,74,075.floppy-disk
data/raw/caltech256/256_ObjectCategories/075.floppy-disk/075_0059.jpg,74,075.floppy-disk
data/raw/caltech256/256_ObjectCategories/075.floppy-disk/075_0076.jpg,74,075.floppy-disk
data/raw/caltech256/256_ObjectCategories/076.football-helmet/076_0044.jpg,75,076.football-helmet
data/raw/caltech256/256_ObjectCategories/076.football-helmet/076_0050.jpg,75,076.football-helmet
data/raw/caltech256/256_ObjectCategories/076.football-helmet/076_0035.jpg,75,076.football-helmet
data/raw/caltech256/256_ObjectCategories/076.football-helmet/076_0076.jpg,75,076.football-helmet
data/raw/caltech256/256_ObjectCategories/076.football-helmet/076_0082.jpg,75,076.football-helmet
data/raw/caltech256/256_ObjectCategories/076.football-helmet/076_0042.jpg,75,076.football-helmet
data/raw/caltech256/256_ObjectCategories/077.french-horn/077_0004.jpg,76,077.french-horn
data/raw/caltech256/256_ObjectCategories/077.french-horn/077_0047.jpg,76,077.french-horn
data/raw/caltech256/256_ObjectCategories/077.french-horn/077_0029.jpg,76,077.french-horn
data/raw/caltech256/256_ObjectCategories/077.french-horn/077_0046.jpg,76,077.french-horn
data/raw/caltech256/256_ObjectCategories/077.french-horn/077_0042.jpg,76,077.french-horn
data/raw/caltech256/256_ObjectCategories/077.french-horn/077_0036.jpg,76,077.french-horn
data/raw/caltech256/256_ObjectCategories/077.french-horn/077_0076.jpg,76,077.french-horn
data/raw/caltech256/256_ObjectCategories/078.fried-egg/078_0077.jpg,77,078.fried-egg
data/raw/caltech256/256_ObjectCategories/078.fried-egg/078_0032.jpg,77,078.fried-egg
data/raw/caltech256/256_ObjectCategories/078.fried-egg/078_0037.jpg,77,078.fried-egg
data/raw/caltech256/256_ObjectCategories/078.fried-egg/078_0076.jpg,77,078.fried-egg
data/raw/caltech256/256_ObjectCategories/078.fried-egg/078_0062.jpg,77,078.fried-egg
data/raw/caltech256/256_ObjectCategories/078.fried-egg/078_0014.jpg,77,078.fried-egg
data/raw/caltech256/256_ObjectCategories/078.fried-egg/078_0085.jpg,77,078.fried-egg
data/raw/caltech256/256_ObjectCategories/079.frisbee/079_0081.jpg,78,079.frisbee
data/raw/caltech256/256_ObjectCategories/079.frisbee/079_0038.jpg,78,079.frisbee
data/raw/caltech256/256_ObjectCategories/079.frisbee/079_0064.jpg,78,079.frisbee
data/raw/caltech256/256_ObjectCategories/079.frisbee/079_0020.jpg,78,079.frisbee
data/raw/caltech256/256_ObjectCategories/079.frisbee/079_0060.jpg,78,079.frisbee
data/raw/caltech256/256_ObjectCategories/079.frisbee/079_0027.jpg,78,079.frisbee
data/raw/caltech256/256_ObjectCategories/079.frisbee/079_0041.jpg,78,079.frisbee
data/raw/caltech256/256_ObjectCategories/080.frog/080_0094.jpg,79,080.frog
data/raw/caltech256/256_ObjectCategories/080.frog/080_0060.jpg,79,080.frog
data/raw/caltech256/256_ObjectCategories/080.frog/080_0021.jpg,79,080.frog
data/raw/caltech256/256_ObjectCategories/080.frog/080_0020.jpg,79,080.frog
data/raw/caltech256/256_ObjectCategories/080.frog/080_0112.jpg,79,080.frog
data/raw/caltech256/256_ObjectCategories/080.frog/080_0115.jpg,79,080.frog
data/raw/caltech256/256_ObjectCategories/080.frog/080_0045.jpg,79,080.frog
data/raw/caltech256/256_ObjectCategories/080.frog/080_0047.jpg,79,080.frog
data/raw/caltech256/256_ObjectCategories/080.frog/080_0074.jpg,79,080.frog
data/raw/caltech256/256_ObjectCategories/081.frying-pan/081_0091.jpg,80,081.frying-pan
data/raw/caltech256/256_ObjectCategories/081.frying-pan/081_0048.jpg,80,081.frying-pan
data/raw/caltech256/256_ObjectCategories/081.frying-pan/081_0094.jpg,80,081.frying-pan
data/raw/caltech256/256_ObjectCategories/081.frying-pan/081_0092.jpg,80,081.frying-pan
data/raw/caltech256/256_ObjectCategories/081.frying-pan/081_0045.jpg,80,081.frying-pan
data/raw/caltech256/256_ObjectCategories/081.frying-pan/081_0053.jpg,80,081.frying-pan
data/raw/caltech256/256_ObjectCategories/081.frying-pan/081_0037.jpg,80,081.frying-pan
data/raw/caltech256/256_ObjectCategories/082.galaxy/082_0006.jpg,81,082.galaxy
data/raw/caltech256/256_ObjectCategories/082.galaxy/082_0025.jpg,81,082.galaxy
data/raw/caltech256/256_ObjectCategories/082.galaxy/082_0076.jpg,81,082.galaxy
data/raw/caltech256/256_ObjectCategories/082.galaxy/082_0059.jpg,81,082.galaxy
data/raw/caltech256/256_ObjectCategories/082.galaxy/082_0018.jpg,81,082.galaxy
data/raw/caltech256/256_ObjectCategories/082.galaxy/082_0043.jpg,81,082.galaxy
data/raw/caltech256/256_ObjectCategories/083.gas-pump/083_0046.jpg,82,083.gas-pump
data/raw/caltech256/256_ObjectCategories/083.gas-pump/083_0048.jpg,82,083.gas-pump
data/raw/caltech256/256_ObjectCategories/083.gas-pump/083_0087.jpg,82,083.gas-pump
data/raw/caltech256/256_ObjectCategories/083.gas-pump/083_0050.jpg,82,083.gas-pump
data/raw/caltech256/256_ObjectCategories/083.gas-pump/083_0001.jpg,82,083.gas-pump
data/raw/caltech256/256_ObjectCategories/083.gas-pump/083_0089.jpg,82,083.gas-pump
data/raw/caltech256/256_ObjectCategories/083.gas-pump/083_0094.jpg,82,083.gas-pump
data/raw/caltech256/256_ObjectCategories/084.giraffe/084_0046.jpg,83,084.giraffe
data/raw/caltech256/256_ObjectCategories/084.giraffe/084_0063.jpg,83,084.giraffe
data/raw/caltech256/256_ObjectCategories/084.giraffe/084_0006.jpg,83,084.giraffe
data/raw/caltech256/256_ObjectCategories/084.giraffe/084_0059.jpg,83,084.giraffe
data/raw/caltech256/256_ObjectCategories/084.giraffe/084_0026.jpg,83,084.giraffe
data/raw/caltech256/256_ObjectCategories/084.giraffe/084_0067.jpg,83,084.giraffe
data/raw/caltech256/256_ObjectCategories/085.goat/085_0087.jpg,84,085.goat
data/raw/caltech256/256_ObjectCategories/085.goat/085_0077.jpg,84,085.goat
data/raw/caltech256/256_ObjectCategories/085.goat/085_0071.jpg,84,085.goat
data/raw/caltech256/256_ObjectCategories/085.goat/085_0020.jpg,84,085.goat
data/raw/caltech256/256_ObjectCategories/085.goat/085_0036.jpg,84,085.goat
data/raw/caltech256/256_ObjectCategories/085.goat/085_0090.jpg,84,085.goat
data/raw/caltech256/256_ObjectCategories/085.goat/085_0027.jpg,84,085.goat
data/raw/caltech256/256_ObjectCategories/085.goat/085_0038.jpg,84,085.goat
data/raw/caltech256/256_ObjectCategories/086.golden-gate-bridge/086_0075.jpg,85,086.golden-gate-bridge
data/raw/caltech256/256_ObjectCategories/086.golden-gate-bridge/086_0057.jpg,85,086.golden-gate-bridge
data/raw/caltech256/256_ObjectCategories/086.golden-gate-bridge/086_0014.jpg,85,086.golden-gate-bridge
data/raw/caltech256/256_ObjectCategories/086.golden-gate-bridge/086_0052.jpg,85,086.golden-gate-bridge
data/raw/caltech256/256_ObjectCategories/086.golden-gate-bridge/086_0068.jpg,85,086.golden-gate-bridge
data/raw/caltech256/256_ObjectCategories/086.golden-gate-bridge/086_0002.jpg,85,086.golden-gate-bridge
data/raw/caltech256/256_ObjectCategories/087.goldfish/087_0045.jpg,86,087.goldfish
data/raw/caltech256/256_ObjectCategories/087.goldfish/087_0087.jpg,86,087.goldfish
data/raw/caltech256/256_ObjectCategories/087.goldfish/087_0021.jpg,86,087.goldfish
data/raw/caltech256/256_ObjectCategories/087.goldfish/087_0040.jpg,86,087.goldfish
data/raw/caltech256/256_ObjectCategories/087.goldfish/087_0082.jpg,86,087.goldfish
data/raw/caltech256/256_ObjectCategories/087.goldfish/087_0009.jpg,86,087.goldfish
data/raw/caltech256/256_ObjectCategories/087.goldfish/087_0029.jpg,86,087.goldfish
data/raw/caltech256/256_ObjectCategories/088.golf-ball/088_0089.jpg,87,088.golf-ball
data/raw/caltech256/256_ObjectCategories/088.golf-ball/088_0005.jpg,87,088.golf-ball
data/raw/caltech256/256_ObjectCategories/088.golf-ball/088_0064.jpg,87,088.golf-ball
data/raw/caltech256/256_ObjectCategories/088.golf-ball/088_0087.jpg,87,088.golf-ball
data/raw/caltech256/256_ObjectCategories/088.golf-ball/088_0031.jpg,87,088.golf-ball
data/raw/caltech256/256_ObjectCategories/088.golf-ball/088_0057.jpg,87,088.golf-ball
data/raw/caltech256/256_ObjectCategories/088.golf-ball/088_0011.jpg,87,088.golf-ball
data/raw/caltech256/256_ObjectCategories/089.goose/089_0085.jpg,88,089.goose
data/raw/caltech256/256_ObjectCategories/089.goose/089_0038.jpg,88,089.goose
data/raw/caltech256/256_ObjectCategories/089.goose/089_0060.jpg,88,089.goose
data/raw/caltech256/256_ObjectCategories/089.goose/089_0063.jpg,88,089.goose
data/raw/caltech256/256_ObjectCategories/089.goose/089_0050.jpg,88,089.goose
data/raw/caltech256/256_ObjectCategories/089.goose/089_0022.jpg,88,089.goose
data/raw/caltech256/256_ObjectCategories/089.goose/089_0091.jpg,88,089.goose
data/raw/caltech256/256_ObjectCategories/089.goose/089_0096.jpg,88,089.goose
data/raw/caltech256/256_ObjectCategories/090.gorilla/090_0199.jpg,89,090.gorilla
data/raw/caltech256/256_ObjectCategories/090.gorilla/090_0184.jpg,89,090.gorilla
data/raw/caltech256/256_ObjectCategories/090.gorilla/090_0113.jpg,89,090.gorilla
data/raw/caltech256/256_ObjectCategories/090.gorilla/090_0030.jpg,89,090.gorilla
data/raw/caltech256/256_ObjectCategories/090.gorilla/090_0027.jpg,89,090.gorilla
data/raw/caltech256/256_ObjectCategories/090.gorilla/090_0157.jpg,89,090.gorilla
data/raw/caltech256/256_ObjectCategories/090.gorilla/090_0040.jpg,89,090.gorilla
data/raw/caltech256/256_ObjectCategories/090.gorilla/090_0105.jpg,89,090.gorilla
data/raw/caltech256/256_ObjectCategories/090.gorilla/090_0117.jpg,89,090.gorilla
data/raw/caltech256/256_ObjectCategories/090.gorilla/090_0104.jpg,89,090.gorilla
data/raw/caltech256/256_ObjectCategories/090.gorilla/090_0123.jpg,89,090.gorilla
data/raw/caltech256/256_ObjectCategories/090.gorilla/090_0068.jpg,89,090.gorilla
data/raw/caltech256/256_ObjectCategories/090.gorilla/090_0162.jpg,89,090.gorilla
data/raw/caltech256/256_ObjectCategories/090.gorilla/090_0009.jpg,89,090.gorilla
data/raw/caltech256/256_ObjectCategories/090.gorilla/090_0154.jpg,89,090.gorilla
data/raw/caltech256/256_ObjectCategories/091.grand-piano-101/091_0084.jpg,90,091.grand-piano-101
data/raw/caltech256/256_ObjectCategories/091.grand-piano-101/091_0077.jpg,90,091.grand-piano-101
data/raw/caltech256/256_ObjectCategories/091.grand-piano-101/091_0095.jpg,90,091.grand-piano-101
data/raw/caltech256/256_ObjectCategories/091.grand-piano-101/091_0026.jpg,90,091.grand-piano-101
data/raw/caltech256/256_ObjectCategories/091.grand-piano-101/091_0025.jpg,90,091.grand-piano-101
data/raw/caltech256/256_ObjectCategories/091.grand-piano-101/091_0005.jpg,90,091.grand-piano-101
data/raw/caltech256/256_ObjectCategories/091.grand-piano-101/091_0043.jpg,90,091.grand-piano-101
data/raw/caltech256/256_ObjectCategories/092.grapes/092_0147.jpg,91,092.grapes
data/raw/caltech256/256_ObjectCategories/092.grapes/092_0007.jpg,91,092.grapes
data/raw/caltech256/256_ObjectCategories/092.grapes/092_0191.jpg,91,092.grapes
data/raw/caltech256/256_ObjectCategories/092.grapes/092_0094.jpg,91,092.grapes
data/raw/caltech256/256_ObjectCategories/092.grapes/092_0107.jpg,91,092.grapes
data/raw/caltech256/256_ObjectCategories/092.grapes/092_0169.jpg,91,092.grapes
data/raw/caltech256/256_ObjectCategories/092.grapes/092_0189.jpg,91,092.grapes
data/raw/caltech256/256_ObjectCategories/092.grapes/092_0179.jpg,91,092.grapes
data/raw/caltech256/256_ObjectCategories/092.grapes/092_0027.jpg,91,092.grapes
data/raw/caltech256/256_ObjectCategories/092.grapes/092_0047.jpg,91,092.grapes
data/raw/caltech256/256_ObjectCategories/092.grapes/092_0166.jpg,91,092.grapes
data/raw/caltech256/256_ObjectCategories/092.grapes/092_0198.jpg,91,092.grapes
data/raw/caltech256/256_ObjectCategories/092.grapes/092_0032.jpg,91,092.grapes
data/raw/caltech256/256_ObjectCategories/092.grapes/092_0126.jpg,91,092.grapes
data/raw/caltech256/256_ObjectCategories/092.grapes/092_0150.jpg,91,092.grapes
data/raw/caltech256/256_ObjectCategories/093.grasshopper/093_0062.jpg,92,093.grasshopper
data/raw/caltech256/256_ObjectCategories/093.grasshopper/093_0012.jpg,92,093.grasshopper
data/raw/caltech256/256_ObjectCategories/093.grasshopper/093_0053.jpg,92,093.grasshopper
data/raw/caltech256/256_ObjectCategories/093.grasshopper/093_0051.jpg,92,093.grasshopper
data/raw/caltech256/256_ObjectCategories/093.grasshopper/093_0032.jpg,92,093.grasshopper
data/raw/caltech256/256_ObjectCategories/093.grasshopper/093_0040.jpg,92,093.grasshopper
data/raw/caltech256/256_ObjectCategories/093.grasshopper/093_0057.jpg,92,093.grasshopper
data/raw/caltech256/256_ObjectCategories/093.grasshopper/093_0080.jpg,92,093.grasshopper
data/raw/caltech256/256_ObjectCategories/094.guitar-pick/094_0054.jpg,93,094.guitar-pick
data/raw/caltech256/256_ObjectCategories/094.guitar-pick/094_0071.jpg,93,094.guitar-pick
data/raw/caltech256/256_ObjectCategories/094.guitar-pick/094_0076.jpg,93,094.guitar-pick
data/raw/caltech256/256_ObjectCategories/094.guitar-pick/094_0093.jpg,93,094.guitar-pick
data/raw/caltech256/256_ObjectCategories/094.guitar-pick/094_0047.jpg,93,094.guitar-pick
data/raw/caltech256/256_ObjectCategories/094.guitar-pick/094_0096.jpg,93,094.guitar-pick
data/raw/caltech256/256_ObjectCategories/094.guitar-pick/094_0091.jpg,93,094.guitar-pick
data/raw/caltech256/256_ObjectCategories/094.guitar-pick/094_0040.jpg,93,094.guitar-pick
data/raw/caltech256/256_ObjectCategories/095.hamburger/095_0022.jpg,94,095.hamburger
data/raw/caltech256/256_ObjectCategories/095.hamburger/095_0003.jpg,94,095.hamburger
data/raw/caltech256/256_ObjectCategories/095.hamburger/095_0040.jpg,94,095.hamburger
data/raw/caltech256/256_ObjectCategories/095.hamburger/095_0066.jpg,94,095.hamburger
data/raw/caltech256/256_ObjectCategories/095.hamburger/095_0056.jpg,94,095.hamburger
data/raw/caltech256/256_ObjectCategories/095.hamburger/095_0002.jpg,94,095.hamburger
data/raw/caltech256/256_ObjectCategories/096.hammock/096_0029.jpg,95,096.hammock
data/raw/caltech256/256_ObjectCategories/096.hammock/096_0127.jpg,95,096.hammock
data/raw/caltech256/256_ObjectCategories/096.hammock/096_0020.jpg,95,096.hammock
data/raw/caltech256/256_ObjectCategories/096.hammock/096_0278.jpg,95,096.hammock
data/raw/caltech256/256_ObjectCategories/096.hammock/096_0057.jpg,95,096.hammock
data/raw/caltech256/256_ObjectCategories/096.hammock/096_0215.jpg,95,096.hammock
data/raw/caltech256/256_ObjectCategories/096.hammock/096_0032.jpg,95,096.hammock
data/raw/caltech256/256_ObjectCategories/096.hammock/096_0165.jpg,95,096.hammock
data/raw/caltech256/256_ObjectCategories/096.hammock/096_0191.jpg,95,096.hammock
data/raw/caltech256/256_ObjectCategories/096.hammock/096_0145.jpg,95,096.hammock
data/raw/caltech256/256_ObjectCategories/096.hammock/096_0071.jpg,95,096.hammock
data/raw/caltech256/256_ObjectCategories/096.hammock/096_0261.jpg,95,096.hammock
data/raw/caltech256/256_ObjectCategories/096.hammock/096_0249.jpg,95,096.hammock
data/raw/caltech256/256_ObjectCategories/096.hammock/096_0039.jpg,95,096.hammock
data/raw/caltech256/256_ObjectCategories/096.hammock/096_0113.jpg,95,096.hammock
data/raw/caltech256/256_ObjectCategories/096.hammock/096_0259.jpg,95,096.hammock
data/raw/caltech256/256_ObjectCategories/096.hammock/096_0138.jpg,95,096.hammock
data/raw/caltech256/256_ObjectCategories/096.hammock/096_0204.jpg,95,096.hammock
data/raw/caltech256/256_ObjectCategories/096.hammock/096_0183.jpg,95,096.hammock
data/raw/caltech256/256_ObjectCategories/096.hammock/096_0247.jpg,95,096.hammock
data/raw/caltech256/256_ObjectCategories/097.harmonica/097_0002.jpg,96,097.harmonica
data/raw/caltech256/256_ObjectCategories/097.harmonica/097_0038.jpg,96,097.harmonica
data/raw/caltech256/256_ObjectCategories/097.harmonica/097_0058.jpg,96,097.harmonica
data/raw/caltech256/256_ObjectCategories/097.harmonica/097_0077.jpg,96,097.harmonica
data/raw/caltech256/256_ObjectCategories/097.harmonica/097_0071.jpg,96,097.harmonica
data/raw/caltech256/256_ObjectCategories/097.harmonica/097_0025.jpg,96,097.harmonica
data/raw/caltech256/256_ObjectCategories/097.harmonica/097_0014.jpg,96,097.harmonica
data/raw/caltech256/256_ObjectCategories/098.harp/098_0067.jpg,97,098.harp
data/raw/caltech256/256_ObjectCategories/098.harp/098_0076.jpg,97,098.harp
data/raw/caltech256/256_ObjectCategories/098.harp/098_0014.jpg,97,098.harp
data/raw/caltech256/256_ObjectCategories/098.harp/098_0087.jpg,97,098.harp
data/raw/caltech256/256_ObjectCategories/098.harp/098_0091.jpg,97,098.harp
data/raw/caltech256/256_ObjectCategories/098.harp/098_0086.jpg,97,098.harp
data/raw/caltech256/256_ObjectCategories/098.harp/098_0082.jpg,97,098.harp
data/raw/caltech256/256_ObjectCategories/099.harpsichord/099_0052.jpg,98,099.harpsichord
data/raw/caltech256/256_ObjectCategories/099.harpsichord/099_0066.jpg,98,099.harpsichord
data/raw/caltech256/256_ObjectCategories/099.harpsichord/099_0009.jpg,98,099.harpsichord
data/raw/caltech256/256_ObjectCategories/099.harpsichord/099_0047.jpg,98,099.harpsichord
data/raw/caltech256/256_ObjectCategories/099.harpsichord/099_0067.jpg,98,099.harpsichord
data/raw/caltech256/256_ObjectCategories/099.harpsichord/099_0029.jpg,98,099.harpsichord
data/raw/caltech256/256_ObjectCategories/100.hawksbill-101/100_0066.jpg,99,100.hawksbill-101
data/raw/caltech256/256_ObjectCategories/100.hawksbill-101/100_0031.jpg,99,100.hawksbill-101
data/raw/caltech256/256_ObjectCategories/100.hawksbill-101/100_0030.jpg,99,100.hawksbill-101
data/raw/caltech256/256_ObjectCategories/100.hawksbill-101/100_0085.jpg,99,100.hawksbill-101
data/raw/caltech256/256_ObjectCategories/100.hawksbill-101/100_0083.jpg,99,100.hawksbill-101
data/raw/caltech256/256_ObjectCategories/100.hawksbill-101/100_0008.jpg,99,100.hawksbill-101
data/raw/caltech256/256_ObjectCategories/100.hawksbill-101/100_0020.jpg,99,100.hawksbill-101
data/raw/caltech256/256_ObjectCategories/101.head-phones/101_0077.jpg,100,101.head-phones
data/raw/caltech256/256_ObjectCategories/101.head-phones/101_0113.jpg,100,101.head-phones
data/raw/caltech256/256_ObjectCategories/101.head-phones/101_0057.jpg,100,101.head-phones
data/raw/caltech256/256_ObjectCategories/101.head-phones/101_0008.jpg,100,101.head-phones
data/raw/caltech256/256_ObjectCategories/101.head-phones/101_0102.jpg,100,101.head-phones
data/raw/caltech256/256_ObjectCategories/101.head-phones/101_0109.jpg,100,101.head-phones
data/raw/caltech256/256_ObjectCategories/101.head-phones/101_0048.jpg,100,101.head-phones
data/raw/caltech256/256_ObjectCategories/101.head-phones/101_0044.jpg,100,101.head-phones
data/raw/caltech256/256_ObjectCategories/101.head-phones/101_0128.jpg,100,101.head-phones
data/raw/caltech256/256_ObjectCategories/101.head-phones/101_0115.jpg,100,101.head-phones
data/raw/caltech256/256_ObjectCategories/102.helicopter-101/102_0011.jpg,101,102.helicopter-101
data/raw/caltech256/256_ObjectCategories/102.helicopter-101/102_0028.jpg,101,102.helicopter-101
data/raw/caltech256/256_ObjectCategories/102.helicopter-101/102_0083.jpg,101,102.helicopter-101
data/raw/caltech256/256_ObjectCategories/102.helicopter-101/102_0065.jpg,101,102.helicopter-101
data/raw/caltech256/256_ObjectCategories/102.helicopter-101/102_0057.jpg,101,102.helicopter-101
data/raw/caltech256/256_ObjectCategories/102.helicopter-101/102_0087.jpg,101,102.helicopter-101
data/raw/caltech256/256_ObjectCategories/102.helicopter-101/102_0074.jpg,101,102.helicopter-101
data/raw/caltech256/256_ObjectCategories/103.hibiscus/103_0077.jpg,102,103.hibiscus
data/raw/caltech256/256_ObjectCategories/103.hibiscus/103_0048.jpg,102,103.hibiscus
data/raw/caltech256/256_ObjectCategories/103.hibiscus/103_0020.jpg,102,103.hibiscus
data/raw/caltech256/256_ObjectCategories/103.hibiscus/103_0034.jpg,102,103.hibiscus
data/raw/caltech256/256_ObjectCategories/103.hibiscus/103_0090.jpg,102,103.hibiscus
data/raw/caltech256/256_ObjectCategories/103.hibiscus/103_0109.jpg,102,103.hibiscus
data/raw/caltech256/256_ObjectCategories/103.hibiscus/103_0084.jpg,102,103.hibiscus
data/raw/caltech256/256_ObjectCategories/103.hibiscus/103_0065.jpg,102,103.hibiscus
data/raw/caltech256/256_ObjectCategories/104.homer-simpson/104_0079.jpg,103,104.homer-simpson
data/raw/caltech256/256_ObjectCategories/104.homer-simpson/104_0064.jpg,103,104.homer-simpson
data/raw/caltech256/256_ObjectCategories/104.homer-simpson/104_0001.jpg,103,104.homer-simpson
data/raw/caltech256/256_ObjectCategories/104.homer-simpson/104_0027.jpg,103,104.homer-simpson
data/raw/caltech256/256_ObjectCategories/104.homer-simpson/104_0053.jpg,103,104.homer-simpson
data/raw/caltech256/256_ObjectCategories/104.homer-simpson/104_0033.jpg,103,104.homer-simpson
data/raw/caltech256/256_ObjectCategories/104.homer-simpson/104_0087.jpg,103,104.homer-simpson
data/raw/caltech256/256_ObjectCategories/105.horse/105_0104.jpg,104,105.horse
data/raw/caltech256/256_ObjectCategories/105.horse/105_0198.jpg,104,105.horse
data/raw/caltech256/256_ObjectCategories/105.horse/105_0194.jpg,104,105.horse
data/raw/caltech256/256_ObjectCategories/105.horse/105_0158.jpg,104,105.horse
data/raw/caltech256/256_ObjectCategories/105.horse/105_0002.jpg,104,105.horse
data/raw/caltech256/256_ObjectCategories/105.horse/105_0006.jpg,104,105.horse
data/raw/caltech256/256_ObjectCategories/105.horse/105_0120.jpg,104,105.horse
data/raw/caltech256/256_ObjectCategories/105.horse/105_0131.jpg,104,105.horse
data/raw/caltech256/256_ObjectCategories/105.horse/105_0189.jpg,104,105.horse
data/raw/caltech256/256_ObjectCategories/105.horse/105_0076.jpg,104,105.horse
data/raw/caltech256/256_ObjectCategories/105.horse/105_0031.jpg,104,105.horse
data/raw/caltech256/256_ObjectCategories/105.horse/105_0217.jpg,104,105.horse
data/raw/caltech256/256_ObjectCategories/105.horse/105_0205.jpg,104,105.horse
data/raw/caltech256/256_ObjectCategories/105.horse/105_0191.jpg,104,105.horse
data/raw/caltech256/256_ObjectCategories/105.horse/105_0206.jpg,104,105.horse
data/raw/caltech256/256_ObjectCategories/105.horse/105_0111.jpg,104,105.horse
data/raw/caltech256/256_ObjectCategories/105.horse/105_0024.jpg,104,105.horse
data/raw/caltech256/256_ObjectCategories/105.horse/105_0160.jpg,104,105.horse
data/raw/caltech256/256_ObjectCategories/105.horse/105_0202.jpg,104,105.horse
data/raw/caltech256/256_ObjectCategories/106.horseshoe-crab/106_0010.jpg,105,106.horseshoe-crab
data/raw/caltech256/256_ObjectCategories/106.horseshoe-crab/106_0007.jpg,105,106.horseshoe-crab
data/raw/caltech256/256_ObjectCategories/106.horseshoe-crab/106_0040.jpg,105,106.horseshoe-crab
data/raw/caltech256/256_ObjectCategories/106.horseshoe-crab/106_0019.jpg,105,106.horseshoe-crab
data/raw/caltech256/256_ObjectCategories/106.horseshoe-crab/106_0025.jpg,105,106.horseshoe-crab
data/raw/caltech256/256_ObjectCategories/106.horseshoe-crab/106_0083.jpg,105,106.horseshoe-crab
data/raw/caltech256/256_ObjectCategories/106.horseshoe-crab/106_0021.jpg,105,106.horseshoe-crab
data/raw/caltech256/256_ObjectCategories/107.hot-air-balloon/107_0027.jpg,106,107.hot-air-balloon
data/raw/caltech256/256_ObjectCategories/107.hot-air-balloon/107_0069.jpg,106,107.hot-air-balloon
data/raw/caltech256/256_ObjectCategories/107.hot-air-balloon/107_0063.jpg,106,107.hot-air-balloon
data/raw/caltech256/256_ObjectCategories/107.hot-air-balloon/107_0077.jpg,106,107.hot-air-balloon
data/raw/caltech256/256_ObjectCategories/107.hot-air-balloon/107_0083.jpg,106,107.hot-air-balloon
data/raw/caltech256/256_ObjectCategories/107.hot-air-balloon/107_0088.jpg,106,107.hot-air-balloon
data/raw/caltech256/256_ObjectCategories/107.hot-air-balloon/107_0029.jpg,106,107.hot-air-balloon
data/raw/caltech256/256_ObjectCategories/108.hot-dog/108_0011.jpg,107,108.hot-dog
data/raw/caltech256/256_ObjectCategories/108.hot-dog/108_0052.jpg,107,108.hot-dog
data/raw/caltech256/256_ObjectCategories/108.hot-dog/108_0051.jpg,107,108.hot-dog
data/raw/caltech256/256_ObjectCategories/108.hot-dog/108_0046.jpg,107,108.hot-dog
data/raw/caltech256/256_ObjectCategories/108.hot-dog/108_0063.jpg,107,108.hot-dog
data/raw/caltech256/256_ObjectCategories/108.hot-dog/108_0079.jpg,107,108.hot-dog
data/raw/caltech256/256_ObjectCategories/109.hot-tub/109_0104.jpg,108,109.hot-tub
data/raw/caltech256/256_ObjectCategories/109.hot-tub/109_0085.jpg,108,109.hot-tub
data/raw/caltech256/256_ObjectCategories/109.hot-tub/109_0061.jpg,108,109.hot-tub
data/raw/caltech256/256_ObjectCategories/109.hot-tub/109_0093.jpg,108,109.hot-tub
data/raw/caltech256/256_ObjectCategories/109.hot-tub/109_0137.jpg,108,109.hot-tub
data/raw/caltech256/256_ObjectCategories/109.hot-tub/109_0075.jpg,108,109.hot-tub
data/raw/caltech256/256_ObjectCategories/109.hot-tub/109_0092.jpg,108,109.hot-tub
data/raw/caltech256/256_ObjectCategories/109.hot-tub/109_0089.jpg,108,109.hot-tub
data/raw/caltech256/256_ObjectCategories/109.hot-tub/109_0108.jpg,108,109.hot-tub
data/raw/caltech256/256_ObjectCategories/109.hot-tub/109_0113.jpg,108,109.hot-tub
data/raw/caltech256/256_ObjectCategories/109.hot-tub/109_0106.jpg,108,109.hot-tub
data/raw/caltech256/256_ObjectCategories/110.hourglass/110_0073.jpg,109,110.hourglass
data/raw/caltech256/256_ObjectCategories/110.hourglass/110_0063.jpg,109,110.hourglass
data/raw/caltech256/256_ObjectCategories/110.hourglass/110_0046.jpg,109,110.hourglass
data/raw/caltech256/256_ObjectCategories/110.hourglass/110_0010.jpg,109,110.hourglass
data/raw/caltech256/256_ObjectCategories/110.hourglass/110_0024.jpg,109,110.hourglass
data/raw/caltech256/256_ObjectCategories/110.hourglass/110_0023.jpg,109,110.hourglass
data/raw/caltech256/256_ObjectCategories/111.house-fly/111_0050.jpg,110,111.house-fly
data/raw/caltech256/256_ObjectCategories/111.house-fly/111_0033.jpg,110,111.house-fly
data/raw/caltech256/256_ObjectCategories/111.house-fly/111_0019.jpg,110,111.house-fly
data/raw/caltech256/256_ObjectCategories/111.house-fly/111_0029.jpg,110,111.house-fly
data/raw/caltech256/256_ObjectCategories/111.house-fly/111_0009.jpg,110,111.house-fly
data/raw/caltech256/256_ObjectCategories/111.house-fly/111_0083.jpg,110,111.house-fly
data/raw/caltech256/256_ObjectCategories/112.human-skeleton/112_0072.jpg,111,112.human-skeleton
data/raw/caltech256/256_ObjectCategories/112.human-skeleton/112_0059.jpg,111,112.human-skeleton
data/raw/caltech256/256_ObjectCategories/112.human-skeleton/112_0027.jpg,111,112.human-skeleton
data/raw/caltech256/256_ObjectCategories/112.human-skeleton/112_0026.jpg,111,112.human-skeleton
data/raw/caltech256/256_ObjectCategories/112.human-skeleton/112_0048.jpg,111,112.human-skeleton
data/raw/caltech256/256_ObjectCategories/112.human-skeleton/112_0016.jpg,111,112.human-skeleton
data/raw/caltech256/256_ObjectCategories/113.hummingbird/113_0004.jpg,112,113.hummingbird
data/raw/caltech256/256_ObjectCategories/113.hummingbird/113_0093.jpg,112,113.hummingbird
data/raw/caltech256/256_ObjectCategories/113.hummingbird/113_0036.jpg,112,113.hummingbird
data/raw/caltech256/256_ObjectCategories/113.hummingbird/113_0008.jpg,112,113.hummingbird
data/raw/caltech256/256_ObjectCategories/113.hummingbird/113_0066.jpg,112,113.hummingbird
data/raw/caltech256/256_ObjectCategories/113.hummingbird/113_0048.jpg,112,113.hummingbird
data/raw/caltech256/256_ObjectCategories/113.hummingbird/113_0081.jpg,112,113.hummingbird
data/raw/caltech256/256_ObjectCategories/113.hummingbird/113_0112.jpg,112,113.hummingbird
data/raw/caltech256/256_ObjectCategories/113.hummingbird/113_0101.jpg,112,113.hummingbird
data/raw/caltech256/256_ObjectCategories/114.ibis-101/114_0107.jpg,113,114.ibis-101
data/raw/caltech256/256_ObjectCategories/114.ibis-101/114_0079.jpg,113,114.ibis-101
data/raw/caltech256/256_ObjectCategories/114.ibis-101/114_0065.jpg,113,114.ibis-101
data/raw/caltech256/256_ObjectCategories/114.ibis-101/114_0027.jpg,113,114.ibis-101
data/raw/caltech256/256_ObjectCategories/114.ibis-101/114_0002.jpg,113,114.ibis-101
data/raw/caltech256/256_ObjectCategories/114.ibis-101/114_0038.jpg,113,114.ibis-101
data/raw/caltech256/256_ObjectCategories/114.ibis-101/114_0067.jpg,113,114.ibis-101
data/raw/caltech256/256_ObjectCategories/114.ibis-101/114_0042.jpg,113,114.ibis-101
data/raw/caltech256/256_ObjectCategories/114.ibis-101/114_0036.jpg,113,114.ibis-101
data/raw/caltech256/256_ObjectCategories/115.ice-cream-cone/115_0083.jpg,114,115.ice-cream-cone
data/raw/caltech256/256_ObjectCategories/115.ice-cream-cone/115_0005.jpg,114,115.ice-cream-cone
data/raw/caltech256/256_ObjectCategories/115.ice-cream-cone/115_0003.jpg,114,115.ice-cream-cone
data/raw/caltech256/256_ObjectCategories/115.ice-cream-cone/115_0072.jpg,114,115.ice-cream-cone
data/raw/caltech256/256_ObjectCategories/115.ice-cream-cone/115_0081.jpg,114,115.ice-cream-cone
data/raw/caltech256/256_ObjectCategories/115.ice-cream-cone/115_0010.jpg,114,115.ice-cream-cone
data/raw/caltech256/256_ObjectCategories/115.ice-cream-cone/115_0013.jpg,114,115.ice-cream-cone
data/raw/caltech256/256_ObjectCategories/116.iguana/116_0002.jpg,115,116.iguana
data/raw/caltech256/256_ObjectCategories/116.iguana/116_0099.jpg,115,116.iguana
data/raw/caltech256/256_ObjectCategories/116.iguana/116_0104.jpg,115,116.iguana
data/raw/caltech256/256_ObjectCategories/116.iguana/116_0045.jpg,115,116.iguana
data/raw/caltech256/256_ObjectCategories/116.iguana/116_0073.jpg,115,116.iguana
data/raw/caltech256/256_ObjectCategories/116.iguana/116_0096.jpg,115,116.iguana
data/raw/caltech256/256_ObjectCategories/116.iguana/116_0090.jpg,115,116.iguana
data/raw/caltech256/256_ObjectCategories/116.iguana/116_0080.jpg,115,116.iguana
data/raw/caltech256/256_ObjectCategories/117.ipod/117_0025.jpg,116,117.ipod
data/raw/caltech256/256_ObjectCategories/117.ipod/117_0024.jpg,116,117.ipod
data/raw/caltech256/256_ObjectCategories/117.ipod/117_0008.jpg,116,117.ipod
data/raw/caltech256/256_ObjectCategories/117.ipod/117_0103.jpg,116,117.ipod
data/raw/caltech256/256_ObjectCategories/117.ipod/117_0074.jpg,116,117.ipod
data/raw/caltech256/256_ObjectCategories/117.ipod/117_0104.jpg,116,117.ipod
data/raw/caltech256/256_ObjectCategories/117.ipod/117_0011.jpg,116,117.ipod
data/raw/caltech256/256_ObjectCategories/117.ipod/117_0084.jpg,116,117.ipod
data/raw/caltech256/256_ObjectCategories/117.ipod/117_0014.jpg,116,117.ipod
data/raw/caltech256/256_ObjectCategories/118.iris/118_0013.jpg,117,118.iris
data/raw/caltech256/256_ObjectCategories/118.iris/118_0010.jpg,117,118.iris
data/raw/caltech256/256_ObjectCategories/118.iris/118_0007.jpg,117,118.iris
data/raw/caltech256/256_ObjectCategories/118.iris/118_0028.jpg,117,118.iris
data/raw/caltech256/256_ObjectCategories/118.iris/118_0056.jpg,117,118.iris
data/raw/caltech256/256_ObjectCategories/118.iris/118_0078.jpg,117,118.iris
data/raw/caltech256/256_ObjectCategories/118.iris/118_0034.jpg,117,118.iris
data/raw/caltech256/256_ObjectCategories/118.iris/118_0040.jpg,117,118.iris
data/raw/caltech256/256_ObjectCategories/119.jesus-christ/119_0058.jpg,118,119.jesus-christ
data/raw/caltech256/256_ObjectCategories/119.jesus-christ/119_0030.jpg,118,119.jesus-christ
data/raw/caltech256/256_ObjectCategories/119.jesus-christ/119_0053.jpg,118,119.jesus-christ
data/raw/caltech256/256_ObjectCategories/119.jesus-christ/119_0067.jpg,118,119.jesus-christ
data/raw/caltech256/256_ObjectCategories/119.jesus-christ/119_0075.jpg,118,119.jesus-christ
data/raw/caltech256/256_ObjectCategories/119.jesus-christ/119_0033.jpg,118,119.jesus-christ
data/raw/caltech256/256_ObjectCategories/119.jesus-christ/119_0007.jpg,118,119.jesus-christ
data/raw/caltech256/256_ObjectCategories/120.joy-stick/120_0061.jpg,119,120.joy-stick
data/raw/caltech256/256_ObjectCategories/120.joy-stick/120_0091.jpg,119,120.joy-stick
data/raw/caltech256/256_ObjectCategories/120.joy-stick/120_0126.jpg,119,120.joy-stick
data/raw/caltech256/256_ObjectCategories/120.joy-stick/120_0067.jpg,119,120.joy-stick
data/raw/caltech256/256_ObjectCategories/120.joy-stick/120_0053.jpg,119,120.joy-stick
data/raw/caltech256/256_ObjectCategories/120.joy-stick/120_0123.jpg,119,120.joy-stick
data/raw/caltech256/256_ObjectCategories/120.joy-stick/120_0013.jpg,119,120.joy-stick
data/raw/caltech256/256_ObjectCategories/120.joy-stick/120_0012.jpg,119,120.joy-stick
data/raw/caltech256/256_ObjectCategories/120.joy-stick/120_0014.jpg,119,120.joy-stick
data/raw/caltech256/256_ObjectCategories/120.joy-stick/120_0089.jpg,119,120.joy-stick
data/raw/caltech256/256_ObjectCategories/121.kangaroo-101/121_0045.jpg,120,121.kangaroo-101
data/raw/caltech256/256_ObjectCategories/121.kangaroo-101/121_0011.jpg,120,121.kangaroo-101
data/raw/caltech256/256_ObjectCategories/121.kangaroo-101/121_0060.jpg,120,121.kangaroo-101
data/raw/caltech256/256_ObjectCategories/121.kangaroo-101/121_0073.jpg,120,121.kangaroo-101
data/raw/caltech256/256_ObjectCategories/121.kangaroo-101/121_0062.jpg,120,121.kangaroo-101
data/raw/caltech256/256_ObjectCategories/121.kangaroo-101/121_0065.jpg,120,121.kangaroo-101
data/raw/caltech256/256_ObjectCategories/122.kayak/122_0047.jpg,121,122.kayak
data/raw/caltech256/256_ObjectCategories/122.kayak/122_0101.jpg,121,122.kayak
data/raw/caltech256/256_ObjectCategories/122.kayak/122_0077.jpg,121,122.kayak
data/raw/caltech256/256_ObjectCategories/122.kayak/122_0051.jpg,121,122.kayak
data/raw/caltech256/256_ObjectCategories/122.kayak/122_0088.jpg,121,122.kayak
data/raw/caltech256/256_ObjectCategories/122.kayak/122_0010.jpg,121,122.kayak
data/raw/caltech256/256_ObjectCategories/122.kayak/122_0048.jpg,121,122.kayak
data/raw/caltech256/256_ObjectCategories/122.kayak/122_0046.jpg,121,122.kayak
data/raw/caltech256/256_ObjectCategories/123.ketch-101/123_0106.jpg,122,123.ketch-101
data/raw/caltech256/256_ObjectCategories/123.ketch-101/123_0089.jpg,122,123.ketch-101
data/raw/caltech256/256_ObjectCategories/123.ketch-101/123_0071.jpg,122,123.ketch-101
data/raw/caltech256/256_ObjectCategories/123.ketch-101/123_0052.jpg,122,123.ketch-101
data/raw/caltech256/256_ObjectCategories/123.ketch-101/123_0085.jpg,122,123.ketch-101
data/raw/caltech256/256_ObjectCategories/123.ketch-101/123_0079.jpg,122,123.ketch-101
data/raw/caltech256/256_ObjectCategories/123.ketch-101/123_0013.jpg,122,123.ketch-101
data/raw/caltech256/256_ObjectCategories/123.ketch-101/123_0012.jpg,122,123.ketch-101
data/raw/caltech256/256_ObjectCategories/124.killer-whale/124_0008.jpg,123,124.killer-whale
data/raw/caltech256/256_ObjectCategories/124.killer-whale/124_0047.jpg,123,124.killer-whale
data/raw/caltech256/256_ObjectCategories/124.killer-whale/124_0036.jpg,123,124.killer-whale
data/raw/caltech256/256_ObjectCategories/124.killer-whale/124_0027.jpg,123,124.killer-whale
data/raw/caltech256/256_ObjectCategories/124.killer-whale/124_0087.jpg,123,124.killer-whale
data/raw/caltech256/256_ObjectCategories/124.killer-whale/124_0050.jpg,123,124.killer-whale
data/raw/caltech256/256_ObjectCategories/124.killer-whale/124_0051.jpg,123,124.killer-whale
data/raw/caltech256/256_ObjectCategories/125.knife/125_0015.jpg,124,125.knife
data/raw/caltech256/256_ObjectCategories/125.knife/125_0031.jpg,124,125.knife
data/raw/caltech256/256_ObjectCategories/125.knife/125_0018.jpg,124,125.knife
data/raw/caltech256/256_ObjectCategories/125.knife/125_0091.jpg,124,125.knife
data/raw/caltech256/256_ObjectCategories/125.knife/125_0021.jpg,124,125.knife
data/raw/caltech256/256_ObjectCategories/125.knife/125_0100.jpg,124,125.knife
data/raw/caltech256/256_ObjectCategories/125.knife/125_0057.jpg,124,125.knife
data/raw/caltech256/256_ObjectCategories/125.knife/125_0055.jpg,124,125.knife
data/raw/caltech256/256_ObjectCategories/126.ladder/126_0080.jpg,125,126.ladder
data/raw/caltech256/256_ObjectCategories/126.ladder/126_0118.jpg,125,126.ladder
data/raw/caltech256/256_ObjectCategories/126.ladder/126_0236.jpg,125,126.ladder
data/raw/caltech256/256_ObjectCategories/126.ladder/126_0065.jpg,125,126.ladder
data/raw/caltech256/256_ObjectCategories/126.ladder/126_0008.jpg,125,126.ladder
data/raw/caltech256/256_ObjectCategories/126.ladder/126_0117.jpg,125,126.ladder
data/raw/caltech256/256_ObjectCategories/126.ladder/126_0191.jpg,125,126.ladder
data/raw/caltech256/256_ObjectCategories/126.ladder/126_0200.jpg,125,126.ladder
data/raw/caltech256/256_ObjectCategories/126.ladder/126_0179.jpg,125,126.ladder
data/raw/caltech256/256_ObjectCategories/126.ladder/126_0003.jpg,125,126.ladder
data/raw/caltech256/256_ObjectCategories/126.ladder/126_0103.jpg,125,126.ladder
data/raw/caltech256/256_ObjectCategories/126.ladder/126_0032.jpg,125,126.ladder
data/raw/caltech256/256_ObjectCategories/126.ladder/126_0222.jpg,125,126.ladder
data/raw/caltech256/256_ObjectCategories/126.ladder/126_0181.jpg,125,126.ladder
data/raw/caltech256/256_ObjectCategories/126.ladder/126_0110.jpg,125,126.ladder
data/raw/caltech256/256_ObjectCategories/126.ladder/126_0161.jpg,125,126.ladder
data/raw/caltech256/256_ObjectCategories/126.ladder/126_0078.jpg,125,126.ladder
data/raw/caltech256/256_ObjectCategories/127.laptop-101/127_0040.jpg,126,127.laptop-101
data/raw/caltech256/256_ObjectCategories/127.laptop-101/127_0104.jpg,126,127.laptop-101
data/raw/caltech256/256_ObjectCategories/127.laptop-101/127_0029.jpg,126,127.laptop-101
data/raw/caltech256/256_ObjectCategories/127.laptop-101/127_0088.jpg,126,127.laptop-101
data/raw/caltech256/256_ObjectCategories/127.laptop-101/127_0058.jpg,126,127.laptop-101
data/raw/caltech256/256_ObjectCategories/127.laptop-101/127_0061.jpg,126,127.laptop-101
data/raw/caltech256/256_ObjectCategories/127.laptop-101/127_0034.jpg,126,127.laptop-101
data/raw/caltech256/256_ObjectCategories/127.laptop-101/127_0035.jpg,126,127.laptop-101
data/raw/caltech256/256_ObjectCategories/127.laptop-101/127_0100.jpg,126,127.laptop-101
data/raw/caltech256/256_ObjectCategories/128.lathe/128_0051.jpg,127,128.lathe
data/raw/caltech256/256_ObjectCategories/128.lathe/128_0094.jpg,127,128.lathe
data/raw/caltech256/256_ObjectCategories/128.lathe/128_0066.jpg,127,128.lathe
data/raw/caltech256/256_ObjectCategories/128.lathe/128_0101.jpg,127,128.lathe
data/raw/caltech256/256_ObjectCategories/128.lathe/128_0076.jpg,127,128.lathe
data/raw/caltech256/256_ObjectCategories/128.lathe/128_0013.jpg,127,128.lathe
data/raw/caltech256/256_ObjectCategories/128.lathe/128_0078.jpg,127,128.lathe
data/raw/caltech256/256_ObjectCategories/128.lathe/128_0034.jpg,127,128.lathe
data/raw/caltech256/256_ObjectCategories/129.leopards-101/129_0108.jpg,128,129.leopards-101
data/raw/caltech256/256_ObjectCategories/129.leopards-101/129_0133.jpg,128,129.leopards-101
data/raw/caltech256/256_ObjectCategories/129.leopards-101/129_0037.jpg,128,129.leopards-101
data/raw/caltech256/256_ObjectCategories/129.leopards-101/129_0005.jpg,128,129.leopards-101
data/raw/caltech256/256_ObjectCategories/129.leopards-101/129_0077.jpg,128,129.leopards-101
data/raw/caltech256/256_ObjectCategories/129.leopards-101/129_0039.jpg,128,129.leopards-101
data/raw/caltech256/256_ObjectCategories/129.leopards-101/129_0112.jpg,128,129.leopards-101
data/raw/caltech256/256_ObjectCategories/129.leopards-101/129_0168.jpg,128,129.leopards-101
data/raw/caltech256/256_ObjectCategories/129.leopards-101/129_0124.jpg,128,129.leopards-101
data/raw/caltech256/256_ObjectCategories/129.leopards-101/129_0134.jpg,128,129.leopards-101
data/raw/caltech256/256_ObjectCategories/129.leopards-101/129_0059.jpg,128,129.leopards-101
data/raw/caltech256/256_ObjectCategories/129.leopards-101/129_0063.jpg,128,129.leopards-101
data/raw/caltech256/256_ObjectCategories/129.leopards-101/129_0010.jpg,128,129.leopards-101
data/raw/caltech256/256_ObjectCategories/129.leopards-101/129_0002.jpg,128,129.leopards-101
data/raw/caltech256/256_ObjectCategories/130.license-plate/130_0056.jpg,129,130.license-plate
data/raw/caltech256/256_ObjectCategories/130.license-plate/130_0023.jpg,129,130.license-plate
data/raw/caltech256/256_ObjectCategories/130.license-plate/130_0086.jpg,129,130.license-plate
data/raw/caltech256/256_ObjectCategories/130.license-plate/130_0027.jpg,129,130.license-plate
data/raw/caltech256/256_ObjectCategories/130.license-plate/130_0081.jpg,129,130.license-plate
data/raw/caltech256/256_ObjectCategories/130.license-plate/130_0050.jpg,129,130.license-plate
data/raw/caltech256/256_ObjectCategories/130.license-plate/130_0074.jpg,129,130.license-plate
data/raw/caltech256/256_ObjectCategories/131.lightbulb/131_0068.jpg,130,131.lightbulb
data/raw/caltech256/256_ObjectCategories/131.lightbulb/131_0080.jpg,130,131.lightbulb
data/raw/caltech256/256_ObjectCategories/131.lightbulb/131_0060.jpg,130,131.lightbulb
data/raw/caltech256/256_ObjectCategories/131.lightbulb/131_0073.jpg,130,131.lightbulb
data/raw/caltech256/256_ObjectCategories/131.lightbulb/131_0023.jpg,130,131.lightbulb
data/raw/caltech256/256_ObjectCategories/131.lightbulb/131_0086.jpg,130,131.lightbulb
data/raw/caltech256/256_ObjectCategories/131.lightbulb/131_0029.jpg,130,131.lightbulb
data/raw/caltech256/256_ObjectCategories/132.light-house/132_0023.jpg,131,132.light-house
data/raw/caltech256/256_ObjectCategories/132.light-house/132_0076.jpg,131,132.light-house
data/raw/caltech256/256_ObjectCategories/132.light-house/132_0032.jpg,131,132.light-house
data/raw/caltech256/256_ObjectCategories/132.light-house/132_0155.jpg,131,132.light-house
data/raw/caltech256/256_ObjectCategories/132.light-house/132_0152.jpg,131,132.light-house
data/raw/caltech256/256_ObjectCategories/132.light-house/132_0189.jpg,131,132.light-house
data/raw/caltech256/256_ObjectCategories/132.light-house/132_0034.jpg,131,132.light-house
data/raw/caltech256/256_ObjectCategories/132.light-house/132_0187.jpg,131,132.light-house
data/raw/caltech256/256_ObjectCategories/132.light-house/132_0124.jpg,131,132.light-house
data/raw/caltech256/256_ObjectCategories/132.light-house/132_0098.jpg,131,132.light-house
data/raw/caltech256/256_ObjectCategories/132.light-house/132_0007.jpg,131,132.light-house
data/raw/caltech256/256_ObjectCategories/132.light-house/132_0054.jpg,131,132.light-house
data/raw/caltech256/256_ObjectCategories/132.light-house/132_0035.jpg,131,132.light-house
data/raw/caltech256/256_ObjectCategories/132.light-house/132_0041.jpg,131,132.light-house
data/raw/caltech256/256_ObjectCategories/133.lightning/133_0087.jpg,132,133.lightning
data/raw/caltech256/256_ObjectCategories/133.lightning/133_0128.jpg,132,133.lightning
data/raw/caltech256/256_ObjectCategories/133.lightning/133_0100.jpg,132,133.lightning
data/raw/caltech256/256_ObjectCategories/133.lightning/133_0039.jpg,132,133.lightning
data/raw/caltech256/256_ObjectCategories/133.lightning/133_0068.jpg,132,133.lightning
data/raw/caltech256/256_ObjectCategories/133.lightning/133_0023.jpg,132,133.lightning
data/raw/caltech256/256_ObjectCategories/133.lightning/133_0065.jpg,132,133.lightning
data/raw/caltech256/256_ObjectCategories/133.lightning/133_0034.jpg,132,133.lightning
data/raw/caltech256/256_ObjectCategories/133.lightning/133_0050.jpg,132,133.lightning
data/raw/caltech256/256_ObjectCategories/133.lightning/133_0125.jpg,132,133.lightning
data/raw/caltech256/256_ObjectCategories/134.llama-101/134_0042.jpg,133,134.llama-101
data/raw/caltech256/256_ObjectCategories/134.llama-101/134_0024.jpg,133,134.llama-101
data/raw/caltech256/256_ObjectCategories/134.llama-101/134_0078.jpg,133,134.llama-101
data/raw/caltech256/256_ObjectCategories/134.llama-101/134_0055.jpg,133,134.llama-101
data/raw/caltech256/256_ObjectCategories/134.llama-101/134_0091.jpg,133,134.llama-101
data/raw/caltech256/256_ObjectCategories/134.llama-101/134_0026.jpg,133,134.llama-101
data/raw/caltech256/256_ObjectCategories/134.llama-101/134_0004.jpg,133,134.llama-101
data/raw/caltech256/256_ObjectCategories/134.llama-101/134_0069.jpg,133,134.llama-101
data/raw/caltech256/256_ObjectCategories/134.llama-101/134_0064.jpg,133,134.llama-101
data/raw/caltech256/256_ObjectCategories/135.mailbox/135_0088.jpg,134,135.mailbox
data/raw/caltech256/256_ObjectCategories/135.mailbox/135_0058.jpg,134,135.mailbox
data/raw/caltech256/256_ObjectCategories/135.mailbox/135_0023.jpg,134,135.mailbox
data/raw/caltech256/256_ObjectCategories/135.mailbox/135_0011.jpg,134,135.mailbox
data/raw/caltech256/256_ObjectCategories/135.mailbox/135_0017.jpg,134,135.mailbox
data/raw/caltech256/256_ObjectCategories/135.mailbox/135_0038.jpg,134,135.mailbox
data/raw/caltech256/256_ObjectCategories/135.mailbox/135_0053.jpg,134,135.mailbox
data/raw/caltech256/256_ObjectCategories/136.mandolin/136_0033.jpg,135,136.mandolin
data/raw/caltech256/256_ObjectCategories/136.mandolin/136_0036.jpg,135,136.mandolin
data/raw/caltech256/256_ObjectCategories/136.mandolin/136_0034.jpg,135,136.mandolin
data/raw/caltech256/256_ObjectCategories/136.mandolin/136_0019.jpg,135,136.mandolin
data/raw/caltech256/256_ObjectCategories/136.mandolin/136_0069.jpg,135,136.mandolin
data/raw/caltech256/256_ObjectCategories/136.mandolin/136_0093.jpg,135,136.mandolin
data/raw/caltech256/256_ObjectCategories/136.mandolin/136_0021.jpg,135,136.mandolin
data/raw/caltech256/256_ObjectCategories/137.mars/137_0120.jpg,136,137.mars
data/raw/caltech256/256_ObjectCategories/137.mars/137_0117.jpg,136,137.mars
data/raw/caltech256/256_ObjectCategories/137.mars/137_0145.jpg,136,137.mars
data/raw/caltech256/256_ObjectCategories/137.mars/137_0025.jpg,136,137.mars
data/raw/caltech256/256_ObjectCategories/137.mars/137_0132.jpg,136,137.mars
data/raw/caltech256/256_ObjectCategories/137.mars/137_0133.jpg,136,137.mars
data/raw/caltech256/256_ObjectCategories/137.mars/137_0011.jpg,136,137.mars
data/raw/caltech256/256_ObjectCategories/137.mars/137_0080.jpg,136,137.mars
data/raw/caltech256/256_ObjectCategories/137.mars/137_0119.jpg,136,137.mars
data/raw/caltech256/256_ObjectCategories/137.mars/137_0095.jpg,136,137.mars
data/raw/caltech256/256_ObjectCategories/137.mars/137_0068.jpg,136,137.mars
data/raw/caltech256/256_ObjectCategories/138.mattress/138_0154.jpg,137,138.mattress
data/raw/caltech256/256_ObjectCategories/138.mattress/138_0031.jpg,137,138.mattress
data/raw/caltech256/256_ObjectCategories/138.mattress/138_0117.jpg,137,138.mattress
data/raw/caltech256/256_ObjectCategories/138.mattress/138_0038.jpg,137,138.mattress
data/raw/caltech256/256_ObjectCategories/138.mattress/138_0060.jpg,137,138.mattress
data/raw/caltech256/256_ObjectCategories/138.mattress/138_0086.jpg,137,138.mattress
data/raw/caltech256/256_ObjectCategories/138.mattress/138_0052.jpg,137,138.mattress
data/raw/caltech256/256_ObjectCategories/138.mattress/138_0015.jpg,137,138.mattress
data/raw/caltech256/256_ObjectCategories/138.mattress/138_0149.jpg,137,138.mattress
data/raw/caltech256/256_ObjectCategories/138.mattress/138_0190.jpg,137,138.mattress
data/raw/caltech256/256_ObjectCategories/138.mattress/138_0081.jpg,137,138.mattress
data/raw/caltech256/256_ObjectCategories/138.mattress/138_0106.jpg,137,138.mattress
data/raw/caltech256/256_ObjectCategories/138.mattress/138_0018.jpg,137,138.mattress
data/raw/caltech256/256_ObjectCategories/138.mattress/138_0087.jpg,137,138.mattress
data/raw/caltech256/256_ObjectCategories/139.megaphone/139_0044.jpg,138,139.megaphone
data/raw/caltech256/256_ObjectCategories/139.megaphone/139_0070.jpg,138,139.megaphone
data/raw/caltech256/256_ObjectCategories/139.megaphone/139_0066.jpg,138,139.megaphone
data/raw/caltech256/256_ObjectCategories/139.megaphone/139_0034.jpg,138,139.megaphone
data/raw/caltech256/256_ObjectCategories/139.megaphone/139_0029.jpg,138,139.megaphone
data/raw/caltech256/256_ObjectCategories/139.megaphone/139_0046.jpg,138,139.megaphone
data/raw/caltech256/256_ObjectCategories/140.menorah-101/140_0041.jpg,139,140.menorah-101
data/raw/caltech256/256_ObjectCategories/140.menorah-101/140_0076.jpg,139,140.menorah-101
data/raw/caltech256/256_ObjectCategories/140.menorah-101/140_0089.jpg,139,140.menorah-101
data/raw/caltech256/256_ObjectCategories/140.menorah-101/140_0073.jpg,139,140.menorah-101
data/raw/caltech256/256_ObjectCategories/140.menorah-101/140_0064.jpg,139,140.menorah-101
data/raw/caltech256/256_ObjectCategories/140.menorah-101/140_0042.jpg,139,140.menorah-101
data/raw/caltech256/256_ObjectCategories/140.menorah-101/140_0033.jpg,139,140.menorah-101
data/raw/caltech256/256_ObjectCategories/141.microscope/141_0065.jpg,140,141.microscope
data/raw/caltech256/256_ObjectCategories/141.microscope/141_0043.jpg,140,141.microscope
data/raw/caltech256/256_ObjectCategories/141.microscope/141_0012.jpg,140,141.microscope
data/raw/caltech256/256_ObjectCategories/141.microscope/141_0016.jpg,140,141.microscope
data/raw/caltech256/256_ObjectCategories/141.microscope/141_0059.jpg,140,141.microscope
data/raw/caltech256/256_ObjectCategories/141.microscope/141_0071.jpg,140,141.microscope
data/raw/caltech256/256_ObjectCategories/141.microscope/141_0088.jpg,140,141.microscope
data/raw/caltech256/256_ObjectCategories/141.microscope/141_0076.jpg,140,141.microscope
data/raw/caltech256/256_ObjectCategories/141.microscope/141_0069.jpg,140,141.microscope
data/raw/caltech256/256_ObjectCategories/142.microwave/142_0009.jpg,141,142.microwave
data/raw/caltech256/256_ObjectCategories/142.microwave/142_0076.jpg,141,142.microwave
data/raw/caltech256/256_ObjectCategories/142.microwave/142_0069.jpg,141,142.microwave
data/raw/caltech256/256_ObjectCategories/142.microwave/142_0040.jpg,141,142.microwave
data/raw/caltech256/256_ObjectCategories/142.microwave/142_0090.jpg,141,142.microwave
data/raw/caltech256/256_ObjectCategories/142.microwave/142_0030.jpg,141,142.microwave
data/raw/caltech256/256_ObjectCategories/142.microwave/142_0020.jpg,141,142.microwave
data/raw/caltech256/256_ObjectCategories/142.microwave/142_0038.jpg,141,142.microwave
data/raw/caltech256/256_ObjectCategories/143.minaret/143_0086.jpg,142,143.minaret
data/raw/caltech256/256_ObjectCategories/143.minaret/143_0071.jpg,142,143.minaret
data/raw/caltech256/256_ObjectCategories/143.minaret/143_0107.jpg,142,143.minaret
data/raw/caltech256/256_ObjectCategories/143.minaret/143_0042.jpg,142,143.minaret
data/raw/caltech256/256_ObjectCategories/143.minaret/143_0062.jpg,142,143.minaret
data/raw/caltech256/256_ObjectCategories/143.minaret/143_0113.jpg,142,143.minaret
data/raw/caltech256/256_ObjectCategories/143.minaret/143_0061.jpg,142,143.minaret
data/raw/caltech256/256_ObjectCategories/143.minaret/143_0125.jpg,142,143.minaret
data/raw/caltech256/256_ObjectCategories/143.minaret/143_0115.jpg,142,143.minaret
data/raw/caltech256/256_ObjectCategories/143.minaret/143_0063.jpg,142,143.minaret
data/raw/caltech256/256_ObjectCategories/144.minotaur/144_0061.jpg,143,144.minotaur
data/raw/caltech256/256_ObjectCategories/144.minotaur/144_0031.jpg,143,144.minotaur
data/raw/caltech256/256_ObjectCategories/144.minotaur/144_0053.jpg,143,144.minotaur
data/raw/caltech256/256_ObjectCategories/144.minotaur/144_0004.jpg,143,144.minotaur
data/raw/caltech256/256_ObjectCategories/144.minotaur/144_0025.jpg,143,144.minotaur
data/raw/caltech256/256_ObjectCategories/144.minotaur/144_0058.jpg,143,144.minotaur
data/raw/caltech256/256_ObjectCategories/145.motorbikes-101/145_0236.jpg,144,145.motorbikes-101
data/raw/caltech256/256_ObjectCategories/145.motorbikes-101/145_0528.jpg,144,145.motorbikes-101
data/raw/caltech256/256_ObjectCategories/145.motorbikes-101/145_0547.jpg,144,145.motorbikes-101
data/raw/caltech256/256_ObjectCategories/145.motorbikes-101/145_0291.jpg,144,145.motorbikes-101
data/raw/caltech256/256_ObjectCategories/145.motorbikes-101/145_0452.jpg,144,145.motorbikes-101
data/raw/caltech256/256_ObjectCategories/145.motorbikes-101/145_0402.jpg,144,145.motorbikes-101
data/raw/caltech256/256_ObjectCategories/145.motorbikes-101/145_0796.jpg,144,145.motorbikes-101
data/raw/caltech256/256_ObjectCategories/145.motorbikes-101/145_0654.jpg,144,145.motorbikes-101
data/raw/caltech256/256_ObjectCategories/145.motorbikes-101/145_0341.jpg,144,145.motorbikes-101
data/raw/caltech256/256_ObjectCategories/145.motorbikes-101/145_0660.jpg,144,145.motorbikes-101
data/raw/caltech256/256_ObjectCategories/145.motorbikes-101/145_0017.jpg,144,145.motorbikes-101
data/raw/caltech256/256_ObjectCategories/145.motorbikes-101/145_0613.jpg,144,145.motorbikes-101
data/raw/caltech256/256_ObjectCategories/145.motorbikes-101/145_0225.jpg,144,145.motorbikes-101
data/raw/caltech256/256_ObjectCategories/145.motorbikes-101/145_0725.jpg,144,145.motorbikes-101
data/raw/caltech256/256_ObjectCategories/145.motorbikes-101/145_0151.jpg,144,145.motorbikes-101
data/raw/caltech256/256_ObjectCategories/145.motorbikes-101/145_0518.jpg,144,145.motorbikes-101
data/raw/caltech256/256_ObjectCategories/145.motorbikes-101/145_0520.jpg,144,145.motorbikes-101
data/raw/caltech256/256_ObjectCategories/145.motorbikes-101/145_0684.jpg,144,145.motorbikes-101
data/raw/caltech256/256_ObjectCategories/145.motorbikes-101/145_0233.jpg,144,145.motorbikes-101
data/raw/caltech256/256_ObjectCategories/145.motorbikes-101/145_0551.jpg,144,145.motorbikes-101
data/raw/caltech256/256_ObjectCategories/145.motorbikes-101/145_0524.jpg,144,145.motorbikes-101
data/raw/caltech256/256_ObjectCategories/145.motorbikes-101/145_0364.jpg,144,145.motorbikes-101
data/raw/caltech256/256_ObjectCategories/145.motorbikes-101/145_0731.jpg,144,145.motorbikes-101
data/raw/caltech256/256_ObjectCategories/145.motorbikes-101/145_0727.jpg,144,145.motorbikes-101
data/raw/caltech256/256_ObjectCategories/145.motorbikes-101/145_0181.jpg,144,145.motorbikes-101
data/raw/caltech256/256_ObjectCategories/145.motorbikes-101/145_0013.jpg,144,145.motorbikes-101
data/raw/caltech256/256_ObjectCategories/145.motorbikes-101/145_0102.jpg,144,145.motorbikes-101
data/raw/caltech256/256_ObjectCategories/145.motorbikes-101/145_0308.jpg,144,145.motorbikes-101
data/raw/caltech256/256_ObjectCategories/145.motorbikes-101/145_0583.jpg,144,145.motorbikes-101
data/raw/caltech256/256_ObjectCategories/145.motorbikes-101/145_0066.jpg,144,145.motorbikes-101
data/raw/caltech256/256_ObjectCategories/145.motorbikes-101/145_0348.jpg,144,145.motorbikes-101
data/raw/caltech256/256_ObjectCategories/145.motorbikes-101/145_0008.jpg,144,145.motorbikes-101
data/raw/caltech256/256_ObjectCategories/145.motorbikes-101/145_0258.jpg,144,145.motorbikes-101
data/raw/caltech256/256_ObjectCategories/145.motorbikes-101/145_0510.jpg,144,145.motorbikes-101
data/raw/caltech256/256_ObjectCategories/145.motorbikes-101/145_0715.jpg,144,145.motorbikes-101
data/raw/caltech256/256_ObjectCategories/145.motorbikes-101/145_0029.jpg,144,145.motorbikes-101
data/raw/caltech256/256_ObjectCategories/145.motorbikes-101/145_0651.jpg,144,145.motorbikes-101
data/raw/caltech256/256_ObjectCategories/145.motorbikes-101/145_0003.jpg,144,145.motorbikes-101
data/raw/caltech256/256_ObjectCategories/145.motorbikes-101/145_0114.jpg,144,145.motorbikes-101
data/raw/caltech256/256_ObjectCategories/145.motorbikes-101/145_0696.jpg,144,145.motorbikes-101
data/raw/caltech256/256_ObjectCategories/145.motorbikes-101/145_0430.jpg,144,145.motorbikes-101
data/raw/caltech256/256_ObjectCategories/145.motorbikes-101/145_0694.jpg,144,145.motorbikes-101
data/raw/caltech256/256_ObjectCategories/145.motorbikes-101/145_0252.jpg,144,145.motorbikes-101
data/raw/caltech256/256_ObjectCategories/145.motorbikes-101/145_0418.jpg,144,145.motorbikes-101
data/raw/caltech256/256_ObjectCategories/145.motorbikes-101/145_0619.jpg,144,145.motorbikes-101
data/raw/caltech256/256_ObjectCategories/145.motorbikes-101/145_0679.jpg,144,145.motorbikes-101
data/raw/caltech256/256_ObjectCategories/145.motorbikes-101/145_0509.jpg,144,145.motorbikes-101
data/raw/caltech256/256_ObjectCategories/145.motorbikes-101/145_0193.jpg,144,145.motorbikes-101
data/raw/caltech256/256_ObjectCategories/145.motorbikes-101/145_0299.jpg,144,145.motorbikes-101
data/raw/caltech256/256_ObjectCategories/145.motorbikes-101/145_0297.jpg,144,145.motorbikes-101
data/raw/caltech256/256_ObjectCategories/145.motorbikes-101/145_0171.jpg,144,145.motorbikes-101
data/raw/caltech256/256_ObjectCategories/145.motorbikes-101/145_0398.jpg,144,145.motorbikes-101
data/raw/caltech256/256_ObjectCategories/145.motorbikes-101/145_0063.jpg,144,145.motorbikes-101
data/raw/caltech256/256_ObjectCategories/145.motorbikes-101/145_0794.jpg,144,145.motorbikes-101
data/raw/caltech256/256_ObjectCategories/145.motorbikes-101/145_0415.jpg,144,145.motorbikes-101
data/raw/caltech256/256_ObjectCategories/145.motorbikes-101/145_0339.jpg,144,145.motorbikes-101
data/raw/caltech256/256_ObjectCategories/146.mountain-bike/146_0035.jpg,145,146.mountain-bike
data/raw/caltech256/256_ObjectCategories/146.mountain-bike/146_0043.jpg,145,146.mountain-bike
data/raw/caltech256/256_ObjectCategories/146.mountain-bike/146_0033.jpg,145,146.mountain-bike
data/raw/caltech256/256_ObjectCategories/146.mountain-bike/146_0073.jpg,145,146.mountain-bike
data/raw/caltech256/256_ObjectCategories/146.mountain-bike/146_0072.jpg,145,146.mountain-bike
data/raw/caltech256/256_ObjectCategories/146.mountain-bike/146_0028.jpg,145,146.mountain-bike
data/raw/caltech256/256_ObjectCategories/147.mushroom/147_0111.jpg,146,147.mushroom
data/raw/caltech256/256_ObjectCategories/147.mushroom/147_0180.jpg,146,147.mushroom
data/raw/caltech256/256_ObjectCategories/147.mushroom/147_0156.jpg,146,147.mushroom
data/raw/caltech256/256_ObjectCategories/147.mushroom/147_0199.jpg,146,147.mushroom
data/raw/caltech256/256_ObjectCategories/147.mushroom/147_0193.jpg,146,147.mushroom
data/raw/caltech256/256_ObjectCategories/147.mushroom/147_0100.jpg,146,147.mushroom
data/raw/caltech256/256_ObjectCategories/147.mushroom/147_0082.jpg,146,147.mushroom
data/raw/caltech256/256_ObjectCategories/147.mushroom/147_0191.jpg,146,147.mushroom
data/raw/caltech256/256_ObjectCategories/147.mushroom/147_0045.jpg,146,147.mushroom
data/raw/caltech256/256_ObjectCategories/147.mushroom/147_0103.jpg,146,147.mushroom
data/raw/caltech256/256_ObjectCategories/147.mushroom/147_0048.jpg,146,147.mushroom
data/raw/caltech256/256_ObjectCategories/147.mushroom/147_0007.jpg,146,147.mushroom
data/raw/caltech256/256_ObjectCategories/147.mushroom/147_0198.jpg,146,147.mushroom
data/raw/caltech256/256_ObjectCategories/147.mushroom/147_0196.jpg,146,147.mushroom
data/raw/caltech256/256_ObjectCategories/147.mushroom/147_0013.jpg,146,147.mushroom
data/raw/caltech256/256_ObjectCategories/148.mussels/148_0050.jpg,147,148.mussels
data/raw/caltech256/256_ObjectCategories/148.mussels/148_0017.jpg,147,148.mussels
data/raw/caltech256/256_ObjectCategories/148.mussels/148_0108.jpg,147,148.mussels
data/raw/caltech256/256_ObjectCategories/148.mussels/148_0057.jpg,147,148.mussels
data/raw/caltech256/256_ObjectCategories/148.mussels/148_0025.jpg,147,148.mussels
data/raw/caltech256/256_ObjectCategories/148.mussels/148_0161.jpg,147,148.mussels
data/raw/caltech256/256_ObjectCategories/148.mussels/148_0020.jpg,147,148.mussels
data/raw/caltech256/256_ObjectCategories/148.mussels/148_0156.jpg,147,148.mussels
data/raw/caltech256/256_ObjectCategories/148.mussels/148_0042.jpg,147,148.mussels
data/raw/caltech256/256_ObjectCategories/148.mussels/148_0038.jpg,147,148.mussels
data/raw/caltech256/256_ObjectCategories/148.mussels/148_0151.jpg,147,148.mussels
data/raw/caltech256/256_ObjectCategories/148.mussels/148_0081.jpg,147,148.mussels
data/raw/caltech256/256_ObjectCategories/148.mussels/148_0145.jpg,147,148.mussels
data/raw/caltech256/256_ObjectCategories/149.necktie/149_0092.jpg,148,149.necktie
data/raw/caltech256/256_ObjectCategories/149.necktie/149_0065.jpg,148,149.necktie
data/raw/caltech256/256_ObjectCategories/149.necktie/149_0027.jpg,148,149.necktie
data/raw/caltech256/256_ObjectCategories/149.necktie/149_0046.jpg,148,149.necktie
data/raw/caltech256/256_ObjectCategories/149.necktie/149_0047.jpg,148,149.necktie
data/raw/caltech256/256_ObjectCategories/149.necktie/149_0073.jpg,148,149.necktie
data/raw/caltech256/256_ObjectCategories/149.necktie/149_0087.jpg,148,149.necktie
data/raw/caltech256/256_ObjectCategories/149.necktie/149_0033.jpg,148,149.necktie
data/raw/caltech256/256_ObjectCategories/150.octopus/150_0084.jpg,149,150.octopus
data/raw/caltech256/256_ObjectCategories/150.octopus/150_0053.jpg,149,150.octopus
data/raw/caltech256/256_ObjectCategories/150.octopus/150_0010.jpg,149,150.octopus
data/raw/caltech256/256_ObjectCategories/150.octopus/150_0019.jpg,149,150.octopus
data/raw/caltech256/256_ObjectCategories/150.octopus/150_0021.jpg,149,150.octopus
data/raw/caltech256/256_ObjectCategories/150.octopus/150_0008.jpg,149,150.octopus
data/raw/caltech256/256_ObjectCategories/150.octopus/150_0070.jpg,149,150.octopus
data/raw/caltech256/256_ObjectCategories/150.octopus/150_0088.jpg,149,150.octopus
data/raw/caltech256/256_ObjectCategories/151.ostrich/151_0022.jpg,150,151.ostrich
data/raw/caltech256/256_ObjectCategories/151.ostrich/151_0010.jpg,150,151.ostrich
data/raw/caltech256/256_ObjectCategories/151.ostrich/151_0043.jpg,150,151.ostrich
data/raw/caltech256/256_ObjectCategories/151.ostrich/151_0012.jpg,150,151.ostrich
data/raw/caltech256/256_ObjectCategories/151.ostrich/151_0075.jpg,150,151.ostrich
data/raw/caltech256/256_ObjectCategories/151.ostrich/151_0047.jpg,150,151.ostrich
data/raw/caltech256/256_ObjectCategories/151.ostrich/151_0042.jpg,150,151.ostrich
data/raw/caltech256/256_ObjectCategories/151.ostrich/151_0095.jpg,150,151.ostrich
data/raw/caltech256/256_ObjectCategories/152.owl/152_0081.jpg,151,152.owl
data/raw/caltech256/256_ObjectCategories/152.owl/152_0046.jpg,151,152.owl
data/raw/caltech256/256_ObjectCategories/152.owl/152_0036.jpg,151,152.owl
data/raw/caltech256/256_ObjectCategories/152.owl/152_0022.jpg,151,152.owl
data/raw/caltech256/256_ObjectCategories/152.owl/152_0009.jpg,151,152.owl
data/raw/caltech256/256_ObjectCategories/152.owl/152_0025.jpg,151,152.owl
data/raw/caltech256/256_ObjectCategories/152.owl/152_0027.jpg,151,152.owl
data/raw/caltech256/256_ObjectCategories/152.owl/152_0012.jpg,151,152.owl
data/raw/caltech256/256_ObjectCategories/152.owl/152_0066.jpg,151,152.owl
data/raw/caltech256/256_ObjectCategories/153.palm-pilot/153_0051.jpg,152,153.palm-pilot
data/raw/caltech256/256_ObjectCategories/153.palm-pilot/153_0008.jpg,152,153.palm-pilot
data/raw/caltech256/256_ObjectCategories/153.palm-pilot/153_0073.jpg,152,153.palm-pilot
data/raw/caltech256/256_ObjectCategories/153.palm-pilot/153_0038.jpg,152,153.palm-pilot
data/raw/caltech256/256_ObjectCategories/153.palm-pilot/153_0030.jpg,152,153.palm-pilot
data/raw/caltech256/256_ObjectCategories/153.palm-pilot/153_0043.jpg,152,153.palm-pilot
data/raw/caltech256/256_ObjectCategories/153.palm-pilot/153_0082.jpg,152,153.palm-pilot
data/raw/caltech256/256_ObjectCategories/154.palm-tree/154_0071.jpg,153,154.palm-tree
data/raw/caltech256/256_ObjectCategories/154.palm-tree/154_0065.jpg,153,154.palm-tree
data/raw/caltech256/256_ObjectCategories/154.palm-tree/154_0094.jpg,153,154.palm-tree
data/raw/caltech256/256_ObjectCategories/154.palm-tree/154_0092.jpg,153,154.palm-tree
data/raw/caltech256/256_ObjectCategories/154.palm-tree/154_0022.jpg,153,154.palm-tree
data/raw/caltech256/256_ObjectCategories/154.palm-tree/154_0041.jpg,153,154.palm-tree
data/raw/caltech256/256_ObjectCategories/154.palm-tree/154_0028.jpg,153,154.palm-tree
data/raw/caltech256/256_ObjectCategories/154.palm-tree/154_0093.jpg,153,154.palm-tree
data/raw/caltech256/256_ObjectCategories/155.paperclip/155_0069.jpg,154,155.paperclip
data/raw/caltech256/256_ObjectCategories/155.paperclip/155_0036.jpg,154,155.paperclip
data/raw/caltech256/256_ObjectCategories/155.paperclip/155_0018.jpg,154,155.paperclip
data/raw/caltech256/256_ObjectCategories/155.paperclip/155_0073.jpg,154,155.paperclip
data/raw/caltech256/256_ObjectCategories/155.paperclip/155_0053.jpg,154,155.paperclip
data/raw/caltech256/256_ObjectCategories/155.paperclip/155_0045.jpg,154,155.paperclip
data/raw/caltech256/256_ObjectCategories/155.paperclip/155_0047.jpg,154,155.paperclip
data/raw/caltech256/256_ObjectCategories/156.paper-shredder/156_0028.jpg,155,156.paper-shredder
data/raw/caltech256/256_ObjectCategories/156.paper-shredder/156_0061.jpg,155,156.paper-shredder
data/raw/caltech256/256_ObjectCategories/156.paper-shredder/156_0042.jpg,155,156.paper-shredder
data/raw/caltech256/256_ObjectCategories/156.paper-shredder/156_0043.jpg,155,156.paper-shredder
data/raw/caltech256/256_ObjectCategories/156.paper-shredder/156_0083.jpg,155,156.paper-shredder
data/raw/caltech256/256_ObjectCategories/156.paper-shredder/156_0054.jpg,155,156.paper-shredder
data/raw/caltech256/256_ObjectCategories/156.paper-shredder/156_0078.jpg,155,156.paper-shredder
data/raw/caltech256/256_ObjectCategories/157.pci-card/157_0069.jpg,156,157.pci-card
data/raw/caltech256/256_ObjectCategories/157.pci-card/157_0056.jpg,156,157.pci-card
data/raw/caltech256/256_ObjectCategories/157.pci-card/157_0062.jpg,156,157.pci-card
data/raw/caltech256/256_ObjectCategories/157.pci-card/157_0080.jpg,156,157.pci-card
data/raw/caltech256/256_ObjectCategories/157.pci-card/157_0070.jpg,156,157.pci-card
data/raw/caltech256/256_ObjectCategories/157.pci-card/157_0022.jpg,156,157.pci-card
data/raw/caltech256/256_ObjectCategories/157.pci-card/157_0105.jpg,156,157.pci-card
data/raw/caltech256/256_ObjectCategories/157.pci-card/157_0018.jpg,156,157.pci-card
data/raw/caltech256/256_ObjectCategories/158.penguin/158_0085.jpg,157,158.penguin
data/raw/caltech256/256_ObjectCategories/158.penguin/158_0046.jpg,157,158.penguin
data/raw/caltech256/256_ObjectCategories/158.penguin/158_0095.jpg,157,158.penguin
data/raw/caltech256/256_ObjectCategories/158.penguin/158_0014.jpg,157,158.penguin
data/raw/caltech256/256_ObjectCategories/158.penguin/158_0054.jpg,157,158.penguin
data/raw/caltech256/256_ObjectCategories/158.penguin/158_0108.jpg,157,158.penguin
data/raw/caltech256/256_ObjectCategories/158.penguin/158_0009.jpg,157,158.penguin
data/raw/caltech256/256_ObjectCategories/158.penguin/158_0147.jpg,157,158.penguin
data/raw/caltech256/256_ObjectCategories/158.penguin/158_0106.jpg,157,158.penguin
data/raw/caltech256/256_ObjectCategories/158.penguin/158_0057.jpg,157,158.penguin
data/raw/caltech256/256_ObjectCategories/158.penguin/158_0030.jpg,157,158.penguin
data/raw/caltech256/256_ObjectCategories/159.people/159_0081.jpg,158,159.people
data/raw/caltech256/256_ObjectCategories/159.people/159_0190.jpg,158,159.people
data/raw/caltech256/256_ObjectCategories/159.people/159_0001.jpg,158,159.people
data/raw/caltech256/256_ObjectCategories/159.people/159_0016.jpg,158,159.people
data/raw/caltech256/256_ObjectCategories/159.people/159_0054.jpg,158,159.people
data/raw/caltech256/256_ObjectCategories/159.people/159_0087.jpg,158,159.people
data/raw/caltech256/256_ObjectCategories/159.people/159_0085.jpg,158,159.people
data/raw/caltech256/256_ObjectCategories/159.people/159_0138.jpg,158,159.people
data/raw/caltech256/256_ObjectCategories/159.people/159_0204.jpg,158,159.people
data/raw/caltech256/256_ObjectCategories/159.people/159_0025.jpg,158,159.people
data/raw/caltech256/256_ObjectCategories/159.people/159_0148.jpg,158,159.people
data/raw/caltech256/256_ObjectCategories/159.people/159_0200.jpg,158,159.people
data/raw/caltech256/256_ObjectCategories/159.people/159_0124.jpg,158,159.people
data/raw/caltech256/256_ObjectCategories/159.people/159_0140.jpg,158,159.people
data/raw/caltech256/256_ObjectCategories/159.people/159_0012.jpg,158,159.people
data/raw/caltech256/256_ObjectCategories/160.pez-dispenser/160_0012.jpg,159,160.pez-dispenser
data/raw/caltech256/256_ObjectCategories/160.pez-dispenser/160_0002.jpg,159,160.pez-dispenser
data/raw/caltech256/256_ObjectCategories/160.pez-dispenser/160_0048.jpg,159,160.pez-dispenser
data/raw/caltech256/256_ObjectCategories/160.pez-dispenser/160_0052.jpg,159,160.pez-dispenser
data/raw/caltech256/256_ObjectCategories/160.pez-dispenser/160_0080.jpg,159,160.pez-dispenser
data/raw/caltech256/256_ObjectCategories/160.pez-dispenser/160_0063.jpg,159,160.pez-dispenser
data/raw/caltech256/256_ObjectCategories/161.photocopier/161_0078.jpg,160,161.photocopier
data/raw/caltech256/256_ObjectCategories/161.photocopier/161_0031.jpg,160,161.photocopier
data/raw/caltech256/256_ObjectCategories/161.photocopier/161_0009.jpg,160,161.photocopier
data/raw/caltech256/256_ObjectCategories/161.photocopier/161_0045.jpg,160,161.photocopier
data/raw/caltech256/256_ObjectCategories/161.photocopier/161_0048.jpg,160,161.photocopier
data/raw/caltech256/256_ObjectCategories/161.photocopier/161_0071.jpg,160,161.photocopier
data/raw/caltech256/256_ObjectCategories/161.photocopier/161_0029.jpg,160,161.photocopier
data/raw/caltech256/256_ObjectCategories/161.photocopier/161_0052.jpg,160,161.photocopier
data/raw/caltech256/256_ObjectCategories/162.picnic-table/162_0077.jpg,161,162.picnic-table
data/raw/caltech256/256_ObjectCategories/162.picnic-table/162_0033.jpg,161,162.picnic-table
data/raw/caltech256/256_ObjectCategories/162.picnic-table/162_0070.jpg,161,162.picnic-table
data/raw/caltech256/256_ObjectCategories/162.picnic-table/162_0084.jpg,161,162.picnic-table
data/raw/caltech256/256_ObjectCategories/162.picnic-table/162_0055.jpg,161,162.picnic-table
data/raw/caltech256/256_ObjectCategories/162.picnic-table/162_0048.jpg,161,162.picnic-table
data/raw/caltech256/256_ObjectCategories/162.picnic-table/162_0023.jpg,161,162.picnic-table
data/raw/caltech256/256_ObjectCategories/163.playing-card/163_0032.jpg,162,163.playing-card
data/raw/caltech256/256_ObjectCategories/163.playing-card/163_0039.jpg,162,163.playing-card
data/raw/caltech256/256_ObjectCategories/163.playing-card/163_0059.jpg,162,163.playing-card
data/raw/caltech256/256_ObjectCategories/163.playing-card/163_0081.jpg,162,163.playing-card
data/raw/caltech256/256_ObjectCategories/163.playing-card/163_0077.jpg,162,163.playing-card
data/raw/caltech256/256_ObjectCategories/163.playing-card/163_0040.jpg,162,163.playing-card
data/raw/caltech256/256_ObjectCategories/163.playing-card/163_0076.jpg,162,163.playing-card
data/raw/caltech256/256_ObjectCategories/164.porcupine/164_0001.jpg,163,164.porcupine
data/raw/caltech256/256_ObjectCategories/164.porcupine/164_0098.jpg,163,164.porcupine
data/raw/caltech256/256_ObjectCategories/164.porcupine/164_0032.jpg,163,164.porcupine
data/raw/caltech256/256_ObjectCategories/164.porcupine/164_0041.jpg,163,164.porcupine
data/raw/caltech256/256_ObjectCategories/164.porcupine/164_0095.jpg,163,164.porcupine
data/raw/caltech256/256_ObjectCategories/164.porcupine/164_0091.jpg,163,164.porcupine
data/raw/caltech256/256_ObjectCategories/164.porcupine/164_0034.jpg,163,164.porcupine
data/raw/caltech256/256_ObjectCategories/164.porcupine/164_0051.jpg,163,164.porcupine
data/raw/caltech256/256_ObjectCategories/165.pram/165_0061.jpg,164,165.pram
data/raw/caltech256/256_ObjectCategories/165.pram/165_0011.jpg,164,165.pram
data/raw/caltech256/256_ObjectCategories/165.pram/165_0085.jpg,164,165.pram
data/raw/caltech256/256_ObjectCategories/165.pram/165_0024.jpg,164,165.pram
data/raw/caltech256/256_ObjectCategories/165.pram/165_0051.jpg,164,165.pram
data/raw/caltech256/256_ObjectCategories/165.pram/165_0008.jpg,164,165.pram
data/raw/caltech256/256_ObjectCategories/165.pram/165_0062.jpg,164,165.pram
data/raw/caltech256/256_ObjectCategories/166.praying-mantis/166_0078.jpg,165,166.praying-mantis
data/raw/caltech256/256_ObjectCategories/166.praying-mantis/166_0083.jpg,165,166.praying-mantis
data/raw/caltech256/256_ObjectCategories/166.praying-mantis/166_0091.jpg,165,166.praying-mantis
data/raw/caltech256/256_ObjectCategories/166.praying-mantis/166_0038.jpg,165,166.praying-mantis
data/raw/caltech256/256_ObjectCategories/166.praying-mantis/166_0011.jpg,165,166.praying-mantis
data/raw/caltech256/256_ObjectCategories/166.praying-mantis/166_0021.jpg,165,166.praying-mantis
data/raw/caltech256/256_ObjectCategories/166.praying-mantis/166_0002.jpg,165,166.praying-mantis
data/raw/caltech256/256_ObjectCategories/167.pyramid/167_0082.jpg,166,167.pyramid
data/raw/caltech256/256_ObjectCategories/167.pyramid/167_0061.jpg,166,167.pyramid
data/raw/caltech256/256_ObjectCategories/167.pyramid/167_0039.jpg,166,167.pyramid
data/raw/caltech256/256_ObjectCategories/167.pyramid/167_0023.jpg,166,167.pyramid
data/raw/caltech256/256_ObjectCategories/167.pyramid/167_0027.jpg,166,167.pyramid
data/raw/caltech256/256_ObjectCategories/167.pyramid/167_0004.jpg,166,167.pyramid
data/raw/caltech256/256_ObjectCategories/168.raccoon/168_0055.jpg,167,168.raccoon
data/raw/caltech256/256_ObjectCategories/168.raccoon/168_0046.jpg,167,168.raccoon
data/raw/caltech256/256_ObjectCategories/168.raccoon/168_0120.jpg,167,168.raccoon
data/raw/caltech256/256_ObjectCategories/168.raccoon/168_0067.jpg,167,168.raccoon
data/raw/caltech256/256_ObjectCategories/168.raccoon/168_0092.jpg,167,168.raccoon
data/raw/caltech256/256_ObjectCategories/168.raccoon/168_0126.jpg,167,168.raccoon
data/raw/caltech256/256_ObjectCategories/168.raccoon/168_0114.jpg,167,168.raccoon
data/raw/caltech256/256_ObjectCategories/168.raccoon/168_0019.jpg,167,168.raccoon
data/raw/caltech256/256_ObjectCategories/168.raccoon/168_0099.jpg,167,168.raccoon
data/raw/caltech256/256_ObjectCategories/168.raccoon/168_0053.jpg,167,168.raccoon
data/raw/caltech256/256_ObjectCategories/169.radio-telescope/169_0020.jpg,168,169.radio-telescope
data/raw/caltech256/256_ObjectCategories/169.radio-telescope/169_0051.jpg,168,169.radio-telescope
data/raw/caltech256/256_ObjectCategories/169.radio-telescope/169_0041.jpg,168,169.radio-telescope
data/raw/caltech256/256_ObjectCategories/169.radio-telescope/169_0039.jpg,168,169.radio-telescope
data/raw/caltech256/256_ObjectCategories/169.radio-telescope/169_0011.jpg,168,169.radio-telescope
data/raw/caltech256/256_ObjectCategories/169.radio-telescope/169_0029.jpg,168,169.radio-telescope
data/raw/caltech256/256_ObjectCategories/169.radio-telescope/169_0033.jpg,168,169.radio-telescope
data/raw/caltech256/256_ObjectCategories/170.rainbow/170_0067.jpg,169,170.rainbow
data/raw/caltech256/256_ObjectCategories/170.rainbow/170_0018.jpg,169,170.rainbow
data/raw/caltech256/256_ObjectCategories/170.rainbow/170_0066.jpg,169,170.rainbow
data/raw/caltech256/256_ObjectCategories/170.rainbow/170_0058.jpg,169,170.rainbow
data/raw/caltech256/256_ObjectCategories/170.rainbow/170_0052.jpg,169,170.rainbow
data/raw/caltech256/256_ObjectCategories/170.rainbow/170_0085.jpg,169,170.rainbow
data/raw/caltech256/256_ObjectCategories/170.rainbow/170_0094.jpg,169,170.rainbow
data/raw/caltech256/256_ObjectCategories/170.rainbow/170_0090.jpg,169,170.rainbow
data/raw/caltech256/256_ObjectCategories/171.refrigerator/171_0051.jpg,170,171.refrigerator
data/raw/caltech256/256_ObjectCategories/171.refrigerator/171_0020.jpg,170,171.refrigerator
data/raw/caltech256/256_ObjectCategories/171.refrigerator/171_0006.jpg,170,171.refrigerator
data/raw/caltech256/256_ObjectCategories/171.refrigerator/171_0037.jpg,170,171.refrigerator
data/raw/caltech256/256_ObjectCategories/171.refrigerator/171_0074.jpg,170,171.refrigerator
data/raw/caltech256/256_ObjectCategories/171.refrigerator/171_0059.jpg,170,171.refrigerator
data/raw/caltech256/256_ObjectCategories/172.revolver-101/172_0093.jpg,171,172.revolver-101
data/raw/caltech256/256_ObjectCategories/172.revolver-101/172_0049.jpg,171,172.revolver-101
data/raw/caltech256/256_ObjectCategories/172.revolver-101/172_0047.jpg,171,172.revolver-101
data/raw/caltech256/256_ObjectCategories/172.revolver-101/172_0062.jpg,171,172.revolver-101
data/raw/caltech256/256_ObjectCategories/172.revolver-101/172_0080.jpg,171,172.revolver-101
data/raw/caltech256/256_ObjectCategories/172.revolver-101/172_0081.jpg,171,172.revolver-101
data/raw/caltech256/256_ObjectCategories/172.revolver-101/172_0009.jpg,171,172.revolver-101
data/raw/caltech256/256_ObjectCategories/173.rifle/173_0015.jpg,172,173.rifle
data/raw/caltech256/256_ObjectCategories/173.rifle/173_0101.jpg,172,173.rifle
data/raw/caltech256/256_ObjectCategories/173.rifle/173_0034.jpg,172,173.rifle
data/raw/caltech256/256_ObjectCategories/173.rifle/173_0099.jpg,172,173.rifle
data/raw/caltech256/256_ObjectCategories/173.rifle/173_0048.jpg,172,173.rifle
data/raw/caltech256/256_ObjectCategories/173.rifle/173_0063.jpg,172,173.rifle
data/raw/caltech256/256_ObjectCategories/173.rifle/173_0087.jpg,172,173.rifle
data/raw/caltech256/256_ObjectCategories/173.rifle/173_0049.jpg,172,173.rifle
data/raw/caltech256/256_ObjectCategories/174.rotary-phone/174_0027.jpg,173,174.rotary-phone
data/raw/caltech256/256_ObjectCategories/174.rotary-phone/174_0043.jpg,173,174.rotary-phone
data/raw/caltech256/256_ObjectCategories/174.rotary-phone/174_0036.jpg,173,174.rotary-phone
data/raw/caltech256/256_ObjectCategories/174.rotary-phone/174_0055.jpg,173,174.rotary-phone
data/raw/caltech256/256_ObjectCategories/174.rotary-phone/174_0060.jpg,173,174.rotary-phone
data/raw/caltech256/256_ObjectCategories/174.rotary-phone/174_0047.jpg,173,174.rotary-phone
data/raw/caltech256/256_ObjectCategories/175.roulette-wheel/175_0051.jpg,174,175.roulette-wheel
data/raw/caltech256/256_ObjectCategories/175.roulette-wheel/175_0076.jpg,174,175.roulette-wheel
data/raw/caltech256/256_ObjectCategories/175.roulette-wheel/175_0037.jpg,174,175.roulette-wheel
data/raw/caltech256/256_ObjectCategories/175.roulette-wheel/175_0073.jpg,174,175.roulette-wheel
data/raw/caltech256/256_ObjectCategories/175.roulette-wheel/175_0062.jpg,174,175.roulette-wheel
data/raw/caltech256/256_ObjectCategories/175.roulette-wheel/175_0082.jpg,174,175.roulette-wheel
data/raw/caltech256/256_ObjectCategories/176.saddle/176_0067.jpg,175,176.saddle
data/raw/caltech256/256_ObjectCategories/176.saddle/176_0025.jpg,175,176.saddle
data/raw/caltech256/256_ObjectCategories/176.saddle/176_0093.jpg,175,176.saddle
data/raw/caltech256/256_ObjectCategories/176.saddle/176_0099.jpg,175,176.saddle
data/raw/caltech256/256_ObjectCategories/176.saddle/176_0029.jpg,175,176.saddle
data/raw/caltech256/256_ObjectCategories/176.saddle/176_0057.jpg,175,176.saddle
data/raw/caltech256/256_ObjectCategories/176.saddle/176_0009.jpg,175,176.saddle
data/raw/caltech256/256_ObjectCategories/176.saddle/176_0050.jpg,175,176.saddle
data/raw/caltech256/256_ObjectCategories/177.saturn/177_0038.jpg,176,177.saturn
data/raw/caltech256/256_ObjectCategories/177.saturn/177_0023.jpg,176,177.saturn
data/raw/caltech256/256_ObjectCategories/177.saturn/177_0058.jpg,176,177.saturn
data/raw/caltech256/256_ObjectCategories/177.saturn/177_0096.jpg,176,177.saturn
data/raw/caltech256/256_ObjectCategories/177.saturn/177_0091.jpg,176,177.saturn
data/raw/caltech256/256_ObjectCategories/177.saturn/177_0020.jpg,176,177.saturn
data/raw/caltech256/256_ObjectCategories/177.saturn/177_0032.jpg,176,177.saturn
data/raw/caltech256/256_ObjectCategories/178.school-bus/178_0056.jpg,177,178.school-bus
data/raw/caltech256/256_ObjectCategories/178.school-bus/178_0024.jpg,177,178.school-bus
data/raw/caltech256/256_ObjectCategories/178.school-bus/178_0027.jpg,177,178.school-bus
data/raw/caltech256/256_ObjectCategories/178.school-bus/178_0017.jpg,177,178.school-bus
data/raw/caltech256/256_ObjectCategories/178.school-bus/178_0092.jpg,177,178.school-bus
data/raw/caltech256/256_ObjectCategories/178.school-bus/178_0088.jpg,177,178.school-bus
data/raw/caltech256/256_ObjectCategories/178.school-bus/178_0064.jpg,177,178.school-bus
data/raw/caltech256/256_ObjectCategories/179.scorpion-101/179_0042.jpg,178,179.scorpion-101
data/raw/caltech256/256_ObjectCategories/179.scorpion-101/179_0028.jpg,178,179.scorpion-101
data/raw/caltech256/256_ObjectCategories/179.scorpion-101/179_0034.jpg,178,179.scorpion-101
data/raw/caltech256/256_ObjectCategories/179.scorpion-101/179_0075.jpg,178,179.scorpion-101
data/raw/caltech256/256_ObjectCategories/179.scorpion-101/179_0032.jpg,178,179.scorpion-101
data/raw/caltech256/256_ObjectCategories/179.scorpion-101/179_0078.jpg,178,179.scorpion-101
data/raw/caltech256/256_ObjectCategories/180.screwdriver/180_0088.jpg,179,180.screwdriver
data/raw/caltech256/256_ObjectCategories/180.screwdriver/180_0100.jpg,179,180.screwdriver
data/raw/caltech256/256_ObjectCategories/180.screwdriver/180_0028.jpg,179,180.screwdriver
data/raw/caltech256/256_ObjectCategories/180.screwdriver/180_0001.jpg,179,180.screwdriver
data/raw/caltech256/256_ObjectCategories/180.screwdriver/180_0102.jpg,179,180.screwdriver
data/raw/caltech256/256_ObjectCategories/180.screwdriver/180_0010.jpg,179,180.screwdriver
data/raw/caltech256/256_ObjectCategories/180.screwdriver/180_0009.jpg,179,180.screwdriver
data/raw/caltech256/256_ObjectCategories/180.screwdriver/180_0098.jpg,179,180.screwdriver
data/raw/caltech256/256_ObjectCategories/181.segway/181_0014.jpg,180,181.segway
data/raw/caltech256/256_ObjectCategories/181.segway/181_0045.jpg,180,181.segway
data/raw/caltech256/256_ObjectCategories/181.segway/181_0008.jpg,180,181.segway
data/raw/caltech256/256_ObjectCategories/181.segway/181_0071.jpg,180,181.segway
data/raw/caltech256/256_ObjectCategories/181.segway/181_0003.jpg,180,181.segway
data/raw/caltech256/256_ObjectCategories/181.segway/181_0035.jpg,180,181.segway
data/raw/caltech256/256_ObjectCategories/181.segway/181_0061.jpg,180,181.segway
data/raw/caltech256/256_ObjectCategories/182.self-propelled-lawn-mower/182_0036.jpg,181,182.self-propelled-lawn-mower
data/raw/caltech256/256_ObjectCategories/182.self-propelled-lawn-mower/182_0058.jpg,181,182.self-propelled-lawn-mower
data/raw/caltech256/256_ObjectCategories/182.self-propelled-lawn-mower/182_0027.jpg,181,182.self-propelled-lawn-mower
data/raw/caltech256/256_ObjectCategories/182.self-propelled-lawn-mower/182_0061.jpg,181,182.self-propelled-lawn-mower
data/raw/caltech256/256_ObjectCategories/182.self-propelled-lawn-mower/182_0081.jpg,181,182.self-propelled-lawn-mower
data/raw/caltech256/256_ObjectCategories/182.self-propelled-lawn-mower/182_0029.jpg,181,182.self-propelled-lawn-mower
data/raw/caltech256/256_ObjectCategories/182.self-propelled-lawn-mower/182_0008.jpg,181,182.self-propelled-lawn-mower
data/raw/caltech256/256_ObjectCategories/182.self-propelled-lawn-mower/182_0046.jpg,181,182.self-propelled-lawn-mower
data/raw/caltech256/256_ObjectCategories/182.self-propelled-lawn-mower/182_0024.jpg,181,182.self-propelled-lawn-mower
data/raw/caltech256/256_ObjectCategories/183.sextant/183_0029.jpg,182,183.sextant
data/raw/caltech256/256_ObjectCategories/183.sextant/183_0051.jpg,182,183.sextant
data/raw/caltech256/256_ObjectCategories/183.sextant/183_0068.jpg,182,183.sextant
data/raw/caltech256/256_ObjectCategories/183.sextant/183_0069.jpg,182,183.sextant
data/raw/caltech256/256_ObjectCategories/183.sextant/183_0063.jpg,182,183.sextant
data/raw/caltech256/256_ObjectCategories/183.sextant/183_0080.jpg,182,183.sextant
data/raw/caltech256/256_ObjectCategories/183.sextant/183_0012.jpg,182,183.sextant
data/raw/caltech256/256_ObjectCategories/184.sheet-music/184_0011.jpg,183,184.sheet-music
data/raw/caltech256/256_ObjectCategories/184.sheet-music/184_0051.jpg,183,184.sheet-music
data/raw/caltech256/256_ObjectCategories/184.sheet-music/184_0034.jpg,183,184.sheet-music
data/raw/caltech256/256_ObjectCategories/184.sheet-music/184_0049.jpg,183,184.sheet-music
data/raw/caltech256/256_ObjectCategories/184.sheet-music/184_0010.jpg,183,184.sheet-music
data/raw/caltech256/256_ObjectCategories/184.sheet-music/184_0047.jpg,183,184.sheet-music
data/raw/caltech256/256_ObjectCategories/185.skateboard/185_0077.jpg,184,185.skateboard
data/raw/caltech256/256_ObjectCategories/185.skateboard/185_0018.jpg,184,185.skateboard
data/raw/caltech256/256_ObjectCategories/185.skateboard/185_0065.jpg,184,185.skateboard
data/raw/caltech256/256_ObjectCategories/185.skateboard/185_0011.jpg,184,185.skateboard
data/raw/caltech256/256_ObjectCategories/185.skateboard/185_0033.jpg,184,185.skateboard
data/raw/caltech256/256_ObjectCategories/185.skateboard/185_0016.jpg,184,185.skateboard
data/raw/caltech256/256_ObjectCategories/185.skateboard/185_0079.jpg,184,185.skateboard
data/raw/caltech256/256_ObjectCategories/185.skateboard/185_0070.jpg,184,185.skateboard
data/raw/caltech256/256_ObjectCategories/186.skunk/186_0004.jpg,185,186.skunk
data/raw/caltech256/256_ObjectCategories/186.skunk/186_0049.jpg,185,186.skunk
data/raw/caltech256/256_ObjectCategories/186.skunk/186_0055.jpg,185,186.skunk
data/raw/caltech256/256_ObjectCategories/186.skunk/186_0020.jpg,185,186.skunk
data/raw/caltech256/256_ObjectCategories/186.skunk/186_0009.jpg,185,186.skunk
data/raw/caltech256/256_ObjectCategories/186.skunk/186_0024.jpg,185,186.skunk
data/raw/caltech256/256_ObjectCategories/187.skyscraper/187_0059.jpg,186,187.skyscraper
data/raw/caltech256/256_ObjectCategories/187.skyscraper/187_0058.jpg,186,187.skyscraper
data/raw/caltech256/256_ObjectCategories/187.skyscraper/187_0075.jpg,186,187.skyscraper
data/raw/caltech256/256_ObjectCategories/187.skyscraper/187_0038.jpg,186,187.skyscraper
data/raw/caltech256/256_ObjectCategories/187.skyscraper/187_0017.jpg,186,187.skyscraper
data/raw/caltech256/256_ObjectCategories/187.skyscraper/187_0053.jpg,186,187.skyscraper
data/raw/caltech256/256_ObjectCategories/187.skyscraper/187_0070.jpg,186,187.skyscraper
data/raw/caltech256/256_ObjectCategories/188.smokestack/188_0020.jpg,187,188.smokestack
data/raw/caltech256/256_ObjectCategories/188.smokestack/188_0081.jpg,187,188.smokestack
data/raw/caltech256/256_ObjectCategories/188.smokestack/188_0008.jpg,187,188.smokestack
data/raw/caltech256/256_ObjectCategories/188.smokestack/188_0054.jpg,187,188.smokestack
data/raw/caltech256/256_ObjectCategories/188.smokestack/188_0018.jpg,187,188.smokestack
data/raw/caltech256/256_ObjectCategories/188.smokestack/188_0068.jpg,187,188.smokestack
data/raw/caltech256/256_ObjectCategories/188.smokestack/188_0076.jpg,187,188.smokestack
data/raw/caltech256/256_ObjectCategories/189.snail/189_0108.jpg,188,189.snail
data/raw/caltech256/256_ObjectCategories/189.snail/189_0056.jpg,188,189.snail
data/raw/caltech256/256_ObjectCategories/189.snail/189_0109.jpg,188,189.snail
data/raw/caltech256/256_ObjectCategories/189.snail/189_0115.jpg,188,189.snail
data/raw/caltech256/256_ObjectCategories/189.snail/189_0036.jpg,188,189.snail
data/raw/caltech256/256_ObjectCategories/189.snail/189_0087.jpg,188,189.snail
data/raw/caltech256/256_ObjectCategories/189.snail/189_0105.jpg,188,189.snail
data/raw/caltech256/256_ObjectCategories/189.snail/189_0017.jpg,188,189.snail
data/raw/caltech256/256_ObjectCategories/189.snail/189_0023.jpg,188,189.snail
data/raw/caltech256/256_ObjectCategories/190.snake/190_0039.jpg,189,190.snake
data/raw/caltech256/256_ObjectCategories/190.snake/190_0081.jpg,189,190.snake
data/raw/caltech256/256_ObjectCategories/190.snake/190_0058.jpg,189,190.snake
data/raw/caltech256/256_ObjectCategories/190.snake/190_0002.jpg,189,190.snake
data/raw/caltech256/256_ObjectCategories/190.snake/190_0062.jpg,189,190.snake
data/raw/caltech256/256_ObjectCategories/190.snake/190_0088.jpg,189,190.snake
data/raw/caltech256/256_ObjectCategories/190.snake/190_0078.jpg,189,190.snake
data/raw/caltech256/256_ObjectCategories/190.snake/190_0082.jpg,189,190.snake
data/raw/caltech256/256_ObjectCategories/191.sneaker/191_0046.jpg,190,191.sneaker
data/raw/caltech256/256_ObjectCategories/191.sneaker/191_0051.jpg,190,191.sneaker
data/raw/caltech256/256_ObjectCategories/191.sneaker/191_0025.jpg,190,191.sneaker
data/raw/caltech256/256_ObjectCategories/191.sneaker/191_0023.jpg,190,191.sneaker
data/raw/caltech256/256_ObjectCategories/191.sneaker/191_0099.jpg,190,191.sneaker
data/raw/caltech256/256_ObjectCategories/191.sneaker/191_0016.jpg,190,191.sneaker
data/raw/caltech256/256_ObjectCategories/191.sneaker/191_0102.jpg,190,191.sneaker
data/raw/caltech256/256_ObjectCategories/191.sneaker/191_0058.jpg,190,191.sneaker
data/raw/caltech256/256_ObjectCategories/192.snowmobile/192_0060.jpg,191,192.snowmobile
data/raw/caltech256/256_ObjectCategories/192.snowmobile/192_0102.jpg,191,192.snowmobile
data/raw/caltech256/256_ObjectCategories/192.snowmobile/192_0004.jpg,191,192.snowmobile
data/raw/caltech256/256_ObjectCategories/192.snowmobile/192_0068.jpg,191,192.snowmobile
data/raw/caltech256/256_ObjectCategories/192.snowmobile/192_0096.jpg,191,192.snowmobile
data/raw/caltech256/256_ObjectCategories/192.snowmobile/192_0061.jpg,191,192.snowmobile
data/raw/caltech256/256_ObjectCategories/192.snowmobile/192_0077.jpg,191,192.snowmobile
data/raw/caltech256/256_ObjectCategories/192.snowmobile/192_0020.jpg,191,192.snowmobile
data/raw/caltech256/256_ObjectCategories/193.soccer-ball/193_0088.jpg,192,193.soccer-ball
data/raw/caltech256/256_ObjectCategories/193.soccer-ball/193_0138.jpg,192,193.soccer-ball
data/raw/caltech256/256_ObjectCategories/193.soccer-ball/193_0120.jpg,192,193.soccer-ball
data/raw/caltech256/256_ObjectCategories/193.soccer-ball/193_0171.jpg,192,193.soccer-ball
data/raw/caltech256/256_ObjectCategories/193.soccer-ball/193_0077.jpg,192,193.soccer-ball
data/raw/caltech256/256_ObjectCategories/193.soccer-ball/193_0166.jpg,192,193.soccer-ball
data/raw/caltech256/256_ObjectCategories/193.soccer-ball/193_0024.jpg,192,193.soccer-ball
data/raw/caltech256/256_ObjectCategories/193.soccer-ball/193_0122.jpg,192,193.soccer-ball
data/raw/caltech256/256_ObjectCategories/193.soccer-ball/193_0107.jpg,192,193.soccer-ball
data/raw/caltech256/256_ObjectCategories/193.soccer-ball/193_0023.jpg,192,193.soccer-ball
data/raw/caltech256/256_ObjectCategories/193.soccer-ball/193_0148.jpg,192,193.soccer-ball
data/raw/caltech256/256_ObjectCategories/193.soccer-ball/193_0128.jpg,192,193.soccer-ball
data/raw/caltech256/256_ObjectCategories/193.soccer-ball/193_0096.jpg,192,193.soccer-ball
data/raw/caltech256/256_ObjectCategories/194.socks/194_0107.jpg,193,194.socks
data/raw/caltech256/256_ObjectCategories/194.socks/194_0048.jpg,193,194.socks
data/raw/caltech256/256_ObjectCategories/194.socks/194_0014.jpg,193,194.socks
data/raw/caltech256/256_ObjectCategories/194.socks/194_0039.jpg,193,194.socks
data/raw/caltech256/256_ObjectCategories/194.socks/194_0061.jpg,193,194.socks
data/raw/caltech256/256_ObjectCategories/194.socks/194_0046.jpg,193,194.socks
data/raw/caltech256/256_ObjectCategories/194.socks/194_0106.jpg,193,194.socks
data/raw/caltech256/256_ObjectCategories/194.socks/194_0002.jpg,193,194.socks
data/raw/caltech256/256_ObjectCategories/195.soda-can/195_0048.jpg,194,195.soda-can
data/raw/caltech256/256_ObjectCategories/195.soda-can/195_0067.jpg,194,195.soda-can
data/raw/caltech256/256_ObjectCategories/195.soda-can/195_0019.jpg,194,195.soda-can
data/raw/caltech256/256_ObjectCategories/195.soda-can/195_0070.jpg,194,195.soda-can
data/raw/caltech256/256_ObjectCategories/195.soda-can/195_0018.jpg,194,195.soda-can
data/raw/caltech256/256_ObjectCategories/195.soda-can/195_0028.jpg,194,195.soda-can
data/raw/caltech256/256_ObjectCategories/195.soda-can/195_0057.jpg,194,195.soda-can
data/raw/caltech256/256_ObjectCategories/196.spaghetti/196_0078.jpg,195,196.spaghetti
data/raw/caltech256/256_ObjectCategories/196.spaghetti/196_0008.jpg,195,196.spaghetti
data/raw/caltech256/256_ObjectCategories/196.spaghetti/196_0022.jpg,195,196.spaghetti
data/raw/caltech256/256_ObjectCategories/196.spaghetti/196_0012.jpg,195,196.spaghetti
data/raw/caltech256/256_ObjectCategories/196.spaghetti/196_0002.jpg,195,196.spaghetti
data/raw/caltech256/256_ObjectCategories/196.spaghetti/196_0055.jpg,195,196.spaghetti
data/raw/caltech256/256_ObjectCategories/196.spaghetti/196_0052.jpg,195,196.spaghetti
data/raw/caltech256/256_ObjectCategories/196.spaghetti/196_0039.jpg,195,196.spaghetti
data/raw/caltech256/256_ObjectCategories/197.speed-boat/197_0047.jpg,196,197.speed-boat
data/raw/caltech256/256_ObjectCategories/197.speed-boat/197_0005.jpg,196,197.speed-boat
data/raw/caltech256/256_ObjectCategories/197.speed-boat/197_0048.jpg,196,197.speed-boat
data/raw/caltech256/256_ObjectCategories/197.speed-boat/197_0088.jpg,196,197.speed-boat
data/raw/caltech256/256_ObjectCategories/197.speed-boat/197_0092.jpg,196,197.speed-boat
data/raw/caltech256/256_ObjectCategories/197.speed-boat/197_0041.jpg,196,197.speed-boat
data/raw/caltech256/256_ObjectCategories/197.speed-boat/197_0083.jpg,196,197.speed-boat
data/raw/caltech256/256_ObjectCategories/198.spider/198_0096.jpg,197,198.spider
data/raw/caltech256/256_ObjectCategories/198.spider/198_0055.jpg,197,198.spider
data/raw/caltech256/256_ObjectCategories/198.spider/198_0018.jpg,197,198.spider
data/raw/caltech256/256_ObjectCategories/198.spider/198_0003.jpg,197,198.spider
data/raw/caltech256/256_ObjectCategories/198.spider/198_0084.jpg,197,198.spider
data/raw/caltech256/256_ObjectCategories/198.spider/198_0038.jpg,197,198.spider
data/raw/caltech256/256_ObjectCategories/198.spider/198_0013.jpg,197,198.spider
data/raw/caltech256/256_ObjectCategories/198.spider/198_0006.jpg,197,198.spider
data/raw/caltech256/256_ObjectCategories/199.spoon/199_0010.jpg,198,199.spoon
data/raw/caltech256/256_ObjectCategories/199.spoon/199_0002.jpg,198,199.spoon
data/raw/caltech256/256_ObjectCategories/199.spoon/199_0024.jpg,198,199.spoon
data/raw/caltech256/256_ObjectCategories/199.spoon/199_0096.jpg,198,199.spoon
data/raw/caltech256/256_ObjectCategories/199.spoon/199_0045.jpg,198,199.spoon
data/raw/caltech256/256_ObjectCategories/199.spoon/199_0020.jpg,198,199.spoon
data/raw/caltech256/256_ObjectCategories/199.spoon/199_0092.jpg,198,199.spoon
data/raw/caltech256/256_ObjectCategories/199.spoon/199_0099.jpg,198,199.spoon
data/raw/caltech256/256_ObjectCategories/200.stained-glass/200_0018.jpg,199,200.stained-glass
data/raw/caltech256/256_ObjectCategories/200.stained-glass/200_0097.jpg,199,200.stained-glass
data/raw/caltech256/256_ObjectCategories/200.stained-glass/200_0075.jpg,199,200.stained-glass
data/raw/caltech256/256_ObjectCategories/200.stained-glass/200_0027.jpg,199,200.stained-glass
data/raw/caltech256/256_ObjectCategories/200.stained-glass/200_0029.jpg,199,200.stained-glass
data/raw/caltech256/256_ObjectCategories/200.stained-glass/200_0094.jpg,199,200.stained-glass
data/raw/caltech256/256_ObjectCategories/200.stained-glass/200_0021.jpg,199,200.stained-glass
data/raw/caltech256/256_ObjectCategories/201.starfish-101/201_0059.jpg,200,201.starfish-101
data/raw/caltech256/256_ObjectCategories/201.starfish-101/201_0067.jpg,200,201.starfish-101
data/raw/caltech256/256_ObjectCategories/201.starfish-101/201_0045.jpg,200,201.starfish-101
data/raw/caltech256/256_ObjectCategories/201.starfish-101/201_0013.jpg,200,201.starfish-101
data/raw/caltech256/256_ObjectCategories/201.starfish-101/201_0052.jpg,200,201.starfish-101
data/raw/caltech256/256_ObjectCategories/201.starfish-101/201_0007.jpg,200,201.starfish-101
data/raw/caltech256/256_ObjectCategories/202.steering-wheel/202_0084.jpg,201,202.steering-wheel
data/raw/caltech256/256_ObjectCategories/202.steering-wheel/202_0087.jpg,201,202.steering-wheel
data/raw/caltech256/256_ObjectCategories/202.steering-wheel/202_0010.jpg,201,202.steering-wheel
data/raw/caltech256/256_ObjectCategories/202.steering-wheel/202_0054.jpg,201,202.steering-wheel
data/raw/caltech256/256_ObjectCategories/202.steering-wheel/202_0069.jpg,201,202.steering-wheel
data/raw/caltech256/256_ObjectCategories/202.steering-wheel/202_0059.jpg,201,202.steering-wheel
data/raw/caltech256/256_ObjectCategories/202.steering-wheel/202_0051.jpg,201,202.steering-wheel
data/raw/caltech256/256_ObjectCategories/203.stirrups/203_0029.jpg,202,203.stirrups
data/raw/caltech256/256_ObjectCategories/203.stirrups/203_0001.jpg,202,203.stirrups
data/raw/caltech256/256_ObjectCategories/203.stirrups/203_0014.jpg,202,203.stirrups
data/raw/caltech256/256_ObjectCategories/203.stirrups/203_0080.jpg,202,203.stirrups
data/raw/caltech256/256_ObjectCategories/203.stirrups/203_0041.jpg,202,203.stirrups
data/raw/caltech256/256_ObjectCategories/203.stirrups/203_0015.jpg,202,203.stirrups
data/raw/caltech256/256_ObjectCategories/203.stirrups/203_0030.jpg,202,203.stirrups
data/raw/caltech256/256_ObjectCategories/204.sunflower-101/204_0068.jpg,203,204.sunflower-101
data/raw/caltech256/256_ObjectCategories/204.sunflower-101/204_0009.jpg,203,204.sunflower-101
data/raw/caltech256/256_ObjectCategories/204.sunflower-101/204_0034.jpg,203,204.sunflower-101
data/raw/caltech256/256_ObjectCategories/204.sunflower-101/204_0035.jpg,203,204.sunflower-101
data/raw/caltech256/256_ObjectCategories/204.sunflower-101/204_0013.jpg,203,204.sunflower-101
data/raw/caltech256/256_ObjectCategories/204.sunflower-101/204_0069.jpg,203,204.sunflower-101
data/raw/caltech256/256_ObjectCategories/205.superman/205_0016.jpg,204,205.superman
data/raw/caltech256/256_ObjectCategories/205.superman/205_0078.jpg,204,205.superman
data/raw/caltech256/256_ObjectCategories/205.superman/205_0074.jpg,204,205.superman
data/raw/caltech256/256_ObjectCategories/205.superman/205_0021.jpg,204,205.superman
data/raw/caltech256/256_ObjectCategories/205.superman/205_0042.jpg,204,205.superman
data/raw/caltech256/256_ObjectCategories/205.superman/205_0008.jpg,204,205.superman
data/raw/caltech256/256_ObjectCategories/205.superman/205_0037.jpg,204,205.superman
data/raw/caltech256/256_ObjectCategories/206.sushi/206_0003.jpg,205,206.sushi
data/raw/caltech256/256_ObjectCategories/206.sushi/206_0009.jpg,205,206.sushi
data/raw/caltech256/256_ObjectCategories/206.sushi/206_0052.jpg,205,206.sushi
data/raw/caltech256/256_ObjectCategories/206.sushi/206_0067.jpg,205,206.sushi
data/raw/caltech256/256_ObjectCategories/206.sushi/206_0077.jpg,205,206.sushi
data/raw/caltech256/256_ObjectCategories/206.sushi/206_0038.jpg,205,206.sushi
data/raw/caltech256/256_ObjectCategories/206.sushi/206_0016.jpg,205,206.sushi
data/raw/caltech256/256_ObjectCategories/207.swan/207_0105.jpg,206,207.swan
data/raw/caltech256/256_ObjectCategories/207.swan/207_0050.jpg,206,207.swan
data/raw/caltech256/256_ObjectCategories/207.swan/207_0062.jpg,206,207.swan
data/raw/caltech256/256_ObjectCategories/207.swan/207_0088.jpg,206,207.swan
data/raw/caltech256/256_ObjectCategories/207.swan/207_0059.jpg,206,207.swan
data/raw/caltech256/256_ObjectCategories/207.swan/207_0101.jpg,206,207.swan
data/raw/caltech256/256_ObjectCategories/207.swan/207_0034.jpg,206,207.swan
data/raw/caltech256/256_ObjectCategories/207.swan/207_0066.jpg,206,207.swan
data/raw/caltech256/256_ObjectCategories/208.swiss-army-knife/208_0107.jpg,207,208.swiss-army-knife
data/raw/caltech256/256_ObjectCategories/208.swiss-army-knife/208_0039.jpg,207,208.swiss-army-knife
data/raw/caltech256/256_ObjectCategories/208.swiss-army-knife/208_0037.jpg,207,208.swiss-army-knife
data/raw/caltech256/256_ObjectCategories/208.swiss-army-knife/208_0091.jpg,207,208.swiss-army-knife
data/raw/caltech256/256_ObjectCategories/208.swiss-army-knife/208_0094.jpg,207,208.swiss-army-knife
data/raw/caltech256/256_ObjectCategories/208.swiss-army-knife/208_0040.jpg,207,208.swiss-army-knife
data/raw/caltech256/256_ObjectCategories/208.swiss-army-knife/208_0101.jpg,207,208.swiss-army-knife
data/raw/caltech256/256_ObjectCategories/208.swiss-army-knife/208_0078.jpg,207,208.swiss-army-knife
data/raw/caltech256/256_ObjectCategories/209.sword/209_0039.jpg,208,209.sword
data/raw/caltech256/256_ObjectCategories/209.sword/209_0045.jpg,208,209.sword
data/raw/caltech256/256_ObjectCategories/209.sword/209_0041.jpg,208,209.sword
data/raw/caltech256/256_ObjectCategories/209.sword/209_0090.jpg,208,209.sword
data/raw/caltech256/256_ObjectCategories/209.sword/209_0086.jpg,208,209.sword
data/raw/caltech256/256_ObjectCategories/209.sword/209_0019.jpg,208,209.sword
data/raw/caltech256/256_ObjectCategories/209.sword/209_0101.jpg,208,209.sword
data/raw/caltech256/256_ObjectCategories/209.sword/209_0064.jpg,208,209.sword
data/raw/caltech256/256_ObjectCategories/210.syringe/210_0060.jpg,209,210.syringe
data/raw/caltech256/256_ObjectCategories/210.syringe/210_0031.jpg,209,210.syringe
data/raw/caltech256/256_ObjectCategories/210.syringe/210_0073.jpg,209,210.syringe
data/raw/caltech256/256_ObjectCategories/210.syringe/210_0108.jpg,209,210.syringe
data/raw/caltech256/256_ObjectCategories/210.syringe/210_0009.jpg,209,210.syringe
data/raw/caltech256/256_ObjectCategories/210.syringe/210_0007.jpg,209,210.syringe
data/raw/caltech256/256_ObjectCategories/210.syringe/210_0034.jpg,209,210.syringe
data/raw/caltech256/256_ObjectCategories/210.syringe/210_0036.jpg,209,210.syringe
data/raw/caltech256/256_ObjectCategories/211.tambourine/211_0050.jpg,210,211.tambourine
data/raw/caltech256/256_ObjectCategories/211.tambourine/211_0084.jpg,210,211.tambourine
data/raw/caltech256/256_ObjectCategories/211.tambourine/211_0080.jpg,210,211.tambourine
data/raw/caltech256/256_ObjectCategories/211.tambourine/211_0002.jpg,210,211.tambourine
data/raw/caltech256/256_ObjectCategories/211.tambourine/211_0079.jpg,210,211.tambourine
data/raw/caltech256/256_ObjectCategories/211.tambourine/211_0022.jpg,210,211.tambourine
data/raw/caltech256/256_ObjectCategories/211.tambourine/211_0094.jpg,210,211.tambourine
data/raw/caltech256/256_ObjectCategories/212.teapot/212_0077.jpg,211,212.teapot
data/raw/caltech256/256_ObjectCategories/212.teapot/212_0105.jpg,211,212.teapot
data/raw/caltech256/256_ObjectCategories/212.teapot/212_0133.jpg,211,212.teapot
data/raw/caltech256/256_ObjectCategories/212.teapot/212_0129.jpg,211,212.teapot
data/raw/caltech256/256_ObjectCategories/212.teapot/212_0117.jpg,211,212.teapot
data/raw/caltech256/256_ObjectCategories/212.teapot/212_0053.jpg,211,212.teapot
data/raw/caltech256/256_ObjectCategories/212.teapot/212_0130.jpg,211,212.teapot
data/raw/caltech256/256_ObjectCategories/212.teapot/212_0068.jpg,211,212.teapot
data/raw/caltech256/256_ObjectCategories/212.teapot/212_0082.jpg,211,212.teapot
data/raw/caltech256/256_ObjectCategories/212.teapot/212_0106.jpg,211,212.teapot
data/raw/caltech256/256_ObjectCategories/213.teddy-bear/213_0087.jpg,212,213.teddy-bear
data/raw/caltech256/256_ObjectCategories/213.teddy-bear/213_0040.jpg,212,213.teddy-bear
data/raw/caltech256/256_ObjectCategories/213.teddy-bear/213_0047.jpg,212,213.teddy-bear
data/raw/caltech256/256_ObjectCategories/213.teddy-bear/213_0048.jpg,212,213.teddy-bear
data/raw/caltech256/256_ObjectCategories/213.teddy-bear/213_0038.jpg,212,213.teddy-bear
data/raw/caltech256/256_ObjectCategories/213.teddy-bear/213_0044.jpg,212,213.teddy-bear
data/raw/caltech256/256_ObjectCategories/213.teddy-bear/213_0008.jpg,212,213.teddy-bear
data/raw/caltech256/256_ObjectCategories/213.teddy-bear/213_0034.jpg,212,213.teddy-bear
data/raw/caltech256/256_ObjectCategories/214.teepee/214_0037.jpg,213,214.teepee
data/raw/caltech256/256_ObjectCategories/214.teepee/214_0006.jpg,213,214.teepee
data/raw/caltech256/256_ObjectCategories/214.teepee/214_0137.jpg,213,214.teepee
data/raw/caltech256/256_ObjectCategories/214.teepee/214_0083.jpg,213,214.teepee
data/raw/caltech256/256_ObjectCategories/214.teepee/214_0135.jpg,213,214.teepee
data/raw/caltech256/256_ObjectCategories/214.teepee/214_0128.jpg,213,214.teepee
data/raw/caltech256/256_ObjectCategories/214.teepee/214_0008.jpg,213,214.teepee
data/raw/caltech256/256_ObjectCategories/214.teepee/214_0031.jpg,213,214.teepee
data/raw/caltech256/256_ObjectCategories/214.teepee/214_0125.jpg,213,214.teepee
data/raw/caltech256/256_ObjectCategories/214.teepee/214_0019.jpg,213,214.teepee
data/raw/caltech256/256_ObjectCategories/215.telephone-box/215_0081.jpg,214,215.telephone-box
data/raw/caltech256/256_ObjectCategories/215.telephone-box/215_0063.jpg,214,215.telephone-box
data/raw/caltech256/256_ObjectCategories/215.telephone-box/215_0018.jpg,214,215.telephone-box
data/raw/caltech256/256_ObjectCategories/215.telephone-box/215_0069.jpg,214,215.telephone-box
data/raw/caltech256/256_ObjectCategories/215.telephone-box/215_0068.jpg,214,215.telephone-box
data/raw/caltech256/256_ObjectCategories/215.telephone-box/215_0033.jpg,214,215.telephone-box
data/raw/caltech256/256_ObjectCategories/216.tennis-ball/216_0014.jpg,215,216.tennis-ball
data/raw/caltech256/256_ObjectCategories/216.tennis-ball/216_0045.jpg,215,216.tennis-ball
data/raw/caltech256/256_ObjectCategories/216.tennis-ball/216_0068.jpg,215,216.tennis-ball
data/raw/caltech256/256_ObjectCategories/216.tennis-ball/216_0035.jpg,215,216.tennis-ball
data/raw/caltech256/256_ObjectCategories/216.tennis-ball/216_0012.jpg,215,216.tennis-ball
data/raw/caltech256/256_ObjectCategories/216.tennis-ball/216_0070.jpg,215,216.tennis-ball
data/raw/caltech256/256_ObjectCategories/216.tennis-ball/216_0056.jpg,215,216.tennis-ball
data/raw/caltech256/256_ObjectCategories/217.tennis-court/217_0063.jpg,216,217.tennis-court
data/raw/caltech256/256_ObjectCategories/217.tennis-court/217_0068.jpg,216,217.tennis-court
data/raw/caltech256/256_ObjectCategories/217.tennis-court/217_0040.jpg,216,217.tennis-court
data/raw/caltech256/256_ObjectCategories/217.tennis-court/217_0012.jpg,216,217.tennis-court
data/raw/caltech256/256_ObjectCategories/217.tennis-court/217_0007.jpg,216,217.tennis-court
data/raw/caltech256/256_ObjectCategories/217.tennis-court/217_0091.jpg,216,217.tennis-court
data/raw/caltech256/256_ObjectCategories/217.tennis-court/217_0072.jpg,216,217.tennis-court
data/raw/caltech256/256_ObjectCategories/217.tennis-court/217_0031.jpg,216,217.tennis-court
data/raw/caltech256/256_ObjectCategories/218.tennis-racket/218_0004.jpg,217,218.tennis-racket
data/raw/caltech256/256_ObjectCategories/218.tennis-racket/218_0034.jpg,217,218.tennis-racket
data/raw/caltech256/256_ObjectCategories/218.tennis-racket/218_0070.jpg,217,218.tennis-racket
data/raw/caltech256/256_ObjectCategories/218.tennis-racket/218_0041.jpg,217,218.tennis-racket
data/raw/caltech256/256_ObjectCategories/218.tennis-racket/218_0078.jpg,217,218.tennis-racket
data/raw/caltech256/256_ObjectCategories/218.tennis-racket/218_0043.jpg,217,218.tennis-racket
data/raw/caltech256/256_ObjectCategories/219.theodolite/219_0013.jpg,218,219.theodolite
data/raw/caltech256/256_ObjectCategories/219.theodolite/219_0070.jpg,218,219.theodolite
data/raw/caltech256/256_ObjectCategories/219.theodolite/219_0051.jpg,218,219.theodolite
data/raw/caltech256/256_ObjectCategories/219.theodolite/219_0043.jpg,218,219.theodolite
data/raw/caltech256/256_ObjectCategories/219.theodolite/219_0015.jpg,218,219.theodolite
data/raw/caltech256/256_ObjectCategories/219.theodolite/219_0002.jpg,218,219.theodolite
data/raw/caltech256/256_ObjectCategories/220.toaster/220_0018.jpg,219,220.toaster
data/raw/caltech256/256_ObjectCategories/220.toaster/220_0081.jpg,219,220.toaster
data/raw/caltech256/256_ObjectCategories/220.toaster/220_0052.jpg,219,220.toaster
data/raw/caltech256/256_ObjectCategories/220.toaster/220_0049.jpg,219,220.toaster
data/raw/caltech256/256_ObjectCategories/220.toaster/220_0082.jpg,219,220.toaster
data/raw/caltech256/256_ObjectCategories/220.toaster/220_0086.jpg,219,220.toaster
data/raw/caltech256/256_ObjectCategories/220.toaster/220_0024.jpg,219,220.toaster
data/raw/caltech256/256_ObjectCategories/221.tomato/221_0007.jpg,220,221.tomato
data/raw/caltech256/256_ObjectCategories/221.tomato/221_0004.jpg,220,221.tomato
data/raw/caltech256/256_ObjectCategories/221.tomato/221_0082.jpg,220,221.tomato
data/raw/caltech256/256_ObjectCategories/221.tomato/221_0028.jpg,220,221.tomato
data/raw/caltech256/256_ObjectCategories/221.tomato/221_0078.jpg,220,221.tomato
data/raw/caltech256/256_ObjectCategories/221.tomato/221_0029.jpg,220,221.tomato
data/raw/caltech256/256_ObjectCategories/221.tomato/221_0103.jpg,220,221.tomato
data/raw/caltech256/256_ObjectCategories/221.tomato/221_0062.jpg,220,221.tomato
data/raw/caltech256/256_ObjectCategories/222.tombstone/222_0084.jpg,221,222.tombstone
data/raw/caltech256/256_ObjectCategories/222.tombstone/222_0026.jpg,221,222.tombstone
data/raw/caltech256/256_ObjectCategories/222.tombstone/222_0065.jpg,221,222.tombstone
data/raw/caltech256/256_ObjectCategories/222.tombstone/222_0055.jpg,221,222.tombstone
data/raw/caltech256/256_ObjectCategories/222.tombstone/222_0074.jpg,221,222.tombstone
data/raw/caltech256/256_ObjectCategories/222.tombstone/222_0004.jpg,221,222.tombstone
data/raw/caltech256/256_ObjectCategories/222.tombstone/222_0078.jpg,221,222.tombstone
data/raw/caltech256/256_ObjectCategories/223.top-hat/223_0041.jpg,222,223.top-hat
data/raw/caltech256/256_ObjectCategories/223.top-hat/223_0006.jpg,222,223.top-hat
data/raw/caltech256/256_ObjectCategories/223.top-hat/223_0063.jpg,222,223.top-hat
data/raw/caltech256/256_ObjectCategories/223.top-hat/223_0034.jpg,222,223.top-hat
data/raw/caltech256/256_ObjectCategories/223.top-hat/223_0057.jpg,222,223.top-hat
data/raw/caltech256/256_ObjectCategories/223.top-hat/223_0017.jpg,222,223.top-hat
data/raw/caltech256/256_ObjectCategories/224.touring-bike/224_0039.jpg,223,224.touring-bike
data/raw/caltech256/256_ObjectCategories/224.touring-bike/224_0058.jpg,223,224.touring-bike
data/raw/caltech256/256_ObjectCategories/224.touring-bike/224_0033.jpg,223,224.touring-bike
data/raw/caltech256/256_ObjectCategories/224.touring-bike/224_0087.jpg,223,224.touring-bike
data/raw/caltech256/256_ObjectCategories/224.touring-bike/224_0049.jpg,223,224.touring-bike
data/raw/caltech256/256_ObjectCategories/224.touring-bike/224_0059.jpg,223,224.touring-bike
data/raw/caltech256/256_ObjectCategories/224.touring-bike/224_0080.jpg,223,224.touring-bike
data/raw/caltech256/256_ObjectCategories/224.touring-bike/224_0052.jpg,223,224.touring-bike
data/raw/caltech256/256_ObjectCategories/225.tower-pisa/225_0020.jpg,224,225.tower-pisa
data/raw/caltech256/256_ObjectCategories/225.tower-pisa/225_0086.jpg,224,225.tower-pisa
data/raw/caltech256/256_ObjectCategories/225.tower-pisa/225_0081.jpg,224,225.tower-pisa
data/raw/caltech256/256_ObjectCategories/225.tower-pisa/225_0050.jpg,224,225.tower-pisa
data/raw/caltech256/256_ObjectCategories/225.tower-pisa/225_0043.jpg,224,225.tower-pisa
data/raw/caltech256/256_ObjectCategories/225.tower-pisa/225_0047.jpg,224,225.tower-pisa
data/raw/caltech256/256_ObjectCategories/225.tower-pisa/225_0026.jpg,224,225.tower-pisa
data/raw/caltech256/256_ObjectCategories/226.traffic-light/226_0088.jpg,225,226.traffic-light
data/raw/caltech256/256_ObjectCategories/226.traffic-light/226_0077.jpg,225,226.traffic-light
data/raw/caltech256/256_ObjectCategories/226.traffic-light/226_0063.jpg,225,226.traffic-light
data/raw/caltech256/256_ObjectCategories/226.traffic-light/226_0001.jpg,225,226.traffic-light
data/raw/caltech256/256_ObjectCategories/226.traffic-light/226_0048.jpg,225,226.traffic-light
data/raw/caltech256/256_ObjectCategories/226.traffic-light/226_0070.jpg,225,226.traffic-light
data/raw/caltech256/256_ObjectCategories/226.traffic-light/226_0089.jpg,225,226.traffic-light
data/raw/caltech256/256_ObjectCategories/227.treadmill/227_0135.jpg,226,227.treadmill
data/raw/caltech256/256_ObjectCategories/227.treadmill/227_0081.jpg,226,227.treadmill
data/raw/caltech256/256_ObjectCategories/227.treadmill/227_0016.jpg,226,227.treadmill
data/raw/caltech256/256_ObjectCategories/227.treadmill/227_0062.jpg,226,227.treadmill
data/raw/caltech256/256_ObjectCategories/227.treadmill/227_0090.jpg,226,227.treadmill
data/raw/caltech256/256_ObjectCategories/227.treadmill/227_0055.jpg,226,227.treadmill
data/raw/caltech256/256_ObjectCategories/227.treadmill/227_0075.jpg,226,227.treadmill
data/raw/caltech256/256_ObjectCategories/227.treadmill/227_0106.jpg,226,227.treadmill
data/raw/caltech256/256_ObjectCategories/227.treadmill/227_0095.jpg,226,227.treadmill
data/raw/caltech256/256_ObjectCategories/227.treadmill/227_0093.jpg,226,227.treadmill
data/raw/caltech256/256_ObjectCategories/227.treadmill/227_0054.jpg,226,227.treadmill
data/raw/caltech256/256_ObjectCategories/228.triceratops/228_0024.jpg,227,228.triceratops
data/raw/caltech256/256_ObjectCategories/228.triceratops/228_0036.jpg,227,228.triceratops
data/raw/caltech256/256_ObjectCategories/228.triceratops/228_0079.jpg,227,228.triceratops
data/raw/caltech256/256_ObjectCategories/228.triceratops/228_0083.jpg,227,228.triceratops
data/raw/caltech256/256_ObjectCategories/228.triceratops/228_0069.jpg,227,228.triceratops
data/raw/caltech256/256_ObjectCategories/228.triceratops/228_0085.jpg,227,228.triceratops
data/raw/caltech256/256_ObjectCategories/228.triceratops/228_0017.jpg,227,228.triceratops
data/raw/caltech256/256_ObjectCategories/229.tricycle/229_0013.jpg,228,229.tricycle
data/raw/caltech256/256_ObjectCategories/229.tricycle/229_0076.jpg,228,229.tricycle
data/raw/caltech256/256_ObjectCategories/229.tricycle/229_0050.jpg,228,229.tricycle
data/raw/caltech256/256_ObjectCategories/229.tricycle/229_0045.jpg,228,229.tricycle
data/raw/caltech256/256_ObjectCategories/229.tricycle/229_0003.jpg,228,229.tricycle
data/raw/caltech256/256_ObjectCategories/229.tricycle/229_0091.jpg,228,229.tricycle
data/raw/caltech256/256_ObjectCategories/229.tricycle/229_0010.jpg,228,229.tricycle
data/raw/caltech256/256_ObjectCategories/230.trilobite-101/230_0049.jpg,229,230.trilobite-101
data/raw/caltech256/256_ObjectCategories/230.trilobite-101/230_0053.jpg,229,230.trilobite-101
data/raw/caltech256/256_ObjectCategories/230.trilobite-101/230_0057.jpg,229,230.trilobite-101
data/raw/caltech256/256_ObjectCategories/230.trilobite-101/230_0094.jpg,229,230.trilobite-101
data/raw/caltech256/256_ObjectCategories/230.trilobite-101/230_0001.jpg,229,230.trilobite-101
data/raw/caltech256/256_ObjectCategories/230.trilobite-101/230_0073.jpg,229,230.trilobite-101
data/raw/caltech256/256_ObjectCategories/230.trilobite-101/230_0084.jpg,229,230.trilobite-101
data/raw/caltech256/256_ObjectCategories/231.tripod/231_0050.jpg,230,231.tripod
data/raw/caltech256/256_ObjectCategories/231.tripod/231_0023.jpg,230,231.tripod
data/raw/caltech256/256_ObjectCategories/231.tripod/231_0055.jpg,230,231.tripod
data/raw/caltech256/256_ObjectCategories/231.tripod/231_0089.jpg,230,231.tripod
data/raw/caltech256/256_ObjectCategories/231.tripod/231_0062.jpg,230,231.tripod
data/raw/caltech256/256_ObjectCategories/231.tripod/231_0034.jpg,230,231.tripod
data/raw/caltech256/256_ObjectCategories/231.tripod/231_0059.jpg,230,231.tripod
data/raw/caltech256/256_ObjectCategories/231.tripod/231_0105.jpg,230,231.tripod
data/raw/caltech256/256_ObjectCategories/232.t-shirt/232_0342.jpg,231,232.t-shirt
data/raw/caltech256/256_ObjectCategories/232.t-shirt/232_0143.jpg,231,232.t-shirt
data/raw/caltech256/256_ObjectCategories/232.t-shirt/232_0226.jpg,231,232.t-shirt
data/raw/caltech256/256_ObjectCategories/232.t-shirt/232_0077.jpg,231,232.t-shirt
data/raw/caltech256/256_ObjectCategories/232.t-shirt/232_0209.jpg,231,232.t-shirt
data/raw/caltech256/256_ObjectCategories/232.t-shirt/232_0232.jpg,231,232.t-shirt
data/raw/caltech256/256_ObjectCategories/232.t-shirt/232_0049.jpg,231,232.t-shirt
data/raw/caltech256/256_ObjectCategories/232.t-shirt/232_0286.jpg,231,232.t-shirt
data/raw/caltech256/256_ObjectCategories/232.t-shirt/232_0106.jpg,231,232.t-shirt
data/raw/caltech256/256_ObjectCategories/232.t-shirt/232_0110.jpg,231,232.t-shirt
data/raw/caltech256/256_ObjectCategories/232.t-shirt/232_0276.jpg,231,232.t-shirt
data/raw/caltech256/256_ObjectCategories/232.t-shirt/232_0253.jpg,231,232.t-shirt
data/raw/caltech256/256_ObjectCategories/232.t-shirt/232_0058.jpg,231,232.t-shirt
data/raw/caltech256/256_ObjectCategories/232.t-shirt/232_0018.jpg,231,232.t-shirt
data/raw/caltech256/256_ObjectCategories/232.t-shirt/232_0302.jpg,231,232.t-shirt
data/raw/caltech256/256_ObjectCategories/232.t-shirt/232_0048.jpg,231,232.t-shirt
data/raw/caltech256/256_ObjectCategories/232.t-shirt/232_0114.jpg,231,232.t-shirt
data/raw/caltech256/256_ObjectCategories/232.t-shirt/232_0267.jpg,231,232.t-shirt
data/raw/caltech256/256_ObjectCategories/232.t-shirt/232_0167.jpg,231,232.t-shirt
data/raw/caltech256/256_ObjectCategories/232.t-shirt/232_0199.jpg,231,232.t-shirt
data/raw/caltech256/256_ObjectCategories/232.t-shirt/232_0240.jpg,231,232.t-shirt
data/raw/caltech256/256_ObjectCategories/232.t-shirt/232_0187.jpg,231,232.t-shirt
data/raw/caltech256/256_ObjectCategories/232.t-shirt/232_0170.jpg,231,232.t-shirt
data/raw/caltech256/256_ObjectCategories/232.t-shirt/232_0151.jpg,231,232.t-shirt
data/raw/caltech256/256_ObjectCategories/232.t-shirt/232_0112.jpg,231,232.t-shirt
data/raw/caltech256/256_ObjectCategories/233.tuning-fork/233_0053.jpg,232,233.tuning-fork
data/raw/caltech256/256_ObjectCategories/233.tuning-fork/233_0009.jpg,232,233.tuning-fork
data/raw/caltech256/256_ObjectCategories/233.tuning-fork/233_0066.jpg,232,233.tuning-fork
data/raw/caltech256/256_ObjectCategories/233.tuning-fork/233_0043.jpg,232,233.tuning-fork
data/raw/caltech256/256_ObjectCategories/233.tuning-fork/233_0016.jpg,232,233.tuning-fork
data/raw/caltech256/256_ObjectCategories/233.tuning-fork/233_0011.jpg,232,233.tuning-fork
data/raw/caltech256/256_ObjectCategories/233.tuning-fork/233_0090.jpg,232,233.tuning-fork
data/raw/caltech256/256_ObjectCategories/234.tweezer/234_0066.jpg,233,234.tweezer
data/raw/caltech256/256_ObjectCategories/234.tweezer/234_0094.jpg,233,234.tweezer
data/raw/caltech256/256_ObjectCategories/234.tweezer/234_0016.jpg,233,234.tweezer
data/raw/caltech256/256_ObjectCategories/234.tweezer/234_0085.jpg,233,234.tweezer
data/raw/caltech256/256_ObjectCategories/234.tweezer/234_0097.jpg,233,234.tweezer
data/raw/caltech256/256_ObjectCategories/234.tweezer/234_0043.jpg,233,234.tweezer
data/raw/caltech256/256_ObjectCategories/234.tweezer/234_0003.jpg,233,234.tweezer
data/raw/caltech256/256_ObjectCategories/234.tweezer/234_0042.jpg,233,234.tweezer
data/raw/caltech256/256_ObjectCategories/234.tweezer/234_0013.jpg,233,234.tweezer
data/raw/caltech256/256_ObjectCategories/235.umbrella-101/235_0105.jpg,234,235.umbrella-101
data/raw/caltech256/256_ObjectCategories/235.umbrella-101/235_0048.jpg,234,235.umbrella-101
data/raw/caltech256/256_ObjectCategories/235.umbrella-101/235_0033.jpg,234,235.umbrella-101
data/raw/caltech256/256_ObjectCategories/235.umbrella-101/235_0026.jpg,234,235.umbrella-101
data/raw/caltech256/256_ObjectCategories/235.umbrella-101/235_0003.jpg,234,235.umbrella-101
data/raw/caltech256/256_ObjectCategories/235.umbrella-101/235_0029.jpg,234,235.umbrella-101
data/raw/caltech256/256_ObjectCategories/235.umbrella-101/235_0072.jpg,234,235.umbrella-101
data/raw/caltech256/256_ObjectCategories/235.umbrella-101/235_0101.jpg,234,235.umbrella-101
data/raw/caltech256/256_ObjectCategories/236.unicorn/236_0046.jpg,235,236.unicorn
data/raw/caltech256/256_ObjectCategories/236.unicorn/236_0028.jpg,235,236.unicorn
data/raw/caltech256/256_ObjectCategories/236.unicorn/236_0052.jpg,235,236.unicorn
data/raw/caltech256/256_ObjectCategories/236.unicorn/236_0056.jpg,235,236.unicorn
data/raw/caltech256/256_ObjectCategories/236.unicorn/236_0097.jpg,235,236.unicorn
data/raw/caltech256/256_ObjectCategories/236.unicorn/236_0063.jpg,235,236.unicorn
data/raw/caltech256/256_ObjectCategories/236.unicorn/236_0060.jpg,235,236.unicorn
data/raw/caltech256/256_ObjectCategories/237.vcr/237_0006.jpg,236,237.vcr
data/raw/caltech256/256_ObjectCategories/237.vcr/237_0083.jpg,236,237.vcr
data/raw/caltech256/256_ObjectCategories/237.vcr/237_0079.jpg,236,237.vcr
data/raw/caltech256/256_ObjectCategories/237.vcr/237_0073.jpg,236,237.vcr
data/raw/caltech256/256_ObjectCategories/237.vcr/237_0012.jpg,236,237.vcr
data/raw/caltech256/256_ObjectCategories/237.vcr/237_0089.jpg,236,237.vcr
data/raw/caltech256/256_ObjectCategories/237.vcr/237_0080.jpg,236,237.vcr
data/raw/caltech256/256_ObjectCategories/238.video-projector/238_0086.jpg,237,238.video-projector
data/raw/caltech256/256_ObjectCategories/238.video-projector/238_0045.jpg,237,238.video-projector
data/raw/caltech256/256_ObjectCategories/238.video-projector/238_0064.jpg,237,238.video-projector
data/raw/caltech256/256_ObjectCategories/238.video-projector/238_0074.jpg,237,238.video-projector
data/raw/caltech256/256_ObjectCategories/238.video-projector/238_0043.jpg,237,238.video-projector
data/raw/caltech256/256_ObjectCategories/238.video-projector/238_0012.jpg,237,238.video-projector
data/raw/caltech256/256_ObjectCategories/238.video-projector/238_0014.jpg,237,238.video-projector
data/raw/caltech256/256_ObjectCategories/239.washing-machine/239_0077.jpg,238,239.washing-machine
data/raw/caltech256/256_ObjectCategories/239.washing-machine/239_0007.jpg,238,239.washing-machine
data/raw/caltech256/256_ObjectCategories/239.washing-machine/239_0026.jpg,238,239.washing-machine
data/raw/caltech256/256_ObjectCategories/239.washing-machine/239_0002.jpg,238,239.washing-machine
data/raw/caltech256/256_ObjectCategories/239.washing-machine/239_0039.jpg,238,239.washing-machine
data/raw/caltech256/256_ObjectCategories/239.washing-machine/239_0083.jpg,238,239.washing-machine
data/raw/caltech256/256_ObjectCategories/240.watch-101/240_0056.jpg,239,240.watch-101
data/raw/caltech256/256_ObjectCategories/240.watch-101/240_0033.jpg,239,240.watch-101
data/raw/caltech256/256_ObjectCategories/240.watch-101/240_0190.jpg,239,240.watch-101
data/raw/caltech256/256_ObjectCategories/240.watch-101/240_0084.jpg,239,240.watch-101
data/raw/caltech256/256_ObjectCategories/240.watch-101/240_0107.jpg,239,240.watch-101
data/raw/caltech256/256_ObjectCategories/240.watch-101/240_0200.jpg,239,240.watch-101
data/raw/caltech256/256_ObjectCategories/240.watch-101/240_0026.jpg,239,240.watch-101
data/raw/caltech256/256_ObjectCategories/240.watch-101/240_0134.jpg,239,240.watch-101
data/raw/caltech256/256_ObjectCategories/240.watch-101/240_0145.jpg,239,240.watch-101
data/raw/caltech256/256_ObjectCategories/240.watch-101/240_0110.jpg,239,240.watch-101
data/raw/caltech256/256_ObjectCategories/240.watch-101/240_0100.jpg,239,240.watch-101
data/raw/caltech256/256_ObjectCategories/240.watch-101/240_0047.jpg,239,240.watch-101
data/raw/caltech256/256_ObjectCategories/240.watch-101/240_0119.jpg,239,240.watch-101
data/raw/caltech256/256_ObjectCategories/240.watch-101/240_0103.jpg,239,240.watch-101
data/raw/caltech256/256_ObjectCategories/240.watch-101/240_0171.jpg,239,240.watch-101
data/raw/caltech256/256_ObjectCategories/241.waterfall/241_0051.jpg,240,241.waterfall
data/raw/caltech256/256_ObjectCategories/241.waterfall/241_0043.jpg,240,241.waterfall
data/raw/caltech256/256_ObjectCategories/241.waterfall/241_0058.jpg,240,241.waterfall
data/raw/caltech256/256_ObjectCategories/241.waterfall/241_0075.jpg,240,241.waterfall
data/raw/caltech256/256_ObjectCategories/241.waterfall/241_0029.jpg,240,241.waterfall
data/raw/caltech256/256_ObjectCategories/241.waterfall/241_0046.jpg,240,241.waterfall
data/raw/caltech256/256_ObjectCategories/241.waterfall/241_0022.jpg,240,241.waterfall
data/raw/caltech256/256_ObjectCategories/242.watermelon/242_0069.jpg,241,242.watermelon
data/raw/caltech256/256_ObjectCategories/242.watermelon/242_0049.jpg,241,242.watermelon
data/raw/caltech256/256_ObjectCategories/242.watermelon/242_0040.jpg,241,242.watermelon
data/raw/caltech256/256_ObjectCategories/242.watermelon/242_0081.jpg,241,242.watermelon
data/raw/caltech256/256_ObjectCategories/242.watermelon/242_0048.jpg,241,242.watermelon
data/raw/caltech256/256_ObjectCategories/242.watermelon/242_0082.jpg,241,242.watermelon
data/raw/caltech256/256_ObjectCategories/242.watermelon/242_0036.jpg,241,242.watermelon
data/raw/caltech256/256_ObjectCategories/243.welding-mask/243_0070.jpg,242,243.welding-mask
data/raw/caltech256/256_ObjectCategories/243.welding-mask/243_0063.jpg,242,243.welding-mask
data/raw/caltech256/256_ObjectCategories/243.welding-mask/243_0084.jpg,242,243.welding-mask
data/raw/caltech256/256_ObjectCategories/243.welding-mask/243_0022.jpg,242,243.welding-mask
data/raw/caltech256/256_ObjectCategories/243.welding-mask/243_0050.jpg,242,243.welding-mask
data/raw/caltech256/256_ObjectCategories/243.welding-mask/243_0064.jpg,242,243.welding-mask
data/raw/caltech256/256_ObjectCategories/243.welding-mask/243_0034.jpg,242,243.welding-mask
data/raw/caltech256/256_ObjectCategories/244.wheelbarrow/244_0025.jpg,243,244.wheelbarrow
data/raw/caltech256/256_ObjectCategories/244.wheelbarrow/244_0008.jpg,243,244.wheelbarrow
data/raw/caltech256/256_ObjectCategories/244.wheelbarrow/244_0009.jpg,243,244.wheelbarrow
data/raw/caltech256/256_ObjectCategories/244.wheelbarrow/244_0035.jpg,243,244.wheelbarrow
data/raw/caltech256/256_ObjectCategories/244.wheelbarrow/244_0029.jpg,243,244.wheelbarrow
data/raw/caltech256/256_ObjectCategories/244.wheelbarrow/244_0036.jpg,243,244.wheelbarrow
data/raw/caltech256/256_ObjectCategories/244.wheelbarrow/244_0053.jpg,243,244.wheelbarrow
data/raw/caltech256/256_ObjectCategories/245.windmill/245_0070.jpg,244,245.windmill
data/raw/caltech256/256_ObjectCategories/245.windmill/245_0040.jpg,244,245.windmill
data/raw/caltech256/256_ObjectCategories/245.windmill/245_0022.jpg,244,245.windmill
data/raw/caltech256/256_ObjectCategories/245.windmill/245_0043.jpg,244,245.windmill
data/raw/caltech256/256_ObjectCategories/245.windmill/245_0086.jpg,244,245.windmill
data/raw/caltech256/256_ObjectCategories/245.windmill/245_0044.jpg,244,245.windmill
data/raw/caltech256/256_ObjectCategories/245.windmill/245_0067.jpg,244,245.windmill
data/raw/caltech256/256_ObjectCategories/246.wine-bottle/246_0088.jpg,245,246.wine-bottle
data/raw/caltech256/256_ObjectCategories/246.wine-bottle/246_0065.jpg,245,246.wine-bottle
data/raw/caltech256/256_ObjectCategories/246.wine-bottle/246_0083.jpg,245,246.wine-bottle
data/raw/caltech256/256_ObjectCategories/246.wine-bottle/246_0025.jpg,245,246.wine-bottle
data/raw/caltech256/256_ObjectCategories/246.wine-bottle/246_0038.jpg,245,246.wine-bottle
data/raw/caltech256/256_ObjectCategories/246.wine-bottle/246_0032.jpg,245,246.wine-bottle
data/raw/caltech256/256_ObjectCategories/246.wine-bottle/246_0076.jpg,245,246.wine-bottle
data/raw/caltech256/256_ObjectCategories/246.wine-bottle/246_0014.jpg,245,246.wine-bottle
data/raw/caltech256/256_ObjectCategories/247.xylophone/247_0024.jpg,246,247.xylophone
data/raw/caltech256/256_ObjectCategories/247.xylophone/247_0048.jpg,246,247.xylophone
data/raw/caltech256/256_ObjectCategories/247.xylophone/247_0037.jpg,246,247.xylophone
data/raw/caltech256/256_ObjectCategories/247.xylophone/247_0063.jpg,246,247.xylophone
data/raw/caltech256/256_ObjectCategories/247.xylophone/247_0049.jpg,246,247.xylophone
data/raw/caltech256/256_ObjectCategories/247.xylophone/247_0028.jpg,246,247.xylophone
data/raw/caltech256/256_ObjectCategories/247.xylophone/247_0076.jpg,246,247.xylophone
data/raw/caltech256/256_ObjectCategories/248.yarmulke/248_0082.jpg,247,248.yarmulke
data/raw/caltech256/256_ObjectCategories/248.yarmulke/248_0056.jpg,247,248.yarmulke
data/raw/caltech256/256_ObjectCategories/248.yarmulke/248_0045.jpg,247,248.yarmulke
data/raw/caltech256/256_ObjectCategories/248.yarmulke/248_0029.jpg,247,248.yarmulke
data/raw/caltech256/256_ObjectCategories/248.yarmulke/248_0039.jpg,247,248.yarmulke
data/raw/caltech256/256_ObjectCategories/248.yarmulke/248_0025.jpg,247,248.yarmulke
data/raw/caltech256/256_ObjectCategories/249.yo-yo/249_0004.jpg,248,249.yo-yo
data/raw/caltech256/256_ObjectCategories/249.yo-yo/249_0051.jpg,248,249.yo-yo
data/raw/caltech256/256_ObjectCategories/249.yo-yo/249_0045.jpg,248,249.yo-yo
data/raw/caltech256/256_ObjectCategories/249.yo-yo/249_0066.jpg,248,249.yo-yo
data/raw/caltech256/256_ObjectCategories/249.yo-yo/249_0041.jpg,248,249.yo-yo
data/raw/caltech256/256_ObjectCategories/249.yo-yo/249_0074.jpg,248,249.yo-yo
data/raw/caltech256/256_ObjectCategories/249.yo-yo/249_0054.jpg,248,249.yo-yo
data/raw/caltech256/256_ObjectCategories/250.zebra/250_0053.jpg,249,250.zebra
data/raw/caltech256/256_ObjectCategories/250.zebra/250_0033.jpg,249,250.zebra
data/raw/caltech256/256_ObjectCategories/250.zebra/250_0038.jpg,249,250.zebra
data/raw/caltech256/256_ObjectCategories/250.zebra/250_0050.jpg,249,250.zebra
data/raw/caltech256/256_ObjectCategories/250.zebra/250_0057.jpg,249,250.zebra
data/raw/caltech256/256_ObjectCategories/250.zebra/250_0075.jpg,249,250.zebra
data/raw/caltech256/256_ObjectCategories/250.zebra/250_0052.jpg,249,250.zebra
data/raw/caltech256/256_ObjectCategories/251.airplanes-101/251_0672.jpg,250,251.airplanes-101
data/raw/caltech256/256_ObjectCategories/251.airplanes-101/251_0694.jpg,250,251.airplanes-101
data/raw/caltech256/256_ObjectCategories/251.airplanes-101/251_0418.jpg,250,251.airplanes-101
data/raw/caltech256/256_ObjectCategories/251.airplanes-101/251_0648.jpg,250,251.airplanes-101
data/raw/caltech256/256_ObjectCategories/251.airplanes-101/251_0012.jpg,250,251.airplanes-101
data/raw/caltech256/256_ObjectCategories/251.airplanes-101/251_0330.jpg,250,251.airplanes-101
data/raw/caltech256/256_ObjectCategories/251.airplanes-101/251_0070.jpg,250,251.airplanes-101
data/raw/caltech256/256_ObjectCategories/251.airplanes-101/251_0494.jpg,250,251.airplanes-101
data/raw/caltech256/256_ObjectCategories/251.airplanes-101/251_0758.jpg,250,251.airplanes-101
data/raw/caltech256/256_ObjectCategories/251.airplanes-101/251_0253.jpg,250,251.airplanes-101
data/raw/caltech256/256_ObjectCategories/251.airplanes-101/251_0365.jpg,250,251.airplanes-101
data/raw/caltech256/256_ObjectCategories/251.airplanes-101/251_0741.jpg,250,251.airplanes-101
data/raw/caltech256/256_ObjectCategories/251.airplanes-101/251_0151.jpg,250,251.airplanes-101
data/raw/caltech256/256_ObjectCategories/251.airplanes-101/251_0217.jpg,250,251.airplanes-101
data/raw/caltech256/256_ObjectCategories/251.airplanes-101/251_0738.jpg,250,251.airplanes-101
data/raw/caltech256/256_ObjectCategories/251.airplanes-101/251_0525.jpg,250,251.airplanes-101
data/raw/caltech256/256_ObjectCategories/251.airplanes-101/251_0288.jpg,250,251.airplanes-101
data/raw/caltech256/256_ObjectCategories/251.airplanes-101/251_0021.jpg,250,251.airplanes-101
data/raw/caltech256/256_ObjectCategories/251.airplanes-101/251_0781.jpg,250,251.airplanes-101
data/raw/caltech256/256_ObjectCategories/251.airplanes-101/251_0724.jpg,250,251.airplanes-101
data/raw/caltech256/256_ObjectCategories/251.airplanes-101/251_0241.jpg,250,251.airplanes-101
data/raw/caltech256/256_ObjectCategories/251.airplanes-101/251_0735.jpg,250,251.airplanes-101
data/raw/caltech256/256_ObjectCategories/251.airplanes-101/251_0155.jpg,250,251.airplanes-101
data/raw/caltech256/256_ObjectCategories/251.airplanes-101/251_0371.jpg,250,251.airplanes-101
data/raw/caltech256/256_ObjectCategories/251.airplanes-101/251_0331.jpg,250,251.airplanes-101
data/raw/caltech256/256_ObjectCategories/251.airplanes-101/251_0346.jpg,250,251.airplanes-101
data/raw/caltech256/256_ObjectCategories/251.airplanes-101/251_0556.jpg,250,251.airplanes-101
data/raw/caltech256/256_ObjectCategories/251.airplanes-101/251_0489.jpg,250,251.airplanes-101
data/raw/caltech256/256_ObjectCategories/251.airplanes-101/251_0739.jpg,250,251.airplanes-101
data/raw/caltech256/256_ObjectCategories/251.airplanes-101/251_0585.jpg,250,251.airplanes-101
data/raw/caltech256/256_ObjectCategories/251.airplanes-101/251_0438.jpg,250,251.airplanes-101
data/raw/caltech256/256_ObjectCategories/251.airplanes-101/251_0229.jpg,250,251.airplanes-101
data/raw/caltech256/256_ObjectCategories/251.airplanes-101/251_0712.jpg,250,251.airplanes-101
data/raw/caltech256/256_ObjectCategories/251.airplanes-101/251_0160.jpg,250,251.airplanes-101
data/raw/caltech256/256_ObjectCategories/251.airplanes-101/251_0310.jpg,250,251.airplanes-101
data/raw/caltech256/256_ObjectCategories/251.airplanes-101/251_0058.jpg,250,251.airplanes-101
data/raw/caltech256/256_ObjectCategories/251.airplanes-101/251_0099.jpg,250,251.airplanes-101
data/raw/caltech256/256_ObjectCategories/251.airplanes-101/251_0048.jpg,250,251.airplanes-101
data/raw/caltech256/256_ObjectCategories/251.airplanes-101/251_0027.jpg,250,251.airplanes-101
data/raw/caltech256/256_ObjectCategories/251.airplanes-101/251_0116.jpg,250,251.airplanes-101
data/raw/caltech256/256_ObjectCategories/251.airplanes-101/251_0098.jpg,250,251.airplanes-101
data/raw/caltech256/256_ObjectCategories/251.airplanes-101/251_0620.jpg,250,251.airplanes-101
data/raw/caltech256/256_ObjectCategories/251.airplanes-101/251_0549.jpg,250,251.airplanes-101
data/raw/caltech256/256_ObjectCategories/251.airplanes-101/251_0004.jpg,250,251.airplanes-101
data/raw/caltech256/256_ObjectCategories/251.airplanes-101/251_0514.jpg,250,251.airplanes-101
data/raw/caltech256/256_ObjectCategories/251.airplanes-101/251_0487.jpg,250,251.airplanes-101
data/raw/caltech256/256_ObjectCategories/251.airplanes-101/251_0414.jpg,250,251.airplanes-101
data/raw/caltech256/256_ObjectCategories/251.airplanes-101/251_0753.jpg,250,251.airplanes-101
data/raw/caltech256/256_ObjectCategories/251.airplanes-101/251_0247.jpg,250,251.airplanes-101
data/raw/caltech256/256_ObjectCategories/251.airplanes-101/251_0166.jpg,250,251.airplanes-101
data/raw/caltech256/256_ObjectCategories/251.airplanes-101/251_0608.jpg,250,251.airplanes-101
data/raw/caltech256/256_ObjectCategories/251.airplanes-101/251_0658.jpg,250,251.airplanes-101
data/raw/caltech256/256_ObjectCategories/251.airplanes-101/251_0557.jpg,250,251.airplanes-101
data/raw/caltech256/256_ObjectCategories/251.airplanes-101/251_0402.jpg,250,251.airplanes-101
data/raw/caltech256/256_ObjectCategories/251.airplanes-101/251_0775.jpg,250,251.airplanes-101
data/raw/caltech256/256_ObjectCategories/251.airplanes-101/251_0192.jpg,250,251.airplanes-101
data/raw/caltech256/256_ObjectCategories/252.car-side-101/252_0071.jpg,251,252.car-side-101
data/raw/caltech256/256_ObjectCategories/252.car-side-101/252_0085.jpg,251,252.car-side-101
data/raw/caltech256/256_ObjectCategories/252.car-side-101/252_0029.jpg,251,252.car-side-101
data/raw/caltech256/256_ObjectCategories/252.car-side-101/252_0075.jpg,251,252.car-side-101
data/raw/caltech256/256_ObjectCategories/252.car-side-101/252_0064.jpg,251,252.car-side-101
data/raw/caltech256/256_ObjectCategories/252.car-side-101/252_0024.jpg,251,252.car-side-101
data/raw/caltech256/256_ObjectCategories/252.car-side-101/252_0113.jpg,251,252.car-side-101
data/raw/caltech256/256_ObjectCategories/252.car-side-101/252_0114.jpg,251,252.car-side-101
data/raw/caltech256/256_ObjectCategories/252.car-side-101/252_0015.jpg,251,252.car-side-101
data/raw/caltech256/256_ObjectCategories/253.faces-easy-101/253_0286.jpg,252,253.faces-easy-101
data/raw/caltech256/256_ObjectCategories/253.faces-easy-101/253_0416.jpg,252,253.faces-easy-101
data/raw/caltech256/256_ObjectCategories/253.faces-easy-101/253_0261.jpg,252,253.faces-easy-101
data/raw/caltech256/256_ObjectCategories/253.faces-easy-101/253_0402.jpg,252,253.faces-easy-101
data/raw/caltech256/256_ObjectCategories/253.faces-easy-101/253_0317.jpg,252,253.faces-easy-101
data/raw/caltech256/256_ObjectCategories/253.faces-easy-101/253_0147.jpg,252,253.faces-easy-101
data/raw/caltech256/256_ObjectCategories/253.faces-easy-101/253_0336.jpg,252,253.faces-easy-101
data/raw/caltech256/256_ObjectCategories/253.faces-easy-101/253_0337.jpg,252,253.faces-easy-101
data/raw/caltech256/256_ObjectCategories/253.faces-easy-101/253_0395.jpg,252,253.faces-easy-101
data/raw/caltech256/256_ObjectCategories/253.faces-easy-101/253_0265.jpg,252,253.faces-easy-101
data/raw/caltech256/256_ObjectCategories/253.faces-easy-101/253_0189.jpg,252,253.faces-easy-101
data/raw/caltech256/256_ObjectCategories/253.faces-easy-101/253_0083.jpg,252,253.faces-easy-101
data/raw/caltech256/256_ObjectCategories/253.faces-easy-101/253_0277.jpg,252,253.faces-easy-101
data/raw/caltech256/256_ObjectCategories/253.faces-easy-101/253_0191.jpg,252,253.faces-easy-101
data/raw/caltech256/256_ObjectCategories/253.faces-easy-101/253_0112.jpg,252,253.faces-easy-101
data/raw/caltech256/256_ObjectCategories/253.faces-easy-101/253_0283.jpg,252,253.faces-easy-101
data/raw/caltech256/256_ObjectCategories/253.faces-easy-101/253_0192.jpg,252,253.faces-easy-101
data/raw/caltech256/256_ObjectCategories/253.faces-easy-101/253_0109.jpg,252,253.faces-easy-101
data/raw/caltech256/256_ObjectCategories/253.faces-easy-101/253_0102.jpg,252,253.faces-easy-101
data/raw/caltech256/256_ObjectCategories/253.faces-easy-101/253_0154.jpg,252,253.faces-easy-101
data/raw/caltech256/256_ObjectCategories/253.faces-easy-101/253_0032.jpg,252,253.faces-easy-101
data/raw/caltech256/256_ObjectCategories/253.faces-easy-101/253_0306.jpg,252,253.faces-easy-101
data/raw/caltech256/256_ObjectCategories/253.faces-easy-101/253_0214.jpg,252,253.faces-easy-101
data/raw/caltech256/256_ObjectCategories/253.faces-easy-101/253_0187.jpg,252,253.faces-easy-101
data/raw/caltech256/256_ObjectCategories/253.faces-easy-101/253_0324.jpg,252,253.faces-easy-101
data/raw/caltech256/256_ObjectCategories/253.faces-easy-101/253_0323.jpg,252,253.faces-easy-101
data/raw/caltech256/256_ObjectCategories/253.faces-easy-101/253_0183.jpg,252,253.faces-easy-101
data/raw/caltech256/256_ObjectCategories/253.faces-easy-101/253_0053.jpg,252,253.faces-easy-101
data/raw/caltech256/256_ObjectCategories/253.faces-easy-101/253_0195.jpg,252,253.faces-easy-101
data/raw/caltech256/256_ObjectCategories/253.faces-easy-101/253_0027.jpg,252,253.faces-easy-101
data/raw/caltech256/256_ObjectCategories/253.faces-easy-101/253_0271.jpg,252,253.faces-easy-101
data/raw/caltech256/256_ObjectCategories/254.greyhound/254_0034.jpg,253,254.greyhound
data/raw/caltech256/256_ObjectCategories/254.greyhound/254_0057.jpg,253,254.greyhound
data/raw/caltech256/256_ObjectCategories/254.greyhound/254_0035.jpg,253,254.greyhound
data/raw/caltech256/256_ObjectCategories/254.greyhound/254_0040.jpg,253,254.greyhound
data/raw/caltech256/256_ObjectCategories/254.greyhound/254_0039.jpg,253,254.greyhound
data/raw/caltech256/256_ObjectCategories/254.greyhound/254_0081.jpg,253,254.greyhound
data/raw/caltech256/256_ObjectCategories/254.greyhound/254_0051.jpg,253,254.greyhound
data/raw/caltech256/256_ObjectCategories/255.tennis-shoes/255_0089.jpg,254,255.tennis-shoes
data/raw/caltech256/256_ObjectCategories/255.tennis-shoes/255_0072.jpg,254,255.tennis-shoes
data/raw/caltech256/256_ObjectCategories/255.tennis-shoes/255_0039.jpg,254,255.tennis-shoes
data/raw/caltech256/256_ObjectCategories/255.tennis-shoes/255_0042.jpg,254,255.tennis-shoes
data/raw/caltech256/256_ObjectCategories/255.tennis-shoes/255_0032.jpg,254,255.tennis-shoes
data/raw/caltech256/256_ObjectCategories/255.tennis-shoes/255_0051.jpg,254,255.tennis-shoes
data/raw/caltech256/256_ObjectCategories/255.tennis-shoes/255_0079.jpg,254,255.tennis-shoes
data/raw/caltech256/256_ObjectCategories/255.tennis-shoes/255_0029.jpg,254,255.tennis-shoes
data/raw/caltech256/256_ObjectCategories/256.toad/256_0079.jpg,255,256.toad
data/raw/caltech256/256_ObjectCategories/256.toad/256_0102.jpg,255,256.toad
data/raw/caltech256/256_ObjectCategories/256.toad/256_0012.jpg,255,256.toad
data/raw/caltech256/256_ObjectCategories/256.toad/256_0034.jpg,255,256.toad
data/raw/caltech256/256_ObjectCategories/256.toad/256_0071.jpg,255,256.toad
data/raw/caltech256/256_ObjectCategories/256.toad/256_0058.jpg,255,256.toad
data/raw/caltech256/256_ObjectCategories/256.toad/256_0065.jpg,255,256.toad
data/raw/caltech256/256_ObjectCategories/256.toad/256_0048.jpg,255,256.toad
