filepath,label,class_name
data/raw/food101/food-101/images/apple_pie/2421227.jpg,0,apple_pie
data/raw/food101/food-101/images/apple_pie/1874325.jpg,0,apple_pie
data/raw/food101/food-101/images/apple_pie/1581291.jpg,0,apple_pie
data/raw/food101/food-101/images/apple_pie/908367.jpg,0,apple_pie
data/raw/food101/food-101/images/apple_pie/2602468.jpg,0,apple_pie
data/raw/food101/food-101/images/apple_pie/1854241.jpg,0,apple_pie
data/raw/food101/food-101/images/apple_pie/3910026.jpg,0,apple_pie
data/raw/food101/food-101/images/apple_pie/235537.jpg,0,apple_pie
data/raw/food101/food-101/images/apple_pie/939246.jpg,0,apple_pie
data/raw/food101/food-101/images/apple_pie/1177254.jpg,0,apple_pie
data/raw/food101/food-101/images/apple_pie/3720779.jpg,0,apple_pie
data/raw/food101/food-101/images/apple_pie/2606415.jpg,0,apple_pie
data/raw/food101/food-101/images/apple_pie/2109273.jpg,0,apple_pie
data/raw/food101/food-101/images/apple_pie/2235729.jpg,0,apple_pie
data/raw/food101/food-101/images/apple_pie/3671998.jpg,0,apple_pie
data/raw/food101/food-101/images/apple_pie/1133267.jpg,0,apple_pie
data/raw/food101/food-101/images/apple_pie/3636185.jpg,0,apple_pie
data/raw/food101/food-101/images/apple_pie/2110106.jpg,0,apple_pie
data/raw/food101/food-101/images/apple_pie/715180.jpg,0,apple_pie
data/raw/food101/food-101/images/apple_pie/3273568.jpg,0,apple_pie
data/raw/food101/food-101/images/apple_pie/2708417.jpg,0,apple_pie
data/raw/food101/food-101/images/apple_pie/2666921.jpg,0,apple_pie
data/raw/food101/food-101/images/apple_pie/2447106.jpg,0,apple_pie
data/raw/food101/food-101/images/apple_pie/661475.jpg,0,apple_pie
data/raw/food101/food-101/images/apple_pie/2764778.jpg,0,apple_pie
data/raw/food101/food-101/images/apple_pie/2683315.jpg,0,apple_pie
data/raw/food101/food-101/images/apple_pie/1919827.jpg,0,apple_pie
data/raw/food101/food-101/images/apple_pie/3079946.jpg,0,apple_pie
data/raw/food101/food-101/images/apple_pie/1295996.jpg,0,apple_pie
data/raw/food101/food-101/images/apple_pie/3545924.jpg,0,apple_pie
data/raw/food101/food-101/images/apple_pie/2374771.jpg,0,apple_pie
data/raw/food101/food-101/images/apple_pie/925525.jpg,0,apple_pie
data/raw/food101/food-101/images/apple_pie/2769470.jpg,0,apple_pie
data/raw/food101/food-101/images/apple_pie/3897758.jpg,0,apple_pie
data/raw/food101/food-101/images/apple_pie/913161.jpg,0,apple_pie
data/raw/food101/food-101/images/apple_pie/2114765.jpg,0,apple_pie
data/raw/food101/food-101/images/apple_pie/1420227.jpg,0,apple_pie
data/raw/food101/food-101/images/apple_pie/2799681.jpg,0,apple_pie
data/raw/food101/food-101/images/apple_pie/2383378.jpg,0,apple_pie
data/raw/food101/food-101/images/apple_pie/2934928.jpg,0,apple_pie
data/raw/food101/food-101/images/apple_pie/2110985.jpg,0,apple_pie
data/raw/food101/food-101/images/apple_pie/3521500.jpg,0,apple_pie
data/raw/food101/food-101/images/apple_pie/3175105.jpg,0,apple_pie
data/raw/food101/food-101/images/apple_pie/812047.jpg,0,apple_pie
data/raw/food101/food-101/images/apple_pie/2523219.jpg,0,apple_pie
data/raw/food101/food-101/images/apple_pie/2304784.jpg,0,apple_pie
data/raw/food101/food-101/images/apple_pie/127721.jpg,0,apple_pie
data/raw/food101/food-101/images/apple_pie/562659.jpg,0,apple_pie
data/raw/food101/food-101/images/apple_pie/451719.jpg,0,apple_pie
data/raw/food101/food-101/images/apple_pie/67826.jpg,0,apple_pie
data/raw/food101/food-101/images/apple_pie/1988310.jpg,0,apple_pie
data/raw/food101/food-101/images/apple_pie/3746599.jpg,0,apple_pie
data/raw/food101/food-101/images/apple_pie/842012.jpg,0,apple_pie
data/raw/food101/food-101/images/apple_pie/103801.jpg,0,apple_pie
data/raw/food101/food-101/images/apple_pie/1361950.jpg,0,apple_pie
data/raw/food101/food-101/images/apple_pie/1753935.jpg,0,apple_pie
data/raw/food101/food-101/images/apple_pie/3236737.jpg,0,apple_pie
data/raw/food101/food-101/images/apple_pie/2761063.jpg,0,apple_pie
data/raw/food101/food-101/images/apple_pie/3683557.jpg,0,apple_pie
data/raw/food101/food-101/images/apple_pie/3240840.jpg,0,apple_pie
data/raw/food101/food-101/images/apple_pie/591398.jpg,0,apple_pie
data/raw/food101/food-101/images/apple_pie/2847214.jpg,0,apple_pie
data/raw/food101/food-101/images/apple_pie/3708762.jpg,0,apple_pie
data/raw/food101/food-101/images/apple_pie/2223847.jpg,0,apple_pie
data/raw/food101/food-101/images/apple_pie/1481550.jpg,0,apple_pie
data/raw/food101/food-101/images/apple_pie/2615584.jpg,0,apple_pie
data/raw/food101/food-101/images/apple_pie/2030311.jpg,0,apple_pie
data/raw/food101/food-101/images/apple_pie/981895.jpg,0,apple_pie
data/raw/food101/food-101/images/apple_pie/739410.jpg,0,apple_pie
data/raw/food101/food-101/images/apple_pie/2986199.jpg,0,apple_pie
data/raw/food101/food-101/images/baby_back_ribs/948393.jpg,1,baby_back_ribs
data/raw/food101/food-101/images/baby_back_ribs/261900.jpg,1,baby_back_ribs
data/raw/food101/food-101/images/baby_back_ribs/443749.jpg,1,baby_back_ribs
data/raw/food101/food-101/images/baby_back_ribs/3174626.jpg,1,baby_back_ribs
data/raw/food101/food-101/images/baby_back_ribs/516320.jpg,1,baby_back_ribs
data/raw/food101/food-101/images/baby_back_ribs/1073370.jpg,1,baby_back_ribs
data/raw/food101/food-101/images/baby_back_ribs/2491343.jpg,1,baby_back_ribs
data/raw/food101/food-101/images/baby_back_ribs/652800.jpg,1,baby_back_ribs
data/raw/food101/food-101/images/baby_back_ribs/2546280.jpg,1,baby_back_ribs
data/raw/food101/food-101/images/baby_back_ribs/1772427.jpg,1,baby_back_ribs
data/raw/food101/food-101/images/baby_back_ribs/3403012.jpg,1,baby_back_ribs
data/raw/food101/food-101/images/baby_back_ribs/153883.jpg,1,baby_back_ribs
data/raw/food101/food-101/images/baby_back_ribs/748033.jpg,1,baby_back_ribs
data/raw/food101/food-101/images/baby_back_ribs/1537031.jpg,1,baby_back_ribs
data/raw/food101/food-101/images/baby_back_ribs/824318.jpg,1,baby_back_ribs
data/raw/food101/food-101/images/baby_back_ribs/3278512.jpg,1,baby_back_ribs
data/raw/food101/food-101/images/baby_back_ribs/1352978.jpg,1,baby_back_ribs
data/raw/food101/food-101/images/baby_back_ribs/560367.jpg,1,baby_back_ribs
data/raw/food101/food-101/images/baby_back_ribs/1814986.jpg,1,baby_back_ribs
data/raw/food101/food-101/images/baby_back_ribs/1078518.jpg,1,baby_back_ribs
data/raw/food101/food-101/images/baby_back_ribs/2924393.jpg,1,baby_back_ribs
data/raw/food101/food-101/images/baby_back_ribs/3265047.jpg,1,baby_back_ribs
data/raw/food101/food-101/images/baby_back_ribs/1667679.jpg,1,baby_back_ribs
data/raw/food101/food-101/images/baby_back_ribs/1676906.jpg,1,baby_back_ribs
data/raw/food101/food-101/images/baby_back_ribs/2561928.jpg,1,baby_back_ribs
data/raw/food101/food-101/images/baby_back_ribs/906827.jpg,1,baby_back_ribs
data/raw/food101/food-101/images/baby_back_ribs/2641510.jpg,1,baby_back_ribs
data/raw/food101/food-101/images/baby_back_ribs/1573043.jpg,1,baby_back_ribs
data/raw/food101/food-101/images/baby_back_ribs/3621492.jpg,1,baby_back_ribs
data/raw/food101/food-101/images/baby_back_ribs/1373674.jpg,1,baby_back_ribs
data/raw/food101/food-101/images/baby_back_ribs/742157.jpg,1,baby_back_ribs
data/raw/food101/food-101/images/baby_back_ribs/2060269.jpg,1,baby_back_ribs
data/raw/food101/food-101/images/baby_back_ribs/3511069.jpg,1,baby_back_ribs
data/raw/food101/food-101/images/baby_back_ribs/3887363.jpg,1,baby_back_ribs
data/raw/food101/food-101/images/baby_back_ribs/2023403.jpg,1,baby_back_ribs
data/raw/food101/food-101/images/baby_back_ribs/2633796.jpg,1,baby_back_ribs
data/raw/food101/food-101/images/baby_back_ribs/2364026.jpg,1,baby_back_ribs
data/raw/food101/food-101/images/baby_back_ribs/3125728.jpg,1,baby_back_ribs
data/raw/food101/food-101/images/baby_back_ribs/230559.jpg,1,baby_back_ribs
data/raw/food101/food-101/images/baby_back_ribs/689859.jpg,1,baby_back_ribs
data/raw/food101/food-101/images/baby_back_ribs/1395662.jpg,1,baby_back_ribs
data/raw/food101/food-101/images/baby_back_ribs/1970515.jpg,1,baby_back_ribs
data/raw/food101/food-101/images/baby_back_ribs/3132647.jpg,1,baby_back_ribs
data/raw/food101/food-101/images/baby_back_ribs/3202462.jpg,1,baby_back_ribs
data/raw/food101/food-101/images/baby_back_ribs/3467357.jpg,1,baby_back_ribs
data/raw/food101/food-101/images/baby_back_ribs/464701.jpg,1,baby_back_ribs
data/raw/food101/food-101/images/baby_back_ribs/2517831.jpg,1,baby_back_ribs
data/raw/food101/food-101/images/baby_back_ribs/540444.jpg,1,baby_back_ribs
data/raw/food101/food-101/images/baby_back_ribs/3042778.jpg,1,baby_back_ribs
data/raw/food101/food-101/images/baby_back_ribs/823967.jpg,1,baby_back_ribs
data/raw/food101/food-101/images/baby_back_ribs/1775388.jpg,1,baby_back_ribs
data/raw/food101/food-101/images/baby_back_ribs/3222671.jpg,1,baby_back_ribs
data/raw/food101/food-101/images/baby_back_ribs/1228072.jpg,1,baby_back_ribs
data/raw/food101/food-101/images/baby_back_ribs/2053235.jpg,1,baby_back_ribs
data/raw/food101/food-101/images/baby_back_ribs/2732278.jpg,1,baby_back_ribs
data/raw/food101/food-101/images/baby_back_ribs/3087247.jpg,1,baby_back_ribs
data/raw/food101/food-101/images/baby_back_ribs/849628.jpg,1,baby_back_ribs
data/raw/food101/food-101/images/baby_back_ribs/1342514.jpg,1,baby_back_ribs
data/raw/food101/food-101/images/baby_back_ribs/2272205.jpg,1,baby_back_ribs
data/raw/food101/food-101/images/baby_back_ribs/2129884.jpg,1,baby_back_ribs
data/raw/food101/food-101/images/baby_back_ribs/2474880.jpg,1,baby_back_ribs
data/raw/food101/food-101/images/baby_back_ribs/953087.jpg,1,baby_back_ribs
data/raw/food101/food-101/images/baby_back_ribs/2349987.jpg,1,baby_back_ribs
data/raw/food101/food-101/images/baby_back_ribs/652170.jpg,1,baby_back_ribs
data/raw/food101/food-101/images/baby_back_ribs/1986342.jpg,1,baby_back_ribs
data/raw/food101/food-101/images/baby_back_ribs/1765250.jpg,1,baby_back_ribs
data/raw/food101/food-101/images/baby_back_ribs/68204.jpg,1,baby_back_ribs
data/raw/food101/food-101/images/baby_back_ribs/444503.jpg,1,baby_back_ribs
data/raw/food101/food-101/images/baby_back_ribs/1446793.jpg,1,baby_back_ribs
data/raw/food101/food-101/images/baby_back_ribs/2179524.jpg,1,baby_back_ribs
data/raw/food101/food-101/images/baklava/3467039.jpg,2,baklava
data/raw/food101/food-101/images/baklava/29744.jpg,2,baklava
data/raw/food101/food-101/images/baklava/2198092.jpg,2,baklava
data/raw/food101/food-101/images/baklava/2917278.jpg,2,baklava
data/raw/food101/food-101/images/baklava/3042345.jpg,2,baklava
data/raw/food101/food-101/images/baklava/3119097.jpg,2,baklava
data/raw/food101/food-101/images/baklava/2397226.jpg,2,baklava
data/raw/food101/food-101/images/baklava/1547472.jpg,2,baklava
data/raw/food101/food-101/images/baklava/873848.jpg,2,baklava
data/raw/food101/food-101/images/baklava/3272678.jpg,2,baklava
data/raw/food101/food-101/images/baklava/3429064.jpg,2,baklava
data/raw/food101/food-101/images/baklava/3910816.jpg,2,baklava
data/raw/food101/food-101/images/baklava/1788827.jpg,2,baklava
data/raw/food101/food-101/images/baklava/2411364.jpg,2,baklava
data/raw/food101/food-101/images/baklava/3189724.jpg,2,baklava
data/raw/food101/food-101/images/baklava/852081.jpg,2,baklava
data/raw/food101/food-101/images/baklava/3055850.jpg,2,baklava
data/raw/food101/food-101/images/baklava/3885250.jpg,2,baklava
data/raw/food101/food-101/images/baklava/3261770.jpg,2,baklava
data/raw/food101/food-101/images/baklava/3693361.jpg,2,baklava
data/raw/food101/food-101/images/baklava/905754.jpg,2,baklava
data/raw/food101/food-101/images/baklava/1129329.jpg,2,baklava
data/raw/food101/food-101/images/baklava/2137008.jpg,2,baklava
data/raw/food101/food-101/images/baklava/476091.jpg,2,baklava
data/raw/food101/food-101/images/baklava/689207.jpg,2,baklava
data/raw/food101/food-101/images/baklava/1014880.jpg,2,baklava
data/raw/food101/food-101/images/baklava/2379083.jpg,2,baklava
data/raw/food101/food-101/images/baklava/3385433.jpg,2,baklava
data/raw/food101/food-101/images/baklava/491124.jpg,2,baklava
data/raw/food101/food-101/images/baklava/2433084.jpg,2,baklava
data/raw/food101/food-101/images/baklava/2428012.jpg,2,baklava
data/raw/food101/food-101/images/baklava/65017.jpg,2,baklava
data/raw/food101/food-101/images/baklava/2796430.jpg,2,baklava
data/raw/food101/food-101/images/baklava/2592238.jpg,2,baklava
data/raw/food101/food-101/images/baklava/1448425.jpg,2,baklava
data/raw/food101/food-101/images/baklava/1334403.jpg,2,baklava
data/raw/food101/food-101/images/baklava/1482317.jpg,2,baklava
data/raw/food101/food-101/images/baklava/1255759.jpg,2,baklava
data/raw/food101/food-101/images/baklava/1520628.jpg,2,baklava
data/raw/food101/food-101/images/baklava/447219.jpg,2,baklava
data/raw/food101/food-101/images/baklava/854891.jpg,2,baklava
data/raw/food101/food-101/images/baklava/2136819.jpg,2,baklava
data/raw/food101/food-101/images/baklava/2511737.jpg,2,baklava
data/raw/food101/food-101/images/baklava/3125249.jpg,2,baklava
data/raw/food101/food-101/images/baklava/2692169.jpg,2,baklava
data/raw/food101/food-101/images/baklava/640052.jpg,2,baklava
data/raw/food101/food-101/images/baklava/2171197.jpg,2,baklava
data/raw/food101/food-101/images/baklava/2306651.jpg,2,baklava
data/raw/food101/food-101/images/baklava/473405.jpg,2,baklava
data/raw/food101/food-101/images/baklava/3188535.jpg,2,baklava
data/raw/food101/food-101/images/baklava/910559.jpg,2,baklava
data/raw/food101/food-101/images/baklava/1792662.jpg,2,baklava
data/raw/food101/food-101/images/baklava/3567684.jpg,2,baklava
data/raw/food101/food-101/images/baklava/485738.jpg,2,baklava
data/raw/food101/food-101/images/baklava/2946891.jpg,2,baklava
data/raw/food101/food-101/images/baklava/562085.jpg,2,baklava
data/raw/food101/food-101/images/baklava/2547813.jpg,2,baklava
data/raw/food101/food-101/images/baklava/445054.jpg,2,baklava
data/raw/food101/food-101/images/baklava/2193566.jpg,2,baklava
data/raw/food101/food-101/images/baklava/80943.jpg,2,baklava
data/raw/food101/food-101/images/baklava/3311814.jpg,2,baklava
data/raw/food101/food-101/images/baklava/376052.jpg,2,baklava
data/raw/food101/food-101/images/baklava/3201530.jpg,2,baklava
data/raw/food101/food-101/images/baklava/2207308.jpg,2,baklava
data/raw/food101/food-101/images/baklava/3455436.jpg,2,baklava
data/raw/food101/food-101/images/baklava/2208073.jpg,2,baklava
data/raw/food101/food-101/images/baklava/3212849.jpg,2,baklava
data/raw/food101/food-101/images/baklava/1988098.jpg,2,baklava
data/raw/food101/food-101/images/baklava/2321742.jpg,2,baklava
data/raw/food101/food-101/images/baklava/789354.jpg,2,baklava
data/raw/food101/food-101/images/beef_carpaccio/981711.jpg,3,beef_carpaccio
data/raw/food101/food-101/images/beef_carpaccio/2413285.jpg,3,beef_carpaccio
data/raw/food101/food-101/images/beef_carpaccio/1335117.jpg,3,beef_carpaccio
data/raw/food101/food-101/images/beef_carpaccio/2522462.jpg,3,beef_carpaccio
data/raw/food101/food-101/images/beef_carpaccio/3323312.jpg,3,beef_carpaccio
data/raw/food101/food-101/images/beef_carpaccio/1525582.jpg,3,beef_carpaccio
data/raw/food101/food-101/images/beef_carpaccio/2184662.jpg,3,beef_carpaccio
data/raw/food101/food-101/images/beef_carpaccio/3042132.jpg,3,beef_carpaccio
data/raw/food101/food-101/images/beef_carpaccio/861285.jpg,3,beef_carpaccio
data/raw/food101/food-101/images/beef_carpaccio/2481212.jpg,3,beef_carpaccio
data/raw/food101/food-101/images/beef_carpaccio/3574772.jpg,3,beef_carpaccio
data/raw/food101/food-101/images/beef_carpaccio/1744366.jpg,3,beef_carpaccio
data/raw/food101/food-101/images/beef_carpaccio/286508.jpg,3,beef_carpaccio
data/raw/food101/food-101/images/beef_carpaccio/2823912.jpg,3,beef_carpaccio
data/raw/food101/food-101/images/beef_carpaccio/1995804.jpg,3,beef_carpaccio
data/raw/food101/food-101/images/beef_carpaccio/1364391.jpg,3,beef_carpaccio
data/raw/food101/food-101/images/beef_carpaccio/132139.jpg,3,beef_carpaccio
data/raw/food101/food-101/images/beef_carpaccio/3329208.jpg,3,beef_carpaccio
data/raw/food101/food-101/images/beef_carpaccio/3287986.jpg,3,beef_carpaccio
data/raw/food101/food-101/images/beef_carpaccio/459624.jpg,3,beef_carpaccio
data/raw/food101/food-101/images/beef_carpaccio/1915556.jpg,3,beef_carpaccio
data/raw/food101/food-101/images/beef_carpaccio/2103010.jpg,3,beef_carpaccio
data/raw/food101/food-101/images/beef_carpaccio/1572827.jpg,3,beef_carpaccio
data/raw/food101/food-101/images/beef_carpaccio/1725022.jpg,3,beef_carpaccio
data/raw/food101/food-101/images/beef_carpaccio/3034703.jpg,3,beef_carpaccio
data/raw/food101/food-101/images/beef_carpaccio/2605475.jpg,3,beef_carpaccio
data/raw/food101/food-101/images/beef_carpaccio/3692333.jpg,3,beef_carpaccio
data/raw/food101/food-101/images/beef_carpaccio/3397060.jpg,3,beef_carpaccio
data/raw/food101/food-101/images/beef_carpaccio/1462959.jpg,3,beef_carpaccio
data/raw/food101/food-101/images/beef_carpaccio/122833.jpg,3,beef_carpaccio
data/raw/food101/food-101/images/beef_carpaccio/1661531.jpg,3,beef_carpaccio
data/raw/food101/food-101/images/beef_carpaccio/606763.jpg,3,beef_carpaccio
data/raw/food101/food-101/images/beef_carpaccio/1636003.jpg,3,beef_carpaccio
data/raw/food101/food-101/images/beef_carpaccio/2652547.jpg,3,beef_carpaccio
data/raw/food101/food-101/images/beef_carpaccio/855780.jpg,3,beef_carpaccio
data/raw/food101/food-101/images/beef_carpaccio/794401.jpg,3,beef_carpaccio
data/raw/food101/food-101/images/beef_carpaccio/130872.jpg,3,beef_carpaccio
data/raw/food101/food-101/images/beef_carpaccio/1189532.jpg,3,beef_carpaccio
data/raw/food101/food-101/images/beef_carpaccio/1831113.jpg,3,beef_carpaccio
data/raw/food101/food-101/images/beef_carpaccio/1097159.jpg,3,beef_carpaccio
data/raw/food101/food-101/images/beef_carpaccio/97514.jpg,3,beef_carpaccio
data/raw/food101/food-101/images/beef_carpaccio/1888322.jpg,3,beef_carpaccio
data/raw/food101/food-101/images/beef_carpaccio/2152088.jpg,3,beef_carpaccio
data/raw/food101/food-101/images/beef_carpaccio/1745208.jpg,3,beef_carpaccio
data/raw/food101/food-101/images/beef_carpaccio/2197908.jpg,3,beef_carpaccio
data/raw/food101/food-101/images/beef_carpaccio/1279446.jpg,3,beef_carpaccio
data/raw/food101/food-101/images/beef_carpaccio/3274204.jpg,3,beef_carpaccio
data/raw/food101/food-101/images/beef_carpaccio/1210266.jpg,3,beef_carpaccio
data/raw/food101/food-101/images/beef_carpaccio/3715270.jpg,3,beef_carpaccio
data/raw/food101/food-101/images/beef_carpaccio/262281.jpg,3,beef_carpaccio
data/raw/food101/food-101/images/beef_carpaccio/1891545.jpg,3,beef_carpaccio
data/raw/food101/food-101/images/beef_carpaccio/898749.jpg,3,beef_carpaccio
data/raw/food101/food-101/images/beef_carpaccio/3034764.jpg,3,beef_carpaccio
data/raw/food101/food-101/images/beef_carpaccio/3326472.jpg,3,beef_carpaccio
data/raw/food101/food-101/images/beef_carpaccio/2959465.jpg,3,beef_carpaccio
data/raw/food101/food-101/images/beef_carpaccio/1371998.jpg,3,beef_carpaccio
data/raw/food101/food-101/images/beef_carpaccio/146166.jpg,3,beef_carpaccio
data/raw/food101/food-101/images/beef_carpaccio/2072115.jpg,3,beef_carpaccio
data/raw/food101/food-101/images/beef_carpaccio/1186544.jpg,3,beef_carpaccio
data/raw/food101/food-101/images/beef_carpaccio/3187459.jpg,3,beef_carpaccio
data/raw/food101/food-101/images/beef_carpaccio/2035002.jpg,3,beef_carpaccio
data/raw/food101/food-101/images/beef_carpaccio/3169022.jpg,3,beef_carpaccio
data/raw/food101/food-101/images/beef_carpaccio/1531807.jpg,3,beef_carpaccio
data/raw/food101/food-101/images/beef_carpaccio/2649866.jpg,3,beef_carpaccio
data/raw/food101/food-101/images/beef_carpaccio/2782162.jpg,3,beef_carpaccio
data/raw/food101/food-101/images/beef_carpaccio/1926900.jpg,3,beef_carpaccio
data/raw/food101/food-101/images/beef_carpaccio/242001.jpg,3,beef_carpaccio
data/raw/food101/food-101/images/beef_carpaccio/1839663.jpg,3,beef_carpaccio
data/raw/food101/food-101/images/beef_carpaccio/1726589.jpg,3,beef_carpaccio
data/raw/food101/food-101/images/beef_carpaccio/118171.jpg,3,beef_carpaccio
data/raw/food101/food-101/images/beef_tartare/2430073.jpg,4,beef_tartare
data/raw/food101/food-101/images/beef_tartare/2407063.jpg,4,beef_tartare
data/raw/food101/food-101/images/beef_tartare/2430031.jpg,4,beef_tartare
data/raw/food101/food-101/images/beef_tartare/1583369.jpg,4,beef_tartare
data/raw/food101/food-101/images/beef_tartare/3440287.jpg,4,beef_tartare
data/raw/food101/food-101/images/beef_tartare/2482222.jpg,4,beef_tartare
data/raw/food101/food-101/images/beef_tartare/1728821.jpg,4,beef_tartare
data/raw/food101/food-101/images/beef_tartare/703173.jpg,4,beef_tartare
data/raw/food101/food-101/images/beef_tartare/3650912.jpg,4,beef_tartare
data/raw/food101/food-101/images/beef_tartare/157023.jpg,4,beef_tartare
data/raw/food101/food-101/images/beef_tartare/584778.jpg,4,beef_tartare
data/raw/food101/food-101/images/beef_tartare/2072145.jpg,4,beef_tartare
data/raw/food101/food-101/images/beef_tartare/2436098.jpg,4,beef_tartare
data/raw/food101/food-101/images/beef_tartare/2892807.jpg,4,beef_tartare
data/raw/food101/food-101/images/beef_tartare/3664215.jpg,4,beef_tartare
data/raw/food101/food-101/images/beef_tartare/2781059.jpg,4,beef_tartare
data/raw/food101/food-101/images/beef_tartare/3894436.jpg,4,beef_tartare
data/raw/food101/food-101/images/beef_tartare/3407297.jpg,4,beef_tartare
data/raw/food101/food-101/images/beef_tartare/3541354.jpg,4,beef_tartare
data/raw/food101/food-101/images/beef_tartare/183970.jpg,4,beef_tartare
data/raw/food101/food-101/images/beef_tartare/3087226.jpg,4,beef_tartare
data/raw/food101/food-101/images/beef_tartare/3733512.jpg,4,beef_tartare
data/raw/food101/food-101/images/beef_tartare/3732243.jpg,4,beef_tartare
data/raw/food101/food-101/images/beef_tartare/3345345.jpg,4,beef_tartare
data/raw/food101/food-101/images/beef_tartare/853021.jpg,4,beef_tartare
data/raw/food101/food-101/images/beef_tartare/3728219.jpg,4,beef_tartare
data/raw/food101/food-101/images/beef_tartare/2895378.jpg,4,beef_tartare
data/raw/food101/food-101/images/beef_tartare/2956940.jpg,4,beef_tartare
data/raw/food101/food-101/images/beef_tartare/1707428.jpg,4,beef_tartare
data/raw/food101/food-101/images/beef_tartare/672137.jpg,4,beef_tartare
data/raw/food101/food-101/images/beef_tartare/257870.jpg,4,beef_tartare
data/raw/food101/food-101/images/beef_tartare/3283477.jpg,4,beef_tartare
data/raw/food101/food-101/images/beef_tartare/3530380.jpg,4,beef_tartare
data/raw/food101/food-101/images/beef_tartare/2552197.jpg,4,beef_tartare
data/raw/food101/food-101/images/beef_tartare/475545.jpg,4,beef_tartare
data/raw/food101/food-101/images/beef_tartare/1159370.jpg,4,beef_tartare
data/raw/food101/food-101/images/beef_tartare/2422495.jpg,4,beef_tartare
data/raw/food101/food-101/images/beef_tartare/3507248.jpg,4,beef_tartare
data/raw/food101/food-101/images/beef_tartare/3692683.jpg,4,beef_tartare
data/raw/food101/food-101/images/beef_tartare/903105.jpg,4,beef_tartare
data/raw/food101/food-101/images/beef_tartare/1076783.jpg,4,beef_tartare
data/raw/food101/food-101/images/beef_tartare/1654109.jpg,4,beef_tartare
data/raw/food101/food-101/images/beef_tartare/50036.jpg,4,beef_tartare
data/raw/food101/food-101/images/beef_tartare/1152678.jpg,4,beef_tartare
data/raw/food101/food-101/images/beef_tartare/668402.jpg,4,beef_tartare
data/raw/food101/food-101/images/beef_tartare/745088.jpg,4,beef_tartare
data/raw/food101/food-101/images/beef_tartare/2046922.jpg,4,beef_tartare
data/raw/food101/food-101/images/beef_tartare/2183314.jpg,4,beef_tartare
data/raw/food101/food-101/images/beef_tartare/2443022.jpg,4,beef_tartare
data/raw/food101/food-101/images/beef_tartare/3432164.jpg,4,beef_tartare
data/raw/food101/food-101/images/beef_tartare/50022.jpg,4,beef_tartare
data/raw/food101/food-101/images/beef_tartare/1877549.jpg,4,beef_tartare
data/raw/food101/food-101/images/beef_tartare/2968913.jpg,4,beef_tartare
data/raw/food101/food-101/images/beef_tartare/1381542.jpg,4,beef_tartare
data/raw/food101/food-101/images/beef_tartare/3015932.jpg,4,beef_tartare
data/raw/food101/food-101/images/beef_tartare/3794929.jpg,4,beef_tartare
data/raw/food101/food-101/images/beef_tartare/2401864.jpg,4,beef_tartare
data/raw/food101/food-101/images/beef_tartare/2663980.jpg,4,beef_tartare
data/raw/food101/food-101/images/beef_tartare/860481.jpg,4,beef_tartare
data/raw/food101/food-101/images/beef_tartare/169940.jpg,4,beef_tartare
data/raw/food101/food-101/images/beef_tartare/969971.jpg,4,beef_tartare
data/raw/food101/food-101/images/beef_tartare/2559298.jpg,4,beef_tartare
data/raw/food101/food-101/images/beef_tartare/1409752.jpg,4,beef_tartare
data/raw/food101/food-101/images/beef_tartare/1452672.jpg,4,beef_tartare
data/raw/food101/food-101/images/beef_tartare/2413744.jpg,4,beef_tartare
data/raw/food101/food-101/images/beef_tartare/1436447.jpg,4,beef_tartare
data/raw/food101/food-101/images/beef_tartare/2851200.jpg,4,beef_tartare
data/raw/food101/food-101/images/beef_tartare/167316.jpg,4,beef_tartare
data/raw/food101/food-101/images/beef_tartare/6149.jpg,4,beef_tartare
data/raw/food101/food-101/images/beef_tartare/1585967.jpg,4,beef_tartare
data/raw/food101/food-101/images/beet_salad/2126479.jpg,5,beet_salad
data/raw/food101/food-101/images/beet_salad/799594.jpg,5,beet_salad
data/raw/food101/food-101/images/beet_salad/1781213.jpg,5,beet_salad
data/raw/food101/food-101/images/beet_salad/2178720.jpg,5,beet_salad
data/raw/food101/food-101/images/beet_salad/3890496.jpg,5,beet_salad
data/raw/food101/food-101/images/beet_salad/3301453.jpg,5,beet_salad
data/raw/food101/food-101/images/beet_salad/1310278.jpg,5,beet_salad
data/raw/food101/food-101/images/beet_salad/3805698.jpg,5,beet_salad
data/raw/food101/food-101/images/beet_salad/2632998.jpg,5,beet_salad
data/raw/food101/food-101/images/beet_salad/1512648.jpg,5,beet_salad
data/raw/food101/food-101/images/beet_salad/2817904.jpg,5,beet_salad
data/raw/food101/food-101/images/beet_salad/3741480.jpg,5,beet_salad
data/raw/food101/food-101/images/beet_salad/881647.jpg,5,beet_salad
data/raw/food101/food-101/images/beet_salad/3448153.jpg,5,beet_salad
data/raw/food101/food-101/images/beet_salad/3761820.jpg,5,beet_salad
data/raw/food101/food-101/images/beet_salad/3429865.jpg,5,beet_salad
data/raw/food101/food-101/images/beet_salad/2012446.jpg,5,beet_salad
data/raw/food101/food-101/images/beet_salad/3134694.jpg,5,beet_salad
data/raw/food101/food-101/images/beet_salad/228551.jpg,5,beet_salad
data/raw/food101/food-101/images/beet_salad/2873098.jpg,5,beet_salad
data/raw/food101/food-101/images/beet_salad/2447628.jpg,5,beet_salad
data/raw/food101/food-101/images/beet_salad/629130.jpg,5,beet_salad
data/raw/food101/food-101/images/beet_salad/3178099.jpg,5,beet_salad
data/raw/food101/food-101/images/beet_salad/2612209.jpg,5,beet_salad
data/raw/food101/food-101/images/beet_salad/3807968.jpg,5,beet_salad
data/raw/food101/food-101/images/beet_salad/335244.jpg,5,beet_salad
data/raw/food101/food-101/images/beet_salad/1711729.jpg,5,beet_salad
data/raw/food101/food-101/images/beet_salad/582435.jpg,5,beet_salad
data/raw/food101/food-101/images/beet_salad/472110.jpg,5,beet_salad
data/raw/food101/food-101/images/beet_salad/683282.jpg,5,beet_salad
data/raw/food101/food-101/images/beet_salad/2761368.jpg,5,beet_salad
data/raw/food101/food-101/images/beet_salad/1351332.jpg,5,beet_salad
data/raw/food101/food-101/images/beet_salad/2850582.jpg,5,beet_salad
data/raw/food101/food-101/images/beet_salad/1932730.jpg,5,beet_salad
data/raw/food101/food-101/images/beet_salad/1679065.jpg,5,beet_salad
data/raw/food101/food-101/images/beet_salad/120442.jpg,5,beet_salad
data/raw/food101/food-101/images/beet_salad/3360445.jpg,5,beet_salad
data/raw/food101/food-101/images/beet_salad/1860896.jpg,5,beet_salad
data/raw/food101/food-101/images/beet_salad/3762962.jpg,5,beet_salad
data/raw/food101/food-101/images/beet_salad/1742629.jpg,5,beet_salad
data/raw/food101/food-101/images/beet_salad/1661217.jpg,5,beet_salad
data/raw/food101/food-101/images/beet_salad/3297983.jpg,5,beet_salad
data/raw/food101/food-101/images/beet_salad/3125472.jpg,5,beet_salad
data/raw/food101/food-101/images/beet_salad/2601956.jpg,5,beet_salad
data/raw/food101/food-101/images/beet_salad/695350.jpg,5,beet_salad
data/raw/food101/food-101/images/beet_salad/2727637.jpg,5,beet_salad
data/raw/food101/food-101/images/beet_salad/1510527.jpg,5,beet_salad
data/raw/food101/food-101/images/beet_salad/3694889.jpg,5,beet_salad
data/raw/food101/food-101/images/beet_salad/3268468.jpg,5,beet_salad
data/raw/food101/food-101/images/beet_salad/3199913.jpg,5,beet_salad
data/raw/food101/food-101/images/beet_salad/385149.jpg,5,beet_salad
data/raw/food101/food-101/images/beet_salad/2243988.jpg,5,beet_salad
data/raw/food101/food-101/images/beet_salad/2278707.jpg,5,beet_salad
data/raw/food101/food-101/images/beet_salad/241084.jpg,5,beet_salad
data/raw/food101/food-101/images/beet_salad/503688.jpg,5,beet_salad
data/raw/food101/food-101/images/beet_salad/2628099.jpg,5,beet_salad
data/raw/food101/food-101/images/beet_salad/3398820.jpg,5,beet_salad
data/raw/food101/food-101/images/beet_salad/1699985.jpg,5,beet_salad
data/raw/food101/food-101/images/beet_salad/2086477.jpg,5,beet_salad
data/raw/food101/food-101/images/beet_salad/3731720.jpg,5,beet_salad
data/raw/food101/food-101/images/beet_salad/2903550.jpg,5,beet_salad
data/raw/food101/food-101/images/beet_salad/3297221.jpg,5,beet_salad
data/raw/food101/food-101/images/beet_salad/1288727.jpg,5,beet_salad
data/raw/food101/food-101/images/beet_salad/440479.jpg,5,beet_salad
data/raw/food101/food-101/images/beet_salad/761999.jpg,5,beet_salad
data/raw/food101/food-101/images/beet_salad/986806.jpg,5,beet_salad
data/raw/food101/food-101/images/beet_salad/2726586.jpg,5,beet_salad
data/raw/food101/food-101/images/beet_salad/1757299.jpg,5,beet_salad
data/raw/food101/food-101/images/beet_salad/792717.jpg,5,beet_salad
data/raw/food101/food-101/images/beet_salad/3397745.jpg,5,beet_salad
data/raw/food101/food-101/images/beignets/343347.jpg,6,beignets
data/raw/food101/food-101/images/beignets/1617452.jpg,6,beignets
data/raw/food101/food-101/images/beignets/92470.jpg,6,beignets
data/raw/food101/food-101/images/beignets/76120.jpg,6,beignets
data/raw/food101/food-101/images/beignets/105576.jpg,6,beignets
data/raw/food101/food-101/images/beignets/717342.jpg,6,beignets
data/raw/food101/food-101/images/beignets/3910446.jpg,6,beignets
data/raw/food101/food-101/images/beignets/1492424.jpg,6,beignets
data/raw/food101/food-101/images/beignets/2737407.jpg,6,beignets
data/raw/food101/food-101/images/beignets/2331886.jpg,6,beignets
data/raw/food101/food-101/images/beignets/3644839.jpg,6,beignets
data/raw/food101/food-101/images/beignets/2551206.jpg,6,beignets
data/raw/food101/food-101/images/beignets/3227002.jpg,6,beignets
data/raw/food101/food-101/images/beignets/1829549.jpg,6,beignets
data/raw/food101/food-101/images/beignets/3857148.jpg,6,beignets
data/raw/food101/food-101/images/beignets/961610.jpg,6,beignets
data/raw/food101/food-101/images/beignets/1655915.jpg,6,beignets
data/raw/food101/food-101/images/beignets/1832643.jpg,6,beignets
data/raw/food101/food-101/images/beignets/2121303.jpg,6,beignets
data/raw/food101/food-101/images/beignets/2768778.jpg,6,beignets
data/raw/food101/food-101/images/beignets/3492509.jpg,6,beignets
data/raw/food101/food-101/images/beignets/92981.jpg,6,beignets
data/raw/food101/food-101/images/beignets/663907.jpg,6,beignets
data/raw/food101/food-101/images/beignets/1676567.jpg,6,beignets
data/raw/food101/food-101/images/beignets/175603.jpg,6,beignets
data/raw/food101/food-101/images/beignets/704599.jpg,6,beignets
data/raw/food101/food-101/images/beignets/2571678.jpg,6,beignets
data/raw/food101/food-101/images/beignets/2149914.jpg,6,beignets
data/raw/food101/food-101/images/beignets/539874.jpg,6,beignets
data/raw/food101/food-101/images/beignets/2412290.jpg,6,beignets
data/raw/food101/food-101/images/beignets/1497165.jpg,6,beignets
data/raw/food101/food-101/images/beignets/1519835.jpg,6,beignets
data/raw/food101/food-101/images/beignets/304459.jpg,6,beignets
data/raw/food101/food-101/images/beignets/81537.jpg,6,beignets
data/raw/food101/food-101/images/beignets/634933.jpg,6,beignets
data/raw/food101/food-101/images/beignets/3907839.jpg,6,beignets
data/raw/food101/food-101/images/beignets/529117.jpg,6,beignets
data/raw/food101/food-101/images/beignets/3510847.jpg,6,beignets
data/raw/food101/food-101/images/beignets/676507.jpg,6,beignets
data/raw/food101/food-101/images/beignets/2030228.jpg,6,beignets
data/raw/food101/food-101/images/beignets/947663.jpg,6,beignets
data/raw/food101/food-101/images/beignets/63922.jpg,6,beignets
data/raw/food101/food-101/images/beignets/2564579.jpg,6,beignets
data/raw/food101/food-101/images/beignets/1172359.jpg,6,beignets
data/raw/food101/food-101/images/beignets/3096917.jpg,6,beignets
data/raw/food101/food-101/images/beignets/2262560.jpg,6,beignets
data/raw/food101/food-101/images/beignets/3573964.jpg,6,beignets
data/raw/food101/food-101/images/beignets/2394104.jpg,6,beignets
data/raw/food101/food-101/images/beignets/3243762.jpg,6,beignets
data/raw/food101/food-101/images/beignets/3680805.jpg,6,beignets
data/raw/food101/food-101/images/beignets/1573496.jpg,6,beignets
data/raw/food101/food-101/images/beignets/3917742.jpg,6,beignets
data/raw/food101/food-101/images/beignets/2043752.jpg,6,beignets
data/raw/food101/food-101/images/beignets/1372714.jpg,6,beignets
data/raw/food101/food-101/images/beignets/1374331.jpg,6,beignets
data/raw/food101/food-101/images/beignets/294671.jpg,6,beignets
data/raw/food101/food-101/images/beignets/3617075.jpg,6,beignets
data/raw/food101/food-101/images/beignets/2783696.jpg,6,beignets
data/raw/food101/food-101/images/beignets/1108942.jpg,6,beignets
data/raw/food101/food-101/images/beignets/657739.jpg,6,beignets
data/raw/food101/food-101/images/beignets/2980607.jpg,6,beignets
data/raw/food101/food-101/images/beignets/1569099.jpg,6,beignets
data/raw/food101/food-101/images/beignets/1780417.jpg,6,beignets
data/raw/food101/food-101/images/beignets/1385293.jpg,6,beignets
data/raw/food101/food-101/images/beignets/2431945.jpg,6,beignets
data/raw/food101/food-101/images/beignets/3750281.jpg,6,beignets
data/raw/food101/food-101/images/beignets/2628639.jpg,6,beignets
data/raw/food101/food-101/images/beignets/2919138.jpg,6,beignets
data/raw/food101/food-101/images/beignets/1223455.jpg,6,beignets
data/raw/food101/food-101/images/beignets/2894065.jpg,6,beignets
data/raw/food101/food-101/images/bibimbap/507571.jpg,7,bibimbap
data/raw/food101/food-101/images/bibimbap/785803.jpg,7,bibimbap
data/raw/food101/food-101/images/bibimbap/3710224.jpg,7,bibimbap
data/raw/food101/food-101/images/bibimbap/1229620.jpg,7,bibimbap
data/raw/food101/food-101/images/bibimbap/2029996.jpg,7,bibimbap
data/raw/food101/food-101/images/bibimbap/2159898.jpg,7,bibimbap
data/raw/food101/food-101/images/bibimbap/1764200.jpg,7,bibimbap
data/raw/food101/food-101/images/bibimbap/1700512.jpg,7,bibimbap
data/raw/food101/food-101/images/bibimbap/971912.jpg,7,bibimbap
data/raw/food101/food-101/images/bibimbap/3392816.jpg,7,bibimbap
data/raw/food101/food-101/images/bibimbap/784683.jpg,7,bibimbap
data/raw/food101/food-101/images/bibimbap/2930635.jpg,7,bibimbap
data/raw/food101/food-101/images/bibimbap/762478.jpg,7,bibimbap
data/raw/food101/food-101/images/bibimbap/338795.jpg,7,bibimbap
data/raw/food101/food-101/images/bibimbap/3519660.jpg,7,bibimbap
data/raw/food101/food-101/images/bibimbap/3262937.jpg,7,bibimbap
data/raw/food101/food-101/images/bibimbap/3051510.jpg,7,bibimbap
data/raw/food101/food-101/images/bibimbap/51445.jpg,7,bibimbap
data/raw/food101/food-101/images/bibimbap/2500130.jpg,7,bibimbap
data/raw/food101/food-101/images/bibimbap/3728601.jpg,7,bibimbap
data/raw/food101/food-101/images/bibimbap/3347132.jpg,7,bibimbap
data/raw/food101/food-101/images/bibimbap/1053624.jpg,7,bibimbap
data/raw/food101/food-101/images/bibimbap/1219729.jpg,7,bibimbap
data/raw/food101/food-101/images/bibimbap/1736864.jpg,7,bibimbap
data/raw/food101/food-101/images/bibimbap/2246594.jpg,7,bibimbap
data/raw/food101/food-101/images/bibimbap/1036589.jpg,7,bibimbap
data/raw/food101/food-101/images/bibimbap/3450339.jpg,7,bibimbap
data/raw/food101/food-101/images/bibimbap/2350209.jpg,7,bibimbap
data/raw/food101/food-101/images/bibimbap/3174407.jpg,7,bibimbap
data/raw/food101/food-101/images/bibimbap/3335072.jpg,7,bibimbap
data/raw/food101/food-101/images/bibimbap/724732.jpg,7,bibimbap
data/raw/food101/food-101/images/bibimbap/1477376.jpg,7,bibimbap
data/raw/food101/food-101/images/bibimbap/2234335.jpg,7,bibimbap
data/raw/food101/food-101/images/bibimbap/2006967.jpg,7,bibimbap
data/raw/food101/food-101/images/bibimbap/2131392.jpg,7,bibimbap
data/raw/food101/food-101/images/bibimbap/1298250.jpg,7,bibimbap
data/raw/food101/food-101/images/bibimbap/2808170.jpg,7,bibimbap
data/raw/food101/food-101/images/bibimbap/1142274.jpg,7,bibimbap
data/raw/food101/food-101/images/bibimbap/2671015.jpg,7,bibimbap
data/raw/food101/food-101/images/bibimbap/3558729.jpg,7,bibimbap
data/raw/food101/food-101/images/bibimbap/3230839.jpg,7,bibimbap
data/raw/food101/food-101/images/bibimbap/882196.jpg,7,bibimbap
data/raw/food101/food-101/images/bibimbap/2629913.jpg,7,bibimbap
data/raw/food101/food-101/images/bibimbap/825890.jpg,7,bibimbap
data/raw/food101/food-101/images/bibimbap/2270542.jpg,7,bibimbap
data/raw/food101/food-101/images/bibimbap/1478083.jpg,7,bibimbap
data/raw/food101/food-101/images/bibimbap/1230874.jpg,7,bibimbap
data/raw/food101/food-101/images/bibimbap/2734525.jpg,7,bibimbap
data/raw/food101/food-101/images/bibimbap/3065208.jpg,7,bibimbap
data/raw/food101/food-101/images/bibimbap/2580466.jpg,7,bibimbap
data/raw/food101/food-101/images/bibimbap/1296263.jpg,7,bibimbap
data/raw/food101/food-101/images/bibimbap/2081511.jpg,7,bibimbap
data/raw/food101/food-101/images/bibimbap/689380.jpg,7,bibimbap
data/raw/food101/food-101/images/bibimbap/1733198.jpg,7,bibimbap
data/raw/food101/food-101/images/bibimbap/1025786.jpg,7,bibimbap
data/raw/food101/food-101/images/bibimbap/2842968.jpg,7,bibimbap
data/raw/food101/food-101/images/bibimbap/1212055.jpg,7,bibimbap
data/raw/food101/food-101/images/bibimbap/258765.jpg,7,bibimbap
data/raw/food101/food-101/images/bibimbap/211756.jpg,7,bibimbap
data/raw/food101/food-101/images/bibimbap/904185.jpg,7,bibimbap
data/raw/food101/food-101/images/bibimbap/3433383.jpg,7,bibimbap
data/raw/food101/food-101/images/bibimbap/607312.jpg,7,bibimbap
data/raw/food101/food-101/images/bibimbap/1315787.jpg,7,bibimbap
data/raw/food101/food-101/images/bibimbap/3456585.jpg,7,bibimbap
data/raw/food101/food-101/images/bibimbap/2316720.jpg,7,bibimbap
data/raw/food101/food-101/images/bibimbap/3438792.jpg,7,bibimbap
data/raw/food101/food-101/images/bibimbap/1035099.jpg,7,bibimbap
data/raw/food101/food-101/images/bibimbap/1080886.jpg,7,bibimbap
data/raw/food101/food-101/images/bibimbap/2118746.jpg,7,bibimbap
data/raw/food101/food-101/images/bibimbap/139723.jpg,7,bibimbap
data/raw/food101/food-101/images/bread_pudding/1652113.jpg,8,bread_pudding
data/raw/food101/food-101/images/bread_pudding/1774331.jpg,8,bread_pudding
data/raw/food101/food-101/images/bread_pudding/3076133.jpg,8,bread_pudding
data/raw/food101/food-101/images/bread_pudding/1641217.jpg,8,bread_pudding
data/raw/food101/food-101/images/bread_pudding/1105735.jpg,8,bread_pudding
data/raw/food101/food-101/images/bread_pudding/2884115.jpg,8,bread_pudding
data/raw/food101/food-101/images/bread_pudding/3145648.jpg,8,bread_pudding
data/raw/food101/food-101/images/bread_pudding/2860990.jpg,8,bread_pudding
data/raw/food101/food-101/images/bread_pudding/3594276.jpg,8,bread_pudding
data/raw/food101/food-101/images/bread_pudding/119065.jpg,8,bread_pudding
data/raw/food101/food-101/images/bread_pudding/2688640.jpg,8,bread_pudding
data/raw/food101/food-101/images/bread_pudding/2718243.jpg,8,bread_pudding
data/raw/food101/food-101/images/bread_pudding/1679373.jpg,8,bread_pudding
data/raw/food101/food-101/images/bread_pudding/3905170.jpg,8,bread_pudding
data/raw/food101/food-101/images/bread_pudding/3699571.jpg,8,bread_pudding
data/raw/food101/food-101/images/bread_pudding/3213073.jpg,8,bread_pudding
data/raw/food101/food-101/images/bread_pudding/301537.jpg,8,bread_pudding
data/raw/food101/food-101/images/bread_pudding/543330.jpg,8,bread_pudding
data/raw/food101/food-101/images/bread_pudding/2815948.jpg,8,bread_pudding
data/raw/food101/food-101/images/bread_pudding/1370001.jpg,8,bread_pudding
data/raw/food101/food-101/images/bread_pudding/259526.jpg,8,bread_pudding
data/raw/food101/food-101/images/bread_pudding/3403394.jpg,8,bread_pudding
data/raw/food101/food-101/images/bread_pudding/258523.jpg,8,bread_pudding
data/raw/food101/food-101/images/bread_pudding/283656.jpg,8,bread_pudding
data/raw/food101/food-101/images/bread_pudding/1811038.jpg,8,bread_pudding
data/raw/food101/food-101/images/bread_pudding/2197866.jpg,8,bread_pudding
data/raw/food101/food-101/images/bread_pudding/1006034.jpg,8,bread_pudding
data/raw/food101/food-101/images/bread_pudding/1961444.jpg,8,bread_pudding
data/raw/food101/food-101/images/bread_pudding/144233.jpg,8,bread_pudding
data/raw/food101/food-101/images/bread_pudding/858864.jpg,8,bread_pudding
data/raw/food101/food-101/images/bread_pudding/3607583.jpg,8,bread_pudding
data/raw/food101/food-101/images/bread_pudding/1167059.jpg,8,bread_pudding
data/raw/food101/food-101/images/bread_pudding/3141232.jpg,8,bread_pudding
data/raw/food101/food-101/images/bread_pudding/1901894.jpg,8,bread_pudding
data/raw/food101/food-101/images/bread_pudding/3232629.jpg,8,bread_pudding
data/raw/food101/food-101/images/bread_pudding/3407019.jpg,8,bread_pudding
data/raw/food101/food-101/images/bread_pudding/1136492.jpg,8,bread_pudding
data/raw/food101/food-101/images/bread_pudding/2473739.jpg,8,bread_pudding
data/raw/food101/food-101/images/bread_pudding/2406775.jpg,8,bread_pudding
data/raw/food101/food-101/images/bread_pudding/2937645.jpg,8,bread_pudding
data/raw/food101/food-101/images/bread_pudding/2978923.jpg,8,bread_pudding
data/raw/food101/food-101/images/bread_pudding/1989609.jpg,8,bread_pudding
data/raw/food101/food-101/images/bread_pudding/1184444.jpg,8,bread_pudding
data/raw/food101/food-101/images/bread_pudding/2823732.jpg,8,bread_pudding
data/raw/food101/food-101/images/bread_pudding/1231903.jpg,8,bread_pudding
data/raw/food101/food-101/images/bread_pudding/153416.jpg,8,bread_pudding
data/raw/food101/food-101/images/bread_pudding/2819203.jpg,8,bread_pudding
data/raw/food101/food-101/images/bread_pudding/3547353.jpg,8,bread_pudding
data/raw/food101/food-101/images/bread_pudding/3447924.jpg,8,bread_pudding
data/raw/food101/food-101/images/bread_pudding/1910489.jpg,8,bread_pudding
data/raw/food101/food-101/images/bread_pudding/1777993.jpg,8,bread_pudding
data/raw/food101/food-101/images/bread_pudding/1719659.jpg,8,bread_pudding
data/raw/food101/food-101/images/bread_pudding/3273968.jpg,8,bread_pudding
data/raw/food101/food-101/images/bread_pudding/1049189.jpg,8,bread_pudding
data/raw/food101/food-101/images/bread_pudding/250767.jpg,8,bread_pudding
data/raw/food101/food-101/images/bread_pudding/2057209.jpg,8,bread_pudding
data/raw/food101/food-101/images/bread_pudding/2191121.jpg,8,bread_pudding
data/raw/food101/food-101/images/bread_pudding/2395432.jpg,8,bread_pudding
data/raw/food101/food-101/images/bread_pudding/1324457.jpg,8,bread_pudding
data/raw/food101/food-101/images/bread_pudding/373978.jpg,8,bread_pudding
data/raw/food101/food-101/images/bread_pudding/158397.jpg,8,bread_pudding
data/raw/food101/food-101/images/bread_pudding/2415610.jpg,8,bread_pudding
data/raw/food101/food-101/images/bread_pudding/1789852.jpg,8,bread_pudding
data/raw/food101/food-101/images/bread_pudding/3709470.jpg,8,bread_pudding
data/raw/food101/food-101/images/bread_pudding/1762820.jpg,8,bread_pudding
data/raw/food101/food-101/images/bread_pudding/1670825.jpg,8,bread_pudding
data/raw/food101/food-101/images/bread_pudding/11628.jpg,8,bread_pudding
data/raw/food101/food-101/images/bread_pudding/296138.jpg,8,bread_pudding
data/raw/food101/food-101/images/bread_pudding/2861017.jpg,8,bread_pudding
data/raw/food101/food-101/images/bread_pudding/2443597.jpg,8,bread_pudding
data/raw/food101/food-101/images/breakfast_burrito/3161330.jpg,9,breakfast_burrito
data/raw/food101/food-101/images/breakfast_burrito/278641.jpg,9,breakfast_burrito
data/raw/food101/food-101/images/breakfast_burrito/885839.jpg,9,breakfast_burrito
data/raw/food101/food-101/images/breakfast_burrito/600819.jpg,9,breakfast_burrito
data/raw/food101/food-101/images/breakfast_burrito/176645.jpg,9,breakfast_burrito
data/raw/food101/food-101/images/breakfast_burrito/3441400.jpg,9,breakfast_burrito
data/raw/food101/food-101/images/breakfast_burrito/3828209.jpg,9,breakfast_burrito
data/raw/food101/food-101/images/breakfast_burrito/2342474.jpg,9,breakfast_burrito
data/raw/food101/food-101/images/breakfast_burrito/960997.jpg,9,breakfast_burrito
data/raw/food101/food-101/images/breakfast_burrito/3401338.jpg,9,breakfast_burrito
data/raw/food101/food-101/images/breakfast_burrito/1797268.jpg,9,breakfast_burrito
data/raw/food101/food-101/images/breakfast_burrito/3383233.jpg,9,breakfast_burrito
data/raw/food101/food-101/images/breakfast_burrito/2779568.jpg,9,breakfast_burrito
data/raw/food101/food-101/images/breakfast_burrito/928767.jpg,9,breakfast_burrito
data/raw/food101/food-101/images/breakfast_burrito/1905685.jpg,9,breakfast_burrito
data/raw/food101/food-101/images/breakfast_burrito/1565980.jpg,9,breakfast_burrito
data/raw/food101/food-101/images/breakfast_burrito/2303024.jpg,9,breakfast_burrito
data/raw/food101/food-101/images/breakfast_burrito/2506096.jpg,9,breakfast_burrito
data/raw/food101/food-101/images/breakfast_burrito/3546942.jpg,9,breakfast_burrito
data/raw/food101/food-101/images/breakfast_burrito/123696.jpg,9,breakfast_burrito
data/raw/food101/food-101/images/breakfast_burrito/592386.jpg,9,breakfast_burrito
data/raw/food101/food-101/images/breakfast_burrito/3189887.jpg,9,breakfast_burrito
data/raw/food101/food-101/images/breakfast_burrito/2519559.jpg,9,breakfast_burrito
data/raw/food101/food-101/images/breakfast_burrito/1567386.jpg,9,breakfast_burrito
data/raw/food101/food-101/images/breakfast_burrito/2248321.jpg,9,breakfast_burrito
data/raw/food101/food-101/images/breakfast_burrito/3733139.jpg,9,breakfast_burrito
data/raw/food101/food-101/images/breakfast_burrito/363893.jpg,9,breakfast_burrito
data/raw/food101/food-101/images/breakfast_burrito/3042237.jpg,9,breakfast_burrito
data/raw/food101/food-101/images/breakfast_burrito/3262336.jpg,9,breakfast_burrito
data/raw/food101/food-101/images/breakfast_burrito/2086839.jpg,9,breakfast_burrito
data/raw/food101/food-101/images/breakfast_burrito/27912.jpg,9,breakfast_burrito
data/raw/food101/food-101/images/breakfast_burrito/3486949.jpg,9,breakfast_burrito
data/raw/food101/food-101/images/breakfast_burrito/3864604.jpg,9,breakfast_burrito
data/raw/food101/food-101/images/breakfast_burrito/1348898.jpg,9,breakfast_burrito
data/raw/food101/food-101/images/breakfast_burrito/1641921.jpg,9,breakfast_burrito
data/raw/food101/food-101/images/breakfast_burrito/518930.jpg,9,breakfast_burrito
data/raw/food101/food-101/images/breakfast_burrito/2863393.jpg,9,breakfast_burrito
data/raw/food101/food-101/images/breakfast_burrito/2302398.jpg,9,breakfast_burrito
data/raw/food101/food-101/images/breakfast_burrito/997926.jpg,9,breakfast_burrito
data/raw/food101/food-101/images/breakfast_burrito/899740.jpg,9,breakfast_burrito
data/raw/food101/food-101/images/breakfast_burrito/353041.jpg,9,breakfast_burrito
data/raw/food101/food-101/images/breakfast_burrito/462294.jpg,9,breakfast_burrito
data/raw/food101/food-101/images/breakfast_burrito/3144009.jpg,9,breakfast_burrito
data/raw/food101/food-101/images/breakfast_burrito/89025.jpg,9,breakfast_burrito
data/raw/food101/food-101/images/breakfast_burrito/3263125.jpg,9,breakfast_burrito
data/raw/food101/food-101/images/breakfast_burrito/1852378.jpg,9,breakfast_burrito
data/raw/food101/food-101/images/breakfast_burrito/1015606.jpg,9,breakfast_burrito
data/raw/food101/food-101/images/breakfast_burrito/2085995.jpg,9,breakfast_burrito
data/raw/food101/food-101/images/breakfast_burrito/1069573.jpg,9,breakfast_burrito
data/raw/food101/food-101/images/breakfast_burrito/670250.jpg,9,breakfast_burrito
data/raw/food101/food-101/images/breakfast_burrito/3279155.jpg,9,breakfast_burrito
data/raw/food101/food-101/images/breakfast_burrito/1006144.jpg,9,breakfast_burrito
data/raw/food101/food-101/images/breakfast_burrito/2990343.jpg,9,breakfast_burrito
data/raw/food101/food-101/images/breakfast_burrito/601603.jpg,9,breakfast_burrito
data/raw/food101/food-101/images/breakfast_burrito/3606443.jpg,9,breakfast_burrito
data/raw/food101/food-101/images/breakfast_burrito/3427294.jpg,9,breakfast_burrito
data/raw/food101/food-101/images/breakfast_burrito/3853011.jpg,9,breakfast_burrito
data/raw/food101/food-101/images/breakfast_burrito/470219.jpg,9,breakfast_burrito
data/raw/food101/food-101/images/breakfast_burrito/633655.jpg,9,breakfast_burrito
data/raw/food101/food-101/images/breakfast_burrito/3742363.jpg,9,breakfast_burrito
data/raw/food101/food-101/images/breakfast_burrito/31073.jpg,9,breakfast_burrito
data/raw/food101/food-101/images/breakfast_burrito/1511037.jpg,9,breakfast_burrito
data/raw/food101/food-101/images/breakfast_burrito/3592663.jpg,9,breakfast_burrito
data/raw/food101/food-101/images/breakfast_burrito/1697615.jpg,9,breakfast_burrito
data/raw/food101/food-101/images/breakfast_burrito/2952743.jpg,9,breakfast_burrito
data/raw/food101/food-101/images/breakfast_burrito/1377245.jpg,9,breakfast_burrito
data/raw/food101/food-101/images/breakfast_burrito/1170407.jpg,9,breakfast_burrito
data/raw/food101/food-101/images/breakfast_burrito/698016.jpg,9,breakfast_burrito
data/raw/food101/food-101/images/breakfast_burrito/273328.jpg,9,breakfast_burrito
data/raw/food101/food-101/images/breakfast_burrito/1246341.jpg,9,breakfast_burrito
data/raw/food101/food-101/images/bruschetta/2550097.jpg,10,bruschetta
data/raw/food101/food-101/images/bruschetta/2274615.jpg,10,bruschetta
data/raw/food101/food-101/images/bruschetta/2463994.jpg,10,bruschetta
data/raw/food101/food-101/images/bruschetta/446521.jpg,10,bruschetta
data/raw/food101/food-101/images/bruschetta/529510.jpg,10,bruschetta
data/raw/food101/food-101/images/bruschetta/1526591.jpg,10,bruschetta
data/raw/food101/food-101/images/bruschetta/713493.jpg,10,bruschetta
data/raw/food101/food-101/images/bruschetta/903081.jpg,10,bruschetta
data/raw/food101/food-101/images/bruschetta/82635.jpg,10,bruschetta
data/raw/food101/food-101/images/bruschetta/213485.jpg,10,bruschetta
data/raw/food101/food-101/images/bruschetta/1642126.jpg,10,bruschetta
data/raw/food101/food-101/images/bruschetta/3439196.jpg,10,bruschetta
data/raw/food101/food-101/images/bruschetta/2064792.jpg,10,bruschetta
data/raw/food101/food-101/images/bruschetta/3782173.jpg,10,bruschetta
data/raw/food101/food-101/images/bruschetta/369264.jpg,10,bruschetta
data/raw/food101/food-101/images/bruschetta/210237.jpg,10,bruschetta
data/raw/food101/food-101/images/bruschetta/3023155.jpg,10,bruschetta
data/raw/food101/food-101/images/bruschetta/2160577.jpg,10,bruschetta
data/raw/food101/food-101/images/bruschetta/3895467.jpg,10,bruschetta
data/raw/food101/food-101/images/bruschetta/550283.jpg,10,bruschetta
data/raw/food101/food-101/images/bruschetta/3225954.jpg,10,bruschetta
data/raw/food101/food-101/images/bruschetta/692779.jpg,10,bruschetta
data/raw/food101/food-101/images/bruschetta/470456.jpg,10,bruschetta
data/raw/food101/food-101/images/bruschetta/1099746.jpg,10,bruschetta
data/raw/food101/food-101/images/bruschetta/1031947.jpg,10,bruschetta
data/raw/food101/food-101/images/bruschetta/3157805.jpg,10,bruschetta
data/raw/food101/food-101/images/bruschetta/2192894.jpg,10,bruschetta
data/raw/food101/food-101/images/bruschetta/891236.jpg,10,bruschetta
data/raw/food101/food-101/images/bruschetta/2432878.jpg,10,bruschetta
data/raw/food101/food-101/images/bruschetta/3911221.jpg,10,bruschetta
data/raw/food101/food-101/images/bruschetta/78145.jpg,10,bruschetta
data/raw/food101/food-101/images/bruschetta/442358.jpg,10,bruschetta
data/raw/food101/food-101/images/bruschetta/1565037.jpg,10,bruschetta
data/raw/food101/food-101/images/bruschetta/3631846.jpg,10,bruschetta
data/raw/food101/food-101/images/bruschetta/622767.jpg,10,bruschetta
data/raw/food101/food-101/images/bruschetta/1034665.jpg,10,bruschetta
data/raw/food101/food-101/images/bruschetta/1484759.jpg,10,bruschetta
data/raw/food101/food-101/images/bruschetta/2288499.jpg,10,bruschetta
data/raw/food101/food-101/images/bruschetta/1720347.jpg,10,bruschetta
data/raw/food101/food-101/images/bruschetta/1908995.jpg,10,bruschetta
data/raw/food101/food-101/images/bruschetta/1834896.jpg,10,bruschetta
data/raw/food101/food-101/images/bruschetta/1820653.jpg,10,bruschetta
data/raw/food101/food-101/images/bruschetta/617001.jpg,10,bruschetta
data/raw/food101/food-101/images/bruschetta/340594.jpg,10,bruschetta
data/raw/food101/food-101/images/bruschetta/3466366.jpg,10,bruschetta
data/raw/food101/food-101/images/bruschetta/1960433.jpg,10,bruschetta
data/raw/food101/food-101/images/bruschetta/197742.jpg,10,bruschetta
data/raw/food101/food-101/images/bruschetta/1346725.jpg,10,bruschetta
data/raw/food101/food-101/images/bruschetta/2179573.jpg,10,bruschetta
data/raw/food101/food-101/images/bruschetta/3489931.jpg,10,bruschetta
data/raw/food101/food-101/images/bruschetta/3838937.jpg,10,bruschetta
data/raw/food101/food-101/images/bruschetta/914804.jpg,10,bruschetta
data/raw/food101/food-101/images/bruschetta/2314900.jpg,10,bruschetta
data/raw/food101/food-101/images/bruschetta/94888.jpg,10,bruschetta
data/raw/food101/food-101/images/bruschetta/2932363.jpg,10,bruschetta
data/raw/food101/food-101/images/bruschetta/2286856.jpg,10,bruschetta
data/raw/food101/food-101/images/bruschetta/1854036.jpg,10,bruschetta
data/raw/food101/food-101/images/bruschetta/796896.jpg,10,bruschetta
data/raw/food101/food-101/images/bruschetta/81247.jpg,10,bruschetta
data/raw/food101/food-101/images/bruschetta/679949.jpg,10,bruschetta
data/raw/food101/food-101/images/bruschetta/108344.jpg,10,bruschetta
data/raw/food101/food-101/images/bruschetta/3435835.jpg,10,bruschetta
data/raw/food101/food-101/images/bruschetta/3353967.jpg,10,bruschetta
data/raw/food101/food-101/images/bruschetta/1552330.jpg,10,bruschetta
data/raw/food101/food-101/images/bruschetta/946736.jpg,10,bruschetta
data/raw/food101/food-101/images/bruschetta/2490871.jpg,10,bruschetta
data/raw/food101/food-101/images/bruschetta/750055.jpg,10,bruschetta
data/raw/food101/food-101/images/bruschetta/2133542.jpg,10,bruschetta
data/raw/food101/food-101/images/bruschetta/3189272.jpg,10,bruschetta
data/raw/food101/food-101/images/bruschetta/1629416.jpg,10,bruschetta
data/raw/food101/food-101/images/caesar_salad/3668460.jpg,11,caesar_salad
data/raw/food101/food-101/images/caesar_salad/3229216.jpg,11,caesar_salad
data/raw/food101/food-101/images/caesar_salad/3261516.jpg,11,caesar_salad
data/raw/food101/food-101/images/caesar_salad/1425505.jpg,11,caesar_salad
data/raw/food101/food-101/images/caesar_salad/3623574.jpg,11,caesar_salad
data/raw/food101/food-101/images/caesar_salad/2559446.jpg,11,caesar_salad
data/raw/food101/food-101/images/caesar_salad/3456502.jpg,11,caesar_salad
data/raw/food101/food-101/images/caesar_salad/2099078.jpg,11,caesar_salad
data/raw/food101/food-101/images/caesar_salad/2792161.jpg,11,caesar_salad
data/raw/food101/food-101/images/caesar_salad/1046195.jpg,11,caesar_salad
data/raw/food101/food-101/images/caesar_salad/2656764.jpg,11,caesar_salad
data/raw/food101/food-101/images/caesar_salad/1994771.jpg,11,caesar_salad
data/raw/food101/food-101/images/caesar_salad/1973032.jpg,11,caesar_salad
data/raw/food101/food-101/images/caesar_salad/3652586.jpg,11,caesar_salad
data/raw/food101/food-101/images/caesar_salad/3686850.jpg,11,caesar_salad
data/raw/food101/food-101/images/caesar_salad/851072.jpg,11,caesar_salad
data/raw/food101/food-101/images/caesar_salad/1428799.jpg,11,caesar_salad
data/raw/food101/food-101/images/caesar_salad/3467180.jpg,11,caesar_salad
data/raw/food101/food-101/images/caesar_salad/2733135.jpg,11,caesar_salad
data/raw/food101/food-101/images/caesar_salad/886181.jpg,11,caesar_salad
data/raw/food101/food-101/images/caesar_salad/3176445.jpg,11,caesar_salad
data/raw/food101/food-101/images/caesar_salad/185911.jpg,11,caesar_salad
data/raw/food101/food-101/images/caesar_salad/1167058.jpg,11,caesar_salad
data/raw/food101/food-101/images/caesar_salad/2010290.jpg,11,caesar_salad
data/raw/food101/food-101/images/caesar_salad/3035235.jpg,11,caesar_salad
data/raw/food101/food-101/images/caesar_salad/3494988.jpg,11,caesar_salad
data/raw/food101/food-101/images/caesar_salad/327078.jpg,11,caesar_salad
data/raw/food101/food-101/images/caesar_salad/903843.jpg,11,caesar_salad
data/raw/food101/food-101/images/caesar_salad/1803711.jpg,11,caesar_salad
data/raw/food101/food-101/images/caesar_salad/301116.jpg,11,caesar_salad
data/raw/food101/food-101/images/caesar_salad/141795.jpg,11,caesar_salad
data/raw/food101/food-101/images/caesar_salad/2790337.jpg,11,caesar_salad
data/raw/food101/food-101/images/caesar_salad/1707324.jpg,11,caesar_salad
data/raw/food101/food-101/images/caesar_salad/2262633.jpg,11,caesar_salad
data/raw/food101/food-101/images/caesar_salad/3488492.jpg,11,caesar_salad
data/raw/food101/food-101/images/caesar_salad/267047.jpg,11,caesar_salad
data/raw/food101/food-101/images/caesar_salad/344329.jpg,11,caesar_salad
data/raw/food101/food-101/images/caesar_salad/388850.jpg,11,caesar_salad
data/raw/food101/food-101/images/caesar_salad/1918615.jpg,11,caesar_salad
data/raw/food101/food-101/images/caesar_salad/1066358.jpg,11,caesar_salad
data/raw/food101/food-101/images/caesar_salad/2122717.jpg,11,caesar_salad
data/raw/food101/food-101/images/caesar_salad/1657139.jpg,11,caesar_salad
data/raw/food101/food-101/images/caesar_salad/2978581.jpg,11,caesar_salad
data/raw/food101/food-101/images/caesar_salad/3728065.jpg,11,caesar_salad
data/raw/food101/food-101/images/caesar_salad/1033867.jpg,11,caesar_salad
data/raw/food101/food-101/images/caesar_salad/880468.jpg,11,caesar_salad
data/raw/food101/food-101/images/caesar_salad/350471.jpg,11,caesar_salad
data/raw/food101/food-101/images/caesar_salad/2240641.jpg,11,caesar_salad
data/raw/food101/food-101/images/caesar_salad/2780026.jpg,11,caesar_salad
data/raw/food101/food-101/images/caesar_salad/560457.jpg,11,caesar_salad
data/raw/food101/food-101/images/caesar_salad/2119876.jpg,11,caesar_salad
data/raw/food101/food-101/images/caesar_salad/930170.jpg,11,caesar_salad
data/raw/food101/food-101/images/caesar_salad/3367770.jpg,11,caesar_salad
data/raw/food101/food-101/images/caesar_salad/290295.jpg,11,caesar_salad
data/raw/food101/food-101/images/caesar_salad/355980.jpg,11,caesar_salad
data/raw/food101/food-101/images/caesar_salad/517093.jpg,11,caesar_salad
data/raw/food101/food-101/images/caesar_salad/1627608.jpg,11,caesar_salad
data/raw/food101/food-101/images/caesar_salad/302309.jpg,11,caesar_salad
data/raw/food101/food-101/images/caesar_salad/290311.jpg,11,caesar_salad
data/raw/food101/food-101/images/caesar_salad/1807261.jpg,11,caesar_salad
data/raw/food101/food-101/images/caesar_salad/2761224.jpg,11,caesar_salad
data/raw/food101/food-101/images/caesar_salad/2181670.jpg,11,caesar_salad
data/raw/food101/food-101/images/caesar_salad/3764734.jpg,11,caesar_salad
data/raw/food101/food-101/images/caesar_salad/199749.jpg,11,caesar_salad
data/raw/food101/food-101/images/caesar_salad/2850277.jpg,11,caesar_salad
data/raw/food101/food-101/images/caesar_salad/3333018.jpg,11,caesar_salad
data/raw/food101/food-101/images/caesar_salad/709638.jpg,11,caesar_salad
data/raw/food101/food-101/images/caesar_salad/848004.jpg,11,caesar_salad
data/raw/food101/food-101/images/caesar_salad/148869.jpg,11,caesar_salad
data/raw/food101/food-101/images/caesar_salad/3276429.jpg,11,caesar_salad
data/raw/food101/food-101/images/cannoli/2788362.jpg,12,cannoli
data/raw/food101/food-101/images/cannoli/2456115.jpg,12,cannoli
data/raw/food101/food-101/images/cannoli/1164361.jpg,12,cannoli
data/raw/food101/food-101/images/cannoli/973072.jpg,12,cannoli
data/raw/food101/food-101/images/cannoli/745774.jpg,12,cannoli
data/raw/food101/food-101/images/cannoli/2796267.jpg,12,cannoli
data/raw/food101/food-101/images/cannoli/979187.jpg,12,cannoli
data/raw/food101/food-101/images/cannoli/3507750.jpg,12,cannoli
data/raw/food101/food-101/images/cannoli/942107.jpg,12,cannoli
data/raw/food101/food-101/images/cannoli/2228757.jpg,12,cannoli
data/raw/food101/food-101/images/cannoli/1908430.jpg,12,cannoli
data/raw/food101/food-101/images/cannoli/1089515.jpg,12,cannoli
data/raw/food101/food-101/images/cannoli/2644108.jpg,12,cannoli
data/raw/food101/food-101/images/cannoli/2904485.jpg,12,cannoli
data/raw/food101/food-101/images/cannoli/1179760.jpg,12,cannoli
data/raw/food101/food-101/images/cannoli/2567134.jpg,12,cannoli
data/raw/food101/food-101/images/cannoli/1233017.jpg,12,cannoli
data/raw/food101/food-101/images/cannoli/2594391.jpg,12,cannoli
data/raw/food101/food-101/images/cannoli/1380790.jpg,12,cannoli
data/raw/food101/food-101/images/cannoli/1506538.jpg,12,cannoli
data/raw/food101/food-101/images/cannoli/3395786.jpg,12,cannoli
data/raw/food101/food-101/images/cannoli/1335208.jpg,12,cannoli
data/raw/food101/food-101/images/cannoli/3106000.jpg,12,cannoli
data/raw/food101/food-101/images/cannoli/3831531.jpg,12,cannoli
data/raw/food101/food-101/images/cannoli/2057635.jpg,12,cannoli
data/raw/food101/food-101/images/cannoli/682013.jpg,12,cannoli
data/raw/food101/food-101/images/cannoli/3288027.jpg,12,cannoli
data/raw/food101/food-101/images/cannoli/3587896.jpg,12,cannoli
data/raw/food101/food-101/images/cannoli/2203432.jpg,12,cannoli
data/raw/food101/food-101/images/cannoli/1814127.jpg,12,cannoli
data/raw/food101/food-101/images/cannoli/66922.jpg,12,cannoli
data/raw/food101/food-101/images/cannoli/807127.jpg,12,cannoli
data/raw/food101/food-101/images/cannoli/754677.jpg,12,cannoli
data/raw/food101/food-101/images/cannoli/2848101.jpg,12,cannoli
data/raw/food101/food-101/images/cannoli/1909458.jpg,12,cannoli
data/raw/food101/food-101/images/cannoli/889630.jpg,12,cannoli
data/raw/food101/food-101/images/cannoli/1981783.jpg,12,cannoli
data/raw/food101/food-101/images/cannoli/550546.jpg,12,cannoli
data/raw/food101/food-101/images/cannoli/3483489.jpg,12,cannoli
data/raw/food101/food-101/images/cannoli/1066435.jpg,12,cannoli
data/raw/food101/food-101/images/cannoli/2945082.jpg,12,cannoli
data/raw/food101/food-101/images/cannoli/1880934.jpg,12,cannoli
data/raw/food101/food-101/images/cannoli/1324978.jpg,12,cannoli
data/raw/food101/food-101/images/cannoli/368395.jpg,12,cannoli
data/raw/food101/food-101/images/cannoli/2803929.jpg,12,cannoli
data/raw/food101/food-101/images/cannoli/1283897.jpg,12,cannoli
data/raw/food101/food-101/images/cannoli/2890623.jpg,12,cannoli
data/raw/food101/food-101/images/cannoli/1597634.jpg,12,cannoli
data/raw/food101/food-101/images/cannoli/3320293.jpg,12,cannoli
data/raw/food101/food-101/images/cannoli/2828201.jpg,12,cannoli
data/raw/food101/food-101/images/cannoli/1343977.jpg,12,cannoli
data/raw/food101/food-101/images/cannoli/3163855.jpg,12,cannoli
data/raw/food101/food-101/images/cannoli/585560.jpg,12,cannoli
data/raw/food101/food-101/images/cannoli/3923934.jpg,12,cannoli
data/raw/food101/food-101/images/cannoli/2177977.jpg,12,cannoli
data/raw/food101/food-101/images/cannoli/151057.jpg,12,cannoli
data/raw/food101/food-101/images/cannoli/2600027.jpg,12,cannoli
data/raw/food101/food-101/images/cannoli/3293295.jpg,12,cannoli
data/raw/food101/food-101/images/cannoli/1752858.jpg,12,cannoli
data/raw/food101/food-101/images/cannoli/1806725.jpg,12,cannoli
data/raw/food101/food-101/images/cannoli/96151.jpg,12,cannoli
data/raw/food101/food-101/images/cannoli/1570755.jpg,12,cannoli
data/raw/food101/food-101/images/cannoli/806443.jpg,12,cannoli
data/raw/food101/food-101/images/cannoli/2252305.jpg,12,cannoli
data/raw/food101/food-101/images/cannoli/2359520.jpg,12,cannoli
data/raw/food101/food-101/images/cannoli/314862.jpg,12,cannoli
data/raw/food101/food-101/images/cannoli/335467.jpg,12,cannoli
data/raw/food101/food-101/images/cannoli/3631324.jpg,12,cannoli
data/raw/food101/food-101/images/cannoli/380974.jpg,12,cannoli
data/raw/food101/food-101/images/cannoli/1772271.jpg,12,cannoli
data/raw/food101/food-101/images/caprese_salad/3738695.jpg,13,caprese_salad
data/raw/food101/food-101/images/caprese_salad/2278459.jpg,13,caprese_salad
data/raw/food101/food-101/images/caprese_salad/3077405.jpg,13,caprese_salad
data/raw/food101/food-101/images/caprese_salad/3917386.jpg,13,caprese_salad
data/raw/food101/food-101/images/caprese_salad/1149655.jpg,13,caprese_salad
data/raw/food101/food-101/images/caprese_salad/954034.jpg,13,caprese_salad
data/raw/food101/food-101/images/caprese_salad/1367455.jpg,13,caprese_salad
data/raw/food101/food-101/images/caprese_salad/2614805.jpg,13,caprese_salad
data/raw/food101/food-101/images/caprese_salad/335062.jpg,13,caprese_salad
data/raw/food101/food-101/images/caprese_salad/699522.jpg,13,caprese_salad
data/raw/food101/food-101/images/caprese_salad/1645519.jpg,13,caprese_salad
data/raw/food101/food-101/images/caprese_salad/2990366.jpg,13,caprese_salad
data/raw/food101/food-101/images/caprese_salad/2358715.jpg,13,caprese_salad
data/raw/food101/food-101/images/caprese_salad/2214076.jpg,13,caprese_salad
data/raw/food101/food-101/images/caprese_salad/3564815.jpg,13,caprese_salad
data/raw/food101/food-101/images/caprese_salad/266296.jpg,13,caprese_salad
data/raw/food101/food-101/images/caprese_salad/614745.jpg,13,caprese_salad
data/raw/food101/food-101/images/caprese_salad/2959915.jpg,13,caprese_salad
data/raw/food101/food-101/images/caprese_salad/2773242.jpg,13,caprese_salad
data/raw/food101/food-101/images/caprese_salad/103421.jpg,13,caprese_salad
data/raw/food101/food-101/images/caprese_salad/779396.jpg,13,caprese_salad
data/raw/food101/food-101/images/caprese_salad/3851238.jpg,13,caprese_salad
data/raw/food101/food-101/images/caprese_salad/244248.jpg,13,caprese_salad
data/raw/food101/food-101/images/caprese_salad/2150063.jpg,13,caprese_salad
data/raw/food101/food-101/images/caprese_salad/2385018.jpg,13,caprese_salad
data/raw/food101/food-101/images/caprese_salad/1792002.jpg,13,caprese_salad
data/raw/food101/food-101/images/caprese_salad/1240658.jpg,13,caprese_salad
data/raw/food101/food-101/images/caprese_salad/3684642.jpg,13,caprese_salad
data/raw/food101/food-101/images/caprese_salad/799725.jpg,13,caprese_salad
data/raw/food101/food-101/images/caprese_salad/1759869.jpg,13,caprese_salad
data/raw/food101/food-101/images/caprese_salad/3288824.jpg,13,caprese_salad
data/raw/food101/food-101/images/caprese_salad/2265146.jpg,13,caprese_salad
data/raw/food101/food-101/images/caprese_salad/881285.jpg,13,caprese_salad
data/raw/food101/food-101/images/caprese_salad/2728997.jpg,13,caprese_salad
data/raw/food101/food-101/images/caprese_salad/2718882.jpg,13,caprese_salad
data/raw/food101/food-101/images/caprese_salad/3770433.jpg,13,caprese_salad
data/raw/food101/food-101/images/caprese_salad/1598724.jpg,13,caprese_salad
data/raw/food101/food-101/images/caprese_salad/1907822.jpg,13,caprese_salad
data/raw/food101/food-101/images/caprese_salad/1931588.jpg,13,caprese_salad
data/raw/food101/food-101/images/caprese_salad/129865.jpg,13,caprese_salad
data/raw/food101/food-101/images/caprese_salad/3450574.jpg,13,caprese_salad
data/raw/food101/food-101/images/caprese_salad/2778446.jpg,13,caprese_salad
data/raw/food101/food-101/images/caprese_salad/3690432.jpg,13,caprese_salad
data/raw/food101/food-101/images/caprese_salad/743441.jpg,13,caprese_salad
data/raw/food101/food-101/images/caprese_salad/539166.jpg,13,caprese_salad
data/raw/food101/food-101/images/caprese_salad/2675295.jpg,13,caprese_salad
data/raw/food101/food-101/images/caprese_salad/3792859.jpg,13,caprese_salad
data/raw/food101/food-101/images/caprese_salad/910255.jpg,13,caprese_salad
data/raw/food101/food-101/images/caprese_salad/3288128.jpg,13,caprese_salad
data/raw/food101/food-101/images/caprese_salad/685083.jpg,13,caprese_salad
data/raw/food101/food-101/images/caprese_salad/3031139.jpg,13,caprese_salad
data/raw/food101/food-101/images/caprese_salad/1974609.jpg,13,caprese_salad
data/raw/food101/food-101/images/caprese_salad/3316221.jpg,13,caprese_salad
data/raw/food101/food-101/images/caprese_salad/3029521.jpg,13,caprese_salad
data/raw/food101/food-101/images/caprese_salad/602617.jpg,13,caprese_salad
data/raw/food101/food-101/images/caprese_salad/299153.jpg,13,caprese_salad
data/raw/food101/food-101/images/caprese_salad/2801846.jpg,13,caprese_salad
data/raw/food101/food-101/images/caprese_salad/741414.jpg,13,caprese_salad
data/raw/food101/food-101/images/caprese_salad/138655.jpg,13,caprese_salad
data/raw/food101/food-101/images/caprese_salad/622493.jpg,13,caprese_salad
data/raw/food101/food-101/images/caprese_salad/278822.jpg,13,caprese_salad
data/raw/food101/food-101/images/caprese_salad/2231367.jpg,13,caprese_salad
data/raw/food101/food-101/images/caprese_salad/2827113.jpg,13,caprese_salad
data/raw/food101/food-101/images/caprese_salad/2147642.jpg,13,caprese_salad
data/raw/food101/food-101/images/caprese_salad/519790.jpg,13,caprese_salad
data/raw/food101/food-101/images/caprese_salad/872635.jpg,13,caprese_salad
data/raw/food101/food-101/images/caprese_salad/709349.jpg,13,caprese_salad
data/raw/food101/food-101/images/caprese_salad/3648473.jpg,13,caprese_salad
data/raw/food101/food-101/images/caprese_salad/1862683.jpg,13,caprese_salad
data/raw/food101/food-101/images/caprese_salad/3749202.jpg,13,caprese_salad
data/raw/food101/food-101/images/carrot_cake/3366332.jpg,14,carrot_cake
data/raw/food101/food-101/images/carrot_cake/3441243.jpg,14,carrot_cake
data/raw/food101/food-101/images/carrot_cake/3597609.jpg,14,carrot_cake
data/raw/food101/food-101/images/carrot_cake/140669.jpg,14,carrot_cake
data/raw/food101/food-101/images/carrot_cake/351082.jpg,14,carrot_cake
data/raw/food101/food-101/images/carrot_cake/1820254.jpg,14,carrot_cake
data/raw/food101/food-101/images/carrot_cake/3750507.jpg,14,carrot_cake
data/raw/food101/food-101/images/carrot_cake/3581708.jpg,14,carrot_cake
data/raw/food101/food-101/images/carrot_cake/36876.jpg,14,carrot_cake
data/raw/food101/food-101/images/carrot_cake/1507036.jpg,14,carrot_cake
data/raw/food101/food-101/images/carrot_cake/316063.jpg,14,carrot_cake
data/raw/food101/food-101/images/carrot_cake/3354399.jpg,14,carrot_cake
data/raw/food101/food-101/images/carrot_cake/3455055.jpg,14,carrot_cake
data/raw/food101/food-101/images/carrot_cake/1879363.jpg,14,carrot_cake
data/raw/food101/food-101/images/carrot_cake/3705295.jpg,14,carrot_cake
data/raw/food101/food-101/images/carrot_cake/112399.jpg,14,carrot_cake
data/raw/food101/food-101/images/carrot_cake/3273419.jpg,14,carrot_cake
data/raw/food101/food-101/images/carrot_cake/2850073.jpg,14,carrot_cake
data/raw/food101/food-101/images/carrot_cake/94517.jpg,14,carrot_cake
data/raw/food101/food-101/images/carrot_cake/945750.jpg,14,carrot_cake
data/raw/food101/food-101/images/carrot_cake/477397.jpg,14,carrot_cake
data/raw/food101/food-101/images/carrot_cake/190038.jpg,14,carrot_cake
data/raw/food101/food-101/images/carrot_cake/3360180.jpg,14,carrot_cake
data/raw/food101/food-101/images/carrot_cake/2021442.jpg,14,carrot_cake
data/raw/food101/food-101/images/carrot_cake/3358593.jpg,14,carrot_cake
data/raw/food101/food-101/images/carrot_cake/1741404.jpg,14,carrot_cake
data/raw/food101/food-101/images/carrot_cake/1779163.jpg,14,carrot_cake
data/raw/food101/food-101/images/carrot_cake/2612589.jpg,14,carrot_cake
data/raw/food101/food-101/images/carrot_cake/3633827.jpg,14,carrot_cake
data/raw/food101/food-101/images/carrot_cake/722121.jpg,14,carrot_cake
data/raw/food101/food-101/images/carrot_cake/1918712.jpg,14,carrot_cake
data/raw/food101/food-101/images/carrot_cake/1969405.jpg,14,carrot_cake
data/raw/food101/food-101/images/carrot_cake/3150383.jpg,14,carrot_cake
data/raw/food101/food-101/images/carrot_cake/3081204.jpg,14,carrot_cake
data/raw/food101/food-101/images/carrot_cake/2161.jpg,14,carrot_cake
data/raw/food101/food-101/images/carrot_cake/3197919.jpg,14,carrot_cake
data/raw/food101/food-101/images/carrot_cake/2658131.jpg,14,carrot_cake
data/raw/food101/food-101/images/carrot_cake/545566.jpg,14,carrot_cake
data/raw/food101/food-101/images/carrot_cake/867715.jpg,14,carrot_cake
data/raw/food101/food-101/images/carrot_cake/3701597.jpg,14,carrot_cake
data/raw/food101/food-101/images/carrot_cake/2748627.jpg,14,carrot_cake
data/raw/food101/food-101/images/carrot_cake/3352076.jpg,14,carrot_cake
data/raw/food101/food-101/images/carrot_cake/158261.jpg,14,carrot_cake
data/raw/food101/food-101/images/carrot_cake/1946130.jpg,14,carrot_cake
data/raw/food101/food-101/images/carrot_cake/2852293.jpg,14,carrot_cake
data/raw/food101/food-101/images/carrot_cake/3537140.jpg,14,carrot_cake
data/raw/food101/food-101/images/carrot_cake/759507.jpg,14,carrot_cake
data/raw/food101/food-101/images/carrot_cake/3799565.jpg,14,carrot_cake
data/raw/food101/food-101/images/carrot_cake/818601.jpg,14,carrot_cake
data/raw/food101/food-101/images/carrot_cake/1841433.jpg,14,carrot_cake
data/raw/food101/food-101/images/carrot_cake/3331601.jpg,14,carrot_cake
data/raw/food101/food-101/images/carrot_cake/3889387.jpg,14,carrot_cake
data/raw/food101/food-101/images/carrot_cake/1963525.jpg,14,carrot_cake
data/raw/food101/food-101/images/carrot_cake/1452452.jpg,14,carrot_cake
data/raw/food101/food-101/images/carrot_cake/2293001.jpg,14,carrot_cake
data/raw/food101/food-101/images/carrot_cake/2613289.jpg,14,carrot_cake
data/raw/food101/food-101/images/carrot_cake/489894.jpg,14,carrot_cake
data/raw/food101/food-101/images/carrot_cake/3774658.jpg,14,carrot_cake
data/raw/food101/food-101/images/carrot_cake/883087.jpg,14,carrot_cake
data/raw/food101/food-101/images/carrot_cake/3000921.jpg,14,carrot_cake
data/raw/food101/food-101/images/carrot_cake/2703458.jpg,14,carrot_cake
data/raw/food101/food-101/images/carrot_cake/4809.jpg,14,carrot_cake
data/raw/food101/food-101/images/carrot_cake/2752659.jpg,14,carrot_cake
data/raw/food101/food-101/images/carrot_cake/2358476.jpg,14,carrot_cake
data/raw/food101/food-101/images/carrot_cake/330155.jpg,14,carrot_cake
data/raw/food101/food-101/images/carrot_cake/3020759.jpg,14,carrot_cake
data/raw/food101/food-101/images/carrot_cake/2401690.jpg,14,carrot_cake
data/raw/food101/food-101/images/carrot_cake/95302.jpg,14,carrot_cake
data/raw/food101/food-101/images/carrot_cake/3421341.jpg,14,carrot_cake
data/raw/food101/food-101/images/carrot_cake/1215945.jpg,14,carrot_cake
data/raw/food101/food-101/images/ceviche/2020581.jpg,15,ceviche
data/raw/food101/food-101/images/ceviche/597988.jpg,15,ceviche
data/raw/food101/food-101/images/ceviche/3372965.jpg,15,ceviche
data/raw/food101/food-101/images/ceviche/2570557.jpg,15,ceviche
data/raw/food101/food-101/images/ceviche/1902731.jpg,15,ceviche
data/raw/food101/food-101/images/ceviche/2716466.jpg,15,ceviche
data/raw/food101/food-101/images/ceviche/2663996.jpg,15,ceviche
data/raw/food101/food-101/images/ceviche/1074904.jpg,15,ceviche
data/raw/food101/food-101/images/ceviche/3420986.jpg,15,ceviche
data/raw/food101/food-101/images/ceviche/949849.jpg,15,ceviche
data/raw/food101/food-101/images/ceviche/889286.jpg,15,ceviche
data/raw/food101/food-101/images/ceviche/3273728.jpg,15,ceviche
data/raw/food101/food-101/images/ceviche/1323732.jpg,15,ceviche
data/raw/food101/food-101/images/ceviche/2609605.jpg,15,ceviche
data/raw/food101/food-101/images/ceviche/2002805.jpg,15,ceviche
data/raw/food101/food-101/images/ceviche/2434998.jpg,15,ceviche
data/raw/food101/food-101/images/ceviche/173632.jpg,15,ceviche
data/raw/food101/food-101/images/ceviche/3322658.jpg,15,ceviche
data/raw/food101/food-101/images/ceviche/55744.jpg,15,ceviche
data/raw/food101/food-101/images/ceviche/320947.jpg,15,ceviche
data/raw/food101/food-101/images/ceviche/1717945.jpg,15,ceviche
data/raw/food101/food-101/images/ceviche/3866272.jpg,15,ceviche
data/raw/food101/food-101/images/ceviche/3116811.jpg,15,ceviche
data/raw/food101/food-101/images/ceviche/573860.jpg,15,ceviche
data/raw/food101/food-101/images/ceviche/72116.jpg,15,ceviche
data/raw/food101/food-101/images/ceviche/3527978.jpg,15,ceviche
data/raw/food101/food-101/images/ceviche/93417.jpg,15,ceviche
data/raw/food101/food-101/images/ceviche/2521929.jpg,15,ceviche
data/raw/food101/food-101/images/ceviche/1635265.jpg,15,ceviche
data/raw/food101/food-101/images/ceviche/1655900.jpg,15,ceviche
data/raw/food101/food-101/images/ceviche/142416.jpg,15,ceviche
data/raw/food101/food-101/images/ceviche/3645102.jpg,15,ceviche
data/raw/food101/food-101/images/ceviche/2097147.jpg,15,ceviche
data/raw/food101/food-101/images/ceviche/3101739.jpg,15,ceviche
data/raw/food101/food-101/images/ceviche/3249383.jpg,15,ceviche
data/raw/food101/food-101/images/ceviche/3799974.jpg,15,ceviche
data/raw/food101/food-101/images/ceviche/2251280.jpg,15,ceviche
data/raw/food101/food-101/images/ceviche/380180.jpg,15,ceviche
data/raw/food101/food-101/images/ceviche/2882262.jpg,15,ceviche
data/raw/food101/food-101/images/ceviche/820800.jpg,15,ceviche
data/raw/food101/food-101/images/ceviche/3416837.jpg,15,ceviche
data/raw/food101/food-101/images/ceviche/422885.jpg,15,ceviche
data/raw/food101/food-101/images/ceviche/1114506.jpg,15,ceviche
data/raw/food101/food-101/images/ceviche/1609237.jpg,15,ceviche
data/raw/food101/food-101/images/ceviche/693725.jpg,15,ceviche
data/raw/food101/food-101/images/ceviche/2101322.jpg,15,ceviche
data/raw/food101/food-101/images/ceviche/2495003.jpg,15,ceviche
data/raw/food101/food-101/images/ceviche/1679523.jpg,15,ceviche
data/raw/food101/food-101/images/ceviche/3293366.jpg,15,ceviche
data/raw/food101/food-101/images/ceviche/3473186.jpg,15,ceviche
data/raw/food101/food-101/images/ceviche/2484726.jpg,15,ceviche
data/raw/food101/food-101/images/ceviche/1469050.jpg,15,ceviche
data/raw/food101/food-101/images/ceviche/2638051.jpg,15,ceviche
data/raw/food101/food-101/images/ceviche/508563.jpg,15,ceviche
data/raw/food101/food-101/images/ceviche/3143954.jpg,15,ceviche
data/raw/food101/food-101/images/ceviche/1290223.jpg,15,ceviche
data/raw/food101/food-101/images/ceviche/1768941.jpg,15,ceviche
data/raw/food101/food-101/images/ceviche/3546163.jpg,15,ceviche
data/raw/food101/food-101/images/ceviche/183297.jpg,15,ceviche
data/raw/food101/food-101/images/ceviche/393751.jpg,15,ceviche
data/raw/food101/food-101/images/ceviche/1562562.jpg,15,ceviche
data/raw/food101/food-101/images/ceviche/672734.jpg,15,ceviche
data/raw/food101/food-101/images/ceviche/3753813.jpg,15,ceviche
data/raw/food101/food-101/images/ceviche/1348722.jpg,15,ceviche
data/raw/food101/food-101/images/ceviche/2589244.jpg,15,ceviche
data/raw/food101/food-101/images/ceviche/1995.jpg,15,ceviche
data/raw/food101/food-101/images/ceviche/1561836.jpg,15,ceviche
data/raw/food101/food-101/images/ceviche/666366.jpg,15,ceviche
data/raw/food101/food-101/images/ceviche/3337782.jpg,15,ceviche
data/raw/food101/food-101/images/ceviche/2211019.jpg,15,ceviche
data/raw/food101/food-101/images/cheese_plate/3064120.jpg,16,cheese_plate
data/raw/food101/food-101/images/cheese_plate/681990.jpg,16,cheese_plate
data/raw/food101/food-101/images/cheese_plate/3239734.jpg,16,cheese_plate
data/raw/food101/food-101/images/cheese_plate/3609452.jpg,16,cheese_plate
data/raw/food101/food-101/images/cheese_plate/1745424.jpg,16,cheese_plate
data/raw/food101/food-101/images/cheese_plate/280900.jpg,16,cheese_plate
data/raw/food101/food-101/images/cheese_plate/51154.jpg,16,cheese_plate
data/raw/food101/food-101/images/cheese_plate/3609053.jpg,16,cheese_plate
data/raw/food101/food-101/images/cheese_plate/498310.jpg,16,cheese_plate
data/raw/food101/food-101/images/cheese_plate/953349.jpg,16,cheese_plate
data/raw/food101/food-101/images/cheese_plate/98941.jpg,16,cheese_plate
data/raw/food101/food-101/images/cheese_plate/791999.jpg,16,cheese_plate
data/raw/food101/food-101/images/cheese_plate/1998540.jpg,16,cheese_plate
data/raw/food101/food-101/images/cheese_plate/3241354.jpg,16,cheese_plate
data/raw/food101/food-101/images/cheese_plate/2857373.jpg,16,cheese_plate
data/raw/food101/food-101/images/cheese_plate/1207729.jpg,16,cheese_plate
data/raw/food101/food-101/images/cheese_plate/3404423.jpg,16,cheese_plate
data/raw/food101/food-101/images/cheese_plate/259215.jpg,16,cheese_plate
data/raw/food101/food-101/images/cheese_plate/978934.jpg,16,cheese_plate
data/raw/food101/food-101/images/cheese_plate/2902263.jpg,16,cheese_plate
data/raw/food101/food-101/images/cheese_plate/198373.jpg,16,cheese_plate
data/raw/food101/food-101/images/cheese_plate/2219.jpg,16,cheese_plate
data/raw/food101/food-101/images/cheese_plate/3591759.jpg,16,cheese_plate
data/raw/food101/food-101/images/cheese_plate/2981154.jpg,16,cheese_plate
data/raw/food101/food-101/images/cheese_plate/60460.jpg,16,cheese_plate
data/raw/food101/food-101/images/cheese_plate/909033.jpg,16,cheese_plate
data/raw/food101/food-101/images/cheese_plate/677573.jpg,16,cheese_plate
data/raw/food101/food-101/images/cheese_plate/1336627.jpg,16,cheese_plate
data/raw/food101/food-101/images/cheese_plate/2579577.jpg,16,cheese_plate
data/raw/food101/food-101/images/cheese_plate/1998564.jpg,16,cheese_plate
data/raw/food101/food-101/images/cheese_plate/1797009.jpg,16,cheese_plate
data/raw/food101/food-101/images/cheese_plate/3162062.jpg,16,cheese_plate
data/raw/food101/food-101/images/cheese_plate/352168.jpg,16,cheese_plate
data/raw/food101/food-101/images/cheese_plate/3655982.jpg,16,cheese_plate
data/raw/food101/food-101/images/cheese_plate/25324.jpg,16,cheese_plate
data/raw/food101/food-101/images/cheese_plate/3908443.jpg,16,cheese_plate
data/raw/food101/food-101/images/cheese_plate/625930.jpg,16,cheese_plate
data/raw/food101/food-101/images/cheese_plate/463715.jpg,16,cheese_plate
data/raw/food101/food-101/images/cheese_plate/3336795.jpg,16,cheese_plate
data/raw/food101/food-101/images/cheese_plate/2489389.jpg,16,cheese_plate
data/raw/food101/food-101/images/cheese_plate/153123.jpg,16,cheese_plate
data/raw/food101/food-101/images/cheese_plate/779144.jpg,16,cheese_plate
data/raw/food101/food-101/images/cheese_plate/2357543.jpg,16,cheese_plate
data/raw/food101/food-101/images/cheese_plate/1255546.jpg,16,cheese_plate
data/raw/food101/food-101/images/cheese_plate/3545251.jpg,16,cheese_plate
data/raw/food101/food-101/images/cheese_plate/1971615.jpg,16,cheese_plate
data/raw/food101/food-101/images/cheese_plate/2041402.jpg,16,cheese_plate
data/raw/food101/food-101/images/cheese_plate/419097.jpg,16,cheese_plate
data/raw/food101/food-101/images/cheese_plate/771384.jpg,16,cheese_plate
data/raw/food101/food-101/images/cheese_plate/523219.jpg,16,cheese_plate
data/raw/food101/food-101/images/cheese_plate/15208.jpg,16,cheese_plate
data/raw/food101/food-101/images/cheese_plate/834799.jpg,16,cheese_plate
data/raw/food101/food-101/images/cheese_plate/1374935.jpg,16,cheese_plate
data/raw/food101/food-101/images/cheese_plate/1380374.jpg,16,cheese_plate
data/raw/food101/food-101/images/cheese_plate/3240522.jpg,16,cheese_plate
data/raw/food101/food-101/images/cheese_plate/1346370.jpg,16,cheese_plate
data/raw/food101/food-101/images/cheese_plate/1818573.jpg,16,cheese_plate
data/raw/food101/food-101/images/cheese_plate/2797387.jpg,16,cheese_plate
data/raw/food101/food-101/images/cheese_plate/3304651.jpg,16,cheese_plate
data/raw/food101/food-101/images/cheese_plate/55739.jpg,16,cheese_plate
data/raw/food101/food-101/images/cheese_plate/70257.jpg,16,cheese_plate
data/raw/food101/food-101/images/cheese_plate/2677429.jpg,16,cheese_plate
data/raw/food101/food-101/images/cheese_plate/1742998.jpg,16,cheese_plate
data/raw/food101/food-101/images/cheese_plate/2165393.jpg,16,cheese_plate
data/raw/food101/food-101/images/cheese_plate/1299455.jpg,16,cheese_plate
data/raw/food101/food-101/images/cheese_plate/2442400.jpg,16,cheese_plate
data/raw/food101/food-101/images/cheese_plate/281553.jpg,16,cheese_plate
data/raw/food101/food-101/images/cheese_plate/2003862.jpg,16,cheese_plate
data/raw/food101/food-101/images/cheese_plate/1540157.jpg,16,cheese_plate
data/raw/food101/food-101/images/cheese_plate/3912932.jpg,16,cheese_plate
data/raw/food101/food-101/images/cheesecake/3656689.jpg,17,cheesecake
data/raw/food101/food-101/images/cheesecake/1498417.jpg,17,cheesecake
data/raw/food101/food-101/images/cheesecake/2144621.jpg,17,cheesecake
data/raw/food101/food-101/images/cheesecake/72295.jpg,17,cheesecake
data/raw/food101/food-101/images/cheesecake/3515215.jpg,17,cheesecake
data/raw/food101/food-101/images/cheesecake/2756768.jpg,17,cheesecake
data/raw/food101/food-101/images/cheesecake/1057054.jpg,17,cheesecake
data/raw/food101/food-101/images/cheesecake/2103699.jpg,17,cheesecake
data/raw/food101/food-101/images/cheesecake/1132368.jpg,17,cheesecake
data/raw/food101/food-101/images/cheesecake/1349038.jpg,17,cheesecake
data/raw/food101/food-101/images/cheesecake/2593548.jpg,17,cheesecake
data/raw/food101/food-101/images/cheesecake/503905.jpg,17,cheesecake
data/raw/food101/food-101/images/cheesecake/2009726.jpg,17,cheesecake
data/raw/food101/food-101/images/cheesecake/3156270.jpg,17,cheesecake
data/raw/food101/food-101/images/cheesecake/2559262.jpg,17,cheesecake
data/raw/food101/food-101/images/cheesecake/3606131.jpg,17,cheesecake
data/raw/food101/food-101/images/cheesecake/2530391.jpg,17,cheesecake
data/raw/food101/food-101/images/cheesecake/3780311.jpg,17,cheesecake
data/raw/food101/food-101/images/cheesecake/1751518.jpg,17,cheesecake
data/raw/food101/food-101/images/cheesecake/1325649.jpg,17,cheesecake
data/raw/food101/food-101/images/cheesecake/946930.jpg,17,cheesecake
data/raw/food101/food-101/images/cheesecake/3468925.jpg,17,cheesecake
data/raw/food101/food-101/images/cheesecake/647429.jpg,17,cheesecake
data/raw/food101/food-101/images/cheesecake/3175462.jpg,17,cheesecake
data/raw/food101/food-101/images/cheesecake/3538930.jpg,17,cheesecake
data/raw/food101/food-101/images/cheesecake/3914014.jpg,17,cheesecake
data/raw/food101/food-101/images/cheesecake/3199531.jpg,17,cheesecake
data/raw/food101/food-101/images/cheesecake/356459.jpg,17,cheesecake
data/raw/food101/food-101/images/cheesecake/912931.jpg,17,cheesecake
data/raw/food101/food-101/images/cheesecake/193920.jpg,17,cheesecake
data/raw/food101/food-101/images/cheesecake/1730226.jpg,17,cheesecake
data/raw/food101/food-101/images/cheesecake/1981338.jpg,17,cheesecake
data/raw/food101/food-101/images/cheesecake/3541634.jpg,17,cheesecake
data/raw/food101/food-101/images/cheesecake/3772715.jpg,17,cheesecake
data/raw/food101/food-101/images/cheesecake/2730999.jpg,17,cheesecake
data/raw/food101/food-101/images/cheesecake/1266010.jpg,17,cheesecake
data/raw/food101/food-101/images/cheesecake/3435703.jpg,17,cheesecake
data/raw/food101/food-101/images/cheesecake/1583520.jpg,17,cheesecake
data/raw/food101/food-101/images/cheesecake/618989.jpg,17,cheesecake
data/raw/food101/food-101/images/cheesecake/1926.jpg,17,cheesecake
data/raw/food101/food-101/images/cheesecake/461587.jpg,17,cheesecake
data/raw/food101/food-101/images/cheesecake/2989533.jpg,17,cheesecake
data/raw/food101/food-101/images/cheesecake/102854.jpg,17,cheesecake
data/raw/food101/food-101/images/cheesecake/2403575.jpg,17,cheesecake
data/raw/food101/food-101/images/cheesecake/3222555.jpg,17,cheesecake
data/raw/food101/food-101/images/cheesecake/2709436.jpg,17,cheesecake
data/raw/food101/food-101/images/cheesecake/2106674.jpg,17,cheesecake
data/raw/food101/food-101/images/cheesecake/3301137.jpg,17,cheesecake
data/raw/food101/food-101/images/cheesecake/1308111.jpg,17,cheesecake
data/raw/food101/food-101/images/cheesecake/1974808.jpg,17,cheesecake
data/raw/food101/food-101/images/cheesecake/3807015.jpg,17,cheesecake
data/raw/food101/food-101/images/cheesecake/210991.jpg,17,cheesecake
data/raw/food101/food-101/images/cheesecake/815943.jpg,17,cheesecake
data/raw/food101/food-101/images/cheesecake/1535829.jpg,17,cheesecake
data/raw/food101/food-101/images/cheesecake/2711334.jpg,17,cheesecake
data/raw/food101/food-101/images/cheesecake/2240302.jpg,17,cheesecake
data/raw/food101/food-101/images/cheesecake/3526203.jpg,17,cheesecake
data/raw/food101/food-101/images/cheesecake/2999765.jpg,17,cheesecake
data/raw/food101/food-101/images/cheesecake/522074.jpg,17,cheesecake
data/raw/food101/food-101/images/cheesecake/3121053.jpg,17,cheesecake
data/raw/food101/food-101/images/cheesecake/818687.jpg,17,cheesecake
data/raw/food101/food-101/images/cheesecake/1873909.jpg,17,cheesecake
data/raw/food101/food-101/images/cheesecake/1837849.jpg,17,cheesecake
data/raw/food101/food-101/images/cheesecake/1920846.jpg,17,cheesecake
data/raw/food101/food-101/images/cheesecake/2677006.jpg,17,cheesecake
data/raw/food101/food-101/images/cheesecake/212691.jpg,17,cheesecake
data/raw/food101/food-101/images/cheesecake/2549099.jpg,17,cheesecake
data/raw/food101/food-101/images/cheesecake/2332717.jpg,17,cheesecake
data/raw/food101/food-101/images/cheesecake/1600182.jpg,17,cheesecake
data/raw/food101/food-101/images/cheesecake/3598110.jpg,17,cheesecake
data/raw/food101/food-101/images/chicken_curry/2094778.jpg,18,chicken_curry
data/raw/food101/food-101/images/chicken_curry/214335.jpg,18,chicken_curry
data/raw/food101/food-101/images/chicken_curry/2753085.jpg,18,chicken_curry
data/raw/food101/food-101/images/chicken_curry/1014843.jpg,18,chicken_curry
data/raw/food101/food-101/images/chicken_curry/1473873.jpg,18,chicken_curry
data/raw/food101/food-101/images/chicken_curry/2589984.jpg,18,chicken_curry
data/raw/food101/food-101/images/chicken_curry/418069.jpg,18,chicken_curry
data/raw/food101/food-101/images/chicken_curry/1775065.jpg,18,chicken_curry
data/raw/food101/food-101/images/chicken_curry/3419930.jpg,18,chicken_curry
data/raw/food101/food-101/images/chicken_curry/2291280.jpg,18,chicken_curry
data/raw/food101/food-101/images/chicken_curry/1133357.jpg,18,chicken_curry
data/raw/food101/food-101/images/chicken_curry/531941.jpg,18,chicken_curry
data/raw/food101/food-101/images/chicken_curry/1254768.jpg,18,chicken_curry
data/raw/food101/food-101/images/chicken_curry/3030248.jpg,18,chicken_curry
data/raw/food101/food-101/images/chicken_curry/371995.jpg,18,chicken_curry
data/raw/food101/food-101/images/chicken_curry/263262.jpg,18,chicken_curry
data/raw/food101/food-101/images/chicken_curry/1536664.jpg,18,chicken_curry
data/raw/food101/food-101/images/chicken_curry/3443323.jpg,18,chicken_curry
data/raw/food101/food-101/images/chicken_curry/56745.jpg,18,chicken_curry
data/raw/food101/food-101/images/chicken_curry/1653470.jpg,18,chicken_curry
data/raw/food101/food-101/images/chicken_curry/3244485.jpg,18,chicken_curry
data/raw/food101/food-101/images/chicken_curry/1561845.jpg,18,chicken_curry
data/raw/food101/food-101/images/chicken_curry/2062313.jpg,18,chicken_curry
data/raw/food101/food-101/images/chicken_curry/3163998.jpg,18,chicken_curry
data/raw/food101/food-101/images/chicken_curry/2196716.jpg,18,chicken_curry
data/raw/food101/food-101/images/chicken_curry/797270.jpg,18,chicken_curry
data/raw/food101/food-101/images/chicken_curry/1873303.jpg,18,chicken_curry
data/raw/food101/food-101/images/chicken_curry/466571.jpg,18,chicken_curry
data/raw/food101/food-101/images/chicken_curry/1022681.jpg,18,chicken_curry
data/raw/food101/food-101/images/chicken_curry/118163.jpg,18,chicken_curry
data/raw/food101/food-101/images/chicken_curry/3711418.jpg,18,chicken_curry
data/raw/food101/food-101/images/chicken_curry/1213873.jpg,18,chicken_curry
data/raw/food101/food-101/images/chicken_curry/2538260.jpg,18,chicken_curry
data/raw/food101/food-101/images/chicken_curry/2541599.jpg,18,chicken_curry
data/raw/food101/food-101/images/chicken_curry/216506.jpg,18,chicken_curry
data/raw/food101/food-101/images/chicken_curry/3490871.jpg,18,chicken_curry
data/raw/food101/food-101/images/chicken_curry/2775937.jpg,18,chicken_curry
data/raw/food101/food-101/images/chicken_curry/171055.jpg,18,chicken_curry
data/raw/food101/food-101/images/chicken_curry/3195104.jpg,18,chicken_curry
data/raw/food101/food-101/images/chicken_curry/390080.jpg,18,chicken_curry
data/raw/food101/food-101/images/chicken_curry/289269.jpg,18,chicken_curry
data/raw/food101/food-101/images/chicken_curry/281471.jpg,18,chicken_curry
data/raw/food101/food-101/images/chicken_curry/2553422.jpg,18,chicken_curry
data/raw/food101/food-101/images/chicken_curry/181852.jpg,18,chicken_curry
data/raw/food101/food-101/images/chicken_curry/909733.jpg,18,chicken_curry
data/raw/food101/food-101/images/chicken_curry/1330735.jpg,18,chicken_curry
data/raw/food101/food-101/images/chicken_curry/144078.jpg,18,chicken_curry
data/raw/food101/food-101/images/chicken_curry/668474.jpg,18,chicken_curry
data/raw/food101/food-101/images/chicken_curry/11207.jpg,18,chicken_curry
data/raw/food101/food-101/images/chicken_curry/3039459.jpg,18,chicken_curry
data/raw/food101/food-101/images/chicken_curry/364411.jpg,18,chicken_curry
data/raw/food101/food-101/images/chicken_curry/3845130.jpg,18,chicken_curry
data/raw/food101/food-101/images/chicken_curry/3570420.jpg,18,chicken_curry
data/raw/food101/food-101/images/chicken_curry/3402952.jpg,18,chicken_curry
data/raw/food101/food-101/images/chicken_curry/3617120.jpg,18,chicken_curry
data/raw/food101/food-101/images/chicken_curry/517965.jpg,18,chicken_curry
data/raw/food101/food-101/images/chicken_curry/476423.jpg,18,chicken_curry
data/raw/food101/food-101/images/chicken_curry/401602.jpg,18,chicken_curry
data/raw/food101/food-101/images/chicken_curry/587189.jpg,18,chicken_curry
data/raw/food101/food-101/images/chicken_curry/3048655.jpg,18,chicken_curry
data/raw/food101/food-101/images/chicken_curry/1238337.jpg,18,chicken_curry
data/raw/food101/food-101/images/chicken_curry/998232.jpg,18,chicken_curry
data/raw/food101/food-101/images/chicken_curry/2843978.jpg,18,chicken_curry
data/raw/food101/food-101/images/chicken_curry/3058302.jpg,18,chicken_curry
data/raw/food101/food-101/images/chicken_curry/3181412.jpg,18,chicken_curry
data/raw/food101/food-101/images/chicken_curry/138001.jpg,18,chicken_curry
data/raw/food101/food-101/images/chicken_curry/1004867.jpg,18,chicken_curry
data/raw/food101/food-101/images/chicken_curry/3379335.jpg,18,chicken_curry
data/raw/food101/food-101/images/chicken_curry/2000064.jpg,18,chicken_curry
data/raw/food101/food-101/images/chicken_curry/2480115.jpg,18,chicken_curry
data/raw/food101/food-101/images/chicken_quesadilla/2409347.jpg,19,chicken_quesadilla
data/raw/food101/food-101/images/chicken_quesadilla/2829570.jpg,19,chicken_quesadilla
data/raw/food101/food-101/images/chicken_quesadilla/3085066.jpg,19,chicken_quesadilla
data/raw/food101/food-101/images/chicken_quesadilla/1086370.jpg,19,chicken_quesadilla
data/raw/food101/food-101/images/chicken_quesadilla/3180863.jpg,19,chicken_quesadilla
data/raw/food101/food-101/images/chicken_quesadilla/67932.jpg,19,chicken_quesadilla
data/raw/food101/food-101/images/chicken_quesadilla/3344860.jpg,19,chicken_quesadilla
data/raw/food101/food-101/images/chicken_quesadilla/827714.jpg,19,chicken_quesadilla
data/raw/food101/food-101/images/chicken_quesadilla/2792777.jpg,19,chicken_quesadilla
data/raw/food101/food-101/images/chicken_quesadilla/1227538.jpg,19,chicken_quesadilla
data/raw/food101/food-101/images/chicken_quesadilla/2107031.jpg,19,chicken_quesadilla
data/raw/food101/food-101/images/chicken_quesadilla/1803797.jpg,19,chicken_quesadilla
data/raw/food101/food-101/images/chicken_quesadilla/2990987.jpg,19,chicken_quesadilla
data/raw/food101/food-101/images/chicken_quesadilla/926000.jpg,19,chicken_quesadilla
data/raw/food101/food-101/images/chicken_quesadilla/2223295.jpg,19,chicken_quesadilla
data/raw/food101/food-101/images/chicken_quesadilla/3611622.jpg,19,chicken_quesadilla
data/raw/food101/food-101/images/chicken_quesadilla/1329434.jpg,19,chicken_quesadilla
data/raw/food101/food-101/images/chicken_quesadilla/557019.jpg,19,chicken_quesadilla
data/raw/food101/food-101/images/chicken_quesadilla/2224056.jpg,19,chicken_quesadilla
data/raw/food101/food-101/images/chicken_quesadilla/3418678.jpg,19,chicken_quesadilla
data/raw/food101/food-101/images/chicken_quesadilla/2553759.jpg,19,chicken_quesadilla
data/raw/food101/food-101/images/chicken_quesadilla/2667644.jpg,19,chicken_quesadilla
data/raw/food101/food-101/images/chicken_quesadilla/2853833.jpg,19,chicken_quesadilla
data/raw/food101/food-101/images/chicken_quesadilla/819956.jpg,19,chicken_quesadilla
data/raw/food101/food-101/images/chicken_quesadilla/1139431.jpg,19,chicken_quesadilla
data/raw/food101/food-101/images/chicken_quesadilla/2919345.jpg,19,chicken_quesadilla
data/raw/food101/food-101/images/chicken_quesadilla/149408.jpg,19,chicken_quesadilla
data/raw/food101/food-101/images/chicken_quesadilla/3174671.jpg,19,chicken_quesadilla
data/raw/food101/food-101/images/chicken_quesadilla/3716580.jpg,19,chicken_quesadilla
data/raw/food101/food-101/images/chicken_quesadilla/171970.jpg,19,chicken_quesadilla
data/raw/food101/food-101/images/chicken_quesadilla/2902221.jpg,19,chicken_quesadilla
data/raw/food101/food-101/images/chicken_quesadilla/2081323.jpg,19,chicken_quesadilla
data/raw/food101/food-101/images/chicken_quesadilla/760311.jpg,19,chicken_quesadilla
data/raw/food101/food-101/images/chicken_quesadilla/571602.jpg,19,chicken_quesadilla
data/raw/food101/food-101/images/chicken_quesadilla/1717867.jpg,19,chicken_quesadilla
data/raw/food101/food-101/images/chicken_quesadilla/470420.jpg,19,chicken_quesadilla
data/raw/food101/food-101/images/chicken_quesadilla/3141465.jpg,19,chicken_quesadilla
data/raw/food101/food-101/images/chicken_quesadilla/2494540.jpg,19,chicken_quesadilla
data/raw/food101/food-101/images/chicken_quesadilla/2386061.jpg,19,chicken_quesadilla
data/raw/food101/food-101/images/chicken_quesadilla/703180.jpg,19,chicken_quesadilla
data/raw/food101/food-101/images/chicken_quesadilla/251060.jpg,19,chicken_quesadilla
data/raw/food101/food-101/images/chicken_quesadilla/1238510.jpg,19,chicken_quesadilla
data/raw/food101/food-101/images/chicken_quesadilla/2671188.jpg,19,chicken_quesadilla
data/raw/food101/food-101/images/chicken_quesadilla/1860088.jpg,19,chicken_quesadilla
data/raw/food101/food-101/images/chicken_quesadilla/2516530.jpg,19,chicken_quesadilla
data/raw/food101/food-101/images/chicken_quesadilla/3620151.jpg,19,chicken_quesadilla
data/raw/food101/food-101/images/chicken_quesadilla/474977.jpg,19,chicken_quesadilla
data/raw/food101/food-101/images/chicken_quesadilla/2481874.jpg,19,chicken_quesadilla
data/raw/food101/food-101/images/chicken_quesadilla/3005257.jpg,19,chicken_quesadilla
data/raw/food101/food-101/images/chicken_quesadilla/2132661.jpg,19,chicken_quesadilla
data/raw/food101/food-101/images/chicken_quesadilla/3108421.jpg,19,chicken_quesadilla
data/raw/food101/food-101/images/chicken_quesadilla/1595167.jpg,19,chicken_quesadilla
data/raw/food101/food-101/images/chicken_quesadilla/1133811.jpg,19,chicken_quesadilla
data/raw/food101/food-101/images/chicken_quesadilla/3083828.jpg,19,chicken_quesadilla
data/raw/food101/food-101/images/chicken_quesadilla/2634955.jpg,19,chicken_quesadilla
data/raw/food101/food-101/images/chicken_quesadilla/349749.jpg,19,chicken_quesadilla
data/raw/food101/food-101/images/chicken_quesadilla/3573940.jpg,19,chicken_quesadilla
data/raw/food101/food-101/images/chicken_quesadilla/649061.jpg,19,chicken_quesadilla
data/raw/food101/food-101/images/chicken_quesadilla/1052529.jpg,19,chicken_quesadilla
data/raw/food101/food-101/images/chicken_quesadilla/505014.jpg,19,chicken_quesadilla
data/raw/food101/food-101/images/chicken_quesadilla/2642662.jpg,19,chicken_quesadilla
data/raw/food101/food-101/images/chicken_quesadilla/2539566.jpg,19,chicken_quesadilla
data/raw/food101/food-101/images/chicken_quesadilla/3324435.jpg,19,chicken_quesadilla
data/raw/food101/food-101/images/chicken_quesadilla/3731711.jpg,19,chicken_quesadilla
data/raw/food101/food-101/images/chicken_quesadilla/741780.jpg,19,chicken_quesadilla
data/raw/food101/food-101/images/chicken_quesadilla/1597364.jpg,19,chicken_quesadilla
data/raw/food101/food-101/images/chicken_quesadilla/1580204.jpg,19,chicken_quesadilla
data/raw/food101/food-101/images/chicken_quesadilla/2367519.jpg,19,chicken_quesadilla
data/raw/food101/food-101/images/chicken_quesadilla/3292457.jpg,19,chicken_quesadilla
data/raw/food101/food-101/images/chicken_quesadilla/1883838.jpg,19,chicken_quesadilla
data/raw/food101/food-101/images/chicken_wings/2595045.jpg,20,chicken_wings
data/raw/food101/food-101/images/chicken_wings/552164.jpg,20,chicken_wings
data/raw/food101/food-101/images/chicken_wings/2966637.jpg,20,chicken_wings
data/raw/food101/food-101/images/chicken_wings/1700256.jpg,20,chicken_wings
data/raw/food101/food-101/images/chicken_wings/314237.jpg,20,chicken_wings
data/raw/food101/food-101/images/chicken_wings/3769369.jpg,20,chicken_wings
data/raw/food101/food-101/images/chicken_wings/3148488.jpg,20,chicken_wings
data/raw/food101/food-101/images/chicken_wings/3144795.jpg,20,chicken_wings
data/raw/food101/food-101/images/chicken_wings/2098430.jpg,20,chicken_wings
data/raw/food101/food-101/images/chicken_wings/3292623.jpg,20,chicken_wings
data/raw/food101/food-101/images/chicken_wings/178183.jpg,20,chicken_wings
data/raw/food101/food-101/images/chicken_wings/1946032.jpg,20,chicken_wings
data/raw/food101/food-101/images/chicken_wings/513501.jpg,20,chicken_wings
data/raw/food101/food-101/images/chicken_wings/3241767.jpg,20,chicken_wings
data/raw/food101/food-101/images/chicken_wings/2253632.jpg,20,chicken_wings
data/raw/food101/food-101/images/chicken_wings/1892190.jpg,20,chicken_wings
data/raw/food101/food-101/images/chicken_wings/1813454.jpg,20,chicken_wings
data/raw/food101/food-101/images/chicken_wings/3342953.jpg,20,chicken_wings
data/raw/food101/food-101/images/chicken_wings/2813450.jpg,20,chicken_wings
data/raw/food101/food-101/images/chicken_wings/3825432.jpg,20,chicken_wings
data/raw/food101/food-101/images/chicken_wings/2349268.jpg,20,chicken_wings
data/raw/food101/food-101/images/chicken_wings/942088.jpg,20,chicken_wings
data/raw/food101/food-101/images/chicken_wings/200860.jpg,20,chicken_wings
data/raw/food101/food-101/images/chicken_wings/3701508.jpg,20,chicken_wings
data/raw/food101/food-101/images/chicken_wings/2442565.jpg,20,chicken_wings
data/raw/food101/food-101/images/chicken_wings/2885883.jpg,20,chicken_wings
data/raw/food101/food-101/images/chicken_wings/2689181.jpg,20,chicken_wings
data/raw/food101/food-101/images/chicken_wings/3276721.jpg,20,chicken_wings
data/raw/food101/food-101/images/chicken_wings/2563550.jpg,20,chicken_wings
data/raw/food101/food-101/images/chicken_wings/81028.jpg,20,chicken_wings
data/raw/food101/food-101/images/chicken_wings/2651440.jpg,20,chicken_wings
data/raw/food101/food-101/images/chicken_wings/1769866.jpg,20,chicken_wings
data/raw/food101/food-101/images/chicken_wings/57530.jpg,20,chicken_wings
data/raw/food101/food-101/images/chicken_wings/1531732.jpg,20,chicken_wings
data/raw/food101/food-101/images/chicken_wings/3731812.jpg,20,chicken_wings
data/raw/food101/food-101/images/chicken_wings/2335907.jpg,20,chicken_wings
data/raw/food101/food-101/images/chicken_wings/2630065.jpg,20,chicken_wings
data/raw/food101/food-101/images/chicken_wings/266691.jpg,20,chicken_wings
data/raw/food101/food-101/images/chicken_wings/3282233.jpg,20,chicken_wings
data/raw/food101/food-101/images/chicken_wings/455305.jpg,20,chicken_wings
data/raw/food101/food-101/images/chicken_wings/2126013.jpg,20,chicken_wings
data/raw/food101/food-101/images/chicken_wings/3533706.jpg,20,chicken_wings
data/raw/food101/food-101/images/chicken_wings/3509606.jpg,20,chicken_wings
data/raw/food101/food-101/images/chicken_wings/2986967.jpg,20,chicken_wings
data/raw/food101/food-101/images/chicken_wings/3531905.jpg,20,chicken_wings
data/raw/food101/food-101/images/chicken_wings/3159659.jpg,20,chicken_wings
data/raw/food101/food-101/images/chicken_wings/2997531.jpg,20,chicken_wings
data/raw/food101/food-101/images/chicken_wings/230912.jpg,20,chicken_wings
data/raw/food101/food-101/images/chicken_wings/3923996.jpg,20,chicken_wings
data/raw/food101/food-101/images/chicken_wings/999076.jpg,20,chicken_wings
data/raw/food101/food-101/images/chicken_wings/1141814.jpg,20,chicken_wings
data/raw/food101/food-101/images/chicken_wings/239098.jpg,20,chicken_wings
data/raw/food101/food-101/images/chicken_wings/2669630.jpg,20,chicken_wings
data/raw/food101/food-101/images/chicken_wings/1555733.jpg,20,chicken_wings
data/raw/food101/food-101/images/chicken_wings/2401643.jpg,20,chicken_wings
data/raw/food101/food-101/images/chicken_wings/1608846.jpg,20,chicken_wings
data/raw/food101/food-101/images/chicken_wings/1836523.jpg,20,chicken_wings
data/raw/food101/food-101/images/chicken_wings/1414062.jpg,20,chicken_wings
data/raw/food101/food-101/images/chicken_wings/1173474.jpg,20,chicken_wings
data/raw/food101/food-101/images/chicken_wings/123447.jpg,20,chicken_wings
data/raw/food101/food-101/images/chicken_wings/1575623.jpg,20,chicken_wings
data/raw/food101/food-101/images/chicken_wings/2530411.jpg,20,chicken_wings
data/raw/food101/food-101/images/chicken_wings/115610.jpg,20,chicken_wings
data/raw/food101/food-101/images/chicken_wings/982894.jpg,20,chicken_wings
data/raw/food101/food-101/images/chicken_wings/3352325.jpg,20,chicken_wings
data/raw/food101/food-101/images/chicken_wings/3366275.jpg,20,chicken_wings
data/raw/food101/food-101/images/chicken_wings/2532328.jpg,20,chicken_wings
data/raw/food101/food-101/images/chicken_wings/1981669.jpg,20,chicken_wings
data/raw/food101/food-101/images/chicken_wings/811798.jpg,20,chicken_wings
data/raw/food101/food-101/images/chicken_wings/1185396.jpg,20,chicken_wings
data/raw/food101/food-101/images/chocolate_cake/3401943.jpg,21,chocolate_cake
data/raw/food101/food-101/images/chocolate_cake/1554362.jpg,21,chocolate_cake
data/raw/food101/food-101/images/chocolate_cake/2125687.jpg,21,chocolate_cake
data/raw/food101/food-101/images/chocolate_cake/3713574.jpg,21,chocolate_cake
data/raw/food101/food-101/images/chocolate_cake/3917741.jpg,21,chocolate_cake
data/raw/food101/food-101/images/chocolate_cake/2228192.jpg,21,chocolate_cake
data/raw/food101/food-101/images/chocolate_cake/639222.jpg,21,chocolate_cake
data/raw/food101/food-101/images/chocolate_cake/2086940.jpg,21,chocolate_cake
data/raw/food101/food-101/images/chocolate_cake/1474255.jpg,21,chocolate_cake
data/raw/food101/food-101/images/chocolate_cake/2304038.jpg,21,chocolate_cake
data/raw/food101/food-101/images/chocolate_cake/670249.jpg,21,chocolate_cake
data/raw/food101/food-101/images/chocolate_cake/1668556.jpg,21,chocolate_cake
data/raw/food101/food-101/images/chocolate_cake/1933573.jpg,21,chocolate_cake
data/raw/food101/food-101/images/chocolate_cake/3421101.jpg,21,chocolate_cake
data/raw/food101/food-101/images/chocolate_cake/716703.jpg,21,chocolate_cake
data/raw/food101/food-101/images/chocolate_cake/3698195.jpg,21,chocolate_cake
data/raw/food101/food-101/images/chocolate_cake/515043.jpg,21,chocolate_cake
data/raw/food101/food-101/images/chocolate_cake/2828617.jpg,21,chocolate_cake
data/raw/food101/food-101/images/chocolate_cake/2380230.jpg,21,chocolate_cake
data/raw/food101/food-101/images/chocolate_cake/2383373.jpg,21,chocolate_cake
data/raw/food101/food-101/images/chocolate_cake/1026971.jpg,21,chocolate_cake
data/raw/food101/food-101/images/chocolate_cake/3544250.jpg,21,chocolate_cake
data/raw/food101/food-101/images/chocolate_cake/53320.jpg,21,chocolate_cake
data/raw/food101/food-101/images/chocolate_cake/1439060.jpg,21,chocolate_cake
data/raw/food101/food-101/images/chocolate_cake/1191566.jpg,21,chocolate_cake
data/raw/food101/food-101/images/chocolate_cake/3665218.jpg,21,chocolate_cake
data/raw/food101/food-101/images/chocolate_cake/3178988.jpg,21,chocolate_cake
data/raw/food101/food-101/images/chocolate_cake/3044354.jpg,21,chocolate_cake
data/raw/food101/food-101/images/chocolate_cake/2712257.jpg,21,chocolate_cake
data/raw/food101/food-101/images/chocolate_cake/3824495.jpg,21,chocolate_cake
data/raw/food101/food-101/images/chocolate_cake/1504717.jpg,21,chocolate_cake
data/raw/food101/food-101/images/chocolate_cake/2065399.jpg,21,chocolate_cake
data/raw/food101/food-101/images/chocolate_cake/2056176.jpg,21,chocolate_cake
data/raw/food101/food-101/images/chocolate_cake/1725610.jpg,21,chocolate_cake
data/raw/food101/food-101/images/chocolate_cake/544614.jpg,21,chocolate_cake
data/raw/food101/food-101/images/chocolate_cake/2104087.jpg,21,chocolate_cake
data/raw/food101/food-101/images/chocolate_cake/1166782.jpg,21,chocolate_cake
data/raw/food101/food-101/images/chocolate_cake/1523068.jpg,21,chocolate_cake
data/raw/food101/food-101/images/chocolate_cake/906159.jpg,21,chocolate_cake
data/raw/food101/food-101/images/chocolate_cake/3783778.jpg,21,chocolate_cake
data/raw/food101/food-101/images/chocolate_cake/60466.jpg,21,chocolate_cake
data/raw/food101/food-101/images/chocolate_cake/2969347.jpg,21,chocolate_cake
data/raw/food101/food-101/images/chocolate_cake/1565183.jpg,21,chocolate_cake
data/raw/food101/food-101/images/chocolate_cake/2613929.jpg,21,chocolate_cake
data/raw/food101/food-101/images/chocolate_cake/1255779.jpg,21,chocolate_cake
data/raw/food101/food-101/images/chocolate_cake/3788264.jpg,21,chocolate_cake
data/raw/food101/food-101/images/chocolate_cake/257261.jpg,21,chocolate_cake
data/raw/food101/food-101/images/chocolate_cake/1404915.jpg,21,chocolate_cake
data/raw/food101/food-101/images/chocolate_cake/1826433.jpg,21,chocolate_cake
data/raw/food101/food-101/images/chocolate_cake/1157425.jpg,21,chocolate_cake
data/raw/food101/food-101/images/chocolate_cake/2912467.jpg,21,chocolate_cake
data/raw/food101/food-101/images/chocolate_cake/2321952.jpg,21,chocolate_cake
data/raw/food101/food-101/images/chocolate_cake/2993321.jpg,21,chocolate_cake
data/raw/food101/food-101/images/chocolate_cake/963726.jpg,21,chocolate_cake
data/raw/food101/food-101/images/chocolate_cake/482196.jpg,21,chocolate_cake
data/raw/food101/food-101/images/chocolate_cake/3417862.jpg,21,chocolate_cake
data/raw/food101/food-101/images/chocolate_cake/2353771.jpg,21,chocolate_cake
data/raw/food101/food-101/images/chocolate_cake/3242655.jpg,21,chocolate_cake
data/raw/food101/food-101/images/chocolate_cake/2684293.jpg,21,chocolate_cake
data/raw/food101/food-101/images/chocolate_cake/783243.jpg,21,chocolate_cake
data/raw/food101/food-101/images/chocolate_cake/641521.jpg,21,chocolate_cake
data/raw/food101/food-101/images/chocolate_cake/1573482.jpg,21,chocolate_cake
data/raw/food101/food-101/images/chocolate_cake/1548484.jpg,21,chocolate_cake
data/raw/food101/food-101/images/chocolate_cake/3142946.jpg,21,chocolate_cake
data/raw/food101/food-101/images/chocolate_cake/299722.jpg,21,chocolate_cake
data/raw/food101/food-101/images/chocolate_cake/670010.jpg,21,chocolate_cake
data/raw/food101/food-101/images/chocolate_cake/2673849.jpg,21,chocolate_cake
data/raw/food101/food-101/images/chocolate_cake/3131333.jpg,21,chocolate_cake
data/raw/food101/food-101/images/chocolate_cake/3726800.jpg,21,chocolate_cake
data/raw/food101/food-101/images/chocolate_cake/458210.jpg,21,chocolate_cake
data/raw/food101/food-101/images/chocolate_mousse/1002682.jpg,22,chocolate_mousse
data/raw/food101/food-101/images/chocolate_mousse/2379192.jpg,22,chocolate_mousse
data/raw/food101/food-101/images/chocolate_mousse/3017757.jpg,22,chocolate_mousse
data/raw/food101/food-101/images/chocolate_mousse/472088.jpg,22,chocolate_mousse
data/raw/food101/food-101/images/chocolate_mousse/2791410.jpg,22,chocolate_mousse
data/raw/food101/food-101/images/chocolate_mousse/3346125.jpg,22,chocolate_mousse
data/raw/food101/food-101/images/chocolate_mousse/3455036.jpg,22,chocolate_mousse
data/raw/food101/food-101/images/chocolate_mousse/3919598.jpg,22,chocolate_mousse
data/raw/food101/food-101/images/chocolate_mousse/531176.jpg,22,chocolate_mousse
data/raw/food101/food-101/images/chocolate_mousse/189792.jpg,22,chocolate_mousse
data/raw/food101/food-101/images/chocolate_mousse/3647945.jpg,22,chocolate_mousse
data/raw/food101/food-101/images/chocolate_mousse/456162.jpg,22,chocolate_mousse
data/raw/food101/food-101/images/chocolate_mousse/2993358.jpg,22,chocolate_mousse
data/raw/food101/food-101/images/chocolate_mousse/977096.jpg,22,chocolate_mousse
data/raw/food101/food-101/images/chocolate_mousse/1397175.jpg,22,chocolate_mousse
data/raw/food101/food-101/images/chocolate_mousse/1356433.jpg,22,chocolate_mousse
data/raw/food101/food-101/images/chocolate_mousse/1974863.jpg,22,chocolate_mousse
data/raw/food101/food-101/images/chocolate_mousse/3416150.jpg,22,chocolate_mousse
data/raw/food101/food-101/images/chocolate_mousse/609153.jpg,22,chocolate_mousse
data/raw/food101/food-101/images/chocolate_mousse/1455718.jpg,22,chocolate_mousse
data/raw/food101/food-101/images/chocolate_mousse/1018802.jpg,22,chocolate_mousse
data/raw/food101/food-101/images/chocolate_mousse/1710865.jpg,22,chocolate_mousse
data/raw/food101/food-101/images/chocolate_mousse/87225.jpg,22,chocolate_mousse
data/raw/food101/food-101/images/chocolate_mousse/229106.jpg,22,chocolate_mousse
data/raw/food101/food-101/images/chocolate_mousse/299812.jpg,22,chocolate_mousse
data/raw/food101/food-101/images/chocolate_mousse/1613669.jpg,22,chocolate_mousse
data/raw/food101/food-101/images/chocolate_mousse/2303022.jpg,22,chocolate_mousse
data/raw/food101/food-101/images/chocolate_mousse/2815941.jpg,22,chocolate_mousse
data/raw/food101/food-101/images/chocolate_mousse/3843078.jpg,22,chocolate_mousse
data/raw/food101/food-101/images/chocolate_mousse/2483058.jpg,22,chocolate_mousse
data/raw/food101/food-101/images/chocolate_mousse/335679.jpg,22,chocolate_mousse
data/raw/food101/food-101/images/chocolate_mousse/1935705.jpg,22,chocolate_mousse
data/raw/food101/food-101/images/chocolate_mousse/3063304.jpg,22,chocolate_mousse
data/raw/food101/food-101/images/chocolate_mousse/1793072.jpg,22,chocolate_mousse
data/raw/food101/food-101/images/chocolate_mousse/3000917.jpg,22,chocolate_mousse
data/raw/food101/food-101/images/chocolate_mousse/2019512.jpg,22,chocolate_mousse
data/raw/food101/food-101/images/chocolate_mousse/3158416.jpg,22,chocolate_mousse
data/raw/food101/food-101/images/chocolate_mousse/90898.jpg,22,chocolate_mousse
data/raw/food101/food-101/images/chocolate_mousse/745911.jpg,22,chocolate_mousse
data/raw/food101/food-101/images/chocolate_mousse/3159339.jpg,22,chocolate_mousse
data/raw/food101/food-101/images/chocolate_mousse/3691097.jpg,22,chocolate_mousse
data/raw/food101/food-101/images/chocolate_mousse/2858450.jpg,22,chocolate_mousse
data/raw/food101/food-101/images/chocolate_mousse/522722.jpg,22,chocolate_mousse
data/raw/food101/food-101/images/chocolate_mousse/1747042.jpg,22,chocolate_mousse
data/raw/food101/food-101/images/chocolate_mousse/661552.jpg,22,chocolate_mousse
data/raw/food101/food-101/images/chocolate_mousse/3634903.jpg,22,chocolate_mousse
data/raw/food101/food-101/images/chocolate_mousse/1463326.jpg,22,chocolate_mousse
data/raw/food101/food-101/images/chocolate_mousse/3736887.jpg,22,chocolate_mousse
data/raw/food101/food-101/images/chocolate_mousse/2486763.jpg,22,chocolate_mousse
data/raw/food101/food-101/images/chocolate_mousse/757129.jpg,22,chocolate_mousse
data/raw/food101/food-101/images/chocolate_mousse/34680.jpg,22,chocolate_mousse
data/raw/food101/food-101/images/chocolate_mousse/3022603.jpg,22,chocolate_mousse
data/raw/food101/food-101/images/chocolate_mousse/804544.jpg,22,chocolate_mousse
data/raw/food101/food-101/images/chocolate_mousse/1302364.jpg,22,chocolate_mousse
data/raw/food101/food-101/images/chocolate_mousse/484123.jpg,22,chocolate_mousse
data/raw/food101/food-101/images/chocolate_mousse/1622112.jpg,22,chocolate_mousse
data/raw/food101/food-101/images/chocolate_mousse/3265477.jpg,22,chocolate_mousse
data/raw/food101/food-101/images/chocolate_mousse/1184713.jpg,22,chocolate_mousse
data/raw/food101/food-101/images/chocolate_mousse/477929.jpg,22,chocolate_mousse
data/raw/food101/food-101/images/chocolate_mousse/3470871.jpg,22,chocolate_mousse
data/raw/food101/food-101/images/chocolate_mousse/1843958.jpg,22,chocolate_mousse
data/raw/food101/food-101/images/chocolate_mousse/871487.jpg,22,chocolate_mousse
data/raw/food101/food-101/images/chocolate_mousse/906657.jpg,22,chocolate_mousse
data/raw/food101/food-101/images/chocolate_mousse/1987640.jpg,22,chocolate_mousse
data/raw/food101/food-101/images/chocolate_mousse/809560.jpg,22,chocolate_mousse
data/raw/food101/food-101/images/chocolate_mousse/1568951.jpg,22,chocolate_mousse
data/raw/food101/food-101/images/chocolate_mousse/7724.jpg,22,chocolate_mousse
data/raw/food101/food-101/images/chocolate_mousse/1220299.jpg,22,chocolate_mousse
data/raw/food101/food-101/images/chocolate_mousse/3611651.jpg,22,chocolate_mousse
data/raw/food101/food-101/images/chocolate_mousse/2419236.jpg,22,chocolate_mousse
data/raw/food101/food-101/images/churros/2526456.jpg,23,churros
data/raw/food101/food-101/images/churros/904526.jpg,23,churros
data/raw/food101/food-101/images/churros/549805.jpg,23,churros
data/raw/food101/food-101/images/churros/3622608.jpg,23,churros
data/raw/food101/food-101/images/churros/2462932.jpg,23,churros
data/raw/food101/food-101/images/churros/1565019.jpg,23,churros
data/raw/food101/food-101/images/churros/506009.jpg,23,churros
data/raw/food101/food-101/images/churros/2735230.jpg,23,churros
data/raw/food101/food-101/images/churros/2187672.jpg,23,churros
data/raw/food101/food-101/images/churros/1013460.jpg,23,churros
data/raw/food101/food-101/images/churros/1681026.jpg,23,churros
data/raw/food101/food-101/images/churros/2882446.jpg,23,churros
data/raw/food101/food-101/images/churros/401669.jpg,23,churros
data/raw/food101/food-101/images/churros/3417212.jpg,23,churros
data/raw/food101/food-101/images/churros/1849521.jpg,23,churros
data/raw/food101/food-101/images/churros/1799068.jpg,23,churros
data/raw/food101/food-101/images/churros/2096314.jpg,23,churros
data/raw/food101/food-101/images/churros/2716874.jpg,23,churros
data/raw/food101/food-101/images/churros/2970599.jpg,23,churros
data/raw/food101/food-101/images/churros/3406463.jpg,23,churros
data/raw/food101/food-101/images/churros/2161860.jpg,23,churros
data/raw/food101/food-101/images/churros/3297337.jpg,23,churros
data/raw/food101/food-101/images/churros/2010867.jpg,23,churros
data/raw/food101/food-101/images/churros/743998.jpg,23,churros
data/raw/food101/food-101/images/churros/3885949.jpg,23,churros
data/raw/food101/food-101/images/churros/2311197.jpg,23,churros
data/raw/food101/food-101/images/churros/709515.jpg,23,churros
data/raw/food101/food-101/images/churros/3719836.jpg,23,churros
data/raw/food101/food-101/images/churros/3013588.jpg,23,churros
data/raw/food101/food-101/images/churros/2244814.jpg,23,churros
data/raw/food101/food-101/images/churros/1834472.jpg,23,churros
data/raw/food101/food-101/images/churros/2175700.jpg,23,churros
data/raw/food101/food-101/images/churros/3320939.jpg,23,churros
data/raw/food101/food-101/images/churros/2167393.jpg,23,churros
data/raw/food101/food-101/images/churros/2741606.jpg,23,churros
data/raw/food101/food-101/images/churros/1683636.jpg,23,churros
data/raw/food101/food-101/images/churros/2489040.jpg,23,churros
data/raw/food101/food-101/images/churros/262724.jpg,23,churros
data/raw/food101/food-101/images/churros/1658982.jpg,23,churros
data/raw/food101/food-101/images/churros/2097629.jpg,23,churros
data/raw/food101/food-101/images/churros/2753644.jpg,23,churros
data/raw/food101/food-101/images/churros/227002.jpg,23,churros
data/raw/food101/food-101/images/churros/910727.jpg,23,churros
data/raw/food101/food-101/images/churros/2704864.jpg,23,churros
data/raw/food101/food-101/images/churros/2112924.jpg,23,churros
data/raw/food101/food-101/images/churros/3025103.jpg,23,churros
data/raw/food101/food-101/images/churros/3523714.jpg,23,churros
data/raw/food101/food-101/images/churros/3303267.jpg,23,churros
data/raw/food101/food-101/images/churros/1467895.jpg,23,churros
data/raw/food101/food-101/images/churros/165517.jpg,23,churros
data/raw/food101/food-101/images/churros/553466.jpg,23,churros
data/raw/food101/food-101/images/churros/3139698.jpg,23,churros
data/raw/food101/food-101/images/churros/2296237.jpg,23,churros
data/raw/food101/food-101/images/churros/1799590.jpg,23,churros
data/raw/food101/food-101/images/churros/2508213.jpg,23,churros
data/raw/food101/food-101/images/churros/1230967.jpg,23,churros
data/raw/food101/food-101/images/churros/3333227.jpg,23,churros
data/raw/food101/food-101/images/churros/1683080.jpg,23,churros
data/raw/food101/food-101/images/churros/3111770.jpg,23,churros
data/raw/food101/food-101/images/churros/3210666.jpg,23,churros
data/raw/food101/food-101/images/churros/3222996.jpg,23,churros
data/raw/food101/food-101/images/churros/3593258.jpg,23,churros
data/raw/food101/food-101/images/churros/3870120.jpg,23,churros
data/raw/food101/food-101/images/churros/792828.jpg,23,churros
data/raw/food101/food-101/images/churros/1939241.jpg,23,churros
data/raw/food101/food-101/images/churros/1700340.jpg,23,churros
data/raw/food101/food-101/images/churros/881905.jpg,23,churros
data/raw/food101/food-101/images/churros/3417598.jpg,23,churros
data/raw/food101/food-101/images/churros/2249944.jpg,23,churros
data/raw/food101/food-101/images/churros/2497560.jpg,23,churros
data/raw/food101/food-101/images/clam_chowder/593251.jpg,24,clam_chowder
data/raw/food101/food-101/images/clam_chowder/216411.jpg,24,clam_chowder
data/raw/food101/food-101/images/clam_chowder/1613241.jpg,24,clam_chowder
data/raw/food101/food-101/images/clam_chowder/2741710.jpg,24,clam_chowder
data/raw/food101/food-101/images/clam_chowder/3607781.jpg,24,clam_chowder
data/raw/food101/food-101/images/clam_chowder/3024138.jpg,24,clam_chowder
data/raw/food101/food-101/images/clam_chowder/1466430.jpg,24,clam_chowder
data/raw/food101/food-101/images/clam_chowder/3704572.jpg,24,clam_chowder
data/raw/food101/food-101/images/clam_chowder/3042941.jpg,24,clam_chowder
data/raw/food101/food-101/images/clam_chowder/134108.jpg,24,clam_chowder
data/raw/food101/food-101/images/clam_chowder/197356.jpg,24,clam_chowder
data/raw/food101/food-101/images/clam_chowder/3196754.jpg,24,clam_chowder
data/raw/food101/food-101/images/clam_chowder/2715635.jpg,24,clam_chowder
data/raw/food101/food-101/images/clam_chowder/1322415.jpg,24,clam_chowder
data/raw/food101/food-101/images/clam_chowder/3820149.jpg,24,clam_chowder
data/raw/food101/food-101/images/clam_chowder/2266482.jpg,24,clam_chowder
data/raw/food101/food-101/images/clam_chowder/2192445.jpg,24,clam_chowder
data/raw/food101/food-101/images/clam_chowder/3738431.jpg,24,clam_chowder
data/raw/food101/food-101/images/clam_chowder/1832589.jpg,24,clam_chowder
data/raw/food101/food-101/images/clam_chowder/118752.jpg,24,clam_chowder
data/raw/food101/food-101/images/clam_chowder/2716999.jpg,24,clam_chowder
data/raw/food101/food-101/images/clam_chowder/384589.jpg,24,clam_chowder
data/raw/food101/food-101/images/clam_chowder/2775458.jpg,24,clam_chowder
data/raw/food101/food-101/images/clam_chowder/1367648.jpg,24,clam_chowder
data/raw/food101/food-101/images/clam_chowder/2226975.jpg,24,clam_chowder
data/raw/food101/food-101/images/clam_chowder/1778537.jpg,24,clam_chowder
data/raw/food101/food-101/images/clam_chowder/2024817.jpg,24,clam_chowder
data/raw/food101/food-101/images/clam_chowder/884105.jpg,24,clam_chowder
data/raw/food101/food-101/images/clam_chowder/933386.jpg,24,clam_chowder
data/raw/food101/food-101/images/clam_chowder/612011.jpg,24,clam_chowder
data/raw/food101/food-101/images/clam_chowder/1681407.jpg,24,clam_chowder
data/raw/food101/food-101/images/clam_chowder/462645.jpg,24,clam_chowder
data/raw/food101/food-101/images/clam_chowder/3346999.jpg,24,clam_chowder
data/raw/food101/food-101/images/clam_chowder/3487816.jpg,24,clam_chowder
data/raw/food101/food-101/images/clam_chowder/2991930.jpg,24,clam_chowder
data/raw/food101/food-101/images/clam_chowder/3496840.jpg,24,clam_chowder
data/raw/food101/food-101/images/clam_chowder/2324570.jpg,24,clam_chowder
data/raw/food101/food-101/images/clam_chowder/2859164.jpg,24,clam_chowder
data/raw/food101/food-101/images/clam_chowder/2709678.jpg,24,clam_chowder
data/raw/food101/food-101/images/clam_chowder/1742147.jpg,24,clam_chowder
data/raw/food101/food-101/images/clam_chowder/1352761.jpg,24,clam_chowder
data/raw/food101/food-101/images/clam_chowder/3228022.jpg,24,clam_chowder
data/raw/food101/food-101/images/clam_chowder/2844096.jpg,24,clam_chowder
data/raw/food101/food-101/images/clam_chowder/33513.jpg,24,clam_chowder
data/raw/food101/food-101/images/clam_chowder/2299183.jpg,24,clam_chowder
data/raw/food101/food-101/images/clam_chowder/792059.jpg,24,clam_chowder
data/raw/food101/food-101/images/clam_chowder/3539822.jpg,24,clam_chowder
data/raw/food101/food-101/images/clam_chowder/2549343.jpg,24,clam_chowder
data/raw/food101/food-101/images/clam_chowder/854517.jpg,24,clam_chowder
data/raw/food101/food-101/images/clam_chowder/2166531.jpg,24,clam_chowder
data/raw/food101/food-101/images/clam_chowder/2120219.jpg,24,clam_chowder
data/raw/food101/food-101/images/clam_chowder/3420959.jpg,24,clam_chowder
data/raw/food101/food-101/images/clam_chowder/3523504.jpg,24,clam_chowder
data/raw/food101/food-101/images/clam_chowder/1783810.jpg,24,clam_chowder
data/raw/food101/food-101/images/clam_chowder/1749348.jpg,24,clam_chowder
data/raw/food101/food-101/images/clam_chowder/894778.jpg,24,clam_chowder
data/raw/food101/food-101/images/clam_chowder/223130.jpg,24,clam_chowder
data/raw/food101/food-101/images/clam_chowder/2984619.jpg,24,clam_chowder
data/raw/food101/food-101/images/clam_chowder/1717837.jpg,24,clam_chowder
data/raw/food101/food-101/images/clam_chowder/3215434.jpg,24,clam_chowder
data/raw/food101/food-101/images/clam_chowder/2894611.jpg,24,clam_chowder
data/raw/food101/food-101/images/clam_chowder/3056955.jpg,24,clam_chowder
data/raw/food101/food-101/images/clam_chowder/1381667.jpg,24,clam_chowder
data/raw/food101/food-101/images/clam_chowder/221437.jpg,24,clam_chowder
data/raw/food101/food-101/images/clam_chowder/3471699.jpg,24,clam_chowder
data/raw/food101/food-101/images/clam_chowder/2673628.jpg,24,clam_chowder
data/raw/food101/food-101/images/clam_chowder/771369.jpg,24,clam_chowder
data/raw/food101/food-101/images/clam_chowder/1189508.jpg,24,clam_chowder
data/raw/food101/food-101/images/clam_chowder/1675413.jpg,24,clam_chowder
data/raw/food101/food-101/images/clam_chowder/2203587.jpg,24,clam_chowder
data/raw/food101/food-101/images/club_sandwich/1352002.jpg,25,club_sandwich
data/raw/food101/food-101/images/club_sandwich/1536586.jpg,25,club_sandwich
data/raw/food101/food-101/images/club_sandwich/1507874.jpg,25,club_sandwich
data/raw/food101/food-101/images/club_sandwich/1107404.jpg,25,club_sandwich
data/raw/food101/food-101/images/club_sandwich/1042093.jpg,25,club_sandwich
data/raw/food101/food-101/images/club_sandwich/1825791.jpg,25,club_sandwich
data/raw/food101/food-101/images/club_sandwich/1842997.jpg,25,club_sandwich
data/raw/food101/food-101/images/club_sandwich/631530.jpg,25,club_sandwich
data/raw/food101/food-101/images/club_sandwich/118916.jpg,25,club_sandwich
data/raw/food101/food-101/images/club_sandwich/2162203.jpg,25,club_sandwich
data/raw/food101/food-101/images/club_sandwich/1814470.jpg,25,club_sandwich
data/raw/food101/food-101/images/club_sandwich/199947.jpg,25,club_sandwich
data/raw/food101/food-101/images/club_sandwich/1494298.jpg,25,club_sandwich
data/raw/food101/food-101/images/club_sandwich/1548733.jpg,25,club_sandwich
data/raw/food101/food-101/images/club_sandwich/1130057.jpg,25,club_sandwich
data/raw/food101/food-101/images/club_sandwich/271690.jpg,25,club_sandwich
data/raw/food101/food-101/images/club_sandwich/3703415.jpg,25,club_sandwich
data/raw/food101/food-101/images/club_sandwich/619271.jpg,25,club_sandwich
data/raw/food101/food-101/images/club_sandwich/1370086.jpg,25,club_sandwich
data/raw/food101/food-101/images/club_sandwich/3025906.jpg,25,club_sandwich
data/raw/food101/food-101/images/club_sandwich/544349.jpg,25,club_sandwich
data/raw/food101/food-101/images/club_sandwich/787279.jpg,25,club_sandwich
data/raw/food101/food-101/images/club_sandwich/264462.jpg,25,club_sandwich
data/raw/food101/food-101/images/club_sandwich/727643.jpg,25,club_sandwich
data/raw/food101/food-101/images/club_sandwich/3764656.jpg,25,club_sandwich
data/raw/food101/food-101/images/club_sandwich/102978.jpg,25,club_sandwich
data/raw/food101/food-101/images/club_sandwich/132286.jpg,25,club_sandwich
data/raw/food101/food-101/images/club_sandwich/1137307.jpg,25,club_sandwich
data/raw/food101/food-101/images/club_sandwich/3397361.jpg,25,club_sandwich
data/raw/food101/food-101/images/club_sandwich/449793.jpg,25,club_sandwich
data/raw/food101/food-101/images/club_sandwich/781605.jpg,25,club_sandwich
data/raw/food101/food-101/images/club_sandwich/2301714.jpg,25,club_sandwich
data/raw/food101/food-101/images/club_sandwich/616013.jpg,25,club_sandwich
data/raw/food101/food-101/images/club_sandwich/2714988.jpg,25,club_sandwich
data/raw/food101/food-101/images/club_sandwich/816652.jpg,25,club_sandwich
data/raw/food101/food-101/images/club_sandwich/281822.jpg,25,club_sandwich
data/raw/food101/food-101/images/club_sandwich/837357.jpg,25,club_sandwich
data/raw/food101/food-101/images/club_sandwich/3896183.jpg,25,club_sandwich
data/raw/food101/food-101/images/club_sandwich/3121775.jpg,25,club_sandwich
data/raw/food101/food-101/images/club_sandwich/2029491.jpg,25,club_sandwich
data/raw/food101/food-101/images/club_sandwich/1198468.jpg,25,club_sandwich
data/raw/food101/food-101/images/club_sandwich/340243.jpg,25,club_sandwich
data/raw/food101/food-101/images/club_sandwich/837798.jpg,25,club_sandwich
data/raw/food101/food-101/images/club_sandwich/2859448.jpg,25,club_sandwich
data/raw/food101/food-101/images/club_sandwich/2788705.jpg,25,club_sandwich
data/raw/food101/food-101/images/club_sandwich/2457023.jpg,25,club_sandwich
data/raw/food101/food-101/images/club_sandwich/718074.jpg,25,club_sandwich
data/raw/food101/food-101/images/club_sandwich/1998312.jpg,25,club_sandwich
data/raw/food101/food-101/images/club_sandwich/2947958.jpg,25,club_sandwich
data/raw/food101/food-101/images/club_sandwich/3061151.jpg,25,club_sandwich
data/raw/food101/food-101/images/club_sandwich/3717001.jpg,25,club_sandwich
data/raw/food101/food-101/images/club_sandwich/3429973.jpg,25,club_sandwich
data/raw/food101/food-101/images/club_sandwich/2092938.jpg,25,club_sandwich
data/raw/food101/food-101/images/club_sandwich/165482.jpg,25,club_sandwich
data/raw/food101/food-101/images/club_sandwich/3405314.jpg,25,club_sandwich
data/raw/food101/food-101/images/club_sandwich/2061480.jpg,25,club_sandwich
data/raw/food101/food-101/images/club_sandwich/1387281.jpg,25,club_sandwich
data/raw/food101/food-101/images/club_sandwich/3251612.jpg,25,club_sandwich
data/raw/food101/food-101/images/club_sandwich/281867.jpg,25,club_sandwich
data/raw/food101/food-101/images/club_sandwich/381838.jpg,25,club_sandwich
data/raw/food101/food-101/images/club_sandwich/3454113.jpg,25,club_sandwich
data/raw/food101/food-101/images/club_sandwich/3345837.jpg,25,club_sandwich
data/raw/food101/food-101/images/club_sandwich/2294843.jpg,25,club_sandwich
data/raw/food101/food-101/images/club_sandwich/1458672.jpg,25,club_sandwich
data/raw/food101/food-101/images/club_sandwich/1860758.jpg,25,club_sandwich
data/raw/food101/food-101/images/club_sandwich/1071224.jpg,25,club_sandwich
data/raw/food101/food-101/images/club_sandwich/3512010.jpg,25,club_sandwich
data/raw/food101/food-101/images/club_sandwich/60769.jpg,25,club_sandwich
data/raw/food101/food-101/images/club_sandwich/611153.jpg,25,club_sandwich
data/raw/food101/food-101/images/club_sandwich/1595649.jpg,25,club_sandwich
data/raw/food101/food-101/images/crab_cakes/2269291.jpg,26,crab_cakes
data/raw/food101/food-101/images/crab_cakes/1572614.jpg,26,crab_cakes
data/raw/food101/food-101/images/crab_cakes/1480525.jpg,26,crab_cakes
data/raw/food101/food-101/images/crab_cakes/2045030.jpg,26,crab_cakes
data/raw/food101/food-101/images/crab_cakes/1009091.jpg,26,crab_cakes
data/raw/food101/food-101/images/crab_cakes/2062431.jpg,26,crab_cakes
data/raw/food101/food-101/images/crab_cakes/63702.jpg,26,crab_cakes
data/raw/food101/food-101/images/crab_cakes/480257.jpg,26,crab_cakes
data/raw/food101/food-101/images/crab_cakes/72298.jpg,26,crab_cakes
data/raw/food101/food-101/images/crab_cakes/168303.jpg,26,crab_cakes
data/raw/food101/food-101/images/crab_cakes/3477192.jpg,26,crab_cakes
data/raw/food101/food-101/images/crab_cakes/2862827.jpg,26,crab_cakes
data/raw/food101/food-101/images/crab_cakes/519336.jpg,26,crab_cakes
data/raw/food101/food-101/images/crab_cakes/3865544.jpg,26,crab_cakes
data/raw/food101/food-101/images/crab_cakes/2246252.jpg,26,crab_cakes
data/raw/food101/food-101/images/crab_cakes/1625824.jpg,26,crab_cakes
data/raw/food101/food-101/images/crab_cakes/1924199.jpg,26,crab_cakes
data/raw/food101/food-101/images/crab_cakes/3115679.jpg,26,crab_cakes
data/raw/food101/food-101/images/crab_cakes/2325230.jpg,26,crab_cakes
data/raw/food101/food-101/images/crab_cakes/508126.jpg,26,crab_cakes
data/raw/food101/food-101/images/crab_cakes/3682676.jpg,26,crab_cakes
data/raw/food101/food-101/images/crab_cakes/1326909.jpg,26,crab_cakes
data/raw/food101/food-101/images/crab_cakes/942233.jpg,26,crab_cakes
data/raw/food101/food-101/images/crab_cakes/3209348.jpg,26,crab_cakes
data/raw/food101/food-101/images/crab_cakes/2946022.jpg,26,crab_cakes
data/raw/food101/food-101/images/crab_cakes/2484014.jpg,26,crab_cakes
data/raw/food101/food-101/images/crab_cakes/2685469.jpg,26,crab_cakes
data/raw/food101/food-101/images/crab_cakes/3655481.jpg,26,crab_cakes
data/raw/food101/food-101/images/crab_cakes/1789347.jpg,26,crab_cakes
data/raw/food101/food-101/images/crab_cakes/2463692.jpg,26,crab_cakes
data/raw/food101/food-101/images/crab_cakes/1449457.jpg,26,crab_cakes
data/raw/food101/food-101/images/crab_cakes/1901626.jpg,26,crab_cakes
data/raw/food101/food-101/images/crab_cakes/2885408.jpg,26,crab_cakes
data/raw/food101/food-101/images/crab_cakes/342861.jpg,26,crab_cakes
data/raw/food101/food-101/images/crab_cakes/112548.jpg,26,crab_cakes
data/raw/food101/food-101/images/crab_cakes/702430.jpg,26,crab_cakes
data/raw/food101/food-101/images/crab_cakes/2370395.jpg,26,crab_cakes
data/raw/food101/food-101/images/crab_cakes/3201624.jpg,26,crab_cakes
data/raw/food101/food-101/images/crab_cakes/849432.jpg,26,crab_cakes
data/raw/food101/food-101/images/crab_cakes/2497121.jpg,26,crab_cakes
data/raw/food101/food-101/images/crab_cakes/2603136.jpg,26,crab_cakes
data/raw/food101/food-101/images/crab_cakes/1439260.jpg,26,crab_cakes
data/raw/food101/food-101/images/crab_cakes/527432.jpg,26,crab_cakes
data/raw/food101/food-101/images/crab_cakes/1966370.jpg,26,crab_cakes
data/raw/food101/food-101/images/crab_cakes/33374.jpg,26,crab_cakes
data/raw/food101/food-101/images/crab_cakes/211041.jpg,26,crab_cakes
data/raw/food101/food-101/images/crab_cakes/1740151.jpg,26,crab_cakes
data/raw/food101/food-101/images/crab_cakes/1976066.jpg,26,crab_cakes
data/raw/food101/food-101/images/crab_cakes/1294920.jpg,26,crab_cakes
data/raw/food101/food-101/images/crab_cakes/303242.jpg,26,crab_cakes
data/raw/food101/food-101/images/crab_cakes/2135224.jpg,26,crab_cakes
data/raw/food101/food-101/images/crab_cakes/143889.jpg,26,crab_cakes
data/raw/food101/food-101/images/crab_cakes/3421642.jpg,26,crab_cakes
data/raw/food101/food-101/images/crab_cakes/1155316.jpg,26,crab_cakes
data/raw/food101/food-101/images/crab_cakes/495581.jpg,26,crab_cakes
data/raw/food101/food-101/images/crab_cakes/124459.jpg,26,crab_cakes
data/raw/food101/food-101/images/crab_cakes/2348345.jpg,26,crab_cakes
data/raw/food101/food-101/images/crab_cakes/1162049.jpg,26,crab_cakes
data/raw/food101/food-101/images/crab_cakes/1283749.jpg,26,crab_cakes
data/raw/food101/food-101/images/crab_cakes/396009.jpg,26,crab_cakes
data/raw/food101/food-101/images/crab_cakes/2732583.jpg,26,crab_cakes
data/raw/food101/food-101/images/crab_cakes/2311044.jpg,26,crab_cakes
data/raw/food101/food-101/images/crab_cakes/814210.jpg,26,crab_cakes
data/raw/food101/food-101/images/crab_cakes/1326535.jpg,26,crab_cakes
data/raw/food101/food-101/images/crab_cakes/758770.jpg,26,crab_cakes
data/raw/food101/food-101/images/crab_cakes/2221803.jpg,26,crab_cakes
data/raw/food101/food-101/images/crab_cakes/2348764.jpg,26,crab_cakes
data/raw/food101/food-101/images/crab_cakes/1746223.jpg,26,crab_cakes
data/raw/food101/food-101/images/crab_cakes/2805174.jpg,26,crab_cakes
data/raw/food101/food-101/images/crab_cakes/2928983.jpg,26,crab_cakes
data/raw/food101/food-101/images/creme_brulee/573708.jpg,27,creme_brulee
data/raw/food101/food-101/images/creme_brulee/779678.jpg,27,creme_brulee
data/raw/food101/food-101/images/creme_brulee/136999.jpg,27,creme_brulee
data/raw/food101/food-101/images/creme_brulee/787469.jpg,27,creme_brulee
data/raw/food101/food-101/images/creme_brulee/1816938.jpg,27,creme_brulee
data/raw/food101/food-101/images/creme_brulee/840968.jpg,27,creme_brulee
data/raw/food101/food-101/images/creme_brulee/2003614.jpg,27,creme_brulee
data/raw/food101/food-101/images/creme_brulee/2688814.jpg,27,creme_brulee
data/raw/food101/food-101/images/creme_brulee/3389323.jpg,27,creme_brulee
data/raw/food101/food-101/images/creme_brulee/1225913.jpg,27,creme_brulee
data/raw/food101/food-101/images/creme_brulee/1308279.jpg,27,creme_brulee
data/raw/food101/food-101/images/creme_brulee/1253807.jpg,27,creme_brulee
data/raw/food101/food-101/images/creme_brulee/1303368.jpg,27,creme_brulee
data/raw/food101/food-101/images/creme_brulee/1384439.jpg,27,creme_brulee
data/raw/food101/food-101/images/creme_brulee/1611286.jpg,27,creme_brulee
data/raw/food101/food-101/images/creme_brulee/323195.jpg,27,creme_brulee
data/raw/food101/food-101/images/creme_brulee/1840441.jpg,27,creme_brulee
data/raw/food101/food-101/images/creme_brulee/642088.jpg,27,creme_brulee
data/raw/food101/food-101/images/creme_brulee/3525860.jpg,27,creme_brulee
data/raw/food101/food-101/images/creme_brulee/305431.jpg,27,creme_brulee
data/raw/food101/food-101/images/creme_brulee/1513108.jpg,27,creme_brulee
data/raw/food101/food-101/images/creme_brulee/2861118.jpg,27,creme_brulee
data/raw/food101/food-101/images/creme_brulee/2925051.jpg,27,creme_brulee
data/raw/food101/food-101/images/creme_brulee/3627205.jpg,27,creme_brulee
data/raw/food101/food-101/images/creme_brulee/1776955.jpg,27,creme_brulee
data/raw/food101/food-101/images/creme_brulee/3210433.jpg,27,creme_brulee
data/raw/food101/food-101/images/creme_brulee/1997128.jpg,27,creme_brulee
data/raw/food101/food-101/images/creme_brulee/515908.jpg,27,creme_brulee
data/raw/food101/food-101/images/creme_brulee/300216.jpg,27,creme_brulee
data/raw/food101/food-101/images/creme_brulee/1241405.jpg,27,creme_brulee
data/raw/food101/food-101/images/creme_brulee/815670.jpg,27,creme_brulee
data/raw/food101/food-101/images/creme_brulee/2803791.jpg,27,creme_brulee
data/raw/food101/food-101/images/creme_brulee/1123870.jpg,27,creme_brulee
data/raw/food101/food-101/images/creme_brulee/1858731.jpg,27,creme_brulee
data/raw/food101/food-101/images/creme_brulee/58094.jpg,27,creme_brulee
data/raw/food101/food-101/images/creme_brulee/2249860.jpg,27,creme_brulee
data/raw/food101/food-101/images/creme_brulee/560749.jpg,27,creme_brulee
data/raw/food101/food-101/images/creme_brulee/482191.jpg,27,creme_brulee
data/raw/food101/food-101/images/creme_brulee/1307872.jpg,27,creme_brulee
data/raw/food101/food-101/images/creme_brulee/2496889.jpg,27,creme_brulee
data/raw/food101/food-101/images/creme_brulee/879912.jpg,27,creme_brulee
data/raw/food101/food-101/images/creme_brulee/2651770.jpg,27,creme_brulee
data/raw/food101/food-101/images/creme_brulee/306533.jpg,27,creme_brulee
data/raw/food101/food-101/images/creme_brulee/2642725.jpg,27,creme_brulee
data/raw/food101/food-101/images/creme_brulee/2881238.jpg,27,creme_brulee
data/raw/food101/food-101/images/creme_brulee/239775.jpg,27,creme_brulee
data/raw/food101/food-101/images/creme_brulee/255960.jpg,27,creme_brulee
data/raw/food101/food-101/images/creme_brulee/545230.jpg,27,creme_brulee
data/raw/food101/food-101/images/creme_brulee/2724859.jpg,27,creme_brulee
data/raw/food101/food-101/images/creme_brulee/2708585.jpg,27,creme_brulee
data/raw/food101/food-101/images/creme_brulee/2479357.jpg,27,creme_brulee
data/raw/food101/food-101/images/creme_brulee/3221144.jpg,27,creme_brulee
data/raw/food101/food-101/images/creme_brulee/2440190.jpg,27,creme_brulee
data/raw/food101/food-101/images/creme_brulee/1754879.jpg,27,creme_brulee
data/raw/food101/food-101/images/creme_brulee/2351661.jpg,27,creme_brulee
data/raw/food101/food-101/images/creme_brulee/2673272.jpg,27,creme_brulee
data/raw/food101/food-101/images/creme_brulee/1234353.jpg,27,creme_brulee
data/raw/food101/food-101/images/creme_brulee/8621.jpg,27,creme_brulee
data/raw/food101/food-101/images/creme_brulee/3049601.jpg,27,creme_brulee
data/raw/food101/food-101/images/creme_brulee/273611.jpg,27,creme_brulee
data/raw/food101/food-101/images/creme_brulee/375148.jpg,27,creme_brulee
data/raw/food101/food-101/images/creme_brulee/2205934.jpg,27,creme_brulee
data/raw/food101/food-101/images/creme_brulee/1730238.jpg,27,creme_brulee
data/raw/food101/food-101/images/creme_brulee/65199.jpg,27,creme_brulee
data/raw/food101/food-101/images/creme_brulee/1399253.jpg,27,creme_brulee
data/raw/food101/food-101/images/creme_brulee/1558189.jpg,27,creme_brulee
data/raw/food101/food-101/images/creme_brulee/2380626.jpg,27,creme_brulee
data/raw/food101/food-101/images/creme_brulee/1306834.jpg,27,creme_brulee
data/raw/food101/food-101/images/creme_brulee/2532567.jpg,27,creme_brulee
data/raw/food101/food-101/images/creme_brulee/1996517.jpg,27,creme_brulee
data/raw/food101/food-101/images/croque_madame/1467610.jpg,28,croque_madame
data/raw/food101/food-101/images/croque_madame/195657.jpg,28,croque_madame
data/raw/food101/food-101/images/croque_madame/2171074.jpg,28,croque_madame
data/raw/food101/food-101/images/croque_madame/3193328.jpg,28,croque_madame
data/raw/food101/food-101/images/croque_madame/441162.jpg,28,croque_madame
data/raw/food101/food-101/images/croque_madame/600759.jpg,28,croque_madame
data/raw/food101/food-101/images/croque_madame/267488.jpg,28,croque_madame
data/raw/food101/food-101/images/croque_madame/3027991.jpg,28,croque_madame
data/raw/food101/food-101/images/croque_madame/3776229.jpg,28,croque_madame
data/raw/food101/food-101/images/croque_madame/2174624.jpg,28,croque_madame
data/raw/food101/food-101/images/croque_madame/2055430.jpg,28,croque_madame
data/raw/food101/food-101/images/croque_madame/540983.jpg,28,croque_madame
data/raw/food101/food-101/images/croque_madame/786819.jpg,28,croque_madame
data/raw/food101/food-101/images/croque_madame/826808.jpg,28,croque_madame
data/raw/food101/food-101/images/croque_madame/2989550.jpg,28,croque_madame
data/raw/food101/food-101/images/croque_madame/452977.jpg,28,croque_madame
data/raw/food101/food-101/images/croque_madame/2561402.jpg,28,croque_madame
data/raw/food101/food-101/images/croque_madame/2497610.jpg,28,croque_madame
data/raw/food101/food-101/images/croque_madame/3191686.jpg,28,croque_madame
data/raw/food101/food-101/images/croque_madame/1732947.jpg,28,croque_madame
data/raw/food101/food-101/images/croque_madame/2742060.jpg,28,croque_madame
data/raw/food101/food-101/images/croque_madame/43334.jpg,28,croque_madame
data/raw/food101/food-101/images/croque_madame/1063239.jpg,28,croque_madame
data/raw/food101/food-101/images/croque_madame/3160877.jpg,28,croque_madame
data/raw/food101/food-101/images/croque_madame/2306215.jpg,28,croque_madame
data/raw/food101/food-101/images/croque_madame/1165060.jpg,28,croque_madame
data/raw/food101/food-101/images/croque_madame/1015306.jpg,28,croque_madame
data/raw/food101/food-101/images/croque_madame/3209259.jpg,28,croque_madame
data/raw/food101/food-101/images/croque_madame/659646.jpg,28,croque_madame
data/raw/food101/food-101/images/croque_madame/3502475.jpg,28,croque_madame
data/raw/food101/food-101/images/croque_madame/2941627.jpg,28,croque_madame
data/raw/food101/food-101/images/croque_madame/1788119.jpg,28,croque_madame
data/raw/food101/food-101/images/croque_madame/643809.jpg,28,croque_madame
data/raw/food101/food-101/images/croque_madame/1428807.jpg,28,croque_madame
data/raw/food101/food-101/images/croque_madame/578751.jpg,28,croque_madame
data/raw/food101/food-101/images/croque_madame/3918366.jpg,28,croque_madame
data/raw/food101/food-101/images/croque_madame/629639.jpg,28,croque_madame
data/raw/food101/food-101/images/croque_madame/88150.jpg,28,croque_madame
data/raw/food101/food-101/images/croque_madame/1382033.jpg,28,croque_madame
data/raw/food101/food-101/images/croque_madame/1956490.jpg,28,croque_madame
data/raw/food101/food-101/images/croque_madame/91563.jpg,28,croque_madame
data/raw/food101/food-101/images/croque_madame/2914123.jpg,28,croque_madame
data/raw/food101/food-101/images/croque_madame/2696643.jpg,28,croque_madame
data/raw/food101/food-101/images/croque_madame/7210.jpg,28,croque_madame
data/raw/food101/food-101/images/croque_madame/1018845.jpg,28,croque_madame
data/raw/food101/food-101/images/croque_madame/1016269.jpg,28,croque_madame
data/raw/food101/food-101/images/croque_madame/1440023.jpg,28,croque_madame
data/raw/food101/food-101/images/croque_madame/1241444.jpg,28,croque_madame
data/raw/food101/food-101/images/croque_madame/2835189.jpg,28,croque_madame
data/raw/food101/food-101/images/croque_madame/2691379.jpg,28,croque_madame
data/raw/food101/food-101/images/croque_madame/508297.jpg,28,croque_madame
data/raw/food101/food-101/images/croque_madame/615141.jpg,28,croque_madame
data/raw/food101/food-101/images/croque_madame/3163125.jpg,28,croque_madame
data/raw/food101/food-101/images/croque_madame/2837441.jpg,28,croque_madame
data/raw/food101/food-101/images/croque_madame/617919.jpg,28,croque_madame
data/raw/food101/food-101/images/croque_madame/1575522.jpg,28,croque_madame
data/raw/food101/food-101/images/croque_madame/1047996.jpg,28,croque_madame
data/raw/food101/food-101/images/croque_madame/2384738.jpg,28,croque_madame
data/raw/food101/food-101/images/croque_madame/1793449.jpg,28,croque_madame
data/raw/food101/food-101/images/croque_madame/3787125.jpg,28,croque_madame
data/raw/food101/food-101/images/croque_madame/3804189.jpg,28,croque_madame
data/raw/food101/food-101/images/croque_madame/854374.jpg,28,croque_madame
data/raw/food101/food-101/images/croque_madame/810824.jpg,28,croque_madame
data/raw/food101/food-101/images/croque_madame/2494684.jpg,28,croque_madame
data/raw/food101/food-101/images/croque_madame/3801309.jpg,28,croque_madame
data/raw/food101/food-101/images/croque_madame/2713100.jpg,28,croque_madame
data/raw/food101/food-101/images/croque_madame/2864520.jpg,28,croque_madame
data/raw/food101/food-101/images/croque_madame/2899345.jpg,28,croque_madame
data/raw/food101/food-101/images/croque_madame/1162539.jpg,28,croque_madame
data/raw/food101/food-101/images/croque_madame/2731078.jpg,28,croque_madame
data/raw/food101/food-101/images/cup_cakes/3191970.jpg,29,cup_cakes
data/raw/food101/food-101/images/cup_cakes/182075.jpg,29,cup_cakes
data/raw/food101/food-101/images/cup_cakes/3680763.jpg,29,cup_cakes
data/raw/food101/food-101/images/cup_cakes/2180649.jpg,29,cup_cakes
data/raw/food101/food-101/images/cup_cakes/125669.jpg,29,cup_cakes
data/raw/food101/food-101/images/cup_cakes/2085872.jpg,29,cup_cakes
data/raw/food101/food-101/images/cup_cakes/3363521.jpg,29,cup_cakes
data/raw/food101/food-101/images/cup_cakes/421250.jpg,29,cup_cakes
data/raw/food101/food-101/images/cup_cakes/1749534.jpg,29,cup_cakes
data/raw/food101/food-101/images/cup_cakes/2388289.jpg,29,cup_cakes
data/raw/food101/food-101/images/cup_cakes/564374.jpg,29,cup_cakes
data/raw/food101/food-101/images/cup_cakes/2681528.jpg,29,cup_cakes
data/raw/food101/food-101/images/cup_cakes/1326556.jpg,29,cup_cakes
data/raw/food101/food-101/images/cup_cakes/3510905.jpg,29,cup_cakes
data/raw/food101/food-101/images/cup_cakes/322870.jpg,29,cup_cakes
data/raw/food101/food-101/images/cup_cakes/2162578.jpg,29,cup_cakes
data/raw/food101/food-101/images/cup_cakes/3127913.jpg,29,cup_cakes
data/raw/food101/food-101/images/cup_cakes/1087195.jpg,29,cup_cakes
data/raw/food101/food-101/images/cup_cakes/1864824.jpg,29,cup_cakes
data/raw/food101/food-101/images/cup_cakes/3352382.jpg,29,cup_cakes
data/raw/food101/food-101/images/cup_cakes/2341590.jpg,29,cup_cakes
data/raw/food101/food-101/images/cup_cakes/1227638.jpg,29,cup_cakes
data/raw/food101/food-101/images/cup_cakes/3444415.jpg,29,cup_cakes
data/raw/food101/food-101/images/cup_cakes/3294909.jpg,29,cup_cakes
data/raw/food101/food-101/images/cup_cakes/2387290.jpg,29,cup_cakes
data/raw/food101/food-101/images/cup_cakes/2740873.jpg,29,cup_cakes
data/raw/food101/food-101/images/cup_cakes/945820.jpg,29,cup_cakes
data/raw/food101/food-101/images/cup_cakes/1934508.jpg,29,cup_cakes
data/raw/food101/food-101/images/cup_cakes/492343.jpg,29,cup_cakes
data/raw/food101/food-101/images/cup_cakes/527703.jpg,29,cup_cakes
data/raw/food101/food-101/images/cup_cakes/56108.jpg,29,cup_cakes
data/raw/food101/food-101/images/cup_cakes/1140469.jpg,29,cup_cakes
data/raw/food101/food-101/images/cup_cakes/2288743.jpg,29,cup_cakes
data/raw/food101/food-101/images/cup_cakes/2217666.jpg,29,cup_cakes
data/raw/food101/food-101/images/cup_cakes/3423071.jpg,29,cup_cakes
data/raw/food101/food-101/images/cup_cakes/468414.jpg,29,cup_cakes
data/raw/food101/food-101/images/cup_cakes/2301209.jpg,29,cup_cakes
data/raw/food101/food-101/images/cup_cakes/3223435.jpg,29,cup_cakes
data/raw/food101/food-101/images/cup_cakes/824299.jpg,29,cup_cakes
data/raw/food101/food-101/images/cup_cakes/171838.jpg,29,cup_cakes
data/raw/food101/food-101/images/cup_cakes/1553450.jpg,29,cup_cakes
data/raw/food101/food-101/images/cup_cakes/2611760.jpg,29,cup_cakes
data/raw/food101/food-101/images/cup_cakes/2812839.jpg,29,cup_cakes
data/raw/food101/food-101/images/cup_cakes/3530532.jpg,29,cup_cakes
data/raw/food101/food-101/images/cup_cakes/3326466.jpg,29,cup_cakes
data/raw/food101/food-101/images/cup_cakes/2765955.jpg,29,cup_cakes
data/raw/food101/food-101/images/cup_cakes/3200118.jpg,29,cup_cakes
data/raw/food101/food-101/images/cup_cakes/321305.jpg,29,cup_cakes
data/raw/food101/food-101/images/cup_cakes/2997384.jpg,29,cup_cakes
data/raw/food101/food-101/images/cup_cakes/1794466.jpg,29,cup_cakes
data/raw/food101/food-101/images/cup_cakes/1615927.jpg,29,cup_cakes
data/raw/food101/food-101/images/cup_cakes/298664.jpg,29,cup_cakes
data/raw/food101/food-101/images/cup_cakes/355018.jpg,29,cup_cakes
data/raw/food101/food-101/images/cup_cakes/2772730.jpg,29,cup_cakes
data/raw/food101/food-101/images/cup_cakes/3064799.jpg,29,cup_cakes
data/raw/food101/food-101/images/cup_cakes/137560.jpg,29,cup_cakes
data/raw/food101/food-101/images/cup_cakes/2757799.jpg,29,cup_cakes
data/raw/food101/food-101/images/cup_cakes/3852345.jpg,29,cup_cakes
data/raw/food101/food-101/images/cup_cakes/3680301.jpg,29,cup_cakes
data/raw/food101/food-101/images/cup_cakes/2820597.jpg,29,cup_cakes
data/raw/food101/food-101/images/cup_cakes/2008058.jpg,29,cup_cakes
data/raw/food101/food-101/images/cup_cakes/3347698.jpg,29,cup_cakes
data/raw/food101/food-101/images/cup_cakes/154146.jpg,29,cup_cakes
data/raw/food101/food-101/images/cup_cakes/1009501.jpg,29,cup_cakes
data/raw/food101/food-101/images/cup_cakes/204858.jpg,29,cup_cakes
data/raw/food101/food-101/images/cup_cakes/315135.jpg,29,cup_cakes
data/raw/food101/food-101/images/cup_cakes/3146827.jpg,29,cup_cakes
data/raw/food101/food-101/images/cup_cakes/20922.jpg,29,cup_cakes
data/raw/food101/food-101/images/cup_cakes/2271168.jpg,29,cup_cakes
data/raw/food101/food-101/images/cup_cakes/241669.jpg,29,cup_cakes
data/raw/food101/food-101/images/deviled_eggs/2398471.jpg,30,deviled_eggs
data/raw/food101/food-101/images/deviled_eggs/2891213.jpg,30,deviled_eggs
data/raw/food101/food-101/images/deviled_eggs/583627.jpg,30,deviled_eggs
data/raw/food101/food-101/images/deviled_eggs/3330602.jpg,30,deviled_eggs
data/raw/food101/food-101/images/deviled_eggs/1069209.jpg,30,deviled_eggs
data/raw/food101/food-101/images/deviled_eggs/2506640.jpg,30,deviled_eggs
data/raw/food101/food-101/images/deviled_eggs/2954983.jpg,30,deviled_eggs
data/raw/food101/food-101/images/deviled_eggs/2729324.jpg,30,deviled_eggs
data/raw/food101/food-101/images/deviled_eggs/3042670.jpg,30,deviled_eggs
data/raw/food101/food-101/images/deviled_eggs/583000.jpg,30,deviled_eggs
data/raw/food101/food-101/images/deviled_eggs/797341.jpg,30,deviled_eggs
data/raw/food101/food-101/images/deviled_eggs/2100600.jpg,30,deviled_eggs
data/raw/food101/food-101/images/deviled_eggs/1446781.jpg,30,deviled_eggs
data/raw/food101/food-101/images/deviled_eggs/3600761.jpg,30,deviled_eggs
data/raw/food101/food-101/images/deviled_eggs/3437994.jpg,30,deviled_eggs
data/raw/food101/food-101/images/deviled_eggs/689562.jpg,30,deviled_eggs
data/raw/food101/food-101/images/deviled_eggs/3303088.jpg,30,deviled_eggs
data/raw/food101/food-101/images/deviled_eggs/872965.jpg,30,deviled_eggs
data/raw/food101/food-101/images/deviled_eggs/2867448.jpg,30,deviled_eggs
data/raw/food101/food-101/images/deviled_eggs/514993.jpg,30,deviled_eggs
data/raw/food101/food-101/images/deviled_eggs/3806278.jpg,30,deviled_eggs
data/raw/food101/food-101/images/deviled_eggs/3693955.jpg,30,deviled_eggs
data/raw/food101/food-101/images/deviled_eggs/2262693.jpg,30,deviled_eggs
data/raw/food101/food-101/images/deviled_eggs/55117.jpg,30,deviled_eggs
data/raw/food101/food-101/images/deviled_eggs/2960630.jpg,30,deviled_eggs
data/raw/food101/food-101/images/deviled_eggs/453102.jpg,30,deviled_eggs
data/raw/food101/food-101/images/deviled_eggs/2345315.jpg,30,deviled_eggs
data/raw/food101/food-101/images/deviled_eggs/223910.jpg,30,deviled_eggs
data/raw/food101/food-101/images/deviled_eggs/2990653.jpg,30,deviled_eggs
data/raw/food101/food-101/images/deviled_eggs/3196285.jpg,30,deviled_eggs
data/raw/food101/food-101/images/deviled_eggs/2035658.jpg,30,deviled_eggs
data/raw/food101/food-101/images/deviled_eggs/1211917.jpg,30,deviled_eggs
data/raw/food101/food-101/images/deviled_eggs/3476720.jpg,30,deviled_eggs
data/raw/food101/food-101/images/deviled_eggs/3576164.jpg,30,deviled_eggs
data/raw/food101/food-101/images/deviled_eggs/201243.jpg,30,deviled_eggs
data/raw/food101/food-101/images/deviled_eggs/1519187.jpg,30,deviled_eggs
data/raw/food101/food-101/images/deviled_eggs/1215719.jpg,30,deviled_eggs
data/raw/food101/food-101/images/deviled_eggs/384427.jpg,30,deviled_eggs
data/raw/food101/food-101/images/deviled_eggs/3366501.jpg,30,deviled_eggs
data/raw/food101/food-101/images/deviled_eggs/1196763.jpg,30,deviled_eggs
data/raw/food101/food-101/images/deviled_eggs/1715460.jpg,30,deviled_eggs
data/raw/food101/food-101/images/deviled_eggs/2678213.jpg,30,deviled_eggs
data/raw/food101/food-101/images/deviled_eggs/3842335.jpg,30,deviled_eggs
data/raw/food101/food-101/images/deviled_eggs/2881380.jpg,30,deviled_eggs
data/raw/food101/food-101/images/deviled_eggs/360248.jpg,30,deviled_eggs
data/raw/food101/food-101/images/deviled_eggs/3675934.jpg,30,deviled_eggs
data/raw/food101/food-101/images/deviled_eggs/1545206.jpg,30,deviled_eggs
data/raw/food101/food-101/images/deviled_eggs/1907351.jpg,30,deviled_eggs
data/raw/food101/food-101/images/deviled_eggs/1524937.jpg,30,deviled_eggs
data/raw/food101/food-101/images/deviled_eggs/3191118.jpg,30,deviled_eggs
data/raw/food101/food-101/images/deviled_eggs/885350.jpg,30,deviled_eggs
data/raw/food101/food-101/images/deviled_eggs/3863397.jpg,30,deviled_eggs
data/raw/food101/food-101/images/deviled_eggs/3809368.jpg,30,deviled_eggs
data/raw/food101/food-101/images/deviled_eggs/951806.jpg,30,deviled_eggs
data/raw/food101/food-101/images/deviled_eggs/1342957.jpg,30,deviled_eggs
data/raw/food101/food-101/images/deviled_eggs/3843087.jpg,30,deviled_eggs
data/raw/food101/food-101/images/deviled_eggs/1426341.jpg,30,deviled_eggs
data/raw/food101/food-101/images/deviled_eggs/2179793.jpg,30,deviled_eggs
data/raw/food101/food-101/images/deviled_eggs/483740.jpg,30,deviled_eggs
data/raw/food101/food-101/images/deviled_eggs/102827.jpg,30,deviled_eggs
data/raw/food101/food-101/images/deviled_eggs/589874.jpg,30,deviled_eggs
data/raw/food101/food-101/images/deviled_eggs/1335600.jpg,30,deviled_eggs
data/raw/food101/food-101/images/deviled_eggs/2588249.jpg,30,deviled_eggs
data/raw/food101/food-101/images/deviled_eggs/1388951.jpg,30,deviled_eggs
data/raw/food101/food-101/images/deviled_eggs/615433.jpg,30,deviled_eggs
data/raw/food101/food-101/images/deviled_eggs/366495.jpg,30,deviled_eggs
data/raw/food101/food-101/images/deviled_eggs/3145324.jpg,30,deviled_eggs
data/raw/food101/food-101/images/deviled_eggs/1082315.jpg,30,deviled_eggs
data/raw/food101/food-101/images/deviled_eggs/2617702.jpg,30,deviled_eggs
data/raw/food101/food-101/images/deviled_eggs/3397262.jpg,30,deviled_eggs
data/raw/food101/food-101/images/donuts/2602953.jpg,31,donuts
data/raw/food101/food-101/images/donuts/2864736.jpg,31,donuts
data/raw/food101/food-101/images/donuts/2740296.jpg,31,donuts
data/raw/food101/food-101/images/donuts/1174558.jpg,31,donuts
data/raw/food101/food-101/images/donuts/3733062.jpg,31,donuts
data/raw/food101/food-101/images/donuts/1396549.jpg,31,donuts
data/raw/food101/food-101/images/donuts/3650350.jpg,31,donuts
data/raw/food101/food-101/images/donuts/234991.jpg,31,donuts
data/raw/food101/food-101/images/donuts/2512529.jpg,31,donuts
data/raw/food101/food-101/images/donuts/388455.jpg,31,donuts
data/raw/food101/food-101/images/donuts/824524.jpg,31,donuts
data/raw/food101/food-101/images/donuts/2367129.jpg,31,donuts
data/raw/food101/food-101/images/donuts/292556.jpg,31,donuts
data/raw/food101/food-101/images/donuts/2208341.jpg,31,donuts
data/raw/food101/food-101/images/donuts/167522.jpg,31,donuts
data/raw/food101/food-101/images/donuts/601093.jpg,31,donuts
data/raw/food101/food-101/images/donuts/468630.jpg,31,donuts
data/raw/food101/food-101/images/donuts/346428.jpg,31,donuts
data/raw/food101/food-101/images/donuts/3555965.jpg,31,donuts
data/raw/food101/food-101/images/donuts/2686952.jpg,31,donuts
data/raw/food101/food-101/images/donuts/2507909.jpg,31,donuts
data/raw/food101/food-101/images/donuts/201175.jpg,31,donuts
data/raw/food101/food-101/images/donuts/2479096.jpg,31,donuts
data/raw/food101/food-101/images/donuts/2222589.jpg,31,donuts
data/raw/food101/food-101/images/donuts/2219487.jpg,31,donuts
data/raw/food101/food-101/images/donuts/1138522.jpg,31,donuts
data/raw/food101/food-101/images/donuts/2563686.jpg,31,donuts
data/raw/food101/food-101/images/donuts/1360217.jpg,31,donuts
data/raw/food101/food-101/images/donuts/1924369.jpg,31,donuts
data/raw/food101/food-101/images/donuts/2393756.jpg,31,donuts
data/raw/food101/food-101/images/donuts/1600988.jpg,31,donuts
data/raw/food101/food-101/images/donuts/424031.jpg,31,donuts
data/raw/food101/food-101/images/donuts/708597.jpg,31,donuts
data/raw/food101/food-101/images/donuts/2650557.jpg,31,donuts
data/raw/food101/food-101/images/donuts/211626.jpg,31,donuts
data/raw/food101/food-101/images/donuts/1390673.jpg,31,donuts
data/raw/food101/food-101/images/donuts/3214831.jpg,31,donuts
data/raw/food101/food-101/images/donuts/506678.jpg,31,donuts
data/raw/food101/food-101/images/donuts/3410482.jpg,31,donuts
data/raw/food101/food-101/images/donuts/1585592.jpg,31,donuts
data/raw/food101/food-101/images/donuts/2542908.jpg,31,donuts
data/raw/food101/food-101/images/donuts/3898934.jpg,31,donuts
data/raw/food101/food-101/images/donuts/176831.jpg,31,donuts
data/raw/food101/food-101/images/donuts/1158855.jpg,31,donuts
data/raw/food101/food-101/images/donuts/1381911.jpg,31,donuts
data/raw/food101/food-101/images/donuts/2199685.jpg,31,donuts
data/raw/food101/food-101/images/donuts/91540.jpg,31,donuts
data/raw/food101/food-101/images/donuts/735584.jpg,31,donuts
data/raw/food101/food-101/images/donuts/1502830.jpg,31,donuts
data/raw/food101/food-101/images/donuts/1571687.jpg,31,donuts
data/raw/food101/food-101/images/donuts/718628.jpg,31,donuts
data/raw/food101/food-101/images/donuts/1513440.jpg,31,donuts
data/raw/food101/food-101/images/donuts/1869998.jpg,31,donuts
data/raw/food101/food-101/images/donuts/2387992.jpg,31,donuts
data/raw/food101/food-101/images/donuts/2380041.jpg,31,donuts
data/raw/food101/food-101/images/donuts/2436043.jpg,31,donuts
data/raw/food101/food-101/images/donuts/130235.jpg,31,donuts
data/raw/food101/food-101/images/donuts/191216.jpg,31,donuts
data/raw/food101/food-101/images/donuts/1108817.jpg,31,donuts
data/raw/food101/food-101/images/donuts/2687638.jpg,31,donuts
data/raw/food101/food-101/images/donuts/2933576.jpg,31,donuts
data/raw/food101/food-101/images/donuts/1836327.jpg,31,donuts
data/raw/food101/food-101/images/donuts/2170702.jpg,31,donuts
data/raw/food101/food-101/images/donuts/2848819.jpg,31,donuts
data/raw/food101/food-101/images/donuts/3184448.jpg,31,donuts
data/raw/food101/food-101/images/donuts/3846253.jpg,31,donuts
data/raw/food101/food-101/images/donuts/719689.jpg,31,donuts
data/raw/food101/food-101/images/donuts/3261062.jpg,31,donuts
data/raw/food101/food-101/images/donuts/3716134.jpg,31,donuts
data/raw/food101/food-101/images/donuts/1110012.jpg,31,donuts
data/raw/food101/food-101/images/dumplings/4171.jpg,32,dumplings
data/raw/food101/food-101/images/dumplings/2174768.jpg,32,dumplings
data/raw/food101/food-101/images/dumplings/937031.jpg,32,dumplings
data/raw/food101/food-101/images/dumplings/3756143.jpg,32,dumplings
data/raw/food101/food-101/images/dumplings/135970.jpg,32,dumplings
data/raw/food101/food-101/images/dumplings/1997582.jpg,32,dumplings
data/raw/food101/food-101/images/dumplings/2364879.jpg,32,dumplings
data/raw/food101/food-101/images/dumplings/10386.jpg,32,dumplings
data/raw/food101/food-101/images/dumplings/332502.jpg,32,dumplings
data/raw/food101/food-101/images/dumplings/22350.jpg,32,dumplings
data/raw/food101/food-101/images/dumplings/1856197.jpg,32,dumplings
data/raw/food101/food-101/images/dumplings/3212216.jpg,32,dumplings
data/raw/food101/food-101/images/dumplings/2476430.jpg,32,dumplings
data/raw/food101/food-101/images/dumplings/35485.jpg,32,dumplings
data/raw/food101/food-101/images/dumplings/937912.jpg,32,dumplings
data/raw/food101/food-101/images/dumplings/782367.jpg,32,dumplings
data/raw/food101/food-101/images/dumplings/1757155.jpg,32,dumplings
data/raw/food101/food-101/images/dumplings/3153246.jpg,32,dumplings
data/raw/food101/food-101/images/dumplings/3033503.jpg,32,dumplings
data/raw/food101/food-101/images/dumplings/2433184.jpg,32,dumplings
data/raw/food101/food-101/images/dumplings/2371672.jpg,32,dumplings
data/raw/food101/food-101/images/dumplings/188495.jpg,32,dumplings
data/raw/food101/food-101/images/dumplings/1722447.jpg,32,dumplings
data/raw/food101/food-101/images/dumplings/31014.jpg,32,dumplings
data/raw/food101/food-101/images/dumplings/1752109.jpg,32,dumplings
data/raw/food101/food-101/images/dumplings/468796.jpg,32,dumplings
data/raw/food101/food-101/images/dumplings/1988993.jpg,32,dumplings
data/raw/food101/food-101/images/dumplings/191413.jpg,32,dumplings
data/raw/food101/food-101/images/dumplings/2649672.jpg,32,dumplings
data/raw/food101/food-101/images/dumplings/596917.jpg,32,dumplings
data/raw/food101/food-101/images/dumplings/30139.jpg,32,dumplings
data/raw/food101/food-101/images/dumplings/782013.jpg,32,dumplings
data/raw/food101/food-101/images/dumplings/34861.jpg,32,dumplings
data/raw/food101/food-101/images/dumplings/3192711.jpg,32,dumplings
data/raw/food101/food-101/images/dumplings/92182.jpg,32,dumplings
data/raw/food101/food-101/images/dumplings/993485.jpg,32,dumplings
data/raw/food101/food-101/images/dumplings/3635848.jpg,32,dumplings
data/raw/food101/food-101/images/dumplings/2084607.jpg,32,dumplings
data/raw/food101/food-101/images/dumplings/2166764.jpg,32,dumplings
data/raw/food101/food-101/images/dumplings/3047377.jpg,32,dumplings
data/raw/food101/food-101/images/dumplings/249816.jpg,32,dumplings
data/raw/food101/food-101/images/dumplings/560809.jpg,32,dumplings
data/raw/food101/food-101/images/dumplings/2004437.jpg,32,dumplings
data/raw/food101/food-101/images/dumplings/3793400.jpg,32,dumplings
data/raw/food101/food-101/images/dumplings/3458910.jpg,32,dumplings
data/raw/food101/food-101/images/dumplings/327045.jpg,32,dumplings
data/raw/food101/food-101/images/dumplings/3337828.jpg,32,dumplings
data/raw/food101/food-101/images/dumplings/8372.jpg,32,dumplings
data/raw/food101/food-101/images/dumplings/619473.jpg,32,dumplings
data/raw/food101/food-101/images/dumplings/2385016.jpg,32,dumplings
data/raw/food101/food-101/images/dumplings/1062297.jpg,32,dumplings
data/raw/food101/food-101/images/dumplings/3185610.jpg,32,dumplings
data/raw/food101/food-101/images/dumplings/207290.jpg,32,dumplings
data/raw/food101/food-101/images/dumplings/2670508.jpg,32,dumplings
data/raw/food101/food-101/images/dumplings/311661.jpg,32,dumplings
data/raw/food101/food-101/images/dumplings/652252.jpg,32,dumplings
data/raw/food101/food-101/images/dumplings/553148.jpg,32,dumplings
data/raw/food101/food-101/images/dumplings/2863135.jpg,32,dumplings
data/raw/food101/food-101/images/dumplings/2473068.jpg,32,dumplings
data/raw/food101/food-101/images/dumplings/3489311.jpg,32,dumplings
data/raw/food101/food-101/images/dumplings/1287722.jpg,32,dumplings
data/raw/food101/food-101/images/dumplings/2974247.jpg,32,dumplings
data/raw/food101/food-101/images/dumplings/2994639.jpg,32,dumplings
data/raw/food101/food-101/images/dumplings/2167576.jpg,32,dumplings
data/raw/food101/food-101/images/dumplings/991981.jpg,32,dumplings
data/raw/food101/food-101/images/dumplings/144140.jpg,32,dumplings
data/raw/food101/food-101/images/dumplings/606186.jpg,32,dumplings
data/raw/food101/food-101/images/dumplings/7624.jpg,32,dumplings
data/raw/food101/food-101/images/dumplings/1204683.jpg,32,dumplings
data/raw/food101/food-101/images/dumplings/1275130.jpg,32,dumplings
data/raw/food101/food-101/images/edamame/147363.jpg,33,edamame
data/raw/food101/food-101/images/edamame/3589436.jpg,33,edamame
data/raw/food101/food-101/images/edamame/867470.jpg,33,edamame
data/raw/food101/food-101/images/edamame/1660798.jpg,33,edamame
data/raw/food101/food-101/images/edamame/174752.jpg,33,edamame
data/raw/food101/food-101/images/edamame/3868219.jpg,33,edamame
data/raw/food101/food-101/images/edamame/825581.jpg,33,edamame
data/raw/food101/food-101/images/edamame/2869063.jpg,33,edamame
data/raw/food101/food-101/images/edamame/965396.jpg,33,edamame
data/raw/food101/food-101/images/edamame/468126.jpg,33,edamame
data/raw/food101/food-101/images/edamame/3624765.jpg,33,edamame
data/raw/food101/food-101/images/edamame/1144040.jpg,33,edamame
data/raw/food101/food-101/images/edamame/1787153.jpg,33,edamame
data/raw/food101/food-101/images/edamame/614712.jpg,33,edamame
data/raw/food101/food-101/images/edamame/1345370.jpg,33,edamame
data/raw/food101/food-101/images/edamame/2022836.jpg,33,edamame
data/raw/food101/food-101/images/edamame/1974196.jpg,33,edamame
data/raw/food101/food-101/images/edamame/1868306.jpg,33,edamame
data/raw/food101/food-101/images/edamame/2974107.jpg,33,edamame
data/raw/food101/food-101/images/edamame/1892167.jpg,33,edamame
data/raw/food101/food-101/images/edamame/2062250.jpg,33,edamame
data/raw/food101/food-101/images/edamame/3393645.jpg,33,edamame
data/raw/food101/food-101/images/edamame/3179279.jpg,33,edamame
data/raw/food101/food-101/images/edamame/2304068.jpg,33,edamame
data/raw/food101/food-101/images/edamame/3840144.jpg,33,edamame
data/raw/food101/food-101/images/edamame/305220.jpg,33,edamame
data/raw/food101/food-101/images/edamame/1260374.jpg,33,edamame
data/raw/food101/food-101/images/edamame/2063722.jpg,33,edamame
data/raw/food101/food-101/images/edamame/3433805.jpg,33,edamame
data/raw/food101/food-101/images/edamame/792292.jpg,33,edamame
data/raw/food101/food-101/images/edamame/1079176.jpg,33,edamame
data/raw/food101/food-101/images/edamame/2692562.jpg,33,edamame
data/raw/food101/food-101/images/edamame/545055.jpg,33,edamame
data/raw/food101/food-101/images/edamame/1378606.jpg,33,edamame
data/raw/food101/food-101/images/edamame/3560910.jpg,33,edamame
data/raw/food101/food-101/images/edamame/3519994.jpg,33,edamame
data/raw/food101/food-101/images/edamame/2488052.jpg,33,edamame
data/raw/food101/food-101/images/edamame/189064.jpg,33,edamame
data/raw/food101/food-101/images/edamame/1734442.jpg,33,edamame
data/raw/food101/food-101/images/edamame/1315163.jpg,33,edamame
data/raw/food101/food-101/images/edamame/891840.jpg,33,edamame
data/raw/food101/food-101/images/edamame/1020848.jpg,33,edamame
data/raw/food101/food-101/images/edamame/2324336.jpg,33,edamame
data/raw/food101/food-101/images/edamame/686391.jpg,33,edamame
data/raw/food101/food-101/images/edamame/1018242.jpg,33,edamame
data/raw/food101/food-101/images/edamame/2058283.jpg,33,edamame
data/raw/food101/food-101/images/edamame/1516641.jpg,33,edamame
data/raw/food101/food-101/images/edamame/3301016.jpg,33,edamame
data/raw/food101/food-101/images/edamame/2046937.jpg,33,edamame
data/raw/food101/food-101/images/edamame/2127809.jpg,33,edamame
data/raw/food101/food-101/images/edamame/3243030.jpg,33,edamame
data/raw/food101/food-101/images/edamame/781627.jpg,33,edamame
data/raw/food101/food-101/images/edamame/556344.jpg,33,edamame
data/raw/food101/food-101/images/edamame/814753.jpg,33,edamame
data/raw/food101/food-101/images/edamame/999399.jpg,33,edamame
data/raw/food101/food-101/images/edamame/3580503.jpg,33,edamame
data/raw/food101/food-101/images/edamame/1149858.jpg,33,edamame
data/raw/food101/food-101/images/edamame/1442496.jpg,33,edamame
data/raw/food101/food-101/images/edamame/480098.jpg,33,edamame
data/raw/food101/food-101/images/edamame/3370772.jpg,33,edamame
data/raw/food101/food-101/images/edamame/1695174.jpg,33,edamame
data/raw/food101/food-101/images/edamame/2563328.jpg,33,edamame
data/raw/food101/food-101/images/edamame/2915287.jpg,33,edamame
data/raw/food101/food-101/images/edamame/2069147.jpg,33,edamame
data/raw/food101/food-101/images/edamame/1474750.jpg,33,edamame
data/raw/food101/food-101/images/edamame/2174630.jpg,33,edamame
data/raw/food101/food-101/images/edamame/2222970.jpg,33,edamame
data/raw/food101/food-101/images/edamame/3253578.jpg,33,edamame
data/raw/food101/food-101/images/edamame/334938.jpg,33,edamame
data/raw/food101/food-101/images/edamame/3062534.jpg,33,edamame
data/raw/food101/food-101/images/eggs_benedict/2190943.jpg,34,eggs_benedict
data/raw/food101/food-101/images/eggs_benedict/2983980.jpg,34,eggs_benedict
data/raw/food101/food-101/images/eggs_benedict/348010.jpg,34,eggs_benedict
data/raw/food101/food-101/images/eggs_benedict/3310939.jpg,34,eggs_benedict
data/raw/food101/food-101/images/eggs_benedict/3574234.jpg,34,eggs_benedict
data/raw/food101/food-101/images/eggs_benedict/1803322.jpg,34,eggs_benedict
data/raw/food101/food-101/images/eggs_benedict/1667340.jpg,34,eggs_benedict
data/raw/food101/food-101/images/eggs_benedict/2214406.jpg,34,eggs_benedict
data/raw/food101/food-101/images/eggs_benedict/984851.jpg,34,eggs_benedict
data/raw/food101/food-101/images/eggs_benedict/475223.jpg,34,eggs_benedict
data/raw/food101/food-101/images/eggs_benedict/932840.jpg,34,eggs_benedict
data/raw/food101/food-101/images/eggs_benedict/149562.jpg,34,eggs_benedict
data/raw/food101/food-101/images/eggs_benedict/3766840.jpg,34,eggs_benedict
data/raw/food101/food-101/images/eggs_benedict/3659293.jpg,34,eggs_benedict
data/raw/food101/food-101/images/eggs_benedict/1994646.jpg,34,eggs_benedict
data/raw/food101/food-101/images/eggs_benedict/3700757.jpg,34,eggs_benedict
data/raw/food101/food-101/images/eggs_benedict/1698029.jpg,34,eggs_benedict
data/raw/food101/food-101/images/eggs_benedict/3748512.jpg,34,eggs_benedict
data/raw/food101/food-101/images/eggs_benedict/639779.jpg,34,eggs_benedict
data/raw/food101/food-101/images/eggs_benedict/3235797.jpg,34,eggs_benedict
data/raw/food101/food-101/images/eggs_benedict/3343202.jpg,34,eggs_benedict
data/raw/food101/food-101/images/eggs_benedict/3529558.jpg,34,eggs_benedict
data/raw/food101/food-101/images/eggs_benedict/387412.jpg,34,eggs_benedict
data/raw/food101/food-101/images/eggs_benedict/1417473.jpg,34,eggs_benedict
data/raw/food101/food-101/images/eggs_benedict/116205.jpg,34,eggs_benedict
data/raw/food101/food-101/images/eggs_benedict/3445239.jpg,34,eggs_benedict
data/raw/food101/food-101/images/eggs_benedict/1690225.jpg,34,eggs_benedict
data/raw/food101/food-101/images/eggs_benedict/2081609.jpg,34,eggs_benedict
data/raw/food101/food-101/images/eggs_benedict/859309.jpg,34,eggs_benedict
data/raw/food101/food-101/images/eggs_benedict/241405.jpg,34,eggs_benedict
data/raw/food101/food-101/images/eggs_benedict/122435.jpg,34,eggs_benedict
data/raw/food101/food-101/images/eggs_benedict/2273236.jpg,34,eggs_benedict
data/raw/food101/food-101/images/eggs_benedict/2880183.jpg,34,eggs_benedict
data/raw/food101/food-101/images/eggs_benedict/3393493.jpg,34,eggs_benedict
data/raw/food101/food-101/images/eggs_benedict/1175534.jpg,34,eggs_benedict
data/raw/food101/food-101/images/eggs_benedict/349978.jpg,34,eggs_benedict
data/raw/food101/food-101/images/eggs_benedict/3664770.jpg,34,eggs_benedict
data/raw/food101/food-101/images/eggs_benedict/1912376.jpg,34,eggs_benedict
data/raw/food101/food-101/images/eggs_benedict/3452803.jpg,34,eggs_benedict
data/raw/food101/food-101/images/eggs_benedict/3573358.jpg,34,eggs_benedict
data/raw/food101/food-101/images/eggs_benedict/113243.jpg,34,eggs_benedict
data/raw/food101/food-101/images/eggs_benedict/148269.jpg,34,eggs_benedict
data/raw/food101/food-101/images/eggs_benedict/3303156.jpg,34,eggs_benedict
data/raw/food101/food-101/images/eggs_benedict/563545.jpg,34,eggs_benedict
data/raw/food101/food-101/images/eggs_benedict/1242995.jpg,34,eggs_benedict
data/raw/food101/food-101/images/eggs_benedict/2957536.jpg,34,eggs_benedict
data/raw/food101/food-101/images/eggs_benedict/1732531.jpg,34,eggs_benedict
data/raw/food101/food-101/images/eggs_benedict/3119054.jpg,34,eggs_benedict
data/raw/food101/food-101/images/eggs_benedict/771285.jpg,34,eggs_benedict
data/raw/food101/food-101/images/eggs_benedict/149828.jpg,34,eggs_benedict
data/raw/food101/food-101/images/eggs_benedict/1220536.jpg,34,eggs_benedict
data/raw/food101/food-101/images/eggs_benedict/3717570.jpg,34,eggs_benedict
data/raw/food101/food-101/images/eggs_benedict/2927639.jpg,34,eggs_benedict
data/raw/food101/food-101/images/eggs_benedict/116694.jpg,34,eggs_benedict
data/raw/food101/food-101/images/eggs_benedict/1595846.jpg,34,eggs_benedict
data/raw/food101/food-101/images/eggs_benedict/794243.jpg,34,eggs_benedict
data/raw/food101/food-101/images/eggs_benedict/338210.jpg,34,eggs_benedict
data/raw/food101/food-101/images/eggs_benedict/3793667.jpg,34,eggs_benedict
data/raw/food101/food-101/images/eggs_benedict/2004531.jpg,34,eggs_benedict
data/raw/food101/food-101/images/eggs_benedict/163468.jpg,34,eggs_benedict
data/raw/food101/food-101/images/eggs_benedict/3412589.jpg,34,eggs_benedict
data/raw/food101/food-101/images/eggs_benedict/1642875.jpg,34,eggs_benedict
data/raw/food101/food-101/images/eggs_benedict/269462.jpg,34,eggs_benedict
data/raw/food101/food-101/images/eggs_benedict/3189606.jpg,34,eggs_benedict
data/raw/food101/food-101/images/eggs_benedict/2644765.jpg,34,eggs_benedict
data/raw/food101/food-101/images/eggs_benedict/1796111.jpg,34,eggs_benedict
data/raw/food101/food-101/images/eggs_benedict/3845826.jpg,34,eggs_benedict
data/raw/food101/food-101/images/eggs_benedict/13521.jpg,34,eggs_benedict
data/raw/food101/food-101/images/eggs_benedict/1220736.jpg,34,eggs_benedict
data/raw/food101/food-101/images/eggs_benedict/61666.jpg,34,eggs_benedict
data/raw/food101/food-101/images/escargots/3071305.jpg,35,escargots
data/raw/food101/food-101/images/escargots/1877184.jpg,35,escargots
data/raw/food101/food-101/images/escargots/872817.jpg,35,escargots
data/raw/food101/food-101/images/escargots/2548116.jpg,35,escargots
data/raw/food101/food-101/images/escargots/3152950.jpg,35,escargots
data/raw/food101/food-101/images/escargots/3230651.jpg,35,escargots
data/raw/food101/food-101/images/escargots/1294149.jpg,35,escargots
data/raw/food101/food-101/images/escargots/2896290.jpg,35,escargots
data/raw/food101/food-101/images/escargots/778446.jpg,35,escargots
data/raw/food101/food-101/images/escargots/3687286.jpg,35,escargots
data/raw/food101/food-101/images/escargots/1897707.jpg,35,escargots
data/raw/food101/food-101/images/escargots/1989292.jpg,35,escargots
data/raw/food101/food-101/images/escargots/2524747.jpg,35,escargots
data/raw/food101/food-101/images/escargots/1017301.jpg,35,escargots
data/raw/food101/food-101/images/escargots/2540229.jpg,35,escargots
data/raw/food101/food-101/images/escargots/1565919.jpg,35,escargots
data/raw/food101/food-101/images/escargots/847092.jpg,35,escargots
data/raw/food101/food-101/images/escargots/3906692.jpg,35,escargots
data/raw/food101/food-101/images/escargots/1181532.jpg,35,escargots
data/raw/food101/food-101/images/escargots/2589312.jpg,35,escargots
data/raw/food101/food-101/images/escargots/2885329.jpg,35,escargots
data/raw/food101/food-101/images/escargots/3803687.jpg,35,escargots
data/raw/food101/food-101/images/escargots/3195718.jpg,35,escargots
data/raw/food101/food-101/images/escargots/2954916.jpg,35,escargots
data/raw/food101/food-101/images/escargots/863900.jpg,35,escargots
data/raw/food101/food-101/images/escargots/3782680.jpg,35,escargots
data/raw/food101/food-101/images/escargots/2022296.jpg,35,escargots
data/raw/food101/food-101/images/escargots/142596.jpg,35,escargots
data/raw/food101/food-101/images/escargots/609549.jpg,35,escargots
data/raw/food101/food-101/images/escargots/1501194.jpg,35,escargots
data/raw/food101/food-101/images/escargots/201667.jpg,35,escargots
data/raw/food101/food-101/images/escargots/3667329.jpg,35,escargots
data/raw/food101/food-101/images/escargots/3088377.jpg,35,escargots
data/raw/food101/food-101/images/escargots/3141241.jpg,35,escargots
data/raw/food101/food-101/images/escargots/3139376.jpg,35,escargots
data/raw/food101/food-101/images/escargots/1101043.jpg,35,escargots
data/raw/food101/food-101/images/escargots/2630082.jpg,35,escargots
data/raw/food101/food-101/images/escargots/247977.jpg,35,escargots
data/raw/food101/food-101/images/escargots/1020422.jpg,35,escargots
data/raw/food101/food-101/images/escargots/1645492.jpg,35,escargots
data/raw/food101/food-101/images/escargots/3606817.jpg,35,escargots
data/raw/food101/food-101/images/escargots/726831.jpg,35,escargots
data/raw/food101/food-101/images/escargots/2724907.jpg,35,escargots
data/raw/food101/food-101/images/escargots/3459901.jpg,35,escargots
data/raw/food101/food-101/images/escargots/2766780.jpg,35,escargots
data/raw/food101/food-101/images/escargots/3700726.jpg,35,escargots
data/raw/food101/food-101/images/escargots/3748764.jpg,35,escargots
data/raw/food101/food-101/images/escargots/3837068.jpg,35,escargots
data/raw/food101/food-101/images/escargots/359145.jpg,35,escargots
data/raw/food101/food-101/images/escargots/496293.jpg,35,escargots
data/raw/food101/food-101/images/escargots/360659.jpg,35,escargots
data/raw/food101/food-101/images/escargots/3399923.jpg,35,escargots
data/raw/food101/food-101/images/escargots/2484230.jpg,35,escargots
data/raw/food101/food-101/images/escargots/965154.jpg,35,escargots
data/raw/food101/food-101/images/escargots/1298161.jpg,35,escargots
data/raw/food101/food-101/images/escargots/2123236.jpg,35,escargots
data/raw/food101/food-101/images/escargots/2499183.jpg,35,escargots
data/raw/food101/food-101/images/escargots/1420269.jpg,35,escargots
data/raw/food101/food-101/images/escargots/3051488.jpg,35,escargots
data/raw/food101/food-101/images/escargots/2497647.jpg,35,escargots
data/raw/food101/food-101/images/escargots/178602.jpg,35,escargots
data/raw/food101/food-101/images/escargots/1864035.jpg,35,escargots
data/raw/food101/food-101/images/escargots/590148.jpg,35,escargots
data/raw/food101/food-101/images/escargots/3252602.jpg,35,escargots
data/raw/food101/food-101/images/escargots/3568752.jpg,35,escargots
data/raw/food101/food-101/images/escargots/994523.jpg,35,escargots
data/raw/food101/food-101/images/escargots/906350.jpg,35,escargots
data/raw/food101/food-101/images/escargots/1709715.jpg,35,escargots
data/raw/food101/food-101/images/escargots/272484.jpg,35,escargots
data/raw/food101/food-101/images/escargots/1045230.jpg,35,escargots
data/raw/food101/food-101/images/falafel/2813699.jpg,36,falafel
data/raw/food101/food-101/images/falafel/2777619.jpg,36,falafel
data/raw/food101/food-101/images/falafel/521272.jpg,36,falafel
data/raw/food101/food-101/images/falafel/2563547.jpg,36,falafel
data/raw/food101/food-101/images/falafel/662494.jpg,36,falafel
data/raw/food101/food-101/images/falafel/1833317.jpg,36,falafel
data/raw/food101/food-101/images/falafel/423923.jpg,36,falafel
data/raw/food101/food-101/images/falafel/499581.jpg,36,falafel
data/raw/food101/food-101/images/falafel/1120179.jpg,36,falafel
data/raw/food101/food-101/images/falafel/2305163.jpg,36,falafel
data/raw/food101/food-101/images/falafel/1545562.jpg,36,falafel
data/raw/food101/food-101/images/falafel/2393585.jpg,36,falafel
data/raw/food101/food-101/images/falafel/2118562.jpg,36,falafel
data/raw/food101/food-101/images/falafel/2505830.jpg,36,falafel
data/raw/food101/food-101/images/falafel/1276083.jpg,36,falafel
data/raw/food101/food-101/images/falafel/2863127.jpg,36,falafel
data/raw/food101/food-101/images/falafel/2798657.jpg,36,falafel
data/raw/food101/food-101/images/falafel/2608463.jpg,36,falafel
data/raw/food101/food-101/images/falafel/1070737.jpg,36,falafel
data/raw/food101/food-101/images/falafel/476268.jpg,36,falafel
data/raw/food101/food-101/images/falafel/1461412.jpg,36,falafel
data/raw/food101/food-101/images/falafel/2361366.jpg,36,falafel
data/raw/food101/food-101/images/falafel/2631181.jpg,36,falafel
data/raw/food101/food-101/images/falafel/97482.jpg,36,falafel
data/raw/food101/food-101/images/falafel/2329112.jpg,36,falafel
data/raw/food101/food-101/images/falafel/1412347.jpg,36,falafel
data/raw/food101/food-101/images/falafel/966926.jpg,36,falafel
data/raw/food101/food-101/images/falafel/102549.jpg,36,falafel
data/raw/food101/food-101/images/falafel/424546.jpg,36,falafel
data/raw/food101/food-101/images/falafel/598753.jpg,36,falafel
data/raw/food101/food-101/images/falafel/3554995.jpg,36,falafel
data/raw/food101/food-101/images/falafel/1961999.jpg,36,falafel
data/raw/food101/food-101/images/falafel/1560269.jpg,36,falafel
data/raw/food101/food-101/images/falafel/3562334.jpg,36,falafel
data/raw/food101/food-101/images/falafel/2185902.jpg,36,falafel
data/raw/food101/food-101/images/falafel/3144843.jpg,36,falafel
data/raw/food101/food-101/images/falafel/1886053.jpg,36,falafel
data/raw/food101/food-101/images/falafel/985813.jpg,36,falafel
data/raw/food101/food-101/images/falafel/3016097.jpg,36,falafel
data/raw/food101/food-101/images/falafel/2378814.jpg,36,falafel
data/raw/food101/food-101/images/falafel/3485500.jpg,36,falafel
data/raw/food101/food-101/images/falafel/2171863.jpg,36,falafel
data/raw/food101/food-101/images/falafel/3215275.jpg,36,falafel
data/raw/food101/food-101/images/falafel/3719173.jpg,36,falafel
data/raw/food101/food-101/images/falafel/1170368.jpg,36,falafel
data/raw/food101/food-101/images/falafel/3698727.jpg,36,falafel
data/raw/food101/food-101/images/falafel/2267733.jpg,36,falafel
data/raw/food101/food-101/images/falafel/3370784.jpg,36,falafel
data/raw/food101/food-101/images/falafel/3750598.jpg,36,falafel
data/raw/food101/food-101/images/falafel/3411456.jpg,36,falafel
data/raw/food101/food-101/images/falafel/2645.jpg,36,falafel
data/raw/food101/food-101/images/falafel/689321.jpg,36,falafel
data/raw/food101/food-101/images/falafel/949664.jpg,36,falafel
data/raw/food101/food-101/images/falafel/2841738.jpg,36,falafel
data/raw/food101/food-101/images/falafel/3886287.jpg,36,falafel
data/raw/food101/food-101/images/falafel/1579317.jpg,36,falafel
data/raw/food101/food-101/images/falafel/689161.jpg,36,falafel
data/raw/food101/food-101/images/falafel/2771341.jpg,36,falafel
data/raw/food101/food-101/images/falafel/3017322.jpg,36,falafel
data/raw/food101/food-101/images/falafel/1057875.jpg,36,falafel
data/raw/food101/food-101/images/falafel/1046916.jpg,36,falafel
data/raw/food101/food-101/images/falafel/1620299.jpg,36,falafel
data/raw/food101/food-101/images/falafel/3565942.jpg,36,falafel
data/raw/food101/food-101/images/falafel/1344296.jpg,36,falafel
data/raw/food101/food-101/images/falafel/2845541.jpg,36,falafel
data/raw/food101/food-101/images/falafel/2040478.jpg,36,falafel
data/raw/food101/food-101/images/falafel/3508825.jpg,36,falafel
data/raw/food101/food-101/images/falafel/3201313.jpg,36,falafel
data/raw/food101/food-101/images/falafel/1988894.jpg,36,falafel
data/raw/food101/food-101/images/falafel/1861120.jpg,36,falafel
data/raw/food101/food-101/images/filet_mignon/1534691.jpg,37,filet_mignon
data/raw/food101/food-101/images/filet_mignon/1823823.jpg,37,filet_mignon
data/raw/food101/food-101/images/filet_mignon/2845459.jpg,37,filet_mignon
data/raw/food101/food-101/images/filet_mignon/2940992.jpg,37,filet_mignon
data/raw/food101/food-101/images/filet_mignon/84930.jpg,37,filet_mignon
data/raw/food101/food-101/images/filet_mignon/1214317.jpg,37,filet_mignon
data/raw/food101/food-101/images/filet_mignon/773363.jpg,37,filet_mignon
data/raw/food101/food-101/images/filet_mignon/2116943.jpg,37,filet_mignon
data/raw/food101/food-101/images/filet_mignon/496735.jpg,37,filet_mignon
data/raw/food101/food-101/images/filet_mignon/2491507.jpg,37,filet_mignon
data/raw/food101/food-101/images/filet_mignon/2869618.jpg,37,filet_mignon
data/raw/food101/food-101/images/filet_mignon/3270341.jpg,37,filet_mignon
data/raw/food101/food-101/images/filet_mignon/1381447.jpg,37,filet_mignon
data/raw/food101/food-101/images/filet_mignon/3822616.jpg,37,filet_mignon
data/raw/food101/food-101/images/filet_mignon/3020781.jpg,37,filet_mignon
data/raw/food101/food-101/images/filet_mignon/171843.jpg,37,filet_mignon
data/raw/food101/food-101/images/filet_mignon/934226.jpg,37,filet_mignon
data/raw/food101/food-101/images/filet_mignon/2217407.jpg,37,filet_mignon
data/raw/food101/food-101/images/filet_mignon/161305.jpg,37,filet_mignon
data/raw/food101/food-101/images/filet_mignon/769526.jpg,37,filet_mignon
data/raw/food101/food-101/images/filet_mignon/2982073.jpg,37,filet_mignon
data/raw/food101/food-101/images/filet_mignon/1666949.jpg,37,filet_mignon
data/raw/food101/food-101/images/filet_mignon/170353.jpg,37,filet_mignon
data/raw/food101/food-101/images/filet_mignon/2837986.jpg,37,filet_mignon
data/raw/food101/food-101/images/filet_mignon/2685899.jpg,37,filet_mignon
data/raw/food101/food-101/images/filet_mignon/1024601.jpg,37,filet_mignon
data/raw/food101/food-101/images/filet_mignon/2903209.jpg,37,filet_mignon
data/raw/food101/food-101/images/filet_mignon/3547569.jpg,37,filet_mignon
data/raw/food101/food-101/images/filet_mignon/620856.jpg,37,filet_mignon
data/raw/food101/food-101/images/filet_mignon/2575254.jpg,37,filet_mignon
data/raw/food101/food-101/images/filet_mignon/566379.jpg,37,filet_mignon
data/raw/food101/food-101/images/filet_mignon/3249906.jpg,37,filet_mignon
data/raw/food101/food-101/images/filet_mignon/643682.jpg,37,filet_mignon
data/raw/food101/food-101/images/filet_mignon/145736.jpg,37,filet_mignon
data/raw/food101/food-101/images/filet_mignon/1574928.jpg,37,filet_mignon
data/raw/food101/food-101/images/filet_mignon/2603542.jpg,37,filet_mignon
data/raw/food101/food-101/images/filet_mignon/171331.jpg,37,filet_mignon
data/raw/food101/food-101/images/filet_mignon/172939.jpg,37,filet_mignon
data/raw/food101/food-101/images/filet_mignon/263392.jpg,37,filet_mignon
data/raw/food101/food-101/images/filet_mignon/86924.jpg,37,filet_mignon
data/raw/food101/food-101/images/filet_mignon/1277969.jpg,37,filet_mignon
data/raw/food101/food-101/images/filet_mignon/609851.jpg,37,filet_mignon
data/raw/food101/food-101/images/filet_mignon/3645971.jpg,37,filet_mignon
data/raw/food101/food-101/images/filet_mignon/113698.jpg,37,filet_mignon
data/raw/food101/food-101/images/filet_mignon/2401054.jpg,37,filet_mignon
data/raw/food101/food-101/images/filet_mignon/256772.jpg,37,filet_mignon
data/raw/food101/food-101/images/filet_mignon/2584789.jpg,37,filet_mignon
data/raw/food101/food-101/images/filet_mignon/2365130.jpg,37,filet_mignon
data/raw/food101/food-101/images/filet_mignon/3594907.jpg,37,filet_mignon
data/raw/food101/food-101/images/filet_mignon/3870013.jpg,37,filet_mignon
data/raw/food101/food-101/images/filet_mignon/1650659.jpg,37,filet_mignon
data/raw/food101/food-101/images/filet_mignon/1314924.jpg,37,filet_mignon
data/raw/food101/food-101/images/filet_mignon/2817186.jpg,37,filet_mignon
data/raw/food101/food-101/images/filet_mignon/3652060.jpg,37,filet_mignon
data/raw/food101/food-101/images/filet_mignon/3603931.jpg,37,filet_mignon
data/raw/food101/food-101/images/filet_mignon/2087871.jpg,37,filet_mignon
data/raw/food101/food-101/images/filet_mignon/312361.jpg,37,filet_mignon
data/raw/food101/food-101/images/filet_mignon/7286.jpg,37,filet_mignon
data/raw/food101/food-101/images/filet_mignon/1425537.jpg,37,filet_mignon
data/raw/food101/food-101/images/filet_mignon/845443.jpg,37,filet_mignon
data/raw/food101/food-101/images/filet_mignon/3693708.jpg,37,filet_mignon
data/raw/food101/food-101/images/filet_mignon/2091291.jpg,37,filet_mignon
data/raw/food101/food-101/images/filet_mignon/577901.jpg,37,filet_mignon
data/raw/food101/food-101/images/filet_mignon/2222026.jpg,37,filet_mignon
data/raw/food101/food-101/images/filet_mignon/1081277.jpg,37,filet_mignon
data/raw/food101/food-101/images/filet_mignon/1451810.jpg,37,filet_mignon
data/raw/food101/food-101/images/filet_mignon/705005.jpg,37,filet_mignon
data/raw/food101/food-101/images/filet_mignon/1709369.jpg,37,filet_mignon
data/raw/food101/food-101/images/filet_mignon/1193960.jpg,37,filet_mignon
data/raw/food101/food-101/images/filet_mignon/1128196.jpg,37,filet_mignon
data/raw/food101/food-101/images/fish_and_chips/1688780.jpg,38,fish_and_chips
data/raw/food101/food-101/images/fish_and_chips/3149155.jpg,38,fish_and_chips
data/raw/food101/food-101/images/fish_and_chips/383296.jpg,38,fish_and_chips
data/raw/food101/food-101/images/fish_and_chips/969510.jpg,38,fish_and_chips
data/raw/food101/food-101/images/fish_and_chips/2009997.jpg,38,fish_and_chips
data/raw/food101/food-101/images/fish_and_chips/97086.jpg,38,fish_and_chips
data/raw/food101/food-101/images/fish_and_chips/3339075.jpg,38,fish_and_chips
data/raw/food101/food-101/images/fish_and_chips/1331770.jpg,38,fish_and_chips
data/raw/food101/food-101/images/fish_and_chips/1386743.jpg,38,fish_and_chips
data/raw/food101/food-101/images/fish_and_chips/2601901.jpg,38,fish_and_chips
data/raw/food101/food-101/images/fish_and_chips/261170.jpg,38,fish_and_chips
data/raw/food101/food-101/images/fish_and_chips/2672110.jpg,38,fish_and_chips
data/raw/food101/food-101/images/fish_and_chips/2040566.jpg,38,fish_and_chips
data/raw/food101/food-101/images/fish_and_chips/3322515.jpg,38,fish_and_chips
data/raw/food101/food-101/images/fish_and_chips/2007473.jpg,38,fish_and_chips
data/raw/food101/food-101/images/fish_and_chips/3471132.jpg,38,fish_and_chips
data/raw/food101/food-101/images/fish_and_chips/2295961.jpg,38,fish_and_chips
data/raw/food101/food-101/images/fish_and_chips/2063782.jpg,38,fish_and_chips
data/raw/food101/food-101/images/fish_and_chips/2268904.jpg,38,fish_and_chips
data/raw/food101/food-101/images/fish_and_chips/1659195.jpg,38,fish_and_chips
data/raw/food101/food-101/images/fish_and_chips/2756991.jpg,38,fish_and_chips
data/raw/food101/food-101/images/fish_and_chips/352004.jpg,38,fish_and_chips
data/raw/food101/food-101/images/fish_and_chips/1003726.jpg,38,fish_and_chips
data/raw/food101/food-101/images/fish_and_chips/3006202.jpg,38,fish_and_chips
data/raw/food101/food-101/images/fish_and_chips/2453607.jpg,38,fish_and_chips
data/raw/food101/food-101/images/fish_and_chips/2497717.jpg,38,fish_and_chips
data/raw/food101/food-101/images/fish_and_chips/1971675.jpg,38,fish_and_chips
data/raw/food101/food-101/images/fish_and_chips/925849.jpg,38,fish_and_chips
data/raw/food101/food-101/images/fish_and_chips/3196765.jpg,38,fish_and_chips
data/raw/food101/food-101/images/fish_and_chips/1018454.jpg,38,fish_and_chips
data/raw/food101/food-101/images/fish_and_chips/712481.jpg,38,fish_and_chips
data/raw/food101/food-101/images/fish_and_chips/50844.jpg,38,fish_and_chips
data/raw/food101/food-101/images/fish_and_chips/2036347.jpg,38,fish_and_chips
data/raw/food101/food-101/images/fish_and_chips/3521924.jpg,38,fish_and_chips
data/raw/food101/food-101/images/fish_and_chips/3118637.jpg,38,fish_and_chips
data/raw/food101/food-101/images/fish_and_chips/4128.jpg,38,fish_and_chips
data/raw/food101/food-101/images/fish_and_chips/1128671.jpg,38,fish_and_chips
data/raw/food101/food-101/images/fish_and_chips/2816095.jpg,38,fish_and_chips
data/raw/food101/food-101/images/fish_and_chips/38171.jpg,38,fish_and_chips
data/raw/food101/food-101/images/fish_and_chips/529653.jpg,38,fish_and_chips
data/raw/food101/food-101/images/fish_and_chips/875382.jpg,38,fish_and_chips
data/raw/food101/food-101/images/fish_and_chips/647277.jpg,38,fish_and_chips
data/raw/food101/food-101/images/fish_and_chips/3370146.jpg,38,fish_and_chips
data/raw/food101/food-101/images/fish_and_chips/710495.jpg,38,fish_and_chips
data/raw/food101/food-101/images/fish_and_chips/675824.jpg,38,fish_and_chips
data/raw/food101/food-101/images/fish_and_chips/1396384.jpg,38,fish_and_chips
data/raw/food101/food-101/images/fish_and_chips/2561516.jpg,38,fish_and_chips
data/raw/food101/food-101/images/fish_and_chips/3806847.jpg,38,fish_and_chips
data/raw/food101/food-101/images/fish_and_chips/195363.jpg,38,fish_and_chips
data/raw/food101/food-101/images/fish_and_chips/770751.jpg,38,fish_and_chips
data/raw/food101/food-101/images/fish_and_chips/2072610.jpg,38,fish_and_chips
data/raw/food101/food-101/images/fish_and_chips/173256.jpg,38,fish_and_chips
data/raw/food101/food-101/images/fish_and_chips/557498.jpg,38,fish_and_chips
data/raw/food101/food-101/images/fish_and_chips/464433.jpg,38,fish_and_chips
data/raw/food101/food-101/images/fish_and_chips/484647.jpg,38,fish_and_chips
data/raw/food101/food-101/images/fish_and_chips/2531288.jpg,38,fish_and_chips
data/raw/food101/food-101/images/fish_and_chips/1391505.jpg,38,fish_and_chips
data/raw/food101/food-101/images/fish_and_chips/1808226.jpg,38,fish_and_chips
data/raw/food101/food-101/images/fish_and_chips/3853730.jpg,38,fish_and_chips
data/raw/food101/food-101/images/fish_and_chips/1012859.jpg,38,fish_and_chips
data/raw/food101/food-101/images/fish_and_chips/2525181.jpg,38,fish_and_chips
data/raw/food101/food-101/images/fish_and_chips/981299.jpg,38,fish_and_chips
data/raw/food101/food-101/images/fish_and_chips/554726.jpg,38,fish_and_chips
data/raw/food101/food-101/images/fish_and_chips/794402.jpg,38,fish_and_chips
data/raw/food101/food-101/images/fish_and_chips/2885728.jpg,38,fish_and_chips
data/raw/food101/food-101/images/fish_and_chips/3718806.jpg,38,fish_and_chips
data/raw/food101/food-101/images/fish_and_chips/2309185.jpg,38,fish_and_chips
data/raw/food101/food-101/images/fish_and_chips/184654.jpg,38,fish_and_chips
data/raw/food101/food-101/images/fish_and_chips/2299054.jpg,38,fish_and_chips
data/raw/food101/food-101/images/fish_and_chips/3728426.jpg,38,fish_and_chips
data/raw/food101/food-101/images/foie_gras/1790526.jpg,39,foie_gras
data/raw/food101/food-101/images/foie_gras/3027615.jpg,39,foie_gras
data/raw/food101/food-101/images/foie_gras/209521.jpg,39,foie_gras
data/raw/food101/food-101/images/foie_gras/3334523.jpg,39,foie_gras
data/raw/food101/food-101/images/foie_gras/601750.jpg,39,foie_gras
data/raw/food101/food-101/images/foie_gras/1124869.jpg,39,foie_gras
data/raw/food101/food-101/images/foie_gras/1703792.jpg,39,foie_gras
data/raw/food101/food-101/images/foie_gras/617607.jpg,39,foie_gras
data/raw/food101/food-101/images/foie_gras/873014.jpg,39,foie_gras
data/raw/food101/food-101/images/foie_gras/1729368.jpg,39,foie_gras
data/raw/food101/food-101/images/foie_gras/2510644.jpg,39,foie_gras
data/raw/food101/food-101/images/foie_gras/865452.jpg,39,foie_gras
data/raw/food101/food-101/images/foie_gras/459507.jpg,39,foie_gras
data/raw/food101/food-101/images/foie_gras/603354.jpg,39,foie_gras
data/raw/food101/food-101/images/foie_gras/2531872.jpg,39,foie_gras
data/raw/food101/food-101/images/foie_gras/3347220.jpg,39,foie_gras
data/raw/food101/food-101/images/foie_gras/1335153.jpg,39,foie_gras
data/raw/food101/food-101/images/foie_gras/2883281.jpg,39,foie_gras
data/raw/food101/food-101/images/foie_gras/160112.jpg,39,foie_gras
data/raw/food101/food-101/images/foie_gras/2212838.jpg,39,foie_gras
data/raw/food101/food-101/images/foie_gras/149983.jpg,39,foie_gras
data/raw/food101/food-101/images/foie_gras/2727756.jpg,39,foie_gras
data/raw/food101/food-101/images/foie_gras/3381348.jpg,39,foie_gras
data/raw/food101/food-101/images/foie_gras/620714.jpg,39,foie_gras
data/raw/food101/food-101/images/foie_gras/2509624.jpg,39,foie_gras
data/raw/food101/food-101/images/foie_gras/1741825.jpg,39,foie_gras
data/raw/food101/food-101/images/foie_gras/3717069.jpg,39,foie_gras
data/raw/food101/food-101/images/foie_gras/3038413.jpg,39,foie_gras
data/raw/food101/food-101/images/foie_gras/181021.jpg,39,foie_gras
data/raw/food101/food-101/images/foie_gras/1076150.jpg,39,foie_gras
data/raw/food101/food-101/images/foie_gras/79314.jpg,39,foie_gras
data/raw/food101/food-101/images/foie_gras/3160375.jpg,39,foie_gras
data/raw/food101/food-101/images/foie_gras/1422158.jpg,39,foie_gras
data/raw/food101/food-101/images/foie_gras/2387670.jpg,39,foie_gras
data/raw/food101/food-101/images/foie_gras/1484896.jpg,39,foie_gras
data/raw/food101/food-101/images/foie_gras/2556437.jpg,39,foie_gras
data/raw/food101/food-101/images/foie_gras/2105421.jpg,39,foie_gras
data/raw/food101/food-101/images/foie_gras/1659999.jpg,39,foie_gras
data/raw/food101/food-101/images/foie_gras/3001587.jpg,39,foie_gras
data/raw/food101/food-101/images/foie_gras/1331076.jpg,39,foie_gras
data/raw/food101/food-101/images/foie_gras/625743.jpg,39,foie_gras
data/raw/food101/food-101/images/foie_gras/1928646.jpg,39,foie_gras
data/raw/food101/food-101/images/foie_gras/71445.jpg,39,foie_gras
data/raw/food101/food-101/images/foie_gras/721403.jpg,39,foie_gras
data/raw/food101/food-101/images/foie_gras/2687774.jpg,39,foie_gras
data/raw/food101/food-101/images/foie_gras/873597.jpg,39,foie_gras
data/raw/food101/food-101/images/foie_gras/3101230.jpg,39,foie_gras
data/raw/food101/food-101/images/foie_gras/2441841.jpg,39,foie_gras
data/raw/food101/food-101/images/foie_gras/1080802.jpg,39,foie_gras
data/raw/food101/food-101/images/foie_gras/943498.jpg,39,foie_gras
data/raw/food101/food-101/images/foie_gras/2255097.jpg,39,foie_gras
data/raw/food101/food-101/images/foie_gras/2619365.jpg,39,foie_gras
data/raw/food101/food-101/images/foie_gras/2955856.jpg,39,foie_gras
data/raw/food101/food-101/images/foie_gras/2859612.jpg,39,foie_gras
data/raw/food101/food-101/images/foie_gras/1161068.jpg,39,foie_gras
data/raw/food101/food-101/images/foie_gras/1728781.jpg,39,foie_gras
data/raw/food101/food-101/images/foie_gras/3160536.jpg,39,foie_gras
data/raw/food101/food-101/images/foie_gras/532735.jpg,39,foie_gras
data/raw/food101/food-101/images/foie_gras/3135584.jpg,39,foie_gras
data/raw/food101/food-101/images/foie_gras/196640.jpg,39,foie_gras
data/raw/food101/food-101/images/foie_gras/2934111.jpg,39,foie_gras
data/raw/food101/food-101/images/foie_gras/3013264.jpg,39,foie_gras
data/raw/food101/food-101/images/foie_gras/1017233.jpg,39,foie_gras
data/raw/food101/food-101/images/foie_gras/1203021.jpg,39,foie_gras
data/raw/food101/food-101/images/foie_gras/1011711.jpg,39,foie_gras
data/raw/food101/food-101/images/foie_gras/3062927.jpg,39,foie_gras
data/raw/food101/food-101/images/foie_gras/188562.jpg,39,foie_gras
data/raw/food101/food-101/images/foie_gras/2385968.jpg,39,foie_gras
data/raw/food101/food-101/images/foie_gras/1698719.jpg,39,foie_gras
data/raw/food101/food-101/images/foie_gras/1204036.jpg,39,foie_gras
data/raw/food101/food-101/images/french_fries/697986.jpg,40,french_fries
data/raw/food101/food-101/images/french_fries/457709.jpg,40,french_fries
data/raw/food101/food-101/images/french_fries/1443088.jpg,40,french_fries
data/raw/food101/food-101/images/french_fries/3069345.jpg,40,french_fries
data/raw/food101/food-101/images/french_fries/3303248.jpg,40,french_fries
data/raw/food101/food-101/images/french_fries/3049746.jpg,40,french_fries
data/raw/food101/food-101/images/french_fries/1495836.jpg,40,french_fries
data/raw/food101/food-101/images/french_fries/720462.jpg,40,french_fries
data/raw/food101/food-101/images/french_fries/530277.jpg,40,french_fries
data/raw/food101/food-101/images/french_fries/1238390.jpg,40,french_fries
data/raw/food101/food-101/images/french_fries/3319655.jpg,40,french_fries
data/raw/food101/food-101/images/french_fries/3153806.jpg,40,french_fries
data/raw/food101/food-101/images/french_fries/2182834.jpg,40,french_fries
data/raw/food101/food-101/images/french_fries/2418455.jpg,40,french_fries
data/raw/food101/food-101/images/french_fries/3450772.jpg,40,french_fries
data/raw/food101/food-101/images/french_fries/2849981.jpg,40,french_fries
data/raw/food101/food-101/images/french_fries/721344.jpg,40,french_fries
data/raw/food101/food-101/images/french_fries/3184259.jpg,40,french_fries
data/raw/food101/food-101/images/french_fries/2343991.jpg,40,french_fries
data/raw/food101/food-101/images/french_fries/2965155.jpg,40,french_fries
data/raw/food101/food-101/images/french_fries/2823936.jpg,40,french_fries
data/raw/food101/food-101/images/french_fries/765816.jpg,40,french_fries
data/raw/food101/food-101/images/french_fries/2641499.jpg,40,french_fries
data/raw/food101/food-101/images/french_fries/2214535.jpg,40,french_fries
data/raw/food101/food-101/images/french_fries/1625531.jpg,40,french_fries
data/raw/food101/food-101/images/french_fries/2539272.jpg,40,french_fries
data/raw/food101/food-101/images/french_fries/3659782.jpg,40,french_fries
data/raw/food101/food-101/images/french_fries/612646.jpg,40,french_fries
data/raw/food101/food-101/images/french_fries/1909354.jpg,40,french_fries
data/raw/food101/food-101/images/french_fries/2664896.jpg,40,french_fries
data/raw/food101/food-101/images/french_fries/587882.jpg,40,french_fries
data/raw/food101/food-101/images/french_fries/2895439.jpg,40,french_fries
data/raw/food101/food-101/images/french_fries/1523716.jpg,40,french_fries
data/raw/food101/food-101/images/french_fries/565296.jpg,40,french_fries
data/raw/food101/food-101/images/french_fries/1928660.jpg,40,french_fries
data/raw/food101/food-101/images/french_fries/258877.jpg,40,french_fries
data/raw/food101/food-101/images/french_fries/51368.jpg,40,french_fries
data/raw/food101/food-101/images/french_fries/1772806.jpg,40,french_fries
data/raw/food101/food-101/images/french_fries/1009455.jpg,40,french_fries
data/raw/food101/food-101/images/french_fries/1610240.jpg,40,french_fries
data/raw/food101/food-101/images/french_fries/3221561.jpg,40,french_fries
data/raw/food101/food-101/images/french_fries/792429.jpg,40,french_fries
data/raw/food101/food-101/images/french_fries/2762026.jpg,40,french_fries
data/raw/food101/food-101/images/french_fries/3262272.jpg,40,french_fries
data/raw/food101/food-101/images/french_fries/2603436.jpg,40,french_fries
data/raw/food101/food-101/images/french_fries/223676.jpg,40,french_fries
data/raw/food101/food-101/images/french_fries/3289454.jpg,40,french_fries
data/raw/food101/food-101/images/french_fries/2730558.jpg,40,french_fries
data/raw/food101/food-101/images/french_fries/2821467.jpg,40,french_fries
data/raw/food101/food-101/images/french_fries/3709611.jpg,40,french_fries
data/raw/food101/food-101/images/french_fries/3566836.jpg,40,french_fries
data/raw/food101/food-101/images/french_fries/578368.jpg,40,french_fries
data/raw/food101/food-101/images/french_fries/2622969.jpg,40,french_fries
data/raw/food101/food-101/images/french_fries/3484006.jpg,40,french_fries
data/raw/food101/food-101/images/french_fries/2984592.jpg,40,french_fries
data/raw/food101/food-101/images/french_fries/1595244.jpg,40,french_fries
data/raw/food101/food-101/images/french_fries/1888134.jpg,40,french_fries
data/raw/food101/food-101/images/french_fries/3673822.jpg,40,french_fries
data/raw/food101/food-101/images/french_fries/2991239.jpg,40,french_fries
data/raw/food101/food-101/images/french_fries/251128.jpg,40,french_fries
data/raw/food101/food-101/images/french_fries/1020588.jpg,40,french_fries
data/raw/food101/food-101/images/french_fries/3894916.jpg,40,french_fries
data/raw/food101/food-101/images/french_fries/292607.jpg,40,french_fries
data/raw/food101/food-101/images/french_fries/211973.jpg,40,french_fries
data/raw/food101/food-101/images/french_fries/3871541.jpg,40,french_fries
data/raw/food101/food-101/images/french_fries/2275484.jpg,40,french_fries
data/raw/food101/food-101/images/french_fries/3447608.jpg,40,french_fries
data/raw/food101/food-101/images/french_fries/3069835.jpg,40,french_fries
data/raw/food101/food-101/images/french_fries/1035421.jpg,40,french_fries
data/raw/food101/food-101/images/french_fries/2956615.jpg,40,french_fries
data/raw/food101/food-101/images/french_onion_soup/3784677.jpg,41,french_onion_soup
data/raw/food101/food-101/images/french_onion_soup/613152.jpg,41,french_onion_soup
data/raw/food101/food-101/images/french_onion_soup/1827203.jpg,41,french_onion_soup
data/raw/food101/food-101/images/french_onion_soup/2759108.jpg,41,french_onion_soup
data/raw/food101/food-101/images/french_onion_soup/1979263.jpg,41,french_onion_soup
data/raw/food101/food-101/images/french_onion_soup/223574.jpg,41,french_onion_soup
data/raw/food101/food-101/images/french_onion_soup/3211958.jpg,41,french_onion_soup
data/raw/food101/food-101/images/french_onion_soup/3581318.jpg,41,french_onion_soup
data/raw/food101/food-101/images/french_onion_soup/2435245.jpg,41,french_onion_soup
data/raw/food101/food-101/images/french_onion_soup/999118.jpg,41,french_onion_soup
data/raw/food101/food-101/images/french_onion_soup/3562244.jpg,41,french_onion_soup
data/raw/food101/food-101/images/french_onion_soup/1513227.jpg,41,french_onion_soup
data/raw/food101/food-101/images/french_onion_soup/180761.jpg,41,french_onion_soup
data/raw/food101/food-101/images/french_onion_soup/2478267.jpg,41,french_onion_soup
data/raw/food101/food-101/images/french_onion_soup/3873112.jpg,41,french_onion_soup
data/raw/food101/food-101/images/french_onion_soup/1171424.jpg,41,french_onion_soup
data/raw/food101/food-101/images/french_onion_soup/1809251.jpg,41,french_onion_soup
data/raw/food101/food-101/images/french_onion_soup/3646916.jpg,41,french_onion_soup
data/raw/food101/food-101/images/french_onion_soup/453932.jpg,41,french_onion_soup
data/raw/food101/food-101/images/french_onion_soup/2658262.jpg,41,french_onion_soup
data/raw/food101/food-101/images/french_onion_soup/815150.jpg,41,french_onion_soup
data/raw/food101/food-101/images/french_onion_soup/2357600.jpg,41,french_onion_soup
data/raw/food101/food-101/images/french_onion_soup/337831.jpg,41,french_onion_soup
data/raw/food101/food-101/images/french_onion_soup/1825357.jpg,41,french_onion_soup
data/raw/food101/food-101/images/french_onion_soup/2860448.jpg,41,french_onion_soup
data/raw/food101/food-101/images/french_onion_soup/439931.jpg,41,french_onion_soup
data/raw/food101/food-101/images/french_onion_soup/398140.jpg,41,french_onion_soup
data/raw/food101/food-101/images/french_onion_soup/3488762.jpg,41,french_onion_soup
data/raw/food101/food-101/images/french_onion_soup/1177337.jpg,41,french_onion_soup
data/raw/food101/food-101/images/french_onion_soup/1175530.jpg,41,french_onion_soup
data/raw/food101/food-101/images/french_onion_soup/639473.jpg,41,french_onion_soup
data/raw/food101/food-101/images/french_onion_soup/2255059.jpg,41,french_onion_soup
data/raw/food101/food-101/images/french_onion_soup/1093027.jpg,41,french_onion_soup
data/raw/food101/food-101/images/french_onion_soup/1275784.jpg,41,french_onion_soup
data/raw/food101/food-101/images/french_onion_soup/531285.jpg,41,french_onion_soup
data/raw/food101/food-101/images/french_onion_soup/1824967.jpg,41,french_onion_soup
data/raw/food101/food-101/images/french_onion_soup/247963.jpg,41,french_onion_soup
data/raw/food101/food-101/images/french_onion_soup/2983663.jpg,41,french_onion_soup
data/raw/food101/food-101/images/french_onion_soup/3130170.jpg,41,french_onion_soup
data/raw/food101/food-101/images/french_onion_soup/2411797.jpg,41,french_onion_soup
data/raw/food101/food-101/images/french_onion_soup/1376333.jpg,41,french_onion_soup
data/raw/food101/food-101/images/french_onion_soup/1351113.jpg,41,french_onion_soup
data/raw/food101/food-101/images/french_onion_soup/373134.jpg,41,french_onion_soup
data/raw/food101/food-101/images/french_onion_soup/2981031.jpg,41,french_onion_soup
data/raw/food101/food-101/images/french_onion_soup/1959316.jpg,41,french_onion_soup
data/raw/food101/food-101/images/french_onion_soup/2124812.jpg,41,french_onion_soup
data/raw/food101/food-101/images/french_onion_soup/829882.jpg,41,french_onion_soup
data/raw/food101/food-101/images/french_onion_soup/3018203.jpg,41,french_onion_soup
data/raw/food101/food-101/images/french_onion_soup/454841.jpg,41,french_onion_soup
data/raw/food101/food-101/images/french_onion_soup/312270.jpg,41,french_onion_soup
data/raw/food101/food-101/images/french_onion_soup/423487.jpg,41,french_onion_soup
data/raw/food101/food-101/images/french_onion_soup/386167.jpg,41,french_onion_soup
data/raw/food101/food-101/images/french_onion_soup/1544919.jpg,41,french_onion_soup
data/raw/food101/food-101/images/french_onion_soup/3808030.jpg,41,french_onion_soup
data/raw/food101/food-101/images/french_onion_soup/3450899.jpg,41,french_onion_soup
data/raw/food101/food-101/images/french_onion_soup/352134.jpg,41,french_onion_soup
data/raw/food101/food-101/images/french_onion_soup/3190219.jpg,41,french_onion_soup
data/raw/food101/food-101/images/french_onion_soup/3104224.jpg,41,french_onion_soup
data/raw/food101/food-101/images/french_onion_soup/2824972.jpg,41,french_onion_soup
data/raw/food101/food-101/images/french_onion_soup/1008414.jpg,41,french_onion_soup
data/raw/food101/food-101/images/french_onion_soup/1669910.jpg,41,french_onion_soup
data/raw/food101/food-101/images/french_onion_soup/2837880.jpg,41,french_onion_soup
data/raw/food101/food-101/images/french_onion_soup/2843025.jpg,41,french_onion_soup
data/raw/food101/food-101/images/french_onion_soup/1256774.jpg,41,french_onion_soup
data/raw/food101/food-101/images/french_onion_soup/3719143.jpg,41,french_onion_soup
data/raw/food101/food-101/images/french_onion_soup/5034.jpg,41,french_onion_soup
data/raw/food101/food-101/images/french_onion_soup/238929.jpg,41,french_onion_soup
data/raw/food101/food-101/images/french_onion_soup/473785.jpg,41,french_onion_soup
data/raw/food101/food-101/images/french_onion_soup/1386608.jpg,41,french_onion_soup
data/raw/food101/food-101/images/french_onion_soup/3057337.jpg,41,french_onion_soup
data/raw/food101/food-101/images/french_toast/263259.jpg,42,french_toast
data/raw/food101/food-101/images/french_toast/503792.jpg,42,french_toast
data/raw/food101/food-101/images/french_toast/3478498.jpg,42,french_toast
data/raw/food101/food-101/images/french_toast/941896.jpg,42,french_toast
data/raw/food101/food-101/images/french_toast/2788657.jpg,42,french_toast
data/raw/food101/food-101/images/french_toast/3494458.jpg,42,french_toast
data/raw/food101/food-101/images/french_toast/1794821.jpg,42,french_toast
data/raw/food101/food-101/images/french_toast/780781.jpg,42,french_toast
data/raw/food101/food-101/images/french_toast/94737.jpg,42,french_toast
data/raw/food101/food-101/images/french_toast/2566726.jpg,42,french_toast
data/raw/food101/food-101/images/french_toast/3826466.jpg,42,french_toast
data/raw/food101/food-101/images/french_toast/324390.jpg,42,french_toast
data/raw/food101/food-101/images/french_toast/244178.jpg,42,french_toast
data/raw/food101/food-101/images/french_toast/2769793.jpg,42,french_toast
data/raw/food101/food-101/images/french_toast/2129433.jpg,42,french_toast
data/raw/food101/food-101/images/french_toast/2749789.jpg,42,french_toast
data/raw/food101/food-101/images/french_toast/1349772.jpg,42,french_toast
data/raw/food101/food-101/images/french_toast/818831.jpg,42,french_toast
data/raw/food101/food-101/images/french_toast/2131135.jpg,42,french_toast
data/raw/food101/food-101/images/french_toast/3189030.jpg,42,french_toast
data/raw/food101/food-101/images/french_toast/2734798.jpg,42,french_toast
data/raw/food101/food-101/images/french_toast/3677527.jpg,42,french_toast
data/raw/food101/food-101/images/french_toast/2736055.jpg,42,french_toast
data/raw/food101/food-101/images/french_toast/3795815.jpg,42,french_toast
data/raw/food101/food-101/images/french_toast/1385151.jpg,42,french_toast
data/raw/food101/food-101/images/french_toast/2047798.jpg,42,french_toast
data/raw/food101/food-101/images/french_toast/1382841.jpg,42,french_toast
data/raw/food101/food-101/images/french_toast/247307.jpg,42,french_toast
data/raw/food101/food-101/images/french_toast/658777.jpg,42,french_toast
data/raw/food101/food-101/images/french_toast/2630685.jpg,42,french_toast
data/raw/food101/food-101/images/french_toast/2217654.jpg,42,french_toast
data/raw/food101/food-101/images/french_toast/3441074.jpg,42,french_toast
data/raw/food101/food-101/images/french_toast/3386616.jpg,42,french_toast
data/raw/food101/food-101/images/french_toast/2752740.jpg,42,french_toast
data/raw/food101/food-101/images/french_toast/1006538.jpg,42,french_toast
data/raw/food101/food-101/images/french_toast/2867929.jpg,42,french_toast
data/raw/food101/food-101/images/french_toast/722970.jpg,42,french_toast
data/raw/food101/food-101/images/french_toast/526804.jpg,42,french_toast
data/raw/food101/food-101/images/french_toast/256046.jpg,42,french_toast
data/raw/food101/food-101/images/french_toast/458528.jpg,42,french_toast
data/raw/food101/food-101/images/french_toast/3020879.jpg,42,french_toast
data/raw/food101/food-101/images/french_toast/2304677.jpg,42,french_toast
data/raw/food101/food-101/images/french_toast/161308.jpg,42,french_toast
data/raw/food101/food-101/images/french_toast/1438879.jpg,42,french_toast
data/raw/food101/food-101/images/french_toast/767856.jpg,42,french_toast
data/raw/food101/food-101/images/french_toast/428194.jpg,42,french_toast
data/raw/food101/food-101/images/french_toast/2211742.jpg,42,french_toast
data/raw/food101/food-101/images/french_toast/1222426.jpg,42,french_toast
data/raw/food101/food-101/images/french_toast/1784419.jpg,42,french_toast
data/raw/food101/food-101/images/french_toast/2454900.jpg,42,french_toast
data/raw/food101/food-101/images/french_toast/1940434.jpg,42,french_toast
data/raw/food101/food-101/images/french_toast/2503536.jpg,42,french_toast
data/raw/food101/food-101/images/french_toast/223281.jpg,42,french_toast
data/raw/food101/food-101/images/french_toast/2304788.jpg,42,french_toast
data/raw/food101/food-101/images/french_toast/6612.jpg,42,french_toast
data/raw/food101/food-101/images/french_toast/2349257.jpg,42,french_toast
data/raw/food101/food-101/images/french_toast/482710.jpg,42,french_toast
data/raw/food101/food-101/images/french_toast/3413477.jpg,42,french_toast
data/raw/food101/food-101/images/french_toast/978760.jpg,42,french_toast
data/raw/food101/food-101/images/french_toast/2717095.jpg,42,french_toast
data/raw/food101/food-101/images/french_toast/825029.jpg,42,french_toast
data/raw/food101/food-101/images/french_toast/915992.jpg,42,french_toast
data/raw/food101/food-101/images/french_toast/1967434.jpg,42,french_toast
data/raw/food101/food-101/images/french_toast/1242545.jpg,42,french_toast
data/raw/food101/food-101/images/french_toast/1241904.jpg,42,french_toast
data/raw/food101/food-101/images/french_toast/3345230.jpg,42,french_toast
data/raw/food101/food-101/images/french_toast/1653196.jpg,42,french_toast
data/raw/food101/food-101/images/french_toast/55587.jpg,42,french_toast
data/raw/food101/food-101/images/french_toast/1043120.jpg,42,french_toast
data/raw/food101/food-101/images/french_toast/365401.jpg,42,french_toast
data/raw/food101/food-101/images/fried_calamari/1308107.jpg,43,fried_calamari
data/raw/food101/food-101/images/fried_calamari/2251859.jpg,43,fried_calamari
data/raw/food101/food-101/images/fried_calamari/2511165.jpg,43,fried_calamari
data/raw/food101/food-101/images/fried_calamari/1469775.jpg,43,fried_calamari
data/raw/food101/food-101/images/fried_calamari/584144.jpg,43,fried_calamari
data/raw/food101/food-101/images/fried_calamari/3611360.jpg,43,fried_calamari
data/raw/food101/food-101/images/fried_calamari/2556459.jpg,43,fried_calamari
data/raw/food101/food-101/images/fried_calamari/2722042.jpg,43,fried_calamari
data/raw/food101/food-101/images/fried_calamari/1050532.jpg,43,fried_calamari
data/raw/food101/food-101/images/fried_calamari/1819680.jpg,43,fried_calamari
data/raw/food101/food-101/images/fried_calamari/1724289.jpg,43,fried_calamari
data/raw/food101/food-101/images/fried_calamari/1846691.jpg,43,fried_calamari
data/raw/food101/food-101/images/fried_calamari/3921697.jpg,43,fried_calamari
data/raw/food101/food-101/images/fried_calamari/3460792.jpg,43,fried_calamari
data/raw/food101/food-101/images/fried_calamari/1362244.jpg,43,fried_calamari
data/raw/food101/food-101/images/fried_calamari/936594.jpg,43,fried_calamari
data/raw/food101/food-101/images/fried_calamari/3587519.jpg,43,fried_calamari
data/raw/food101/food-101/images/fried_calamari/1584536.jpg,43,fried_calamari
data/raw/food101/food-101/images/fried_calamari/2221879.jpg,43,fried_calamari
data/raw/food101/food-101/images/fried_calamari/341679.jpg,43,fried_calamari
data/raw/food101/food-101/images/fried_calamari/189571.jpg,43,fried_calamari
data/raw/food101/food-101/images/fried_calamari/282442.jpg,43,fried_calamari
data/raw/food101/food-101/images/fried_calamari/673423.jpg,43,fried_calamari
data/raw/food101/food-101/images/fried_calamari/3742571.jpg,43,fried_calamari
data/raw/food101/food-101/images/fried_calamari/369190.jpg,43,fried_calamari
data/raw/food101/food-101/images/fried_calamari/1851132.jpg,43,fried_calamari
data/raw/food101/food-101/images/fried_calamari/2796459.jpg,43,fried_calamari
data/raw/food101/food-101/images/fried_calamari/1432555.jpg,43,fried_calamari
data/raw/food101/food-101/images/fried_calamari/3492073.jpg,43,fried_calamari
data/raw/food101/food-101/images/fried_calamari/188161.jpg,43,fried_calamari
data/raw/food101/food-101/images/fried_calamari/143049.jpg,43,fried_calamari
data/raw/food101/food-101/images/fried_calamari/255111.jpg,43,fried_calamari
data/raw/food101/food-101/images/fried_calamari/653295.jpg,43,fried_calamari
data/raw/food101/food-101/images/fried_calamari/1913519.jpg,43,fried_calamari
data/raw/food101/food-101/images/fried_calamari/2436058.jpg,43,fried_calamari
data/raw/food101/food-101/images/fried_calamari/1045197.jpg,43,fried_calamari
data/raw/food101/food-101/images/fried_calamari/2769056.jpg,43,fried_calamari
data/raw/food101/food-101/images/fried_calamari/3391450.jpg,43,fried_calamari
data/raw/food101/food-101/images/fried_calamari/3632490.jpg,43,fried_calamari
data/raw/food101/food-101/images/fried_calamari/2875639.jpg,43,fried_calamari
data/raw/food101/food-101/images/fried_calamari/2344068.jpg,43,fried_calamari
data/raw/food101/food-101/images/fried_calamari/1555092.jpg,43,fried_calamari
data/raw/food101/food-101/images/fried_calamari/3157181.jpg,43,fried_calamari
data/raw/food101/food-101/images/fried_calamari/1168041.jpg,43,fried_calamari
data/raw/food101/food-101/images/fried_calamari/1197101.jpg,43,fried_calamari
data/raw/food101/food-101/images/fried_calamari/3272071.jpg,43,fried_calamari
data/raw/food101/food-101/images/fried_calamari/2796106.jpg,43,fried_calamari
data/raw/food101/food-101/images/fried_calamari/1897736.jpg,43,fried_calamari
data/raw/food101/food-101/images/fried_calamari/730179.jpg,43,fried_calamari
data/raw/food101/food-101/images/fried_calamari/2763009.jpg,43,fried_calamari
data/raw/food101/food-101/images/fried_calamari/2418217.jpg,43,fried_calamari
data/raw/food101/food-101/images/fried_calamari/3659021.jpg,43,fried_calamari
data/raw/food101/food-101/images/fried_calamari/2425687.jpg,43,fried_calamari
data/raw/food101/food-101/images/fried_calamari/2532049.jpg,43,fried_calamari
data/raw/food101/food-101/images/fried_calamari/2126854.jpg,43,fried_calamari
data/raw/food101/food-101/images/fried_calamari/2279199.jpg,43,fried_calamari
data/raw/food101/food-101/images/fried_calamari/3671602.jpg,43,fried_calamari
data/raw/food101/food-101/images/fried_calamari/1725086.jpg,43,fried_calamari
data/raw/food101/food-101/images/fried_calamari/1499526.jpg,43,fried_calamari
data/raw/food101/food-101/images/fried_calamari/2069579.jpg,43,fried_calamari
data/raw/food101/food-101/images/fried_calamari/1802097.jpg,43,fried_calamari
data/raw/food101/food-101/images/fried_calamari/709562.jpg,43,fried_calamari
data/raw/food101/food-101/images/fried_calamari/2289813.jpg,43,fried_calamari
data/raw/food101/food-101/images/fried_calamari/888527.jpg,43,fried_calamari
data/raw/food101/food-101/images/fried_calamari/220250.jpg,43,fried_calamari
data/raw/food101/food-101/images/fried_calamari/1154327.jpg,43,fried_calamari
data/raw/food101/food-101/images/fried_calamari/2351114.jpg,43,fried_calamari
data/raw/food101/food-101/images/fried_calamari/1021250.jpg,43,fried_calamari
data/raw/food101/food-101/images/fried_calamari/353714.jpg,43,fried_calamari
data/raw/food101/food-101/images/fried_calamari/1160361.jpg,43,fried_calamari
data/raw/food101/food-101/images/fried_rice/3691049.jpg,44,fried_rice
data/raw/food101/food-101/images/fried_rice/3661293.jpg,44,fried_rice
data/raw/food101/food-101/images/fried_rice/2197875.jpg,44,fried_rice
data/raw/food101/food-101/images/fried_rice/3402627.jpg,44,fried_rice
data/raw/food101/food-101/images/fried_rice/2022629.jpg,44,fried_rice
data/raw/food101/food-101/images/fried_rice/341581.jpg,44,fried_rice
data/raw/food101/food-101/images/fried_rice/3265796.jpg,44,fried_rice
data/raw/food101/food-101/images/fried_rice/2136311.jpg,44,fried_rice
data/raw/food101/food-101/images/fried_rice/2686657.jpg,44,fried_rice
data/raw/food101/food-101/images/fried_rice/1727509.jpg,44,fried_rice
data/raw/food101/food-101/images/fried_rice/1684110.jpg,44,fried_rice
data/raw/food101/food-101/images/fried_rice/2201308.jpg,44,fried_rice
data/raw/food101/food-101/images/fried_rice/1087868.jpg,44,fried_rice
data/raw/food101/food-101/images/fried_rice/1145519.jpg,44,fried_rice
data/raw/food101/food-101/images/fried_rice/2562929.jpg,44,fried_rice
data/raw/food101/food-101/images/fried_rice/554919.jpg,44,fried_rice
data/raw/food101/food-101/images/fried_rice/820016.jpg,44,fried_rice
data/raw/food101/food-101/images/fried_rice/3913165.jpg,44,fried_rice
data/raw/food101/food-101/images/fried_rice/2595725.jpg,44,fried_rice
data/raw/food101/food-101/images/fried_rice/1273265.jpg,44,fried_rice
data/raw/food101/food-101/images/fried_rice/2513549.jpg,44,fried_rice
data/raw/food101/food-101/images/fried_rice/2318938.jpg,44,fried_rice
data/raw/food101/food-101/images/fried_rice/3073432.jpg,44,fried_rice
data/raw/food101/food-101/images/fried_rice/931628.jpg,44,fried_rice
data/raw/food101/food-101/images/fried_rice/2867385.jpg,44,fried_rice
data/raw/food101/food-101/images/fried_rice/1800752.jpg,44,fried_rice
data/raw/food101/food-101/images/fried_rice/1311992.jpg,44,fried_rice
data/raw/food101/food-101/images/fried_rice/2726286.jpg,44,fried_rice
data/raw/food101/food-101/images/fried_rice/1769710.jpg,44,fried_rice
data/raw/food101/food-101/images/fried_rice/650486.jpg,44,fried_rice
data/raw/food101/food-101/images/fried_rice/199719.jpg,44,fried_rice
data/raw/food101/food-101/images/fried_rice/478300.jpg,44,fried_rice
data/raw/food101/food-101/images/fried_rice/1250145.jpg,44,fried_rice
data/raw/food101/food-101/images/fried_rice/2591995.jpg,44,fried_rice
data/raw/food101/food-101/images/fried_rice/1078011.jpg,44,fried_rice
data/raw/food101/food-101/images/fried_rice/1308693.jpg,44,fried_rice
data/raw/food101/food-101/images/fried_rice/3366633.jpg,44,fried_rice
data/raw/food101/food-101/images/fried_rice/3505531.jpg,44,fried_rice
data/raw/food101/food-101/images/fried_rice/3619973.jpg,44,fried_rice
data/raw/food101/food-101/images/fried_rice/3859406.jpg,44,fried_rice
data/raw/food101/food-101/images/fried_rice/2984337.jpg,44,fried_rice
data/raw/food101/food-101/images/fried_rice/63081.jpg,44,fried_rice
data/raw/food101/food-101/images/fried_rice/135434.jpg,44,fried_rice
data/raw/food101/food-101/images/fried_rice/1327608.jpg,44,fried_rice
data/raw/food101/food-101/images/fried_rice/2900064.jpg,44,fried_rice
data/raw/food101/food-101/images/fried_rice/178055.jpg,44,fried_rice
data/raw/food101/food-101/images/fried_rice/2078562.jpg,44,fried_rice
data/raw/food101/food-101/images/fried_rice/201524.jpg,44,fried_rice
data/raw/food101/food-101/images/fried_rice/3714519.jpg,44,fried_rice
data/raw/food101/food-101/images/fried_rice/3131483.jpg,44,fried_rice
data/raw/food101/food-101/images/fried_rice/803954.jpg,44,fried_rice
data/raw/food101/food-101/images/fried_rice/2548475.jpg,44,fried_rice
data/raw/food101/food-101/images/fried_rice/1019981.jpg,44,fried_rice
data/raw/food101/food-101/images/fried_rice/3902013.jpg,44,fried_rice
data/raw/food101/food-101/images/fried_rice/443678.jpg,44,fried_rice
data/raw/food101/food-101/images/fried_rice/61692.jpg,44,fried_rice
data/raw/food101/food-101/images/fried_rice/76256.jpg,44,fried_rice
data/raw/food101/food-101/images/fried_rice/1874287.jpg,44,fried_rice
data/raw/food101/food-101/images/fried_rice/1500998.jpg,44,fried_rice
data/raw/food101/food-101/images/fried_rice/3150031.jpg,44,fried_rice
data/raw/food101/food-101/images/fried_rice/1023430.jpg,44,fried_rice
data/raw/food101/food-101/images/fried_rice/3321202.jpg,44,fried_rice
data/raw/food101/food-101/images/fried_rice/273572.jpg,44,fried_rice
data/raw/food101/food-101/images/fried_rice/3867293.jpg,44,fried_rice
data/raw/food101/food-101/images/fried_rice/269815.jpg,44,fried_rice
data/raw/food101/food-101/images/fried_rice/2741242.jpg,44,fried_rice
data/raw/food101/food-101/images/fried_rice/2228256.jpg,44,fried_rice
data/raw/food101/food-101/images/fried_rice/720685.jpg,44,fried_rice
data/raw/food101/food-101/images/fried_rice/2735077.jpg,44,fried_rice
data/raw/food101/food-101/images/fried_rice/3840604.jpg,44,fried_rice
data/raw/food101/food-101/images/frozen_yogurt/537934.jpg,45,frozen_yogurt
data/raw/food101/food-101/images/frozen_yogurt/381106.jpg,45,frozen_yogurt
data/raw/food101/food-101/images/frozen_yogurt/3254448.jpg,45,frozen_yogurt
data/raw/food101/food-101/images/frozen_yogurt/2583663.jpg,45,frozen_yogurt
data/raw/food101/food-101/images/frozen_yogurt/615371.jpg,45,frozen_yogurt
data/raw/food101/food-101/images/frozen_yogurt/1110298.jpg,45,frozen_yogurt
data/raw/food101/food-101/images/frozen_yogurt/125244.jpg,45,frozen_yogurt
data/raw/food101/food-101/images/frozen_yogurt/3012985.jpg,45,frozen_yogurt
data/raw/food101/food-101/images/frozen_yogurt/3210541.jpg,45,frozen_yogurt
data/raw/food101/food-101/images/frozen_yogurt/792716.jpg,45,frozen_yogurt
data/raw/food101/food-101/images/frozen_yogurt/916678.jpg,45,frozen_yogurt
data/raw/food101/food-101/images/frozen_yogurt/2313828.jpg,45,frozen_yogurt
data/raw/food101/food-101/images/frozen_yogurt/275921.jpg,45,frozen_yogurt
data/raw/food101/food-101/images/frozen_yogurt/2495072.jpg,45,frozen_yogurt
data/raw/food101/food-101/images/frozen_yogurt/1975229.jpg,45,frozen_yogurt
data/raw/food101/food-101/images/frozen_yogurt/2797998.jpg,45,frozen_yogurt
data/raw/food101/food-101/images/frozen_yogurt/2018838.jpg,45,frozen_yogurt
data/raw/food101/food-101/images/frozen_yogurt/1224513.jpg,45,frozen_yogurt
data/raw/food101/food-101/images/frozen_yogurt/1150645.jpg,45,frozen_yogurt
data/raw/food101/food-101/images/frozen_yogurt/1581710.jpg,45,frozen_yogurt
data/raw/food101/food-101/images/frozen_yogurt/3577020.jpg,45,frozen_yogurt
data/raw/food101/food-101/images/frozen_yogurt/2189942.jpg,45,frozen_yogurt
data/raw/food101/food-101/images/frozen_yogurt/3770563.jpg,45,frozen_yogurt
data/raw/food101/food-101/images/frozen_yogurt/604157.jpg,45,frozen_yogurt
data/raw/food101/food-101/images/frozen_yogurt/2133812.jpg,45,frozen_yogurt
data/raw/food101/food-101/images/frozen_yogurt/1953293.jpg,45,frozen_yogurt
data/raw/food101/food-101/images/frozen_yogurt/2023384.jpg,45,frozen_yogurt
data/raw/food101/food-101/images/frozen_yogurt/2559750.jpg,45,frozen_yogurt
data/raw/food101/food-101/images/frozen_yogurt/1560125.jpg,45,frozen_yogurt
data/raw/food101/food-101/images/frozen_yogurt/3360294.jpg,45,frozen_yogurt
data/raw/food101/food-101/images/frozen_yogurt/482609.jpg,45,frozen_yogurt
data/raw/food101/food-101/images/frozen_yogurt/2259570.jpg,45,frozen_yogurt
data/raw/food101/food-101/images/frozen_yogurt/3789179.jpg,45,frozen_yogurt
data/raw/food101/food-101/images/frozen_yogurt/50867.jpg,45,frozen_yogurt
data/raw/food101/food-101/images/frozen_yogurt/3594458.jpg,45,frozen_yogurt
data/raw/food101/food-101/images/frozen_yogurt/2306006.jpg,45,frozen_yogurt
data/raw/food101/food-101/images/frozen_yogurt/685882.jpg,45,frozen_yogurt
data/raw/food101/food-101/images/frozen_yogurt/3771594.jpg,45,frozen_yogurt
data/raw/food101/food-101/images/frozen_yogurt/717660.jpg,45,frozen_yogurt
data/raw/food101/food-101/images/frozen_yogurt/1993432.jpg,45,frozen_yogurt
data/raw/food101/food-101/images/frozen_yogurt/1961688.jpg,45,frozen_yogurt
data/raw/food101/food-101/images/frozen_yogurt/2410368.jpg,45,frozen_yogurt
data/raw/food101/food-101/images/frozen_yogurt/1300686.jpg,45,frozen_yogurt
data/raw/food101/food-101/images/frozen_yogurt/2301283.jpg,45,frozen_yogurt
data/raw/food101/food-101/images/frozen_yogurt/3719583.jpg,45,frozen_yogurt
data/raw/food101/food-101/images/frozen_yogurt/1082144.jpg,45,frozen_yogurt
data/raw/food101/food-101/images/frozen_yogurt/2427179.jpg,45,frozen_yogurt
data/raw/food101/food-101/images/frozen_yogurt/621596.jpg,45,frozen_yogurt
data/raw/food101/food-101/images/frozen_yogurt/34903.jpg,45,frozen_yogurt
data/raw/food101/food-101/images/frozen_yogurt/1511699.jpg,45,frozen_yogurt
data/raw/food101/food-101/images/frozen_yogurt/82959.jpg,45,frozen_yogurt
data/raw/food101/food-101/images/frozen_yogurt/2165388.jpg,45,frozen_yogurt
data/raw/food101/food-101/images/frozen_yogurt/2055830.jpg,45,frozen_yogurt
data/raw/food101/food-101/images/frozen_yogurt/593049.jpg,45,frozen_yogurt
data/raw/food101/food-101/images/frozen_yogurt/425743.jpg,45,frozen_yogurt
data/raw/food101/food-101/images/frozen_yogurt/310423.jpg,45,frozen_yogurt
data/raw/food101/food-101/images/frozen_yogurt/1140392.jpg,45,frozen_yogurt
data/raw/food101/food-101/images/frozen_yogurt/755234.jpg,45,frozen_yogurt
data/raw/food101/food-101/images/frozen_yogurt/771152.jpg,45,frozen_yogurt
data/raw/food101/food-101/images/frozen_yogurt/1620322.jpg,45,frozen_yogurt
data/raw/food101/food-101/images/frozen_yogurt/2018678.jpg,45,frozen_yogurt
data/raw/food101/food-101/images/frozen_yogurt/2431888.jpg,45,frozen_yogurt
data/raw/food101/food-101/images/frozen_yogurt/1362105.jpg,45,frozen_yogurt
data/raw/food101/food-101/images/frozen_yogurt/3191679.jpg,45,frozen_yogurt
data/raw/food101/food-101/images/frozen_yogurt/2341941.jpg,45,frozen_yogurt
data/raw/food101/food-101/images/frozen_yogurt/1564083.jpg,45,frozen_yogurt
data/raw/food101/food-101/images/frozen_yogurt/3729748.jpg,45,frozen_yogurt
data/raw/food101/food-101/images/frozen_yogurt/3084674.jpg,45,frozen_yogurt
data/raw/food101/food-101/images/frozen_yogurt/451723.jpg,45,frozen_yogurt
data/raw/food101/food-101/images/frozen_yogurt/2936311.jpg,45,frozen_yogurt
data/raw/food101/food-101/images/garlic_bread/1799852.jpg,46,garlic_bread
data/raw/food101/food-101/images/garlic_bread/710210.jpg,46,garlic_bread
data/raw/food101/food-101/images/garlic_bread/3691786.jpg,46,garlic_bread
data/raw/food101/food-101/images/garlic_bread/3133308.jpg,46,garlic_bread
data/raw/food101/food-101/images/garlic_bread/2231631.jpg,46,garlic_bread
data/raw/food101/food-101/images/garlic_bread/913335.jpg,46,garlic_bread
data/raw/food101/food-101/images/garlic_bread/2932634.jpg,46,garlic_bread
data/raw/food101/food-101/images/garlic_bread/3206347.jpg,46,garlic_bread
data/raw/food101/food-101/images/garlic_bread/1594543.jpg,46,garlic_bread
data/raw/food101/food-101/images/garlic_bread/2981508.jpg,46,garlic_bread
data/raw/food101/food-101/images/garlic_bread/697749.jpg,46,garlic_bread
data/raw/food101/food-101/images/garlic_bread/1221417.jpg,46,garlic_bread
data/raw/food101/food-101/images/garlic_bread/2438188.jpg,46,garlic_bread
data/raw/food101/food-101/images/garlic_bread/3286061.jpg,46,garlic_bread
data/raw/food101/food-101/images/garlic_bread/2957596.jpg,46,garlic_bread
data/raw/food101/food-101/images/garlic_bread/209608.jpg,46,garlic_bread
data/raw/food101/food-101/images/garlic_bread/882438.jpg,46,garlic_bread
data/raw/food101/food-101/images/garlic_bread/2079878.jpg,46,garlic_bread
data/raw/food101/food-101/images/garlic_bread/1866450.jpg,46,garlic_bread
data/raw/food101/food-101/images/garlic_bread/960820.jpg,46,garlic_bread
data/raw/food101/food-101/images/garlic_bread/2619259.jpg,46,garlic_bread
data/raw/food101/food-101/images/garlic_bread/2598673.jpg,46,garlic_bread
data/raw/food101/food-101/images/garlic_bread/2552787.jpg,46,garlic_bread
data/raw/food101/food-101/images/garlic_bread/3600544.jpg,46,garlic_bread
data/raw/food101/food-101/images/garlic_bread/2203698.jpg,46,garlic_bread
data/raw/food101/food-101/images/garlic_bread/3469762.jpg,46,garlic_bread
data/raw/food101/food-101/images/garlic_bread/3075912.jpg,46,garlic_bread
data/raw/food101/food-101/images/garlic_bread/3216371.jpg,46,garlic_bread
data/raw/food101/food-101/images/garlic_bread/1899126.jpg,46,garlic_bread
data/raw/food101/food-101/images/garlic_bread/3037636.jpg,46,garlic_bread
data/raw/food101/food-101/images/garlic_bread/3396235.jpg,46,garlic_bread
data/raw/food101/food-101/images/garlic_bread/3303610.jpg,46,garlic_bread
data/raw/food101/food-101/images/garlic_bread/3382091.jpg,46,garlic_bread
data/raw/food101/food-101/images/garlic_bread/367777.jpg,46,garlic_bread
data/raw/food101/food-101/images/garlic_bread/1064313.jpg,46,garlic_bread
data/raw/food101/food-101/images/garlic_bread/1113682.jpg,46,garlic_bread
data/raw/food101/food-101/images/garlic_bread/3702917.jpg,46,garlic_bread
data/raw/food101/food-101/images/garlic_bread/1571434.jpg,46,garlic_bread
data/raw/food101/food-101/images/garlic_bread/168786.jpg,46,garlic_bread
data/raw/food101/food-101/images/garlic_bread/1872402.jpg,46,garlic_bread
data/raw/food101/food-101/images/garlic_bread/3612349.jpg,46,garlic_bread
data/raw/food101/food-101/images/garlic_bread/1166279.jpg,46,garlic_bread
data/raw/food101/food-101/images/garlic_bread/550841.jpg,46,garlic_bread
data/raw/food101/food-101/images/garlic_bread/1844397.jpg,46,garlic_bread
data/raw/food101/food-101/images/garlic_bread/1790120.jpg,46,garlic_bread
data/raw/food101/food-101/images/garlic_bread/338898.jpg,46,garlic_bread
data/raw/food101/food-101/images/garlic_bread/2451520.jpg,46,garlic_bread
data/raw/food101/food-101/images/garlic_bread/1905281.jpg,46,garlic_bread
data/raw/food101/food-101/images/garlic_bread/2168330.jpg,46,garlic_bread
data/raw/food101/food-101/images/garlic_bread/1071844.jpg,46,garlic_bread
data/raw/food101/food-101/images/garlic_bread/2532968.jpg,46,garlic_bread
data/raw/food101/food-101/images/garlic_bread/54491.jpg,46,garlic_bread
data/raw/food101/food-101/images/garlic_bread/966808.jpg,46,garlic_bread
data/raw/food101/food-101/images/garlic_bread/1777796.jpg,46,garlic_bread
data/raw/food101/food-101/images/garlic_bread/2922613.jpg,46,garlic_bread
data/raw/food101/food-101/images/garlic_bread/3171636.jpg,46,garlic_bread
data/raw/food101/food-101/images/garlic_bread/2231258.jpg,46,garlic_bread
data/raw/food101/food-101/images/garlic_bread/2479731.jpg,46,garlic_bread
data/raw/food101/food-101/images/garlic_bread/3835878.jpg,46,garlic_bread
data/raw/food101/food-101/images/garlic_bread/3363053.jpg,46,garlic_bread
data/raw/food101/food-101/images/garlic_bread/1308071.jpg,46,garlic_bread
data/raw/food101/food-101/images/garlic_bread/1606594.jpg,46,garlic_bread
data/raw/food101/food-101/images/garlic_bread/277854.jpg,46,garlic_bread
data/raw/food101/food-101/images/garlic_bread/3429250.jpg,46,garlic_bread
data/raw/food101/food-101/images/garlic_bread/3696504.jpg,46,garlic_bread
data/raw/food101/food-101/images/garlic_bread/2294886.jpg,46,garlic_bread
data/raw/food101/food-101/images/garlic_bread/2200798.jpg,46,garlic_bread
data/raw/food101/food-101/images/garlic_bread/3008947.jpg,46,garlic_bread
data/raw/food101/food-101/images/garlic_bread/3524266.jpg,46,garlic_bread
data/raw/food101/food-101/images/garlic_bread/939037.jpg,46,garlic_bread
data/raw/food101/food-101/images/gnocchi/3716326.jpg,47,gnocchi
data/raw/food101/food-101/images/gnocchi/322030.jpg,47,gnocchi
data/raw/food101/food-101/images/gnocchi/3506122.jpg,47,gnocchi
data/raw/food101/food-101/images/gnocchi/1892598.jpg,47,gnocchi
data/raw/food101/food-101/images/gnocchi/2082544.jpg,47,gnocchi
data/raw/food101/food-101/images/gnocchi/1781553.jpg,47,gnocchi
data/raw/food101/food-101/images/gnocchi/709728.jpg,47,gnocchi
data/raw/food101/food-101/images/gnocchi/739290.jpg,47,gnocchi
data/raw/food101/food-101/images/gnocchi/1490322.jpg,47,gnocchi
data/raw/food101/food-101/images/gnocchi/3476736.jpg,47,gnocchi
data/raw/food101/food-101/images/gnocchi/1319397.jpg,47,gnocchi
data/raw/food101/food-101/images/gnocchi/579679.jpg,47,gnocchi
data/raw/food101/food-101/images/gnocchi/978571.jpg,47,gnocchi
data/raw/food101/food-101/images/gnocchi/3791682.jpg,47,gnocchi
data/raw/food101/food-101/images/gnocchi/2402288.jpg,47,gnocchi
data/raw/food101/food-101/images/gnocchi/2455573.jpg,47,gnocchi
data/raw/food101/food-101/images/gnocchi/3177348.jpg,47,gnocchi
data/raw/food101/food-101/images/gnocchi/31526.jpg,47,gnocchi
data/raw/food101/food-101/images/gnocchi/783026.jpg,47,gnocchi
data/raw/food101/food-101/images/gnocchi/3313967.jpg,47,gnocchi
data/raw/food101/food-101/images/gnocchi/2787326.jpg,47,gnocchi
data/raw/food101/food-101/images/gnocchi/1960893.jpg,47,gnocchi
data/raw/food101/food-101/images/gnocchi/343111.jpg,47,gnocchi
data/raw/food101/food-101/images/gnocchi/2067060.jpg,47,gnocchi
data/raw/food101/food-101/images/gnocchi/3435306.jpg,47,gnocchi
data/raw/food101/food-101/images/gnocchi/3147658.jpg,47,gnocchi
data/raw/food101/food-101/images/gnocchi/44928.jpg,47,gnocchi
data/raw/food101/food-101/images/gnocchi/3524788.jpg,47,gnocchi
data/raw/food101/food-101/images/gnocchi/3703320.jpg,47,gnocchi
data/raw/food101/food-101/images/gnocchi/89250.jpg,47,gnocchi
data/raw/food101/food-101/images/gnocchi/667267.jpg,47,gnocchi
data/raw/food101/food-101/images/gnocchi/1777825.jpg,47,gnocchi
data/raw/food101/food-101/images/gnocchi/359954.jpg,47,gnocchi
data/raw/food101/food-101/images/gnocchi/2257463.jpg,47,gnocchi
data/raw/food101/food-101/images/gnocchi/1989894.jpg,47,gnocchi
data/raw/food101/food-101/images/gnocchi/2577621.jpg,47,gnocchi
data/raw/food101/food-101/images/gnocchi/1255571.jpg,47,gnocchi
data/raw/food101/food-101/images/gnocchi/3382390.jpg,47,gnocchi
data/raw/food101/food-101/images/gnocchi/1084641.jpg,47,gnocchi
data/raw/food101/food-101/images/gnocchi/2685247.jpg,47,gnocchi
data/raw/food101/food-101/images/gnocchi/3536910.jpg,47,gnocchi
data/raw/food101/food-101/images/gnocchi/2382653.jpg,47,gnocchi
data/raw/food101/food-101/images/gnocchi/2884436.jpg,47,gnocchi
data/raw/food101/food-101/images/gnocchi/287242.jpg,47,gnocchi
data/raw/food101/food-101/images/gnocchi/2081726.jpg,47,gnocchi
data/raw/food101/food-101/images/gnocchi/1358125.jpg,47,gnocchi
data/raw/food101/food-101/images/gnocchi/1841937.jpg,47,gnocchi
data/raw/food101/food-101/images/gnocchi/3375118.jpg,47,gnocchi
data/raw/food101/food-101/images/gnocchi/2710993.jpg,47,gnocchi
data/raw/food101/food-101/images/gnocchi/1215656.jpg,47,gnocchi
data/raw/food101/food-101/images/gnocchi/2431853.jpg,47,gnocchi
data/raw/food101/food-101/images/gnocchi/503559.jpg,47,gnocchi
data/raw/food101/food-101/images/gnocchi/1956781.jpg,47,gnocchi
data/raw/food101/food-101/images/gnocchi/2528507.jpg,47,gnocchi
data/raw/food101/food-101/images/gnocchi/638889.jpg,47,gnocchi
data/raw/food101/food-101/images/gnocchi/3124234.jpg,47,gnocchi
data/raw/food101/food-101/images/gnocchi/1050273.jpg,47,gnocchi
data/raw/food101/food-101/images/gnocchi/937649.jpg,47,gnocchi
data/raw/food101/food-101/images/gnocchi/1342194.jpg,47,gnocchi
data/raw/food101/food-101/images/gnocchi/3275231.jpg,47,gnocchi
data/raw/food101/food-101/images/gnocchi/1167132.jpg,47,gnocchi
data/raw/food101/food-101/images/gnocchi/3490057.jpg,47,gnocchi
data/raw/food101/food-101/images/gnocchi/3622492.jpg,47,gnocchi
data/raw/food101/food-101/images/gnocchi/85359.jpg,47,gnocchi
data/raw/food101/food-101/images/gnocchi/86602.jpg,47,gnocchi
data/raw/food101/food-101/images/gnocchi/2298244.jpg,47,gnocchi
data/raw/food101/food-101/images/gnocchi/2134575.jpg,47,gnocchi
data/raw/food101/food-101/images/gnocchi/1667801.jpg,47,gnocchi
data/raw/food101/food-101/images/gnocchi/2457809.jpg,47,gnocchi
data/raw/food101/food-101/images/gnocchi/2486712.jpg,47,gnocchi
data/raw/food101/food-101/images/greek_salad/1807946.jpg,48,greek_salad
data/raw/food101/food-101/images/greek_salad/2354092.jpg,48,greek_salad
data/raw/food101/food-101/images/greek_salad/3882470.jpg,48,greek_salad
data/raw/food101/food-101/images/greek_salad/3036431.jpg,48,greek_salad
data/raw/food101/food-101/images/greek_salad/1132542.jpg,48,greek_salad
data/raw/food101/food-101/images/greek_salad/1829935.jpg,48,greek_salad
data/raw/food101/food-101/images/greek_salad/233254.jpg,48,greek_salad
data/raw/food101/food-101/images/greek_salad/37005.jpg,48,greek_salad
data/raw/food101/food-101/images/greek_salad/3687860.jpg,48,greek_salad
data/raw/food101/food-101/images/greek_salad/2028025.jpg,48,greek_salad
data/raw/food101/food-101/images/greek_salad/2350919.jpg,48,greek_salad
data/raw/food101/food-101/images/greek_salad/3525898.jpg,48,greek_salad
data/raw/food101/food-101/images/greek_salad/3799546.jpg,48,greek_salad
data/raw/food101/food-101/images/greek_salad/3172438.jpg,48,greek_salad
data/raw/food101/food-101/images/greek_salad/222202.jpg,48,greek_salad
data/raw/food101/food-101/images/greek_salad/193155.jpg,48,greek_salad
data/raw/food101/food-101/images/greek_salad/2929049.jpg,48,greek_salad
data/raw/food101/food-101/images/greek_salad/1039266.jpg,48,greek_salad
data/raw/food101/food-101/images/greek_salad/1721092.jpg,48,greek_salad
data/raw/food101/food-101/images/greek_salad/1635718.jpg,48,greek_salad
data/raw/food101/food-101/images/greek_salad/810270.jpg,48,greek_salad
data/raw/food101/food-101/images/greek_salad/2125739.jpg,48,greek_salad
data/raw/food101/food-101/images/greek_salad/2320061.jpg,48,greek_salad
data/raw/food101/food-101/images/greek_salad/1330673.jpg,48,greek_salad
data/raw/food101/food-101/images/greek_salad/2020091.jpg,48,greek_salad
data/raw/food101/food-101/images/greek_salad/961722.jpg,48,greek_salad
data/raw/food101/food-101/images/greek_salad/1101689.jpg,48,greek_salad
data/raw/food101/food-101/images/greek_salad/1185254.jpg,48,greek_salad
data/raw/food101/food-101/images/greek_salad/1485879.jpg,48,greek_salad
data/raw/food101/food-101/images/greek_salad/1872441.jpg,48,greek_salad
data/raw/food101/food-101/images/greek_salad/3693427.jpg,48,greek_salad
data/raw/food101/food-101/images/greek_salad/889761.jpg,48,greek_salad
data/raw/food101/food-101/images/greek_salad/529075.jpg,48,greek_salad
data/raw/food101/food-101/images/greek_salad/2722552.jpg,48,greek_salad
data/raw/food101/food-101/images/greek_salad/1599787.jpg,48,greek_salad
data/raw/food101/food-101/images/greek_salad/153583.jpg,48,greek_salad
data/raw/food101/food-101/images/greek_salad/3254372.jpg,48,greek_salad
data/raw/food101/food-101/images/greek_salad/3766386.jpg,48,greek_salad
data/raw/food101/food-101/images/greek_salad/3366977.jpg,48,greek_salad
data/raw/food101/food-101/images/greek_salad/1011665.jpg,48,greek_salad
data/raw/food101/food-101/images/greek_salad/872537.jpg,48,greek_salad
data/raw/food101/food-101/images/greek_salad/2968126.jpg,48,greek_salad
data/raw/food101/food-101/images/greek_salad/3057528.jpg,48,greek_salad
data/raw/food101/food-101/images/greek_salad/3667326.jpg,48,greek_salad
data/raw/food101/food-101/images/greek_salad/1010520.jpg,48,greek_salad
data/raw/food101/food-101/images/greek_salad/2216466.jpg,48,greek_salad
data/raw/food101/food-101/images/greek_salad/1369278.jpg,48,greek_salad
data/raw/food101/food-101/images/greek_salad/3134265.jpg,48,greek_salad
data/raw/food101/food-101/images/greek_salad/743122.jpg,48,greek_salad
data/raw/food101/food-101/images/greek_salad/699225.jpg,48,greek_salad
data/raw/food101/food-101/images/greek_salad/2967430.jpg,48,greek_salad
data/raw/food101/food-101/images/greek_salad/3317290.jpg,48,greek_salad
data/raw/food101/food-101/images/greek_salad/3778558.jpg,48,greek_salad
data/raw/food101/food-101/images/greek_salad/3174963.jpg,48,greek_salad
data/raw/food101/food-101/images/greek_salad/2517209.jpg,48,greek_salad
data/raw/food101/food-101/images/greek_salad/3703500.jpg,48,greek_salad
data/raw/food101/food-101/images/greek_salad/1831721.jpg,48,greek_salad
data/raw/food101/food-101/images/greek_salad/180625.jpg,48,greek_salad
data/raw/food101/food-101/images/greek_salad/3056627.jpg,48,greek_salad
data/raw/food101/food-101/images/greek_salad/2605823.jpg,48,greek_salad
data/raw/food101/food-101/images/greek_salad/2989477.jpg,48,greek_salad
data/raw/food101/food-101/images/greek_salad/1606686.jpg,48,greek_salad
data/raw/food101/food-101/images/greek_salad/3610768.jpg,48,greek_salad
data/raw/food101/food-101/images/greek_salad/809216.jpg,48,greek_salad
data/raw/food101/food-101/images/greek_salad/2485164.jpg,48,greek_salad
data/raw/food101/food-101/images/greek_salad/982455.jpg,48,greek_salad
data/raw/food101/food-101/images/greek_salad/1683970.jpg,48,greek_salad
data/raw/food101/food-101/images/greek_salad/1119603.jpg,48,greek_salad
data/raw/food101/food-101/images/greek_salad/2391515.jpg,48,greek_salad
data/raw/food101/food-101/images/greek_salad/3438952.jpg,48,greek_salad
data/raw/food101/food-101/images/grilled_cheese_sandwich/1623307.jpg,49,grilled_cheese_sandwich
data/raw/food101/food-101/images/grilled_cheese_sandwich/946900.jpg,49,grilled_cheese_sandwich
data/raw/food101/food-101/images/grilled_cheese_sandwich/2040393.jpg,49,grilled_cheese_sandwich
data/raw/food101/food-101/images/grilled_cheese_sandwich/1087101.jpg,49,grilled_cheese_sandwich
data/raw/food101/food-101/images/grilled_cheese_sandwich/34387.jpg,49,grilled_cheese_sandwich
data/raw/food101/food-101/images/grilled_cheese_sandwich/2392919.jpg,49,grilled_cheese_sandwich
data/raw/food101/food-101/images/grilled_cheese_sandwich/2806980.jpg,49,grilled_cheese_sandwich
data/raw/food101/food-101/images/grilled_cheese_sandwich/322198.jpg,49,grilled_cheese_sandwich
data/raw/food101/food-101/images/grilled_cheese_sandwich/2582292.jpg,49,grilled_cheese_sandwich
data/raw/food101/food-101/images/grilled_cheese_sandwich/1900791.jpg,49,grilled_cheese_sandwich
data/raw/food101/food-101/images/grilled_cheese_sandwich/424774.jpg,49,grilled_cheese_sandwich
data/raw/food101/food-101/images/grilled_cheese_sandwich/1976111.jpg,49,grilled_cheese_sandwich
data/raw/food101/food-101/images/grilled_cheese_sandwich/102723.jpg,49,grilled_cheese_sandwich
data/raw/food101/food-101/images/grilled_cheese_sandwich/743793.jpg,49,grilled_cheese_sandwich
data/raw/food101/food-101/images/grilled_cheese_sandwich/1992546.jpg,49,grilled_cheese_sandwich
data/raw/food101/food-101/images/grilled_cheese_sandwich/659934.jpg,49,grilled_cheese_sandwich
data/raw/food101/food-101/images/grilled_cheese_sandwich/482616.jpg,49,grilled_cheese_sandwich
data/raw/food101/food-101/images/grilled_cheese_sandwich/469416.jpg,49,grilled_cheese_sandwich
data/raw/food101/food-101/images/grilled_cheese_sandwich/997050.jpg,49,grilled_cheese_sandwich
data/raw/food101/food-101/images/grilled_cheese_sandwich/778717.jpg,49,grilled_cheese_sandwich
data/raw/food101/food-101/images/grilled_cheese_sandwich/1925329.jpg,49,grilled_cheese_sandwich
data/raw/food101/food-101/images/grilled_cheese_sandwich/2342698.jpg,49,grilled_cheese_sandwich
data/raw/food101/food-101/images/grilled_cheese_sandwich/89862.jpg,49,grilled_cheese_sandwich
data/raw/food101/food-101/images/grilled_cheese_sandwich/919683.jpg,49,grilled_cheese_sandwich
data/raw/food101/food-101/images/grilled_cheese_sandwich/2898215.jpg,49,grilled_cheese_sandwich
data/raw/food101/food-101/images/grilled_cheese_sandwich/1205377.jpg,49,grilled_cheese_sandwich
data/raw/food101/food-101/images/grilled_cheese_sandwich/1109069.jpg,49,grilled_cheese_sandwich
data/raw/food101/food-101/images/grilled_cheese_sandwich/1526153.jpg,49,grilled_cheese_sandwich
data/raw/food101/food-101/images/grilled_cheese_sandwich/393495.jpg,49,grilled_cheese_sandwich
data/raw/food101/food-101/images/grilled_cheese_sandwich/58367.jpg,49,grilled_cheese_sandwich
data/raw/food101/food-101/images/grilled_cheese_sandwich/2757463.jpg,49,grilled_cheese_sandwich
data/raw/food101/food-101/images/grilled_cheese_sandwich/2982754.jpg,49,grilled_cheese_sandwich
data/raw/food101/food-101/images/grilled_cheese_sandwich/779143.jpg,49,grilled_cheese_sandwich
data/raw/food101/food-101/images/grilled_cheese_sandwich/662442.jpg,49,grilled_cheese_sandwich
data/raw/food101/food-101/images/grilled_cheese_sandwich/186723.jpg,49,grilled_cheese_sandwich
data/raw/food101/food-101/images/grilled_cheese_sandwich/975531.jpg,49,grilled_cheese_sandwich
data/raw/food101/food-101/images/grilled_cheese_sandwich/2559833.jpg,49,grilled_cheese_sandwich
data/raw/food101/food-101/images/grilled_cheese_sandwich/2527561.jpg,49,grilled_cheese_sandwich
data/raw/food101/food-101/images/grilled_cheese_sandwich/1627648.jpg,49,grilled_cheese_sandwich
data/raw/food101/food-101/images/grilled_cheese_sandwich/3367021.jpg,49,grilled_cheese_sandwich
data/raw/food101/food-101/images/grilled_cheese_sandwich/163446.jpg,49,grilled_cheese_sandwich
data/raw/food101/food-101/images/grilled_cheese_sandwich/47207.jpg,49,grilled_cheese_sandwich
data/raw/food101/food-101/images/grilled_cheese_sandwich/295075.jpg,49,grilled_cheese_sandwich
data/raw/food101/food-101/images/grilled_cheese_sandwich/501111.jpg,49,grilled_cheese_sandwich
data/raw/food101/food-101/images/grilled_cheese_sandwich/318977.jpg,49,grilled_cheese_sandwich
data/raw/food101/food-101/images/grilled_cheese_sandwich/2116409.jpg,49,grilled_cheese_sandwich
data/raw/food101/food-101/images/grilled_cheese_sandwich/692070.jpg,49,grilled_cheese_sandwich
data/raw/food101/food-101/images/grilled_cheese_sandwich/1440844.jpg,49,grilled_cheese_sandwich
data/raw/food101/food-101/images/grilled_cheese_sandwich/62346.jpg,49,grilled_cheese_sandwich
data/raw/food101/food-101/images/grilled_cheese_sandwich/811280.jpg,49,grilled_cheese_sandwich
data/raw/food101/food-101/images/grilled_cheese_sandwich/2307010.jpg,49,grilled_cheese_sandwich
data/raw/food101/food-101/images/grilled_cheese_sandwich/1426687.jpg,49,grilled_cheese_sandwich
data/raw/food101/food-101/images/grilled_cheese_sandwich/140641.jpg,49,grilled_cheese_sandwich
data/raw/food101/food-101/images/grilled_cheese_sandwich/2794196.jpg,49,grilled_cheese_sandwich
data/raw/food101/food-101/images/grilled_cheese_sandwich/1708063.jpg,49,grilled_cheese_sandwich
data/raw/food101/food-101/images/grilled_cheese_sandwich/2106713.jpg,49,grilled_cheese_sandwich
data/raw/food101/food-101/images/grilled_cheese_sandwich/1329864.jpg,49,grilled_cheese_sandwich
data/raw/food101/food-101/images/grilled_cheese_sandwich/3044491.jpg,49,grilled_cheese_sandwich
data/raw/food101/food-101/images/grilled_cheese_sandwich/1800478.jpg,49,grilled_cheese_sandwich
data/raw/food101/food-101/images/grilled_cheese_sandwich/571865.jpg,49,grilled_cheese_sandwich
data/raw/food101/food-101/images/grilled_cheese_sandwich/72331.jpg,49,grilled_cheese_sandwich
data/raw/food101/food-101/images/grilled_cheese_sandwich/1141467.jpg,49,grilled_cheese_sandwich
data/raw/food101/food-101/images/grilled_cheese_sandwich/3188313.jpg,49,grilled_cheese_sandwich
data/raw/food101/food-101/images/grilled_cheese_sandwich/346475.jpg,49,grilled_cheese_sandwich
data/raw/food101/food-101/images/grilled_cheese_sandwich/3220206.jpg,49,grilled_cheese_sandwich
data/raw/food101/food-101/images/grilled_cheese_sandwich/758914.jpg,49,grilled_cheese_sandwich
data/raw/food101/food-101/images/grilled_cheese_sandwich/2888268.jpg,49,grilled_cheese_sandwich
data/raw/food101/food-101/images/grilled_cheese_sandwich/282717.jpg,49,grilled_cheese_sandwich
data/raw/food101/food-101/images/grilled_cheese_sandwich/2953376.jpg,49,grilled_cheese_sandwich
data/raw/food101/food-101/images/grilled_cheese_sandwich/20840.jpg,49,grilled_cheese_sandwich
data/raw/food101/food-101/images/grilled_salmon/174601.jpg,50,grilled_salmon
data/raw/food101/food-101/images/grilled_salmon/3013173.jpg,50,grilled_salmon
data/raw/food101/food-101/images/grilled_salmon/898518.jpg,50,grilled_salmon
data/raw/food101/food-101/images/grilled_salmon/1500889.jpg,50,grilled_salmon
data/raw/food101/food-101/images/grilled_salmon/3546639.jpg,50,grilled_salmon
data/raw/food101/food-101/images/grilled_salmon/2956093.jpg,50,grilled_salmon
data/raw/food101/food-101/images/grilled_salmon/3313237.jpg,50,grilled_salmon
data/raw/food101/food-101/images/grilled_salmon/1323597.jpg,50,grilled_salmon
data/raw/food101/food-101/images/grilled_salmon/3049359.jpg,50,grilled_salmon
data/raw/food101/food-101/images/grilled_salmon/3862289.jpg,50,grilled_salmon
data/raw/food101/food-101/images/grilled_salmon/3237380.jpg,50,grilled_salmon
data/raw/food101/food-101/images/grilled_salmon/2772359.jpg,50,grilled_salmon
data/raw/food101/food-101/images/grilled_salmon/129871.jpg,50,grilled_salmon
data/raw/food101/food-101/images/grilled_salmon/64594.jpg,50,grilled_salmon
data/raw/food101/food-101/images/grilled_salmon/3562706.jpg,50,grilled_salmon
data/raw/food101/food-101/images/grilled_salmon/1875176.jpg,50,grilled_salmon
data/raw/food101/food-101/images/grilled_salmon/1155469.jpg,50,grilled_salmon
data/raw/food101/food-101/images/grilled_salmon/3851924.jpg,50,grilled_salmon
data/raw/food101/food-101/images/grilled_salmon/975541.jpg,50,grilled_salmon
data/raw/food101/food-101/images/grilled_salmon/1785472.jpg,50,grilled_salmon
data/raw/food101/food-101/images/grilled_salmon/3756751.jpg,50,grilled_salmon
data/raw/food101/food-101/images/grilled_salmon/809999.jpg,50,grilled_salmon
data/raw/food101/food-101/images/grilled_salmon/953784.jpg,50,grilled_salmon
data/raw/food101/food-101/images/grilled_salmon/3850404.jpg,50,grilled_salmon
data/raw/food101/food-101/images/grilled_salmon/2063031.jpg,50,grilled_salmon
data/raw/food101/food-101/images/grilled_salmon/655196.jpg,50,grilled_salmon
data/raw/food101/food-101/images/grilled_salmon/2909877.jpg,50,grilled_salmon
data/raw/food101/food-101/images/grilled_salmon/3689594.jpg,50,grilled_salmon
data/raw/food101/food-101/images/grilled_salmon/2182859.jpg,50,grilled_salmon
data/raw/food101/food-101/images/grilled_salmon/3591968.jpg,50,grilled_salmon
data/raw/food101/food-101/images/grilled_salmon/1944790.jpg,50,grilled_salmon
data/raw/food101/food-101/images/grilled_salmon/2679633.jpg,50,grilled_salmon
data/raw/food101/food-101/images/grilled_salmon/3320596.jpg,50,grilled_salmon
data/raw/food101/food-101/images/grilled_salmon/857397.jpg,50,grilled_salmon
data/raw/food101/food-101/images/grilled_salmon/1993796.jpg,50,grilled_salmon
data/raw/food101/food-101/images/grilled_salmon/2568094.jpg,50,grilled_salmon
data/raw/food101/food-101/images/grilled_salmon/1327832.jpg,50,grilled_salmon
data/raw/food101/food-101/images/grilled_salmon/2320477.jpg,50,grilled_salmon
data/raw/food101/food-101/images/grilled_salmon/798049.jpg,50,grilled_salmon
data/raw/food101/food-101/images/grilled_salmon/3285432.jpg,50,grilled_salmon
data/raw/food101/food-101/images/grilled_salmon/1311693.jpg,50,grilled_salmon
data/raw/food101/food-101/images/grilled_salmon/2194946.jpg,50,grilled_salmon
data/raw/food101/food-101/images/grilled_salmon/80761.jpg,50,grilled_salmon
data/raw/food101/food-101/images/grilled_salmon/2657780.jpg,50,grilled_salmon
data/raw/food101/food-101/images/grilled_salmon/1801388.jpg,50,grilled_salmon
data/raw/food101/food-101/images/grilled_salmon/2594867.jpg,50,grilled_salmon
data/raw/food101/food-101/images/grilled_salmon/1687606.jpg,50,grilled_salmon
data/raw/food101/food-101/images/grilled_salmon/3397436.jpg,50,grilled_salmon
data/raw/food101/food-101/images/grilled_salmon/3118248.jpg,50,grilled_salmon
data/raw/food101/food-101/images/grilled_salmon/388185.jpg,50,grilled_salmon
data/raw/food101/food-101/images/grilled_salmon/2152214.jpg,50,grilled_salmon
data/raw/food101/food-101/images/grilled_salmon/272500.jpg,50,grilled_salmon
data/raw/food101/food-101/images/grilled_salmon/2945985.jpg,50,grilled_salmon
data/raw/food101/food-101/images/grilled_salmon/3104499.jpg,50,grilled_salmon
data/raw/food101/food-101/images/grilled_salmon/1921126.jpg,50,grilled_salmon
data/raw/food101/food-101/images/grilled_salmon/3654638.jpg,50,grilled_salmon
data/raw/food101/food-101/images/grilled_salmon/453376.jpg,50,grilled_salmon
data/raw/food101/food-101/images/grilled_salmon/1369761.jpg,50,grilled_salmon
data/raw/food101/food-101/images/grilled_salmon/2377693.jpg,50,grilled_salmon
data/raw/food101/food-101/images/grilled_salmon/2979596.jpg,50,grilled_salmon
data/raw/food101/food-101/images/grilled_salmon/2779047.jpg,50,grilled_salmon
data/raw/food101/food-101/images/grilled_salmon/1561739.jpg,50,grilled_salmon
data/raw/food101/food-101/images/grilled_salmon/3485400.jpg,50,grilled_salmon
data/raw/food101/food-101/images/grilled_salmon/767792.jpg,50,grilled_salmon
data/raw/food101/food-101/images/grilled_salmon/2526124.jpg,50,grilled_salmon
data/raw/food101/food-101/images/grilled_salmon/2908706.jpg,50,grilled_salmon
data/raw/food101/food-101/images/grilled_salmon/1002334.jpg,50,grilled_salmon
data/raw/food101/food-101/images/grilled_salmon/187798.jpg,50,grilled_salmon
data/raw/food101/food-101/images/grilled_salmon/1553390.jpg,50,grilled_salmon
data/raw/food101/food-101/images/grilled_salmon/3833454.jpg,50,grilled_salmon
data/raw/food101/food-101/images/guacamole/669805.jpg,51,guacamole
data/raw/food101/food-101/images/guacamole/3510099.jpg,51,guacamole
data/raw/food101/food-101/images/guacamole/549932.jpg,51,guacamole
data/raw/food101/food-101/images/guacamole/540891.jpg,51,guacamole
data/raw/food101/food-101/images/guacamole/1351460.jpg,51,guacamole
data/raw/food101/food-101/images/guacamole/1994155.jpg,51,guacamole
data/raw/food101/food-101/images/guacamole/1997151.jpg,51,guacamole
data/raw/food101/food-101/images/guacamole/1219084.jpg,51,guacamole
data/raw/food101/food-101/images/guacamole/1661433.jpg,51,guacamole
data/raw/food101/food-101/images/guacamole/3286562.jpg,51,guacamole
data/raw/food101/food-101/images/guacamole/1476877.jpg,51,guacamole
data/raw/food101/food-101/images/guacamole/2696968.jpg,51,guacamole
data/raw/food101/food-101/images/guacamole/1876454.jpg,51,guacamole
data/raw/food101/food-101/images/guacamole/1351282.jpg,51,guacamole
data/raw/food101/food-101/images/guacamole/787157.jpg,51,guacamole
data/raw/food101/food-101/images/guacamole/1039675.jpg,51,guacamole
data/raw/food101/food-101/images/guacamole/826427.jpg,51,guacamole
data/raw/food101/food-101/images/guacamole/2692554.jpg,51,guacamole
data/raw/food101/food-101/images/guacamole/1407255.jpg,51,guacamole
data/raw/food101/food-101/images/guacamole/3678458.jpg,51,guacamole
data/raw/food101/food-101/images/guacamole/406196.jpg,51,guacamole
data/raw/food101/food-101/images/guacamole/2491089.jpg,51,guacamole
data/raw/food101/food-101/images/guacamole/30731.jpg,51,guacamole
data/raw/food101/food-101/images/guacamole/741942.jpg,51,guacamole
data/raw/food101/food-101/images/guacamole/1204087.jpg,51,guacamole
data/raw/food101/food-101/images/guacamole/3873411.jpg,51,guacamole
data/raw/food101/food-101/images/guacamole/2571751.jpg,51,guacamole
data/raw/food101/food-101/images/guacamole/372405.jpg,51,guacamole
data/raw/food101/food-101/images/guacamole/2568062.jpg,51,guacamole
data/raw/food101/food-101/images/guacamole/1970931.jpg,51,guacamole
data/raw/food101/food-101/images/guacamole/485942.jpg,51,guacamole
data/raw/food101/food-101/images/guacamole/3216409.jpg,51,guacamole
data/raw/food101/food-101/images/guacamole/3530740.jpg,51,guacamole
data/raw/food101/food-101/images/guacamole/479222.jpg,51,guacamole
data/raw/food101/food-101/images/guacamole/1621510.jpg,51,guacamole
data/raw/food101/food-101/images/guacamole/905087.jpg,51,guacamole
data/raw/food101/food-101/images/guacamole/2309058.jpg,51,guacamole
data/raw/food101/food-101/images/guacamole/1225127.jpg,51,guacamole
data/raw/food101/food-101/images/guacamole/2188166.jpg,51,guacamole
data/raw/food101/food-101/images/guacamole/3681376.jpg,51,guacamole
data/raw/food101/food-101/images/guacamole/3503125.jpg,51,guacamole
data/raw/food101/food-101/images/guacamole/2053414.jpg,51,guacamole
data/raw/food101/food-101/images/guacamole/2168384.jpg,51,guacamole
data/raw/food101/food-101/images/guacamole/469602.jpg,51,guacamole
data/raw/food101/food-101/images/guacamole/934638.jpg,51,guacamole
data/raw/food101/food-101/images/guacamole/692081.jpg,51,guacamole
data/raw/food101/food-101/images/guacamole/1937705.jpg,51,guacamole
data/raw/food101/food-101/images/guacamole/291636.jpg,51,guacamole
data/raw/food101/food-101/images/guacamole/663076.jpg,51,guacamole
data/raw/food101/food-101/images/guacamole/2393091.jpg,51,guacamole
data/raw/food101/food-101/images/guacamole/854635.jpg,51,guacamole
data/raw/food101/food-101/images/guacamole/420477.jpg,51,guacamole
data/raw/food101/food-101/images/guacamole/2435185.jpg,51,guacamole
data/raw/food101/food-101/images/guacamole/1609921.jpg,51,guacamole
data/raw/food101/food-101/images/guacamole/3185598.jpg,51,guacamole
data/raw/food101/food-101/images/guacamole/468298.jpg,51,guacamole
data/raw/food101/food-101/images/guacamole/1901599.jpg,51,guacamole
data/raw/food101/food-101/images/guacamole/1337510.jpg,51,guacamole
data/raw/food101/food-101/images/guacamole/3096161.jpg,51,guacamole
data/raw/food101/food-101/images/guacamole/2072414.jpg,51,guacamole
data/raw/food101/food-101/images/guacamole/2969954.jpg,51,guacamole
data/raw/food101/food-101/images/guacamole/1499819.jpg,51,guacamole
data/raw/food101/food-101/images/guacamole/3831541.jpg,51,guacamole
data/raw/food101/food-101/images/guacamole/3605678.jpg,51,guacamole
data/raw/food101/food-101/images/guacamole/1511313.jpg,51,guacamole
data/raw/food101/food-101/images/guacamole/3303340.jpg,51,guacamole
data/raw/food101/food-101/images/guacamole/3652217.jpg,51,guacamole
data/raw/food101/food-101/images/guacamole/3655154.jpg,51,guacamole
data/raw/food101/food-101/images/guacamole/2038613.jpg,51,guacamole
data/raw/food101/food-101/images/guacamole/3780947.jpg,51,guacamole
data/raw/food101/food-101/images/gyoza/449561.jpg,52,gyoza
data/raw/food101/food-101/images/gyoza/3413990.jpg,52,gyoza
data/raw/food101/food-101/images/gyoza/1753888.jpg,52,gyoza
data/raw/food101/food-101/images/gyoza/2220875.jpg,52,gyoza
data/raw/food101/food-101/images/gyoza/3395315.jpg,52,gyoza
data/raw/food101/food-101/images/gyoza/3428323.jpg,52,gyoza
data/raw/food101/food-101/images/gyoza/3219645.jpg,52,gyoza
data/raw/food101/food-101/images/gyoza/1732518.jpg,52,gyoza
data/raw/food101/food-101/images/gyoza/2366225.jpg,52,gyoza
data/raw/food101/food-101/images/gyoza/532046.jpg,52,gyoza
data/raw/food101/food-101/images/gyoza/175784.jpg,52,gyoza
data/raw/food101/food-101/images/gyoza/3715701.jpg,52,gyoza
data/raw/food101/food-101/images/gyoza/1551205.jpg,52,gyoza
data/raw/food101/food-101/images/gyoza/1796525.jpg,52,gyoza
data/raw/food101/food-101/images/gyoza/3072593.jpg,52,gyoza
data/raw/food101/food-101/images/gyoza/3655105.jpg,52,gyoza
data/raw/food101/food-101/images/gyoza/2787306.jpg,52,gyoza
data/raw/food101/food-101/images/gyoza/1689676.jpg,52,gyoza
data/raw/food101/food-101/images/gyoza/500445.jpg,52,gyoza
data/raw/food101/food-101/images/gyoza/3039737.jpg,52,gyoza
data/raw/food101/food-101/images/gyoza/454080.jpg,52,gyoza
data/raw/food101/food-101/images/gyoza/2165203.jpg,52,gyoza
data/raw/food101/food-101/images/gyoza/3442398.jpg,52,gyoza
data/raw/food101/food-101/images/gyoza/2212935.jpg,52,gyoza
data/raw/food101/food-101/images/gyoza/1174754.jpg,52,gyoza
data/raw/food101/food-101/images/gyoza/310165.jpg,52,gyoza
data/raw/food101/food-101/images/gyoza/3844611.jpg,52,gyoza
data/raw/food101/food-101/images/gyoza/3110893.jpg,52,gyoza
data/raw/food101/food-101/images/gyoza/2703585.jpg,52,gyoza
data/raw/food101/food-101/images/gyoza/1391144.jpg,52,gyoza
data/raw/food101/food-101/images/gyoza/3134351.jpg,52,gyoza
data/raw/food101/food-101/images/gyoza/2229535.jpg,52,gyoza
data/raw/food101/food-101/images/gyoza/1424023.jpg,52,gyoza
data/raw/food101/food-101/images/gyoza/2926190.jpg,52,gyoza
data/raw/food101/food-101/images/gyoza/229610.jpg,52,gyoza
data/raw/food101/food-101/images/gyoza/1802725.jpg,52,gyoza
data/raw/food101/food-101/images/gyoza/2861790.jpg,52,gyoza
data/raw/food101/food-101/images/gyoza/1871885.jpg,52,gyoza
data/raw/food101/food-101/images/gyoza/3869054.jpg,52,gyoza
data/raw/food101/food-101/images/gyoza/1915725.jpg,52,gyoza
data/raw/food101/food-101/images/gyoza/1167263.jpg,52,gyoza
data/raw/food101/food-101/images/gyoza/2746214.jpg,52,gyoza
data/raw/food101/food-101/images/gyoza/2278957.jpg,52,gyoza
data/raw/food101/food-101/images/gyoza/1700219.jpg,52,gyoza
data/raw/food101/food-101/images/gyoza/3911194.jpg,52,gyoza
data/raw/food101/food-101/images/gyoza/3822442.jpg,52,gyoza
data/raw/food101/food-101/images/gyoza/2199328.jpg,52,gyoza
data/raw/food101/food-101/images/gyoza/208270.jpg,52,gyoza
data/raw/food101/food-101/images/gyoza/2604559.jpg,52,gyoza
data/raw/food101/food-101/images/gyoza/1384532.jpg,52,gyoza
data/raw/food101/food-101/images/gyoza/2315829.jpg,52,gyoza
data/raw/food101/food-101/images/gyoza/568629.jpg,52,gyoza
data/raw/food101/food-101/images/gyoza/513659.jpg,52,gyoza
data/raw/food101/food-101/images/gyoza/2112082.jpg,52,gyoza
data/raw/food101/food-101/images/gyoza/2476252.jpg,52,gyoza
data/raw/food101/food-101/images/gyoza/778179.jpg,52,gyoza
data/raw/food101/food-101/images/gyoza/370976.jpg,52,gyoza
data/raw/food101/food-101/images/gyoza/3021535.jpg,52,gyoza
data/raw/food101/food-101/images/gyoza/233614.jpg,52,gyoza
data/raw/food101/food-101/images/gyoza/3528244.jpg,52,gyoza
data/raw/food101/food-101/images/gyoza/2666420.jpg,52,gyoza
data/raw/food101/food-101/images/gyoza/103732.jpg,52,gyoza
data/raw/food101/food-101/images/gyoza/2906464.jpg,52,gyoza
data/raw/food101/food-101/images/gyoza/3085215.jpg,52,gyoza
data/raw/food101/food-101/images/gyoza/710516.jpg,52,gyoza
data/raw/food101/food-101/images/gyoza/3457375.jpg,52,gyoza
data/raw/food101/food-101/images/gyoza/2393158.jpg,52,gyoza
data/raw/food101/food-101/images/gyoza/1399892.jpg,52,gyoza
data/raw/food101/food-101/images/gyoza/1470311.jpg,52,gyoza
data/raw/food101/food-101/images/gyoza/2936854.jpg,52,gyoza
data/raw/food101/food-101/images/hamburger/1823305.jpg,53,hamburger
data/raw/food101/food-101/images/hamburger/2200084.jpg,53,hamburger
data/raw/food101/food-101/images/hamburger/2551984.jpg,53,hamburger
data/raw/food101/food-101/images/hamburger/3713125.jpg,53,hamburger
data/raw/food101/food-101/images/hamburger/217855.jpg,53,hamburger
data/raw/food101/food-101/images/hamburger/2766731.jpg,53,hamburger
data/raw/food101/food-101/images/hamburger/1964319.jpg,53,hamburger
data/raw/food101/food-101/images/hamburger/568518.jpg,53,hamburger
data/raw/food101/food-101/images/hamburger/91602.jpg,53,hamburger
data/raw/food101/food-101/images/hamburger/2130925.jpg,53,hamburger
data/raw/food101/food-101/images/hamburger/22093.jpg,53,hamburger
data/raw/food101/food-101/images/hamburger/1327199.jpg,53,hamburger
data/raw/food101/food-101/images/hamburger/3543840.jpg,53,hamburger
data/raw/food101/food-101/images/hamburger/3433981.jpg,53,hamburger
data/raw/food101/food-101/images/hamburger/417861.jpg,53,hamburger
data/raw/food101/food-101/images/hamburger/1583543.jpg,53,hamburger
data/raw/food101/food-101/images/hamburger/45547.jpg,53,hamburger
data/raw/food101/food-101/images/hamburger/703677.jpg,53,hamburger
data/raw/food101/food-101/images/hamburger/2063044.jpg,53,hamburger
data/raw/food101/food-101/images/hamburger/3563379.jpg,53,hamburger
data/raw/food101/food-101/images/hamburger/209001.jpg,53,hamburger
data/raw/food101/food-101/images/hamburger/3577939.jpg,53,hamburger
data/raw/food101/food-101/images/hamburger/3919964.jpg,53,hamburger
data/raw/food101/food-101/images/hamburger/2145273.jpg,53,hamburger
data/raw/food101/food-101/images/hamburger/637917.jpg,53,hamburger
data/raw/food101/food-101/images/hamburger/539998.jpg,53,hamburger
data/raw/food101/food-101/images/hamburger/2405850.jpg,53,hamburger
data/raw/food101/food-101/images/hamburger/450434.jpg,53,hamburger
data/raw/food101/food-101/images/hamburger/2609270.jpg,53,hamburger
data/raw/food101/food-101/images/hamburger/24753.jpg,53,hamburger
data/raw/food101/food-101/images/hamburger/520715.jpg,53,hamburger
data/raw/food101/food-101/images/hamburger/699829.jpg,53,hamburger
data/raw/food101/food-101/images/hamburger/1385479.jpg,53,hamburger
data/raw/food101/food-101/images/hamburger/3667950.jpg,53,hamburger
data/raw/food101/food-101/images/hamburger/374344.jpg,53,hamburger
data/raw/food101/food-101/images/hamburger/286323.jpg,53,hamburger
data/raw/food101/food-101/images/hamburger/2790429.jpg,53,hamburger
data/raw/food101/food-101/images/hamburger/82314.jpg,53,hamburger
data/raw/food101/food-101/images/hamburger/1510284.jpg,53,hamburger
data/raw/food101/food-101/images/hamburger/3237878.jpg,53,hamburger
data/raw/food101/food-101/images/hamburger/3168485.jpg,53,hamburger
data/raw/food101/food-101/images/hamburger/216853.jpg,53,hamburger
data/raw/food101/food-101/images/hamburger/3156785.jpg,53,hamburger
data/raw/food101/food-101/images/hamburger/3728099.jpg,53,hamburger
data/raw/food101/food-101/images/hamburger/3127729.jpg,53,hamburger
data/raw/food101/food-101/images/hamburger/3530013.jpg,53,hamburger
data/raw/food101/food-101/images/hamburger/1286359.jpg,53,hamburger
data/raw/food101/food-101/images/hamburger/2537883.jpg,53,hamburger
data/raw/food101/food-101/images/hamburger/2135938.jpg,53,hamburger
data/raw/food101/food-101/images/hamburger/1596452.jpg,53,hamburger
data/raw/food101/food-101/images/hamburger/2436824.jpg,53,hamburger
data/raw/food101/food-101/images/hamburger/3156598.jpg,53,hamburger
data/raw/food101/food-101/images/hamburger/1392659.jpg,53,hamburger
data/raw/food101/food-101/images/hamburger/3912017.jpg,53,hamburger
data/raw/food101/food-101/images/hamburger/309049.jpg,53,hamburger
data/raw/food101/food-101/images/hamburger/2009324.jpg,53,hamburger
data/raw/food101/food-101/images/hamburger/137432.jpg,53,hamburger
data/raw/food101/food-101/images/hamburger/3166759.jpg,53,hamburger
data/raw/food101/food-101/images/hamburger/418104.jpg,53,hamburger
data/raw/food101/food-101/images/hamburger/2142633.jpg,53,hamburger
data/raw/food101/food-101/images/hamburger/221845.jpg,53,hamburger
data/raw/food101/food-101/images/hamburger/607735.jpg,53,hamburger
data/raw/food101/food-101/images/hamburger/3092142.jpg,53,hamburger
data/raw/food101/food-101/images/hamburger/656458.jpg,53,hamburger
data/raw/food101/food-101/images/hamburger/2361390.jpg,53,hamburger
data/raw/food101/food-101/images/hamburger/47595.jpg,53,hamburger
data/raw/food101/food-101/images/hamburger/3118221.jpg,53,hamburger
data/raw/food101/food-101/images/hamburger/281733.jpg,53,hamburger
data/raw/food101/food-101/images/hamburger/3878886.jpg,53,hamburger
data/raw/food101/food-101/images/hamburger/2100991.jpg,53,hamburger
data/raw/food101/food-101/images/hot_and_sour_soup/3086949.jpg,54,hot_and_sour_soup
data/raw/food101/food-101/images/hot_and_sour_soup/877297.jpg,54,hot_and_sour_soup
data/raw/food101/food-101/images/hot_and_sour_soup/619528.jpg,54,hot_and_sour_soup
data/raw/food101/food-101/images/hot_and_sour_soup/2792355.jpg,54,hot_and_sour_soup
data/raw/food101/food-101/images/hot_and_sour_soup/1364912.jpg,54,hot_and_sour_soup
data/raw/food101/food-101/images/hot_and_sour_soup/80543.jpg,54,hot_and_sour_soup
data/raw/food101/food-101/images/hot_and_sour_soup/666024.jpg,54,hot_and_sour_soup
data/raw/food101/food-101/images/hot_and_sour_soup/3244913.jpg,54,hot_and_sour_soup
data/raw/food101/food-101/images/hot_and_sour_soup/2117754.jpg,54,hot_and_sour_soup
data/raw/food101/food-101/images/hot_and_sour_soup/854589.jpg,54,hot_and_sour_soup
data/raw/food101/food-101/images/hot_and_sour_soup/20067.jpg,54,hot_and_sour_soup
data/raw/food101/food-101/images/hot_and_sour_soup/342455.jpg,54,hot_and_sour_soup
data/raw/food101/food-101/images/hot_and_sour_soup/2887780.jpg,54,hot_and_sour_soup
data/raw/food101/food-101/images/hot_and_sour_soup/2686785.jpg,54,hot_and_sour_soup
data/raw/food101/food-101/images/hot_and_sour_soup/3086202.jpg,54,hot_and_sour_soup
data/raw/food101/food-101/images/hot_and_sour_soup/1675601.jpg,54,hot_and_sour_soup
data/raw/food101/food-101/images/hot_and_sour_soup/1134579.jpg,54,hot_and_sour_soup
data/raw/food101/food-101/images/hot_and_sour_soup/924499.jpg,54,hot_and_sour_soup
data/raw/food101/food-101/images/hot_and_sour_soup/1688821.jpg,54,hot_and_sour_soup
data/raw/food101/food-101/images/hot_and_sour_soup/2148271.jpg,54,hot_and_sour_soup
data/raw/food101/food-101/images/hot_and_sour_soup/2910309.jpg,54,hot_and_sour_soup
data/raw/food101/food-101/images/hot_and_sour_soup/2017460.jpg,54,hot_and_sour_soup
data/raw/food101/food-101/images/hot_and_sour_soup/914030.jpg,54,hot_and_sour_soup
data/raw/food101/food-101/images/hot_and_sour_soup/2637933.jpg,54,hot_and_sour_soup
data/raw/food101/food-101/images/hot_and_sour_soup/1198713.jpg,54,hot_and_sour_soup
data/raw/food101/food-101/images/hot_and_sour_soup/601089.jpg,54,hot_and_sour_soup
data/raw/food101/food-101/images/hot_and_sour_soup/3580282.jpg,54,hot_and_sour_soup
data/raw/food101/food-101/images/hot_and_sour_soup/3436908.jpg,54,hot_and_sour_soup
data/raw/food101/food-101/images/hot_and_sour_soup/2264685.jpg,54,hot_and_sour_soup
data/raw/food101/food-101/images/hot_and_sour_soup/819806.jpg,54,hot_and_sour_soup
data/raw/food101/food-101/images/hot_and_sour_soup/2112191.jpg,54,hot_and_sour_soup
data/raw/food101/food-101/images/hot_and_sour_soup/372783.jpg,54,hot_and_sour_soup
data/raw/food101/food-101/images/hot_and_sour_soup/1266480.jpg,54,hot_and_sour_soup
data/raw/food101/food-101/images/hot_and_sour_soup/514300.jpg,54,hot_and_sour_soup
data/raw/food101/food-101/images/hot_and_sour_soup/1242671.jpg,54,hot_and_sour_soup
data/raw/food101/food-101/images/hot_and_sour_soup/1592129.jpg,54,hot_and_sour_soup
data/raw/food101/food-101/images/hot_and_sour_soup/2088090.jpg,54,hot_and_sour_soup
data/raw/food101/food-101/images/hot_and_sour_soup/764841.jpg,54,hot_and_sour_soup
data/raw/food101/food-101/images/hot_and_sour_soup/561161.jpg,54,hot_and_sour_soup
data/raw/food101/food-101/images/hot_and_sour_soup/3236876.jpg,54,hot_and_sour_soup
data/raw/food101/food-101/images/hot_and_sour_soup/1827236.jpg,54,hot_and_sour_soup
data/raw/food101/food-101/images/hot_and_sour_soup/211338.jpg,54,hot_and_sour_soup
data/raw/food101/food-101/images/hot_and_sour_soup/368478.jpg,54,hot_and_sour_soup
data/raw/food101/food-101/images/hot_and_sour_soup/3463354.jpg,54,hot_and_sour_soup
data/raw/food101/food-101/images/hot_and_sour_soup/43662.jpg,54,hot_and_sour_soup
data/raw/food101/food-101/images/hot_and_sour_soup/1876107.jpg,54,hot_and_sour_soup
data/raw/food101/food-101/images/hot_and_sour_soup/285163.jpg,54,hot_and_sour_soup
data/raw/food101/food-101/images/hot_and_sour_soup/1880846.jpg,54,hot_and_sour_soup
data/raw/food101/food-101/images/hot_and_sour_soup/2963005.jpg,54,hot_and_sour_soup
data/raw/food101/food-101/images/hot_and_sour_soup/1474021.jpg,54,hot_and_sour_soup
data/raw/food101/food-101/images/hot_and_sour_soup/2657713.jpg,54,hot_and_sour_soup
data/raw/food101/food-101/images/hot_and_sour_soup/44088.jpg,54,hot_and_sour_soup
data/raw/food101/food-101/images/hot_and_sour_soup/172037.jpg,54,hot_and_sour_soup
data/raw/food101/food-101/images/hot_and_sour_soup/695659.jpg,54,hot_and_sour_soup
data/raw/food101/food-101/images/hot_and_sour_soup/1590786.jpg,54,hot_and_sour_soup
data/raw/food101/food-101/images/hot_and_sour_soup/2874993.jpg,54,hot_and_sour_soup
data/raw/food101/food-101/images/hot_and_sour_soup/200037.jpg,54,hot_and_sour_soup
data/raw/food101/food-101/images/hot_and_sour_soup/1708926.jpg,54,hot_and_sour_soup
data/raw/food101/food-101/images/hot_and_sour_soup/2922592.jpg,54,hot_and_sour_soup
data/raw/food101/food-101/images/hot_and_sour_soup/1732558.jpg,54,hot_and_sour_soup
data/raw/food101/food-101/images/hot_and_sour_soup/2839769.jpg,54,hot_and_sour_soup
data/raw/food101/food-101/images/hot_and_sour_soup/2052250.jpg,54,hot_and_sour_soup
data/raw/food101/food-101/images/hot_and_sour_soup/1345478.jpg,54,hot_and_sour_soup
data/raw/food101/food-101/images/hot_and_sour_soup/2801575.jpg,54,hot_and_sour_soup
data/raw/food101/food-101/images/hot_and_sour_soup/2382833.jpg,54,hot_and_sour_soup
data/raw/food101/food-101/images/hot_and_sour_soup/2640329.jpg,54,hot_and_sour_soup
data/raw/food101/food-101/images/hot_and_sour_soup/180189.jpg,54,hot_and_sour_soup
data/raw/food101/food-101/images/hot_and_sour_soup/360577.jpg,54,hot_and_sour_soup
data/raw/food101/food-101/images/hot_and_sour_soup/3446030.jpg,54,hot_and_sour_soup
data/raw/food101/food-101/images/hot_and_sour_soup/1770088.jpg,54,hot_and_sour_soup
data/raw/food101/food-101/images/hot_dog/2786816.jpg,55,hot_dog
data/raw/food101/food-101/images/hot_dog/3798465.jpg,55,hot_dog
data/raw/food101/food-101/images/hot_dog/1588501.jpg,55,hot_dog
data/raw/food101/food-101/images/hot_dog/3843212.jpg,55,hot_dog
data/raw/food101/food-101/images/hot_dog/3116463.jpg,55,hot_dog
data/raw/food101/food-101/images/hot_dog/125329.jpg,55,hot_dog
data/raw/food101/food-101/images/hot_dog/1834249.jpg,55,hot_dog
data/raw/food101/food-101/images/hot_dog/2113592.jpg,55,hot_dog
data/raw/food101/food-101/images/hot_dog/3733809.jpg,55,hot_dog
data/raw/food101/food-101/images/hot_dog/1161755.jpg,55,hot_dog
data/raw/food101/food-101/images/hot_dog/198641.jpg,55,hot_dog
data/raw/food101/food-101/images/hot_dog/142835.jpg,55,hot_dog
data/raw/food101/food-101/images/hot_dog/2208943.jpg,55,hot_dog
data/raw/food101/food-101/images/hot_dog/3716190.jpg,55,hot_dog
data/raw/food101/food-101/images/hot_dog/3637190.jpg,55,hot_dog
data/raw/food101/food-101/images/hot_dog/537584.jpg,55,hot_dog
data/raw/food101/food-101/images/hot_dog/3753950.jpg,55,hot_dog
data/raw/food101/food-101/images/hot_dog/413426.jpg,55,hot_dog
data/raw/food101/food-101/images/hot_dog/2101872.jpg,55,hot_dog
data/raw/food101/food-101/images/hot_dog/958900.jpg,55,hot_dog
data/raw/food101/food-101/images/hot_dog/1051711.jpg,55,hot_dog
data/raw/food101/food-101/images/hot_dog/1204467.jpg,55,hot_dog
data/raw/food101/food-101/images/hot_dog/1013916.jpg,55,hot_dog
data/raw/food101/food-101/images/hot_dog/195251.jpg,55,hot_dog
data/raw/food101/food-101/images/hot_dog/2274537.jpg,55,hot_dog
data/raw/food101/food-101/images/hot_dog/2356054.jpg,55,hot_dog
data/raw/food101/food-101/images/hot_dog/1174926.jpg,55,hot_dog
data/raw/food101/food-101/images/hot_dog/1648524.jpg,55,hot_dog
data/raw/food101/food-101/images/hot_dog/807265.jpg,55,hot_dog
data/raw/food101/food-101/images/hot_dog/1361606.jpg,55,hot_dog
data/raw/food101/food-101/images/hot_dog/1590664.jpg,55,hot_dog
data/raw/food101/food-101/images/hot_dog/409435.jpg,55,hot_dog
data/raw/food101/food-101/images/hot_dog/1361187.jpg,55,hot_dog
data/raw/food101/food-101/images/hot_dog/124323.jpg,55,hot_dog
data/raw/food101/food-101/images/hot_dog/724711.jpg,55,hot_dog
data/raw/food101/food-101/images/hot_dog/2222735.jpg,55,hot_dog
data/raw/food101/food-101/images/hot_dog/1234491.jpg,55,hot_dog
data/raw/food101/food-101/images/hot_dog/1946553.jpg,55,hot_dog
data/raw/food101/food-101/images/hot_dog/41226.jpg,55,hot_dog
data/raw/food101/food-101/images/hot_dog/571081.jpg,55,hot_dog
data/raw/food101/food-101/images/hot_dog/50617.jpg,55,hot_dog
data/raw/food101/food-101/images/hot_dog/146834.jpg,55,hot_dog
data/raw/food101/food-101/images/hot_dog/317564.jpg,55,hot_dog
data/raw/food101/food-101/images/hot_dog/3782895.jpg,55,hot_dog
data/raw/food101/food-101/images/hot_dog/628106.jpg,55,hot_dog
data/raw/food101/food-101/images/hot_dog/2723156.jpg,55,hot_dog
data/raw/food101/food-101/images/hot_dog/531567.jpg,55,hot_dog
data/raw/food101/food-101/images/hot_dog/1984097.jpg,55,hot_dog
data/raw/food101/food-101/images/hot_dog/2496797.jpg,55,hot_dog
data/raw/food101/food-101/images/hot_dog/2506388.jpg,55,hot_dog
data/raw/food101/food-101/images/hot_dog/133012.jpg,55,hot_dog
data/raw/food101/food-101/images/hot_dog/3838014.jpg,55,hot_dog
data/raw/food101/food-101/images/hot_dog/1143044.jpg,55,hot_dog
data/raw/food101/food-101/images/hot_dog/3312512.jpg,55,hot_dog
data/raw/food101/food-101/images/hot_dog/1236871.jpg,55,hot_dog
data/raw/food101/food-101/images/hot_dog/3092088.jpg,55,hot_dog
data/raw/food101/food-101/images/hot_dog/1588516.jpg,55,hot_dog
data/raw/food101/food-101/images/hot_dog/3414866.jpg,55,hot_dog
data/raw/food101/food-101/images/hot_dog/3915296.jpg,55,hot_dog
data/raw/food101/food-101/images/hot_dog/171607.jpg,55,hot_dog
data/raw/food101/food-101/images/hot_dog/1389788.jpg,55,hot_dog
data/raw/food101/food-101/images/hot_dog/400228.jpg,55,hot_dog
data/raw/food101/food-101/images/hot_dog/1166929.jpg,55,hot_dog
data/raw/food101/food-101/images/hot_dog/2446862.jpg,55,hot_dog
data/raw/food101/food-101/images/hot_dog/3000439.jpg,55,hot_dog
data/raw/food101/food-101/images/hot_dog/380645.jpg,55,hot_dog
data/raw/food101/food-101/images/hot_dog/1498448.jpg,55,hot_dog
data/raw/food101/food-101/images/hot_dog/365524.jpg,55,hot_dog
data/raw/food101/food-101/images/hot_dog/2590700.jpg,55,hot_dog
data/raw/food101/food-101/images/hot_dog/1829891.jpg,55,hot_dog
data/raw/food101/food-101/images/huevos_rancheros/2440240.jpg,56,huevos_rancheros
data/raw/food101/food-101/images/huevos_rancheros/3101070.jpg,56,huevos_rancheros
data/raw/food101/food-101/images/huevos_rancheros/198385.jpg,56,huevos_rancheros
data/raw/food101/food-101/images/huevos_rancheros/3421196.jpg,56,huevos_rancheros
data/raw/food101/food-101/images/huevos_rancheros/95203.jpg,56,huevos_rancheros
data/raw/food101/food-101/images/huevos_rancheros/2001514.jpg,56,huevos_rancheros
data/raw/food101/food-101/images/huevos_rancheros/2463916.jpg,56,huevos_rancheros
data/raw/food101/food-101/images/huevos_rancheros/783635.jpg,56,huevos_rancheros
data/raw/food101/food-101/images/huevos_rancheros/250468.jpg,56,huevos_rancheros
data/raw/food101/food-101/images/huevos_rancheros/3000534.jpg,56,huevos_rancheros
data/raw/food101/food-101/images/huevos_rancheros/2194303.jpg,56,huevos_rancheros
data/raw/food101/food-101/images/huevos_rancheros/244261.jpg,56,huevos_rancheros
data/raw/food101/food-101/images/huevos_rancheros/694461.jpg,56,huevos_rancheros
data/raw/food101/food-101/images/huevos_rancheros/2309799.jpg,56,huevos_rancheros
data/raw/food101/food-101/images/huevos_rancheros/349391.jpg,56,huevos_rancheros
data/raw/food101/food-101/images/huevos_rancheros/2641228.jpg,56,huevos_rancheros
data/raw/food101/food-101/images/huevos_rancheros/1742016.jpg,56,huevos_rancheros
data/raw/food101/food-101/images/huevos_rancheros/142538.jpg,56,huevos_rancheros
data/raw/food101/food-101/images/huevos_rancheros/490859.jpg,56,huevos_rancheros
data/raw/food101/food-101/images/huevos_rancheros/3344790.jpg,56,huevos_rancheros
data/raw/food101/food-101/images/huevos_rancheros/219237.jpg,56,huevos_rancheros
data/raw/food101/food-101/images/huevos_rancheros/3454584.jpg,56,huevos_rancheros
data/raw/food101/food-101/images/huevos_rancheros/771982.jpg,56,huevos_rancheros
data/raw/food101/food-101/images/huevos_rancheros/129355.jpg,56,huevos_rancheros
data/raw/food101/food-101/images/huevos_rancheros/3757424.jpg,56,huevos_rancheros
data/raw/food101/food-101/images/huevos_rancheros/978657.jpg,56,huevos_rancheros
data/raw/food101/food-101/images/huevos_rancheros/839662.jpg,56,huevos_rancheros
data/raw/food101/food-101/images/huevos_rancheros/1945247.jpg,56,huevos_rancheros
data/raw/food101/food-101/images/huevos_rancheros/2836689.jpg,56,huevos_rancheros
data/raw/food101/food-101/images/huevos_rancheros/719849.jpg,56,huevos_rancheros
data/raw/food101/food-101/images/huevos_rancheros/453260.jpg,56,huevos_rancheros
data/raw/food101/food-101/images/huevos_rancheros/118376.jpg,56,huevos_rancheros
data/raw/food101/food-101/images/huevos_rancheros/1046940.jpg,56,huevos_rancheros
data/raw/food101/food-101/images/huevos_rancheros/2085076.jpg,56,huevos_rancheros
data/raw/food101/food-101/images/huevos_rancheros/326626.jpg,56,huevos_rancheros
data/raw/food101/food-101/images/huevos_rancheros/1691108.jpg,56,huevos_rancheros
data/raw/food101/food-101/images/huevos_rancheros/2240965.jpg,56,huevos_rancheros
data/raw/food101/food-101/images/huevos_rancheros/1266705.jpg,56,huevos_rancheros
data/raw/food101/food-101/images/huevos_rancheros/2649963.jpg,56,huevos_rancheros
data/raw/food101/food-101/images/huevos_rancheros/629837.jpg,56,huevos_rancheros
data/raw/food101/food-101/images/huevos_rancheros/586020.jpg,56,huevos_rancheros
data/raw/food101/food-101/images/huevos_rancheros/3503684.jpg,56,huevos_rancheros
data/raw/food101/food-101/images/huevos_rancheros/2098763.jpg,56,huevos_rancheros
data/raw/food101/food-101/images/huevos_rancheros/300061.jpg,56,huevos_rancheros
data/raw/food101/food-101/images/huevos_rancheros/2796255.jpg,56,huevos_rancheros
data/raw/food101/food-101/images/huevos_rancheros/3391374.jpg,56,huevos_rancheros
data/raw/food101/food-101/images/huevos_rancheros/3729831.jpg,56,huevos_rancheros
data/raw/food101/food-101/images/huevos_rancheros/2004399.jpg,56,huevos_rancheros
data/raw/food101/food-101/images/huevos_rancheros/3001789.jpg,56,huevos_rancheros
data/raw/food101/food-101/images/huevos_rancheros/1081753.jpg,56,huevos_rancheros
data/raw/food101/food-101/images/huevos_rancheros/3226915.jpg,56,huevos_rancheros
data/raw/food101/food-101/images/huevos_rancheros/2940660.jpg,56,huevos_rancheros
data/raw/food101/food-101/images/huevos_rancheros/2022323.jpg,56,huevos_rancheros
data/raw/food101/food-101/images/huevos_rancheros/3002991.jpg,56,huevos_rancheros
data/raw/food101/food-101/images/huevos_rancheros/2614779.jpg,56,huevos_rancheros
data/raw/food101/food-101/images/huevos_rancheros/3477406.jpg,56,huevos_rancheros
data/raw/food101/food-101/images/huevos_rancheros/2677994.jpg,56,huevos_rancheros
data/raw/food101/food-101/images/huevos_rancheros/3168463.jpg,56,huevos_rancheros
data/raw/food101/food-101/images/huevos_rancheros/2291828.jpg,56,huevos_rancheros
data/raw/food101/food-101/images/huevos_rancheros/31008.jpg,56,huevos_rancheros
data/raw/food101/food-101/images/huevos_rancheros/2435081.jpg,56,huevos_rancheros
data/raw/food101/food-101/images/huevos_rancheros/632860.jpg,56,huevos_rancheros
data/raw/food101/food-101/images/huevos_rancheros/592231.jpg,56,huevos_rancheros
data/raw/food101/food-101/images/huevos_rancheros/1626186.jpg,56,huevos_rancheros
data/raw/food101/food-101/images/huevos_rancheros/2572991.jpg,56,huevos_rancheros
data/raw/food101/food-101/images/huevos_rancheros/120061.jpg,56,huevos_rancheros
data/raw/food101/food-101/images/huevos_rancheros/48164.jpg,56,huevos_rancheros
data/raw/food101/food-101/images/huevos_rancheros/3421452.jpg,56,huevos_rancheros
data/raw/food101/food-101/images/huevos_rancheros/1665139.jpg,56,huevos_rancheros
data/raw/food101/food-101/images/huevos_rancheros/2515455.jpg,56,huevos_rancheros
data/raw/food101/food-101/images/hummus/7045.jpg,57,hummus
data/raw/food101/food-101/images/hummus/1771000.jpg,57,hummus
data/raw/food101/food-101/images/hummus/1727088.jpg,57,hummus
data/raw/food101/food-101/images/hummus/3626094.jpg,57,hummus
data/raw/food101/food-101/images/hummus/3839839.jpg,57,hummus
data/raw/food101/food-101/images/hummus/728237.jpg,57,hummus
data/raw/food101/food-101/images/hummus/758580.jpg,57,hummus
data/raw/food101/food-101/images/hummus/146984.jpg,57,hummus
data/raw/food101/food-101/images/hummus/911910.jpg,57,hummus
data/raw/food101/food-101/images/hummus/3698315.jpg,57,hummus
data/raw/food101/food-101/images/hummus/3805904.jpg,57,hummus
data/raw/food101/food-101/images/hummus/2820964.jpg,57,hummus
data/raw/food101/food-101/images/hummus/2735302.jpg,57,hummus
data/raw/food101/food-101/images/hummus/3074736.jpg,57,hummus
data/raw/food101/food-101/images/hummus/2723920.jpg,57,hummus
data/raw/food101/food-101/images/hummus/928795.jpg,57,hummus
data/raw/food101/food-101/images/hummus/3305535.jpg,57,hummus
data/raw/food101/food-101/images/hummus/2717361.jpg,57,hummus
data/raw/food101/food-101/images/hummus/3707400.jpg,57,hummus
data/raw/food101/food-101/images/hummus/3659011.jpg,57,hummus
data/raw/food101/food-101/images/hummus/2884441.jpg,57,hummus
data/raw/food101/food-101/images/hummus/704957.jpg,57,hummus
data/raw/food101/food-101/images/hummus/2706088.jpg,57,hummus
data/raw/food101/food-101/images/hummus/1633164.jpg,57,hummus
data/raw/food101/food-101/images/hummus/1621333.jpg,57,hummus
data/raw/food101/food-101/images/hummus/1344102.jpg,57,hummus
data/raw/food101/food-101/images/hummus/3582576.jpg,57,hummus
data/raw/food101/food-101/images/hummus/62830.jpg,57,hummus
data/raw/food101/food-101/images/hummus/710468.jpg,57,hummus
data/raw/food101/food-101/images/hummus/2948337.jpg,57,hummus
data/raw/food101/food-101/images/hummus/2322504.jpg,57,hummus
data/raw/food101/food-101/images/hummus/3762432.jpg,57,hummus
data/raw/food101/food-101/images/hummus/1872933.jpg,57,hummus
data/raw/food101/food-101/images/hummus/2576469.jpg,57,hummus
data/raw/food101/food-101/images/hummus/404322.jpg,57,hummus
data/raw/food101/food-101/images/hummus/537498.jpg,57,hummus
data/raw/food101/food-101/images/hummus/2349672.jpg,57,hummus
data/raw/food101/food-101/images/hummus/2693356.jpg,57,hummus
data/raw/food101/food-101/images/hummus/3536609.jpg,57,hummus
data/raw/food101/food-101/images/hummus/2875052.jpg,57,hummus
data/raw/food101/food-101/images/hummus/2060181.jpg,57,hummus
data/raw/food101/food-101/images/hummus/1203556.jpg,57,hummus
data/raw/food101/food-101/images/hummus/956912.jpg,57,hummus
data/raw/food101/food-101/images/hummus/1581155.jpg,57,hummus
data/raw/food101/food-101/images/hummus/110102.jpg,57,hummus
data/raw/food101/food-101/images/hummus/1760498.jpg,57,hummus
data/raw/food101/food-101/images/hummus/3732066.jpg,57,hummus
data/raw/food101/food-101/images/hummus/1671193.jpg,57,hummus
data/raw/food101/food-101/images/hummus/636854.jpg,57,hummus
data/raw/food101/food-101/images/hummus/1146889.jpg,57,hummus
data/raw/food101/food-101/images/hummus/3907572.jpg,57,hummus
data/raw/food101/food-101/images/hummus/2679612.jpg,57,hummus
data/raw/food101/food-101/images/hummus/749328.jpg,57,hummus
data/raw/food101/food-101/images/hummus/2133178.jpg,57,hummus
data/raw/food101/food-101/images/hummus/820283.jpg,57,hummus
data/raw/food101/food-101/images/hummus/2335123.jpg,57,hummus
data/raw/food101/food-101/images/hummus/764416.jpg,57,hummus
data/raw/food101/food-101/images/hummus/3917512.jpg,57,hummus
data/raw/food101/food-101/images/hummus/809685.jpg,57,hummus
data/raw/food101/food-101/images/hummus/1921742.jpg,57,hummus
data/raw/food101/food-101/images/hummus/2647258.jpg,57,hummus
data/raw/food101/food-101/images/hummus/1957001.jpg,57,hummus
data/raw/food101/food-101/images/hummus/3052218.jpg,57,hummus
data/raw/food101/food-101/images/hummus/2966612.jpg,57,hummus
data/raw/food101/food-101/images/hummus/2490999.jpg,57,hummus
data/raw/food101/food-101/images/hummus/3787239.jpg,57,hummus
data/raw/food101/food-101/images/hummus/2471947.jpg,57,hummus
data/raw/food101/food-101/images/hummus/1088772.jpg,57,hummus
data/raw/food101/food-101/images/hummus/2427162.jpg,57,hummus
data/raw/food101/food-101/images/hummus/586849.jpg,57,hummus
data/raw/food101/food-101/images/ice_cream/3670849.jpg,58,ice_cream
data/raw/food101/food-101/images/ice_cream/3323080.jpg,58,ice_cream
data/raw/food101/food-101/images/ice_cream/3916923.jpg,58,ice_cream
data/raw/food101/food-101/images/ice_cream/1615627.jpg,58,ice_cream
data/raw/food101/food-101/images/ice_cream/166751.jpg,58,ice_cream
data/raw/food101/food-101/images/ice_cream/138570.jpg,58,ice_cream
data/raw/food101/food-101/images/ice_cream/3320357.jpg,58,ice_cream
data/raw/food101/food-101/images/ice_cream/580476.jpg,58,ice_cream
data/raw/food101/food-101/images/ice_cream/822123.jpg,58,ice_cream
data/raw/food101/food-101/images/ice_cream/128955.jpg,58,ice_cream
data/raw/food101/food-101/images/ice_cream/2223225.jpg,58,ice_cream
data/raw/food101/food-101/images/ice_cream/844744.jpg,58,ice_cream
data/raw/food101/food-101/images/ice_cream/63878.jpg,58,ice_cream
data/raw/food101/food-101/images/ice_cream/409022.jpg,58,ice_cream
data/raw/food101/food-101/images/ice_cream/120289.jpg,58,ice_cream
data/raw/food101/food-101/images/ice_cream/155035.jpg,58,ice_cream
data/raw/food101/food-101/images/ice_cream/416421.jpg,58,ice_cream
data/raw/food101/food-101/images/ice_cream/2172120.jpg,58,ice_cream
data/raw/food101/food-101/images/ice_cream/3818699.jpg,58,ice_cream
data/raw/food101/food-101/images/ice_cream/830925.jpg,58,ice_cream
data/raw/food101/food-101/images/ice_cream/3754312.jpg,58,ice_cream
data/raw/food101/food-101/images/ice_cream/81939.jpg,58,ice_cream
data/raw/food101/food-101/images/ice_cream/1718861.jpg,58,ice_cream
data/raw/food101/food-101/images/ice_cream/2361283.jpg,58,ice_cream
data/raw/food101/food-101/images/ice_cream/2280110.jpg,58,ice_cream
data/raw/food101/food-101/images/ice_cream/1844971.jpg,58,ice_cream
data/raw/food101/food-101/images/ice_cream/649649.jpg,58,ice_cream
data/raw/food101/food-101/images/ice_cream/1052863.jpg,58,ice_cream
data/raw/food101/food-101/images/ice_cream/3899164.jpg,58,ice_cream
data/raw/food101/food-101/images/ice_cream/1638621.jpg,58,ice_cream
data/raw/food101/food-101/images/ice_cream/1638501.jpg,58,ice_cream
data/raw/food101/food-101/images/ice_cream/2244833.jpg,58,ice_cream
data/raw/food101/food-101/images/ice_cream/1801809.jpg,58,ice_cream
data/raw/food101/food-101/images/ice_cream/2809528.jpg,58,ice_cream
data/raw/food101/food-101/images/ice_cream/2516341.jpg,58,ice_cream
data/raw/food101/food-101/images/ice_cream/1427476.jpg,58,ice_cream
data/raw/food101/food-101/images/ice_cream/3655102.jpg,58,ice_cream
data/raw/food101/food-101/images/ice_cream/47909.jpg,58,ice_cream
data/raw/food101/food-101/images/ice_cream/669934.jpg,58,ice_cream
data/raw/food101/food-101/images/ice_cream/1291046.jpg,58,ice_cream
data/raw/food101/food-101/images/ice_cream/2720178.jpg,58,ice_cream
data/raw/food101/food-101/images/ice_cream/3177785.jpg,58,ice_cream
data/raw/food101/food-101/images/ice_cream/1944459.jpg,58,ice_cream
data/raw/food101/food-101/images/ice_cream/627927.jpg,58,ice_cream
data/raw/food101/food-101/images/ice_cream/1873109.jpg,58,ice_cream
data/raw/food101/food-101/images/ice_cream/424908.jpg,58,ice_cream
data/raw/food101/food-101/images/ice_cream/1371104.jpg,58,ice_cream
data/raw/food101/food-101/images/ice_cream/2343204.jpg,58,ice_cream
data/raw/food101/food-101/images/ice_cream/783240.jpg,58,ice_cream
data/raw/food101/food-101/images/ice_cream/2463570.jpg,58,ice_cream
data/raw/food101/food-101/images/ice_cream/3276711.jpg,58,ice_cream
data/raw/food101/food-101/images/ice_cream/2970904.jpg,58,ice_cream
data/raw/food101/food-101/images/ice_cream/623707.jpg,58,ice_cream
data/raw/food101/food-101/images/ice_cream/680572.jpg,58,ice_cream
data/raw/food101/food-101/images/ice_cream/306078.jpg,58,ice_cream
data/raw/food101/food-101/images/ice_cream/2012607.jpg,58,ice_cream
data/raw/food101/food-101/images/ice_cream/3596541.jpg,58,ice_cream
data/raw/food101/food-101/images/ice_cream/1078154.jpg,58,ice_cream
data/raw/food101/food-101/images/ice_cream/3903263.jpg,58,ice_cream
data/raw/food101/food-101/images/ice_cream/1533825.jpg,58,ice_cream
data/raw/food101/food-101/images/ice_cream/2227881.jpg,58,ice_cream
data/raw/food101/food-101/images/ice_cream/504131.jpg,58,ice_cream
data/raw/food101/food-101/images/ice_cream/347478.jpg,58,ice_cream
data/raw/food101/food-101/images/ice_cream/69414.jpg,58,ice_cream
data/raw/food101/food-101/images/ice_cream/3758284.jpg,58,ice_cream
data/raw/food101/food-101/images/ice_cream/45200.jpg,58,ice_cream
data/raw/food101/food-101/images/ice_cream/629644.jpg,58,ice_cream
data/raw/food101/food-101/images/ice_cream/101858.jpg,58,ice_cream
data/raw/food101/food-101/images/ice_cream/950902.jpg,58,ice_cream
data/raw/food101/food-101/images/ice_cream/3387082.jpg,58,ice_cream
data/raw/food101/food-101/images/lasagna/1821896.jpg,59,lasagna
data/raw/food101/food-101/images/lasagna/2738958.jpg,59,lasagna
data/raw/food101/food-101/images/lasagna/59395.jpg,59,lasagna
data/raw/food101/food-101/images/lasagna/3710892.jpg,59,lasagna
data/raw/food101/food-101/images/lasagna/2399240.jpg,59,lasagna
data/raw/food101/food-101/images/lasagna/3236598.jpg,59,lasagna
data/raw/food101/food-101/images/lasagna/946455.jpg,59,lasagna
data/raw/food101/food-101/images/lasagna/1803272.jpg,59,lasagna
data/raw/food101/food-101/images/lasagna/3051711.jpg,59,lasagna
data/raw/food101/food-101/images/lasagna/1552237.jpg,59,lasagna
data/raw/food101/food-101/images/lasagna/449777.jpg,59,lasagna
data/raw/food101/food-101/images/lasagna/1156225.jpg,59,lasagna
data/raw/food101/food-101/images/lasagna/554252.jpg,59,lasagna
data/raw/food101/food-101/images/lasagna/3360034.jpg,59,lasagna
data/raw/food101/food-101/images/lasagna/926925.jpg,59,lasagna
data/raw/food101/food-101/images/lasagna/186602.jpg,59,lasagna
data/raw/food101/food-101/images/lasagna/2735366.jpg,59,lasagna
data/raw/food101/food-101/images/lasagna/3030425.jpg,59,lasagna
data/raw/food101/food-101/images/lasagna/1829085.jpg,59,lasagna
data/raw/food101/food-101/images/lasagna/1665551.jpg,59,lasagna
data/raw/food101/food-101/images/lasagna/763059.jpg,59,lasagna
data/raw/food101/food-101/images/lasagna/1562876.jpg,59,lasagna
data/raw/food101/food-101/images/lasagna/3446431.jpg,59,lasagna
data/raw/food101/food-101/images/lasagna/1274267.jpg,59,lasagna
data/raw/food101/food-101/images/lasagna/3571128.jpg,59,lasagna
data/raw/food101/food-101/images/lasagna/2597245.jpg,59,lasagna
data/raw/food101/food-101/images/lasagna/3150494.jpg,59,lasagna
data/raw/food101/food-101/images/lasagna/3707044.jpg,59,lasagna
data/raw/food101/food-101/images/lasagna/1756114.jpg,59,lasagna
data/raw/food101/food-101/images/lasagna/2503772.jpg,59,lasagna
data/raw/food101/food-101/images/lasagna/1099431.jpg,59,lasagna
data/raw/food101/food-101/images/lasagna/2201056.jpg,59,lasagna
data/raw/food101/food-101/images/lasagna/3285210.jpg,59,lasagna
data/raw/food101/food-101/images/lasagna/2876355.jpg,59,lasagna
data/raw/food101/food-101/images/lasagna/2828941.jpg,59,lasagna
data/raw/food101/food-101/images/lasagna/1158491.jpg,59,lasagna
data/raw/food101/food-101/images/lasagna/970292.jpg,59,lasagna
data/raw/food101/food-101/images/lasagna/689830.jpg,59,lasagna
data/raw/food101/food-101/images/lasagna/2075525.jpg,59,lasagna
data/raw/food101/food-101/images/lasagna/3401997.jpg,59,lasagna
data/raw/food101/food-101/images/lasagna/1260880.jpg,59,lasagna
data/raw/food101/food-101/images/lasagna/1713927.jpg,59,lasagna
data/raw/food101/food-101/images/lasagna/2013208.jpg,59,lasagna
data/raw/food101/food-101/images/lasagna/2346118.jpg,59,lasagna
data/raw/food101/food-101/images/lasagna/687391.jpg,59,lasagna
data/raw/food101/food-101/images/lasagna/3273839.jpg,59,lasagna
data/raw/food101/food-101/images/lasagna/1022795.jpg,59,lasagna
data/raw/food101/food-101/images/lasagna/3636608.jpg,59,lasagna
data/raw/food101/food-101/images/lasagna/1047677.jpg,59,lasagna
data/raw/food101/food-101/images/lasagna/476030.jpg,59,lasagna
data/raw/food101/food-101/images/lasagna/3386685.jpg,59,lasagna
data/raw/food101/food-101/images/lasagna/863369.jpg,59,lasagna
data/raw/food101/food-101/images/lasagna/3383555.jpg,59,lasagna
data/raw/food101/food-101/images/lasagna/1786232.jpg,59,lasagna
data/raw/food101/food-101/images/lasagna/554376.jpg,59,lasagna
data/raw/food101/food-101/images/lasagna/2648995.jpg,59,lasagna
data/raw/food101/food-101/images/lasagna/1232697.jpg,59,lasagna
data/raw/food101/food-101/images/lasagna/1778663.jpg,59,lasagna
data/raw/food101/food-101/images/lasagna/3782507.jpg,59,lasagna
data/raw/food101/food-101/images/lasagna/1840370.jpg,59,lasagna
data/raw/food101/food-101/images/lasagna/467131.jpg,59,lasagna
data/raw/food101/food-101/images/lasagna/878484.jpg,59,lasagna
data/raw/food101/food-101/images/lasagna/3648309.jpg,59,lasagna
data/raw/food101/food-101/images/lasagna/1592411.jpg,59,lasagna
data/raw/food101/food-101/images/lasagna/2221894.jpg,59,lasagna
data/raw/food101/food-101/images/lasagna/3017550.jpg,59,lasagna
data/raw/food101/food-101/images/lasagna/3848032.jpg,59,lasagna
data/raw/food101/food-101/images/lasagna/2160855.jpg,59,lasagna
data/raw/food101/food-101/images/lasagna/2814252.jpg,59,lasagna
data/raw/food101/food-101/images/lasagna/3038573.jpg,59,lasagna
data/raw/food101/food-101/images/lobster_bisque/2437314.jpg,60,lobster_bisque
data/raw/food101/food-101/images/lobster_bisque/3418148.jpg,60,lobster_bisque
data/raw/food101/food-101/images/lobster_bisque/3789679.jpg,60,lobster_bisque
data/raw/food101/food-101/images/lobster_bisque/3732979.jpg,60,lobster_bisque
data/raw/food101/food-101/images/lobster_bisque/3867311.jpg,60,lobster_bisque
data/raw/food101/food-101/images/lobster_bisque/2857432.jpg,60,lobster_bisque
data/raw/food101/food-101/images/lobster_bisque/924935.jpg,60,lobster_bisque
data/raw/food101/food-101/images/lobster_bisque/3898860.jpg,60,lobster_bisque
data/raw/food101/food-101/images/lobster_bisque/3482748.jpg,60,lobster_bisque
data/raw/food101/food-101/images/lobster_bisque/1208485.jpg,60,lobster_bisque
data/raw/food101/food-101/images/lobster_bisque/306339.jpg,60,lobster_bisque
data/raw/food101/food-101/images/lobster_bisque/1181635.jpg,60,lobster_bisque
data/raw/food101/food-101/images/lobster_bisque/1262942.jpg,60,lobster_bisque
data/raw/food101/food-101/images/lobster_bisque/3211457.jpg,60,lobster_bisque
data/raw/food101/food-101/images/lobster_bisque/1486179.jpg,60,lobster_bisque
data/raw/food101/food-101/images/lobster_bisque/2726833.jpg,60,lobster_bisque
data/raw/food101/food-101/images/lobster_bisque/313833.jpg,60,lobster_bisque
data/raw/food101/food-101/images/lobster_bisque/2149820.jpg,60,lobster_bisque
data/raw/food101/food-101/images/lobster_bisque/3586140.jpg,60,lobster_bisque
data/raw/food101/food-101/images/lobster_bisque/2800504.jpg,60,lobster_bisque
data/raw/food101/food-101/images/lobster_bisque/2377165.jpg,60,lobster_bisque
data/raw/food101/food-101/images/lobster_bisque/2294502.jpg,60,lobster_bisque
data/raw/food101/food-101/images/lobster_bisque/948139.jpg,60,lobster_bisque
data/raw/food101/food-101/images/lobster_bisque/355682.jpg,60,lobster_bisque
data/raw/food101/food-101/images/lobster_bisque/562118.jpg,60,lobster_bisque
data/raw/food101/food-101/images/lobster_bisque/560101.jpg,60,lobster_bisque
data/raw/food101/food-101/images/lobster_bisque/3905328.jpg,60,lobster_bisque
data/raw/food101/food-101/images/lobster_bisque/3041716.jpg,60,lobster_bisque
data/raw/food101/food-101/images/lobster_bisque/3384407.jpg,60,lobster_bisque
data/raw/food101/food-101/images/lobster_bisque/3366864.jpg,60,lobster_bisque
data/raw/food101/food-101/images/lobster_bisque/1049170.jpg,60,lobster_bisque
data/raw/food101/food-101/images/lobster_bisque/1302613.jpg,60,lobster_bisque
data/raw/food101/food-101/images/lobster_bisque/2210776.jpg,60,lobster_bisque
data/raw/food101/food-101/images/lobster_bisque/1181329.jpg,60,lobster_bisque
data/raw/food101/food-101/images/lobster_bisque/3282795.jpg,60,lobster_bisque
data/raw/food101/food-101/images/lobster_bisque/2005142.jpg,60,lobster_bisque
data/raw/food101/food-101/images/lobster_bisque/1325403.jpg,60,lobster_bisque
data/raw/food101/food-101/images/lobster_bisque/3911101.jpg,60,lobster_bisque
data/raw/food101/food-101/images/lobster_bisque/2846241.jpg,60,lobster_bisque
data/raw/food101/food-101/images/lobster_bisque/3312963.jpg,60,lobster_bisque
data/raw/food101/food-101/images/lobster_bisque/684948.jpg,60,lobster_bisque
data/raw/food101/food-101/images/lobster_bisque/3855665.jpg,60,lobster_bisque
data/raw/food101/food-101/images/lobster_bisque/2992211.jpg,60,lobster_bisque
data/raw/food101/food-101/images/lobster_bisque/475609.jpg,60,lobster_bisque
data/raw/food101/food-101/images/lobster_bisque/2545346.jpg,60,lobster_bisque
data/raw/food101/food-101/images/lobster_bisque/1413029.jpg,60,lobster_bisque
data/raw/food101/food-101/images/lobster_bisque/2369419.jpg,60,lobster_bisque
data/raw/food101/food-101/images/lobster_bisque/1145916.jpg,60,lobster_bisque
data/raw/food101/food-101/images/lobster_bisque/2102223.jpg,60,lobster_bisque
data/raw/food101/food-101/images/lobster_bisque/819478.jpg,60,lobster_bisque
data/raw/food101/food-101/images/lobster_bisque/2744478.jpg,60,lobster_bisque
data/raw/food101/food-101/images/lobster_bisque/2047343.jpg,60,lobster_bisque
data/raw/food101/food-101/images/lobster_bisque/571872.jpg,60,lobster_bisque
data/raw/food101/food-101/images/lobster_bisque/3549428.jpg,60,lobster_bisque
data/raw/food101/food-101/images/lobster_bisque/364381.jpg,60,lobster_bisque
data/raw/food101/food-101/images/lobster_bisque/731573.jpg,60,lobster_bisque
data/raw/food101/food-101/images/lobster_bisque/3609455.jpg,60,lobster_bisque
data/raw/food101/food-101/images/lobster_bisque/3697467.jpg,60,lobster_bisque
data/raw/food101/food-101/images/lobster_bisque/3801201.jpg,60,lobster_bisque
data/raw/food101/food-101/images/lobster_bisque/3474145.jpg,60,lobster_bisque
data/raw/food101/food-101/images/lobster_bisque/2008968.jpg,60,lobster_bisque
data/raw/food101/food-101/images/lobster_bisque/1937677.jpg,60,lobster_bisque
data/raw/food101/food-101/images/lobster_bisque/1022294.jpg,60,lobster_bisque
data/raw/food101/food-101/images/lobster_bisque/1176326.jpg,60,lobster_bisque
data/raw/food101/food-101/images/lobster_bisque/3466502.jpg,60,lobster_bisque
data/raw/food101/food-101/images/lobster_bisque/2069023.jpg,60,lobster_bisque
data/raw/food101/food-101/images/lobster_bisque/2832941.jpg,60,lobster_bisque
data/raw/food101/food-101/images/lobster_bisque/2933697.jpg,60,lobster_bisque
data/raw/food101/food-101/images/lobster_bisque/1546866.jpg,60,lobster_bisque
data/raw/food101/food-101/images/lobster_bisque/2007600.jpg,60,lobster_bisque
data/raw/food101/food-101/images/lobster_roll_sandwich/2511985.jpg,61,lobster_roll_sandwich
data/raw/food101/food-101/images/lobster_roll_sandwich/2392046.jpg,61,lobster_roll_sandwich
data/raw/food101/food-101/images/lobster_roll_sandwich/342544.jpg,61,lobster_roll_sandwich
data/raw/food101/food-101/images/lobster_roll_sandwich/816323.jpg,61,lobster_roll_sandwich
data/raw/food101/food-101/images/lobster_roll_sandwich/1819149.jpg,61,lobster_roll_sandwich
data/raw/food101/food-101/images/lobster_roll_sandwich/2537819.jpg,61,lobster_roll_sandwich
data/raw/food101/food-101/images/lobster_roll_sandwich/55490.jpg,61,lobster_roll_sandwich
data/raw/food101/food-101/images/lobster_roll_sandwich/59272.jpg,61,lobster_roll_sandwich
data/raw/food101/food-101/images/lobster_roll_sandwich/1702756.jpg,61,lobster_roll_sandwich
data/raw/food101/food-101/images/lobster_roll_sandwich/744667.jpg,61,lobster_roll_sandwich
data/raw/food101/food-101/images/lobster_roll_sandwich/836473.jpg,61,lobster_roll_sandwich
data/raw/food101/food-101/images/lobster_roll_sandwich/2586973.jpg,61,lobster_roll_sandwich
data/raw/food101/food-101/images/lobster_roll_sandwich/3745552.jpg,61,lobster_roll_sandwich
data/raw/food101/food-101/images/lobster_roll_sandwich/111258.jpg,61,lobster_roll_sandwich
data/raw/food101/food-101/images/lobster_roll_sandwich/124649.jpg,61,lobster_roll_sandwich
data/raw/food101/food-101/images/lobster_roll_sandwich/682900.jpg,61,lobster_roll_sandwich
data/raw/food101/food-101/images/lobster_roll_sandwich/871614.jpg,61,lobster_roll_sandwich
data/raw/food101/food-101/images/lobster_roll_sandwich/178624.jpg,61,lobster_roll_sandwich
data/raw/food101/food-101/images/lobster_roll_sandwich/72371.jpg,61,lobster_roll_sandwich
data/raw/food101/food-101/images/lobster_roll_sandwich/1720219.jpg,61,lobster_roll_sandwich
data/raw/food101/food-101/images/lobster_roll_sandwich/675129.jpg,61,lobster_roll_sandwich
data/raw/food101/food-101/images/lobster_roll_sandwich/2736004.jpg,61,lobster_roll_sandwich
data/raw/food101/food-101/images/lobster_roll_sandwich/1755772.jpg,61,lobster_roll_sandwich
data/raw/food101/food-101/images/lobster_roll_sandwich/1846211.jpg,61,lobster_roll_sandwich
data/raw/food101/food-101/images/lobster_roll_sandwich/482603.jpg,61,lobster_roll_sandwich
data/raw/food101/food-101/images/lobster_roll_sandwich/1641132.jpg,61,lobster_roll_sandwich
data/raw/food101/food-101/images/lobster_roll_sandwich/280333.jpg,61,lobster_roll_sandwich
data/raw/food101/food-101/images/lobster_roll_sandwich/73141.jpg,61,lobster_roll_sandwich
data/raw/food101/food-101/images/lobster_roll_sandwich/164290.jpg,61,lobster_roll_sandwich
data/raw/food101/food-101/images/lobster_roll_sandwich/3083248.jpg,61,lobster_roll_sandwich
data/raw/food101/food-101/images/lobster_roll_sandwich/1487595.jpg,61,lobster_roll_sandwich
data/raw/food101/food-101/images/lobster_roll_sandwich/702829.jpg,61,lobster_roll_sandwich
data/raw/food101/food-101/images/lobster_roll_sandwich/789090.jpg,61,lobster_roll_sandwich
data/raw/food101/food-101/images/lobster_roll_sandwich/97570.jpg,61,lobster_roll_sandwich
data/raw/food101/food-101/images/lobster_roll_sandwich/1234475.jpg,61,lobster_roll_sandwich
data/raw/food101/food-101/images/lobster_roll_sandwich/3053834.jpg,61,lobster_roll_sandwich
data/raw/food101/food-101/images/lobster_roll_sandwich/2496951.jpg,61,lobster_roll_sandwich
data/raw/food101/food-101/images/lobster_roll_sandwich/1296468.jpg,61,lobster_roll_sandwich
data/raw/food101/food-101/images/lobster_roll_sandwich/482297.jpg,61,lobster_roll_sandwich
data/raw/food101/food-101/images/lobster_roll_sandwich/785005.jpg,61,lobster_roll_sandwich
data/raw/food101/food-101/images/lobster_roll_sandwich/1320062.jpg,61,lobster_roll_sandwich
data/raw/food101/food-101/images/lobster_roll_sandwich/2835515.jpg,61,lobster_roll_sandwich
data/raw/food101/food-101/images/lobster_roll_sandwich/2512499.jpg,61,lobster_roll_sandwich
data/raw/food101/food-101/images/lobster_roll_sandwich/676192.jpg,61,lobster_roll_sandwich
data/raw/food101/food-101/images/lobster_roll_sandwich/2395337.jpg,61,lobster_roll_sandwich
data/raw/food101/food-101/images/lobster_roll_sandwich/673660.jpg,61,lobster_roll_sandwich
data/raw/food101/food-101/images/lobster_roll_sandwich/2897810.jpg,61,lobster_roll_sandwich
data/raw/food101/food-101/images/lobster_roll_sandwich/3917911.jpg,61,lobster_roll_sandwich
data/raw/food101/food-101/images/lobster_roll_sandwich/3390768.jpg,61,lobster_roll_sandwich
data/raw/food101/food-101/images/lobster_roll_sandwich/1529071.jpg,61,lobster_roll_sandwich
data/raw/food101/food-101/images/lobster_roll_sandwich/762476.jpg,61,lobster_roll_sandwich
data/raw/food101/food-101/images/lobster_roll_sandwich/422954.jpg,61,lobster_roll_sandwich
data/raw/food101/food-101/images/lobster_roll_sandwich/3901621.jpg,61,lobster_roll_sandwich
data/raw/food101/food-101/images/lobster_roll_sandwich/3609554.jpg,61,lobster_roll_sandwich
data/raw/food101/food-101/images/lobster_roll_sandwich/527091.jpg,61,lobster_roll_sandwich
data/raw/food101/food-101/images/lobster_roll_sandwich/924415.jpg,61,lobster_roll_sandwich
data/raw/food101/food-101/images/lobster_roll_sandwich/2018224.jpg,61,lobster_roll_sandwich
data/raw/food101/food-101/images/lobster_roll_sandwich/474839.jpg,61,lobster_roll_sandwich
data/raw/food101/food-101/images/lobster_roll_sandwich/2406539.jpg,61,lobster_roll_sandwich
data/raw/food101/food-101/images/lobster_roll_sandwich/1009279.jpg,61,lobster_roll_sandwich
data/raw/food101/food-101/images/lobster_roll_sandwich/873007.jpg,61,lobster_roll_sandwich
data/raw/food101/food-101/images/lobster_roll_sandwich/2398162.jpg,61,lobster_roll_sandwich
data/raw/food101/food-101/images/lobster_roll_sandwich/1579253.jpg,61,lobster_roll_sandwich
data/raw/food101/food-101/images/lobster_roll_sandwich/1733310.jpg,61,lobster_roll_sandwich
data/raw/food101/food-101/images/lobster_roll_sandwich/2895107.jpg,61,lobster_roll_sandwich
data/raw/food101/food-101/images/lobster_roll_sandwich/1358168.jpg,61,lobster_roll_sandwich
data/raw/food101/food-101/images/lobster_roll_sandwich/720456.jpg,61,lobster_roll_sandwich
data/raw/food101/food-101/images/lobster_roll_sandwich/2204658.jpg,61,lobster_roll_sandwich
data/raw/food101/food-101/images/lobster_roll_sandwich/729940.jpg,61,lobster_roll_sandwich
data/raw/food101/food-101/images/lobster_roll_sandwich/2618716.jpg,61,lobster_roll_sandwich
data/raw/food101/food-101/images/macaroni_and_cheese/894544.jpg,62,macaroni_and_cheese
data/raw/food101/food-101/images/macaroni_and_cheese/3151405.jpg,62,macaroni_and_cheese
data/raw/food101/food-101/images/macaroni_and_cheese/272250.jpg,62,macaroni_and_cheese
data/raw/food101/food-101/images/macaroni_and_cheese/1164869.jpg,62,macaroni_and_cheese
data/raw/food101/food-101/images/macaroni_and_cheese/2132235.jpg,62,macaroni_and_cheese
data/raw/food101/food-101/images/macaroni_and_cheese/2696926.jpg,62,macaroni_and_cheese
data/raw/food101/food-101/images/macaroni_and_cheese/1896898.jpg,62,macaroni_and_cheese
data/raw/food101/food-101/images/macaroni_and_cheese/1395119.jpg,62,macaroni_and_cheese
data/raw/food101/food-101/images/macaroni_and_cheese/904892.jpg,62,macaroni_and_cheese
data/raw/food101/food-101/images/macaroni_and_cheese/1962285.jpg,62,macaroni_and_cheese
data/raw/food101/food-101/images/macaroni_and_cheese/895080.jpg,62,macaroni_and_cheese
data/raw/food101/food-101/images/macaroni_and_cheese/999056.jpg,62,macaroni_and_cheese
data/raw/food101/food-101/images/macaroni_and_cheese/35934.jpg,62,macaroni_and_cheese
data/raw/food101/food-101/images/macaroni_and_cheese/2651072.jpg,62,macaroni_and_cheese
data/raw/food101/food-101/images/macaroni_and_cheese/1451714.jpg,62,macaroni_and_cheese
data/raw/food101/food-101/images/macaroni_and_cheese/2919991.jpg,62,macaroni_and_cheese
data/raw/food101/food-101/images/macaroni_and_cheese/1557275.jpg,62,macaroni_and_cheese
data/raw/food101/food-101/images/macaroni_and_cheese/1655800.jpg,62,macaroni_and_cheese
data/raw/food101/food-101/images/macaroni_and_cheese/932725.jpg,62,macaroni_and_cheese
data/raw/food101/food-101/images/macaroni_and_cheese/1439523.jpg,62,macaroni_and_cheese
data/raw/food101/food-101/images/macaroni_and_cheese/3918946.jpg,62,macaroni_and_cheese
data/raw/food101/food-101/images/macaroni_and_cheese/1927147.jpg,62,macaroni_and_cheese
data/raw/food101/food-101/images/macaroni_and_cheese/962395.jpg,62,macaroni_and_cheese
data/raw/food101/food-101/images/macaroni_and_cheese/3320246.jpg,62,macaroni_and_cheese
data/raw/food101/food-101/images/macaroni_and_cheese/2120507.jpg,62,macaroni_and_cheese
data/raw/food101/food-101/images/macaroni_and_cheese/2335480.jpg,62,macaroni_and_cheese
data/raw/food101/food-101/images/macaroni_and_cheese/3228504.jpg,62,macaroni_and_cheese
data/raw/food101/food-101/images/macaroni_and_cheese/1567799.jpg,62,macaroni_and_cheese
data/raw/food101/food-101/images/macaroni_and_cheese/663594.jpg,62,macaroni_and_cheese
data/raw/food101/food-101/images/macaroni_and_cheese/1742067.jpg,62,macaroni_and_cheese
data/raw/food101/food-101/images/macaroni_and_cheese/3901944.jpg,62,macaroni_and_cheese
data/raw/food101/food-101/images/macaroni_and_cheese/3049955.jpg,62,macaroni_and_cheese
data/raw/food101/food-101/images/macaroni_and_cheese/785014.jpg,62,macaroni_and_cheese
data/raw/food101/food-101/images/macaroni_and_cheese/866956.jpg,62,macaroni_and_cheese
data/raw/food101/food-101/images/macaroni_and_cheese/2257604.jpg,62,macaroni_and_cheese
data/raw/food101/food-101/images/macaroni_and_cheese/1932367.jpg,62,macaroni_and_cheese
data/raw/food101/food-101/images/macaroni_and_cheese/1488800.jpg,62,macaroni_and_cheese
data/raw/food101/food-101/images/macaroni_and_cheese/2384515.jpg,62,macaroni_and_cheese
data/raw/food101/food-101/images/macaroni_and_cheese/268338.jpg,62,macaroni_and_cheese
data/raw/food101/food-101/images/macaroni_and_cheese/3557631.jpg,62,macaroni_and_cheese
data/raw/food101/food-101/images/macaroni_and_cheese/257566.jpg,62,macaroni_and_cheese
data/raw/food101/food-101/images/macaroni_and_cheese/1506442.jpg,62,macaroni_and_cheese
data/raw/food101/food-101/images/macaroni_and_cheese/1888050.jpg,62,macaroni_and_cheese
data/raw/food101/food-101/images/macaroni_and_cheese/1045365.jpg,62,macaroni_and_cheese
data/raw/food101/food-101/images/macaroni_and_cheese/2541705.jpg,62,macaroni_and_cheese
data/raw/food101/food-101/images/macaroni_and_cheese/612758.jpg,62,macaroni_and_cheese
data/raw/food101/food-101/images/macaroni_and_cheese/2511907.jpg,62,macaroni_and_cheese
data/raw/food101/food-101/images/macaroni_and_cheese/1037782.jpg,62,macaroni_and_cheese
data/raw/food101/food-101/images/macaroni_and_cheese/526388.jpg,62,macaroni_and_cheese
data/raw/food101/food-101/images/macaroni_and_cheese/1018941.jpg,62,macaroni_and_cheese
data/raw/food101/food-101/images/macaroni_and_cheese/2467467.jpg,62,macaroni_and_cheese
data/raw/food101/food-101/images/macaroni_and_cheese/502428.jpg,62,macaroni_and_cheese
data/raw/food101/food-101/images/macaroni_and_cheese/2883493.jpg,62,macaroni_and_cheese
data/raw/food101/food-101/images/macaroni_and_cheese/2674740.jpg,62,macaroni_and_cheese
data/raw/food101/food-101/images/macaroni_and_cheese/2713636.jpg,62,macaroni_and_cheese
data/raw/food101/food-101/images/macaroni_and_cheese/303485.jpg,62,macaroni_and_cheese
data/raw/food101/food-101/images/macaroni_and_cheese/2494990.jpg,62,macaroni_and_cheese
data/raw/food101/food-101/images/macaroni_and_cheese/1029227.jpg,62,macaroni_and_cheese
data/raw/food101/food-101/images/macaroni_and_cheese/3593119.jpg,62,macaroni_and_cheese
data/raw/food101/food-101/images/macaroni_and_cheese/179639.jpg,62,macaroni_and_cheese
data/raw/food101/food-101/images/macaroni_and_cheese/1030355.jpg,62,macaroni_and_cheese
data/raw/food101/food-101/images/macaroni_and_cheese/3518774.jpg,62,macaroni_and_cheese
data/raw/food101/food-101/images/macaroni_and_cheese/2039720.jpg,62,macaroni_and_cheese
data/raw/food101/food-101/images/macaroni_and_cheese/3865086.jpg,62,macaroni_and_cheese
data/raw/food101/food-101/images/macaroni_and_cheese/273194.jpg,62,macaroni_and_cheese
data/raw/food101/food-101/images/macaroni_and_cheese/2619617.jpg,62,macaroni_and_cheese
data/raw/food101/food-101/images/macaroni_and_cheese/1636922.jpg,62,macaroni_and_cheese
data/raw/food101/food-101/images/macaroni_and_cheese/3469513.jpg,62,macaroni_and_cheese
data/raw/food101/food-101/images/macaroni_and_cheese/3437194.jpg,62,macaroni_and_cheese
data/raw/food101/food-101/images/macaroni_and_cheese/1079684.jpg,62,macaroni_and_cheese
data/raw/food101/food-101/images/macarons/1509967.jpg,63,macarons
data/raw/food101/food-101/images/macarons/1768022.jpg,63,macarons
data/raw/food101/food-101/images/macarons/1301530.jpg,63,macarons
data/raw/food101/food-101/images/macarons/1601019.jpg,63,macarons
data/raw/food101/food-101/images/macarons/2933315.jpg,63,macarons
data/raw/food101/food-101/images/macarons/1853278.jpg,63,macarons
data/raw/food101/food-101/images/macarons/356488.jpg,63,macarons
data/raw/food101/food-101/images/macarons/3810128.jpg,63,macarons
data/raw/food101/food-101/images/macarons/625572.jpg,63,macarons
data/raw/food101/food-101/images/macarons/15274.jpg,63,macarons
data/raw/food101/food-101/images/macarons/1783184.jpg,63,macarons
data/raw/food101/food-101/images/macarons/3759345.jpg,63,macarons
data/raw/food101/food-101/images/macarons/1461118.jpg,63,macarons
data/raw/food101/food-101/images/macarons/30074.jpg,63,macarons
data/raw/food101/food-101/images/macarons/3817153.jpg,63,macarons
data/raw/food101/food-101/images/macarons/3380415.jpg,63,macarons
data/raw/food101/food-101/images/macarons/2027383.jpg,63,macarons
data/raw/food101/food-101/images/macarons/419188.jpg,63,macarons
data/raw/food101/food-101/images/macarons/2566480.jpg,63,macarons
data/raw/food101/food-101/images/macarons/471095.jpg,63,macarons
data/raw/food101/food-101/images/macarons/2098532.jpg,63,macarons
data/raw/food101/food-101/images/macarons/641412.jpg,63,macarons
data/raw/food101/food-101/images/macarons/2539460.jpg,63,macarons
data/raw/food101/food-101/images/macarons/2813986.jpg,63,macarons
data/raw/food101/food-101/images/macarons/633941.jpg,63,macarons
data/raw/food101/food-101/images/macarons/3330565.jpg,63,macarons
data/raw/food101/food-101/images/macarons/2742302.jpg,63,macarons
data/raw/food101/food-101/images/macarons/2417801.jpg,63,macarons
data/raw/food101/food-101/images/macarons/3409723.jpg,63,macarons
data/raw/food101/food-101/images/macarons/342960.jpg,63,macarons
data/raw/food101/food-101/images/macarons/3061810.jpg,63,macarons
data/raw/food101/food-101/images/macarons/1739689.jpg,63,macarons
data/raw/food101/food-101/images/macarons/2149599.jpg,63,macarons
data/raw/food101/food-101/images/macarons/3151358.jpg,63,macarons
data/raw/food101/food-101/images/macarons/2703532.jpg,63,macarons
data/raw/food101/food-101/images/macarons/900250.jpg,63,macarons
data/raw/food101/food-101/images/macarons/1533492.jpg,63,macarons
data/raw/food101/food-101/images/macarons/1130136.jpg,63,macarons
data/raw/food101/food-101/images/macarons/2338306.jpg,63,macarons
data/raw/food101/food-101/images/macarons/759069.jpg,63,macarons
data/raw/food101/food-101/images/macarons/3182033.jpg,63,macarons
data/raw/food101/food-101/images/macarons/2902178.jpg,63,macarons
data/raw/food101/food-101/images/macarons/2188299.jpg,63,macarons
data/raw/food101/food-101/images/macarons/2272089.jpg,63,macarons
data/raw/food101/food-101/images/macarons/1886776.jpg,63,macarons
data/raw/food101/food-101/images/macarons/339397.jpg,63,macarons
data/raw/food101/food-101/images/macarons/994743.jpg,63,macarons
data/raw/food101/food-101/images/macarons/1519423.jpg,63,macarons
data/raw/food101/food-101/images/macarons/3761002.jpg,63,macarons
data/raw/food101/food-101/images/macarons/828950.jpg,63,macarons
data/raw/food101/food-101/images/macarons/2546580.jpg,63,macarons
data/raw/food101/food-101/images/macarons/3165950.jpg,63,macarons
data/raw/food101/food-101/images/macarons/898107.jpg,63,macarons
data/raw/food101/food-101/images/macarons/1490530.jpg,63,macarons
data/raw/food101/food-101/images/macarons/2552948.jpg,63,macarons
data/raw/food101/food-101/images/macarons/3193693.jpg,63,macarons
data/raw/food101/food-101/images/macarons/1951681.jpg,63,macarons
data/raw/food101/food-101/images/macarons/1966837.jpg,63,macarons
data/raw/food101/food-101/images/macarons/3749253.jpg,63,macarons
data/raw/food101/food-101/images/macarons/70104.jpg,63,macarons
data/raw/food101/food-101/images/macarons/1010087.jpg,63,macarons
data/raw/food101/food-101/images/macarons/124381.jpg,63,macarons
data/raw/food101/food-101/images/macarons/1748367.jpg,63,macarons
data/raw/food101/food-101/images/macarons/2330406.jpg,63,macarons
data/raw/food101/food-101/images/macarons/1161488.jpg,63,macarons
data/raw/food101/food-101/images/macarons/1360090.jpg,63,macarons
data/raw/food101/food-101/images/macarons/3106655.jpg,63,macarons
data/raw/food101/food-101/images/macarons/1908612.jpg,63,macarons
data/raw/food101/food-101/images/macarons/3785921.jpg,63,macarons
data/raw/food101/food-101/images/macarons/886805.jpg,63,macarons
data/raw/food101/food-101/images/miso_soup/946944.jpg,64,miso_soup
data/raw/food101/food-101/images/miso_soup/2885295.jpg,64,miso_soup
data/raw/food101/food-101/images/miso_soup/892111.jpg,64,miso_soup
data/raw/food101/food-101/images/miso_soup/2592576.jpg,64,miso_soup
data/raw/food101/food-101/images/miso_soup/3444352.jpg,64,miso_soup
data/raw/food101/food-101/images/miso_soup/1143538.jpg,64,miso_soup
data/raw/food101/food-101/images/miso_soup/1261966.jpg,64,miso_soup
data/raw/food101/food-101/images/miso_soup/3735496.jpg,64,miso_soup
data/raw/food101/food-101/images/miso_soup/1654742.jpg,64,miso_soup
data/raw/food101/food-101/images/miso_soup/2647080.jpg,64,miso_soup
data/raw/food101/food-101/images/miso_soup/2344616.jpg,64,miso_soup
data/raw/food101/food-101/images/miso_soup/2296062.jpg,64,miso_soup
data/raw/food101/food-101/images/miso_soup/3803792.jpg,64,miso_soup
data/raw/food101/food-101/images/miso_soup/2853274.jpg,64,miso_soup
data/raw/food101/food-101/images/miso_soup/2150476.jpg,64,miso_soup
data/raw/food101/food-101/images/miso_soup/1701253.jpg,64,miso_soup
data/raw/food101/food-101/images/miso_soup/2985083.jpg,64,miso_soup
data/raw/food101/food-101/images/miso_soup/461211.jpg,64,miso_soup
data/raw/food101/food-101/images/miso_soup/3047475.jpg,64,miso_soup
data/raw/food101/food-101/images/miso_soup/315382.jpg,64,miso_soup
data/raw/food101/food-101/images/miso_soup/2966338.jpg,64,miso_soup
data/raw/food101/food-101/images/miso_soup/1513919.jpg,64,miso_soup
data/raw/food101/food-101/images/miso_soup/3517228.jpg,64,miso_soup
data/raw/food101/food-101/images/miso_soup/2721146.jpg,64,miso_soup
data/raw/food101/food-101/images/miso_soup/1769364.jpg,64,miso_soup
data/raw/food101/food-101/images/miso_soup/1828425.jpg,64,miso_soup
data/raw/food101/food-101/images/miso_soup/2717056.jpg,64,miso_soup
data/raw/food101/food-101/images/miso_soup/1778391.jpg,64,miso_soup
data/raw/food101/food-101/images/miso_soup/2814209.jpg,64,miso_soup
data/raw/food101/food-101/images/miso_soup/1846598.jpg,64,miso_soup
data/raw/food101/food-101/images/miso_soup/1766505.jpg,64,miso_soup
data/raw/food101/food-101/images/miso_soup/2004631.jpg,64,miso_soup
data/raw/food101/food-101/images/miso_soup/3309540.jpg,64,miso_soup
data/raw/food101/food-101/images/miso_soup/3362093.jpg,64,miso_soup
data/raw/food101/food-101/images/miso_soup/68382.jpg,64,miso_soup
data/raw/food101/food-101/images/miso_soup/3361351.jpg,64,miso_soup
data/raw/food101/food-101/images/miso_soup/2854046.jpg,64,miso_soup
data/raw/food101/food-101/images/miso_soup/3023679.jpg,64,miso_soup
data/raw/food101/food-101/images/miso_soup/1912606.jpg,64,miso_soup
data/raw/food101/food-101/images/miso_soup/2894635.jpg,64,miso_soup
data/raw/food101/food-101/images/miso_soup/3896677.jpg,64,miso_soup
data/raw/food101/food-101/images/miso_soup/1183199.jpg,64,miso_soup
data/raw/food101/food-101/images/miso_soup/2127338.jpg,64,miso_soup
data/raw/food101/food-101/images/miso_soup/757628.jpg,64,miso_soup
data/raw/food101/food-101/images/miso_soup/2907057.jpg,64,miso_soup
data/raw/food101/food-101/images/miso_soup/2473037.jpg,64,miso_soup
data/raw/food101/food-101/images/miso_soup/52370.jpg,64,miso_soup
data/raw/food101/food-101/images/miso_soup/2657598.jpg,64,miso_soup
data/raw/food101/food-101/images/miso_soup/2826697.jpg,64,miso_soup
data/raw/food101/food-101/images/miso_soup/3520005.jpg,64,miso_soup
data/raw/food101/food-101/images/miso_soup/3340151.jpg,64,miso_soup
data/raw/food101/food-101/images/miso_soup/1056044.jpg,64,miso_soup
data/raw/food101/food-101/images/miso_soup/2633674.jpg,64,miso_soup
data/raw/food101/food-101/images/miso_soup/2541300.jpg,64,miso_soup
data/raw/food101/food-101/images/miso_soup/3155462.jpg,64,miso_soup
data/raw/food101/food-101/images/miso_soup/1310388.jpg,64,miso_soup
data/raw/food101/food-101/images/miso_soup/3649765.jpg,64,miso_soup
data/raw/food101/food-101/images/miso_soup/2653411.jpg,64,miso_soup
data/raw/food101/food-101/images/miso_soup/2779355.jpg,64,miso_soup
data/raw/food101/food-101/images/miso_soup/2496444.jpg,64,miso_soup
data/raw/food101/food-101/images/miso_soup/2616040.jpg,64,miso_soup
data/raw/food101/food-101/images/miso_soup/2458614.jpg,64,miso_soup
data/raw/food101/food-101/images/miso_soup/1098548.jpg,64,miso_soup
data/raw/food101/food-101/images/miso_soup/448055.jpg,64,miso_soup
data/raw/food101/food-101/images/miso_soup/1934056.jpg,64,miso_soup
data/raw/food101/food-101/images/miso_soup/1361065.jpg,64,miso_soup
data/raw/food101/food-101/images/miso_soup/2881825.jpg,64,miso_soup
data/raw/food101/food-101/images/miso_soup/2927087.jpg,64,miso_soup
data/raw/food101/food-101/images/miso_soup/2285659.jpg,64,miso_soup
data/raw/food101/food-101/images/miso_soup/2836228.jpg,64,miso_soup
data/raw/food101/food-101/images/mussels/2483123.jpg,65,mussels
data/raw/food101/food-101/images/mussels/2846334.jpg,65,mussels
data/raw/food101/food-101/images/mussels/2243217.jpg,65,mussels
data/raw/food101/food-101/images/mussels/680420.jpg,65,mussels
data/raw/food101/food-101/images/mussels/2245717.jpg,65,mussels
data/raw/food101/food-101/images/mussels/2496789.jpg,65,mussels
data/raw/food101/food-101/images/mussels/3782065.jpg,65,mussels
data/raw/food101/food-101/images/mussels/487328.jpg,65,mussels
data/raw/food101/food-101/images/mussels/3350285.jpg,65,mussels
data/raw/food101/food-101/images/mussels/2467761.jpg,65,mussels
data/raw/food101/food-101/images/mussels/3652496.jpg,65,mussels
data/raw/food101/food-101/images/mussels/3914735.jpg,65,mussels
data/raw/food101/food-101/images/mussels/571819.jpg,65,mussels
data/raw/food101/food-101/images/mussels/67522.jpg,65,mussels
data/raw/food101/food-101/images/mussels/1419868.jpg,65,mussels
data/raw/food101/food-101/images/mussels/364126.jpg,65,mussels
data/raw/food101/food-101/images/mussels/3659589.jpg,65,mussels
data/raw/food101/food-101/images/mussels/3069969.jpg,65,mussels
data/raw/food101/food-101/images/mussels/2044443.jpg,65,mussels
data/raw/food101/food-101/images/mussels/2046534.jpg,65,mussels
data/raw/food101/food-101/images/mussels/3846921.jpg,65,mussels
data/raw/food101/food-101/images/mussels/1280373.jpg,65,mussels
data/raw/food101/food-101/images/mussels/3805779.jpg,65,mussels
data/raw/food101/food-101/images/mussels/2588131.jpg,65,mussels
data/raw/food101/food-101/images/mussels/1102616.jpg,65,mussels
data/raw/food101/food-101/images/mussels/2743520.jpg,65,mussels
data/raw/food101/food-101/images/mussels/1033589.jpg,65,mussels
data/raw/food101/food-101/images/mussels/418696.jpg,65,mussels
data/raw/food101/food-101/images/mussels/3090791.jpg,65,mussels
data/raw/food101/food-101/images/mussels/3659080.jpg,65,mussels
data/raw/food101/food-101/images/mussels/425004.jpg,65,mussels
data/raw/food101/food-101/images/mussels/3666621.jpg,65,mussels
data/raw/food101/food-101/images/mussels/2918644.jpg,65,mussels
data/raw/food101/food-101/images/mussels/1900564.jpg,65,mussels
data/raw/food101/food-101/images/mussels/1448940.jpg,65,mussels
data/raw/food101/food-101/images/mussels/2540335.jpg,65,mussels
data/raw/food101/food-101/images/mussels/406326.jpg,65,mussels
data/raw/food101/food-101/images/mussels/995697.jpg,65,mussels
data/raw/food101/food-101/images/mussels/2732464.jpg,65,mussels
data/raw/food101/food-101/images/mussels/3238774.jpg,65,mussels
data/raw/food101/food-101/images/mussels/3271742.jpg,65,mussels
data/raw/food101/food-101/images/mussels/1009170.jpg,65,mussels
data/raw/food101/food-101/images/mussels/1794490.jpg,65,mussels
data/raw/food101/food-101/images/mussels/2218038.jpg,65,mussels
data/raw/food101/food-101/images/mussels/2279378.jpg,65,mussels
data/raw/food101/food-101/images/mussels/1701492.jpg,65,mussels
data/raw/food101/food-101/images/mussels/2312470.jpg,65,mussels
data/raw/food101/food-101/images/mussels/3090790.jpg,65,mussels
data/raw/food101/food-101/images/mussels/2955790.jpg,65,mussels
data/raw/food101/food-101/images/mussels/1698108.jpg,65,mussels
data/raw/food101/food-101/images/mussels/476355.jpg,65,mussels
data/raw/food101/food-101/images/mussels/2847592.jpg,65,mussels
data/raw/food101/food-101/images/mussels/1358789.jpg,65,mussels
data/raw/food101/food-101/images/mussels/616424.jpg,65,mussels
data/raw/food101/food-101/images/mussels/654688.jpg,65,mussels
data/raw/food101/food-101/images/mussels/2760364.jpg,65,mussels
data/raw/food101/food-101/images/mussels/770505.jpg,65,mussels
data/raw/food101/food-101/images/mussels/508137.jpg,65,mussels
data/raw/food101/food-101/images/mussels/388844.jpg,65,mussels
data/raw/food101/food-101/images/mussels/3778352.jpg,65,mussels
data/raw/food101/food-101/images/mussels/1911707.jpg,65,mussels
data/raw/food101/food-101/images/mussels/269879.jpg,65,mussels
data/raw/food101/food-101/images/mussels/3057373.jpg,65,mussels
data/raw/food101/food-101/images/mussels/3381605.jpg,65,mussels
data/raw/food101/food-101/images/mussels/1329064.jpg,65,mussels
data/raw/food101/food-101/images/mussels/1324679.jpg,65,mussels
data/raw/food101/food-101/images/mussels/67478.jpg,65,mussels
data/raw/food101/food-101/images/mussels/2458014.jpg,65,mussels
data/raw/food101/food-101/images/mussels/3037751.jpg,65,mussels
data/raw/food101/food-101/images/mussels/2416280.jpg,65,mussels
data/raw/food101/food-101/images/nachos/2479204.jpg,66,nachos
data/raw/food101/food-101/images/nachos/3273369.jpg,66,nachos
data/raw/food101/food-101/images/nachos/2322541.jpg,66,nachos
data/raw/food101/food-101/images/nachos/2173559.jpg,66,nachos
data/raw/food101/food-101/images/nachos/939304.jpg,66,nachos
data/raw/food101/food-101/images/nachos/3228797.jpg,66,nachos
data/raw/food101/food-101/images/nachos/2677971.jpg,66,nachos
data/raw/food101/food-101/images/nachos/198664.jpg,66,nachos
data/raw/food101/food-101/images/nachos/3544245.jpg,66,nachos
data/raw/food101/food-101/images/nachos/745214.jpg,66,nachos
data/raw/food101/food-101/images/nachos/129600.jpg,66,nachos
data/raw/food101/food-101/images/nachos/975930.jpg,66,nachos
data/raw/food101/food-101/images/nachos/1835420.jpg,66,nachos
data/raw/food101/food-101/images/nachos/2029193.jpg,66,nachos
data/raw/food101/food-101/images/nachos/3187929.jpg,66,nachos
data/raw/food101/food-101/images/nachos/3581934.jpg,66,nachos
data/raw/food101/food-101/images/nachos/2002420.jpg,66,nachos
data/raw/food101/food-101/images/nachos/842843.jpg,66,nachos
data/raw/food101/food-101/images/nachos/1817582.jpg,66,nachos
data/raw/food101/food-101/images/nachos/319520.jpg,66,nachos
data/raw/food101/food-101/images/nachos/1796129.jpg,66,nachos
data/raw/food101/food-101/images/nachos/3431183.jpg,66,nachos
data/raw/food101/food-101/images/nachos/74023.jpg,66,nachos
data/raw/food101/food-101/images/nachos/2601529.jpg,66,nachos
data/raw/food101/food-101/images/nachos/961770.jpg,66,nachos
data/raw/food101/food-101/images/nachos/121508.jpg,66,nachos
data/raw/food101/food-101/images/nachos/2860968.jpg,66,nachos
data/raw/food101/food-101/images/nachos/3289374.jpg,66,nachos
data/raw/food101/food-101/images/nachos/1974403.jpg,66,nachos
data/raw/food101/food-101/images/nachos/2255726.jpg,66,nachos
data/raw/food101/food-101/images/nachos/462516.jpg,66,nachos
data/raw/food101/food-101/images/nachos/1306389.jpg,66,nachos
data/raw/food101/food-101/images/nachos/3115939.jpg,66,nachos
data/raw/food101/food-101/images/nachos/2592053.jpg,66,nachos
data/raw/food101/food-101/images/nachos/3243687.jpg,66,nachos
data/raw/food101/food-101/images/nachos/2972958.jpg,66,nachos
data/raw/food101/food-101/images/nachos/3401369.jpg,66,nachos
data/raw/food101/food-101/images/nachos/3885464.jpg,66,nachos
data/raw/food101/food-101/images/nachos/3587047.jpg,66,nachos
data/raw/food101/food-101/images/nachos/194644.jpg,66,nachos
data/raw/food101/food-101/images/nachos/3875988.jpg,66,nachos
data/raw/food101/food-101/images/nachos/1619079.jpg,66,nachos
data/raw/food101/food-101/images/nachos/2954462.jpg,66,nachos
data/raw/food101/food-101/images/nachos/3141667.jpg,66,nachos
data/raw/food101/food-101/images/nachos/862812.jpg,66,nachos
data/raw/food101/food-101/images/nachos/3570393.jpg,66,nachos
data/raw/food101/food-101/images/nachos/3102131.jpg,66,nachos
data/raw/food101/food-101/images/nachos/12182.jpg,66,nachos
data/raw/food101/food-101/images/nachos/532391.jpg,66,nachos
data/raw/food101/food-101/images/nachos/3594855.jpg,66,nachos
data/raw/food101/food-101/images/nachos/3461292.jpg,66,nachos
data/raw/food101/food-101/images/nachos/182335.jpg,66,nachos
data/raw/food101/food-101/images/nachos/235642.jpg,66,nachos
data/raw/food101/food-101/images/nachos/30238.jpg,66,nachos
data/raw/food101/food-101/images/nachos/2242753.jpg,66,nachos
data/raw/food101/food-101/images/nachos/321582.jpg,66,nachos
data/raw/food101/food-101/images/nachos/456896.jpg,66,nachos
data/raw/food101/food-101/images/nachos/2911030.jpg,66,nachos
data/raw/food101/food-101/images/nachos/1564717.jpg,66,nachos
data/raw/food101/food-101/images/nachos/90700.jpg,66,nachos
data/raw/food101/food-101/images/nachos/2806476.jpg,66,nachos
data/raw/food101/food-101/images/nachos/2357913.jpg,66,nachos
data/raw/food101/food-101/images/nachos/31083.jpg,66,nachos
data/raw/food101/food-101/images/nachos/3378575.jpg,66,nachos
data/raw/food101/food-101/images/nachos/443811.jpg,66,nachos
data/raw/food101/food-101/images/nachos/1336102.jpg,66,nachos
data/raw/food101/food-101/images/nachos/3304521.jpg,66,nachos
data/raw/food101/food-101/images/nachos/2267533.jpg,66,nachos
data/raw/food101/food-101/images/nachos/1866963.jpg,66,nachos
data/raw/food101/food-101/images/nachos/7194.jpg,66,nachos
data/raw/food101/food-101/images/omelette/3277194.jpg,67,omelette
data/raw/food101/food-101/images/omelette/2316420.jpg,67,omelette
data/raw/food101/food-101/images/omelette/2791607.jpg,67,omelette
data/raw/food101/food-101/images/omelette/1804289.jpg,67,omelette
data/raw/food101/food-101/images/omelette/3349416.jpg,67,omelette
data/raw/food101/food-101/images/omelette/621235.jpg,67,omelette
data/raw/food101/food-101/images/omelette/2705169.jpg,67,omelette
data/raw/food101/food-101/images/omelette/3435451.jpg,67,omelette
data/raw/food101/food-101/images/omelette/2669582.jpg,67,omelette
data/raw/food101/food-101/images/omelette/291767.jpg,67,omelette
data/raw/food101/food-101/images/omelette/323966.jpg,67,omelette
data/raw/food101/food-101/images/omelette/2895706.jpg,67,omelette
data/raw/food101/food-101/images/omelette/2313988.jpg,67,omelette
data/raw/food101/food-101/images/omelette/361660.jpg,67,omelette
data/raw/food101/food-101/images/omelette/137663.jpg,67,omelette
data/raw/food101/food-101/images/omelette/3803567.jpg,67,omelette
data/raw/food101/food-101/images/omelette/1262923.jpg,67,omelette
data/raw/food101/food-101/images/omelette/3893277.jpg,67,omelette
data/raw/food101/food-101/images/omelette/1940523.jpg,67,omelette
data/raw/food101/food-101/images/omelette/29620.jpg,67,omelette
data/raw/food101/food-101/images/omelette/1775792.jpg,67,omelette
data/raw/food101/food-101/images/omelette/414105.jpg,67,omelette
data/raw/food101/food-101/images/omelette/979474.jpg,67,omelette
data/raw/food101/food-101/images/omelette/1183877.jpg,67,omelette
data/raw/food101/food-101/images/omelette/3679354.jpg,67,omelette
data/raw/food101/food-101/images/omelette/582339.jpg,67,omelette
data/raw/food101/food-101/images/omelette/8093.jpg,67,omelette
data/raw/food101/food-101/images/omelette/2839849.jpg,67,omelette
data/raw/food101/food-101/images/omelette/1553315.jpg,67,omelette
data/raw/food101/food-101/images/omelette/162301.jpg,67,omelette
data/raw/food101/food-101/images/omelette/41958.jpg,67,omelette
data/raw/food101/food-101/images/omelette/3660875.jpg,67,omelette
data/raw/food101/food-101/images/omelette/1340083.jpg,67,omelette
data/raw/food101/food-101/images/omelette/3902995.jpg,67,omelette
data/raw/food101/food-101/images/omelette/2085711.jpg,67,omelette
data/raw/food101/food-101/images/omelette/2793709.jpg,67,omelette
data/raw/food101/food-101/images/omelette/708680.jpg,67,omelette
data/raw/food101/food-101/images/omelette/415917.jpg,67,omelette
data/raw/food101/food-101/images/omelette/1340384.jpg,67,omelette
data/raw/food101/food-101/images/omelette/1471452.jpg,67,omelette
data/raw/food101/food-101/images/omelette/2331938.jpg,67,omelette
data/raw/food101/food-101/images/omelette/1706123.jpg,67,omelette
data/raw/food101/food-101/images/omelette/3093431.jpg,67,omelette
data/raw/food101/food-101/images/omelette/2024009.jpg,67,omelette
data/raw/food101/food-101/images/omelette/353497.jpg,67,omelette
data/raw/food101/food-101/images/omelette/993789.jpg,67,omelette
data/raw/food101/food-101/images/omelette/1398640.jpg,67,omelette
data/raw/food101/food-101/images/omelette/179138.jpg,67,omelette
data/raw/food101/food-101/images/omelette/3473916.jpg,67,omelette
data/raw/food101/food-101/images/omelette/545679.jpg,67,omelette
data/raw/food101/food-101/images/omelette/2271198.jpg,67,omelette
data/raw/food101/food-101/images/omelette/757520.jpg,67,omelette
data/raw/food101/food-101/images/omelette/854036.jpg,67,omelette
data/raw/food101/food-101/images/omelette/14149.jpg,67,omelette
data/raw/food101/food-101/images/omelette/530142.jpg,67,omelette
data/raw/food101/food-101/images/omelette/2092205.jpg,67,omelette
data/raw/food101/food-101/images/omelette/2141908.jpg,67,omelette
data/raw/food101/food-101/images/omelette/299730.jpg,67,omelette
data/raw/food101/food-101/images/omelette/3037442.jpg,67,omelette
data/raw/food101/food-101/images/omelette/1938551.jpg,67,omelette
data/raw/food101/food-101/images/omelette/439598.jpg,67,omelette
data/raw/food101/food-101/images/omelette/2170687.jpg,67,omelette
data/raw/food101/food-101/images/omelette/1342474.jpg,67,omelette
data/raw/food101/food-101/images/omelette/1053091.jpg,67,omelette
data/raw/food101/food-101/images/omelette/2270636.jpg,67,omelette
data/raw/food101/food-101/images/omelette/3162893.jpg,67,omelette
data/raw/food101/food-101/images/omelette/247588.jpg,67,omelette
data/raw/food101/food-101/images/omelette/877605.jpg,67,omelette
data/raw/food101/food-101/images/omelette/3339045.jpg,67,omelette
data/raw/food101/food-101/images/omelette/1588961.jpg,67,omelette
data/raw/food101/food-101/images/onion_rings/2071875.jpg,68,onion_rings
data/raw/food101/food-101/images/onion_rings/3795987.jpg,68,onion_rings
data/raw/food101/food-101/images/onion_rings/3347938.jpg,68,onion_rings
data/raw/food101/food-101/images/onion_rings/3881070.jpg,68,onion_rings
data/raw/food101/food-101/images/onion_rings/2003210.jpg,68,onion_rings
data/raw/food101/food-101/images/onion_rings/1440584.jpg,68,onion_rings
data/raw/food101/food-101/images/onion_rings/1089683.jpg,68,onion_rings
data/raw/food101/food-101/images/onion_rings/2281694.jpg,68,onion_rings
data/raw/food101/food-101/images/onion_rings/849577.jpg,68,onion_rings
data/raw/food101/food-101/images/onion_rings/382380.jpg,68,onion_rings
data/raw/food101/food-101/images/onion_rings/1997362.jpg,68,onion_rings
data/raw/food101/food-101/images/onion_rings/814572.jpg,68,onion_rings
data/raw/food101/food-101/images/onion_rings/640383.jpg,68,onion_rings
data/raw/food101/food-101/images/onion_rings/1045637.jpg,68,onion_rings
data/raw/food101/food-101/images/onion_rings/2759088.jpg,68,onion_rings
data/raw/food101/food-101/images/onion_rings/1089654.jpg,68,onion_rings
data/raw/food101/food-101/images/onion_rings/469884.jpg,68,onion_rings
data/raw/food101/food-101/images/onion_rings/2594313.jpg,68,onion_rings
data/raw/food101/food-101/images/onion_rings/3544687.jpg,68,onion_rings
data/raw/food101/food-101/images/onion_rings/784882.jpg,68,onion_rings
data/raw/food101/food-101/images/onion_rings/1176121.jpg,68,onion_rings
data/raw/food101/food-101/images/onion_rings/521243.jpg,68,onion_rings
data/raw/food101/food-101/images/onion_rings/2354535.jpg,68,onion_rings
data/raw/food101/food-101/images/onion_rings/1126429.jpg,68,onion_rings
data/raw/food101/food-101/images/onion_rings/550304.jpg,68,onion_rings
data/raw/food101/food-101/images/onion_rings/1498308.jpg,68,onion_rings
data/raw/food101/food-101/images/onion_rings/2641263.jpg,68,onion_rings
data/raw/food101/food-101/images/onion_rings/1717844.jpg,68,onion_rings
data/raw/food101/food-101/images/onion_rings/2019627.jpg,68,onion_rings
data/raw/food101/food-101/images/onion_rings/2618003.jpg,68,onion_rings
data/raw/food101/food-101/images/onion_rings/923361.jpg,68,onion_rings
data/raw/food101/food-101/images/onion_rings/681387.jpg,68,onion_rings
data/raw/food101/food-101/images/onion_rings/437727.jpg,68,onion_rings
data/raw/food101/food-101/images/onion_rings/3287373.jpg,68,onion_rings
data/raw/food101/food-101/images/onion_rings/2701764.jpg,68,onion_rings
data/raw/food101/food-101/images/onion_rings/28869.jpg,68,onion_rings
data/raw/food101/food-101/images/onion_rings/1620661.jpg,68,onion_rings
data/raw/food101/food-101/images/onion_rings/2437711.jpg,68,onion_rings
data/raw/food101/food-101/images/onion_rings/1490057.jpg,68,onion_rings
data/raw/food101/food-101/images/onion_rings/722278.jpg,68,onion_rings
data/raw/food101/food-101/images/onion_rings/3273009.jpg,68,onion_rings
data/raw/food101/food-101/images/onion_rings/3875055.jpg,68,onion_rings
data/raw/food101/food-101/images/onion_rings/2106028.jpg,68,onion_rings
data/raw/food101/food-101/images/onion_rings/2467103.jpg,68,onion_rings
data/raw/food101/food-101/images/onion_rings/3524137.jpg,68,onion_rings
data/raw/food101/food-101/images/onion_rings/2675843.jpg,68,onion_rings
data/raw/food101/food-101/images/onion_rings/843839.jpg,68,onion_rings
data/raw/food101/food-101/images/onion_rings/3821371.jpg,68,onion_rings
data/raw/food101/food-101/images/onion_rings/51208.jpg,68,onion_rings
data/raw/food101/food-101/images/onion_rings/1600625.jpg,68,onion_rings
data/raw/food101/food-101/images/onion_rings/2463146.jpg,68,onion_rings
data/raw/food101/food-101/images/onion_rings/1431913.jpg,68,onion_rings
data/raw/food101/food-101/images/onion_rings/2553228.jpg,68,onion_rings
data/raw/food101/food-101/images/onion_rings/1384011.jpg,68,onion_rings
data/raw/food101/food-101/images/onion_rings/3783332.jpg,68,onion_rings
data/raw/food101/food-101/images/onion_rings/2027507.jpg,68,onion_rings
data/raw/food101/food-101/images/onion_rings/1154585.jpg,68,onion_rings
data/raw/food101/food-101/images/onion_rings/3061042.jpg,68,onion_rings
data/raw/food101/food-101/images/onion_rings/282991.jpg,68,onion_rings
data/raw/food101/food-101/images/onion_rings/1502303.jpg,68,onion_rings
data/raw/food101/food-101/images/onion_rings/2889767.jpg,68,onion_rings
data/raw/food101/food-101/images/onion_rings/2921811.jpg,68,onion_rings
data/raw/food101/food-101/images/onion_rings/3748254.jpg,68,onion_rings
data/raw/food101/food-101/images/onion_rings/2720076.jpg,68,onion_rings
data/raw/food101/food-101/images/onion_rings/3362381.jpg,68,onion_rings
data/raw/food101/food-101/images/onion_rings/1600324.jpg,68,onion_rings
data/raw/food101/food-101/images/onion_rings/185748.jpg,68,onion_rings
data/raw/food101/food-101/images/onion_rings/1731782.jpg,68,onion_rings
data/raw/food101/food-101/images/onion_rings/3469890.jpg,68,onion_rings
data/raw/food101/food-101/images/onion_rings/2049763.jpg,68,onion_rings
data/raw/food101/food-101/images/oysters/1455484.jpg,69,oysters
data/raw/food101/food-101/images/oysters/3419380.jpg,69,oysters
data/raw/food101/food-101/images/oysters/3781577.jpg,69,oysters
data/raw/food101/food-101/images/oysters/1088180.jpg,69,oysters
data/raw/food101/food-101/images/oysters/3539510.jpg,69,oysters
data/raw/food101/food-101/images/oysters/3734101.jpg,69,oysters
data/raw/food101/food-101/images/oysters/2732381.jpg,69,oysters
data/raw/food101/food-101/images/oysters/403308.jpg,69,oysters
data/raw/food101/food-101/images/oysters/2546847.jpg,69,oysters
data/raw/food101/food-101/images/oysters/6458.jpg,69,oysters
data/raw/food101/food-101/images/oysters/2392511.jpg,69,oysters
data/raw/food101/food-101/images/oysters/3618467.jpg,69,oysters
data/raw/food101/food-101/images/oysters/2807753.jpg,69,oysters
data/raw/food101/food-101/images/oysters/1608306.jpg,69,oysters
data/raw/food101/food-101/images/oysters/1748910.jpg,69,oysters
data/raw/food101/food-101/images/oysters/356561.jpg,69,oysters
data/raw/food101/food-101/images/oysters/446176.jpg,69,oysters
data/raw/food101/food-101/images/oysters/3089492.jpg,69,oysters
data/raw/food101/food-101/images/oysters/33704.jpg,69,oysters
data/raw/food101/food-101/images/oysters/1738232.jpg,69,oysters
data/raw/food101/food-101/images/oysters/1669328.jpg,69,oysters
data/raw/food101/food-101/images/oysters/2178938.jpg,69,oysters
data/raw/food101/food-101/images/oysters/1232580.jpg,69,oysters
data/raw/food101/food-101/images/oysters/3624744.jpg,69,oysters
data/raw/food101/food-101/images/oysters/782582.jpg,69,oysters
data/raw/food101/food-101/images/oysters/2868463.jpg,69,oysters
data/raw/food101/food-101/images/oysters/171856.jpg,69,oysters
data/raw/food101/food-101/images/oysters/3836355.jpg,69,oysters
data/raw/food101/food-101/images/oysters/3444000.jpg,69,oysters
data/raw/food101/food-101/images/oysters/931386.jpg,69,oysters
data/raw/food101/food-101/images/oysters/2731657.jpg,69,oysters
data/raw/food101/food-101/images/oysters/2555738.jpg,69,oysters
data/raw/food101/food-101/images/oysters/3575968.jpg,69,oysters
data/raw/food101/food-101/images/oysters/1588696.jpg,69,oysters
data/raw/food101/food-101/images/oysters/1811190.jpg,69,oysters
data/raw/food101/food-101/images/oysters/1195898.jpg,69,oysters
data/raw/food101/food-101/images/oysters/3235274.jpg,69,oysters
data/raw/food101/food-101/images/oysters/1667004.jpg,69,oysters
data/raw/food101/food-101/images/oysters/3776019.jpg,69,oysters
data/raw/food101/food-101/images/oysters/911487.jpg,69,oysters
data/raw/food101/food-101/images/oysters/1871598.jpg,69,oysters
data/raw/food101/food-101/images/oysters/1295670.jpg,69,oysters
data/raw/food101/food-101/images/oysters/419692.jpg,69,oysters
data/raw/food101/food-101/images/oysters/1472507.jpg,69,oysters
data/raw/food101/food-101/images/oysters/24629.jpg,69,oysters
data/raw/food101/food-101/images/oysters/3317117.jpg,69,oysters
data/raw/food101/food-101/images/oysters/3659879.jpg,69,oysters
data/raw/food101/food-101/images/oysters/2673279.jpg,69,oysters
data/raw/food101/food-101/images/oysters/3123580.jpg,69,oysters
data/raw/food101/food-101/images/oysters/3245460.jpg,69,oysters
data/raw/food101/food-101/images/oysters/103236.jpg,69,oysters
data/raw/food101/food-101/images/oysters/3654129.jpg,69,oysters
data/raw/food101/food-101/images/oysters/574100.jpg,69,oysters
data/raw/food101/food-101/images/oysters/1102160.jpg,69,oysters
data/raw/food101/food-101/images/oysters/233754.jpg,69,oysters
data/raw/food101/food-101/images/oysters/2308707.jpg,69,oysters
data/raw/food101/food-101/images/oysters/2162559.jpg,69,oysters
data/raw/food101/food-101/images/oysters/565424.jpg,69,oysters
data/raw/food101/food-101/images/oysters/1891977.jpg,69,oysters
data/raw/food101/food-101/images/oysters/1460152.jpg,69,oysters
data/raw/food101/food-101/images/oysters/696560.jpg,69,oysters
data/raw/food101/food-101/images/oysters/595862.jpg,69,oysters
data/raw/food101/food-101/images/oysters/2661291.jpg,69,oysters
data/raw/food101/food-101/images/oysters/3893670.jpg,69,oysters
data/raw/food101/food-101/images/oysters/3798362.jpg,69,oysters
data/raw/food101/food-101/images/oysters/1581300.jpg,69,oysters
data/raw/food101/food-101/images/oysters/2787516.jpg,69,oysters
data/raw/food101/food-101/images/oysters/2306539.jpg,69,oysters
data/raw/food101/food-101/images/oysters/3696911.jpg,69,oysters
data/raw/food101/food-101/images/oysters/3448049.jpg,69,oysters
data/raw/food101/food-101/images/pad_thai/1876743.jpg,70,pad_thai
data/raw/food101/food-101/images/pad_thai/3896122.jpg,70,pad_thai
data/raw/food101/food-101/images/pad_thai/2217442.jpg,70,pad_thai
data/raw/food101/food-101/images/pad_thai/3130064.jpg,70,pad_thai
data/raw/food101/food-101/images/pad_thai/2299468.jpg,70,pad_thai
data/raw/food101/food-101/images/pad_thai/2770315.jpg,70,pad_thai
data/raw/food101/food-101/images/pad_thai/1419147.jpg,70,pad_thai
data/raw/food101/food-101/images/pad_thai/1904545.jpg,70,pad_thai
data/raw/food101/food-101/images/pad_thai/1055225.jpg,70,pad_thai
data/raw/food101/food-101/images/pad_thai/1401165.jpg,70,pad_thai
data/raw/food101/food-101/images/pad_thai/2738701.jpg,70,pad_thai
data/raw/food101/food-101/images/pad_thai/2143297.jpg,70,pad_thai
data/raw/food101/food-101/images/pad_thai/1129629.jpg,70,pad_thai
data/raw/food101/food-101/images/pad_thai/200533.jpg,70,pad_thai
data/raw/food101/food-101/images/pad_thai/1888788.jpg,70,pad_thai
data/raw/food101/food-101/images/pad_thai/2737484.jpg,70,pad_thai
data/raw/food101/food-101/images/pad_thai/510489.jpg,70,pad_thai
data/raw/food101/food-101/images/pad_thai/71213.jpg,70,pad_thai
data/raw/food101/food-101/images/pad_thai/2540486.jpg,70,pad_thai
data/raw/food101/food-101/images/pad_thai/2066774.jpg,70,pad_thai
data/raw/food101/food-101/images/pad_thai/3533329.jpg,70,pad_thai
data/raw/food101/food-101/images/pad_thai/559582.jpg,70,pad_thai
data/raw/food101/food-101/images/pad_thai/2308686.jpg,70,pad_thai
data/raw/food101/food-101/images/pad_thai/682203.jpg,70,pad_thai
data/raw/food101/food-101/images/pad_thai/346386.jpg,70,pad_thai
data/raw/food101/food-101/images/pad_thai/640468.jpg,70,pad_thai
data/raw/food101/food-101/images/pad_thai/2755825.jpg,70,pad_thai
data/raw/food101/food-101/images/pad_thai/116063.jpg,70,pad_thai
data/raw/food101/food-101/images/pad_thai/3741808.jpg,70,pad_thai
data/raw/food101/food-101/images/pad_thai/938448.jpg,70,pad_thai
data/raw/food101/food-101/images/pad_thai/3613415.jpg,70,pad_thai
data/raw/food101/food-101/images/pad_thai/2823259.jpg,70,pad_thai
data/raw/food101/food-101/images/pad_thai/2043749.jpg,70,pad_thai
data/raw/food101/food-101/images/pad_thai/1355810.jpg,70,pad_thai
data/raw/food101/food-101/images/pad_thai/3918561.jpg,70,pad_thai
data/raw/food101/food-101/images/pad_thai/3101616.jpg,70,pad_thai
data/raw/food101/food-101/images/pad_thai/1772140.jpg,70,pad_thai
data/raw/food101/food-101/images/pad_thai/2492031.jpg,70,pad_thai
data/raw/food101/food-101/images/pad_thai/3628671.jpg,70,pad_thai
data/raw/food101/food-101/images/pad_thai/1194482.jpg,70,pad_thai
data/raw/food101/food-101/images/pad_thai/2977820.jpg,70,pad_thai
data/raw/food101/food-101/images/pad_thai/788616.jpg,70,pad_thai
data/raw/food101/food-101/images/pad_thai/2392794.jpg,70,pad_thai
data/raw/food101/food-101/images/pad_thai/517387.jpg,70,pad_thai
data/raw/food101/food-101/images/pad_thai/1393589.jpg,70,pad_thai
data/raw/food101/food-101/images/pad_thai/2305170.jpg,70,pad_thai
data/raw/food101/food-101/images/pad_thai/2853014.jpg,70,pad_thai
data/raw/food101/food-101/images/pad_thai/2109882.jpg,70,pad_thai
data/raw/food101/food-101/images/pad_thai/1353968.jpg,70,pad_thai
data/raw/food101/food-101/images/pad_thai/743051.jpg,70,pad_thai
data/raw/food101/food-101/images/pad_thai/3312134.jpg,70,pad_thai
data/raw/food101/food-101/images/pad_thai/127707.jpg,70,pad_thai
data/raw/food101/food-101/images/pad_thai/1395450.jpg,70,pad_thai
data/raw/food101/food-101/images/pad_thai/1486761.jpg,70,pad_thai
data/raw/food101/food-101/images/pad_thai/1990866.jpg,70,pad_thai
data/raw/food101/food-101/images/pad_thai/2099536.jpg,70,pad_thai
data/raw/food101/food-101/images/pad_thai/213858.jpg,70,pad_thai
data/raw/food101/food-101/images/pad_thai/3841460.jpg,70,pad_thai
data/raw/food101/food-101/images/pad_thai/1572070.jpg,70,pad_thai
data/raw/food101/food-101/images/pad_thai/2773769.jpg,70,pad_thai
data/raw/food101/food-101/images/pad_thai/3632454.jpg,70,pad_thai
data/raw/food101/food-101/images/pad_thai/2197885.jpg,70,pad_thai
data/raw/food101/food-101/images/pad_thai/1265347.jpg,70,pad_thai
data/raw/food101/food-101/images/pad_thai/766332.jpg,70,pad_thai
data/raw/food101/food-101/images/pad_thai/1735604.jpg,70,pad_thai
data/raw/food101/food-101/images/pad_thai/2943295.jpg,70,pad_thai
data/raw/food101/food-101/images/pad_thai/459339.jpg,70,pad_thai
data/raw/food101/food-101/images/pad_thai/583315.jpg,70,pad_thai
data/raw/food101/food-101/images/pad_thai/3881383.jpg,70,pad_thai
data/raw/food101/food-101/images/pad_thai/3483697.jpg,70,pad_thai
data/raw/food101/food-101/images/paella/1801285.jpg,71,paella
data/raw/food101/food-101/images/paella/1180968.jpg,71,paella
data/raw/food101/food-101/images/paella/1707907.jpg,71,paella
data/raw/food101/food-101/images/paella/1781035.jpg,71,paella
data/raw/food101/food-101/images/paella/1844298.jpg,71,paella
data/raw/food101/food-101/images/paella/1026685.jpg,71,paella
data/raw/food101/food-101/images/paella/2932001.jpg,71,paella
data/raw/food101/food-101/images/paella/860907.jpg,71,paella
data/raw/food101/food-101/images/paella/2823674.jpg,71,paella
data/raw/food101/food-101/images/paella/3499583.jpg,71,paella
data/raw/food101/food-101/images/paella/61029.jpg,71,paella
data/raw/food101/food-101/images/paella/1612720.jpg,71,paella
data/raw/food101/food-101/images/paella/339965.jpg,71,paella
data/raw/food101/food-101/images/paella/3761757.jpg,71,paella
data/raw/food101/food-101/images/paella/1913200.jpg,71,paella
data/raw/food101/food-101/images/paella/2008379.jpg,71,paella
data/raw/food101/food-101/images/paella/3543199.jpg,71,paella
data/raw/food101/food-101/images/paella/3059810.jpg,71,paella
data/raw/food101/food-101/images/paella/3518263.jpg,71,paella
data/raw/food101/food-101/images/paella/2554605.jpg,71,paella
data/raw/food101/food-101/images/paella/3212790.jpg,71,paella
data/raw/food101/food-101/images/paella/322966.jpg,71,paella
data/raw/food101/food-101/images/paella/585965.jpg,71,paella
data/raw/food101/food-101/images/paella/622540.jpg,71,paella
data/raw/food101/food-101/images/paella/3366408.jpg,71,paella
data/raw/food101/food-101/images/paella/2189751.jpg,71,paella
data/raw/food101/food-101/images/paella/3426186.jpg,71,paella
data/raw/food101/food-101/images/paella/1644123.jpg,71,paella
data/raw/food101/food-101/images/paella/2506728.jpg,71,paella
data/raw/food101/food-101/images/paella/635481.jpg,71,paella
data/raw/food101/food-101/images/paella/2661264.jpg,71,paella
data/raw/food101/food-101/images/paella/1732952.jpg,71,paella
data/raw/food101/food-101/images/paella/2736683.jpg,71,paella
data/raw/food101/food-101/images/paella/3113232.jpg,71,paella
data/raw/food101/food-101/images/paella/18364.jpg,71,paella
data/raw/food101/food-101/images/paella/791065.jpg,71,paella
data/raw/food101/food-101/images/paella/658071.jpg,71,paella
data/raw/food101/food-101/images/paella/1123910.jpg,71,paella
data/raw/food101/food-101/images/paella/601840.jpg,71,paella
data/raw/food101/food-101/images/paella/1718155.jpg,71,paella
data/raw/food101/food-101/images/paella/392864.jpg,71,paella
data/raw/food101/food-101/images/paella/1260099.jpg,71,paella
data/raw/food101/food-101/images/paella/1000388.jpg,71,paella
data/raw/food101/food-101/images/paella/3252364.jpg,71,paella
data/raw/food101/food-101/images/paella/1888513.jpg,71,paella
data/raw/food101/food-101/images/paella/3216085.jpg,71,paella
data/raw/food101/food-101/images/paella/3614141.jpg,71,paella
data/raw/food101/food-101/images/paella/323654.jpg,71,paella
data/raw/food101/food-101/images/paella/2099302.jpg,71,paella
data/raw/food101/food-101/images/paella/3641348.jpg,71,paella
data/raw/food101/food-101/images/paella/677054.jpg,71,paella
data/raw/food101/food-101/images/paella/424665.jpg,71,paella
data/raw/food101/food-101/images/paella/890628.jpg,71,paella
data/raw/food101/food-101/images/paella/1334015.jpg,71,paella
data/raw/food101/food-101/images/paella/3771216.jpg,71,paella
data/raw/food101/food-101/images/paella/3388044.jpg,71,paella
data/raw/food101/food-101/images/paella/3731913.jpg,71,paella
data/raw/food101/food-101/images/paella/2240995.jpg,71,paella
data/raw/food101/food-101/images/paella/807995.jpg,71,paella
data/raw/food101/food-101/images/paella/3053532.jpg,71,paella
data/raw/food101/food-101/images/paella/2495841.jpg,71,paella
data/raw/food101/food-101/images/paella/3367039.jpg,71,paella
data/raw/food101/food-101/images/paella/1376234.jpg,71,paella
data/raw/food101/food-101/images/paella/2986318.jpg,71,paella
data/raw/food101/food-101/images/paella/1597321.jpg,71,paella
data/raw/food101/food-101/images/paella/1694901.jpg,71,paella
data/raw/food101/food-101/images/paella/2555137.jpg,71,paella
data/raw/food101/food-101/images/paella/1847017.jpg,71,paella
data/raw/food101/food-101/images/paella/1876703.jpg,71,paella
data/raw/food101/food-101/images/paella/1982102.jpg,71,paella
data/raw/food101/food-101/images/pancakes/383370.jpg,72,pancakes
data/raw/food101/food-101/images/pancakes/664988.jpg,72,pancakes
data/raw/food101/food-101/images/pancakes/2741217.jpg,72,pancakes
data/raw/food101/food-101/images/pancakes/1363626.jpg,72,pancakes
data/raw/food101/food-101/images/pancakes/2000445.jpg,72,pancakes
data/raw/food101/food-101/images/pancakes/3824064.jpg,72,pancakes
data/raw/food101/food-101/images/pancakes/1786451.jpg,72,pancakes
data/raw/food101/food-101/images/pancakes/729861.jpg,72,pancakes
data/raw/food101/food-101/images/pancakes/119800.jpg,72,pancakes
data/raw/food101/food-101/images/pancakes/1010075.jpg,72,pancakes
data/raw/food101/food-101/images/pancakes/3348071.jpg,72,pancakes
data/raw/food101/food-101/images/pancakes/240613.jpg,72,pancakes
data/raw/food101/food-101/images/pancakes/1950260.jpg,72,pancakes
data/raw/food101/food-101/images/pancakes/1823330.jpg,72,pancakes
data/raw/food101/food-101/images/pancakes/2174620.jpg,72,pancakes
data/raw/food101/food-101/images/pancakes/1210007.jpg,72,pancakes
data/raw/food101/food-101/images/pancakes/582930.jpg,72,pancakes
data/raw/food101/food-101/images/pancakes/1454224.jpg,72,pancakes
data/raw/food101/food-101/images/pancakes/455399.jpg,72,pancakes
data/raw/food101/food-101/images/pancakes/599715.jpg,72,pancakes
data/raw/food101/food-101/images/pancakes/129051.jpg,72,pancakes
data/raw/food101/food-101/images/pancakes/3723139.jpg,72,pancakes
data/raw/food101/food-101/images/pancakes/2451878.jpg,72,pancakes
data/raw/food101/food-101/images/pancakes/3628275.jpg,72,pancakes
data/raw/food101/food-101/images/pancakes/3388735.jpg,72,pancakes
data/raw/food101/food-101/images/pancakes/3903249.jpg,72,pancakes
data/raw/food101/food-101/images/pancakes/2954396.jpg,72,pancakes
data/raw/food101/food-101/images/pancakes/363070.jpg,72,pancakes
data/raw/food101/food-101/images/pancakes/2289557.jpg,72,pancakes
data/raw/food101/food-101/images/pancakes/1325650.jpg,72,pancakes
data/raw/food101/food-101/images/pancakes/3800919.jpg,72,pancakes
data/raw/food101/food-101/images/pancakes/2250866.jpg,72,pancakes
data/raw/food101/food-101/images/pancakes/1107890.jpg,72,pancakes
data/raw/food101/food-101/images/pancakes/3008650.jpg,72,pancakes
data/raw/food101/food-101/images/pancakes/326435.jpg,72,pancakes
data/raw/food101/food-101/images/pancakes/137650.jpg,72,pancakes
data/raw/food101/food-101/images/pancakes/84956.jpg,72,pancakes
data/raw/food101/food-101/images/pancakes/3733018.jpg,72,pancakes
data/raw/food101/food-101/images/pancakes/445151.jpg,72,pancakes
data/raw/food101/food-101/images/pancakes/2563821.jpg,72,pancakes
data/raw/food101/food-101/images/pancakes/3839051.jpg,72,pancakes
data/raw/food101/food-101/images/pancakes/349267.jpg,72,pancakes
data/raw/food101/food-101/images/pancakes/521402.jpg,72,pancakes
data/raw/food101/food-101/images/pancakes/925421.jpg,72,pancakes
data/raw/food101/food-101/images/pancakes/3143587.jpg,72,pancakes
data/raw/food101/food-101/images/pancakes/1949104.jpg,72,pancakes
data/raw/food101/food-101/images/pancakes/3194540.jpg,72,pancakes
data/raw/food101/food-101/images/pancakes/297779.jpg,72,pancakes
data/raw/food101/food-101/images/pancakes/322080.jpg,72,pancakes
data/raw/food101/food-101/images/pancakes/3137307.jpg,72,pancakes
data/raw/food101/food-101/images/pancakes/2706138.jpg,72,pancakes
data/raw/food101/food-101/images/pancakes/610899.jpg,72,pancakes
data/raw/food101/food-101/images/pancakes/569949.jpg,72,pancakes
data/raw/food101/food-101/images/pancakes/1447566.jpg,72,pancakes
data/raw/food101/food-101/images/pancakes/2048659.jpg,72,pancakes
data/raw/food101/food-101/images/pancakes/3194887.jpg,72,pancakes
data/raw/food101/food-101/images/pancakes/3200661.jpg,72,pancakes
data/raw/food101/food-101/images/pancakes/3272709.jpg,72,pancakes
data/raw/food101/food-101/images/pancakes/1008491.jpg,72,pancakes
data/raw/food101/food-101/images/pancakes/1807397.jpg,72,pancakes
data/raw/food101/food-101/images/pancakes/491188.jpg,72,pancakes
data/raw/food101/food-101/images/pancakes/1830860.jpg,72,pancakes
data/raw/food101/food-101/images/pancakes/2312606.jpg,72,pancakes
data/raw/food101/food-101/images/pancakes/932752.jpg,72,pancakes
data/raw/food101/food-101/images/pancakes/193212.jpg,72,pancakes
data/raw/food101/food-101/images/pancakes/3585697.jpg,72,pancakes
data/raw/food101/food-101/images/pancakes/2993172.jpg,72,pancakes
data/raw/food101/food-101/images/pancakes/3121930.jpg,72,pancakes
data/raw/food101/food-101/images/pancakes/244033.jpg,72,pancakes
data/raw/food101/food-101/images/pancakes/3239937.jpg,72,pancakes
data/raw/food101/food-101/images/panna_cotta/1463894.jpg,73,panna_cotta
data/raw/food101/food-101/images/panna_cotta/851935.jpg,73,panna_cotta
data/raw/food101/food-101/images/panna_cotta/2332052.jpg,73,panna_cotta
data/raw/food101/food-101/images/panna_cotta/2371222.jpg,73,panna_cotta
data/raw/food101/food-101/images/panna_cotta/1637073.jpg,73,panna_cotta
data/raw/food101/food-101/images/panna_cotta/1467728.jpg,73,panna_cotta
data/raw/food101/food-101/images/panna_cotta/383419.jpg,73,panna_cotta
data/raw/food101/food-101/images/panna_cotta/1093812.jpg,73,panna_cotta
data/raw/food101/food-101/images/panna_cotta/559264.jpg,73,panna_cotta
data/raw/food101/food-101/images/panna_cotta/1583324.jpg,73,panna_cotta
data/raw/food101/food-101/images/panna_cotta/2707053.jpg,73,panna_cotta
data/raw/food101/food-101/images/panna_cotta/1730991.jpg,73,panna_cotta
data/raw/food101/food-101/images/panna_cotta/2896272.jpg,73,panna_cotta
data/raw/food101/food-101/images/panna_cotta/2186565.jpg,73,panna_cotta
data/raw/food101/food-101/images/panna_cotta/5154.jpg,73,panna_cotta
data/raw/food101/food-101/images/panna_cotta/2016273.jpg,73,panna_cotta
data/raw/food101/food-101/images/panna_cotta/1652688.jpg,73,panna_cotta
data/raw/food101/food-101/images/panna_cotta/1302253.jpg,73,panna_cotta
data/raw/food101/food-101/images/panna_cotta/1498873.jpg,73,panna_cotta
data/raw/food101/food-101/images/panna_cotta/182132.jpg,73,panna_cotta
data/raw/food101/food-101/images/panna_cotta/304206.jpg,73,panna_cotta
data/raw/food101/food-101/images/panna_cotta/3156712.jpg,73,panna_cotta
data/raw/food101/food-101/images/panna_cotta/1467563.jpg,73,panna_cotta
data/raw/food101/food-101/images/panna_cotta/3625897.jpg,73,panna_cotta
data/raw/food101/food-101/images/panna_cotta/2126585.jpg,73,panna_cotta
data/raw/food101/food-101/images/panna_cotta/3537554.jpg,73,panna_cotta
data/raw/food101/food-101/images/panna_cotta/3042741.jpg,73,panna_cotta
data/raw/food101/food-101/images/panna_cotta/1490262.jpg,73,panna_cotta
data/raw/food101/food-101/images/panna_cotta/1856223.jpg,73,panna_cotta
data/raw/food101/food-101/images/panna_cotta/663624.jpg,73,panna_cotta
data/raw/food101/food-101/images/panna_cotta/1723072.jpg,73,panna_cotta
data/raw/food101/food-101/images/panna_cotta/3897918.jpg,73,panna_cotta
data/raw/food101/food-101/images/panna_cotta/3158855.jpg,73,panna_cotta
data/raw/food101/food-101/images/panna_cotta/3323531.jpg,73,panna_cotta
data/raw/food101/food-101/images/panna_cotta/60714.jpg,73,panna_cotta
data/raw/food101/food-101/images/panna_cotta/2713995.jpg,73,panna_cotta
data/raw/food101/food-101/images/panna_cotta/299763.jpg,73,panna_cotta
data/raw/food101/food-101/images/panna_cotta/2961833.jpg,73,panna_cotta
data/raw/food101/food-101/images/panna_cotta/1942596.jpg,73,panna_cotta
data/raw/food101/food-101/images/panna_cotta/3756847.jpg,73,panna_cotta
data/raw/food101/food-101/images/panna_cotta/301682.jpg,73,panna_cotta
data/raw/food101/food-101/images/panna_cotta/1477385.jpg,73,panna_cotta
data/raw/food101/food-101/images/panna_cotta/19436.jpg,73,panna_cotta
data/raw/food101/food-101/images/panna_cotta/1188271.jpg,73,panna_cotta
data/raw/food101/food-101/images/panna_cotta/3794988.jpg,73,panna_cotta
data/raw/food101/food-101/images/panna_cotta/924359.jpg,73,panna_cotta
data/raw/food101/food-101/images/panna_cotta/2698953.jpg,73,panna_cotta
data/raw/food101/food-101/images/panna_cotta/2265358.jpg,73,panna_cotta
data/raw/food101/food-101/images/panna_cotta/3367338.jpg,73,panna_cotta
data/raw/food101/food-101/images/panna_cotta/3169164.jpg,73,panna_cotta
data/raw/food101/food-101/images/panna_cotta/2509671.jpg,73,panna_cotta
data/raw/food101/food-101/images/panna_cotta/2652227.jpg,73,panna_cotta
data/raw/food101/food-101/images/panna_cotta/2878464.jpg,73,panna_cotta
data/raw/food101/food-101/images/panna_cotta/3413766.jpg,73,panna_cotta
data/raw/food101/food-101/images/panna_cotta/3571781.jpg,73,panna_cotta
data/raw/food101/food-101/images/panna_cotta/2957591.jpg,73,panna_cotta
data/raw/food101/food-101/images/panna_cotta/2119948.jpg,73,panna_cotta
data/raw/food101/food-101/images/panna_cotta/3865077.jpg,73,panna_cotta
data/raw/food101/food-101/images/panna_cotta/3465885.jpg,73,panna_cotta
data/raw/food101/food-101/images/panna_cotta/354413.jpg,73,panna_cotta
data/raw/food101/food-101/images/panna_cotta/254502.jpg,73,panna_cotta
data/raw/food101/food-101/images/panna_cotta/371365.jpg,73,panna_cotta
data/raw/food101/food-101/images/panna_cotta/1965591.jpg,73,panna_cotta
data/raw/food101/food-101/images/panna_cotta/3179815.jpg,73,panna_cotta
data/raw/food101/food-101/images/panna_cotta/1543083.jpg,73,panna_cotta
data/raw/food101/food-101/images/panna_cotta/762904.jpg,73,panna_cotta
data/raw/food101/food-101/images/panna_cotta/620575.jpg,73,panna_cotta
data/raw/food101/food-101/images/panna_cotta/3562079.jpg,73,panna_cotta
data/raw/food101/food-101/images/panna_cotta/2612349.jpg,73,panna_cotta
data/raw/food101/food-101/images/panna_cotta/1967781.jpg,73,panna_cotta
data/raw/food101/food-101/images/peking_duck/164554.jpg,74,peking_duck
data/raw/food101/food-101/images/peking_duck/731148.jpg,74,peking_duck
data/raw/food101/food-101/images/peking_duck/804293.jpg,74,peking_duck
data/raw/food101/food-101/images/peking_duck/16253.jpg,74,peking_duck
data/raw/food101/food-101/images/peking_duck/1025927.jpg,74,peking_duck
data/raw/food101/food-101/images/peking_duck/3488928.jpg,74,peking_duck
data/raw/food101/food-101/images/peking_duck/1353082.jpg,74,peking_duck
data/raw/food101/food-101/images/peking_duck/2824039.jpg,74,peking_duck
data/raw/food101/food-101/images/peking_duck/3708519.jpg,74,peking_duck
data/raw/food101/food-101/images/peking_duck/1995574.jpg,74,peking_duck
data/raw/food101/food-101/images/peking_duck/520063.jpg,74,peking_duck
data/raw/food101/food-101/images/peking_duck/2169226.jpg,74,peking_duck
data/raw/food101/food-101/images/peking_duck/1270388.jpg,74,peking_duck
data/raw/food101/food-101/images/peking_duck/3170098.jpg,74,peking_duck
data/raw/food101/food-101/images/peking_duck/2205013.jpg,74,peking_duck
data/raw/food101/food-101/images/peking_duck/2552260.jpg,74,peking_duck
data/raw/food101/food-101/images/peking_duck/3807741.jpg,74,peking_duck
data/raw/food101/food-101/images/peking_duck/3473609.jpg,74,peking_duck
data/raw/food101/food-101/images/peking_duck/272901.jpg,74,peking_duck
data/raw/food101/food-101/images/peking_duck/468728.jpg,74,peking_duck
data/raw/food101/food-101/images/peking_duck/3473569.jpg,74,peking_duck
data/raw/food101/food-101/images/peking_duck/1412698.jpg,74,peking_duck
data/raw/food101/food-101/images/peking_duck/501508.jpg,74,peking_duck
data/raw/food101/food-101/images/peking_duck/652997.jpg,74,peking_duck
data/raw/food101/food-101/images/peking_duck/1244827.jpg,74,peking_duck
data/raw/food101/food-101/images/peking_duck/171896.jpg,74,peking_duck
data/raw/food101/food-101/images/peking_duck/3450855.jpg,74,peking_duck
data/raw/food101/food-101/images/peking_duck/708474.jpg,74,peking_duck
data/raw/food101/food-101/images/peking_duck/2902901.jpg,74,peking_duck
data/raw/food101/food-101/images/peking_duck/2114748.jpg,74,peking_duck
data/raw/food101/food-101/images/peking_duck/870585.jpg,74,peking_duck
data/raw/food101/food-101/images/peking_duck/1291105.jpg,74,peking_duck
data/raw/food101/food-101/images/peking_duck/236715.jpg,74,peking_duck
data/raw/food101/food-101/images/peking_duck/1294266.jpg,74,peking_duck
data/raw/food101/food-101/images/peking_duck/3130911.jpg,74,peking_duck
data/raw/food101/food-101/images/peking_duck/2234748.jpg,74,peking_duck
data/raw/food101/food-101/images/peking_duck/656317.jpg,74,peking_duck
data/raw/food101/food-101/images/peking_duck/1157383.jpg,74,peking_duck
data/raw/food101/food-101/images/peking_duck/3864321.jpg,74,peking_duck
data/raw/food101/food-101/images/peking_duck/2949983.jpg,74,peking_duck
data/raw/food101/food-101/images/peking_duck/445856.jpg,74,peking_duck
data/raw/food101/food-101/images/peking_duck/1761626.jpg,74,peking_duck
data/raw/food101/food-101/images/peking_duck/3139402.jpg,74,peking_duck
data/raw/food101/food-101/images/peking_duck/1990097.jpg,74,peking_duck
data/raw/food101/food-101/images/peking_duck/3354079.jpg,74,peking_duck
data/raw/food101/food-101/images/peking_duck/3130085.jpg,74,peking_duck
data/raw/food101/food-101/images/peking_duck/1128704.jpg,74,peking_duck
data/raw/food101/food-101/images/peking_duck/3076304.jpg,74,peking_duck
data/raw/food101/food-101/images/peking_duck/1585617.jpg,74,peking_duck
data/raw/food101/food-101/images/peking_duck/1909414.jpg,74,peking_duck
data/raw/food101/food-101/images/peking_duck/254023.jpg,74,peking_duck
data/raw/food101/food-101/images/peking_duck/574748.jpg,74,peking_duck
data/raw/food101/food-101/images/peking_duck/28290.jpg,74,peking_duck
data/raw/food101/food-101/images/peking_duck/2817822.jpg,74,peking_duck
data/raw/food101/food-101/images/peking_duck/1402106.jpg,74,peking_duck
data/raw/food101/food-101/images/peking_duck/352025.jpg,74,peking_duck
data/raw/food101/food-101/images/peking_duck/3634142.jpg,74,peking_duck
data/raw/food101/food-101/images/peking_duck/74455.jpg,74,peking_duck
data/raw/food101/food-101/images/peking_duck/1646424.jpg,74,peking_duck
data/raw/food101/food-101/images/peking_duck/1043821.jpg,74,peking_duck
data/raw/food101/food-101/images/peking_duck/2671585.jpg,74,peking_duck
data/raw/food101/food-101/images/peking_duck/598982.jpg,74,peking_duck
data/raw/food101/food-101/images/peking_duck/1246890.jpg,74,peking_duck
data/raw/food101/food-101/images/peking_duck/1648010.jpg,74,peking_duck
data/raw/food101/food-101/images/peking_duck/3582411.jpg,74,peking_duck
data/raw/food101/food-101/images/peking_duck/1717243.jpg,74,peking_duck
data/raw/food101/food-101/images/peking_duck/1394295.jpg,74,peking_duck
data/raw/food101/food-101/images/peking_duck/1836326.jpg,74,peking_duck
data/raw/food101/food-101/images/peking_duck/1139659.jpg,74,peking_duck
data/raw/food101/food-101/images/peking_duck/2843419.jpg,74,peking_duck
data/raw/food101/food-101/images/pho/477626.jpg,75,pho
data/raw/food101/food-101/images/pho/53997.jpg,75,pho
data/raw/food101/food-101/images/pho/5968.jpg,75,pho
data/raw/food101/food-101/images/pho/3344351.jpg,75,pho
data/raw/food101/food-101/images/pho/2850542.jpg,75,pho
data/raw/food101/food-101/images/pho/189229.jpg,75,pho
data/raw/food101/food-101/images/pho/645258.jpg,75,pho
data/raw/food101/food-101/images/pho/73174.jpg,75,pho
data/raw/food101/food-101/images/pho/3490.jpg,75,pho
data/raw/food101/food-101/images/pho/271164.jpg,75,pho
data/raw/food101/food-101/images/pho/3299599.jpg,75,pho
data/raw/food101/food-101/images/pho/393756.jpg,75,pho
data/raw/food101/food-101/images/pho/2572556.jpg,75,pho
data/raw/food101/food-101/images/pho/62482.jpg,75,pho
data/raw/food101/food-101/images/pho/2030980.jpg,75,pho
data/raw/food101/food-101/images/pho/1428039.jpg,75,pho
data/raw/food101/food-101/images/pho/389357.jpg,75,pho
data/raw/food101/food-101/images/pho/4937.jpg,75,pho
data/raw/food101/food-101/images/pho/926.jpg,75,pho
data/raw/food101/food-101/images/pho/2236423.jpg,75,pho
data/raw/food101/food-101/images/pho/1865868.jpg,75,pho
data/raw/food101/food-101/images/pho/120329.jpg,75,pho
data/raw/food101/food-101/images/pho/1945425.jpg,75,pho
data/raw/food101/food-101/images/pho/2291683.jpg,75,pho
data/raw/food101/food-101/images/pho/576451.jpg,75,pho
data/raw/food101/food-101/images/pho/2903413.jpg,75,pho
data/raw/food101/food-101/images/pho/363581.jpg,75,pho
data/raw/food101/food-101/images/pho/1725875.jpg,75,pho
data/raw/food101/food-101/images/pho/1224410.jpg,75,pho
data/raw/food101/food-101/images/pho/3293078.jpg,75,pho
data/raw/food101/food-101/images/pho/687642.jpg,75,pho
data/raw/food101/food-101/images/pho/2498043.jpg,75,pho
data/raw/food101/food-101/images/pho/2136807.jpg,75,pho
data/raw/food101/food-101/images/pho/2081921.jpg,75,pho
data/raw/food101/food-101/images/pho/2121211.jpg,75,pho
data/raw/food101/food-101/images/pho/330913.jpg,75,pho
data/raw/food101/food-101/images/pho/2738313.jpg,75,pho
data/raw/food101/food-101/images/pho/197734.jpg,75,pho
data/raw/food101/food-101/images/pho/942661.jpg,75,pho
data/raw/food101/food-101/images/pho/1139062.jpg,75,pho
data/raw/food101/food-101/images/pho/3452850.jpg,75,pho
data/raw/food101/food-101/images/pho/2055313.jpg,75,pho
data/raw/food101/food-101/images/pho/209227.jpg,75,pho
data/raw/food101/food-101/images/pho/297655.jpg,75,pho
data/raw/food101/food-101/images/pho/1490658.jpg,75,pho
data/raw/food101/food-101/images/pho/2063686.jpg,75,pho
data/raw/food101/food-101/images/pho/1999103.jpg,75,pho
data/raw/food101/food-101/images/pho/965012.jpg,75,pho
data/raw/food101/food-101/images/pho/3368361.jpg,75,pho
data/raw/food101/food-101/images/pho/2846632.jpg,75,pho
data/raw/food101/food-101/images/pho/1156352.jpg,75,pho
data/raw/food101/food-101/images/pho/1160821.jpg,75,pho
data/raw/food101/food-101/images/pho/905481.jpg,75,pho
data/raw/food101/food-101/images/pho/945282.jpg,75,pho
data/raw/food101/food-101/images/pho/2759078.jpg,75,pho
data/raw/food101/food-101/images/pho/334780.jpg,75,pho
data/raw/food101/food-101/images/pho/2488737.jpg,75,pho
data/raw/food101/food-101/images/pho/3513826.jpg,75,pho
data/raw/food101/food-101/images/pho/2799996.jpg,75,pho
data/raw/food101/food-101/images/pho/2732520.jpg,75,pho
data/raw/food101/food-101/images/pho/1051805.jpg,75,pho
data/raw/food101/food-101/images/pho/295265.jpg,75,pho
data/raw/food101/food-101/images/pho/1249795.jpg,75,pho
data/raw/food101/food-101/images/pho/2286575.jpg,75,pho
data/raw/food101/food-101/images/pho/3021661.jpg,75,pho
data/raw/food101/food-101/images/pho/2263993.jpg,75,pho
data/raw/food101/food-101/images/pho/463907.jpg,75,pho
data/raw/food101/food-101/images/pho/2992037.jpg,75,pho
data/raw/food101/food-101/images/pho/349943.jpg,75,pho
data/raw/food101/food-101/images/pho/1070815.jpg,75,pho
data/raw/food101/food-101/images/pizza/3767723.jpg,76,pizza
data/raw/food101/food-101/images/pizza/103708.jpg,76,pizza
data/raw/food101/food-101/images/pizza/2426686.jpg,76,pizza
data/raw/food101/food-101/images/pizza/3758160.jpg,76,pizza
data/raw/food101/food-101/images/pizza/2255361.jpg,76,pizza
data/raw/food101/food-101/images/pizza/1008844.jpg,76,pizza
data/raw/food101/food-101/images/pizza/568383.jpg,76,pizza
data/raw/food101/food-101/images/pizza/3055697.jpg,76,pizza
data/raw/food101/food-101/images/pizza/1342321.jpg,76,pizza
data/raw/food101/food-101/images/pizza/1026922.jpg,76,pizza
data/raw/food101/food-101/images/pizza/2361973.jpg,76,pizza
data/raw/food101/food-101/images/pizza/1220156.jpg,76,pizza
data/raw/food101/food-101/images/pizza/565112.jpg,76,pizza
data/raw/food101/food-101/images/pizza/1065078.jpg,76,pizza
data/raw/food101/food-101/images/pizza/489532.jpg,76,pizza
data/raw/food101/food-101/images/pizza/1326065.jpg,76,pizza
data/raw/food101/food-101/images/pizza/3749515.jpg,76,pizza
data/raw/food101/food-101/images/pizza/663285.jpg,76,pizza
data/raw/food101/food-101/images/pizza/1243215.jpg,76,pizza
data/raw/food101/food-101/images/pizza/401701.jpg,76,pizza
data/raw/food101/food-101/images/pizza/2572958.jpg,76,pizza
data/raw/food101/food-101/images/pizza/2392727.jpg,76,pizza
data/raw/food101/food-101/images/pizza/1636299.jpg,76,pizza
data/raw/food101/food-101/images/pizza/1544197.jpg,76,pizza
data/raw/food101/food-101/images/pizza/2670730.jpg,76,pizza
data/raw/food101/food-101/images/pizza/2827938.jpg,76,pizza
data/raw/food101/food-101/images/pizza/2933332.jpg,76,pizza
data/raw/food101/food-101/images/pizza/979998.jpg,76,pizza
data/raw/food101/food-101/images/pizza/1315645.jpg,76,pizza
data/raw/food101/food-101/images/pizza/2980131.jpg,76,pizza
data/raw/food101/food-101/images/pizza/3379038.jpg,76,pizza
data/raw/food101/food-101/images/pizza/1248478.jpg,76,pizza
data/raw/food101/food-101/images/pizza/44810.jpg,76,pizza
data/raw/food101/food-101/images/pizza/1625147.jpg,76,pizza
data/raw/food101/food-101/images/pizza/1654444.jpg,76,pizza
data/raw/food101/food-101/images/pizza/839461.jpg,76,pizza
data/raw/food101/food-101/images/pizza/897300.jpg,76,pizza
data/raw/food101/food-101/images/pizza/221048.jpg,76,pizza
data/raw/food101/food-101/images/pizza/3505182.jpg,76,pizza
data/raw/food101/food-101/images/pizza/370643.jpg,76,pizza
data/raw/food101/food-101/images/pizza/2491110.jpg,76,pizza
data/raw/food101/food-101/images/pizza/2778214.jpg,76,pizza
data/raw/food101/food-101/images/pizza/2486277.jpg,76,pizza
data/raw/food101/food-101/images/pizza/1370319.jpg,76,pizza
data/raw/food101/food-101/images/pizza/132484.jpg,76,pizza
data/raw/food101/food-101/images/pizza/2605343.jpg,76,pizza
data/raw/food101/food-101/images/pizza/715169.jpg,76,pizza
data/raw/food101/food-101/images/pizza/790841.jpg,76,pizza
data/raw/food101/food-101/images/pizza/321526.jpg,76,pizza
data/raw/food101/food-101/images/pizza/3549765.jpg,76,pizza
data/raw/food101/food-101/images/pizza/3401720.jpg,76,pizza
data/raw/food101/food-101/images/pizza/2291093.jpg,76,pizza
data/raw/food101/food-101/images/pizza/2722646.jpg,76,pizza
data/raw/food101/food-101/images/pizza/1504719.jpg,76,pizza
data/raw/food101/food-101/images/pizza/3376519.jpg,76,pizza
data/raw/food101/food-101/images/pizza/579691.jpg,76,pizza
data/raw/food101/food-101/images/pizza/2959665.jpg,76,pizza
data/raw/food101/food-101/images/pizza/2671508.jpg,76,pizza
data/raw/food101/food-101/images/pizza/2468499.jpg,76,pizza
data/raw/food101/food-101/images/pizza/3382880.jpg,76,pizza
data/raw/food101/food-101/images/pizza/1898723.jpg,76,pizza
data/raw/food101/food-101/images/pizza/1638227.jpg,76,pizza
data/raw/food101/food-101/images/pizza/1912976.jpg,76,pizza
data/raw/food101/food-101/images/pizza/419516.jpg,76,pizza
data/raw/food101/food-101/images/pizza/796922.jpg,76,pizza
data/raw/food101/food-101/images/pizza/2323860.jpg,76,pizza
data/raw/food101/food-101/images/pizza/1765727.jpg,76,pizza
data/raw/food101/food-101/images/pizza/1499661.jpg,76,pizza
data/raw/food101/food-101/images/pizza/3629996.jpg,76,pizza
data/raw/food101/food-101/images/pizza/837119.jpg,76,pizza
data/raw/food101/food-101/images/pork_chop/1136752.jpg,77,pork_chop
data/raw/food101/food-101/images/pork_chop/1378780.jpg,77,pork_chop
data/raw/food101/food-101/images/pork_chop/2974745.jpg,77,pork_chop
data/raw/food101/food-101/images/pork_chop/2853512.jpg,77,pork_chop
data/raw/food101/food-101/images/pork_chop/3606606.jpg,77,pork_chop
data/raw/food101/food-101/images/pork_chop/3498077.jpg,77,pork_chop
data/raw/food101/food-101/images/pork_chop/1258359.jpg,77,pork_chop
data/raw/food101/food-101/images/pork_chop/1171158.jpg,77,pork_chop
data/raw/food101/food-101/images/pork_chop/3542888.jpg,77,pork_chop
data/raw/food101/food-101/images/pork_chop/513050.jpg,77,pork_chop
data/raw/food101/food-101/images/pork_chop/420925.jpg,77,pork_chop
data/raw/food101/food-101/images/pork_chop/3676665.jpg,77,pork_chop
data/raw/food101/food-101/images/pork_chop/744317.jpg,77,pork_chop
data/raw/food101/food-101/images/pork_chop/2611016.jpg,77,pork_chop
data/raw/food101/food-101/images/pork_chop/929555.jpg,77,pork_chop
data/raw/food101/food-101/images/pork_chop/2292845.jpg,77,pork_chop
data/raw/food101/food-101/images/pork_chop/3768697.jpg,77,pork_chop
data/raw/food101/food-101/images/pork_chop/2837452.jpg,77,pork_chop
data/raw/food101/food-101/images/pork_chop/2251921.jpg,77,pork_chop
data/raw/food101/food-101/images/pork_chop/174516.jpg,77,pork_chop
data/raw/food101/food-101/images/pork_chop/150767.jpg,77,pork_chop
data/raw/food101/food-101/images/pork_chop/3844627.jpg,77,pork_chop
data/raw/food101/food-101/images/pork_chop/2099156.jpg,77,pork_chop
data/raw/food101/food-101/images/pork_chop/3781737.jpg,77,pork_chop
data/raw/food101/food-101/images/pork_chop/3710814.jpg,77,pork_chop
data/raw/food101/food-101/images/pork_chop/1263434.jpg,77,pork_chop
data/raw/food101/food-101/images/pork_chop/631335.jpg,77,pork_chop
data/raw/food101/food-101/images/pork_chop/132681.jpg,77,pork_chop
data/raw/food101/food-101/images/pork_chop/2953861.jpg,77,pork_chop
data/raw/food101/food-101/images/pork_chop/3297788.jpg,77,pork_chop
data/raw/food101/food-101/images/pork_chop/2899232.jpg,77,pork_chop
data/raw/food101/food-101/images/pork_chop/1714213.jpg,77,pork_chop
data/raw/food101/food-101/images/pork_chop/2849018.jpg,77,pork_chop
data/raw/food101/food-101/images/pork_chop/94984.jpg,77,pork_chop
data/raw/food101/food-101/images/pork_chop/238497.jpg,77,pork_chop
data/raw/food101/food-101/images/pork_chop/3826361.jpg,77,pork_chop
data/raw/food101/food-101/images/pork_chop/3431117.jpg,77,pork_chop
data/raw/food101/food-101/images/pork_chop/3229940.jpg,77,pork_chop
data/raw/food101/food-101/images/pork_chop/1053846.jpg,77,pork_chop
data/raw/food101/food-101/images/pork_chop/1132166.jpg,77,pork_chop
data/raw/food101/food-101/images/pork_chop/3758185.jpg,77,pork_chop
data/raw/food101/food-101/images/pork_chop/1506005.jpg,77,pork_chop
data/raw/food101/food-101/images/pork_chop/469027.jpg,77,pork_chop
data/raw/food101/food-101/images/pork_chop/3858624.jpg,77,pork_chop
data/raw/food101/food-101/images/pork_chop/287496.jpg,77,pork_chop
data/raw/food101/food-101/images/pork_chop/557084.jpg,77,pork_chop
data/raw/food101/food-101/images/pork_chop/1586313.jpg,77,pork_chop
data/raw/food101/food-101/images/pork_chop/816441.jpg,77,pork_chop
data/raw/food101/food-101/images/pork_chop/2583657.jpg,77,pork_chop
data/raw/food101/food-101/images/pork_chop/123518.jpg,77,pork_chop
data/raw/food101/food-101/images/pork_chop/2653314.jpg,77,pork_chop
data/raw/food101/food-101/images/pork_chop/2237383.jpg,77,pork_chop
data/raw/food101/food-101/images/pork_chop/1442402.jpg,77,pork_chop
data/raw/food101/food-101/images/pork_chop/1059919.jpg,77,pork_chop
data/raw/food101/food-101/images/pork_chop/3243910.jpg,77,pork_chop
data/raw/food101/food-101/images/pork_chop/2202572.jpg,77,pork_chop
data/raw/food101/food-101/images/pork_chop/2457356.jpg,77,pork_chop
data/raw/food101/food-101/images/pork_chop/2694388.jpg,77,pork_chop
data/raw/food101/food-101/images/pork_chop/711353.jpg,77,pork_chop
data/raw/food101/food-101/images/pork_chop/460096.jpg,77,pork_chop
data/raw/food101/food-101/images/pork_chop/2019026.jpg,77,pork_chop
data/raw/food101/food-101/images/pork_chop/231002.jpg,77,pork_chop
data/raw/food101/food-101/images/pork_chop/3102890.jpg,77,pork_chop
data/raw/food101/food-101/images/pork_chop/2547290.jpg,77,pork_chop
data/raw/food101/food-101/images/pork_chop/1045605.jpg,77,pork_chop
data/raw/food101/food-101/images/pork_chop/2728417.jpg,77,pork_chop
data/raw/food101/food-101/images/pork_chop/3279794.jpg,77,pork_chop
data/raw/food101/food-101/images/pork_chop/1100057.jpg,77,pork_chop
data/raw/food101/food-101/images/pork_chop/895.jpg,77,pork_chop
data/raw/food101/food-101/images/pork_chop/3117297.jpg,77,pork_chop
data/raw/food101/food-101/images/poutine/2301142.jpg,78,poutine
data/raw/food101/food-101/images/poutine/3774878.jpg,78,poutine
data/raw/food101/food-101/images/poutine/1368090.jpg,78,poutine
data/raw/food101/food-101/images/poutine/459987.jpg,78,poutine
data/raw/food101/food-101/images/poutine/261435.jpg,78,poutine
data/raw/food101/food-101/images/poutine/3671515.jpg,78,poutine
data/raw/food101/food-101/images/poutine/1952912.jpg,78,poutine
data/raw/food101/food-101/images/poutine/2077693.jpg,78,poutine
data/raw/food101/food-101/images/poutine/2916498.jpg,78,poutine
data/raw/food101/food-101/images/poutine/3505489.jpg,78,poutine
data/raw/food101/food-101/images/poutine/1969608.jpg,78,poutine
data/raw/food101/food-101/images/poutine/1019904.jpg,78,poutine
data/raw/food101/food-101/images/poutine/3305819.jpg,78,poutine
data/raw/food101/food-101/images/poutine/1301768.jpg,78,poutine
data/raw/food101/food-101/images/poutine/2455254.jpg,78,poutine
data/raw/food101/food-101/images/poutine/2243953.jpg,78,poutine
data/raw/food101/food-101/images/poutine/2347983.jpg,78,poutine
data/raw/food101/food-101/images/poutine/300532.jpg,78,poutine
data/raw/food101/food-101/images/poutine/348425.jpg,78,poutine
data/raw/food101/food-101/images/poutine/1568875.jpg,78,poutine
data/raw/food101/food-101/images/poutine/1122148.jpg,78,poutine
data/raw/food101/food-101/images/poutine/3186011.jpg,78,poutine
data/raw/food101/food-101/images/poutine/2591487.jpg,78,poutine
data/raw/food101/food-101/images/poutine/883850.jpg,78,poutine
data/raw/food101/food-101/images/poutine/1092714.jpg,78,poutine
data/raw/food101/food-101/images/poutine/140836.jpg,78,poutine
data/raw/food101/food-101/images/poutine/3600602.jpg,78,poutine
data/raw/food101/food-101/images/poutine/2891735.jpg,78,poutine
data/raw/food101/food-101/images/poutine/118540.jpg,78,poutine
data/raw/food101/food-101/images/poutine/1798940.jpg,78,poutine
data/raw/food101/food-101/images/poutine/345798.jpg,78,poutine
data/raw/food101/food-101/images/poutine/2663090.jpg,78,poutine
data/raw/food101/food-101/images/poutine/1646762.jpg,78,poutine
data/raw/food101/food-101/images/poutine/2385246.jpg,78,poutine
data/raw/food101/food-101/images/poutine/1845811.jpg,78,poutine
data/raw/food101/food-101/images/poutine/3913326.jpg,78,poutine
data/raw/food101/food-101/images/poutine/3648273.jpg,78,poutine
data/raw/food101/food-101/images/poutine/364939.jpg,78,poutine
data/raw/food101/food-101/images/poutine/3369347.jpg,78,poutine
data/raw/food101/food-101/images/poutine/3292532.jpg,78,poutine
data/raw/food101/food-101/images/poutine/1842444.jpg,78,poutine
data/raw/food101/food-101/images/poutine/2429019.jpg,78,poutine
data/raw/food101/food-101/images/poutine/1634346.jpg,78,poutine
data/raw/food101/food-101/images/poutine/1859075.jpg,78,poutine
data/raw/food101/food-101/images/poutine/3255943.jpg,78,poutine
data/raw/food101/food-101/images/poutine/2104060.jpg,78,poutine
data/raw/food101/food-101/images/poutine/2395714.jpg,78,poutine
data/raw/food101/food-101/images/poutine/3062368.jpg,78,poutine
data/raw/food101/food-101/images/poutine/453866.jpg,78,poutine
data/raw/food101/food-101/images/poutine/884863.jpg,78,poutine
data/raw/food101/food-101/images/poutine/3921979.jpg,78,poutine
data/raw/food101/food-101/images/poutine/3411885.jpg,78,poutine
data/raw/food101/food-101/images/poutine/2344290.jpg,78,poutine
data/raw/food101/food-101/images/poutine/1084918.jpg,78,poutine
data/raw/food101/food-101/images/poutine/2335921.jpg,78,poutine
data/raw/food101/food-101/images/poutine/2873691.jpg,78,poutine
data/raw/food101/food-101/images/poutine/655925.jpg,78,poutine
data/raw/food101/food-101/images/poutine/2972220.jpg,78,poutine
data/raw/food101/food-101/images/poutine/3794399.jpg,78,poutine
data/raw/food101/food-101/images/poutine/699064.jpg,78,poutine
data/raw/food101/food-101/images/poutine/3207772.jpg,78,poutine
data/raw/food101/food-101/images/poutine/175961.jpg,78,poutine
data/raw/food101/food-101/images/poutine/1965053.jpg,78,poutine
data/raw/food101/food-101/images/poutine/2663976.jpg,78,poutine
data/raw/food101/food-101/images/poutine/1432644.jpg,78,poutine
data/raw/food101/food-101/images/poutine/1774494.jpg,78,poutine
data/raw/food101/food-101/images/poutine/2256577.jpg,78,poutine
data/raw/food101/food-101/images/poutine/1005364.jpg,78,poutine
data/raw/food101/food-101/images/poutine/1204729.jpg,78,poutine
data/raw/food101/food-101/images/poutine/3901763.jpg,78,poutine
data/raw/food101/food-101/images/prime_rib/705077.jpg,79,prime_rib
data/raw/food101/food-101/images/prime_rib/2092352.jpg,79,prime_rib
data/raw/food101/food-101/images/prime_rib/2596724.jpg,79,prime_rib
data/raw/food101/food-101/images/prime_rib/2837165.jpg,79,prime_rib
data/raw/food101/food-101/images/prime_rib/2577443.jpg,79,prime_rib
data/raw/food101/food-101/images/prime_rib/2400373.jpg,79,prime_rib
data/raw/food101/food-101/images/prime_rib/3146172.jpg,79,prime_rib
data/raw/food101/food-101/images/prime_rib/2533638.jpg,79,prime_rib
data/raw/food101/food-101/images/prime_rib/2585835.jpg,79,prime_rib
data/raw/food101/food-101/images/prime_rib/300881.jpg,79,prime_rib
data/raw/food101/food-101/images/prime_rib/157897.jpg,79,prime_rib
data/raw/food101/food-101/images/prime_rib/2765690.jpg,79,prime_rib
data/raw/food101/food-101/images/prime_rib/962641.jpg,79,prime_rib
data/raw/food101/food-101/images/prime_rib/1055332.jpg,79,prime_rib
data/raw/food101/food-101/images/prime_rib/489732.jpg,79,prime_rib
data/raw/food101/food-101/images/prime_rib/1502177.jpg,79,prime_rib
data/raw/food101/food-101/images/prime_rib/894843.jpg,79,prime_rib
data/raw/food101/food-101/images/prime_rib/1590565.jpg,79,prime_rib
data/raw/food101/food-101/images/prime_rib/3831928.jpg,79,prime_rib
data/raw/food101/food-101/images/prime_rib/3833212.jpg,79,prime_rib
data/raw/food101/food-101/images/prime_rib/1953571.jpg,79,prime_rib
data/raw/food101/food-101/images/prime_rib/27410.jpg,79,prime_rib
data/raw/food101/food-101/images/prime_rib/1915700.jpg,79,prime_rib
data/raw/food101/food-101/images/prime_rib/1006320.jpg,79,prime_rib
data/raw/food101/food-101/images/prime_rib/2781154.jpg,79,prime_rib
data/raw/food101/food-101/images/prime_rib/2674414.jpg,79,prime_rib
data/raw/food101/food-101/images/prime_rib/1823178.jpg,79,prime_rib
data/raw/food101/food-101/images/prime_rib/1118319.jpg,79,prime_rib
data/raw/food101/food-101/images/prime_rib/611293.jpg,79,prime_rib
data/raw/food101/food-101/images/prime_rib/3890826.jpg,79,prime_rib
data/raw/food101/food-101/images/prime_rib/2056853.jpg,79,prime_rib
data/raw/food101/food-101/images/prime_rib/2817769.jpg,79,prime_rib
data/raw/food101/food-101/images/prime_rib/3661584.jpg,79,prime_rib
data/raw/food101/food-101/images/prime_rib/708325.jpg,79,prime_rib
data/raw/food101/food-101/images/prime_rib/2749372.jpg,79,prime_rib
data/raw/food101/food-101/images/prime_rib/3485033.jpg,79,prime_rib
data/raw/food101/food-101/images/prime_rib/978898.jpg,79,prime_rib
data/raw/food101/food-101/images/prime_rib/3169637.jpg,79,prime_rib
data/raw/food101/food-101/images/prime_rib/3505795.jpg,79,prime_rib
data/raw/food101/food-101/images/prime_rib/931917.jpg,79,prime_rib
data/raw/food101/food-101/images/prime_rib/2908668.jpg,79,prime_rib
data/raw/food101/food-101/images/prime_rib/1628813.jpg,79,prime_rib
data/raw/food101/food-101/images/prime_rib/3288197.jpg,79,prime_rib
data/raw/food101/food-101/images/prime_rib/3012205.jpg,79,prime_rib
data/raw/food101/food-101/images/prime_rib/1564514.jpg,79,prime_rib
data/raw/food101/food-101/images/prime_rib/797076.jpg,79,prime_rib
data/raw/food101/food-101/images/prime_rib/3222917.jpg,79,prime_rib
data/raw/food101/food-101/images/prime_rib/10120.jpg,79,prime_rib
data/raw/food101/food-101/images/prime_rib/62622.jpg,79,prime_rib
data/raw/food101/food-101/images/prime_rib/1871642.jpg,79,prime_rib
data/raw/food101/food-101/images/prime_rib/187181.jpg,79,prime_rib
data/raw/food101/food-101/images/prime_rib/680470.jpg,79,prime_rib
data/raw/food101/food-101/images/prime_rib/814822.jpg,79,prime_rib
data/raw/food101/food-101/images/prime_rib/70456.jpg,79,prime_rib
data/raw/food101/food-101/images/prime_rib/1539384.jpg,79,prime_rib
data/raw/food101/food-101/images/prime_rib/1201811.jpg,79,prime_rib
data/raw/food101/food-101/images/prime_rib/3189916.jpg,79,prime_rib
data/raw/food101/food-101/images/prime_rib/3538747.jpg,79,prime_rib
data/raw/food101/food-101/images/prime_rib/643627.jpg,79,prime_rib
data/raw/food101/food-101/images/prime_rib/3262273.jpg,79,prime_rib
data/raw/food101/food-101/images/prime_rib/3001960.jpg,79,prime_rib
data/raw/food101/food-101/images/prime_rib/1093043.jpg,79,prime_rib
data/raw/food101/food-101/images/prime_rib/991139.jpg,79,prime_rib
data/raw/food101/food-101/images/prime_rib/258171.jpg,79,prime_rib
data/raw/food101/food-101/images/prime_rib/2820526.jpg,79,prime_rib
data/raw/food101/food-101/images/prime_rib/740381.jpg,79,prime_rib
data/raw/food101/food-101/images/prime_rib/1944330.jpg,79,prime_rib
data/raw/food101/food-101/images/prime_rib/2986341.jpg,79,prime_rib
data/raw/food101/food-101/images/prime_rib/1550270.jpg,79,prime_rib
data/raw/food101/food-101/images/prime_rib/3674202.jpg,79,prime_rib
data/raw/food101/food-101/images/pulled_pork_sandwich/1417194.jpg,80,pulled_pork_sandwich
data/raw/food101/food-101/images/pulled_pork_sandwich/1567960.jpg,80,pulled_pork_sandwich
data/raw/food101/food-101/images/pulled_pork_sandwich/1618018.jpg,80,pulled_pork_sandwich
data/raw/food101/food-101/images/pulled_pork_sandwich/760814.jpg,80,pulled_pork_sandwich
data/raw/food101/food-101/images/pulled_pork_sandwich/3833737.jpg,80,pulled_pork_sandwich
data/raw/food101/food-101/images/pulled_pork_sandwich/1273155.jpg,80,pulled_pork_sandwich
data/raw/food101/food-101/images/pulled_pork_sandwich/1949105.jpg,80,pulled_pork_sandwich
data/raw/food101/food-101/images/pulled_pork_sandwich/1090391.jpg,80,pulled_pork_sandwich
data/raw/food101/food-101/images/pulled_pork_sandwich/225077.jpg,80,pulled_pork_sandwich
data/raw/food101/food-101/images/pulled_pork_sandwich/2407246.jpg,80,pulled_pork_sandwich
data/raw/food101/food-101/images/pulled_pork_sandwich/1538470.jpg,80,pulled_pork_sandwich
data/raw/food101/food-101/images/pulled_pork_sandwich/2197152.jpg,80,pulled_pork_sandwich
data/raw/food101/food-101/images/pulled_pork_sandwich/2619307.jpg,80,pulled_pork_sandwich
data/raw/food101/food-101/images/pulled_pork_sandwich/1390218.jpg,80,pulled_pork_sandwich
data/raw/food101/food-101/images/pulled_pork_sandwich/3503876.jpg,80,pulled_pork_sandwich
data/raw/food101/food-101/images/pulled_pork_sandwich/817243.jpg,80,pulled_pork_sandwich
data/raw/food101/food-101/images/pulled_pork_sandwich/380846.jpg,80,pulled_pork_sandwich
data/raw/food101/food-101/images/pulled_pork_sandwich/2409043.jpg,80,pulled_pork_sandwich
data/raw/food101/food-101/images/pulled_pork_sandwich/1138645.jpg,80,pulled_pork_sandwich
data/raw/food101/food-101/images/pulled_pork_sandwich/655800.jpg,80,pulled_pork_sandwich
data/raw/food101/food-101/images/pulled_pork_sandwich/422501.jpg,80,pulled_pork_sandwich
data/raw/food101/food-101/images/pulled_pork_sandwich/2073682.jpg,80,pulled_pork_sandwich
data/raw/food101/food-101/images/pulled_pork_sandwich/1699853.jpg,80,pulled_pork_sandwich
data/raw/food101/food-101/images/pulled_pork_sandwich/947258.jpg,80,pulled_pork_sandwich
data/raw/food101/food-101/images/pulled_pork_sandwich/34630.jpg,80,pulled_pork_sandwich
data/raw/food101/food-101/images/pulled_pork_sandwich/143645.jpg,80,pulled_pork_sandwich
data/raw/food101/food-101/images/pulled_pork_sandwich/2583350.jpg,80,pulled_pork_sandwich
data/raw/food101/food-101/images/pulled_pork_sandwich/779537.jpg,80,pulled_pork_sandwich
data/raw/food101/food-101/images/pulled_pork_sandwich/92641.jpg,80,pulled_pork_sandwich
data/raw/food101/food-101/images/pulled_pork_sandwich/211948.jpg,80,pulled_pork_sandwich
data/raw/food101/food-101/images/pulled_pork_sandwich/1365756.jpg,80,pulled_pork_sandwich
data/raw/food101/food-101/images/pulled_pork_sandwich/3318161.jpg,80,pulled_pork_sandwich
data/raw/food101/food-101/images/pulled_pork_sandwich/2288899.jpg,80,pulled_pork_sandwich
data/raw/food101/food-101/images/pulled_pork_sandwich/966993.jpg,80,pulled_pork_sandwich
data/raw/food101/food-101/images/pulled_pork_sandwich/2049557.jpg,80,pulled_pork_sandwich
data/raw/food101/food-101/images/pulled_pork_sandwich/2341959.jpg,80,pulled_pork_sandwich
data/raw/food101/food-101/images/pulled_pork_sandwich/395585.jpg,80,pulled_pork_sandwich
data/raw/food101/food-101/images/pulled_pork_sandwich/38713.jpg,80,pulled_pork_sandwich
data/raw/food101/food-101/images/pulled_pork_sandwich/1488137.jpg,80,pulled_pork_sandwich
data/raw/food101/food-101/images/pulled_pork_sandwich/411554.jpg,80,pulled_pork_sandwich
data/raw/food101/food-101/images/pulled_pork_sandwich/608734.jpg,80,pulled_pork_sandwich
data/raw/food101/food-101/images/pulled_pork_sandwich/3897404.jpg,80,pulled_pork_sandwich
data/raw/food101/food-101/images/pulled_pork_sandwich/2629859.jpg,80,pulled_pork_sandwich
data/raw/food101/food-101/images/pulled_pork_sandwich/441059.jpg,80,pulled_pork_sandwich
data/raw/food101/food-101/images/pulled_pork_sandwich/3540276.jpg,80,pulled_pork_sandwich
data/raw/food101/food-101/images/pulled_pork_sandwich/384687.jpg,80,pulled_pork_sandwich
data/raw/food101/food-101/images/pulled_pork_sandwich/1826318.jpg,80,pulled_pork_sandwich
data/raw/food101/food-101/images/pulled_pork_sandwich/1705933.jpg,80,pulled_pork_sandwich
data/raw/food101/food-101/images/pulled_pork_sandwich/1181563.jpg,80,pulled_pork_sandwich
data/raw/food101/food-101/images/pulled_pork_sandwich/1167875.jpg,80,pulled_pork_sandwich
data/raw/food101/food-101/images/pulled_pork_sandwich/843414.jpg,80,pulled_pork_sandwich
data/raw/food101/food-101/images/pulled_pork_sandwich/2950121.jpg,80,pulled_pork_sandwich
data/raw/food101/food-101/images/pulled_pork_sandwich/2549353.jpg,80,pulled_pork_sandwich
data/raw/food101/food-101/images/pulled_pork_sandwich/2874914.jpg,80,pulled_pork_sandwich
data/raw/food101/food-101/images/pulled_pork_sandwich/906860.jpg,80,pulled_pork_sandwich
data/raw/food101/food-101/images/pulled_pork_sandwich/932987.jpg,80,pulled_pork_sandwich
data/raw/food101/food-101/images/pulled_pork_sandwich/1142383.jpg,80,pulled_pork_sandwich
data/raw/food101/food-101/images/pulled_pork_sandwich/1782028.jpg,80,pulled_pork_sandwich
data/raw/food101/food-101/images/pulled_pork_sandwich/49200.jpg,80,pulled_pork_sandwich
data/raw/food101/food-101/images/pulled_pork_sandwich/601999.jpg,80,pulled_pork_sandwich
data/raw/food101/food-101/images/pulled_pork_sandwich/1905072.jpg,80,pulled_pork_sandwich
data/raw/food101/food-101/images/pulled_pork_sandwich/2009439.jpg,80,pulled_pork_sandwich
data/raw/food101/food-101/images/pulled_pork_sandwich/2650827.jpg,80,pulled_pork_sandwich
data/raw/food101/food-101/images/pulled_pork_sandwich/2323051.jpg,80,pulled_pork_sandwich
data/raw/food101/food-101/images/pulled_pork_sandwich/1027491.jpg,80,pulled_pork_sandwich
data/raw/food101/food-101/images/pulled_pork_sandwich/202161.jpg,80,pulled_pork_sandwich
data/raw/food101/food-101/images/pulled_pork_sandwich/829707.jpg,80,pulled_pork_sandwich
data/raw/food101/food-101/images/pulled_pork_sandwich/3912782.jpg,80,pulled_pork_sandwich
data/raw/food101/food-101/images/pulled_pork_sandwich/2776473.jpg,80,pulled_pork_sandwich
data/raw/food101/food-101/images/pulled_pork_sandwich/1950610.jpg,80,pulled_pork_sandwich
data/raw/food101/food-101/images/ramen/3184249.jpg,81,ramen
data/raw/food101/food-101/images/ramen/2620125.jpg,81,ramen
data/raw/food101/food-101/images/ramen/1743752.jpg,81,ramen
data/raw/food101/food-101/images/ramen/199539.jpg,81,ramen
data/raw/food101/food-101/images/ramen/1433981.jpg,81,ramen
data/raw/food101/food-101/images/ramen/1598306.jpg,81,ramen
data/raw/food101/food-101/images/ramen/68147.jpg,81,ramen
data/raw/food101/food-101/images/ramen/2914497.jpg,81,ramen
data/raw/food101/food-101/images/ramen/1823691.jpg,81,ramen
data/raw/food101/food-101/images/ramen/1661819.jpg,81,ramen
data/raw/food101/food-101/images/ramen/1397194.jpg,81,ramen
data/raw/food101/food-101/images/ramen/215283.jpg,81,ramen
data/raw/food101/food-101/images/ramen/3782534.jpg,81,ramen
data/raw/food101/food-101/images/ramen/191388.jpg,81,ramen
data/raw/food101/food-101/images/ramen/1085706.jpg,81,ramen
data/raw/food101/food-101/images/ramen/5656.jpg,81,ramen
data/raw/food101/food-101/images/ramen/927916.jpg,81,ramen
data/raw/food101/food-101/images/ramen/483727.jpg,81,ramen
data/raw/food101/food-101/images/ramen/3067220.jpg,81,ramen
data/raw/food101/food-101/images/ramen/1006057.jpg,81,ramen
data/raw/food101/food-101/images/ramen/2889521.jpg,81,ramen
data/raw/food101/food-101/images/ramen/62804.jpg,81,ramen
data/raw/food101/food-101/images/ramen/841121.jpg,81,ramen
data/raw/food101/food-101/images/ramen/3052991.jpg,81,ramen
data/raw/food101/food-101/images/ramen/3386205.jpg,81,ramen
data/raw/food101/food-101/images/ramen/942497.jpg,81,ramen
data/raw/food101/food-101/images/ramen/2402682.jpg,81,ramen
data/raw/food101/food-101/images/ramen/61312.jpg,81,ramen
data/raw/food101/food-101/images/ramen/104209.jpg,81,ramen
data/raw/food101/food-101/images/ramen/2475255.jpg,81,ramen
data/raw/food101/food-101/images/ramen/959525.jpg,81,ramen
data/raw/food101/food-101/images/ramen/582487.jpg,81,ramen
data/raw/food101/food-101/images/ramen/593085.jpg,81,ramen
data/raw/food101/food-101/images/ramen/1542725.jpg,81,ramen
data/raw/food101/food-101/images/ramen/3629275.jpg,81,ramen
data/raw/food101/food-101/images/ramen/1019704.jpg,81,ramen
data/raw/food101/food-101/images/ramen/513237.jpg,81,ramen
data/raw/food101/food-101/images/ramen/2690047.jpg,81,ramen
data/raw/food101/food-101/images/ramen/826718.jpg,81,ramen
data/raw/food101/food-101/images/ramen/388653.jpg,81,ramen
data/raw/food101/food-101/images/ramen/3529681.jpg,81,ramen
data/raw/food101/food-101/images/ramen/681899.jpg,81,ramen
data/raw/food101/food-101/images/ramen/67640.jpg,81,ramen
data/raw/food101/food-101/images/ramen/9330.jpg,81,ramen
data/raw/food101/food-101/images/ramen/544680.jpg,81,ramen
data/raw/food101/food-101/images/ramen/3810365.jpg,81,ramen
data/raw/food101/food-101/images/ramen/462716.jpg,81,ramen
data/raw/food101/food-101/images/ramen/18469.jpg,81,ramen
data/raw/food101/food-101/images/ramen/725200.jpg,81,ramen
data/raw/food101/food-101/images/ramen/2659525.jpg,81,ramen
data/raw/food101/food-101/images/ramen/2084906.jpg,81,ramen
data/raw/food101/food-101/images/ramen/4978.jpg,81,ramen
data/raw/food101/food-101/images/ramen/412533.jpg,81,ramen
data/raw/food101/food-101/images/ramen/714494.jpg,81,ramen
data/raw/food101/food-101/images/ramen/130698.jpg,81,ramen
data/raw/food101/food-101/images/ramen/405268.jpg,81,ramen
data/raw/food101/food-101/images/ramen/723306.jpg,81,ramen
data/raw/food101/food-101/images/ramen/920014.jpg,81,ramen
data/raw/food101/food-101/images/ramen/10424.jpg,81,ramen
data/raw/food101/food-101/images/ramen/219863.jpg,81,ramen
data/raw/food101/food-101/images/ramen/1269572.jpg,81,ramen
data/raw/food101/food-101/images/ramen/65429.jpg,81,ramen
data/raw/food101/food-101/images/ramen/408577.jpg,81,ramen
data/raw/food101/food-101/images/ramen/2593604.jpg,81,ramen
data/raw/food101/food-101/images/ramen/1650447.jpg,81,ramen
data/raw/food101/food-101/images/ramen/3762637.jpg,81,ramen
data/raw/food101/food-101/images/ramen/2888902.jpg,81,ramen
data/raw/food101/food-101/images/ramen/1216361.jpg,81,ramen
data/raw/food101/food-101/images/ramen/1954604.jpg,81,ramen
data/raw/food101/food-101/images/ramen/1315273.jpg,81,ramen
data/raw/food101/food-101/images/ravioli/946660.jpg,82,ravioli
data/raw/food101/food-101/images/ravioli/2917683.jpg,82,ravioli
data/raw/food101/food-101/images/ravioli/302732.jpg,82,ravioli
data/raw/food101/food-101/images/ravioli/3332894.jpg,82,ravioli
data/raw/food101/food-101/images/ravioli/2648394.jpg,82,ravioli
data/raw/food101/food-101/images/ravioli/1989860.jpg,82,ravioli
data/raw/food101/food-101/images/ravioli/822875.jpg,82,ravioli
data/raw/food101/food-101/images/ravioli/3860850.jpg,82,ravioli
data/raw/food101/food-101/images/ravioli/1432935.jpg,82,ravioli
data/raw/food101/food-101/images/ravioli/384648.jpg,82,ravioli
data/raw/food101/food-101/images/ravioli/902698.jpg,82,ravioli
data/raw/food101/food-101/images/ravioli/37531.jpg,82,ravioli
data/raw/food101/food-101/images/ravioli/642953.jpg,82,ravioli
data/raw/food101/food-101/images/ravioli/2852943.jpg,82,ravioli
data/raw/food101/food-101/images/ravioli/3532104.jpg,82,ravioli
data/raw/food101/food-101/images/ravioli/2133498.jpg,82,ravioli
data/raw/food101/food-101/images/ravioli/535355.jpg,82,ravioli
data/raw/food101/food-101/images/ravioli/2421422.jpg,82,ravioli
data/raw/food101/food-101/images/ravioli/2231904.jpg,82,ravioli
data/raw/food101/food-101/images/ravioli/2708437.jpg,82,ravioli
data/raw/food101/food-101/images/ravioli/137407.jpg,82,ravioli
data/raw/food101/food-101/images/ravioli/1990654.jpg,82,ravioli
data/raw/food101/food-101/images/ravioli/2870540.jpg,82,ravioli
data/raw/food101/food-101/images/ravioli/1110315.jpg,82,ravioli
data/raw/food101/food-101/images/ravioli/2515950.jpg,82,ravioli
data/raw/food101/food-101/images/ravioli/2035747.jpg,82,ravioli
data/raw/food101/food-101/images/ravioli/1831828.jpg,82,ravioli
data/raw/food101/food-101/images/ravioli/3780408.jpg,82,ravioli
data/raw/food101/food-101/images/ravioli/1824048.jpg,82,ravioli
data/raw/food101/food-101/images/ravioli/1888876.jpg,82,ravioli
data/raw/food101/food-101/images/ravioli/250936.jpg,82,ravioli
data/raw/food101/food-101/images/ravioli/326947.jpg,82,ravioli
data/raw/food101/food-101/images/ravioli/1499492.jpg,82,ravioli
data/raw/food101/food-101/images/ravioli/237327.jpg,82,ravioli
data/raw/food101/food-101/images/ravioli/1012118.jpg,82,ravioli
data/raw/food101/food-101/images/ravioli/1188628.jpg,82,ravioli
data/raw/food101/food-101/images/ravioli/2595747.jpg,82,ravioli
data/raw/food101/food-101/images/ravioli/245978.jpg,82,ravioli
data/raw/food101/food-101/images/ravioli/1172487.jpg,82,ravioli
data/raw/food101/food-101/images/ravioli/225784.jpg,82,ravioli
data/raw/food101/food-101/images/ravioli/294737.jpg,82,ravioli
data/raw/food101/food-101/images/ravioli/285925.jpg,82,ravioli
data/raw/food101/food-101/images/ravioli/3030459.jpg,82,ravioli
data/raw/food101/food-101/images/ravioli/2233687.jpg,82,ravioli
data/raw/food101/food-101/images/ravioli/1160093.jpg,82,ravioli
data/raw/food101/food-101/images/ravioli/995141.jpg,82,ravioli
data/raw/food101/food-101/images/ravioli/1168207.jpg,82,ravioli
data/raw/food101/food-101/images/ravioli/1354219.jpg,82,ravioli
data/raw/food101/food-101/images/ravioli/2999209.jpg,82,ravioli
data/raw/food101/food-101/images/ravioli/3653273.jpg,82,ravioli
data/raw/food101/food-101/images/ravioli/114218.jpg,82,ravioli
data/raw/food101/food-101/images/ravioli/41097.jpg,82,ravioli
data/raw/food101/food-101/images/ravioli/2019433.jpg,82,ravioli
data/raw/food101/food-101/images/ravioli/40553.jpg,82,ravioli
data/raw/food101/food-101/images/ravioli/784177.jpg,82,ravioli
data/raw/food101/food-101/images/ravioli/2610646.jpg,82,ravioli
data/raw/food101/food-101/images/ravioli/3304843.jpg,82,ravioli
data/raw/food101/food-101/images/ravioli/292077.jpg,82,ravioli
data/raw/food101/food-101/images/ravioli/1529728.jpg,82,ravioli
data/raw/food101/food-101/images/ravioli/3127585.jpg,82,ravioli
data/raw/food101/food-101/images/ravioli/3132924.jpg,82,ravioli
data/raw/food101/food-101/images/ravioli/2323847.jpg,82,ravioli
data/raw/food101/food-101/images/ravioli/514966.jpg,82,ravioli
data/raw/food101/food-101/images/ravioli/1663397.jpg,82,ravioli
data/raw/food101/food-101/images/ravioli/2931526.jpg,82,ravioli
data/raw/food101/food-101/images/ravioli/2201531.jpg,82,ravioli
data/raw/food101/food-101/images/ravioli/1732746.jpg,82,ravioli
data/raw/food101/food-101/images/ravioli/1693540.jpg,82,ravioli
data/raw/food101/food-101/images/ravioli/252131.jpg,82,ravioli
data/raw/food101/food-101/images/ravioli/1736225.jpg,82,ravioli
data/raw/food101/food-101/images/red_velvet_cake/1298281.jpg,83,red_velvet_cake
data/raw/food101/food-101/images/red_velvet_cake/2427823.jpg,83,red_velvet_cake
data/raw/food101/food-101/images/red_velvet_cake/1354955.jpg,83,red_velvet_cake
data/raw/food101/food-101/images/red_velvet_cake/2896016.jpg,83,red_velvet_cake
data/raw/food101/food-101/images/red_velvet_cake/1500606.jpg,83,red_velvet_cake
data/raw/food101/food-101/images/red_velvet_cake/2661519.jpg,83,red_velvet_cake
data/raw/food101/food-101/images/red_velvet_cake/1743125.jpg,83,red_velvet_cake
data/raw/food101/food-101/images/red_velvet_cake/2874988.jpg,83,red_velvet_cake
data/raw/food101/food-101/images/red_velvet_cake/3567862.jpg,83,red_velvet_cake
data/raw/food101/food-101/images/red_velvet_cake/783322.jpg,83,red_velvet_cake
data/raw/food101/food-101/images/red_velvet_cake/2780559.jpg,83,red_velvet_cake
data/raw/food101/food-101/images/red_velvet_cake/1664681.jpg,83,red_velvet_cake
data/raw/food101/food-101/images/red_velvet_cake/2011498.jpg,83,red_velvet_cake
data/raw/food101/food-101/images/red_velvet_cake/2869265.jpg,83,red_velvet_cake
data/raw/food101/food-101/images/red_velvet_cake/824191.jpg,83,red_velvet_cake
data/raw/food101/food-101/images/red_velvet_cake/3350373.jpg,83,red_velvet_cake
data/raw/food101/food-101/images/red_velvet_cake/524752.jpg,83,red_velvet_cake
data/raw/food101/food-101/images/red_velvet_cake/916821.jpg,83,red_velvet_cake
data/raw/food101/food-101/images/red_velvet_cake/1619586.jpg,83,red_velvet_cake
data/raw/food101/food-101/images/red_velvet_cake/1064431.jpg,83,red_velvet_cake
data/raw/food101/food-101/images/red_velvet_cake/2146314.jpg,83,red_velvet_cake
data/raw/food101/food-101/images/red_velvet_cake/3375774.jpg,83,red_velvet_cake
data/raw/food101/food-101/images/red_velvet_cake/2339271.jpg,83,red_velvet_cake
data/raw/food101/food-101/images/red_velvet_cake/2378895.jpg,83,red_velvet_cake
data/raw/food101/food-101/images/red_velvet_cake/3199505.jpg,83,red_velvet_cake
data/raw/food101/food-101/images/red_velvet_cake/3428434.jpg,83,red_velvet_cake
data/raw/food101/food-101/images/red_velvet_cake/481001.jpg,83,red_velvet_cake
data/raw/food101/food-101/images/red_velvet_cake/3445212.jpg,83,red_velvet_cake
data/raw/food101/food-101/images/red_velvet_cake/148640.jpg,83,red_velvet_cake
data/raw/food101/food-101/images/red_velvet_cake/287152.jpg,83,red_velvet_cake
data/raw/food101/food-101/images/red_velvet_cake/3448.jpg,83,red_velvet_cake
data/raw/food101/food-101/images/red_velvet_cake/1168566.jpg,83,red_velvet_cake
data/raw/food101/food-101/images/red_velvet_cake/1972764.jpg,83,red_velvet_cake
data/raw/food101/food-101/images/red_velvet_cake/411581.jpg,83,red_velvet_cake
data/raw/food101/food-101/images/red_velvet_cake/2345843.jpg,83,red_velvet_cake
data/raw/food101/food-101/images/red_velvet_cake/1457117.jpg,83,red_velvet_cake
data/raw/food101/food-101/images/red_velvet_cake/2917898.jpg,83,red_velvet_cake
data/raw/food101/food-101/images/red_velvet_cake/356297.jpg,83,red_velvet_cake
data/raw/food101/food-101/images/red_velvet_cake/1980270.jpg,83,red_velvet_cake
data/raw/food101/food-101/images/red_velvet_cake/2777979.jpg,83,red_velvet_cake
data/raw/food101/food-101/images/red_velvet_cake/1113415.jpg,83,red_velvet_cake
data/raw/food101/food-101/images/red_velvet_cake/2516560.jpg,83,red_velvet_cake
data/raw/food101/food-101/images/red_velvet_cake/1491045.jpg,83,red_velvet_cake
data/raw/food101/food-101/images/red_velvet_cake/1271257.jpg,83,red_velvet_cake
data/raw/food101/food-101/images/red_velvet_cake/768172.jpg,83,red_velvet_cake
data/raw/food101/food-101/images/red_velvet_cake/1224460.jpg,83,red_velvet_cake
data/raw/food101/food-101/images/red_velvet_cake/3134147.jpg,83,red_velvet_cake
data/raw/food101/food-101/images/red_velvet_cake/1636484.jpg,83,red_velvet_cake
data/raw/food101/food-101/images/red_velvet_cake/524755.jpg,83,red_velvet_cake
data/raw/food101/food-101/images/red_velvet_cake/1423857.jpg,83,red_velvet_cake
data/raw/food101/food-101/images/red_velvet_cake/1012312.jpg,83,red_velvet_cake
data/raw/food101/food-101/images/red_velvet_cake/667564.jpg,83,red_velvet_cake
data/raw/food101/food-101/images/red_velvet_cake/3831850.jpg,83,red_velvet_cake
data/raw/food101/food-101/images/red_velvet_cake/2584701.jpg,83,red_velvet_cake
data/raw/food101/food-101/images/red_velvet_cake/2681237.jpg,83,red_velvet_cake
data/raw/food101/food-101/images/red_velvet_cake/1478011.jpg,83,red_velvet_cake
data/raw/food101/food-101/images/red_velvet_cake/62322.jpg,83,red_velvet_cake
data/raw/food101/food-101/images/red_velvet_cake/1963994.jpg,83,red_velvet_cake
data/raw/food101/food-101/images/red_velvet_cake/2327195.jpg,83,red_velvet_cake
data/raw/food101/food-101/images/red_velvet_cake/1153998.jpg,83,red_velvet_cake
data/raw/food101/food-101/images/red_velvet_cake/1513947.jpg,83,red_velvet_cake
data/raw/food101/food-101/images/red_velvet_cake/1859328.jpg,83,red_velvet_cake
data/raw/food101/food-101/images/red_velvet_cake/575549.jpg,83,red_velvet_cake
data/raw/food101/food-101/images/red_velvet_cake/2301316.jpg,83,red_velvet_cake
data/raw/food101/food-101/images/red_velvet_cake/2127723.jpg,83,red_velvet_cake
data/raw/food101/food-101/images/red_velvet_cake/3187304.jpg,83,red_velvet_cake
data/raw/food101/food-101/images/red_velvet_cake/3796250.jpg,83,red_velvet_cake
data/raw/food101/food-101/images/red_velvet_cake/2104455.jpg,83,red_velvet_cake
data/raw/food101/food-101/images/red_velvet_cake/3121297.jpg,83,red_velvet_cake
data/raw/food101/food-101/images/red_velvet_cake/2952051.jpg,83,red_velvet_cake
data/raw/food101/food-101/images/risotto/2726524.jpg,84,risotto
data/raw/food101/food-101/images/risotto/627952.jpg,84,risotto
data/raw/food101/food-101/images/risotto/534785.jpg,84,risotto
data/raw/food101/food-101/images/risotto/1553138.jpg,84,risotto
data/raw/food101/food-101/images/risotto/2989361.jpg,84,risotto
data/raw/food101/food-101/images/risotto/2511768.jpg,84,risotto
data/raw/food101/food-101/images/risotto/151347.jpg,84,risotto
data/raw/food101/food-101/images/risotto/2667008.jpg,84,risotto
data/raw/food101/food-101/images/risotto/1435808.jpg,84,risotto
data/raw/food101/food-101/images/risotto/2300655.jpg,84,risotto
data/raw/food101/food-101/images/risotto/2247105.jpg,84,risotto
data/raw/food101/food-101/images/risotto/1657419.jpg,84,risotto
data/raw/food101/food-101/images/risotto/2305871.jpg,84,risotto
data/raw/food101/food-101/images/risotto/3156723.jpg,84,risotto
data/raw/food101/food-101/images/risotto/186306.jpg,84,risotto
data/raw/food101/food-101/images/risotto/1393490.jpg,84,risotto
data/raw/food101/food-101/images/risotto/782868.jpg,84,risotto
data/raw/food101/food-101/images/risotto/3003623.jpg,84,risotto
data/raw/food101/food-101/images/risotto/2234794.jpg,84,risotto
data/raw/food101/food-101/images/risotto/2738628.jpg,84,risotto
data/raw/food101/food-101/images/risotto/1527776.jpg,84,risotto
data/raw/food101/food-101/images/risotto/3615296.jpg,84,risotto
data/raw/food101/food-101/images/risotto/944109.jpg,84,risotto
data/raw/food101/food-101/images/risotto/720366.jpg,84,risotto
data/raw/food101/food-101/images/risotto/1587817.jpg,84,risotto
data/raw/food101/food-101/images/risotto/2252288.jpg,84,risotto
data/raw/food101/food-101/images/risotto/2191240.jpg,84,risotto
data/raw/food101/food-101/images/risotto/3285230.jpg,84,risotto
data/raw/food101/food-101/images/risotto/3664587.jpg,84,risotto
data/raw/food101/food-101/images/risotto/19112.jpg,84,risotto
data/raw/food101/food-101/images/risotto/942307.jpg,84,risotto
data/raw/food101/food-101/images/risotto/1620782.jpg,84,risotto
data/raw/food101/food-101/images/risotto/2480908.jpg,84,risotto
data/raw/food101/food-101/images/risotto/2475700.jpg,84,risotto
data/raw/food101/food-101/images/risotto/3803909.jpg,84,risotto
data/raw/food101/food-101/images/risotto/1564922.jpg,84,risotto
data/raw/food101/food-101/images/risotto/507890.jpg,84,risotto
data/raw/food101/food-101/images/risotto/962948.jpg,84,risotto
data/raw/food101/food-101/images/risotto/1894556.jpg,84,risotto
data/raw/food101/food-101/images/risotto/253970.jpg,84,risotto
data/raw/food101/food-101/images/risotto/3234643.jpg,84,risotto
data/raw/food101/food-101/images/risotto/2357459.jpg,84,risotto
data/raw/food101/food-101/images/risotto/2360264.jpg,84,risotto
data/raw/food101/food-101/images/risotto/1509463.jpg,84,risotto
data/raw/food101/food-101/images/risotto/75664.jpg,84,risotto
data/raw/food101/food-101/images/risotto/2553928.jpg,84,risotto
data/raw/food101/food-101/images/risotto/1508678.jpg,84,risotto
data/raw/food101/food-101/images/risotto/2515869.jpg,84,risotto
data/raw/food101/food-101/images/risotto/1259697.jpg,84,risotto
data/raw/food101/food-101/images/risotto/2338070.jpg,84,risotto
data/raw/food101/food-101/images/risotto/1693244.jpg,84,risotto
data/raw/food101/food-101/images/risotto/1723299.jpg,84,risotto
data/raw/food101/food-101/images/risotto/358883.jpg,84,risotto
data/raw/food101/food-101/images/risotto/3685674.jpg,84,risotto
data/raw/food101/food-101/images/risotto/2174029.jpg,84,risotto
data/raw/food101/food-101/images/risotto/8586.jpg,84,risotto
data/raw/food101/food-101/images/risotto/3146338.jpg,84,risotto
data/raw/food101/food-101/images/risotto/2999042.jpg,84,risotto
data/raw/food101/food-101/images/risotto/3477646.jpg,84,risotto
data/raw/food101/food-101/images/risotto/40801.jpg,84,risotto
data/raw/food101/food-101/images/risotto/2129012.jpg,84,risotto
data/raw/food101/food-101/images/risotto/38642.jpg,84,risotto
data/raw/food101/food-101/images/risotto/172623.jpg,84,risotto
data/raw/food101/food-101/images/risotto/717314.jpg,84,risotto
data/raw/food101/food-101/images/risotto/2325763.jpg,84,risotto
data/raw/food101/food-101/images/risotto/1544681.jpg,84,risotto
data/raw/food101/food-101/images/risotto/2272140.jpg,84,risotto
data/raw/food101/food-101/images/risotto/2154214.jpg,84,risotto
data/raw/food101/food-101/images/risotto/328110.jpg,84,risotto
data/raw/food101/food-101/images/risotto/3366290.jpg,84,risotto
data/raw/food101/food-101/images/samosa/3496292.jpg,85,samosa
data/raw/food101/food-101/images/samosa/1053873.jpg,85,samosa
data/raw/food101/food-101/images/samosa/1907595.jpg,85,samosa
data/raw/food101/food-101/images/samosa/3132346.jpg,85,samosa
data/raw/food101/food-101/images/samosa/2314270.jpg,85,samosa
data/raw/food101/food-101/images/samosa/3350944.jpg,85,samosa
data/raw/food101/food-101/images/samosa/3731931.jpg,85,samosa
data/raw/food101/food-101/images/samosa/3844053.jpg,85,samosa
data/raw/food101/food-101/images/samosa/660500.jpg,85,samosa
data/raw/food101/food-101/images/samosa/3880106.jpg,85,samosa
data/raw/food101/food-101/images/samosa/3380807.jpg,85,samosa
data/raw/food101/food-101/images/samosa/1962936.jpg,85,samosa
data/raw/food101/food-101/images/samosa/1828535.jpg,85,samosa
data/raw/food101/food-101/images/samosa/2998894.jpg,85,samosa
data/raw/food101/food-101/images/samosa/2544444.jpg,85,samosa
data/raw/food101/food-101/images/samosa/661244.jpg,85,samosa
data/raw/food101/food-101/images/samosa/3478622.jpg,85,samosa
data/raw/food101/food-101/images/samosa/3490405.jpg,85,samosa
data/raw/food101/food-101/images/samosa/2754555.jpg,85,samosa
data/raw/food101/food-101/images/samosa/3832914.jpg,85,samosa
data/raw/food101/food-101/images/samosa/3778934.jpg,85,samosa
data/raw/food101/food-101/images/samosa/3805795.jpg,85,samosa
data/raw/food101/food-101/images/samosa/2179388.jpg,85,samosa
data/raw/food101/food-101/images/samosa/3803318.jpg,85,samosa
data/raw/food101/food-101/images/samosa/1714256.jpg,85,samosa
data/raw/food101/food-101/images/samosa/3703858.jpg,85,samosa
data/raw/food101/food-101/images/samosa/1125917.jpg,85,samosa
data/raw/food101/food-101/images/samosa/3508729.jpg,85,samosa
data/raw/food101/food-101/images/samosa/520809.jpg,85,samosa
data/raw/food101/food-101/images/samosa/3649465.jpg,85,samosa
data/raw/food101/food-101/images/samosa/2184808.jpg,85,samosa
data/raw/food101/food-101/images/samosa/1377111.jpg,85,samosa
data/raw/food101/food-101/images/samosa/1387170.jpg,85,samosa
data/raw/food101/food-101/images/samosa/2936956.jpg,85,samosa
data/raw/food101/food-101/images/samosa/1598130.jpg,85,samosa
data/raw/food101/food-101/images/samosa/143698.jpg,85,samosa
data/raw/food101/food-101/images/samosa/1191467.jpg,85,samosa
data/raw/food101/food-101/images/samosa/2547429.jpg,85,samosa
data/raw/food101/food-101/images/samosa/1765364.jpg,85,samosa
data/raw/food101/food-101/images/samosa/2553976.jpg,85,samosa
data/raw/food101/food-101/images/samosa/3001060.jpg,85,samosa
data/raw/food101/food-101/images/samosa/472383.jpg,85,samosa
data/raw/food101/food-101/images/samosa/1008131.jpg,85,samosa
data/raw/food101/food-101/images/samosa/3438993.jpg,85,samosa
data/raw/food101/food-101/images/samosa/3882056.jpg,85,samosa
data/raw/food101/food-101/images/samosa/1988149.jpg,85,samosa
data/raw/food101/food-101/images/samosa/2111434.jpg,85,samosa
data/raw/food101/food-101/images/samosa/1997247.jpg,85,samosa
data/raw/food101/food-101/images/samosa/1795837.jpg,85,samosa
data/raw/food101/food-101/images/samosa/272132.jpg,85,samosa
data/raw/food101/food-101/images/samosa/2603940.jpg,85,samosa
data/raw/food101/food-101/images/samosa/329304.jpg,85,samosa
data/raw/food101/food-101/images/samosa/2843831.jpg,85,samosa
data/raw/food101/food-101/images/samosa/21443.jpg,85,samosa
data/raw/food101/food-101/images/samosa/3239482.jpg,85,samosa
data/raw/food101/food-101/images/samosa/1660672.jpg,85,samosa
data/raw/food101/food-101/images/samosa/575740.jpg,85,samosa
data/raw/food101/food-101/images/samosa/68911.jpg,85,samosa
data/raw/food101/food-101/images/samosa/1391895.jpg,85,samosa
data/raw/food101/food-101/images/samosa/2782855.jpg,85,samosa
data/raw/food101/food-101/images/samosa/2560682.jpg,85,samosa
data/raw/food101/food-101/images/samosa/621201.jpg,85,samosa
data/raw/food101/food-101/images/samosa/43271.jpg,85,samosa
data/raw/food101/food-101/images/samosa/2383902.jpg,85,samosa
data/raw/food101/food-101/images/samosa/2024363.jpg,85,samosa
data/raw/food101/food-101/images/samosa/2095450.jpg,85,samosa
data/raw/food101/food-101/images/samosa/401807.jpg,85,samosa
data/raw/food101/food-101/images/samosa/1763584.jpg,85,samosa
data/raw/food101/food-101/images/samosa/2928694.jpg,85,samosa
data/raw/food101/food-101/images/samosa/717090.jpg,85,samosa
data/raw/food101/food-101/images/sashimi/313269.jpg,86,sashimi
data/raw/food101/food-101/images/sashimi/127888.jpg,86,sashimi
data/raw/food101/food-101/images/sashimi/87381.jpg,86,sashimi
data/raw/food101/food-101/images/sashimi/3327879.jpg,86,sashimi
data/raw/food101/food-101/images/sashimi/3143530.jpg,86,sashimi
data/raw/food101/food-101/images/sashimi/2402309.jpg,86,sashimi
data/raw/food101/food-101/images/sashimi/3056208.jpg,86,sashimi
data/raw/food101/food-101/images/sashimi/1017182.jpg,86,sashimi
data/raw/food101/food-101/images/sashimi/2410161.jpg,86,sashimi
data/raw/food101/food-101/images/sashimi/2913357.jpg,86,sashimi
data/raw/food101/food-101/images/sashimi/2895930.jpg,86,sashimi
data/raw/food101/food-101/images/sashimi/278120.jpg,86,sashimi
data/raw/food101/food-101/images/sashimi/3437643.jpg,86,sashimi
data/raw/food101/food-101/images/sashimi/3524774.jpg,86,sashimi
data/raw/food101/food-101/images/sashimi/1532602.jpg,86,sashimi
data/raw/food101/food-101/images/sashimi/2623723.jpg,86,sashimi
data/raw/food101/food-101/images/sashimi/415059.jpg,86,sashimi
data/raw/food101/food-101/images/sashimi/969197.jpg,86,sashimi
data/raw/food101/food-101/images/sashimi/1372033.jpg,86,sashimi
data/raw/food101/food-101/images/sashimi/1186629.jpg,86,sashimi
data/raw/food101/food-101/images/sashimi/2907722.jpg,86,sashimi
data/raw/food101/food-101/images/sashimi/578606.jpg,86,sashimi
data/raw/food101/food-101/images/sashimi/558523.jpg,86,sashimi
data/raw/food101/food-101/images/sashimi/2738151.jpg,86,sashimi
data/raw/food101/food-101/images/sashimi/1948285.jpg,86,sashimi
data/raw/food101/food-101/images/sashimi/1620831.jpg,86,sashimi
data/raw/food101/food-101/images/sashimi/221578.jpg,86,sashimi
data/raw/food101/food-101/images/sashimi/217401.jpg,86,sashimi
data/raw/food101/food-101/images/sashimi/1260512.jpg,86,sashimi
data/raw/food101/food-101/images/sashimi/2910914.jpg,86,sashimi
data/raw/food101/food-101/images/sashimi/182979.jpg,86,sashimi
data/raw/food101/food-101/images/sashimi/3055919.jpg,86,sashimi
data/raw/food101/food-101/images/sashimi/2709939.jpg,86,sashimi
data/raw/food101/food-101/images/sashimi/2393618.jpg,86,sashimi
data/raw/food101/food-101/images/sashimi/731121.jpg,86,sashimi
data/raw/food101/food-101/images/sashimi/2772305.jpg,86,sashimi
data/raw/food101/food-101/images/sashimi/1304734.jpg,86,sashimi
data/raw/food101/food-101/images/sashimi/2334273.jpg,86,sashimi
data/raw/food101/food-101/images/sashimi/802260.jpg,86,sashimi
data/raw/food101/food-101/images/sashimi/3291519.jpg,86,sashimi
data/raw/food101/food-101/images/sashimi/1424232.jpg,86,sashimi
data/raw/food101/food-101/images/sashimi/479908.jpg,86,sashimi
data/raw/food101/food-101/images/sashimi/3564342.jpg,86,sashimi
data/raw/food101/food-101/images/sashimi/2594076.jpg,86,sashimi
data/raw/food101/food-101/images/sashimi/1428436.jpg,86,sashimi
data/raw/food101/food-101/images/sashimi/717905.jpg,86,sashimi
data/raw/food101/food-101/images/sashimi/149710.jpg,86,sashimi
data/raw/food101/food-101/images/sashimi/2895158.jpg,86,sashimi
data/raw/food101/food-101/images/sashimi/3628662.jpg,86,sashimi
data/raw/food101/food-101/images/sashimi/3502521.jpg,86,sashimi
data/raw/food101/food-101/images/sashimi/1726079.jpg,86,sashimi
data/raw/food101/food-101/images/sashimi/44037.jpg,86,sashimi
data/raw/food101/food-101/images/sashimi/1934618.jpg,86,sashimi
data/raw/food101/food-101/images/sashimi/548609.jpg,86,sashimi
data/raw/food101/food-101/images/sashimi/1149107.jpg,86,sashimi
data/raw/food101/food-101/images/sashimi/661827.jpg,86,sashimi
data/raw/food101/food-101/images/sashimi/3794408.jpg,86,sashimi
data/raw/food101/food-101/images/sashimi/774590.jpg,86,sashimi
data/raw/food101/food-101/images/sashimi/1974913.jpg,86,sashimi
data/raw/food101/food-101/images/sashimi/1109903.jpg,86,sashimi
data/raw/food101/food-101/images/sashimi/1729143.jpg,86,sashimi
data/raw/food101/food-101/images/sashimi/2755550.jpg,86,sashimi
data/raw/food101/food-101/images/sashimi/3659809.jpg,86,sashimi
data/raw/food101/food-101/images/sashimi/3619018.jpg,86,sashimi
data/raw/food101/food-101/images/sashimi/2979097.jpg,86,sashimi
data/raw/food101/food-101/images/sashimi/2630121.jpg,86,sashimi
data/raw/food101/food-101/images/sashimi/2243412.jpg,86,sashimi
data/raw/food101/food-101/images/sashimi/672405.jpg,86,sashimi
data/raw/food101/food-101/images/sashimi/558644.jpg,86,sashimi
data/raw/food101/food-101/images/sashimi/1251801.jpg,86,sashimi
data/raw/food101/food-101/images/scallops/3087585.jpg,87,scallops
data/raw/food101/food-101/images/scallops/2817297.jpg,87,scallops
data/raw/food101/food-101/images/scallops/691199.jpg,87,scallops
data/raw/food101/food-101/images/scallops/124155.jpg,87,scallops
data/raw/food101/food-101/images/scallops/571772.jpg,87,scallops
data/raw/food101/food-101/images/scallops/2591933.jpg,87,scallops
data/raw/food101/food-101/images/scallops/3287530.jpg,87,scallops
data/raw/food101/food-101/images/scallops/1179292.jpg,87,scallops
data/raw/food101/food-101/images/scallops/3587545.jpg,87,scallops
data/raw/food101/food-101/images/scallops/677469.jpg,87,scallops
data/raw/food101/food-101/images/scallops/1301811.jpg,87,scallops
data/raw/food101/food-101/images/scallops/973179.jpg,87,scallops
data/raw/food101/food-101/images/scallops/2436538.jpg,87,scallops
data/raw/food101/food-101/images/scallops/3755568.jpg,87,scallops
data/raw/food101/food-101/images/scallops/1924033.jpg,87,scallops
data/raw/food101/food-101/images/scallops/1554446.jpg,87,scallops
data/raw/food101/food-101/images/scallops/1449891.jpg,87,scallops
data/raw/food101/food-101/images/scallops/2416494.jpg,87,scallops
data/raw/food101/food-101/images/scallops/272946.jpg,87,scallops
data/raw/food101/food-101/images/scallops/2191185.jpg,87,scallops
data/raw/food101/food-101/images/scallops/2036649.jpg,87,scallops
data/raw/food101/food-101/images/scallops/3909095.jpg,87,scallops
data/raw/food101/food-101/images/scallops/3027947.jpg,87,scallops
data/raw/food101/food-101/images/scallops/34922.jpg,87,scallops
data/raw/food101/food-101/images/scallops/329392.jpg,87,scallops
data/raw/food101/food-101/images/scallops/42691.jpg,87,scallops
data/raw/food101/food-101/images/scallops/381411.jpg,87,scallops
data/raw/food101/food-101/images/scallops/1219055.jpg,87,scallops
data/raw/food101/food-101/images/scallops/179232.jpg,87,scallops
data/raw/food101/food-101/images/scallops/1448713.jpg,87,scallops
data/raw/food101/food-101/images/scallops/3078496.jpg,87,scallops
data/raw/food101/food-101/images/scallops/169901.jpg,87,scallops
data/raw/food101/food-101/images/scallops/978366.jpg,87,scallops
data/raw/food101/food-101/images/scallops/2892434.jpg,87,scallops
data/raw/food101/food-101/images/scallops/545459.jpg,87,scallops
data/raw/food101/food-101/images/scallops/184958.jpg,87,scallops
data/raw/food101/food-101/images/scallops/3609990.jpg,87,scallops
data/raw/food101/food-101/images/scallops/2926120.jpg,87,scallops
data/raw/food101/food-101/images/scallops/1792105.jpg,87,scallops
data/raw/food101/food-101/images/scallops/3847800.jpg,87,scallops
data/raw/food101/food-101/images/scallops/2856203.jpg,87,scallops
data/raw/food101/food-101/images/scallops/1421505.jpg,87,scallops
data/raw/food101/food-101/images/scallops/639649.jpg,87,scallops
data/raw/food101/food-101/images/scallops/2424716.jpg,87,scallops
data/raw/food101/food-101/images/scallops/425100.jpg,87,scallops
data/raw/food101/food-101/images/scallops/3093015.jpg,87,scallops
data/raw/food101/food-101/images/scallops/631854.jpg,87,scallops
data/raw/food101/food-101/images/scallops/2797181.jpg,87,scallops
data/raw/food101/food-101/images/scallops/2921626.jpg,87,scallops
data/raw/food101/food-101/images/scallops/1448173.jpg,87,scallops
data/raw/food101/food-101/images/scallops/3898179.jpg,87,scallops
data/raw/food101/food-101/images/scallops/3916978.jpg,87,scallops
data/raw/food101/food-101/images/scallops/1432931.jpg,87,scallops
data/raw/food101/food-101/images/scallops/3192459.jpg,87,scallops
data/raw/food101/food-101/images/scallops/1066334.jpg,87,scallops
data/raw/food101/food-101/images/scallops/780363.jpg,87,scallops
data/raw/food101/food-101/images/scallops/631946.jpg,87,scallops
data/raw/food101/food-101/images/scallops/995455.jpg,87,scallops
data/raw/food101/food-101/images/scallops/3109855.jpg,87,scallops
data/raw/food101/food-101/images/scallops/1243748.jpg,87,scallops
data/raw/food101/food-101/images/scallops/818127.jpg,87,scallops
data/raw/food101/food-101/images/scallops/263837.jpg,87,scallops
data/raw/food101/food-101/images/scallops/1857383.jpg,87,scallops
data/raw/food101/food-101/images/scallops/463295.jpg,87,scallops
data/raw/food101/food-101/images/scallops/3528680.jpg,87,scallops
data/raw/food101/food-101/images/scallops/2919403.jpg,87,scallops
data/raw/food101/food-101/images/scallops/1343535.jpg,87,scallops
data/raw/food101/food-101/images/scallops/376520.jpg,87,scallops
data/raw/food101/food-101/images/scallops/3565214.jpg,87,scallops
data/raw/food101/food-101/images/scallops/2951197.jpg,87,scallops
data/raw/food101/food-101/images/seaweed_salad/3541371.jpg,88,seaweed_salad
data/raw/food101/food-101/images/seaweed_salad/518717.jpg,88,seaweed_salad
data/raw/food101/food-101/images/seaweed_salad/1014295.jpg,88,seaweed_salad
data/raw/food101/food-101/images/seaweed_salad/1263074.jpg,88,seaweed_salad
data/raw/food101/food-101/images/seaweed_salad/2417030.jpg,88,seaweed_salad
data/raw/food101/food-101/images/seaweed_salad/3271811.jpg,88,seaweed_salad
data/raw/food101/food-101/images/seaweed_salad/2993126.jpg,88,seaweed_salad
data/raw/food101/food-101/images/seaweed_salad/403656.jpg,88,seaweed_salad
data/raw/food101/food-101/images/seaweed_salad/292452.jpg,88,seaweed_salad
data/raw/food101/food-101/images/seaweed_salad/614972.jpg,88,seaweed_salad
data/raw/food101/food-101/images/seaweed_salad/3072683.jpg,88,seaweed_salad
data/raw/food101/food-101/images/seaweed_salad/1675327.jpg,88,seaweed_salad
data/raw/food101/food-101/images/seaweed_salad/2149251.jpg,88,seaweed_salad
data/raw/food101/food-101/images/seaweed_salad/872546.jpg,88,seaweed_salad
data/raw/food101/food-101/images/seaweed_salad/556455.jpg,88,seaweed_salad
data/raw/food101/food-101/images/seaweed_salad/1546895.jpg,88,seaweed_salad
data/raw/food101/food-101/images/seaweed_salad/1283848.jpg,88,seaweed_salad
data/raw/food101/food-101/images/seaweed_salad/2970966.jpg,88,seaweed_salad
data/raw/food101/food-101/images/seaweed_salad/441102.jpg,88,seaweed_salad
data/raw/food101/food-101/images/seaweed_salad/398035.jpg,88,seaweed_salad
data/raw/food101/food-101/images/seaweed_salad/3000485.jpg,88,seaweed_salad
data/raw/food101/food-101/images/seaweed_salad/1961320.jpg,88,seaweed_salad
data/raw/food101/food-101/images/seaweed_salad/2245093.jpg,88,seaweed_salad
data/raw/food101/food-101/images/seaweed_salad/1693522.jpg,88,seaweed_salad
data/raw/food101/food-101/images/seaweed_salad/2581713.jpg,88,seaweed_salad
data/raw/food101/food-101/images/seaweed_salad/2194426.jpg,88,seaweed_salad
data/raw/food101/food-101/images/seaweed_salad/827864.jpg,88,seaweed_salad
data/raw/food101/food-101/images/seaweed_salad/211045.jpg,88,seaweed_salad
data/raw/food101/food-101/images/seaweed_salad/2246919.jpg,88,seaweed_salad
data/raw/food101/food-101/images/seaweed_salad/1514709.jpg,88,seaweed_salad
data/raw/food101/food-101/images/seaweed_salad/1377676.jpg,88,seaweed_salad
data/raw/food101/food-101/images/seaweed_salad/3140250.jpg,88,seaweed_salad
data/raw/food101/food-101/images/seaweed_salad/1754911.jpg,88,seaweed_salad
data/raw/food101/food-101/images/seaweed_salad/1563158.jpg,88,seaweed_salad
data/raw/food101/food-101/images/seaweed_salad/1283705.jpg,88,seaweed_salad
data/raw/food101/food-101/images/seaweed_salad/3481624.jpg,88,seaweed_salad
data/raw/food101/food-101/images/seaweed_salad/1494269.jpg,88,seaweed_salad
data/raw/food101/food-101/images/seaweed_salad/533338.jpg,88,seaweed_salad
data/raw/food101/food-101/images/seaweed_salad/2477005.jpg,88,seaweed_salad
data/raw/food101/food-101/images/seaweed_salad/1594016.jpg,88,seaweed_salad
data/raw/food101/food-101/images/seaweed_salad/2065825.jpg,88,seaweed_salad
data/raw/food101/food-101/images/seaweed_salad/1894810.jpg,88,seaweed_salad
data/raw/food101/food-101/images/seaweed_salad/2461754.jpg,88,seaweed_salad
data/raw/food101/food-101/images/seaweed_salad/912410.jpg,88,seaweed_salad
data/raw/food101/food-101/images/seaweed_salad/1592974.jpg,88,seaweed_salad
data/raw/food101/food-101/images/seaweed_salad/3478133.jpg,88,seaweed_salad
data/raw/food101/food-101/images/seaweed_salad/951838.jpg,88,seaweed_salad
data/raw/food101/food-101/images/seaweed_salad/1952244.jpg,88,seaweed_salad
data/raw/food101/food-101/images/seaweed_salad/506589.jpg,88,seaweed_salad
data/raw/food101/food-101/images/seaweed_salad/949702.jpg,88,seaweed_salad
data/raw/food101/food-101/images/seaweed_salad/1259237.jpg,88,seaweed_salad
data/raw/food101/food-101/images/seaweed_salad/1639296.jpg,88,seaweed_salad
data/raw/food101/food-101/images/seaweed_salad/2699615.jpg,88,seaweed_salad
data/raw/food101/food-101/images/seaweed_salad/97529.jpg,88,seaweed_salad
data/raw/food101/food-101/images/seaweed_salad/642427.jpg,88,seaweed_salad
data/raw/food101/food-101/images/seaweed_salad/3137107.jpg,88,seaweed_salad
data/raw/food101/food-101/images/seaweed_salad/3594631.jpg,88,seaweed_salad
data/raw/food101/food-101/images/seaweed_salad/1214867.jpg,88,seaweed_salad
data/raw/food101/food-101/images/seaweed_salad/2013621.jpg,88,seaweed_salad
data/raw/food101/food-101/images/seaweed_salad/85409.jpg,88,seaweed_salad
data/raw/food101/food-101/images/seaweed_salad/1543632.jpg,88,seaweed_salad
data/raw/food101/food-101/images/seaweed_salad/1066035.jpg,88,seaweed_salad
data/raw/food101/food-101/images/seaweed_salad/1684707.jpg,88,seaweed_salad
data/raw/food101/food-101/images/seaweed_salad/1687496.jpg,88,seaweed_salad
data/raw/food101/food-101/images/seaweed_salad/1237672.jpg,88,seaweed_salad
data/raw/food101/food-101/images/seaweed_salad/1407635.jpg,88,seaweed_salad
data/raw/food101/food-101/images/seaweed_salad/279085.jpg,88,seaweed_salad
data/raw/food101/food-101/images/seaweed_salad/325116.jpg,88,seaweed_salad
data/raw/food101/food-101/images/seaweed_salad/1261971.jpg,88,seaweed_salad
data/raw/food101/food-101/images/seaweed_salad/2979158.jpg,88,seaweed_salad
data/raw/food101/food-101/images/shrimp_and_grits/2182910.jpg,89,shrimp_and_grits
data/raw/food101/food-101/images/shrimp_and_grits/3426612.jpg,89,shrimp_and_grits
data/raw/food101/food-101/images/shrimp_and_grits/1745583.jpg,89,shrimp_and_grits
data/raw/food101/food-101/images/shrimp_and_grits/1729356.jpg,89,shrimp_and_grits
data/raw/food101/food-101/images/shrimp_and_grits/2394234.jpg,89,shrimp_and_grits
data/raw/food101/food-101/images/shrimp_and_grits/3881348.jpg,89,shrimp_and_grits
data/raw/food101/food-101/images/shrimp_and_grits/1831017.jpg,89,shrimp_and_grits
data/raw/food101/food-101/images/shrimp_and_grits/67825.jpg,89,shrimp_and_grits
data/raw/food101/food-101/images/shrimp_and_grits/863758.jpg,89,shrimp_and_grits
data/raw/food101/food-101/images/shrimp_and_grits/916436.jpg,89,shrimp_and_grits
data/raw/food101/food-101/images/shrimp_and_grits/712500.jpg,89,shrimp_and_grits
data/raw/food101/food-101/images/shrimp_and_grits/2915760.jpg,89,shrimp_and_grits
data/raw/food101/food-101/images/shrimp_and_grits/3770174.jpg,89,shrimp_and_grits
data/raw/food101/food-101/images/shrimp_and_grits/3104786.jpg,89,shrimp_and_grits
data/raw/food101/food-101/images/shrimp_and_grits/3021032.jpg,89,shrimp_and_grits
data/raw/food101/food-101/images/shrimp_and_grits/536108.jpg,89,shrimp_and_grits
data/raw/food101/food-101/images/shrimp_and_grits/935610.jpg,89,shrimp_and_grits
data/raw/food101/food-101/images/shrimp_and_grits/1797237.jpg,89,shrimp_and_grits
data/raw/food101/food-101/images/shrimp_and_grits/894844.jpg,89,shrimp_and_grits
data/raw/food101/food-101/images/shrimp_and_grits/2324679.jpg,89,shrimp_and_grits
data/raw/food101/food-101/images/shrimp_and_grits/3121882.jpg,89,shrimp_and_grits
data/raw/food101/food-101/images/shrimp_and_grits/1988065.jpg,89,shrimp_and_grits
data/raw/food101/food-101/images/shrimp_and_grits/953153.jpg,89,shrimp_and_grits
data/raw/food101/food-101/images/shrimp_and_grits/1871860.jpg,89,shrimp_and_grits
data/raw/food101/food-101/images/shrimp_and_grits/2577646.jpg,89,shrimp_and_grits
data/raw/food101/food-101/images/shrimp_and_grits/2966569.jpg,89,shrimp_and_grits
data/raw/food101/food-101/images/shrimp_and_grits/1159440.jpg,89,shrimp_and_grits
data/raw/food101/food-101/images/shrimp_and_grits/3916890.jpg,89,shrimp_and_grits
data/raw/food101/food-101/images/shrimp_and_grits/3061595.jpg,89,shrimp_and_grits
data/raw/food101/food-101/images/shrimp_and_grits/1151535.jpg,89,shrimp_and_grits
data/raw/food101/food-101/images/shrimp_and_grits/3086347.jpg,89,shrimp_and_grits
data/raw/food101/food-101/images/shrimp_and_grits/3411567.jpg,89,shrimp_and_grits
data/raw/food101/food-101/images/shrimp_and_grits/3482302.jpg,89,shrimp_and_grits
data/raw/food101/food-101/images/shrimp_and_grits/1217802.jpg,89,shrimp_and_grits
data/raw/food101/food-101/images/shrimp_and_grits/3026227.jpg,89,shrimp_and_grits
data/raw/food101/food-101/images/shrimp_and_grits/3673181.jpg,89,shrimp_and_grits
data/raw/food101/food-101/images/shrimp_and_grits/1306472.jpg,89,shrimp_and_grits
data/raw/food101/food-101/images/shrimp_and_grits/2537493.jpg,89,shrimp_and_grits
data/raw/food101/food-101/images/shrimp_and_grits/1667069.jpg,89,shrimp_and_grits
data/raw/food101/food-101/images/shrimp_and_grits/1092554.jpg,89,shrimp_and_grits
data/raw/food101/food-101/images/shrimp_and_grits/725965.jpg,89,shrimp_and_grits
data/raw/food101/food-101/images/shrimp_and_grits/3662538.jpg,89,shrimp_and_grits
data/raw/food101/food-101/images/shrimp_and_grits/2797598.jpg,89,shrimp_and_grits
data/raw/food101/food-101/images/shrimp_and_grits/396197.jpg,89,shrimp_and_grits
data/raw/food101/food-101/images/shrimp_and_grits/2846855.jpg,89,shrimp_and_grits
data/raw/food101/food-101/images/shrimp_and_grits/2878695.jpg,89,shrimp_and_grits
data/raw/food101/food-101/images/shrimp_and_grits/2868655.jpg,89,shrimp_and_grits
data/raw/food101/food-101/images/shrimp_and_grits/1919844.jpg,89,shrimp_and_grits
data/raw/food101/food-101/images/shrimp_and_grits/1471692.jpg,89,shrimp_and_grits
data/raw/food101/food-101/images/shrimp_and_grits/2404832.jpg,89,shrimp_and_grits
data/raw/food101/food-101/images/shrimp_and_grits/377314.jpg,89,shrimp_and_grits
data/raw/food101/food-101/images/shrimp_and_grits/1436675.jpg,89,shrimp_and_grits
data/raw/food101/food-101/images/shrimp_and_grits/1181165.jpg,89,shrimp_and_grits
data/raw/food101/food-101/images/shrimp_and_grits/2347989.jpg,89,shrimp_and_grits
data/raw/food101/food-101/images/shrimp_and_grits/238537.jpg,89,shrimp_and_grits
data/raw/food101/food-101/images/shrimp_and_grits/3644527.jpg,89,shrimp_and_grits
data/raw/food101/food-101/images/shrimp_and_grits/3761882.jpg,89,shrimp_and_grits
data/raw/food101/food-101/images/shrimp_and_grits/3590886.jpg,89,shrimp_and_grits
data/raw/food101/food-101/images/shrimp_and_grits/946408.jpg,89,shrimp_and_grits
data/raw/food101/food-101/images/shrimp_and_grits/1521861.jpg,89,shrimp_and_grits
data/raw/food101/food-101/images/shrimp_and_grits/1782401.jpg,89,shrimp_and_grits
data/raw/food101/food-101/images/shrimp_and_grits/786789.jpg,89,shrimp_and_grits
data/raw/food101/food-101/images/shrimp_and_grits/892884.jpg,89,shrimp_and_grits
data/raw/food101/food-101/images/shrimp_and_grits/1033632.jpg,89,shrimp_and_grits
data/raw/food101/food-101/images/shrimp_and_grits/1722031.jpg,89,shrimp_and_grits
data/raw/food101/food-101/images/shrimp_and_grits/3912135.jpg,89,shrimp_and_grits
data/raw/food101/food-101/images/shrimp_and_grits/3650467.jpg,89,shrimp_and_grits
data/raw/food101/food-101/images/shrimp_and_grits/406432.jpg,89,shrimp_and_grits
data/raw/food101/food-101/images/shrimp_and_grits/975393.jpg,89,shrimp_and_grits
data/raw/food101/food-101/images/shrimp_and_grits/1190182.jpg,89,shrimp_and_grits
data/raw/food101/food-101/images/spaghetti_bolognese/3011412.jpg,90,spaghetti_bolognese
data/raw/food101/food-101/images/spaghetti_bolognese/2588349.jpg,90,spaghetti_bolognese
data/raw/food101/food-101/images/spaghetti_bolognese/2219555.jpg,90,spaghetti_bolognese
data/raw/food101/food-101/images/spaghetti_bolognese/3528822.jpg,90,spaghetti_bolognese
data/raw/food101/food-101/images/spaghetti_bolognese/1359803.jpg,90,spaghetti_bolognese
data/raw/food101/food-101/images/spaghetti_bolognese/2000360.jpg,90,spaghetti_bolognese
data/raw/food101/food-101/images/spaghetti_bolognese/1775419.jpg,90,spaghetti_bolognese
data/raw/food101/food-101/images/spaghetti_bolognese/3035331.jpg,90,spaghetti_bolognese
data/raw/food101/food-101/images/spaghetti_bolognese/3439511.jpg,90,spaghetti_bolognese
data/raw/food101/food-101/images/spaghetti_bolognese/3135575.jpg,90,spaghetti_bolognese
data/raw/food101/food-101/images/spaghetti_bolognese/1981054.jpg,90,spaghetti_bolognese
data/raw/food101/food-101/images/spaghetti_bolognese/586631.jpg,90,spaghetti_bolognese
data/raw/food101/food-101/images/spaghetti_bolognese/3436132.jpg,90,spaghetti_bolognese
data/raw/food101/food-101/images/spaghetti_bolognese/248944.jpg,90,spaghetti_bolognese
data/raw/food101/food-101/images/spaghetti_bolognese/2825166.jpg,90,spaghetti_bolognese
data/raw/food101/food-101/images/spaghetti_bolognese/825402.jpg,90,spaghetti_bolognese
data/raw/food101/food-101/images/spaghetti_bolognese/717571.jpg,90,spaghetti_bolognese
data/raw/food101/food-101/images/spaghetti_bolognese/1482789.jpg,90,spaghetti_bolognese
data/raw/food101/food-101/images/spaghetti_bolognese/2312084.jpg,90,spaghetti_bolognese
data/raw/food101/food-101/images/spaghetti_bolognese/1680506.jpg,90,spaghetti_bolognese
data/raw/food101/food-101/images/spaghetti_bolognese/2385012.jpg,90,spaghetti_bolognese
data/raw/food101/food-101/images/spaghetti_bolognese/2385642.jpg,90,spaghetti_bolognese
data/raw/food101/food-101/images/spaghetti_bolognese/3809858.jpg,90,spaghetti_bolognese
data/raw/food101/food-101/images/spaghetti_bolognese/2329553.jpg,90,spaghetti_bolognese
data/raw/food101/food-101/images/spaghetti_bolognese/1331951.jpg,90,spaghetti_bolognese
data/raw/food101/food-101/images/spaghetti_bolognese/2227020.jpg,90,spaghetti_bolognese
data/raw/food101/food-101/images/spaghetti_bolognese/1547678.jpg,90,spaghetti_bolognese
data/raw/food101/food-101/images/spaghetti_bolognese/3248158.jpg,90,spaghetti_bolognese
data/raw/food101/food-101/images/spaghetti_bolognese/2480474.jpg,90,spaghetti_bolognese
data/raw/food101/food-101/images/spaghetti_bolognese/3411892.jpg,90,spaghetti_bolognese
data/raw/food101/food-101/images/spaghetti_bolognese/2504486.jpg,90,spaghetti_bolognese
data/raw/food101/food-101/images/spaghetti_bolognese/1547317.jpg,90,spaghetti_bolognese
data/raw/food101/food-101/images/spaghetti_bolognese/3793359.jpg,90,spaghetti_bolognese
data/raw/food101/food-101/images/spaghetti_bolognese/607575.jpg,90,spaghetti_bolognese
data/raw/food101/food-101/images/spaghetti_bolognese/3345444.jpg,90,spaghetti_bolognese
data/raw/food101/food-101/images/spaghetti_bolognese/1904995.jpg,90,spaghetti_bolognese
data/raw/food101/food-101/images/spaghetti_bolognese/2557173.jpg,90,spaghetti_bolognese
data/raw/food101/food-101/images/spaghetti_bolognese/568346.jpg,90,spaghetti_bolognese
data/raw/food101/food-101/images/spaghetti_bolognese/1104453.jpg,90,spaghetti_bolognese
data/raw/food101/food-101/images/spaghetti_bolognese/1778372.jpg,90,spaghetti_bolognese
data/raw/food101/food-101/images/spaghetti_bolognese/174504.jpg,90,spaghetti_bolognese
data/raw/food101/food-101/images/spaghetti_bolognese/590308.jpg,90,spaghetti_bolognese
data/raw/food101/food-101/images/spaghetti_bolognese/305086.jpg,90,spaghetti_bolognese
data/raw/food101/food-101/images/spaghetti_bolognese/1648402.jpg,90,spaghetti_bolognese
data/raw/food101/food-101/images/spaghetti_bolognese/3818065.jpg,90,spaghetti_bolognese
data/raw/food101/food-101/images/spaghetti_bolognese/863987.jpg,90,spaghetti_bolognese
data/raw/food101/food-101/images/spaghetti_bolognese/2113122.jpg,90,spaghetti_bolognese
data/raw/food101/food-101/images/spaghetti_bolognese/3398111.jpg,90,spaghetti_bolognese
data/raw/food101/food-101/images/spaghetti_bolognese/3587412.jpg,90,spaghetti_bolognese
data/raw/food101/food-101/images/spaghetti_bolognese/3508636.jpg,90,spaghetti_bolognese
data/raw/food101/food-101/images/spaghetti_bolognese/2173829.jpg,90,spaghetti_bolognese
data/raw/food101/food-101/images/spaghetti_bolognese/696772.jpg,90,spaghetti_bolognese
data/raw/food101/food-101/images/spaghetti_bolognese/3064377.jpg,90,spaghetti_bolognese
data/raw/food101/food-101/images/spaghetti_bolognese/3919695.jpg,90,spaghetti_bolognese
data/raw/food101/food-101/images/spaghetti_bolognese/3542134.jpg,90,spaghetti_bolognese
data/raw/food101/food-101/images/spaghetti_bolognese/1564223.jpg,90,spaghetti_bolognese
data/raw/food101/food-101/images/spaghetti_bolognese/850480.jpg,90,spaghetti_bolognese
data/raw/food101/food-101/images/spaghetti_bolognese/2568882.jpg,90,spaghetti_bolognese
data/raw/food101/food-101/images/spaghetti_bolognese/3669189.jpg,90,spaghetti_bolognese
data/raw/food101/food-101/images/spaghetti_bolognese/3833422.jpg,90,spaghetti_bolognese
data/raw/food101/food-101/images/spaghetti_bolognese/622061.jpg,90,spaghetti_bolognese
data/raw/food101/food-101/images/spaghetti_bolognese/2394603.jpg,90,spaghetti_bolognese
data/raw/food101/food-101/images/spaghetti_bolognese/386306.jpg,90,spaghetti_bolognese
data/raw/food101/food-101/images/spaghetti_bolognese/3270579.jpg,90,spaghetti_bolognese
data/raw/food101/food-101/images/spaghetti_bolognese/2333273.jpg,90,spaghetti_bolognese
data/raw/food101/food-101/images/spaghetti_bolognese/1770592.jpg,90,spaghetti_bolognese
data/raw/food101/food-101/images/spaghetti_bolognese/3289404.jpg,90,spaghetti_bolognese
data/raw/food101/food-101/images/spaghetti_bolognese/3622671.jpg,90,spaghetti_bolognese
data/raw/food101/food-101/images/spaghetti_bolognese/1932824.jpg,90,spaghetti_bolognese
data/raw/food101/food-101/images/spaghetti_bolognese/3616046.jpg,90,spaghetti_bolognese
data/raw/food101/food-101/images/spaghetti_carbonara/3246555.jpg,91,spaghetti_carbonara
data/raw/food101/food-101/images/spaghetti_carbonara/1972846.jpg,91,spaghetti_carbonara
data/raw/food101/food-101/images/spaghetti_carbonara/3088039.jpg,91,spaghetti_carbonara
data/raw/food101/food-101/images/spaghetti_carbonara/670426.jpg,91,spaghetti_carbonara
data/raw/food101/food-101/images/spaghetti_carbonara/1012273.jpg,91,spaghetti_carbonara
data/raw/food101/food-101/images/spaghetti_carbonara/3701013.jpg,91,spaghetti_carbonara
data/raw/food101/food-101/images/spaghetti_carbonara/3321443.jpg,91,spaghetti_carbonara
data/raw/food101/food-101/images/spaghetti_carbonara/1611082.jpg,91,spaghetti_carbonara
data/raw/food101/food-101/images/spaghetti_carbonara/2333067.jpg,91,spaghetti_carbonara
data/raw/food101/food-101/images/spaghetti_carbonara/3384136.jpg,91,spaghetti_carbonara
data/raw/food101/food-101/images/spaghetti_carbonara/2222201.jpg,91,spaghetti_carbonara
data/raw/food101/food-101/images/spaghetti_carbonara/2199275.jpg,91,spaghetti_carbonara
data/raw/food101/food-101/images/spaghetti_carbonara/587996.jpg,91,spaghetti_carbonara
data/raw/food101/food-101/images/spaghetti_carbonara/1170670.jpg,91,spaghetti_carbonara
data/raw/food101/food-101/images/spaghetti_carbonara/2256551.jpg,91,spaghetti_carbonara
data/raw/food101/food-101/images/spaghetti_carbonara/283797.jpg,91,spaghetti_carbonara
data/raw/food101/food-101/images/spaghetti_carbonara/3909736.jpg,91,spaghetti_carbonara
data/raw/food101/food-101/images/spaghetti_carbonara/2570737.jpg,91,spaghetti_carbonara
data/raw/food101/food-101/images/spaghetti_carbonara/1552479.jpg,91,spaghetti_carbonara
data/raw/food101/food-101/images/spaghetti_carbonara/3274108.jpg,91,spaghetti_carbonara
data/raw/food101/food-101/images/spaghetti_carbonara/656315.jpg,91,spaghetti_carbonara
data/raw/food101/food-101/images/spaghetti_carbonara/3713819.jpg,91,spaghetti_carbonara
data/raw/food101/food-101/images/spaghetti_carbonara/916755.jpg,91,spaghetti_carbonara
data/raw/food101/food-101/images/spaghetti_carbonara/1313027.jpg,91,spaghetti_carbonara
data/raw/food101/food-101/images/spaghetti_carbonara/2101506.jpg,91,spaghetti_carbonara
data/raw/food101/food-101/images/spaghetti_carbonara/2313796.jpg,91,spaghetti_carbonara
data/raw/food101/food-101/images/spaghetti_carbonara/2461341.jpg,91,spaghetti_carbonara
data/raw/food101/food-101/images/spaghetti_carbonara/2999193.jpg,91,spaghetti_carbonara
data/raw/food101/food-101/images/spaghetti_carbonara/1671632.jpg,91,spaghetti_carbonara
data/raw/food101/food-101/images/spaghetti_carbonara/1605830.jpg,91,spaghetti_carbonara
data/raw/food101/food-101/images/spaghetti_carbonara/1197729.jpg,91,spaghetti_carbonara
data/raw/food101/food-101/images/spaghetti_carbonara/1144341.jpg,91,spaghetti_carbonara
data/raw/food101/food-101/images/spaghetti_carbonara/387519.jpg,91,spaghetti_carbonara
data/raw/food101/food-101/images/spaghetti_carbonara/1857742.jpg,91,spaghetti_carbonara
data/raw/food101/food-101/images/spaghetti_carbonara/884965.jpg,91,spaghetti_carbonara
data/raw/food101/food-101/images/spaghetti_carbonara/2374924.jpg,91,spaghetti_carbonara
data/raw/food101/food-101/images/spaghetti_carbonara/3786894.jpg,91,spaghetti_carbonara
data/raw/food101/food-101/images/spaghetti_carbonara/3881300.jpg,91,spaghetti_carbonara
data/raw/food101/food-101/images/spaghetti_carbonara/2884930.jpg,91,spaghetti_carbonara
data/raw/food101/food-101/images/spaghetti_carbonara/675724.jpg,91,spaghetti_carbonara
data/raw/food101/food-101/images/spaghetti_carbonara/1546914.jpg,91,spaghetti_carbonara
data/raw/food101/food-101/images/spaghetti_carbonara/1031444.jpg,91,spaghetti_carbonara
data/raw/food101/food-101/images/spaghetti_carbonara/166320.jpg,91,spaghetti_carbonara
data/raw/food101/food-101/images/spaghetti_carbonara/379344.jpg,91,spaghetti_carbonara
data/raw/food101/food-101/images/spaghetti_carbonara/1359612.jpg,91,spaghetti_carbonara
data/raw/food101/food-101/images/spaghetti_carbonara/2656168.jpg,91,spaghetti_carbonara
data/raw/food101/food-101/images/spaghetti_carbonara/852457.jpg,91,spaghetti_carbonara
data/raw/food101/food-101/images/spaghetti_carbonara/187456.jpg,91,spaghetti_carbonara
data/raw/food101/food-101/images/spaghetti_carbonara/2161903.jpg,91,spaghetti_carbonara
data/raw/food101/food-101/images/spaghetti_carbonara/365217.jpg,91,spaghetti_carbonara
data/raw/food101/food-101/images/spaghetti_carbonara/1058150.jpg,91,spaghetti_carbonara
data/raw/food101/food-101/images/spaghetti_carbonara/1837523.jpg,91,spaghetti_carbonara
data/raw/food101/food-101/images/spaghetti_carbonara/2565552.jpg,91,spaghetti_carbonara
data/raw/food101/food-101/images/spaghetti_carbonara/2970701.jpg,91,spaghetti_carbonara
data/raw/food101/food-101/images/spaghetti_carbonara/3298793.jpg,91,spaghetti_carbonara
data/raw/food101/food-101/images/spaghetti_carbonara/2810969.jpg,91,spaghetti_carbonara
data/raw/food101/food-101/images/spaghetti_carbonara/861614.jpg,91,spaghetti_carbonara
data/raw/food101/food-101/images/spaghetti_carbonara/1766862.jpg,91,spaghetti_carbonara
data/raw/food101/food-101/images/spaghetti_carbonara/2176696.jpg,91,spaghetti_carbonara
data/raw/food101/food-101/images/spaghetti_carbonara/1720417.jpg,91,spaghetti_carbonara
data/raw/food101/food-101/images/spaghetti_carbonara/644201.jpg,91,spaghetti_carbonara
data/raw/food101/food-101/images/spaghetti_carbonara/3014184.jpg,91,spaghetti_carbonara
data/raw/food101/food-101/images/spaghetti_carbonara/2693871.jpg,91,spaghetti_carbonara
data/raw/food101/food-101/images/spaghetti_carbonara/2567706.jpg,91,spaghetti_carbonara
data/raw/food101/food-101/images/spaghetti_carbonara/1904405.jpg,91,spaghetti_carbonara
data/raw/food101/food-101/images/spaghetti_carbonara/2379505.jpg,91,spaghetti_carbonara
data/raw/food101/food-101/images/spaghetti_carbonara/905558.jpg,91,spaghetti_carbonara
data/raw/food101/food-101/images/spaghetti_carbonara/1271456.jpg,91,spaghetti_carbonara
data/raw/food101/food-101/images/spaghetti_carbonara/2182164.jpg,91,spaghetti_carbonara
data/raw/food101/food-101/images/spaghetti_carbonara/3074563.jpg,91,spaghetti_carbonara
data/raw/food101/food-101/images/spring_rolls/197.jpg,92,spring_rolls
data/raw/food101/food-101/images/spring_rolls/989498.jpg,92,spring_rolls
data/raw/food101/food-101/images/spring_rolls/3307458.jpg,92,spring_rolls
data/raw/food101/food-101/images/spring_rolls/3472162.jpg,92,spring_rolls
data/raw/food101/food-101/images/spring_rolls/1657207.jpg,92,spring_rolls
data/raw/food101/food-101/images/spring_rolls/1386235.jpg,92,spring_rolls
data/raw/food101/food-101/images/spring_rolls/1282941.jpg,92,spring_rolls
data/raw/food101/food-101/images/spring_rolls/854528.jpg,92,spring_rolls
data/raw/food101/food-101/images/spring_rolls/2494802.jpg,92,spring_rolls
data/raw/food101/food-101/images/spring_rolls/2271814.jpg,92,spring_rolls
data/raw/food101/food-101/images/spring_rolls/2206807.jpg,92,spring_rolls
data/raw/food101/food-101/images/spring_rolls/3106820.jpg,92,spring_rolls
data/raw/food101/food-101/images/spring_rolls/1170032.jpg,92,spring_rolls
data/raw/food101/food-101/images/spring_rolls/1821945.jpg,92,spring_rolls
data/raw/food101/food-101/images/spring_rolls/2056697.jpg,92,spring_rolls
data/raw/food101/food-101/images/spring_rolls/1762298.jpg,92,spring_rolls
data/raw/food101/food-101/images/spring_rolls/2962770.jpg,92,spring_rolls
data/raw/food101/food-101/images/spring_rolls/3006129.jpg,92,spring_rolls
data/raw/food101/food-101/images/spring_rolls/3293742.jpg,92,spring_rolls
data/raw/food101/food-101/images/spring_rolls/2354396.jpg,92,spring_rolls
data/raw/food101/food-101/images/spring_rolls/1586743.jpg,92,spring_rolls
data/raw/food101/food-101/images/spring_rolls/699548.jpg,92,spring_rolls
data/raw/food101/food-101/images/spring_rolls/1608023.jpg,92,spring_rolls
data/raw/food101/food-101/images/spring_rolls/1338468.jpg,92,spring_rolls
data/raw/food101/food-101/images/spring_rolls/3267476.jpg,92,spring_rolls
data/raw/food101/food-101/images/spring_rolls/1008736.jpg,92,spring_rolls
data/raw/food101/food-101/images/spring_rolls/1124584.jpg,92,spring_rolls
data/raw/food101/food-101/images/spring_rolls/1202113.jpg,92,spring_rolls
data/raw/food101/food-101/images/spring_rolls/2741314.jpg,92,spring_rolls
data/raw/food101/food-101/images/spring_rolls/3772788.jpg,92,spring_rolls
data/raw/food101/food-101/images/spring_rolls/638205.jpg,92,spring_rolls
data/raw/food101/food-101/images/spring_rolls/3433681.jpg,92,spring_rolls
data/raw/food101/food-101/images/spring_rolls/2687204.jpg,92,spring_rolls
data/raw/food101/food-101/images/spring_rolls/976164.jpg,92,spring_rolls
data/raw/food101/food-101/images/spring_rolls/2099195.jpg,92,spring_rolls
data/raw/food101/food-101/images/spring_rolls/1097540.jpg,92,spring_rolls
data/raw/food101/food-101/images/spring_rolls/790322.jpg,92,spring_rolls
data/raw/food101/food-101/images/spring_rolls/2358367.jpg,92,spring_rolls
data/raw/food101/food-101/images/spring_rolls/2385996.jpg,92,spring_rolls
data/raw/food101/food-101/images/spring_rolls/391304.jpg,92,spring_rolls
data/raw/food101/food-101/images/spring_rolls/995483.jpg,92,spring_rolls
data/raw/food101/food-101/images/spring_rolls/3313443.jpg,92,spring_rolls
data/raw/food101/food-101/images/spring_rolls/772681.jpg,92,spring_rolls
data/raw/food101/food-101/images/spring_rolls/1404212.jpg,92,spring_rolls
data/raw/food101/food-101/images/spring_rolls/646984.jpg,92,spring_rolls
data/raw/food101/food-101/images/spring_rolls/2140498.jpg,92,spring_rolls
data/raw/food101/food-101/images/spring_rolls/2264073.jpg,92,spring_rolls
data/raw/food101/food-101/images/spring_rolls/2530412.jpg,92,spring_rolls
data/raw/food101/food-101/images/spring_rolls/60844.jpg,92,spring_rolls
data/raw/food101/food-101/images/spring_rolls/3641101.jpg,92,spring_rolls
data/raw/food101/food-101/images/spring_rolls/2368157.jpg,92,spring_rolls
data/raw/food101/food-101/images/spring_rolls/3183680.jpg,92,spring_rolls
data/raw/food101/food-101/images/spring_rolls/189787.jpg,92,spring_rolls
data/raw/food101/food-101/images/spring_rolls/743407.jpg,92,spring_rolls
data/raw/food101/food-101/images/spring_rolls/2298911.jpg,92,spring_rolls
data/raw/food101/food-101/images/spring_rolls/1149329.jpg,92,spring_rolls
data/raw/food101/food-101/images/spring_rolls/376713.jpg,92,spring_rolls
data/raw/food101/food-101/images/spring_rolls/2780086.jpg,92,spring_rolls
data/raw/food101/food-101/images/spring_rolls/11193.jpg,92,spring_rolls
data/raw/food101/food-101/images/spring_rolls/2116119.jpg,92,spring_rolls
data/raw/food101/food-101/images/spring_rolls/520067.jpg,92,spring_rolls
data/raw/food101/food-101/images/spring_rolls/2379410.jpg,92,spring_rolls
data/raw/food101/food-101/images/spring_rolls/3121885.jpg,92,spring_rolls
data/raw/food101/food-101/images/spring_rolls/3011107.jpg,92,spring_rolls
data/raw/food101/food-101/images/spring_rolls/1425257.jpg,92,spring_rolls
data/raw/food101/food-101/images/spring_rolls/1720662.jpg,92,spring_rolls
data/raw/food101/food-101/images/spring_rolls/943962.jpg,92,spring_rolls
data/raw/food101/food-101/images/spring_rolls/1648666.jpg,92,spring_rolls
data/raw/food101/food-101/images/spring_rolls/2305630.jpg,92,spring_rolls
data/raw/food101/food-101/images/spring_rolls/1181067.jpg,92,spring_rolls
data/raw/food101/food-101/images/steak/1032846.jpg,93,steak
data/raw/food101/food-101/images/steak/3191589.jpg,93,steak
data/raw/food101/food-101/images/steak/285269.jpg,93,steak
data/raw/food101/food-101/images/steak/2988960.jpg,93,steak
data/raw/food101/food-101/images/steak/987732.jpg,93,steak
data/raw/food101/food-101/images/steak/400530.jpg,93,steak
data/raw/food101/food-101/images/steak/2796102.jpg,93,steak
data/raw/food101/food-101/images/steak/658189.jpg,93,steak
data/raw/food101/food-101/images/steak/2056627.jpg,93,steak
data/raw/food101/food-101/images/steak/13023.jpg,93,steak
data/raw/food101/food-101/images/steak/165639.jpg,93,steak
data/raw/food101/food-101/images/steak/931356.jpg,93,steak
data/raw/food101/food-101/images/steak/1966967.jpg,93,steak
data/raw/food101/food-101/images/steak/1482489.jpg,93,steak
data/raw/food101/food-101/images/steak/1118585.jpg,93,steak
data/raw/food101/food-101/images/steak/2629750.jpg,93,steak
data/raw/food101/food-101/images/steak/745189.jpg,93,steak
data/raw/food101/food-101/images/steak/3727491.jpg,93,steak
data/raw/food101/food-101/images/steak/1485083.jpg,93,steak
data/raw/food101/food-101/images/steak/703556.jpg,93,steak
data/raw/food101/food-101/images/steak/1872368.jpg,93,steak
data/raw/food101/food-101/images/steak/66858.jpg,93,steak
data/raw/food101/food-101/images/steak/2984679.jpg,93,steak
data/raw/food101/food-101/images/steak/2561199.jpg,93,steak
data/raw/food101/food-101/images/steak/2815172.jpg,93,steak
data/raw/food101/food-101/images/steak/2315295.jpg,93,steak
data/raw/food101/food-101/images/steak/2843725.jpg,93,steak
data/raw/food101/food-101/images/steak/3621464.jpg,93,steak
data/raw/food101/food-101/images/steak/2484823.jpg,93,steak
data/raw/food101/food-101/images/steak/2628106.jpg,93,steak
data/raw/food101/food-101/images/steak/2861000.jpg,93,steak
data/raw/food101/food-101/images/steak/2324994.jpg,93,steak
data/raw/food101/food-101/images/steak/1264154.jpg,93,steak
data/raw/food101/food-101/images/steak/2996324.jpg,93,steak
data/raw/food101/food-101/images/steak/673127.jpg,93,steak
data/raw/food101/food-101/images/steak/400951.jpg,93,steak
data/raw/food101/food-101/images/steak/3894222.jpg,93,steak
data/raw/food101/food-101/images/steak/1710569.jpg,93,steak
data/raw/food101/food-101/images/steak/763690.jpg,93,steak
data/raw/food101/food-101/images/steak/1826066.jpg,93,steak
data/raw/food101/food-101/images/steak/1816235.jpg,93,steak
data/raw/food101/food-101/images/steak/3577732.jpg,93,steak
data/raw/food101/food-101/images/steak/1550997.jpg,93,steak
data/raw/food101/food-101/images/steak/958704.jpg,93,steak
data/raw/food101/food-101/images/steak/3460673.jpg,93,steak
data/raw/food101/food-101/images/steak/1882831.jpg,93,steak
data/raw/food101/food-101/images/steak/1285886.jpg,93,steak
data/raw/food101/food-101/images/steak/644867.jpg,93,steak
data/raw/food101/food-101/images/steak/234704.jpg,93,steak
data/raw/food101/food-101/images/steak/1687010.jpg,93,steak
data/raw/food101/food-101/images/steak/2526838.jpg,93,steak
data/raw/food101/food-101/images/steak/401144.jpg,93,steak
data/raw/food101/food-101/images/steak/1068975.jpg,93,steak
data/raw/food101/food-101/images/steak/3576078.jpg,93,steak
data/raw/food101/food-101/images/steak/3424937.jpg,93,steak
data/raw/food101/food-101/images/steak/1147883.jpg,93,steak
data/raw/food101/food-101/images/steak/1327567.jpg,93,steak
data/raw/food101/food-101/images/steak/3663800.jpg,93,steak
data/raw/food101/food-101/images/steak/144370.jpg,93,steak
data/raw/food101/food-101/images/steak/184110.jpg,93,steak
data/raw/food101/food-101/images/steak/413497.jpg,93,steak
data/raw/food101/food-101/images/steak/1971757.jpg,93,steak
data/raw/food101/food-101/images/steak/3364420.jpg,93,steak
data/raw/food101/food-101/images/steak/3601483.jpg,93,steak
data/raw/food101/food-101/images/steak/231296.jpg,93,steak
data/raw/food101/food-101/images/steak/2140776.jpg,93,steak
data/raw/food101/food-101/images/steak/565095.jpg,93,steak
data/raw/food101/food-101/images/steak/3306627.jpg,93,steak
data/raw/food101/food-101/images/steak/2133717.jpg,93,steak
data/raw/food101/food-101/images/steak/1983405.jpg,93,steak
data/raw/food101/food-101/images/strawberry_shortcake/2004048.jpg,94,strawberry_shortcake
data/raw/food101/food-101/images/strawberry_shortcake/1805281.jpg,94,strawberry_shortcake
data/raw/food101/food-101/images/strawberry_shortcake/3828305.jpg,94,strawberry_shortcake
data/raw/food101/food-101/images/strawberry_shortcake/219189.jpg,94,strawberry_shortcake
data/raw/food101/food-101/images/strawberry_shortcake/527630.jpg,94,strawberry_shortcake
data/raw/food101/food-101/images/strawberry_shortcake/1613307.jpg,94,strawberry_shortcake
data/raw/food101/food-101/images/strawberry_shortcake/2020418.jpg,94,strawberry_shortcake
data/raw/food101/food-101/images/strawberry_shortcake/163213.jpg,94,strawberry_shortcake
data/raw/food101/food-101/images/strawberry_shortcake/2271614.jpg,94,strawberry_shortcake
data/raw/food101/food-101/images/strawberry_shortcake/1475818.jpg,94,strawberry_shortcake
data/raw/food101/food-101/images/strawberry_shortcake/3099063.jpg,94,strawberry_shortcake
data/raw/food101/food-101/images/strawberry_shortcake/958288.jpg,94,strawberry_shortcake
data/raw/food101/food-101/images/strawberry_shortcake/2571325.jpg,94,strawberry_shortcake
data/raw/food101/food-101/images/strawberry_shortcake/549978.jpg,94,strawberry_shortcake
data/raw/food101/food-101/images/strawberry_shortcake/347406.jpg,94,strawberry_shortcake
data/raw/food101/food-101/images/strawberry_shortcake/3377779.jpg,94,strawberry_shortcake
data/raw/food101/food-101/images/strawberry_shortcake/2282550.jpg,94,strawberry_shortcake
data/raw/food101/food-101/images/strawberry_shortcake/674554.jpg,94,strawberry_shortcake
data/raw/food101/food-101/images/strawberry_shortcake/1626654.jpg,94,strawberry_shortcake
data/raw/food101/food-101/images/strawberry_shortcake/574061.jpg,94,strawberry_shortcake
data/raw/food101/food-101/images/strawberry_shortcake/1879501.jpg,94,strawberry_shortcake
data/raw/food101/food-101/images/strawberry_shortcake/397562.jpg,94,strawberry_shortcake
data/raw/food101/food-101/images/strawberry_shortcake/673551.jpg,94,strawberry_shortcake
data/raw/food101/food-101/images/strawberry_shortcake/95103.jpg,94,strawberry_shortcake
data/raw/food101/food-101/images/strawberry_shortcake/463187.jpg,94,strawberry_shortcake
data/raw/food101/food-101/images/strawberry_shortcake/3873364.jpg,94,strawberry_shortcake
data/raw/food101/food-101/images/strawberry_shortcake/2926631.jpg,94,strawberry_shortcake
data/raw/food101/food-101/images/strawberry_shortcake/28276.jpg,94,strawberry_shortcake
data/raw/food101/food-101/images/strawberry_shortcake/293050.jpg,94,strawberry_shortcake
data/raw/food101/food-101/images/strawberry_shortcake/3430071.jpg,94,strawberry_shortcake
data/raw/food101/food-101/images/strawberry_shortcake/2307357.jpg,94,strawberry_shortcake
data/raw/food101/food-101/images/strawberry_shortcake/2312692.jpg,94,strawberry_shortcake
data/raw/food101/food-101/images/strawberry_shortcake/3661825.jpg,94,strawberry_shortcake
data/raw/food101/food-101/images/strawberry_shortcake/495796.jpg,94,strawberry_shortcake
data/raw/food101/food-101/images/strawberry_shortcake/1569205.jpg,94,strawberry_shortcake
data/raw/food101/food-101/images/strawberry_shortcake/614402.jpg,94,strawberry_shortcake
data/raw/food101/food-101/images/strawberry_shortcake/2328294.jpg,94,strawberry_shortcake
data/raw/food101/food-101/images/strawberry_shortcake/2063027.jpg,94,strawberry_shortcake
data/raw/food101/food-101/images/strawberry_shortcake/3187388.jpg,94,strawberry_shortcake
data/raw/food101/food-101/images/strawberry_shortcake/1249519.jpg,94,strawberry_shortcake
data/raw/food101/food-101/images/strawberry_shortcake/3566373.jpg,94,strawberry_shortcake
data/raw/food101/food-101/images/strawberry_shortcake/1653278.jpg,94,strawberry_shortcake
data/raw/food101/food-101/images/strawberry_shortcake/1956580.jpg,94,strawberry_shortcake
data/raw/food101/food-101/images/strawberry_shortcake/1222197.jpg,94,strawberry_shortcake
data/raw/food101/food-101/images/strawberry_shortcake/1731489.jpg,94,strawberry_shortcake
data/raw/food101/food-101/images/strawberry_shortcake/2904094.jpg,94,strawberry_shortcake
data/raw/food101/food-101/images/strawberry_shortcake/1024026.jpg,94,strawberry_shortcake
data/raw/food101/food-101/images/strawberry_shortcake/1957762.jpg,94,strawberry_shortcake
data/raw/food101/food-101/images/strawberry_shortcake/2391522.jpg,94,strawberry_shortcake
data/raw/food101/food-101/images/strawberry_shortcake/687980.jpg,94,strawberry_shortcake
data/raw/food101/food-101/images/strawberry_shortcake/1758516.jpg,94,strawberry_shortcake
data/raw/food101/food-101/images/strawberry_shortcake/1855825.jpg,94,strawberry_shortcake
data/raw/food101/food-101/images/strawberry_shortcake/687994.jpg,94,strawberry_shortcake
data/raw/food101/food-101/images/strawberry_shortcake/3712227.jpg,94,strawberry_shortcake
data/raw/food101/food-101/images/strawberry_shortcake/502661.jpg,94,strawberry_shortcake
data/raw/food101/food-101/images/strawberry_shortcake/3254989.jpg,94,strawberry_shortcake
data/raw/food101/food-101/images/strawberry_shortcake/1769943.jpg,94,strawberry_shortcake
data/raw/food101/food-101/images/strawberry_shortcake/463111.jpg,94,strawberry_shortcake
data/raw/food101/food-101/images/strawberry_shortcake/3780800.jpg,94,strawberry_shortcake
data/raw/food101/food-101/images/strawberry_shortcake/3715730.jpg,94,strawberry_shortcake
data/raw/food101/food-101/images/strawberry_shortcake/1226870.jpg,94,strawberry_shortcake
data/raw/food101/food-101/images/strawberry_shortcake/299628.jpg,94,strawberry_shortcake
data/raw/food101/food-101/images/strawberry_shortcake/375101.jpg,94,strawberry_shortcake
data/raw/food101/food-101/images/strawberry_shortcake/1850439.jpg,94,strawberry_shortcake
data/raw/food101/food-101/images/strawberry_shortcake/1687729.jpg,94,strawberry_shortcake
data/raw/food101/food-101/images/strawberry_shortcake/3632935.jpg,94,strawberry_shortcake
data/raw/food101/food-101/images/strawberry_shortcake/1342090.jpg,94,strawberry_shortcake
data/raw/food101/food-101/images/strawberry_shortcake/715221.jpg,94,strawberry_shortcake
data/raw/food101/food-101/images/strawberry_shortcake/2495944.jpg,94,strawberry_shortcake
data/raw/food101/food-101/images/strawberry_shortcake/3879328.jpg,94,strawberry_shortcake
data/raw/food101/food-101/images/sushi/1232051.jpg,95,sushi
data/raw/food101/food-101/images/sushi/72304.jpg,95,sushi
data/raw/food101/food-101/images/sushi/3157863.jpg,95,sushi
data/raw/food101/food-101/images/sushi/804460.jpg,95,sushi
data/raw/food101/food-101/images/sushi/3907879.jpg,95,sushi
data/raw/food101/food-101/images/sushi/953260.jpg,95,sushi
data/raw/food101/food-101/images/sushi/1994748.jpg,95,sushi
data/raw/food101/food-101/images/sushi/3324724.jpg,95,sushi
data/raw/food101/food-101/images/sushi/2242224.jpg,95,sushi
data/raw/food101/food-101/images/sushi/3140054.jpg,95,sushi
data/raw/food101/food-101/images/sushi/584916.jpg,95,sushi
data/raw/food101/food-101/images/sushi/2957199.jpg,95,sushi
data/raw/food101/food-101/images/sushi/1267200.jpg,95,sushi
data/raw/food101/food-101/images/sushi/2714892.jpg,95,sushi
data/raw/food101/food-101/images/sushi/569585.jpg,95,sushi
data/raw/food101/food-101/images/sushi/511665.jpg,95,sushi
data/raw/food101/food-101/images/sushi/1259816.jpg,95,sushi
data/raw/food101/food-101/images/sushi/1227636.jpg,95,sushi
data/raw/food101/food-101/images/sushi/3231443.jpg,95,sushi
data/raw/food101/food-101/images/sushi/185990.jpg,95,sushi
data/raw/food101/food-101/images/sushi/41250.jpg,95,sushi
data/raw/food101/food-101/images/sushi/182069.jpg,95,sushi
data/raw/food101/food-101/images/sushi/3360232.jpg,95,sushi
data/raw/food101/food-101/images/sushi/1615453.jpg,95,sushi
data/raw/food101/food-101/images/sushi/1926876.jpg,95,sushi
data/raw/food101/food-101/images/sushi/1174196.jpg,95,sushi
data/raw/food101/food-101/images/sushi/2849945.jpg,95,sushi
data/raw/food101/food-101/images/sushi/1325307.jpg,95,sushi
data/raw/food101/food-101/images/sushi/215265.jpg,95,sushi
data/raw/food101/food-101/images/sushi/11662.jpg,95,sushi
data/raw/food101/food-101/images/sushi/2603698.jpg,95,sushi
data/raw/food101/food-101/images/sushi/843894.jpg,95,sushi
data/raw/food101/food-101/images/sushi/3610011.jpg,95,sushi
data/raw/food101/food-101/images/sushi/2152906.jpg,95,sushi
data/raw/food101/food-101/images/sushi/624916.jpg,95,sushi
data/raw/food101/food-101/images/sushi/3276572.jpg,95,sushi
data/raw/food101/food-101/images/sushi/900178.jpg,95,sushi
data/raw/food101/food-101/images/sushi/1621516.jpg,95,sushi
data/raw/food101/food-101/images/sushi/3275168.jpg,95,sushi
data/raw/food101/food-101/images/sushi/1693204.jpg,95,sushi
data/raw/food101/food-101/images/sushi/3270423.jpg,95,sushi
data/raw/food101/food-101/images/sushi/608219.jpg,95,sushi
data/raw/food101/food-101/images/sushi/197383.jpg,95,sushi
data/raw/food101/food-101/images/sushi/1551817.jpg,95,sushi
data/raw/food101/food-101/images/sushi/506668.jpg,95,sushi
data/raw/food101/food-101/images/sushi/93876.jpg,95,sushi
data/raw/food101/food-101/images/sushi/2319882.jpg,95,sushi
data/raw/food101/food-101/images/sushi/2803739.jpg,95,sushi
data/raw/food101/food-101/images/sushi/844457.jpg,95,sushi
data/raw/food101/food-101/images/sushi/948335.jpg,95,sushi
data/raw/food101/food-101/images/sushi/840444.jpg,95,sushi
data/raw/food101/food-101/images/sushi/1811204.jpg,95,sushi
data/raw/food101/food-101/images/sushi/3491909.jpg,95,sushi
data/raw/food101/food-101/images/sushi/1120674.jpg,95,sushi
data/raw/food101/food-101/images/sushi/1226714.jpg,95,sushi
data/raw/food101/food-101/images/sushi/1296836.jpg,95,sushi
data/raw/food101/food-101/images/sushi/2120484.jpg,95,sushi
data/raw/food101/food-101/images/sushi/923340.jpg,95,sushi
data/raw/food101/food-101/images/sushi/2328605.jpg,95,sushi
data/raw/food101/food-101/images/sushi/769781.jpg,95,sushi
data/raw/food101/food-101/images/sushi/2970648.jpg,95,sushi
data/raw/food101/food-101/images/sushi/1330293.jpg,95,sushi
data/raw/food101/food-101/images/sushi/57230.jpg,95,sushi
data/raw/food101/food-101/images/sushi/1080963.jpg,95,sushi
data/raw/food101/food-101/images/sushi/2120972.jpg,95,sushi
data/raw/food101/food-101/images/sushi/757919.jpg,95,sushi
data/raw/food101/food-101/images/sushi/737630.jpg,95,sushi
data/raw/food101/food-101/images/sushi/1213593.jpg,95,sushi
data/raw/food101/food-101/images/sushi/1412702.jpg,95,sushi
data/raw/food101/food-101/images/sushi/548408.jpg,95,sushi
data/raw/food101/food-101/images/tacos/3773638.jpg,96,tacos
data/raw/food101/food-101/images/tacos/3232807.jpg,96,tacos
data/raw/food101/food-101/images/tacos/2067142.jpg,96,tacos
data/raw/food101/food-101/images/tacos/3576713.jpg,96,tacos
data/raw/food101/food-101/images/tacos/2974612.jpg,96,tacos
data/raw/food101/food-101/images/tacos/2430658.jpg,96,tacos
data/raw/food101/food-101/images/tacos/1070967.jpg,96,tacos
data/raw/food101/food-101/images/tacos/209939.jpg,96,tacos
data/raw/food101/food-101/images/tacos/3390162.jpg,96,tacos
data/raw/food101/food-101/images/tacos/706629.jpg,96,tacos
data/raw/food101/food-101/images/tacos/195011.jpg,96,tacos
data/raw/food101/food-101/images/tacos/448340.jpg,96,tacos
data/raw/food101/food-101/images/tacos/1033196.jpg,96,tacos
data/raw/food101/food-101/images/tacos/1832182.jpg,96,tacos
data/raw/food101/food-101/images/tacos/2133969.jpg,96,tacos
data/raw/food101/food-101/images/tacos/2242034.jpg,96,tacos
data/raw/food101/food-101/images/tacos/2194334.jpg,96,tacos
data/raw/food101/food-101/images/tacos/2837120.jpg,96,tacos
data/raw/food101/food-101/images/tacos/1066762.jpg,96,tacos
data/raw/food101/food-101/images/tacos/1729455.jpg,96,tacos
data/raw/food101/food-101/images/tacos/199784.jpg,96,tacos
data/raw/food101/food-101/images/tacos/574204.jpg,96,tacos
data/raw/food101/food-101/images/tacos/3110220.jpg,96,tacos
data/raw/food101/food-101/images/tacos/1591433.jpg,96,tacos
data/raw/food101/food-101/images/tacos/3313158.jpg,96,tacos
data/raw/food101/food-101/images/tacos/2291483.jpg,96,tacos
data/raw/food101/food-101/images/tacos/3151905.jpg,96,tacos
data/raw/food101/food-101/images/tacos/3723532.jpg,96,tacos
data/raw/food101/food-101/images/tacos/1189793.jpg,96,tacos
data/raw/food101/food-101/images/tacos/3152735.jpg,96,tacos
data/raw/food101/food-101/images/tacos/936041.jpg,96,tacos
data/raw/food101/food-101/images/tacos/3157053.jpg,96,tacos
data/raw/food101/food-101/images/tacos/1124625.jpg,96,tacos
data/raw/food101/food-101/images/tacos/127545.jpg,96,tacos
data/raw/food101/food-101/images/tacos/20532.jpg,96,tacos
data/raw/food101/food-101/images/tacos/2640146.jpg,96,tacos
data/raw/food101/food-101/images/tacos/54685.jpg,96,tacos
data/raw/food101/food-101/images/tacos/2069001.jpg,96,tacos
data/raw/food101/food-101/images/tacos/2971659.jpg,96,tacos
data/raw/food101/food-101/images/tacos/2148860.jpg,96,tacos
data/raw/food101/food-101/images/tacos/2359390.jpg,96,tacos
data/raw/food101/food-101/images/tacos/1812543.jpg,96,tacos
data/raw/food101/food-101/images/tacos/255748.jpg,96,tacos
data/raw/food101/food-101/images/tacos/1058697.jpg,96,tacos
data/raw/food101/food-101/images/tacos/2819834.jpg,96,tacos
data/raw/food101/food-101/images/tacos/3233123.jpg,96,tacos
data/raw/food101/food-101/images/tacos/3342706.jpg,96,tacos
data/raw/food101/food-101/images/tacos/1744745.jpg,96,tacos
data/raw/food101/food-101/images/tacos/911899.jpg,96,tacos
data/raw/food101/food-101/images/tacos/991261.jpg,96,tacos
data/raw/food101/food-101/images/tacos/300556.jpg,96,tacos
data/raw/food101/food-101/images/tacos/3230870.jpg,96,tacos
data/raw/food101/food-101/images/tacos/626618.jpg,96,tacos
data/raw/food101/food-101/images/tacos/2352451.jpg,96,tacos
data/raw/food101/food-101/images/tacos/337973.jpg,96,tacos
data/raw/food101/food-101/images/tacos/3905539.jpg,96,tacos
data/raw/food101/food-101/images/tacos/594811.jpg,96,tacos
data/raw/food101/food-101/images/tacos/2453875.jpg,96,tacos
data/raw/food101/food-101/images/tacos/2176466.jpg,96,tacos
data/raw/food101/food-101/images/tacos/1511713.jpg,96,tacos
data/raw/food101/food-101/images/tacos/527000.jpg,96,tacos
data/raw/food101/food-101/images/tacos/3595264.jpg,96,tacos
data/raw/food101/food-101/images/tacos/3606489.jpg,96,tacos
data/raw/food101/food-101/images/tacos/2177402.jpg,96,tacos
data/raw/food101/food-101/images/tacos/1412569.jpg,96,tacos
data/raw/food101/food-101/images/tacos/2067299.jpg,96,tacos
data/raw/food101/food-101/images/tacos/2597085.jpg,96,tacos
data/raw/food101/food-101/images/tacos/2673709.jpg,96,tacos
data/raw/food101/food-101/images/tacos/1812220.jpg,96,tacos
data/raw/food101/food-101/images/tacos/2125477.jpg,96,tacos
data/raw/food101/food-101/images/takoyaki/1555526.jpg,97,takoyaki
data/raw/food101/food-101/images/takoyaki/2958220.jpg,97,takoyaki
data/raw/food101/food-101/images/takoyaki/2993867.jpg,97,takoyaki
data/raw/food101/food-101/images/takoyaki/2033708.jpg,97,takoyaki
data/raw/food101/food-101/images/takoyaki/2922467.jpg,97,takoyaki
data/raw/food101/food-101/images/takoyaki/2036508.jpg,97,takoyaki
data/raw/food101/food-101/images/takoyaki/454978.jpg,97,takoyaki
data/raw/food101/food-101/images/takoyaki/1814190.jpg,97,takoyaki
data/raw/food101/food-101/images/takoyaki/1322881.jpg,97,takoyaki
data/raw/food101/food-101/images/takoyaki/1016334.jpg,97,takoyaki
data/raw/food101/food-101/images/takoyaki/3147814.jpg,97,takoyaki
data/raw/food101/food-101/images/takoyaki/2706237.jpg,97,takoyaki
data/raw/food101/food-101/images/takoyaki/489780.jpg,97,takoyaki
data/raw/food101/food-101/images/takoyaki/3027423.jpg,97,takoyaki
data/raw/food101/food-101/images/takoyaki/3837557.jpg,97,takoyaki
data/raw/food101/food-101/images/takoyaki/1232964.jpg,97,takoyaki
data/raw/food101/food-101/images/takoyaki/3150827.jpg,97,takoyaki
data/raw/food101/food-101/images/takoyaki/1113665.jpg,97,takoyaki
data/raw/food101/food-101/images/takoyaki/2605700.jpg,97,takoyaki
data/raw/food101/food-101/images/takoyaki/262385.jpg,97,takoyaki
data/raw/food101/food-101/images/takoyaki/982593.jpg,97,takoyaki
data/raw/food101/food-101/images/takoyaki/44652.jpg,97,takoyaki
data/raw/food101/food-101/images/takoyaki/942541.jpg,97,takoyaki
data/raw/food101/food-101/images/takoyaki/624997.jpg,97,takoyaki
data/raw/food101/food-101/images/takoyaki/1819298.jpg,97,takoyaki
data/raw/food101/food-101/images/takoyaki/1916883.jpg,97,takoyaki
data/raw/food101/food-101/images/takoyaki/3716689.jpg,97,takoyaki
data/raw/food101/food-101/images/takoyaki/2708607.jpg,97,takoyaki
data/raw/food101/food-101/images/takoyaki/1735246.jpg,97,takoyaki
data/raw/food101/food-101/images/takoyaki/2797249.jpg,97,takoyaki
data/raw/food101/food-101/images/takoyaki/2579163.jpg,97,takoyaki
data/raw/food101/food-101/images/takoyaki/18622.jpg,97,takoyaki
data/raw/food101/food-101/images/takoyaki/494914.jpg,97,takoyaki
data/raw/food101/food-101/images/takoyaki/3725131.jpg,97,takoyaki
data/raw/food101/food-101/images/takoyaki/612969.jpg,97,takoyaki
data/raw/food101/food-101/images/takoyaki/1921474.jpg,97,takoyaki
data/raw/food101/food-101/images/takoyaki/3387586.jpg,97,takoyaki
data/raw/food101/food-101/images/takoyaki/1767620.jpg,97,takoyaki
data/raw/food101/food-101/images/takoyaki/2005053.jpg,97,takoyaki
data/raw/food101/food-101/images/takoyaki/1839013.jpg,97,takoyaki
data/raw/food101/food-101/images/takoyaki/1625192.jpg,97,takoyaki
data/raw/food101/food-101/images/takoyaki/291515.jpg,97,takoyaki
data/raw/food101/food-101/images/takoyaki/3352249.jpg,97,takoyaki
data/raw/food101/food-101/images/takoyaki/2516718.jpg,97,takoyaki
data/raw/food101/food-101/images/takoyaki/3136714.jpg,97,takoyaki
data/raw/food101/food-101/images/takoyaki/1010258.jpg,97,takoyaki
data/raw/food101/food-101/images/takoyaki/1850795.jpg,97,takoyaki
data/raw/food101/food-101/images/takoyaki/199999.jpg,97,takoyaki
data/raw/food101/food-101/images/takoyaki/1025445.jpg,97,takoyaki
data/raw/food101/food-101/images/takoyaki/3064955.jpg,97,takoyaki
data/raw/food101/food-101/images/takoyaki/383274.jpg,97,takoyaki
data/raw/food101/food-101/images/takoyaki/3914860.jpg,97,takoyaki
data/raw/food101/food-101/images/takoyaki/3642161.jpg,97,takoyaki
data/raw/food101/food-101/images/takoyaki/830370.jpg,97,takoyaki
data/raw/food101/food-101/images/takoyaki/1408909.jpg,97,takoyaki
data/raw/food101/food-101/images/takoyaki/913724.jpg,97,takoyaki
data/raw/food101/food-101/images/takoyaki/508718.jpg,97,takoyaki
data/raw/food101/food-101/images/takoyaki/646207.jpg,97,takoyaki
data/raw/food101/food-101/images/takoyaki/3617237.jpg,97,takoyaki
data/raw/food101/food-101/images/takoyaki/2620430.jpg,97,takoyaki
data/raw/food101/food-101/images/takoyaki/455666.jpg,97,takoyaki
data/raw/food101/food-101/images/takoyaki/1296570.jpg,97,takoyaki
data/raw/food101/food-101/images/takoyaki/2422949.jpg,97,takoyaki
data/raw/food101/food-101/images/takoyaki/2012783.jpg,97,takoyaki
data/raw/food101/food-101/images/takoyaki/736144.jpg,97,takoyaki
data/raw/food101/food-101/images/takoyaki/1184113.jpg,97,takoyaki
data/raw/food101/food-101/images/takoyaki/3410154.jpg,97,takoyaki
data/raw/food101/food-101/images/takoyaki/2881604.jpg,97,takoyaki
data/raw/food101/food-101/images/takoyaki/211195.jpg,97,takoyaki
data/raw/food101/food-101/images/takoyaki/97911.jpg,97,takoyaki
data/raw/food101/food-101/images/tiramisu/222658.jpg,98,tiramisu
data/raw/food101/food-101/images/tiramisu/2711043.jpg,98,tiramisu
data/raw/food101/food-101/images/tiramisu/746685.jpg,98,tiramisu
data/raw/food101/food-101/images/tiramisu/2743459.jpg,98,tiramisu
data/raw/food101/food-101/images/tiramisu/3838062.jpg,98,tiramisu
data/raw/food101/food-101/images/tiramisu/1468595.jpg,98,tiramisu
data/raw/food101/food-101/images/tiramisu/929007.jpg,98,tiramisu
data/raw/food101/food-101/images/tiramisu/2469521.jpg,98,tiramisu
data/raw/food101/food-101/images/tiramisu/3576903.jpg,98,tiramisu
data/raw/food101/food-101/images/tiramisu/3742123.jpg,98,tiramisu
data/raw/food101/food-101/images/tiramisu/3800906.jpg,98,tiramisu
data/raw/food101/food-101/images/tiramisu/2029713.jpg,98,tiramisu
data/raw/food101/food-101/images/tiramisu/3914963.jpg,98,tiramisu
data/raw/food101/food-101/images/tiramisu/2849227.jpg,98,tiramisu
data/raw/food101/food-101/images/tiramisu/3508187.jpg,98,tiramisu
data/raw/food101/food-101/images/tiramisu/2282762.jpg,98,tiramisu
data/raw/food101/food-101/images/tiramisu/2507566.jpg,98,tiramisu
data/raw/food101/food-101/images/tiramisu/1166767.jpg,98,tiramisu
data/raw/food101/food-101/images/tiramisu/1590539.jpg,98,tiramisu
data/raw/food101/food-101/images/tiramisu/1454398.jpg,98,tiramisu
data/raw/food101/food-101/images/tiramisu/1514063.jpg,98,tiramisu
data/raw/food101/food-101/images/tiramisu/2778081.jpg,98,tiramisu
data/raw/food101/food-101/images/tiramisu/487955.jpg,98,tiramisu
data/raw/food101/food-101/images/tiramisu/1756241.jpg,98,tiramisu
data/raw/food101/food-101/images/tiramisu/1016527.jpg,98,tiramisu
data/raw/food101/food-101/images/tiramisu/63187.jpg,98,tiramisu
data/raw/food101/food-101/images/tiramisu/2186510.jpg,98,tiramisu
data/raw/food101/food-101/images/tiramisu/618123.jpg,98,tiramisu
data/raw/food101/food-101/images/tiramisu/3425740.jpg,98,tiramisu
data/raw/food101/food-101/images/tiramisu/1039481.jpg,98,tiramisu
data/raw/food101/food-101/images/tiramisu/1773621.jpg,98,tiramisu
data/raw/food101/food-101/images/tiramisu/2704239.jpg,98,tiramisu
data/raw/food101/food-101/images/tiramisu/1857712.jpg,98,tiramisu
data/raw/food101/food-101/images/tiramisu/2833120.jpg,98,tiramisu
data/raw/food101/food-101/images/tiramisu/2248973.jpg,98,tiramisu
data/raw/food101/food-101/images/tiramisu/710373.jpg,98,tiramisu
data/raw/food101/food-101/images/tiramisu/401614.jpg,98,tiramisu
data/raw/food101/food-101/images/tiramisu/2501459.jpg,98,tiramisu
data/raw/food101/food-101/images/tiramisu/3354103.jpg,98,tiramisu
data/raw/food101/food-101/images/tiramisu/2269367.jpg,98,tiramisu
data/raw/food101/food-101/images/tiramisu/2650931.jpg,98,tiramisu
data/raw/food101/food-101/images/tiramisu/1009109.jpg,98,tiramisu
data/raw/food101/food-101/images/tiramisu/183429.jpg,98,tiramisu
data/raw/food101/food-101/images/tiramisu/2743344.jpg,98,tiramisu
data/raw/food101/food-101/images/tiramisu/1026043.jpg,98,tiramisu
data/raw/food101/food-101/images/tiramisu/1108683.jpg,98,tiramisu
data/raw/food101/food-101/images/tiramisu/1340967.jpg,98,tiramisu
data/raw/food101/food-101/images/tiramisu/175719.jpg,98,tiramisu
data/raw/food101/food-101/images/tiramisu/2777427.jpg,98,tiramisu
data/raw/food101/food-101/images/tiramisu/2333760.jpg,98,tiramisu
data/raw/food101/food-101/images/tiramisu/2524000.jpg,98,tiramisu
data/raw/food101/food-101/images/tiramisu/316172.jpg,98,tiramisu
data/raw/food101/food-101/images/tiramisu/206668.jpg,98,tiramisu
data/raw/food101/food-101/images/tiramisu/2460811.jpg,98,tiramisu
data/raw/food101/food-101/images/tiramisu/1167528.jpg,98,tiramisu
data/raw/food101/food-101/images/tiramisu/3327995.jpg,98,tiramisu
data/raw/food101/food-101/images/tiramisu/2473828.jpg,98,tiramisu
data/raw/food101/food-101/images/tiramisu/528512.jpg,98,tiramisu
data/raw/food101/food-101/images/tiramisu/2396711.jpg,98,tiramisu
data/raw/food101/food-101/images/tiramisu/1291541.jpg,98,tiramisu
data/raw/food101/food-101/images/tiramisu/3008568.jpg,98,tiramisu
data/raw/food101/food-101/images/tiramisu/849295.jpg,98,tiramisu
data/raw/food101/food-101/images/tiramisu/3474385.jpg,98,tiramisu
data/raw/food101/food-101/images/tiramisu/2487807.jpg,98,tiramisu
data/raw/food101/food-101/images/tiramisu/793790.jpg,98,tiramisu
data/raw/food101/food-101/images/tiramisu/1945892.jpg,98,tiramisu
data/raw/food101/food-101/images/tiramisu/1109901.jpg,98,tiramisu
data/raw/food101/food-101/images/tiramisu/2248428.jpg,98,tiramisu
data/raw/food101/food-101/images/tiramisu/2646134.jpg,98,tiramisu
data/raw/food101/food-101/images/tiramisu/1807092.jpg,98,tiramisu
data/raw/food101/food-101/images/tuna_tartare/1751934.jpg,99,tuna_tartare
data/raw/food101/food-101/images/tuna_tartare/3896270.jpg,99,tuna_tartare
data/raw/food101/food-101/images/tuna_tartare/3752340.jpg,99,tuna_tartare
data/raw/food101/food-101/images/tuna_tartare/3491856.jpg,99,tuna_tartare
data/raw/food101/food-101/images/tuna_tartare/1298241.jpg,99,tuna_tartare
data/raw/food101/food-101/images/tuna_tartare/3368081.jpg,99,tuna_tartare
data/raw/food101/food-101/images/tuna_tartare/1822146.jpg,99,tuna_tartare
data/raw/food101/food-101/images/tuna_tartare/1552003.jpg,99,tuna_tartare
data/raw/food101/food-101/images/tuna_tartare/1263036.jpg,99,tuna_tartare
data/raw/food101/food-101/images/tuna_tartare/2309907.jpg,99,tuna_tartare
data/raw/food101/food-101/images/tuna_tartare/1827932.jpg,99,tuna_tartare
data/raw/food101/food-101/images/tuna_tartare/2013532.jpg,99,tuna_tartare
data/raw/food101/food-101/images/tuna_tartare/2153010.jpg,99,tuna_tartare
data/raw/food101/food-101/images/tuna_tartare/643050.jpg,99,tuna_tartare
data/raw/food101/food-101/images/tuna_tartare/1901994.jpg,99,tuna_tartare
data/raw/food101/food-101/images/tuna_tartare/168063.jpg,99,tuna_tartare
data/raw/food101/food-101/images/tuna_tartare/676601.jpg,99,tuna_tartare
data/raw/food101/food-101/images/tuna_tartare/2899088.jpg,99,tuna_tartare
data/raw/food101/food-101/images/tuna_tartare/1295868.jpg,99,tuna_tartare
data/raw/food101/food-101/images/tuna_tartare/702384.jpg,99,tuna_tartare
data/raw/food101/food-101/images/tuna_tartare/2822628.jpg,99,tuna_tartare
data/raw/food101/food-101/images/tuna_tartare/2692192.jpg,99,tuna_tartare
data/raw/food101/food-101/images/tuna_tartare/2817608.jpg,99,tuna_tartare
data/raw/food101/food-101/images/tuna_tartare/1268591.jpg,99,tuna_tartare
data/raw/food101/food-101/images/tuna_tartare/2481081.jpg,99,tuna_tartare
data/raw/food101/food-101/images/tuna_tartare/1392955.jpg,99,tuna_tartare
data/raw/food101/food-101/images/tuna_tartare/1651031.jpg,99,tuna_tartare
data/raw/food101/food-101/images/tuna_tartare/872104.jpg,99,tuna_tartare
data/raw/food101/food-101/images/tuna_tartare/99979.jpg,99,tuna_tartare
data/raw/food101/food-101/images/tuna_tartare/2196742.jpg,99,tuna_tartare
data/raw/food101/food-101/images/tuna_tartare/3169363.jpg,99,tuna_tartare
data/raw/food101/food-101/images/tuna_tartare/2640863.jpg,99,tuna_tartare
data/raw/food101/food-101/images/tuna_tartare/3746815.jpg,99,tuna_tartare
data/raw/food101/food-101/images/tuna_tartare/1738559.jpg,99,tuna_tartare
data/raw/food101/food-101/images/tuna_tartare/1101707.jpg,99,tuna_tartare
data/raw/food101/food-101/images/tuna_tartare/146831.jpg,99,tuna_tartare
data/raw/food101/food-101/images/tuna_tartare/3802461.jpg,99,tuna_tartare
data/raw/food101/food-101/images/tuna_tartare/567963.jpg,99,tuna_tartare
data/raw/food101/food-101/images/tuna_tartare/3529932.jpg,99,tuna_tartare
data/raw/food101/food-101/images/tuna_tartare/3282685.jpg,99,tuna_tartare
data/raw/food101/food-101/images/tuna_tartare/3696426.jpg,99,tuna_tartare
data/raw/food101/food-101/images/tuna_tartare/2813744.jpg,99,tuna_tartare
data/raw/food101/food-101/images/tuna_tartare/1959450.jpg,99,tuna_tartare
data/raw/food101/food-101/images/tuna_tartare/167047.jpg,99,tuna_tartare
data/raw/food101/food-101/images/tuna_tartare/3453980.jpg,99,tuna_tartare
data/raw/food101/food-101/images/tuna_tartare/2953800.jpg,99,tuna_tartare
data/raw/food101/food-101/images/tuna_tartare/615900.jpg,99,tuna_tartare
data/raw/food101/food-101/images/tuna_tartare/1397025.jpg,99,tuna_tartare
data/raw/food101/food-101/images/tuna_tartare/2756438.jpg,99,tuna_tartare
data/raw/food101/food-101/images/tuna_tartare/2116073.jpg,99,tuna_tartare
data/raw/food101/food-101/images/tuna_tartare/2132798.jpg,99,tuna_tartare
data/raw/food101/food-101/images/tuna_tartare/258596.jpg,99,tuna_tartare
data/raw/food101/food-101/images/tuna_tartare/2283802.jpg,99,tuna_tartare
data/raw/food101/food-101/images/tuna_tartare/2549766.jpg,99,tuna_tartare
data/raw/food101/food-101/images/tuna_tartare/482825.jpg,99,tuna_tartare
data/raw/food101/food-101/images/tuna_tartare/2623883.jpg,99,tuna_tartare
data/raw/food101/food-101/images/tuna_tartare/1073603.jpg,99,tuna_tartare
data/raw/food101/food-101/images/tuna_tartare/101595.jpg,99,tuna_tartare
data/raw/food101/food-101/images/tuna_tartare/3760623.jpg,99,tuna_tartare
data/raw/food101/food-101/images/tuna_tartare/960361.jpg,99,tuna_tartare
data/raw/food101/food-101/images/tuna_tartare/2398538.jpg,99,tuna_tartare
data/raw/food101/food-101/images/tuna_tartare/3546461.jpg,99,tuna_tartare
data/raw/food101/food-101/images/tuna_tartare/75677.jpg,99,tuna_tartare
data/raw/food101/food-101/images/tuna_tartare/3198714.jpg,99,tuna_tartare
data/raw/food101/food-101/images/tuna_tartare/365643.jpg,99,tuna_tartare
data/raw/food101/food-101/images/tuna_tartare/588667.jpg,99,tuna_tartare
data/raw/food101/food-101/images/tuna_tartare/986995.jpg,99,tuna_tartare
data/raw/food101/food-101/images/tuna_tartare/1516298.jpg,99,tuna_tartare
data/raw/food101/food-101/images/tuna_tartare/1333722.jpg,99,tuna_tartare
data/raw/food101/food-101/images/tuna_tartare/2718927.jpg,99,tuna_tartare
data/raw/food101/food-101/images/waffles/493293.jpg,100,waffles
data/raw/food101/food-101/images/waffles/644386.jpg,100,waffles
data/raw/food101/food-101/images/waffles/3155252.jpg,100,waffles
data/raw/food101/food-101/images/waffles/2600696.jpg,100,waffles
data/raw/food101/food-101/images/waffles/2303453.jpg,100,waffles
data/raw/food101/food-101/images/waffles/2176671.jpg,100,waffles
data/raw/food101/food-101/images/waffles/1740550.jpg,100,waffles
data/raw/food101/food-101/images/waffles/502002.jpg,100,waffles
data/raw/food101/food-101/images/waffles/1596095.jpg,100,waffles
data/raw/food101/food-101/images/waffles/2859801.jpg,100,waffles
data/raw/food101/food-101/images/waffles/3138.jpg,100,waffles
data/raw/food101/food-101/images/waffles/613189.jpg,100,waffles
data/raw/food101/food-101/images/waffles/1657253.jpg,100,waffles
data/raw/food101/food-101/images/waffles/584201.jpg,100,waffles
data/raw/food101/food-101/images/waffles/82242.jpg,100,waffles
data/raw/food101/food-101/images/waffles/1292687.jpg,100,waffles
data/raw/food101/food-101/images/waffles/3253682.jpg,100,waffles
data/raw/food101/food-101/images/waffles/1964332.jpg,100,waffles
data/raw/food101/food-101/images/waffles/1729046.jpg,100,waffles
data/raw/food101/food-101/images/waffles/1185489.jpg,100,waffles
data/raw/food101/food-101/images/waffles/3192145.jpg,100,waffles
data/raw/food101/food-101/images/waffles/3220321.jpg,100,waffles
data/raw/food101/food-101/images/waffles/6603.jpg,100,waffles
data/raw/food101/food-101/images/waffles/3844515.jpg,100,waffles
data/raw/food101/food-101/images/waffles/3554365.jpg,100,waffles
data/raw/food101/food-101/images/waffles/3922711.jpg,100,waffles
data/raw/food101/food-101/images/waffles/100242.jpg,100,waffles
data/raw/food101/food-101/images/waffles/1265284.jpg,100,waffles
data/raw/food101/food-101/images/waffles/3014777.jpg,100,waffles
data/raw/food101/food-101/images/waffles/211459.jpg,100,waffles
data/raw/food101/food-101/images/waffles/1973030.jpg,100,waffles
data/raw/food101/food-101/images/waffles/683460.jpg,100,waffles
data/raw/food101/food-101/images/waffles/549187.jpg,100,waffles
data/raw/food101/food-101/images/waffles/2317705.jpg,100,waffles
data/raw/food101/food-101/images/waffles/1820109.jpg,100,waffles
data/raw/food101/food-101/images/waffles/3306863.jpg,100,waffles
data/raw/food101/food-101/images/waffles/3598283.jpg,100,waffles
data/raw/food101/food-101/images/waffles/3168479.jpg,100,waffles
data/raw/food101/food-101/images/waffles/2136837.jpg,100,waffles
data/raw/food101/food-101/images/waffles/361476.jpg,100,waffles
data/raw/food101/food-101/images/waffles/305507.jpg,100,waffles
data/raw/food101/food-101/images/waffles/1005755.jpg,100,waffles
data/raw/food101/food-101/images/waffles/11088.jpg,100,waffles
data/raw/food101/food-101/images/waffles/2236814.jpg,100,waffles
data/raw/food101/food-101/images/waffles/2527419.jpg,100,waffles
data/raw/food101/food-101/images/waffles/2174566.jpg,100,waffles
data/raw/food101/food-101/images/waffles/1509171.jpg,100,waffles
data/raw/food101/food-101/images/waffles/1499279.jpg,100,waffles
data/raw/food101/food-101/images/waffles/2040739.jpg,100,waffles
data/raw/food101/food-101/images/waffles/3029709.jpg,100,waffles
data/raw/food101/food-101/images/waffles/2621994.jpg,100,waffles
data/raw/food101/food-101/images/waffles/2544151.jpg,100,waffles
data/raw/food101/food-101/images/waffles/1646170.jpg,100,waffles
data/raw/food101/food-101/images/waffles/248999.jpg,100,waffles
data/raw/food101/food-101/images/waffles/3308951.jpg,100,waffles
data/raw/food101/food-101/images/waffles/531515.jpg,100,waffles
data/raw/food101/food-101/images/waffles/902643.jpg,100,waffles
data/raw/food101/food-101/images/waffles/325349.jpg,100,waffles
data/raw/food101/food-101/images/waffles/774743.jpg,100,waffles
data/raw/food101/food-101/images/waffles/2755206.jpg,100,waffles
data/raw/food101/food-101/images/waffles/2084382.jpg,100,waffles
data/raw/food101/food-101/images/waffles/1612477.jpg,100,waffles
data/raw/food101/food-101/images/waffles/1203560.jpg,100,waffles
data/raw/food101/food-101/images/waffles/2972841.jpg,100,waffles
data/raw/food101/food-101/images/waffles/2470039.jpg,100,waffles
data/raw/food101/food-101/images/waffles/2527617.jpg,100,waffles
data/raw/food101/food-101/images/waffles/3046012.jpg,100,waffles
data/raw/food101/food-101/images/waffles/899761.jpg,100,waffles
data/raw/food101/food-101/images/waffles/3110211.jpg,100,waffles
data/raw/food101/food-101/images/waffles/1343475.jpg,100,waffles
